replication,placebo_att
1,3.5932630183766606e-4
2,-0.006742043285939534
3,-0.03747732524627547
4,0.1188503575773251
5,-0.054675465214322254
6,-0.03802328195590661
7,0.038413418408750434
8,-0.07568233350520237
9,-0.004066522847188142
10,-0.09454134749626422
11,-0.024673155819430723
12,-0.08367410346753286
13,-0.008673212390959223
14,-0.01487136185163794
15,0.02452283539651736
16,0.011724329486807104
17,-0.00762944652989574
18,-0.013088689869121296
19,-0.04366620387125737
20,-0.005620635688858268
21,0.0637944203570398
22,-0.02520883922357805
23,-0.00788516417723469
24,-0.09814967587061219
25,0.15926014542539355
26,0.11187086646261556
27,-0.1462953005656994
28,-0.10240504129299774
29,0.14213914910523529
30,-0.0852132655840837
31,-0.033609771658379806
32,-0.0335291238481524
33,-0.004345927603818842
34,-0.012065580433854181
35,0.008541500922022197
36,-0.02307278132888301
37,0.0033022564755511947
38,0.09941011261559608
39,0.03849154274422184
40,0.04514196678959184
41,0.1261282324285164
42,-0.06139702293511538
43,0.03479723717700428
44,0.006077125554305028
45,-0.01647340754452165
46,-0.030374586614991927
47,0.05241474803227611
48,0.08400964275040526
49,-0.04562342217696533
50,0.017276342183961273
51,-0.0170171113297825
52,0.04575762147150447
53,-0.08442808742398722
54,-0.042792562531140874
55,-0.05325948987017089
56,-0.0765436324139314
57,-0.0066510080544234206
58,-0.058529746998837826
59,0.030677506881811402
60,-0.02158484070070146
61,-0.014661638501068941
62,-0.10909138165239324
63,0.017925350238356827
64,-0.04510909594226477
65,0.054731561958105523
66,-0.01907828619922705
67,-5.948106930468364e-6
68,-0.019325305138151082
69,-0.025764165732220585
70,0.014883831488837106
71,0.030360516679402517
72,-0.060908080150283206
73,0.1466770385594925
74,0.10822343190520589
75,0.01851618660096206
76,0.033106233727913485
77,0.04681262092696628
78,0.055806522491407794
79,0.032640905679513034
80,0.0010616130834647363
81,0.01438944013100815
82,-0.056207016211712216
83,-0.024337345892752507
84,-0.009266768506251627
85,-0.010037311649167876
86,0.08997746471676629
87,8.119028015559325e-4
88,-0.029473989150742695
89,0.033545858714198476
90,0.026942439245218865
91,-0.015374256371492988
92,-0.008884237484834225
93,0.018238609876304237
94,-0.020752182871445545
95,-0.1105876665376016
96,0.0075516807948238715
97,0.0033929198012804087
98,0.02559136623549899
99,-0.007864071686438854
100,0.07540768366659893
101,-0.00904787938754195
102,0.09709040939649824
103,-0.11862240942681632
104,-0.013446709003317688
105,0.03969982080101621
106,-0.036172724924696774
107,0.039963987424913944
108,0.023362853367422314
109,-0.07295283682943346
110,0.009404924762743443
111,0.03914737478352051
112,-0.037677439636190774
113,0.05480551659740175
114,0.0669336738467569
115,-0.04038641344044541
116,-0.09371397406410667
117,-0.041396235653216075
118,-0.06416808622282386
119,-0.061574890482381094
120,-0.005435467333014393
121,-0.06875259539565794
122,0.0014088006412566502
123,0.06092296631543735
124,-0.037378197905153926
125,-0.015490203955623108
126,0.1021595683716381
127,0.06615338519595562
128,0.07207123817016717
129,0.0035733520175543383
130,-0.046310441620651864
131,0.018891309412375233
132,-0.08181344385322468
133,-0.0010853477791776256
134,0.037885222570935545
135,0.10302638279244972
136,0.025850207036428284
137,-0.07366854261315589
138,0.08276156207254348
139,-0.012554749807137347
140,-0.019660769661786634
141,0.032716740907795513
142,-0.024996009827414484
143,-0.0713958888041153
144,0.1099241212087679
145,-0.0481235105827666
146,-0.030943525637598425
147,0.06262407210711815
148,-0.01076086461603382
149,-0.056908735927629246
150,0.03356963096113991
151,0.014609645193540834
152,-0.010177824455908799
153,-0.009899473285052113
154,0.012824249533280194
155,-0.08249887528278414
156,-0.018247567034269437
157,-0.04653203717623614
158,-0.05923361125271927
159,0.04105517475522946
160,-0.0011144125930302555
161,-0.08588460699899589
162,0.00658329626531391
163,-0.0018738518460650055
164,0.03572107031917627
165,-0.10442558066813833
166,0.0015546208043637627
167,-0.09671266194238107
168,-0.01693893495481446
169,-0.052441570180602644
170,0.03781568313460329
171,0.041229351712239334
172,0.11771552189993147
173,-0.015354498611595196
174,0.028748471916640674
175,0.03680220359626514
176,0.040790382044400164
177,0.049846823727064046
178,0.019845520263593708
179,0.10966670366279171
180,-0.03371475911568583
181,0.11840029887164912
182,0.006083142377810328
183,-0.01516875935608536
184,0.028083261294548613
185,0.00366186113268252
186,0.04306234783295747
187,0.045185592184025666
188,-0.013545731640875823
189,0.016388665033495214
190,-0.04924099147987776
191,0.0660274967387191
192,0.08212792104391299
193,-0.05559475125262502
194,-0.04338326422108747
195,0.006268381218894888
196,-0.0040793495946351704
197,-0.08919319297232083
198,0.09541834691181988
199,-0.0780211838704325
200,0.09242649611698207
201,0.020767809321719566
202,0.01257215010172811
203,-0.002615448099197098
204,-0.02059516106585956
205,-0.0658328949721179
206,0.09507470901667234
207,0.050728876963644996
208,0.07498944323673447
209,-0.0817766034477782
210,-0.04942679132174663
211,-0.0117659382952549
212,-0.07518416713868209
213,0.11489597328528517
214,-0.015016558207371366
215,-0.06194807958727118
216,0.14109616594543337
217,0.001124898343517762
218,-0.14835760166256323
219,-0.03054935620026513
220,-0.00276564163511641
221,0.05306261974680293
222,0.029970079403772568
223,0.012805137022094824
224,0.07423985489696185
225,0.017763713467703945
226,-0.02371080072441264
227,0.01628617694274064
228,0.046159233566596514
229,-0.003924541102331909
230,-0.058143365625782276
231,-0.04106725986668483
232,-0.040768315188940155
233,-0.041524444922322726
234,-0.0679395859445381
235,-0.025825577404165384
236,-0.008210422248212224
237,0.024042179517090773
238,-0.09015056173286465
239,-0.13382108069962445
240,-0.01057108911128562
241,-0.03747819117398188
242,0.008678842725471057
243,-0.06683362436823036
244,0.11254766474714956
245,0.05569700505539399
246,0.018301137033229595
247,0.059246305527318514
248,-7.668642341402676e-4
249,0.06839791432986747
250,0.0537097776644161
251,-0.04160341651930598
252,0.004452322513663168
253,0.025146531417783134
254,0.01683342693686869
255,-0.009626272044522752
256,-0.06721286877279044
257,0.001205364610571297
258,0.05534808315252574
259,-0.014952397324835318
260,0.03209257761018049
261,0.006901327187229127
262,-0.05777570651445657
263,-0.024923662957503367
264,0.07734144950965507
265,-0.053013362040920366
266,0.0017582342937840258
267,0.0040055945814933235
268,-0.030445157208796137
269,0.06710769901026997
270,0.1293363432168769
271,0.05235349772911473
272,0.019226220915801787
273,0.11466109937547704
274,-0.011545611855039137
275,-0.11348255392642957
276,0.026201474595296217
277,0.007083290550104751
278,-0.1037347785549403
279,-0.04681007713587073
280,0.03962172658741285
281,0.06263460279555921
282,-0.04158331629891079
283,0.012581371173730562
284,0.0030368187602837736
285,-0.05462902203450525
286,0.040396916898324975
287,-0.029256298037797536
288,0.0646084225300311
289,-0.023214032640062866
290,-0.04149292510514017
291,-0.06386523641698699
292,-0.04555010777530297
293,0.04609425968834763
294,0.04887940334145699
295,-0.0562549396289206
296,-0.06133355031173922
297,0.04132281476879304
298,0.006799420014928165
299,-0.027085072189758353
300,0.04545536498119144
301,-0.020825282698189153
302,0.0934641329578883
303,-0.02230968940941564
304,-0.007308228810610575
305,0.027166257104787803
306,0.11794054066020257
307,-0.003071461594252318
308,0.07250408694610234
309,-0.09460337133190048
310,-0.09754927503645161
311,0.07995595323688498
312,0.024922438389235746
313,-0.0885691341385404
314,-0.006171666090272816
315,0.055286574441914135
316,0.022933523253430947
317,-0.020319625964756758
318,0.007573996855895221
319,0.04110329084354642
320,0.01069648690538767
321,-0.00566235432528029
322,-0.018832149925465926
323,0.04890400996239085
324,0.01780913441041489
325,0.04819905416254823
326,-0.01932106498358241
327,0.04895051502068897
328,0.03223111141947618
329,0.07572995526593758
330,0.028447226920817446
331,0.06362633597954326
332,-0.0373929528602221
333,-0.05585598456799099
334,0.06030462589829218
335,-0.031939092467081376
336,-0.021263889419755058
337,0.04352629994728659
338,0.04658277003612826
339,-0.05724296481822826
340,-0.07630766259888336
341,0.07830749377471463
342,0.007844571164580573
343,0.07161472785496775
344,-0.0779895769912001
345,0.06294178464935712
346,4.429225133712033e-4
347,0.012985416941022971
348,0.0040033105778723675
349,-0.015024336116698572
350,0.08773195194909084
351,-0.012853417875431462
352,-0.08138267911528566
353,0.03519476078407527
354,0.059085477261281
355,-0.02212522859105115
356,0.04278049533860002
357,0.008566052636888193
358,-0.0023876432268975893
359,0.01882280643965076
360,-0.008470058858962577
361,-0.06977350165587379
362,0.027568687056238866
363,-0.06625491543233172
364,0.013906571835258636
365,0.024937296478021852
366,-0.107567445187093
367,1.1918734976334999e-4
368,0.0035413970723025233
369,0.034951500660313474
370,-0.07886838712349319
371,-0.014948554899634856
372,0.028241850409587627
373,0.00912110336735535
374,-0.1047572701377904
375,0.03543464263465018
376,0.001878702812041626
377,-0.042548964237487025
378,-0.04553148368940176
379,0.024088178582200984
380,-0.03349543940396387
381,0.01787113224924926
382,0.0034502650726128473
383,0.02406065976557449
384,-0.024257218900513012
385,-0.06511997134634329
386,-0.017071984122344966
387,0.014046682090459688
388,0.009605691456709886
389,0.12492507320285261
390,0.020284708771001796
391,-0.020446708507191838
392,-0.0154421696021165
393,-0.052766617156977676
394,0.04297491150217506
395,0.0644198605673149
396,-0.030290902147309572
397,0.04950759265140681
398,-0.1091596742517783
399,-0.14344382275739048
400,0.011156729272614116
401,0.029267592781605067
402,0.001400746925439452
403,0.005848565542051626
404,-0.24881915845290492
405,-0.047155004252533356
406,0.019938019106447193
407,-0.128382800403755
408,0.028949263042959302
409,-0.02673148715340664
410,0.02930425831476304
411,-0.07330970827930858
412,-0.09644053457055096
413,-0.07297168184341594
414,5.904271842320508e-6
415,-0.06286688297895901
416,0.13665238580825656
417,-0.002501137658277537
418,0.04391588539470248
419,-8.841388904600039e-4
420,-0.0246104218948562
421,-0.07470902560734946
422,0.006218612363203703
423,0.004550832195146016
424,-0.022645586928886942
425,-0.002894988463733334
426,0.061326131186858555
427,-0.03426459151018399
428,0.026853281856438788
429,0.09087616017293076
430,-0.03272324578220767
431,-0.14152790274197471
432,0.06701359795789519
433,0.039514698965078546
434,0.03363982076356829
435,-0.05411156242095387
436,0.02537643241180755
437,-0.07692704808946936
438,-0.03275577341069463
439,0.07616198280900247
440,0.06254691375518112
441,0.026954232884454376
442,0.06878671224426776
443,0.0044038041379426
444,-0.022779442368602187
445,0.054662069661159246
446,0.06186959870909151
447,0.07779558005301605
448,0.08018723167143803
449,0.011621111992684471
450,-0.04186245839359674
451,0.056930258999495664
452,-0.08548138943504215
453,0.06491238527371092
454,0.005380365153218095
455,0.018707653602945178
456,-0.008989450157851187
457,-0.06403993333478293
458,-0.03937138758440923
459,-0.026119406121840064
460,0.016709727471965
461,0.028558350214426473
462,0.010871559592822194
463,0.04335163360111913
464,0.02033714295212933
465,-0.014104047906746766
466,-0.013712000981443501
467,-0.06650066871674873
468,0.005191203612436759
469,0.0642705269233162
470,-0.04832543724646379
471,0.04678785281940145
472,-0.008519399631366328
473,0.03250328885011887
474,-0.025346744166922813
475,0.119571862828367
476,-0.04561454352600277
477,0.05962650133214839
478,0.08450549248128207
479,0.08002946568292585
480,-0.01812609498215423
481,-0.004926397975093023
482,-0.02988624359242793
483,0.018110395247901045
484,-0.0542420063381431
485,0.07763926392277834
486,-0.0881299791331745
487,0.04116247132941181
488,0.015277825105839919
489,0.12574069381237937
490,0.011723124065461943
491,-0.04022365279458941
492,-0.05520744388318018
493,0.06998981871346763
494,-0.023362857267678963
495,0.07232112758645551
496,-0.01464945414400616
497,0.045714261503587234
498,0.02372581905900034
499,-0.09197074532711727
500,0.027922922869689313
501,0.02434515890498376
502,-0.08079479471648288
503,-0.044495297428737306
504,0.03494367168813328
505,-0.027118233866503215
506,-0.04613790854720406
507,0.03746334144527293
508,-0.015438425018856394
509,0.042776847877651125
510,0.013184271365680112
511,0.01271222965704957
512,-0.03987410329503907
513,0.02358711443892554
514,0.04378694711597114
515,0.02957191213213716
516,0.007871419015699793
517,0.059534147859216534
518,-0.020590477820555148
519,0.009159828843808532
520,0.00537712902813679
521,-0.0836096247990682
522,0.018476395557008106
523,0.013491794416134597
524,0.053343572318897664
525,0.02728004298093487
526,0.06641148745333561
527,0.012607283717789148
528,0.04903537903559037
529,0.08416470756155435
530,0.031477861585239957
531,-0.03384810226369552
532,-0.005457592398731271
533,-0.10782869170621531
534,-0.044602017738524576
535,0.1106338542995916
536,-0.032473175292918044
537,0.05249662602279643
538,-0.06125785793626706
539,-0.04814879938687727
540,0.11321269738448156
541,0.04893521478203565
542,-0.06665334152011891
543,-0.018701544874534543
544,-0.004577783804896895
545,0.015122664393721499
546,0.0546801490585602
547,0.006168742133257734
548,-0.09151902456723107
549,-0.03827349098196988
550,-0.005417655897637558
551,-0.030521450826038472
552,-0.050041891328668736
553,-0.10559456950640644
554,0.008831126457813455
555,0.05354839562323899
556,-0.042693700277568594
557,-0.009375587465953825
558,-0.04288442046857936
559,-0.14872693095050937
560,0.0017254621848439974
561,-0.005848888749555442
562,0.15283602198867097
563,-0.01985046453353224
564,0.007213986723332141
565,0.0600375931102835
566,-0.012049813528959912
567,-0.07344706507801299
568,-0.00720200554427492
569,0.026791788102032622
570,-0.017582238201527933
571,-0.09591966511871294
572,-0.0885218639663283
573,-0.13164502108632126
574,0.00442173981193901
575,0.0674142729118441
576,0.08420542410686019
577,-0.09169001563134321
578,0.02460850244462682
579,0.03697470684938012
580,-0.1026091697510973
581,0.02007177412846447
582,-0.023104753737889134
583,-0.044050684261274446
584,0.12536050633273238
585,0.013680027416674137
586,-0.056481809836363285
587,-0.006157774202372304
588,-0.026880535589292653
589,0.031495562510961014
590,-0.05530626510159082
591,-0.06291871996009575
592,0.025546030669670237
593,0.014498830166017806
594,-0.06603810720678235
595,-0.0864147677006802
596,-0.05220039786688638
597,0.05357408308945729
598,0.006613588095605081
599,0.11383080290972743
600,-0.043709155401147365
601,0.014139644461005848
602,-0.025480919918236825
603,0.007440184737731826
604,0.12746585467124136
605,0.004669312620235174
606,-0.0612956317555015
607,0.03400730559982159
608,0.04168151474706658
609,-0.0902196271706894
610,-0.12973131204835148
611,-0.023737896616073496
612,0.025473373680398467
613,0.06998082962710732
614,-0.016481056770259284
615,-0.0944984458292671
616,-0.041597627511871016
617,0.003658989102409807
618,0.06990364090627718
619,-0.008785376790122798
620,0.027692465081240656
621,0.1373059537723653
622,-0.05889297006285309
623,0.032141346788984476
624,0.01248113887049332
625,0.16144544295811203
626,0.027378723207293253
627,-0.041072051915723835
628,0.0352565418344243
629,0.010152419647970357
630,0.040697464907251735
631,0.07170873013307753
632,-0.1688922095076522
633,0.029950642546851716
634,0.01704571498578275
635,0.039417979851930185
636,0.048018583397359385
637,-0.09208514953665449
638,-0.04873069127368562
639,-0.02299166150399827
640,-0.026485241460222134
641,-0.024228122628960517
642,0.028009237680591027
643,-0.0628968875641092
644,0.007630189768747929
645,-0.040087379205662334
646,0.018820591048391296
647,0.040733130683928614
648,0.013740219094343692
649,-0.11910687269739073
650,0.08378844831377845
651,-0.020263890855797308
652,-0.07081816455709618
653,-0.10013326065286274
654,-0.15287016465563943
655,-0.001604994873614293
656,0.009721499167476506
657,0.06496420430999873
658,-0.028236069718220493
659,-0.035199094298745605
660,0.04083117945111215
661,0.15616055634047313
662,0.04908652219099408
663,-0.13047990092810846
664,-0.028340629081953048
665,-0.0730282678975814
666,-0.014770062157165162
667,0.06437255322371901
668,0.05859308719907877
669,-0.015491793041854567
670,0.048864919130533584
671,0.021341621796020248
672,0.008050815039778088
673,0.017810070297275934
674,-0.047368052440197594
675,-0.012259114784509072
676,-0.021849717029912893
677,-0.04515240439025718
678,0.05522819721584401
679,-0.01571129913264033
680,-0.010743495973997479
681,0.04270382777717395
682,-0.051117603539390946
683,-0.005144634843627802
684,0.057949737508500854
685,0.03926210985606886
686,0.04211802657001129
687,0.023599867956564005
688,0.04263877628032409
689,-0.133793902916975
690,0.007299225860242809
691,0.04497225677396094
692,0.0098644275038368
693,0.02434205773865757
694,0.0546813096250311
695,0.03814994741689542
696,-0.06366519471139097
697,0.017036803817543703
698,-0.05599146939835404
699,0.03687249420602612
700,-0.005574816768582425
701,-0.09368768656323843
702,0.03832554118406167
703,0.03989345013618813
704,0.0425090446735825
705,-0.06428825877875449
706,0.09568856527073713
707,-0.038497325646798815
708,0.03432946546439135
709,-0.10827353505547681
710,-0.040465641848098886
711,9.043639042236422e-4
712,0.09886642523090865
713,0.05614999705866846
714,0.07527998656809501
715,0.1116050923228682
716,-0.058318690473795266
717,0.028303330507638037
718,-3.6891671623236894e-4
719,0.0662699208029001
720,-0.11374116015088769
721,-0.010195991482047431
722,0.034849048427223805
723,0.07484603736690171
724,0.039714642379419914
725,0.021541172883691603
726,0.060895953521803554
727,0.03580503046706616
728,-0.006900007664499601
729,-0.025391856249769695
730,-0.08922196216119489
731,-0.019759916443532862
732,-0.07534589195876677
733,-0.0033447301172259084
734,0.016525014674300023
735,0.030167842845110517
736,0.03944697130030531
737,0.09392779786813096
738,-0.04165588887363603
739,0.055825421401591004
740,-0.11506775762967647
741,0.00773765364398803
742,0.05641147149958446
743,0.05634753311440063
744,0.04088954519378281
745,-0.02489667058687354
746,-0.03471041074487715
747,0.06187565448084835
748,0.03012016377217616
749,-0.0761948189853108
750,-0.008683901501191693
751,0.11944066022684163
752,-0.02944805586997632
753,-0.03319497610258256
754,-0.10783679803819667
755,0.028919777225844583
756,-0.047604728074988556
757,0.10914672585412752
758,0.07609770359750534
759,0.03830179267947977
760,0.04379679983693318
761,0.05917868426922654
762,0.0439958016860845
763,-0.020052480658986002
764,0.046842835979581235
765,0.08919725363924974
766,-1.4304469404089956e-4
767,-0.14413899574291508
768,0.07561315251257199
769,0.02237427915000863
770,0.033889017251819295
771,0.012157641580233282
772,-0.036245105719263815
773,0.03860681867832588
774,0.016446897493077664
775,9.00040451847859e-4
776,0.07851205549362955
777,0.04546632027948133
778,0.03145483705548767
779,0.11175987600911805
780,-0.0020028648020902935
781,-0.022834318580873345
782,0.10031970764484766
783,-0.11722934342541541
784,-0.033652035180637994
785,-0.020280378611739754
786,0.10261234721089771
787,0.023695224296654827
788,0.016474041485664375
789,-0.10115836256416513
790,0.043413485800101057
791,0.030731481816985137
792,-0.06176216426409553
793,-0.07144232062635385
794,-0.02289662709278538
795,-0.067585250171027
796,-0.040234406715371894
797,0.027750907628617125
798,0.04039869509255904
799,-0.05645280739838901
800,0.002231745583017455
801,0.08563620018527002
802,-0.0024568546942164687
803,-0.04973107356067898
804,-0.004233109730846157
805,0.004184916965278035
806,0.0696301510355434
807,0.13174492134009272
808,-0.04842074375645941
809,-0.026506063786895483
810,-0.11564172209184909
811,-0.009274775413865123
812,0.013250115731448284
813,-0.012319104295249374
814,0.015591742646557886
815,-0.0360374333414359
816,-0.05810302633194647
817,0.026095990456565552
818,0.13949993742384115
819,0.06310225160670038
820,0.038627781772140636
821,0.005192573988188953
822,0.03623870319469402
823,0.030619438370201917
824,-0.016306122621000604
825,-0.03781060728062364
826,-0.0049127368693898735
827,-0.04510630755751729
828,0.09734881151893325
829,-0.031998693415598106
830,-0.11431570174205737
831,0.07551826366791355
832,-0.0600650695940493
833,0.02995983940139823
834,0.07324966229304064
835,-0.008860622154630024
836,-0.026037145148574165
837,0.1260400502822457
838,-0.047076138602965195
839,-0.06002332825069333
840,0.1615094216937242
841,0.039997934909394864
842,0.02154484395824849
843,0.06401710896954663
844,-0.0172850305547581
845,0.011208701213274488
846,-0.039513284561022634
847,-0.06674766726159174
848,0.002265926178105287
849,-0.006436209284240836
850,-0.049105678883809255
851,0.12215661985172811
852,-0.11278877280393697
853,0.13687515368104491
854,0.07276084579594848
855,0.0026554193127768834
856,0.03090186970686605
857,-0.04111737548865413
858,0.02765751152238658
859,-0.07361540287077765
860,-0.03232232904675962
861,-0.04631341034959074
862,-0.02055772751493717
863,-0.036455714984916336
864,0.008227965707771345
865,-0.07278747813053238
866,0.06412912220656275
867,-0.054413966023624964
868,0.042502169071219696
869,-0.03656133689918621
870,-0.03492335679961348
871,-0.09995706889717659
872,-0.10795670427391704
873,0.06115741890377677
874,-0.047365657150107474
875,-0.016614455136473028
876,0.006858945142877215
877,0.03185346042817873
878,-0.04291974977855056
879,0.06005538585299559
880,0.03454138171708352
881,-0.06981893937722666
882,-0.03815507550553904
883,0.014266324174144866
884,0.009671013570516723
885,0.058144782717635776
886,0.022593208025533166
887,0.020393020982851215
888,0.030852398170592044
889,-0.007078870506474249
890,0.06075242712725751
891,0.004812471230064043
892,0.07828590471964074
893,-0.04378301231520203
894,-0.06206838905540681
895,-0.01757841462217543
896,0.05644419086891355
897,-0.02169810670203516
898,-0.003719458770359417
899,0.09752673731550261
900,0.007978706086135767
901,-0.04960977683356002
902,0.016011163068248117
903,0.005072337639947598
904,-0.035833133431221104
905,0.05093329005354814
906,-0.033244355920752866
907,-0.040522796826168564
908,-0.10411026700220907
909,-0.09528505522564779
910,-0.08175215772694627
911,0.0298200578361858
912,0.002712675450918485
913,-0.02308127269949392
914,0.07936694636729227
915,-0.06178632443422031
916,0.007973322316676478
917,0.11803113357775452
918,0.0256541765527934
919,-0.03152415909244404
920,-0.07015153015363446
921,0.04275937548886962
922,0.11205760989159673
923,-0.07920237374515021
924,0.012049653185865867
925,0.005826002488869254
926,0.01177640633652714
927,-0.05175195995203444
928,0.006399702762487152
929,-0.07159448230736166
930,-0.11807815919752981
931,-0.008450497455308802
932,-0.03565478032565341
933,-0.02016102187407508
934,-0.12170114813943336
935,-0.07380479580095917
936,-0.04509634440104759
937,0.11131682602004775
938,0.07002317722213132
939,-0.03386209195186308
940,0.06981787569216272
941,-0.08548090449539628
942,-0.08195284463632979
943,-0.04522433219260689
944,0.13310154906816277
945,-0.03389194709608252
946,-0.01041838656547497
947,0.021684986707349953
948,0.06181163812902832
949,0.012657824684927318
950,-0.004596729375306585
951,-0.020015941847822755
952,0.1544872565842026
953,0.04614755750637742
954,-0.05373169892568143
955,-0.006605720318961235
956,0.012230029425118926
957,0.03466429612597827
958,0.025671123333261093
959,5.705438850717587e-4
960,0.016224770281915508
961,0.05837570118138402
962,0.06522095611747583
963,-0.048960992527940006
964,-0.0417488308407372
965,-0.0012629279515243876
966,-0.08894895994927016
967,-0.051806279615624444
968,-0.05804628671541614
969,0.12240832961733078
970,0.049161791804698436
971,-0.06558507254302165
972,0.001218974459522432
973,-0.003237862963045408
974,-0.08869606678282299
975,-0.04214098435732187
976,0.06929145182413454
977,-0.0527574639317091
978,-0.13909594276170825
979,0.049549293300588576
980,0.05422044802610616
981,-0.010392592333572488
982,-0.039363389521768606
983,-0.08812131043905944
984,0.05771108785906626
985,-0.07887597949658835
986,-0.0077333255100642045
987,0.099679402512671
988,0.03319384814104036
989,-0.03820817517369912
990,0.010514203805500617
991,0.004361393332974351
992,-0.020723460069580542
993,-0.09675903837291773
994,-0.0015390879727388215
995,0.010325176629790059
996,-0.03189921331238779
997,0.041170958668550445
998,-0.0909253320097299
999,0.09154296492863179
1000,0.016860115335753736
1001,0.008047592612165628
1002,-0.02250633369802906
1003,0.10705748506007813
1004,0.10339970522013989
1005,0.07182690441752154
1006,-0.07906937371990062
1007,0.015210144630471545
1008,0.006174357573383834
1009,0.08548619799230871
1010,-0.06250922233915929
1011,-0.0262445182994466
1012,-0.09060906633194221
1013,0.06010739955621085
1014,-0.08756496671538493
1015,0.011027589695359247
1016,-0.010094012165156239
1017,0.11813829183839515
1018,-0.032754704163038016
1019,-0.07567650143404792
1020,0.05337875946564158
1021,-0.053635055322314384
1022,0.08700679121863122
1023,-0.06863194098458734
1024,-0.044200474695073586
1025,0.02817163259320419
1026,0.06973425642150882
1027,0.0010066604113539964
1028,-0.006074573090289831
1029,-0.011361383165843519
1030,-0.005210398838784965
1031,0.026177102175805815
1032,-0.033532609593517976
1033,0.07020245329290406
1034,0.10842524684588109
1035,0.05358086474152329
1036,0.11509404932105474
1037,-0.0426673346801492
1038,0.02053950164808794
1039,-0.0017440599815862184
1040,0.05713919435934195
1041,-0.02877352333152177
1042,-0.002554080152257804
1043,0.032680549069216316
1044,-0.03671574464687085
1045,0.031717398364994896
1046,0.030697919385000726
1047,-0.04017126391019199
1048,0.09717442517358685
1049,-0.010104209729956097
1050,0.0027496687622550198
1051,0.032534291730271385
1052,0.06435919092246298
1053,0.00692689627264406
1054,0.07026833869155069
1055,-5.666953932054637e-4
1056,0.10783613802938938
1057,-0.019997368356050017
1058,-0.08551091535615561
1059,0.028871048648247008
1060,-0.05677809349401528
1061,0.04023013005250145
1062,-0.03305311689674343
1063,0.04544672189880121
1064,0.035807388848301015
1065,0.035486860221450506
1066,-0.01417278236371659
1067,0.07973662165504927
1068,-0.08602216857112409
1069,-0.0060631066448073355
1070,0.07172272365596147
1071,0.04773728752631576
1072,-0.039154337518123396
1073,-0.043946811913740245
1074,0.014270044720852897
1075,-9.261029032795257e-4
1076,0.021447972114698635
1077,-0.07771006172856824
1078,-0.0958622303442204
1079,-0.014928913043419534
1080,0.08577791301193166
1081,-0.02713853991487957
1082,0.10455962269837907
1083,0.05190596488948671
1084,-0.0497007755898034
1085,-0.10565435104023234
1086,0.005154917756241367
1087,9.00619842380615e-4
1088,0.004753320901508944
1089,-0.006898028687388792
1090,-7.465556500046468e-4
1091,-0.00712824300791908
1092,0.016537639249735843
1093,0.012914819902022062
1094,-0.012031396465894153
1095,-0.001892257572416121
1096,-0.008527305785655727
1097,0.043687561182515745
1098,-0.050868510302670776
1099,0.07987976110194556
1100,-0.05230757691855831
1101,-0.11446532300768451
1102,-0.07339399003033785
1103,0.048035833154266586
1104,0.04748465727161176
1105,0.008974215864477438
1106,-0.05841300003590292
1107,-0.0681334376059657
1108,0.06983326503674776
1109,0.031472760583940995
1110,-0.06900353335957225
1111,-0.06864253170651764
1112,-0.0058997836435074604
1113,0.02164395332765828
1114,0.005725455586794779
1115,0.007842765940223751
1116,-0.05258715921947205
1117,-0.04050821217235719
1118,-0.11001587469714451
1119,-0.011925732086149287
1120,0.030188815629198305
1121,0.012744564884724044
1122,0.009197470550884542
1123,-0.05791669163853465
1124,-0.01599565125757573
1125,-0.0404456951890464
1126,-0.07949224294045462
1127,-0.0606593683667534
1128,-0.0038302154190497893
1129,-0.008273539042753904
1130,-0.08136748523332415
1131,-0.08763662469181195
1132,0.03699857921714784
1133,-0.01234430237928721
1134,-0.057813715930253765
1135,0.02608820473492379
1136,-0.006973775941102801
1137,0.021887320506747708
1138,-0.1129038733367358
1139,-0.021730414943861145
1140,0.005876018285838199
1141,0.016125009579541744
1142,0.019395608298499484
1143,-0.1346801986044487
1144,0.11701748505278481
1145,4.2823559938606477e-4
1146,0.05326904538008641
1147,0.04319261114275954
1148,-0.14816897866624268
1149,-0.004270479453168491
1150,-0.02262262956520447
1151,-0.014712516102480495
1152,0.010976315354718904
1153,-0.15627800096786454
1154,0.04965661678533485
1155,0.05238810884309365
1156,0.056841101044526575
1157,0.04444745324769487
1158,0.019788638114854665
1159,0.014602981521941182
1160,0.03485224185224859
1161,0.019817682307103172
1162,0.022033004351534668
1163,0.015391828409832475
1164,-0.08630120054097534
1165,0.04870333281919171
1166,-0.00817227801419321
1167,0.07427913262350194
1168,-0.07421278833605677
1169,0.003776490863206599
1170,-0.10653401855662611
1171,-0.028141987426129358
1172,-0.003350437724148758
1173,-0.07056479507050972
1174,-0.0602728540845002
1175,0.022360451095783544
1176,-0.08983737202625064
1177,0.01709242077055806
1178,0.025638913974544063
1179,-0.0025555832797611302
1180,0.05808933267544008
1181,-0.017361800903444382
1182,0.016687397064471074
1183,-0.032290448055057916
1184,-0.10744033083252569
1185,-0.11012090993225707
1186,-0.03478864596323819
1187,0.03937952849973268
1188,-0.038714327138962244
1189,0.020746064493500645
1190,0.06071090685601635
1191,-0.05122771427664267
1192,0.004348397870247257
1193,0.016595729140602457
1194,0.09813629369539072
1195,-0.0686687116196103
1196,0.006022822751583749
1197,-0.04512242441789989
1198,0.04226521358537887
1199,-0.03866654289737647
1200,0.09606931838311841
1201,-0.08864106727475467
1202,0.024061256850422964
1203,0.0020336546260365986
1204,0.07174767152435005
1205,0.028272490682621346
1206,0.009947986011799073
1207,-0.10229435064925013
1208,-1.1207038096513675e-4
1209,0.00575415422313897
1210,-0.11390345109938961
1211,-0.11876156478775261
1212,-0.01049067450953101
1213,0.007813599873021354
1214,0.10051086375746088
1215,-0.08260494032366247
1216,-0.055695461799544335
1217,0.007763673595765406
1218,0.0541921401299185
1219,0.031006384956281805
1220,-0.04655344432874186
1221,-0.00653043046942008
1222,-0.09867398245150924
1223,-0.021318206664185428
1224,0.03589234440765317
1225,-0.013326561930452735
1226,0.05073824758194723
1227,-0.01967070498980479
1228,0.03670038261094827
1229,0.095132272788044
1230,0.10035135681231137
1231,-0.014561955304454272
1232,-0.11808226930826385
1233,-0.006557486150059756
1234,-0.029932235810013377
1235,-0.032325427781848645
1236,-0.04044866050589507
1237,0.055344409348378074
1238,-0.025008030100140077
1239,-0.048799911102700724
1240,0.056398327366511826
1241,-0.024463893557881852
1242,0.05666832370413307
1243,0.08752309137510639
1244,-0.025320909178187058
1245,0.07905488290246346
1246,0.0012832840809569729
1247,0.039140406510802646
1248,0.06727738351613004
1249,0.03131475322580332
1250,-0.03696078391398369
1251,-0.031081373890860534
1252,-0.0926399024769532
1253,0.011711255541395672
1254,-0.08264756855826873
1255,-0.008889742973719302
1256,0.006051852853389508
1257,-0.01517982584682366
1258,0.10849791489016285
1259,0.05465227888999998
1260,-0.1766931199798328
1261,0.06240938072093089
1262,0.04872778607644926
1263,0.014813365183168642
1264,0.09648412458037164
1265,0.006251844409573135
1266,0.007932417691211315
1267,0.03860951192268046
1268,-0.033377906552524414
1269,-0.03452592801350207
1270,-0.007948625663472274
1271,-0.002338777050097683
1272,-0.02190996943543054
1273,0.011636024443689018
1274,-0.021756347141952542
1275,0.07545913635931832
1276,-0.05847420868144676
1277,0.0614035454573067
1278,0.013459266207123573
1279,-0.04951866379166526
1280,0.04717295039448325
1281,-0.046569666342765416
1282,0.0911999805782723
1283,-0.10824490564570874
1284,-0.007059709221652142
1285,0.04823133720965969
1286,0.012363578007108526
1287,-0.03949797515802134
1288,-0.003930358705173408
1289,-0.01356024717121218
1290,-0.02118523781772942
1291,0.10880581214081263
1292,-0.0699958985546667
1293,-0.13972074892727065
1294,-0.016032669324889236
1295,0.01388287664331041
1296,0.06520058227021285
1297,-0.02252131899460723
1298,3.3707638420706065e-4
1299,-0.0017298290628059015
1300,0.018786365323507883
1301,-0.010145901421636242
1302,-0.005761345912178958
1303,0.03969741860010905
1304,0.1080761994082832
1305,0.01432377519612959
1306,0.009358087707844756
1307,0.11404139550867451
1308,0.030080525910344467
1309,0.00739387970739812
1310,0.011729155024904223
1311,0.105900766780191
1312,0.05148924483916542
1313,0.10923355177675971
1314,-0.06754938859371404
1315,-0.03100729059989615
1316,-0.011437531310093542
1317,0.09730718686955006
1318,0.011876047479746629
1319,-0.1085788525051036
1320,0.004365167301179753
1321,0.017284470964422254
1322,-0.014005932983804842
1323,0.005186893315604062
1324,-2.630363517349549e-4
1325,-0.025529447474745087
1326,0.08623962590552173
1327,-0.04997619172271173
1328,-0.01627067664098955
1329,0.01818195076745343
1330,-0.001886276605638594
1331,0.006341336059305617
1332,-0.009878167299129562
1333,0.1625779224104169
1334,0.0681042271140788
1335,-0.038960012840631005
1336,-3.564688790581444e-4
1337,-0.02154737784969512
1338,0.08344163927691577
1339,0.07490609160338696
1340,-0.010227587470328581
1341,-0.029856291577073053
1342,0.002052878274587132
1343,0.025532324269598422
1344,0.017884158554434502
1345,-0.005519652823356829
1346,-0.07694281106425402
1347,-0.08224418527929336
1348,0.12482991573794176
1349,-0.04291577345515907
1350,0.024842306146639397
1351,0.053731169734401035
1352,-0.006091673478614369
1353,0.021830994171455502
1354,0.046146780176735645
1355,0.0859367304096936
1356,-0.03788553746847583
1357,-0.040935021594876095
1358,-0.0016420722182618822
1359,0.09683145905833403
1360,0.03603389881741821
1361,0.10832426161871679
1362,0.045240233734995125
1363,0.12184921727915195
1364,0.020330975942792373
1365,0.022276060109130174
1366,0.017913733204557903
1367,0.09817280908679031
1368,-0.06811007688288628
1369,0.016309601765956902
1370,-0.020685415832504793
1371,-0.005860358827625192
1372,-0.06635779341604474
1373,-0.020635094621563457
1374,-0.03126961353465485
1375,-0.014585371597372616
1376,-0.07606239720520318
1377,-0.004483154584856642
1378,-0.029779884204736096
1379,0.11700766159114688
1380,-0.035482310387783024
1381,0.04602796779393425
1382,-0.09815049378811405
1383,0.11731852735195629
1384,0.011403413524271818
1385,-0.013749907447886818
1386,-0.017288215860059686
1387,0.03051014045536998
1388,-0.035266393000303556
1389,0.0023001354442935447
1390,-0.03380430662382339
1391,-0.060189152987291994
1392,-0.04052923483390825
1393,-0.03410555850389487
1394,0.05792990738517069
1395,0.021348975680323123
1396,0.0392682898870524
1397,0.04358320869770289
1398,0.019877948814007392
1399,-0.007812978270691481
1400,-0.019495326973647815
1401,0.02109076277160996
1402,-0.03118371059679903
1403,0.03228835234027235
1404,0.047050386056480875
1405,-0.011469772160498184
1406,-0.015665450223724862
1407,-0.07803980627928045
1408,0.08025740103934381
1409,-0.044726629072920285
1410,-0.04653897442067957
1411,0.07426957833331357
1412,0.06399188303642736
1413,0.004035066857889829
1414,0.11834550767149217
1415,-0.032294423550925766
1416,-0.039184310565397
1417,0.04514261213222046
1418,-0.11831616257221783
1419,-0.02194237546612531
1420,0.029415045529118236
1421,0.05475306001435598
1422,7.278841433168491e-4
1423,-0.0832912372403454
1424,-0.044582756453493785
1425,0.013312790737002454
1426,0.04988927667828155
1427,-0.10117564882011393
1428,0.08745519918319876
1429,-0.04153958155905029
1430,0.04838539121470469
1431,0.021651643133118372
1432,0.10628742887474371
1433,-0.01200627294130744
1434,0.006178784532339176
1435,-0.02148736715255114
1436,0.0063627947076351915
1437,-0.009493594387151376
1438,-0.03573027637932916
1439,0.01935419764894708
1440,-0.0909147490225097
1441,0.1381719920308562
1442,0.0015925382476748105
1443,0.06215806708795704
1444,0.057617524505448964
1445,0.022195746284688563
1446,-0.20400113230894498
1447,0.023522656297481823
1448,0.012474548143318578
1449,-0.07832326982131434
1450,0.008504887175618824
1451,0.024773272296594127
1452,0.12333678083584493
1453,0.023752662061557475
1454,-0.0385980593632884
1455,0.0035829190211259243
1456,-0.09373950315714036
1457,0.11696751352246527
1458,-0.015524088656619733
1459,0.08547889577507431
1460,0.03675106707035571
1461,-0.01573797446027456
1462,-0.03912324854344851
1463,-0.046315293185570906
1464,0.02921387428647989
1465,-0.014864463952724227
1466,0.05306606694422151
1467,-0.035563108203336774
1468,-0.04842989001086082
1469,-0.048862498847453965
1470,-0.0304253580685381
1471,4.570140977309149e-4
1472,0.022146808802907352
1473,-0.011183451916765817
1474,-0.044046689222015864
1475,0.11023084662815444
1476,0.04231573370948015
1477,-0.011472301931517867
1478,0.02840464726121722
1479,-0.08410790902270737
1480,0.07975977863307573
1481,0.027484791581375016
1482,-0.07184234651452588
1483,0.007849526784609274
1484,-0.03137418427071367
1485,-0.01179741958230681
1486,0.015208453077906903
1487,0.004868274327723519
1488,0.00794537766627971
1489,0.10868086951539849
1490,-0.03879725482283125
1491,-0.017561911186174537
1492,0.05741473434670111
1493,0.09405596407958579
1494,0.04706266371573868
1495,0.03929008332220073
1496,-0.0047082868090637595
1497,0.062605587003463
1498,-0.1233286074003026
1499,-0.08921989493540447
1500,0.12750106423599616
1501,0.02213451198222484
1502,-0.0022743613600356496
1503,0.006299910719973236
1504,0.012015724309490992
1505,-0.07274039854669186
1506,0.02286546345727561
1507,0.11063283130360234
1508,0.043274244356629604
1509,0.012255765891464349
1510,-0.0010603270600451076
1511,-0.05705094559299764
1512,-0.01485445698498744
1513,-0.05013633892341489
1514,-0.03566426446145066
1515,-8.62132157435809e-5
1516,-0.010499562877360678
1517,5.743290848889276e-4
1518,-0.08450279058113193
1519,0.03186376919461498
1520,0.06627395110970745
1521,-0.005638329571331292
1522,0.11208280332863803
1523,-0.05055651900218646
1524,0.05766585197963213
1525,0.037175515703262725
1526,-0.03180997466708942
1527,-0.0024842941223596204
1528,0.04342495709955445
1529,-0.028217062834200543
1530,-0.021765978015151927
1531,-0.016942876201452118
1532,-0.04546785605764884
1533,-9.529282233117365e-4
1534,0.004655850212423046
1535,0.04437306437468864
1536,-0.1640578774163544
1537,-0.06182798064202725
1538,-0.03552811862217621
1539,0.05456037878065949
1540,-0.09962759611554851
1541,0.005561165437314587
1542,0.023295780284229864
1543,0.01301944371612934
1544,0.02903046237231613
1545,-0.06615665315793005
1546,-0.11089750138875654
1547,0.02354646661157688
1548,-0.05207068489616888
1549,-0.0183092408597932
1550,-0.030843880855809955
1551,-0.003899382479798076
1552,0.026668641254703487
1553,-0.10139777025892466
1554,-0.05420413907603139
1555,-0.027313513312020924
1556,-0.008641878283023732
1557,0.11345254150696564
1558,-0.00983338319970985
1559,-0.0046084990246268165
1560,0.04539457978129027
1561,-0.0039924728607607166
1562,0.06071265136892334
1563,0.010458098225392858
1564,-0.08853563028814035
1565,0.01982493874653763
1566,-0.005046147138211247
1567,-0.05965332789245709
1568,-0.009375008840957991
1569,-0.12588959723341048
1570,0.047497296423894365
1571,-0.0578651797910495
1572,0.05718316744460797
1573,-0.05825532461420276
1574,-0.10685369017441945
1575,0.05196370494293502
1576,0.07047296207156695
1577,0.004746105357453359
1578,-0.038963940638765175
1579,-0.009263364150526664
1580,0.03895422667074656
1581,0.050344409684991355
1582,-0.06494186852520936
1583,-0.04442397070723239
1584,0.06950901417800831
1585,0.09341078109617135
1586,0.010073312996973872
1587,0.06093594613528811
1588,-0.043995240118397866
1589,0.17821648898613185
1590,-0.01855871236743379
1591,0.05420066433063697
1592,0.10008669830252037
1593,-0.07016728731308544
1594,-0.04192670989547863
1595,0.06470149652490667
1596,-0.021200365317288833
1597,-0.011762375613372213
1598,-0.01794296942612833
1599,0.10779975714880102
1600,-0.057624376011097884
1601,0.05720404046219603
1602,0.002402413889344923
1603,-0.013596043611982514
1604,-0.057317887144201454
1605,0.06512381154375708
1606,-0.025981132717719853
1607,-0.014543137936504205
1608,0.018045917772252694
1609,0.005794598758657617
1610,-0.02669035733144785
1611,0.05872203619768534
1612,-0.01587666107528768
1613,-0.007934206274874466
1614,0.04059672476569143
1615,0.1052063416899455
1616,0.032422158161177696
1617,0.0880627406504443
1618,0.0368847491406898
1619,-0.005621410558694789
1620,0.07620900427591894
1621,-0.032710356843847654
1622,-0.015251641068113957
1623,0.048883839360255456
1624,0.12980693707919277
1625,-0.017407780856347106
1626,-0.054266560911237584
1627,0.007637069769000205
1628,0.0028607145501275202
1629,0.020929094497445906
1630,-0.004006160521534782
1631,0.04092519812729751
1632,0.0179937102582734
1633,-0.022011143081855724
1634,-0.03643859952993108
1635,-0.015833081903070926
1636,0.04768046481460053
1637,0.030114848678054654
1638,0.05633469025582569
1639,-0.10065106872871582
1640,0.05845719861541179
1641,-0.14493584700097514
1642,0.05453099827864664
1643,-0.013403647422370504
1644,0.0092240372402401
1645,-0.04514233800354951
1646,0.03377217422335354
1647,0.08775701153560232
1648,-0.06916722569848661
1649,0.03790181469681416
1650,-0.008241358930103783
1651,-0.055356373248472715
1652,9.439722673537029e-4
1653,0.05713655441935477
1654,-0.023413763571325567
1655,-0.13308265286108117
1656,0.03247475072624093
1657,-0.028488549533329764
1658,-0.024314224314213394
1659,0.0181051575724919
1660,0.053738854842396044
1661,0.08977897017431287
1662,-0.07717970994808405
1663,0.01044707598793637
1664,-0.03902837351223182
1665,-0.031875663340279366
1666,0.0035010731120444366
1667,0.11695486129050435
1668,0.13476843845438524
1669,0.08196155271248538
1670,-0.007821382070271107
1671,-0.01398769155215971
1672,-0.01800976806377868
1673,-0.08548563457196943
1674,0.03306285591891063
1675,-0.046125342872675085
1676,-0.009446694099850765
1677,-0.008364870895951147
1678,0.04808422991913683
1679,0.1365576595077254
1680,0.007954115930226971
1681,-0.07081574079817758
1682,0.074426031444228255
1683,-0.010609368690545871
1684,0.06387205813757789
1685,0.028297985594101613
1686,0.07537189640994948
1687,-0.058276372749249475
1688,0.02368334902026361
1689,-0.10418395567456253
1690,-0.08674918634714263
1691,-0.08509284598114583
1692,-0.05411995796713232
1693,0.04655251602195622
1694,-0.008890705177801984
1695,7.617284523561635e-4
1696,-0.09937579163696629
1697,0.048651809682399294
1698,-0.02997932138967359
1699,0.04118615975130926
1700,0.11675163682261222
1701,0.06076039858898567
1702,-0.041216011883573045
1703,0.04802141694934261
1704,0.007332695277584816
1705,-0.10920339343843331
1706,-0.07906653398796741
1707,-0.0393804760411868
1708,0.0952620121412433
1709,-0.043222347609858366
1710,0.1574759508843176
1711,-0.009409616077356964
1712,0.03648182029576194
1713,0.012386640304190354
1714,-0.036568170155488064
1715,0.007146793450792349
1716,0.04491944139845229
1717,0.02609065904380568
1718,-0.040299296702508314
1719,-0.031035768778914383
1720,0.017996784974919675
1721,-0.059224965615822266
1722,0.023639761272518104
1723,-0.06856393131409591
1724,0.06828350465566677
1725,0.0178835950743721
1726,-0.06754847732022767
1727,-0.017445661287836582
1728,0.04779146252716088
1729,-0.03601424417627017
1730,0.0321547434673664
1731,-0.017316768188294328
1732,0.10134665100689791
1733,-0.12110237397646077
1734,-0.03315945892514967
1735,0.04612390027771195
1736,0.016605521379510123
1737,-0.07581850988057799
1738,-0.01932299660384832
1739,0.03635814982061088
1740,-0.01615419899742631
1741,-0.04914025254107414
1742,0.0012577254668327477
1743,-0.04899684162073327
1744,-0.024421021325355802
1745,0.04127108034192886
1746,0.007549847356696056
1747,0.012384844923197656
1748,0.062779248577896
1749,0.038242318342552456
1750,0.03468501111486671
1751,0.11296321293701211
1752,0.06743766960798313
1753,-0.018948063198711045
1754,0.05040343402618567
1755,-0.05241490389274699
1756,-0.07009970901318613
1757,0.03942531015696129
1758,0.07637804077015156
1759,-0.0038597513285231764
1760,0.05023808289412594
1761,0.035191130212027036
1762,-0.05891306623858904
1763,-0.005102068368708114
1764,0.021353556306589548
1765,0.033416807452255406
1766,-0.014961138782442821
1767,0.04223138312901408
1768,-0.12575009106377705
1769,-0.12975760929210464
1770,0.005255870663860001
1771,-0.0934113775654345
1772,0.09127675895319412
1773,0.12903975109779514
1774,0.004460291520916661
1775,0.016491107510193073
1776,0.10544624784791722
1777,0.008165305485219964
1778,0.012323678793663431
1779,-0.01079440618527119
1780,0.0671394114795588
1781,0.09374299330135491
1782,0.039390656650817334
1783,-0.06682842320861218
1784,0.0971042344177864
1785,-0.018102832884676838
1786,0.07632797002912341
1787,-0.10007451860321027
1788,0.024117741736866965
1789,-0.08534235932241913
1790,0.04480255545638338
1791,-0.05606530848105841
1792,-0.03984902737949128
1793,-0.007801023715214007
1794,0.06160290467424693
1795,0.041911601213280664
1796,-0.06730713858451777
1797,-0.03660549768122079
1798,0.054451230496796205
1799,0.06892181885673106
1800,-0.04405027819187623
1801,0.05047665338671309
1802,-0.028658073368040854
1803,-0.046267892416721884
1804,0.011697769892542328
1805,-0.11635435947699962
1806,1.977805131911578e-4
1807,-0.05733887316040213
1808,0.021906974289678915
1809,-0.020188910206589368
1810,-0.051393495685417255
1811,-0.014483757393060636
1812,0.10430629992090966
1813,0.009703292120808341
1814,-0.03400320221646823
1815,0.04419591793129639
1816,0.11920320835050341
1817,0.03170535087131046
1818,0.06971393406600807
1819,0.0059208923867200575
1820,0.015179430267790478
1821,0.029933412854898138
1822,0.018522847473707398
1823,-0.018390982755774832
1824,0.06433048574577069
1825,-0.06842314277989185
1826,-0.0956727156764107
1827,-0.18915650235036066
1828,0.031499344455668224
1829,-0.02324144808184321
1830,-0.015630028921762545
1831,-0.06788341801417712
1832,-0.011434150426377219
1833,0.07531544262070619
1834,0.016752975619313673
1835,-0.037530556189114224
1836,0.08157143483324308
1837,-0.0037626881593660435
1838,-0.006185625999572779
1839,-0.04197561279451274
1840,0.10595371861682934
1841,0.02995898790782123
1842,-0.03266179666916755
1843,0.03063383806489763
1844,0.08189934988395502
1845,-0.020594471028784006
1846,-0.026578530628237736
1847,-0.08068213799361457
1848,-0.028416815671538906
1849,0.018847298434871568
1850,-0.05747790500696888
1851,-0.04196632594615428
1852,-0.03755105863277772
1853,-0.10246861134496188
1854,-0.10418915595972111
1855,0.028845662054763008
1856,-0.017489504994425486
1857,-0.06644112424892051
1858,-0.013215757629738676
1859,0.09677258923957228
1860,0.011866302586112886
1861,0.16502107913226347
1862,-0.022805852597018242
1863,-0.005071848751173058
1864,0.008503552040370626
1865,0.07910224670427685
1866,-0.05338834876195389
1867,-0.039940635554947965
1868,0.030047995541069933
1869,-0.02383231408940127
1870,-0.01570924751358954
1871,-0.04563868093662385
1872,0.07188887027005456
1873,-0.03334511148533357
1874,-0.057809925776355686
1875,0.06999345747449448
1876,0.029756926760450726
1877,0.05260296994550372
1878,-0.08611703414604534
1879,-0.04560046185632705
1880,0.057148048047269535
1881,0.06618481631052517
1882,-0.01528242783909748
1883,0.05602435691906929
1884,-0.058896202709870955
1885,0.03272062822548477
1886,0.07018809302763308
1887,-0.01514662477251179
1888,-0.03516334953477063
1889,0.08232187669491282
1890,0.012593699558131173
1891,-0.05040087004692834
1892,0.003191847448581992
1893,-0.003832739060376721
1894,-0.011494760645970855
1895,0.03741084028179062
1896,0.02637593606775963
1897,-0.05496444329407364
1898,-0.0891659728329117
1899,-0.051296292398365397
1900,0.06963336455960337
1901,0.11014257542042345
1902,0.03811395083280231
1903,0.005539954447495619
1904,0.05294281210601466
1905,1.3952243502227124e-4
1906,0.0045772796342108905
1907,-0.05318833467012312
1908,-0.001786029893884442
1909,-0.012949435412425075
1910,0.08062348630570787
1911,-0.14731464912975287
1912,0.06468792830874584
1913,0.005841741744321657
1914,0.02851419201583418
1915,0.013937083333314698
1916,-0.05861148870526478
1917,-0.02035956143519532
1918,-0.0056757242891020375
1919,-0.07670933656435705
1920,-0.06016208470720233
1921,0.009537896098536301
1922,0.03990054670114525
1923,-0.10035939211900478
1924,-0.022244031515660827
1925,-0.09961187214799223
1926,0.087414867654247
1927,0.011970191803162188
1928,-0.07710520591914406
1929,-0.18705036718770848
1930,0.03619696163393172
1931,-0.047970928194001006
1932,0.04800559936307972
1933,-0.17406905188842697
1934,-0.021087084620789696
1935,0.12185959417645127
1936,-0.03329834051516268
1937,0.023859495266139508
1938,-8.211373595028507e-5
1939,0.05537484828304419
1940,0.07552949557730428
1941,0.030457971270930157
1942,0.027856051016023814
1943,-0.09536128442609874
1944,0.03789659358621868
1945,-0.014801276011852278
1946,0.06407765112621261
1947,0.05393676388768473
1948,0.053805290295501705
1949,0.07684167727987626
1950,0.08868675690394356
1951,-0.0788061829474464
1952,-0.021582988881429233
1953,0.019122288701375285
1954,-0.017041116907250107
1955,0.018513239793689493
1956,0.020824131573395556
1957,-0.053418187934326844
1958,-0.058744502400460086
1959,0.009709718477970513
1960,0.022865200157741225
1961,0.09355121272396821
1962,-0.05449895376186528
1963,0.013160436144255421
1964,-0.02427529282657872
1965,0.058280757711184406
1966,-0.026861099313619467
1967,0.003184687573082722
1968,0.05501570966546083
1969,0.003617074638074841
1970,0.005001893468078362
1971,0.059994583640989446
1972,0.007031224295099566
1973,0.0829306911385938
1974,0.06057073058918275
1975,-0.00255146894666243
1976,0.06343263811712323
1977,0.14031688152515515
1978,0.03344306956446985
1979,0.0678599995197214
1980,0.052731514799054566
1981,0.053252614197633386
1982,0.059704905600245495
1983,-0.016409985415381842
1984,0.07918632677422638
1985,0.017018488081746143
1986,-0.01600856856564535
1987,0.08491877206700975
1988,0.021891812693212144
1989,0.11127568843898093
1990,-0.00257235453541165
1991,-0.03678588257412227
1992,0.06508152159067172
1993,0.057193478440764875
1994,0.14171158423285313
1995,-0.024622462826297677
1996,-0.06776486079068068
1997,-0.026446770377109637
1998,0.08805645566497435
1999,0.03270257062754656
2000,-0.04653688721178118
2001,-0.012320143439445617
2002,0.004462608976554903
2003,0.042035705286930014
2004,-0.050046013246634845
2005,-0.048290011158048755
2006,-0.024322938034282225
2007,0.09065549795178998
2008,0.028229864717675142
2009,0.10482100804485713
2010,-0.03558525960910393
2011,0.09720475155021042
2012,-0.13472100166483478
2013,0.028753695368450044
2014,0.029096857355004484
2015,-0.013966169557553545
2016,-0.064522604025194
2017,-0.006144753221885366
2018,-0.023741694346354973
2019,-0.010939520607419342
2020,0.020560564389793073
2021,-0.012186834625046678
2022,-0.0454724105691525
2023,0.11595626431695
2024,0.12171444789083605
2025,-0.07155365554627104
2026,0.04253379858968663
2027,0.004868977805340773
2028,-0.06632029391852194
2029,0.048233783437744135
2030,-0.05014531830050277
2031,-0.02561070746256612
2032,0.008367728915728248
2033,0.006187539154627705
2034,-0.06456152451060448
2035,0.07506536271539652
2036,0.02975343919066501
2037,-0.005914472168302459
2038,0.0755296738393275
2039,-0.031867904652016305
2040,0.00827208914527561
2041,0.09454114092575987
2042,-7.748948992715617e-5
2043,0.02998641749624783
2044,-0.02059925283341789
2045,0.01858017754823457
2046,0.032766793047251566
2047,0.016619966857195304
2048,0.05622971917232558
2049,0.09949547380835957
2050,0.029465592362087394
2051,-0.11063335608596361
2052,0.10186709133075919
2053,0.053710661155110404
2054,0.07271691210752845
2055,0.014440199637414535
2056,0.07662638125957917
2057,-0.10642571395296506
2058,0.15268619193015998
2059,-0.020796238948328757
2060,-0.09951868632586724
2061,0.033206233327799047
2062,0.027823537947641752
2063,-0.05054185411461716
2064,0.061322168475820164
2065,-0.03753728340691888
2066,0.09796106116309396
2067,-0.06383108276769367
2068,-0.10351041496484628
2069,0.04422653513686792
2070,0.09590328721853301
2071,0.03446230094825983
2072,0.025912309072495282
2073,0.02301244353236061
2074,0.05964046827250066
2075,-0.044095854271364567
2076,-0.030533359834783474
2077,0.08072820521698554
2078,0.11878105577042344
2079,0.030158671217080622
2080,0.10572150432341673
2081,0.045625672814536125
2082,-0.06499689094531608
2083,0.06295669802857172
2084,0.015145782029339508
2085,-0.003831741286411044
2086,-0.01275011046274404
2087,0.0943861899575476
2088,-0.022831433110499996
2089,-0.007723460283276824
2090,-0.1625187909023238
2091,-0.012218843350651383
2092,-0.09552640616178013
2093,-0.048395698357330055
2094,0.06683850968292232
2095,-0.06465995517889121
2096,0.02488362784706688
2097,-0.05552176558935154
2098,0.07214377203891374
2099,0.09466300020956225
2100,-0.052342636221209785
2101,0.06789879742169518
2102,-0.11090151835652307
2103,-0.06563883216490869
2104,0.03575135269079951
2105,-0.03645603315660428
2106,-0.04733793495363742
2107,-0.015419597306370426
2108,0.053239556963181923
2109,-0.0202848623099228
2110,0.14885908569841366
2111,0.022490560331800795
2112,-0.03625465363657169
2113,0.06226487128190067
2114,-0.0071812234804969274
2115,-0.05862526365171985
2116,-0.008021616704581444
2117,0.0025234334389363424
2118,-0.06472678712227571
2119,0.06497713720782883
2120,0.0637789538380382
2121,0.045355426023534956
2122,0.07764055547040262
2123,-0.012037243431337614
2124,0.04813482045543807
2125,0.01515550018386113
2126,0.16652094961556396
2127,-0.05181317938604313
2128,-0.057509762654606354
2129,0.008452875454237105
2130,0.03186800909085367
2131,0.0600362271810794
2132,-0.052075846769868664
2133,0.08348481688376562
2134,0.08893137582859503
2135,0.06233811779976013
2136,-0.056067608458768084
2137,-0.022289819580610642
2138,-0.030582125603486533
2139,-0.07108349901099306
2140,-0.0672347890065342
2141,0.07116458377658298
2142,0.08236145531704014
2143,0.007484653542734414
2144,0.036023047092981625
2145,0.03949767039854252
2146,0.030164407212762315
2147,-0.059958230929232734
2148,0.06208170978678196
2149,0.07879854740464785
2150,-0.021019120425505338
2151,0.0038654618066000512
2152,-0.0032049717594057267
2153,0.055597083289383016
2154,0.006738303701293129
2155,-5.868060967164496e-4
2156,0.10009579312605293
2157,0.011329936884721323
2158,0.10357283656637775
2159,-0.013283685990999572
2160,0.025648565391345617
2161,-0.0013693884639943421
2162,-0.02658098839955813
2163,0.021541849154504467
2164,0.12346904151534033
2165,-0.014818143653806126
2166,-0.04127524311504521
2167,0.06646399171327468
2168,-0.010337438996345882
2169,-0.05741843078834255
2170,0.011934332460277718
2171,0.0303335311492108
2172,0.01115133280141853
2173,-0.00754442952873809
2174,0.07329571326662487
2175,0.04315666494665356
2176,0.004321607154557559
2177,0.05900933574220096
2178,0.039149168676336124
2179,-0.07675603439862003
2180,-0.012829136987894096
2181,0.09172643413443664
2182,0.05965055058723601
2183,0.024779416858198275
2184,0.022236968356279772
2185,-0.11606225329840214
2186,0.01889786078636803
2187,-0.04431211751812045
2188,-0.0907428913014925
2189,-0.02823438370249351
2190,-0.03173569838997582
2191,0.004377105855668053
2192,-0.019512209501299543
2193,-0.015469856271499
2194,0.011629671289213675
2195,0.09903585856926907
2196,0.10535303264441749
2197,0.0925487131237174
2198,0.06786081308785641
2199,0.03494123910314664
2200,-0.09987566091347058
2201,0.029674686128063166
2202,-0.033116353880548816
2203,-0.09239011772826501
2204,0.051935248476978745
2205,0.04359027821552856
2206,0.07922029693035218
2207,0.02565665043740001
2208,-0.03888895663055719
2209,0.022856078417810045
2210,0.028957706269897333
2211,-0.03566744204975482
2212,0.047843776996595075
2213,-0.1374655835797336
2214,-0.1005493824283413
2215,0.02371679782959754
2216,-0.005339142858856129
2217,0.09217315762605417
2218,0.09915956999967514
2219,0.061311202717485296
2220,0.0029284799658157376
2221,-0.053856604228851294
2222,0.026461394249193963
2223,0.05052850196901571
2224,-0.015391474881881001
2225,0.018381111291181106
2226,-0.03441132473554233
2227,-0.05924307748115731
2228,-0.05387818964914544
2229,0.15819824194030102
2230,0.018626740737053796
2231,0.03491080539785569
2232,0.037860159459525325
2233,-0.0827173989227662
2234,-0.010812475901206643
2235,-0.020343886769232225
2236,-0.07812345978977327
2237,0.008433128946909018
2238,-0.0019887478235604203
2239,-0.016584923588493335
2240,-0.10607573954929439
2241,0.1174536075935444
2242,-0.09536545225696527
2243,-0.028787844317955724
2244,0.07908575551494498
2245,-0.06992231500589202
2246,0.05582463969406759
2247,-0.0327607263148956
2248,-0.05982894650297325
2249,0.04688969751524702
2250,-0.06976049416937749
2251,0.03149047682543087
2252,0.04476145456169485
2253,-0.013961191199020158
2254,0.04091868228618031
2255,0.04117536612487925
2256,-0.05190362018229256
2257,0.05357422769358097
2258,-0.015650993819236965
2259,-0.06352005666034752
2260,0.07551340006512672
2261,0.009864252563916705
2262,0.010280549365334984
2263,0.02128551610354769
2264,0.02221779665541649
2265,0.04011567667395252
2266,-0.0066542270436653166
2267,0.05360893992230427
2268,0.04687694796623097
2269,-0.07470348036276209
2270,0.007998747745968472
2271,0.051239649396930875
2272,0.0730778701619965
2273,-0.03443282787403486
2274,0.06172466656125687
2275,-0.00769980908923544
2276,-0.11006055217645214
2277,-0.0963131820582666
2278,-0.05688504451573974
2279,-0.0711170129395303
2280,-0.022230028271390298
2281,0.006827234755394235
2282,-0.09068953005406416
2283,0.019446896564332357
2284,-0.09131327441044401
2285,-0.09130645395992595
2286,0.02953457082711535
2287,-0.1788640802296069
2288,-0.03493899450501512
2289,-0.018974037096512932
2290,0.06710839854171885
2291,0.03615021948567624
2292,-0.03999244059986545
2293,-0.057030297627482095
2294,0.040641157801868326
2295,0.010259940357651267
2296,-0.0010574635493875925
2297,-0.015982109299835658
2298,-0.07898085543132057
2299,-0.09956218069411299
2300,-0.10283400803573232
2301,-0.06181320991540313
2302,0.10755189032782524
2303,0.003773951707546452
2304,-0.014830685509926837
2305,0.026573742066952857
2306,-0.060326682808876694
2307,0.014050774264153578
2308,0.04409920234918373
2309,-0.13794228073595421
2310,0.022595952206348024
2311,0.022718533418090246
2312,0.07775610539394665
2313,-0.08209935576454883
2314,0.061162996919113026
2315,-0.08266377685837778
2316,-0.015475766102557086
2317,-0.04837797734543572
2318,0.013535607824840597
2319,0.037416860888661266
2320,0.019708612526423457
2321,0.11795739676623557
2322,0.014228372949853997
2323,0.00757322305485773
2324,-0.05451522853339068
2325,0.06752893508836567
2326,-0.16372335437014213
2327,0.12355334446763575
2328,0.0049388463318127025
2329,0.05372399265968785
2330,0.011145884165222088
2331,-0.018852055575249965
2332,0.072446651671952
2333,-0.0017677636462456736
2334,0.09590904858324771
2335,0.007202960694066507
2336,-0.04401064969662759
2337,0.021678418276418074
2338,0.09359967743135256
2339,-0.008329401386295223
2340,-0.03672187265694806
2341,-0.03173529058944529
2342,0.03376087364901756
2343,-0.05097326256175111
2344,-0.09269590661508771
2345,-0.021714510998986653
2346,0.014977614563067645
2347,-0.02097886522871485
2348,-0.01843365496765239
2349,-0.023940504729168553
2350,0.06362979555401668
2351,0.004842268934735293
2352,-0.0077264102260881755
2353,0.03916197458233113
2354,-0.009631878113893546
2355,0.06535151367377572
2356,0.09996429381316471
2357,-0.07491596655927307
2358,0.0021398426307919285
2359,-0.07338809809320736
2360,-0.06959322263213036
2361,0.006081093485968553
2362,0.08372115010028186
2363,0.09970612108471194
2364,-0.020799955107718912
2365,-0.04085149992453082
2366,0.03138398621992126
2367,0.04571381400510215
2368,-0.01153129515298863
2369,0.018826926433614437
2370,-0.002736962523993011
2371,-0.02357269273589229
2372,0.05452346829604172
2373,0.0257669132601649
2374,0.04535358553986183
2375,-0.013462949260750142
2376,-0.004672241408628222
2377,-0.08862359805676889
2378,0.06263978009777807
2379,0.055150014247004005
2380,0.05968993154907815
2381,0.05722867646746681
2382,-0.015636273337467005
2383,-0.012457411062373004
2384,0.05973252763175432
2385,-0.06103835855264933
2386,-0.033827874572472084
2387,-0.03755640206891271
2388,-0.017553631068117588
2389,-0.07514575603118048
2390,-0.02397933294246049
2391,-0.057818219974454174
2392,0.009708158006351013
2393,-0.05882041868833448
2394,-0.05453171638236892
2395,-0.003200246766070544
2396,-0.07447992514401579
2397,0.040970012956674406
2398,0.040958519245667596
2399,0.11207506919436869
2400,0.01800610261190739
2401,0.04924152143205617
2402,0.020344199657562317
2403,-0.03267226205998111
2404,0.03336234849336572
2405,-0.08412141094385507
2406,-0.07341885404898461
2407,0.03392160159474053
2408,-0.003208235440884697
2409,0.09342155773945528
2410,0.10197182102784702
2411,-0.06682378010769512
2412,0.05286122247763789
2413,0.03981708737093081
2414,0.04131764888286652
2415,-0.08438140828474608
2416,-0.0821296970191911
2417,-0.010407493959097906
2418,-0.004314756926373058
2419,-0.023776033082302025
2420,0.045588243481130324
2421,-0.03152048252787001
2422,0.09279480316406573
2423,0.013316727250116563
2424,0.05966727331529417
2425,0.062415637833000255
2426,0.01398268301130682
2427,0.06075839547031568
2428,-0.007840667627068545
2429,0.04058394360160897
2430,0.061464292258220865
2431,0.019265535165245515
2432,0.02819039718011975
2433,-0.05317995711728068
2434,-0.00548702495629101
2435,-0.04742243385282602
2436,-0.0486266613336014
2437,-0.08314821916146764
2438,-0.030492921477951303
2439,0.03152946569384324
2440,0.03905406798372735
2441,-0.010973225250046792
2442,0.048869275403528915
2443,-0.043532631473174994
2444,-0.04698888696753431
2445,-0.07156217659434504
2446,0.04702876794791157
2447,0.08938292011747374
2448,0.14391296527262315
2449,0.009526238704934131
2450,-0.023964524730015084
2451,0.05030384255654476
2452,0.0023547872193510457
2453,0.016519135681127593
2454,-0.0069012926426993415
2455,-0.020918110077292044
2456,-0.02610908479109135
2457,0.01711375063929701
2458,-0.10249686463694804
2459,0.005658039905463954
2460,0.14668731788110767
2461,-0.050889252336334644
2462,-0.056472331626239006
2463,-0.028261424437973758
2464,-0.06948438885329943
2465,-0.0702089496463998
2466,0.06814322976319329
2467,0.00381202586902853
2468,-0.013846938567803365
2469,-0.08617209511940667
2470,-0.008728379670640996
2471,-0.021842193710510244
2472,0.008892697650757841
2473,0.033729931820276976
2474,-0.05545413479001071
2475,-0.010572204017649352
2476,0.008898049858845989
2477,0.0030165577788175343
2478,0.016318827914186568
2479,0.038098162607863806
2480,0.018401616978170193
2481,-0.03642893783723697
2482,-0.05093524346734152
2483,0.05078740270267965
2484,0.10467645836507405
2485,0.06235336824052575
2486,-0.05154126444343301
2487,0.04681262667746418
2488,0.04542532348823135
2489,0.07385857058003743
2490,-0.06246174780298327
2491,0.015124204046740534
2492,0.09975578366222998
2493,0.0660226979787826
2494,0.004552888186521272
2495,0.06558044896362274
2496,0.10290035635736552
2497,0.029063892498326527
2498,-0.013983050141959883
2499,-0.11331757901797329
2500,-0.15174600928822837
2501,0.002431595192914981
2502,-0.04267525225059767
2503,-0.004397138665589391
2504,0.13914092736078276
2505,0.03579741761858721
2506,0.0266684084087107
2507,0.085563900234356
2508,-0.01182118962431249
2509,0.05767825685287787
2510,0.04250005054095825
2511,-0.03589594888139968
2512,0.06649253709635339
2513,0.027552007371555328
2514,-0.032068627319675795
2515,0.007695382201270636
2516,0.03410019012291851
2517,0.05927120017321716
2518,-0.00790659224937448
2519,0.03522701829115734
2520,0.06832303086305078
2521,0.026529177170587462
2522,0.013792171053066533
2523,0.025268916969012338
2524,0.00392146595892073
2525,-0.08394898072644957
2526,0.05937473486828088
2527,0.07338974697595177
2528,-0.037878744480849894
2529,-0.001723166890393769
2530,-0.009945739896784805
2531,0.018983054965276195
2532,-0.04927419287259578
2533,0.056935051911928776
2534,-0.08108917246234532
2535,0.01048625271062672
2536,0.04136745578149285
2537,-0.006280018491899823
2538,0.0629196684863967
2539,0.04536301033975922
2540,-0.07964603538759923
2541,-0.05769545402127199
2542,-0.019406757708472052
2543,-0.08342521687784014
2544,0.015736721456481986
2545,-0.05721028813274487
2546,-0.0030841384548188407
2547,0.043188178272672836
2548,-0.11893490560496078
2549,0.06808211451544241
2550,0.13350916254878648
2551,0.03718294201936616
2552,-0.035694445975479064
2553,0.004059003320486695
2554,0.021950551958092677
2555,0.05351031882734131
2556,-0.024282607896456275
2557,-0.10344031605151248
2558,-0.013662309924649431
2559,-0.06994336308979526
2560,0.017736448812507535
2561,-0.027673927628324806
2562,-0.041621962637741296
2563,-0.05615500055140783
2564,0.031639719853638365
2565,-0.02968701797883279
2566,0.08366856591634853
2567,0.032451129715961306
2568,-0.020584565487290145
2569,-0.0016456611160346364
2570,0.008417672347174034
2571,0.07127890638824774
2572,0.09250610313473391
2573,0.11313642903720872
2574,0.015420231191164608
2575,0.05617656729224595
2576,-0.02439808540326723
2577,0.06286782547537562
2578,-0.029104835843706885
2579,-0.020074264068565783
2580,-0.031519493716046704
2581,-0.01905898134495723
2582,-0.0560999123710136
2583,-0.03218696225646296
2584,-0.02601183940181121
2585,-0.008850457274786217
2586,0.11268318696440145
2587,-0.018745169036380006
2588,0.01682675089633389
2589,0.07471780741917142
2590,0.0949651212057406
2591,0.11265633785987395
2592,-0.09095899011288662
2593,0.0643680026619721
2594,0.07862233359831647
2595,-0.05114656730071007
2596,0.038602617385689264
2597,-0.003039554408648615
2598,-0.06402249825141977
2599,0.08135493717505898
2600,-0.050863216544364764
2601,0.045685576507696724
2602,-0.04163713063145596
2603,0.07779582996607048
2604,0.06762933581080985
2605,0.05537725776644746
2606,-0.08374689808204308
2607,-0.0038543922582955775
2608,-0.08372716621887075
2609,-0.0041711121042839056
2610,-0.07317089071944571
2611,-0.09316728663007619
2612,-0.07363245767906293
2613,0.013341461778381353
2614,0.0451029389892236
2615,-0.12581075975098172
2616,0.02714931516813819
2617,-0.020191423276101173
2618,-0.0038273599485279418
2619,0.11609284788749488
2620,-0.05446909520707629
2621,0.01952360827938452
2622,0.02023522776565605
2623,0.008465411062000439
2624,-0.03985483836302072
2625,-0.003574735794858336
2626,0.09655192211131623
2627,-0.004266473902074404
2628,0.054110872812329736
2629,0.013816885695274197
2630,-0.0757098938082792
2631,-0.01612381421055905
2632,-0.012028746805805466
2633,-0.033187126244725355
2634,-0.04669190699660911
2635,0.07085633890194362
2636,-0.026099887912484233
2637,0.0417885698407727
2638,0.007697508564720967
2639,0.015876542928495267
2640,0.014349408168516991
2641,-0.006793535470569939
2642,-0.03723913521323864
2643,0.024131772191883727
2644,-0.07523809077030155
2645,-0.07342657955499657
2646,0.002703137445265111
2647,-0.004829068693574405
2648,0.028388344443945775
2649,-0.019199265923432393
2650,0.11624452180923936
2651,0.01772348553241197
2652,0.008805261603841201
2653,-0.03832943017101358
2654,0.08317644820157596
2655,-0.035311565783179184
2656,-0.07620332630985066
2657,0.002168231616087972
2658,0.04025557081645517
2659,0.002051867402587528
2660,-0.0026694539128662865
2661,0.024762778214734896
2662,0.02623797492188706
2663,0.020423430079492502
2664,-0.0704034189505175
2665,0.04981597521040905
2666,0.007320429300381223
2667,-0.03466549272269186
2668,0.07757197130181301
2669,0.015436945433742452
2670,-0.02606817740386825
2671,0.037650004713391756
2672,0.061424606014677065
2673,0.008083525862955406
2674,-0.03771988645866582
2675,-0.003908826394043502
2676,-0.010637536312275112
2677,-0.014292774205875696
2678,-0.0072900324905568565
2679,-0.027784059571928702
2680,-0.00754904179373556
2681,-0.004234049611666287
2682,0.043609579486644484
2683,-0.00211162884704026
2684,0.05735686040107274
2685,0.08922581951859265
2686,0.00219316922588228
2687,0.02291369451240837
2688,0.03121276063414987
2689,-0.02361400625820055
2690,0.07310024608021691
2691,0.06180864173955148
2692,0.03073951642830753
2693,0.1366219976408628
2694,-0.02024505753971338
2695,0.01992748494227671
2696,0.06893888906322039
2697,-0.012712994682172553
2698,-0.011591806764593033
2699,0.036157557921355166
2700,-0.07278821871820274
2701,0.006112782786948823
2702,-0.046737888280186574
2703,-0.021558296393551044
2704,-0.04890014760108115
2705,-0.014304504635166367
2706,0.0753873582678944
2707,0.14269697010108445
2708,-0.02503934530322839
2709,0.09204592320419697
2710,-0.029849180395151054
2711,0.06445133564414275
2712,0.06877539511614619
2713,0.06349761650097427
2714,-0.12061316095460378
2715,-0.011358695229356456
2716,0.04483371457629176
2717,0.028121583539394847
2718,-0.010415448197724043
2719,-0.012472009229584656
2720,0.014611446785239353
2721,0.034355205070540344
2722,-0.024595618188242532
2723,0.11049851356406427
2724,-0.041830803001242374
2725,-0.009371944554773425
2726,-0.04364736615775211
2727,-0.016206277278419147
2728,0.059591021171105464
2729,-0.031972729450264074
2730,0.03763077029569476
2731,0.019983586248616132
2732,-0.051647575710898695
2733,0.04606817501331936
2734,0.10579654685307033
2735,0.04185292033514167
2736,0.12344840630918548
2737,-0.03209236660955882
2738,0.03678996882475931
2739,0.022279744617745297
2740,-0.13001367626753385
2741,0.06878245119368513
2742,0.02139240468766916
2743,-0.05891596370356014
2744,0.07000168555016628
2745,-0.04669779548096882
2746,-0.0453203658968344
2747,-0.04138378928083395
2748,0.07103410054286628
2749,0.024795851706646773
2750,0.056280339718731524
2751,0.04892514872960463
2752,-0.045519676161666855
2753,-0.04871608795903356
2754,0.08378672172341328
2755,-0.01645169264367429
2756,3.4564060601785865e-4
2757,0.061068743688503895
2758,0.018479090462797734
2759,-0.0991780972468604
2760,-0.03637931095841469
2761,0.007151937662747897
2762,-0.09587094219490977
2763,-0.04505827720014704
2764,-0.05043197620802254
2765,0.0023240192823310787
2766,-0.03906432043426963
2767,0.05965551771164711
2768,-0.08484288694287741
2769,0.017979454814541364
2770,-0.06735065791790709
2771,-0.04252209291961789
2772,0.01591581032015077
2773,-0.05209615915649786
2774,0.015624958931586646
2775,-0.008704228904199614
2776,0.0430887082661955
2777,0.03684966587351462
2778,-0.03761993642907649
2779,-0.03490785394302853
2780,-0.060663047268737044
2781,0.057670246728937266
2782,0.021229161958863586
2783,0.06943220335097186
2784,-0.03793148956886566
2785,-0.06456996880817727
2786,-0.002434904375783569
2787,-0.08936058924658664
2788,0.062160207078522656
2789,0.038858177176227866
2790,-0.023157550968433624
2791,0.08848368919100767
2792,-0.016839968736044784
2793,-0.025623018963202515
2794,0.036099882730202766
2795,-0.014811929989721872
2796,-0.057934456267864184
2797,0.06532472155613187
2798,0.045532232337991196
2799,0.0935467201010014
2800,0.0352414848464432
2801,-0.014523683402114317
2802,-0.06792245493104987
2803,0.10218259042325557
2804,0.0010428720823107435
2805,-0.11008250219489671
2806,0.03564919426283975
2807,0.009406203922831036
2808,-0.012747191824208602
2809,0.023907584729297
2810,-0.015016939422315778
2811,0.09467317223820004
2812,0.041526856233809674
2813,0.09812483617868129
2814,-0.06373214603556088
2815,0.14398014470320172
2816,0.07659757481209066
2817,0.009457561996343688
2818,0.055122664240967637
2819,-0.020821964560375585
2820,0.036159202976340746
2821,-0.003547832014739377
2822,0.05822945755601438
2823,-0.08334054535762406
2824,-0.08623104406996164
2825,-0.03821041302941448
2826,-0.027032643580189062
2827,0.035031993191799095
2828,0.06369227696861421
2829,0.0485290405654881
2830,0.03713740117452443
2831,-0.046219161026816336
2832,-0.01276434024640129
2833,-0.04232510415968664
2834,0.07699502514874393
2835,-0.03695424711282075
2836,0.1646127320084184
2837,-0.0530914352240127
2838,0.004070973814569701
2839,-0.06875473993320051
2840,0.005136449308654659
2841,-0.10669553466671775
2842,0.03651946039081949
2843,-0.1436517600755863
2844,0.10390565059256528
2845,0.022581189546584307
2846,0.020897288811411154
2847,-0.03922445289821259
2848,0.027120672664779185
2849,-0.15369874933345662
2850,-0.007163688926727939
2851,0.04575658531217065
2852,0.05353613640486741
2853,0.059004755991187215
2854,0.0024213461185418244
2855,-0.02663975330571208
2856,0.04337808029173
2857,0.04498480899673349
2858,0.03851493628000587
2859,0.021100657823365156
2860,0.00813149791323661
2861,0.047099893263265635
2862,-0.10685065470912081
2863,-0.031154192853221397
2864,-0.06354391471889141
2865,6.187103410120257e-4
2866,-0.059446650967707286
2867,5.180689539006442e-4
2868,-0.048141415021677146
2869,0.021940917657283454
2870,0.0026428890827166216
2871,-0.0418456497615475
2872,-0.09021659852774633
2873,-0.003436668236404734
2874,0.06453169430837741
2875,0.00874040656201313
2876,-0.10800887573878684
2877,-0.07083660131557651
2878,-0.11019615296535959
2879,0.10587509231257816
2880,-0.05357524436445634
2881,0.041554859091301785
2882,0.0812942044630884
2883,0.09767777115408338
2884,-0.07616801526303595
2885,-0.0749558215851
2886,-0.04006339873868309
2887,0.04574574527036582
2888,-0.01326625525558358
2889,-0.0625770658438012
2890,-0.020842373183683142
2891,0.0031619126920491014
2892,0.036837078600653606
2893,-0.014371587393947411
2894,-0.0954839782710542
2895,0.04516562818173092
2896,-0.04385703250779439
2897,0.049904733985153105
2898,-0.060333735317561143
2899,0.011212782900893722
2900,-0.0960205235267807
2901,0.0646379913083712
2902,-0.059622656144773634
2903,-0.05918796021922771
2904,0.009642994429929372
2905,0.06506785993669263
2906,0.017341078058264143
2907,0.05387861438603129
2908,0.011957572192349521
2909,-0.017391308740585764
2910,0.0314197997945047
2911,0.06780781680693856
2912,0.014510900581089801
2913,-0.011465428881377193
2914,-0.07941694056908175
2915,-0.025627384735149136
2916,-0.004029525584814668
2917,0.011958958387099518
2918,-0.012043189383177702
2919,-0.02766387948055407
2920,-0.011157512041693504
2921,-0.0021360042062174203
2922,-0.04309886844276831
2923,-0.004440415940013536
2924,0.014056952408490461
2925,0.02905287793977261
2926,-0.05959696311665132
2927,-0.01631829084102577
2928,0.018780664641253008
2929,-0.014444073768414906
2930,-0.08861233467920587
2931,-0.06932894768675854
2932,0.06355166066170487
2933,-0.06275143935564856
2934,-0.03058030546545741
2935,-0.09728573330155056
2936,0.01247110583987043
2937,-0.09575698419203692
2938,0.019871457553559374
2939,-0.06319906408440538
2940,0.04245417412334279
2941,0.019128353706678036
2942,-0.022345960456713075
2943,0.008726677637650237
2944,0.012085046257064474
2945,0.04185510599042664
2946,0.04141660781661936
2947,0.015001067486908284
2948,-0.06795934586984426
2949,0.03151228416841488
2950,-0.018443226869460844
2951,0.025462070976299836
2952,0.012879656690858644
2953,-0.05141594519887643
2954,-0.01794940925501199
2955,0.01842383575443566
2956,0.010788458594632531
2957,-0.002107208402443691
2958,-0.09472099601570073
2959,-0.01622057492457974
2960,-0.03505926756264654
2961,-0.011579188303364771
2962,0.019012310247260345
2963,0.04317889325547626
2964,-0.009963305040222817
2965,0.020024896246269498
2966,-0.10682253252101276
2967,0.07028321842373045
2968,0.0025096067652545886
2969,-0.11790406938701259
2970,0.00986326785964207
2971,0.03343543233951667
2972,-0.11459204556590027
2973,-0.0027396441209441014
2974,0.08854857186253179
2975,-0.01819071047357454
2976,0.13310664846817968
2977,-0.13858999358526625
2978,-0.06036952236604731
2979,-0.09556947626768994
2980,-0.06727153156998594
2981,-0.035262418110195454
2982,0.014894734916157452
2983,-0.0630547953277683
2984,-0.019771184035918873
2985,-0.08865105176668193
2986,-0.022895049076716162
2987,0.051089903850931255
2988,0.03390530755838284
2989,0.04237152898631503
2990,-0.03396296151501074
2991,0.014325270400081401
2992,-0.06900614306875492
2993,0.039356079992914114
2994,-0.15076115300837778
2995,0.06702156139899107
2996,-0.003150416718836559
2997,0.11381953841293034
2998,-0.04454193169065661
2999,0.04706419155189606
3000,0.046288975157852574
3001,0.012648126206986335
3002,0.0392923270137574
3003,0.01785516268618966
3004,-0.05279442402295145
3005,0.07776431782221915
3006,-0.03490949285265157
3007,-0.029599315904370697
3008,-0.021112778111849154
3009,0.015230754921857229
3010,0.08393218015137627
3011,0.04104826872742749
3012,0.036358196203347085
3013,0.026578248012861145
3014,-0.0036387372927439154
3015,-0.004052371632291715
3016,-0.08127818371399977
3017,-0.05064858090737247
3018,0.1525726383067676
3019,-0.021213430201429656
3020,0.0015238289565211588
3021,-0.12462768196426502
3022,-0.0350358242004205
3023,-0.045599384618846314
3024,-0.05243956581085568
3025,-6.459330721499077e-4
3026,-0.06661231329942272
3027,0.041435544521900056
3028,-0.08746651090582881
3029,-0.022431170528704115
3030,-0.002057459579844807
3031,-0.03238625691606663
3032,-0.011749170644683912
3033,0.013900965277486327
3034,0.012724333654738549
3035,-0.021239314997644525
3036,0.026249646060189577
3037,0.11926170749179738
3038,-0.028904729993083557
3039,-0.05768828029578156
3040,-0.03318174923426073
3041,0.06674458831220753
3042,-0.04645766931566819
3043,0.0747559325945222
3044,-0.10629825608127635
3045,-0.007336182373347239
3046,-0.1280174523200899
3047,-0.0972304793650914
3048,-0.10334564748837584
3049,-0.04195435462308739
3050,0.054499053026622335
3051,-0.03769770793441063
3052,0.05801456418944758
3053,0.02412457430740786
3054,-0.09193735605233141
3055,-0.002299260374076066
3056,-0.01886305917571458
3057,0.09381890698579357
3058,-0.04393447294515436
3059,0.13632375802117386
3060,0.05956668635229355
3061,-0.026262841895393057
3062,-0.006848408896468269
3063,0.020928994603712465
3064,0.012824638685224637
3065,0.057984067609502705
3066,-0.03628573865345268
3067,-0.045836639560170374
3068,-0.03839349142710194
3069,-0.06344385094851984
3070,-0.06605766247432618
3071,-0.022725423751834572
3072,0.01394602069238093
3073,0.05536016592938106
3074,-0.007773929032999905
3075,0.006740108309405362
3076,0.0013878212584724076
3077,0.016350635003765168
3078,-0.02665009942365392
3079,-0.02711026268454119
3080,-0.06348844728043607
3081,0.08550279071891427
3082,0.07571068781347354
3083,0.018415966516399172
3084,0.004927181970455274
3085,0.015328087458091718
3086,-0.15546144172305254
3087,0.026646576572363127
3088,-0.04270571582106275
3089,0.05046383286233639
3090,0.07795824076908102
3091,-0.052766596176681904
3092,-0.10124318997886086
3093,0.07513378356670901
3094,0.05041142430145091
3095,-0.025200015326561766
3096,0.06931830635390769
3097,0.0744348929225861
3098,0.05618466367102216
3099,-0.0018826522467629767
3100,-0.004255204206198612
3101,0.009948339155232787
3102,0.018156997359182678
3103,-0.08487124402473438
3104,-0.0035062200446349377
3105,-0.08876409481211786
3106,-0.04451530703502376
3107,-0.05314619246202447
3108,-4.4196156517304144e-4
3109,0.02417436558561301
3110,0.031110139538661624
3111,-8.910974530875687e-4
3112,-0.07309379940287827
3113,0.006449989749384481
3114,0.03642223084245643
3115,0.07064687630427872
3116,0.015842878105784188
3117,0.05178645459906588
3118,0.08945686094794182
3119,-0.02135699982956772
3120,-0.0855686401566351
3121,-0.049559433753530766
3122,-0.061433474509000045
3123,0.12129698611728709
3124,0.08086207509799573
3125,-4.570529045256899e-4
3126,-0.06256567695249696
3127,0.010885798017248014
3128,-0.0934226081158395
3129,-0.010750412022943443
3130,0.00913976503753957
3131,-0.046236032819437306
3132,-0.10338300309003247
3133,0.1046362518102445
3134,-0.04438412741234221
3135,0.043115235316652865
3136,-0.12277989802705035
3137,-0.046730199631392515
3138,-0.07858025624471882
3139,0.09897602808613759
3140,-0.02050599076219748
3141,0.030415967361695544
3142,-0.11008768169843734
3143,0.02118952045297456
3144,-0.047091684310059126
3145,0.08345237543319702
3146,0.027829735358654753
3147,0.0724904909415235
3148,0.019306599623900578
3149,0.02398698970466529
3150,-0.014323932886921286
3151,0.030263403391459696
3152,-0.02282560927883969
3153,0.11831607331407668
3154,-0.007988693800217887
3155,-0.014791692155391998
3156,-0.005900652704792466
3157,-0.006725519044875113
3158,0.06966835055622665
3159,0.08856767903837098
3160,0.016450578097488712
3161,-0.012225040740737108
3162,0.01948461858614282
3163,-0.012919939525625937
3164,0.037083332538627965
3165,0.033742294597295844
3166,0.0071843297039513344
3167,0.05926743215940459
3168,-0.04879562114391024
3169,0.056546225333981195
3170,-0.001806144350767265
3171,0.03859540955936818
3172,8.503135095162453e-4
3173,0.024401071504017175
3174,-0.009754371931491056
3175,0.020363993686618793
3176,-0.07292862319228362
3177,-0.05059141320799325
3178,-0.08137431135934967
3179,-0.10016481343773238
3180,-0.0036109832196020847
3181,-0.01601618407416184
3182,-0.0038732211799325997
3183,0.018367409393475632
3184,0.033245980152847486
3185,0.0245285409293852
3186,0.01053212352918053
3187,-0.04515734966279099
3188,-0.03069131082770408
3189,0.011112585056248146
3190,-0.021348474905348115
3191,-1.6336693954111057e-4
3192,0.04194422885955082
3193,-0.06707462685012142
3194,-0.08055326894393999
3195,-0.028862138415546773
3196,0.02886001276019037
3197,0.05779898232131827
3198,-0.006154623805120673
3199,-0.015348567360111982
3200,-0.011032038200244551
3201,0.029639846734706557
3202,-0.017820638610708872
3203,-0.08324973329649939
3204,0.00677908551981438
3205,0.0030683749991549727
3206,-0.05041662010628241
3207,0.008193786779401604
3208,-0.045387751613464596
3209,0.06026548730930936
3210,-0.057286858329682465
3211,-0.019285562064338735
3212,0.008520021746073289
3213,0.055484208506816984
3214,0.07055812447592666
3215,0.026646183221299115
3216,-0.008694810612270763
3217,0.10706444507770155
3218,0.055255236907059135
3219,0.05014526426338696
3220,-0.09286071689333644
3221,0.005597744435114113
3222,-0.027805671505764587
3223,0.08140646328625668
3224,0.023335830225168948
3225,-0.05127475521831861
3226,-0.056731417925027325
3227,-0.08678051464271885
3228,-0.06412067604922633
3229,-0.02160465845091234
3230,0.08479332041099913
3231,0.10629913268826245
3232,0.10377789729384083
3233,0.014939385423472635
3234,0.07781156099587905
3235,-0.019066287594266502
3236,0.06317687381610881
3237,-0.0202677879247787
3238,-0.11310372390365017
3239,0.03218627220355309
3240,0.029668321596324973
3241,0.057389216131400266
3242,0.032144574335287605
3243,0.05796695190935065
3244,-0.041241256248415244
3245,0.06981710522934746
3246,-0.1634048866534026
3247,-0.0036977279591709974
3248,0.034471786206722005
3249,0.01675235160299541
3250,-0.0967850073926314
3251,-0.034101150001220104
3252,3.356269078703261e-5
3253,0.09618607608724448
3254,-0.0033415688063434673
3255,0.0039602044073837675
3256,-0.019085801331519735
3257,0.019283409470469033
3258,-0.04705947390664255
3259,-0.04237609299089147
3260,-0.07713010512528576
3261,0.14879059257480517
3262,0.05911464082546063
3263,0.019093788020021096
3264,-0.015794688307978894
3265,-0.0036098437958442704
3266,0.03400960287134945
3267,0.051569404838146135
3268,-0.08514455481848252
3269,0.0789153332001117
3270,-0.06022044986654838
3271,0.053093850197714114
3272,-0.032059069110331136
3273,-0.018148137230382593
3274,0.02079867260817047
3275,-0.010342133074992828
3276,0.035239285290239904
3277,-0.07491960193663733
3278,-0.04598526825020599
3279,-0.04614962238895039
3280,0.05485085859441012
3281,-0.09981085899117693
3282,0.01547715645530367
3283,2.0384971873741928e-4
3284,-0.014499422521295092
3285,-0.003661009317790606
3286,-0.1479130224444269
3287,0.09442724512534251
3288,0.024751202565328898
3289,-0.06339781572753359
3290,-0.045367621053002724
3291,0.07882796372547762
3292,0.01630517356250269
3293,0.0170714063191156
3294,-0.0337292803841277
3295,-0.0820352662809893
3296,-0.025754618339243637
3297,0.030934478080094006
3298,0.12731318002175768
3299,0.055127165141828846
3300,0.06234696418453413
3301,0.014987066360133791
3302,-0.019582574268402354
3303,-0.041885938463175926
3304,-0.01626628372094004
3305,0.05277037757356351
3306,-0.0930689953983844
3307,-0.017577789281352032
3308,-0.07528921631689382
3309,-0.005723038655425382
3310,0.030179043038149323
3311,0.005781670323907764
3312,0.007533188798156339
3313,0.11516616092036257
3314,-0.04745647538469905
3315,0.04648206174581161
3316,-0.006981351860263567
3317,0.020857653204784367
3318,-0.006877810183865607
3319,-0.015016683901414935
3320,-0.07365098159907321
3321,0.024097730089404582
3322,0.025429645181744412
3323,0.035037422791274135
3324,-0.06800279325998944
3325,0.07866170672591216
3326,-0.02336042477845151
3327,0.056894855360042684
3328,-0.02344990603867866
3329,-0.05789273126980263
3330,0.11569192779265174
3331,0.046989191985060186
3332,-0.0694631476189097
3333,-0.014233131745883167
3334,-0.10628124290133159
3335,-0.11728756110271285
3336,-0.022642327194757075
3337,0.001143904935267042
3338,0.023073637495580838
3339,2.6971556650476694e-4
3340,-0.08421477004479022
3341,-0.037281556575962216
3342,-0.08432907163744863
3343,0.050778515876763824
3344,0.09054150653492375
3345,-0.02965047619510386
3346,-0.02707668107640054
3347,-0.08443968144977386
3348,0.11750170076605651
3349,0.032854475860309484
3350,-0.04428782401815359
3351,0.031046623456592787
3352,0.10352149270906821
3353,0.024884534493073894
3354,0.007643071849227787
3355,-0.09404321018541154
3356,0.07252273852837228
3357,0.026070879862163297
3358,0.04917750028504642
3359,-0.05557068976316558
3360,0.06083530688698721
3361,0.03186006884843502
3362,0.05363191075140347
3363,0.11169722750392955
3364,0.039270535051639396
3365,0.11187244263045915
3366,0.03954279140391034
3367,-0.08376385100182461
3368,0.07054757744911903
3369,0.03570694535792944
3370,0.09368530415743734
3371,0.08600162817934756
3372,0.0036880178548557886
3373,-0.021036521504788068
3374,-0.008495502746394313
3375,0.012621029554059846
3376,-0.09400579638184106
3377,-0.038238106162912844
3378,-0.01897374199085633
3379,-0.0055949371517358465
3380,-0.04470809509488003
3381,0.031105646705078045
3382,0.026236608767142313
3383,-0.04130260210210084
3384,0.036718736724290886
3385,-0.08789906284665622
3386,0.0326791416245925
3387,0.007524468561609763
3388,0.0317521537926607
3389,0.10925712837079232
3390,-0.02183691544864149
3391,-0.09218294428587409
3392,-0.09016973157262126
3393,0.015276210735757856
3394,0.006594053646770667
3395,-0.044228032691609034
3396,0.023564116444979022
3397,-0.047422664428269846
3398,0.11253706078263012
3399,0.1262201407978156
3400,-0.10840093477412728
3401,0.0050974033350384435
3402,0.09202018046768484
3403,0.012765862670128268
3404,-0.1769188864881486
3405,0.017781167923191354
3406,0.03229203773937332
3407,-0.0393579116673807
3408,0.007884538826773486
3409,-0.025863255412048317
3410,0.024680773318468775
3411,-0.05623389854614789
3412,-0.027381399958749886
3413,0.11040949498579132
3414,0.03072477415353622
3415,0.012498543464795769
3416,0.051554693235388166
3417,0.07845045958707916
3418,0.023989408897739747
3419,-0.0360775652766846
3420,-0.03565268295281901
3421,-0.014880468072800482
3422,-0.014273330601916918
3423,0.02311529912846163
3424,0.025286379596619474
3425,-0.030197959663748872
3426,0.06547828076521617
3427,0.0022403664831747334
3428,-0.1189423323103372
3429,-0.03542410229219409
3430,0.03563359869932083
3431,0.07158890591276104
3432,-0.032874447773671836
3433,-0.1077545624089067
3434,0.011495662711689492
3435,0.019412225449785304
3436,0.013876335782476136
3437,0.014178734014451844
3438,-0.011568390529071385
3439,-0.014474840396226235
3440,-0.08631786209627489
3441,-0.013443464495018417
3442,0.033530322663267144
3443,0.0381936550687735
3444,-0.0056006669024976224
3445,0.0014342243158030586
3446,0.07114597554220206
3447,-0.039246770600367666
3448,0.0979560508877461
3449,0.059393442981707886
3450,0.07474878975992141
3451,-0.12326187462335618
3452,-0.033057437163989484
3453,-0.022258986847511385
3454,0.04771505700019562
3455,-0.012302958033683687
3456,0.031478315074370315
3457,0.029196972635937464
3458,0.01051838474004922
3459,0.07951390177335481
3460,0.005615806950974715
3461,-0.07122423442057074
3462,0.038586656205569975
3463,0.009393388407836926
3464,0.05409822429982167
3465,0.005995692141635606
3466,0.06047442214491691
3467,0.0023094806030484263
3468,0.08393925865661145
3469,0.008917764647773545
3470,-0.013453773434845589
3471,0.07825373567293241
3472,0.14944646211469492
3473,0.005933739248399301
3474,0.03718188333819558
3475,-0.055278861081452045
3476,-0.033599426870307265
3477,0.011899277093384612
3478,0.04597243694388746
3479,-0.07301292092259729
3480,0.05341716580010883
3481,0.05352275965140575
3482,-0.1662966538091643
3483,0.045487808912644936
3484,-0.006186881380160588
3485,-0.01579657094554237
3486,-0.10864441717483347
3487,-0.008320188794760583
3488,-0.02286160907026718
3489,-0.05377464035863192
3490,-0.01826844683169774
3491,0.00313148624347475
3492,-0.01400295430708303
3493,0.01968173572891384
3494,0.04276372340781477
3495,0.07112480831801139
3496,-0.04004264790005153
3497,0.08409269967806904
3498,-0.01701689403065354
3499,-0.0480865019308776
3500,-0.006508635066557092
3501,-0.0647424877301114
3502,-0.08783846867027
3503,-0.0710742458852237
3504,0.0836544282358888
3505,-0.07736721461370777
3506,-0.1084726500175725
3507,0.0013572540709489225
3508,-0.05425188735073404
3509,-0.022383619489389092
3510,0.03213893501863442
3511,-0.023802002330873987
3512,0.023229458755725695
3513,0.02703671196480863
3514,0.04487643695205343
3515,-0.031251728417901414
3516,-0.022365729609769347
3517,-0.07394702046602358
3518,-0.028984624923159293
3519,-0.07434107720824641
3520,0.05147304975420355
3521,0.05936716012158376
3522,0.08178413059064242
3523,0.06431489615199601
3524,-0.01017629066097609
3525,-0.1522709476068268
3526,-0.0647422996109741
3527,0.08456605302016616
3528,-0.03169903273916174
3529,0.08536339648690536
3530,-0.04772800359983634
3531,-0.08740612807815565
3532,-0.017515188254054896
3533,0.05291717836736315
3534,0.06437749086096063
3535,-0.04383968839093817
3536,-0.05523985634018543
3537,0.11740418390736537
3538,0.02299287504033452
3539,0.06456784729529677
3540,-0.10316725012803606
3541,0.014468215468362227
3542,0.008487783786478718
3543,0.03647072624580264
3544,0.0626696773473015
3545,0.09731812510926457
3546,-0.04485788421258396
3547,-0.0839937630121223
3548,0.059598080517418425
3549,-0.04864332677901642
3550,0.041052367904462254
3551,-0.025900207169214217
3552,-0.014937024316605993
3553,0.029484109702909166
3554,0.029403573415699394
3555,0.02714816905022657
3556,0.026853112381304136
3557,-0.10708061115645268
3558,0.057871930355235274
3559,0.04028260010243216
3560,-0.008882066358034648
3561,0.04503333222047805
3562,0.050928709365628794
3563,-0.0017709323690925892
3564,0.03265778082180549
3565,0.11756565341359856
3566,0.021614104472331752
3567,-0.006990783509620593
3568,0.04403858776523166
3569,0.07718540337771138
3570,0.015175672222206782
3571,0.019076205608450907
3572,0.03205689392651844
3573,0.07312199807380057
3574,0.024079488655014674
3575,-0.06537930889577251
3576,-3.965568636240917e-5
3577,0.06621150012185924
3578,-0.006796227052286295
3579,-0.12800495415178834
3580,-0.08385308868233503
3581,-0.11318205044110022
3582,-0.024270782025156548
3583,0.05912489593897158
3584,-0.08698185209303849
3585,-0.05108839237516322
3586,-0.013074975335891331
3587,4.0081349492305726e-5
3588,0.0549402242323927
3589,0.10253434483081122
3590,0.014105964990282832
3591,-0.04283570700867472
3592,-0.07838988500338435
3593,-0.07799011751418307
3594,-0.03390234012315409
3595,-0.0968065840014973
3596,1.9573648058968714e-4
3597,0.07577753177028865
3598,0.02854288750530935
3599,0.014095626412893043
3600,-0.09274153589483045
3601,-0.09746573660075264
3602,0.045750980331960685
3603,0.047082603394003476
3604,-0.02656959564578017
3605,0.04132201716049789
3606,-0.051126322596956306
3607,0.148028246615751
3608,-0.14450704500319786
3609,0.0757892862226567
3610,0.06388248470476722
3611,-0.03717527364764319
3612,0.05045339338412662
3613,-0.006632304125386318
3614,0.06649551181310638
3615,-0.03271885425337264
3616,-0.01776256927540419
3617,-0.010243488286187926
3618,0.023712311052962124
3619,0.02819203864099929
3620,-0.02292114759798626
3621,0.05178315448893969
3622,-0.03098893972597967
3623,0.0018040527939177792
3624,-0.01508564790875479
3625,-0.0741592738812338
3626,-0.040177684434392985
3627,-0.02585858024822174
3628,-0.027309257560663477
3629,0.04339207061738769
3630,0.028648924046894356
3631,0.020594256109910905
3632,0.028493906707837618
3633,-0.04102945529816982
3634,0.006348711989278244
3635,-0.10716172039368493
3636,0.0025230389051823267
3637,0.031691360049512625
3638,-0.12116396196190157
3639,0.03864748343881408
3640,0.04233955201637593
3641,0.06419349090579628
3642,0.0022712749980298586
3643,0.025050263248608436
3644,-0.0741876465856816
3645,0.03753623090994755
3646,-0.02304596707545992
3647,-0.0035613570166455645
3648,-0.02338809735788618
3649,-0.02092557708173144
3650,0.14724204758316375
3651,-0.03683782341874947
3652,0.0011204250056215947
3653,0.056492864138448895
3654,0.07755883836253609
3655,0.030661601813698994
3656,-0.02621822675408742
3657,-0.08269321511234137
3658,0.045298728212353645
3659,0.14164694097000347
3660,0.014548749362737772
3661,-0.007745498759710968
3662,0.0301843762204023
3663,0.03863274832019729
3664,0.02776049675990525
3665,0.07048805567433393
3666,0.04184116427234887
3667,0.003134258439315609
3668,-0.002772957654249667
3669,-0.11633437605955925
3670,-0.05759681402819903
3671,0.051312591984190845
3672,0.049548101916761914
3673,-0.05475101165372946
3674,-0.027568525960203143
3675,0.0325088093746771
3676,-0.0010045911305590974
3677,0.03923123230467297
3678,0.020095219106192188
3679,0.0014455669271721573
3680,-0.07560224535491462
3681,0.03177161949948174
3682,-0.03886903338634573
3683,-0.004999512309518631
3684,-0.016118784332603133
3685,-0.06683565439715355
3686,0.04363103044850132
3687,-0.06735596039704375
3688,-0.04935886230837289
3689,0.06469737768648925
3690,0.07308874040770852
3691,-0.031973197682481726
3692,0.03655314492106671
3693,-0.1365293764750924
3694,-0.016235052746883378
3695,-0.05293590418484623
3696,-0.032471928971460125
3697,0.0289457234107163
3698,0.058118500632529
3699,0.06933410472088922
3700,-0.009320395454325253
3701,-0.05815550629339228
3702,-0.039244584465082444
3703,0.02069195034436477
3704,-0.028760679608538467
3705,0.010140791524866362
3706,-0.010841095878474876
3707,0.025282134945260035
3708,0.03049221682463623
3709,-0.06949993504231992
3710,0.07868426776246838
3711,-0.029061989314079342
3712,0.05885396169398669
3713,-0.049167834499559415
3714,0.051467962455078016
3715,-0.0448630199215211
3716,-0.008650599194359185
3717,0.03819927359386664
3718,0.06677876624000058
3719,-0.11450027996294548
3720,0.005179082762859968
3721,0.007034812937451458
3722,-0.011276838536628371
3723,-0.012207868794239941
3724,-0.12017953424576508
3725,-0.023789167649736855
3726,-0.015295395055247983
3727,-0.05330796375982186
3728,0.02395379544501691
3729,-0.1319329289706884
3730,0.011932076390427643
3731,0.013431082226765784
3732,0.009007326131550576
3733,-0.013203648141921438
3734,-0.026129091225140153
3735,-0.09031112235578645
3736,0.045452538084292275
3737,-0.0102986448043463
3738,-0.07052167228270921
3739,0.018263509951547907
3740,0.03181039922517726
3741,-0.018698041990521656
3742,0.031686914774680566
3743,0.12412611380496069
3744,0.06266695387527343
3745,-0.05132234837391993
3746,0.08846689717949587
3747,-0.007964551543734622
3748,-0.07722698190469866
3749,-0.009852071434350844
3750,0.012311492100029395
3751,0.023960442962520104
3752,0.03564098345316152
3753,0.014282069092296816
3754,-0.01452644073597843
3755,0.042380931830931
3756,0.02327548748776516
3757,-0.004368409781047411
3758,-0.0445686653517429
3759,0.039594404727143956
3760,0.007820734526674662
3761,-0.06555079656296821
3762,-0.007125449967587755
3763,0.055174410577698174
3764,0.017718629960602396
3765,0.06797599711080982
3766,-0.013561078421037787
3767,0.10131487721732342
3768,-0.09179424471288478
3769,-0.0368454254909414
3770,0.06299340142098526
3771,0.030496090202353582
3772,-0.035311489690392495
3773,-0.020278745374271136
3774,-0.01418753844213097
3775,0.06442207565271366
3776,0.08107390106384528
3777,0.014306891389408521
3778,0.045179143686430646
3779,-0.046391964863081156
3780,0.12696555618990113
3781,0.06028526125227215
3782,0.09788279454007721
3783,0.03374542002183752
3784,0.050115240748484745
3785,-0.006574283085794004
3786,-0.0013893598963356998
3787,0.018454907405576676
3788,-0.05434086944425368
3789,-0.0036276065431465557
3790,0.007570532035205295
3791,0.08498452027610864
3792,-0.039512014027093076
3793,0.0672511447011821
3794,0.03337028588781651
3795,-0.04802483490722998
3796,0.06826499514338025
3797,-0.010066897325711107
3798,0.022000663889281437
3799,0.03314013127808467
3800,0.03361806706723579
3801,0.033069141124963855
3802,0.1287089709900052
3803,-0.006123536650043296
3804,0.00975549923257435
3805,-0.13255014409163468
3806,-0.02457866941819166
3807,0.07192621227845826
3808,-0.0213906172822284
3809,-0.06570699333475244
3810,-0.048896884869390984
3811,0.04531706699817707
3812,0.04422436047317659
3813,-0.056152662000637885
3814,0.048884316832196864
3815,0.03217806346013084
3816,-0.0032921805682963635
3817,-0.059955510653592864
3818,0.013612437912049698
3819,0.005265112743635503
3820,-0.08384251866935141
3821,-0.029343638314433228
3822,0.0808904581127145
3823,-0.0029735301492300956
3824,-0.1686591837309858
3825,0.009722482271341759
3826,-0.032045794313049915
3827,0.039727084765344804
3828,0.09363847214540935
3829,-0.00985312991180166
3830,-0.04280926237276681
3831,-0.020522209275483067
3832,-0.02187871585492327
3833,0.011186102791152168
3834,-0.0022749734320030835
3835,0.009652948283684381
3836,-0.03365485017473843
3837,0.016894704034941213
3838,0.006565475651291366
3839,0.0033851053027472086
3840,0.03157836007611417
3841,0.09725214124901721
3842,0.042255846672808114
3843,-0.06208556718171192
3844,-0.044135460293054714
3845,0.04598718095884694
3846,0.0554039096948484
3847,0.046507752874770936
3848,-0.13751005593735224
3849,0.009979306439209936
3850,0.013809482928244021
3851,0.013733654543344583
3852,0.021603829879299007
3853,-0.03447591494705726
3854,0.07451792756697465
3855,0.007278279389145142
3856,-0.08581375860952478
3857,0.0069717308672989226
3858,0.033960349204110535
3859,0.05994982519148299
3860,0.12101220689262772
3861,-0.042884955093773054
3862,-0.09793854674335709
3863,-0.08212122943437536
3864,0.009614499898682051
3865,0.15525734212089737
3866,-0.062303368455976234
3867,-0.03571398703261815
3868,0.09437525173584048
3869,0.09763462745982342
3870,0.0321716675653967
3871,-0.12716115837042305
3872,0.033840102766139045
3873,-0.0185236322152809
3874,-0.0025985031902389863
3875,-0.04993635138760366
3876,-0.031601693001290065
3877,-0.023470214878005533
3878,-0.05629211583988284
3879,-0.019722503805113284
3880,0.05351285780883353
3881,-0.023801826083231146
3882,-0.07473423549437905
3883,0.10412904887511638
3884,0.0994016601467643
3885,0.0830621863033856
3886,0.0071067244919022585
3887,-0.009105783845543697
3888,0.047362016082384016
3889,-0.007075630273701495
3890,-0.08287206609784219
3891,0.05761769220631445
3892,0.06297612408064088
3893,0.07329098871468287
3894,-0.029005771766164177
3895,0.012512317544600794
3896,-0.035303009546530546
3897,-0.025684983593542335
3898,-0.017358148406799022
3899,0.12237836176447388
3900,0.057886522131078186
3901,0.028392405143225517
3902,0.05316093657877766
3903,0.035518947170895716
3904,0.09948317298711717
3905,-0.06001643403545066
3906,0.04007615054924761
3907,0.021049011460923785
3908,0.007571544451658162
3909,-0.021241335702298098
3910,-0.017873166639758305
3911,-0.029822618054656205
3912,0.11973152375680714
3913,0.10810067212380914
3914,0.013413351512277108
3915,0.04607379503245018
3916,0.0028824466734218256
3917,-0.07151553968658948
3918,-0.031223795547985538
3919,0.08320065866680078
3920,-0.01659805486193492
3921,-0.04390427587588468
3922,-0.002423121132361669
3923,0.05518751303939951
3924,0.1201378485736527
3925,0.07201786156251713
3926,-0.05275347239073526
3927,-0.12287619231427795
3928,0.04289094689636994
3929,-0.03324899157967692
3930,-0.01090482360363427
3931,0.07135051592664211
3932,-0.07534245546212634
3933,0.04984481337273705
3934,0.035478741941916955
3935,0.04430949839337614
3936,0.04472931787979043
3937,-0.009226949561004286
3938,0.03826730717289976
3939,-0.03952281060913545
3940,0.033455575107994934
3941,0.025268750072066665
3942,0.019362979285090346
3943,0.017489177365474694
3944,-0.05736990377966791
3945,-0.050921242977516434
3946,0.01756432521756112
3947,0.09987247195221556
3948,-0.022274141614171527
3949,-0.04367037590113429
3950,-0.059012906689994586
3951,-0.0886020324057213
3952,0.15599926216686805
3953,0.13576473188772234
3954,0.012100250919035955
3955,0.03644223085641264
3956,-0.0167439870755062
3957,0.08806328825315216
3958,0.05391768131950753
3959,-0.03670034532229598
3960,-0.011060030774198426
3961,-0.10288452639500995
3962,0.0062663217796740354
3963,-0.022918711215681106
3964,-0.009096929545708777
3965,0.01192571977772115
3966,-0.10360418823946263
3967,-0.01811153149306903
3968,-0.04324202336224989
3969,-0.08238596926630203
3970,0.10842105580425654
3971,-0.035073359404386786
3972,-0.008006473524838315
3973,-0.06071600340263748
3974,0.04915572101354809
3975,0.0015406520064626412
3976,-0.02440107932981855
3977,0.0038272334955001056
3978,-0.06954501731191527
3979,0.015133113457975942
3980,0.010146091698139126
3981,-0.08505302529923485
3982,0.03343231471424729
3983,-0.047189804908386354
3984,-0.022514741396050867
3985,0.08381118173785206
3986,0.005841994465925976
3987,0.07166188900043949
3988,0.004198184308469882
3989,0.029234447793626776
3990,0.0204575012657658
3991,-0.055514010461225914
3992,-0.007647330026420072
3993,-0.005517189209701786
3994,-0.008841200237459587
3995,-0.016099911722864624
3996,-0.023670666599798273
3997,0.024141169958256645
3998,0.014548762334600576
3999,-0.045265179268899516
4000,0.036860832784899364
4001,2.378560879347548e-4
4002,-0.10892347083765144
4003,0.03377841600957002
4004,-0.06950237993648747
4005,0.06268258432413394
4006,0.03052190854570845
4007,0.02539787090476471
4008,0.08570610267491566
4009,-0.16387039747132787
4010,-0.005287626184939366
4011,0.04056457367555384
4012,0.04013486458058416
4013,-0.07479171786060684
4014,-0.002150805155669718
4015,-0.034582060771054426
4016,-0.03826376572264465
4017,0.023912190332717027
4018,-0.02930836752649605
4019,0.033288975172866754
4020,-0.006661108466041985
4021,0.029876216088913662
4022,-0.004330711819115748
4023,-0.04789560185274339
4024,0.04348036944732979
4025,0.038361862678586
4026,0.06624808352113024
4027,-0.025891200662658917
4028,-0.029267507304860836
4029,-0.03905401408562137
4030,0.07546032275455569
4031,0.06052371497409888
4032,0.09698536092253748
4033,0.031141124065303456
4034,0.024462864987152878
4035,0.019946509826415625
4036,-0.01936011275830692
4037,-0.064151709514587
4038,0.03411121312865102
4039,0.09497876964810206
4040,-0.0034660994431022635
4041,-0.010100474587288338
4042,-0.03410271737045498
4043,-0.06071366635811059
4044,-0.02435910376888334
4045,-0.006958150230973396
4046,-0.05745466690604897
4047,0.04185329763186032
4048,-0.041835532474056934
4049,0.011623114031371222
4050,-0.02890334175541246
4051,0.07065428510101761
4052,-0.010107854157236886
4053,0.15731823409090534
4054,0.008049986307406765
4055,0.0017027123875631468
4056,0.00476787122376034
4057,-0.022656923857017224
4058,-5.789199403766054e-4
4059,-0.020418746079443793
4060,0.008006597491805855
4061,0.013670027464246781
4062,-0.061614429013819166
4063,0.012508846238963506
4064,0.06529076816015211
4065,0.0207319847889713
4066,-0.034473391802509475
4067,-0.007256940313642515
4068,-0.05576039998166382
4069,0.001646558099009477
4070,0.06647322953230891
4071,0.08198136543511578
4072,-0.010797627198673363
4073,-0.02635877737870663
4074,-0.1205979726560095
4075,0.015970783545150153
4076,-0.0224090851074659
4077,0.02689308193575233
4078,0.01755995034887079
4079,0.20640471748477968
4080,-0.03490053660421961
4081,0.06783710773227195
4082,0.07865904498043137
4083,0.04348131970531592
4084,0.05324174624049371
4085,0.0437143350193239
4086,-0.03924432471884286
4087,-0.07533455691267572
4088,0.0027036551899733835
4089,-0.04595316182534016
4090,-0.004396764051328571
4091,0.015077593918102898
4092,0.008884973791890103
4093,-0.006987431445645846
4094,0.04882540971087583
4095,0.005022669471812919
4096,0.028394605884390498
4097,0.02652865470607624
4098,-0.026330730788603884
4099,0.011191438271579632
4100,0.03934693863060494
4101,-0.07254374320315488
4102,-0.07524862730542656
4103,0.012041182186874383
4104,-0.04550622306554715
4105,-0.020067317568871004
4106,0.04022381772080792
4107,0.06918200265099415
4108,-0.04142863835900888
4109,0.040084293423452454
4110,0.11436863785952849
4111,0.017497635210417604
4112,0.0654671163996214
4113,-0.03178678561155693
4114,-0.10442307521847621
4115,0.06915952631276315
4116,-0.018003356396468148
4117,-0.06229518225672777
4118,0.0873008313197559
4119,0.028141253661392338
4120,0.1625020588415224
4121,0.044784330791133725
4122,0.0020860579066846463
4123,-0.08179421905383512
4124,0.02211339551783332
4125,0.05805942655720831
4126,0.0908400220054581
4127,-0.03394785431887049
4128,-0.02154252582271681
4129,-0.08989052148582818
4130,-0.03930916146813426
4131,0.009800421577673378
4132,-0.05567813942748007
4133,0.02518648501084406
4134,0.03532278727819567
4135,0.040934496832486546
4136,-0.056115967331652285
4137,-0.04824398633789463
4138,0.05225870280917149
4139,0.03485892439600262
4140,-0.05916244949331517
4141,-0.03771614771888465
4142,-0.03868556247697301
4143,0.018828724615128495
4144,-0.010315155057584218
4145,-0.005798668678988185
4146,-0.015405843368053042
4147,0.03156755185823783
4148,-0.018322543306645202
4149,0.04392679360849689
4150,-0.03867304183437403
4151,-0.03016905281943088
4152,-0.04879662418522873
4153,0.020008989472786093
4154,-0.049158853780956226
4155,-0.04451134546964028
4156,0.008592527048317762
4157,0.006747571240824134
4158,-0.03299122277553612
4159,-0.04146181694488724
4160,0.09122515330974365
4161,-0.01080027213487229
4162,-0.060051426436919055
4163,-0.07068249826132732
4164,-0.10152194579819639
4165,-0.003049622041903128
4166,0.017494715767835307
4167,0.18008350066308224
4168,0.02515596844318009
4169,0.029723957990565455
4170,0.07356525577025125
4171,-0.05987967173645142
4172,-0.08013323810420964
4173,-0.022218146916758677
4174,-0.050155751204434544
4175,0.021670996408739037
4176,2.537093956430838e-4
4177,-0.009115574427785805
4178,0.09313215645607352
4179,0.06453393005508865
4180,-0.12120682760636409
4181,0.09135769426989057
4182,-0.010924347924001732
4183,0.007430116364546732
4184,0.04384036673645931
4185,0.07429560850581136
4186,0.03709733646538458
4187,0.0016874469350734043
4188,0.05665211941517104
4189,-0.1611358964022748
4190,-0.04993386223884103
4191,0.013979437130295414
4192,-0.012555217197284384
4193,0.03467658265403274
4194,0.08490651491559947
4195,-0.04585827517896941
4196,0.07422064817442935
4197,0.004642771562729881
4198,0.007215656174856781
4199,-0.0036654347664492317
4200,0.016819878135369885
4201,0.10189222556212671
4202,0.03102177006431412
4203,0.14285063567512782
4204,-0.14172233197662537
4205,-0.020489515186382395
4206,-0.043274648643378225
4207,0.010138547009951987
4208,0.017201258560834688
4209,-0.040261759724655656
4210,-0.11610211343207535
4211,0.047775163735540783
4212,-0.006166662327814345
4213,-0.0747302795218404
4214,-0.12525491238921466
4215,0.009120591676775536
4216,0.07836957159030437
4217,-0.008228885842637711
4218,0.05345930208307704
4219,0.06396133585861583
4220,-0.022947793686303973
4221,0.00498443947878225
4222,0.028491525539800746
4223,-0.03999216305444245
4224,0.025544731124012673
4225,-0.015301547729418854
4226,0.005543538094484493
4227,0.05880740041433124
4228,-0.03644485010608926
4229,0.021030794912788135
4230,-0.041105649661992524
4231,-0.06145283630977769
4232,-0.09212966158425534
4233,0.17551251128168863
4234,0.10417846974656539
4235,0.009021634578741562
4236,-0.1053153600555426
4237,0.15858504748623192
4238,0.0493782804074923
4239,0.0644444682071533
4240,-0.019735685766205442
4241,0.03003988505457349
4242,-0.057091194843903584
4243,-9.298493943414934e-4
4244,-0.007147480330816219
4245,0.03911014227889563
4246,0.021531582456486557
4247,-0.027794267502044865
4248,-0.006525292289454802
4249,-0.128780393805299
4250,0.028929571791038822
4251,-0.10348648459742957
4252,-0.09018185956944057
4253,-0.015321973937671183
4254,0.024735761173144685
4255,-0.011822982237627889
4256,-0.02463404188688384
4257,-0.052080085982639905
4258,0.10158436175489627
4259,-0.014121669322853367
4260,0.027279084648087502
4261,0.0027186698207130244
4262,0.06662674848657181
4263,-0.05030530799179727
4264,0.04126265180039147
4265,0.06530034888251729
4266,0.004763673516902911
4267,-0.13153839171167225
4268,0.03118689650290848
4269,0.019286338739473375
4270,-0.027493011436019205
4271,0.07307448312567144
4272,-0.008139287308165325
4273,0.006107827418359241
4274,-0.038102879787160523
4275,-0.0074981549241761244
4276,0.04398105855814276
4277,-0.07767938176495802
4278,0.05056766797709966
4279,0.02087523287530316
4280,0.04111872194610986
4281,0.010832355545991752
4282,0.02717120134524659
4283,-0.059127980831051447
4284,0.01733491250484698
4285,-0.04052010188982146
4286,-0.06338742780876301
4287,0.007853817903719303
4288,-0.0092709688909176
4289,0.03670991044295906
4290,-0.06157249763757677
4291,0.024270576007255865
4292,-0.025910658658773084
4293,0.10277834633755904
4294,0.1193563464028535
4295,0.05950033504046711
4296,-0.06297518665961135
4297,0.026541570917089554
4298,0.004794963803487406
4299,-0.005734185854135076
4300,0.02906637358465819
4301,-0.04924951835026771
4302,-0.0042995887284118725
4303,0.045253256651296064
4304,0.021596438303204523
4305,0.03771149858392733
4306,-0.03893699770426465
4307,-0.08275863022212016
4308,0.009590767421606923
4309,0.021007068371330442
4310,0.1717346602993886
4311,0.09301646522595278
4312,-0.03233377538114232
4313,0.06971662458278494
4314,0.027261561037743264
4315,-0.0546574551631102
4316,-0.06654768487904734
4317,0.025701954014182918
4318,0.040341345826923586
4319,-0.009337320828987469
4320,0.04163885765473593
4321,-0.014815322613660316
4322,0.022430801869243882
4323,-0.019374610599258404
4324,-0.03638662515446321
4325,0.11155338077271751
4326,-0.05538935149277602
4327,0.007352835680378169
4328,0.06149856403674713
4329,0.02254633003716265
4330,-0.009224369538602367
4331,-0.001580051726114506
4332,0.027695327088834334
4333,0.0024483992581588575
4334,0.058115278478565124
4335,-0.0023468542385903296
4336,-0.10505002775891831
4337,0.034293122172172404
4338,0.03988217824203325
4339,0.01882851751677487
4340,-0.010863150756635409
4341,-0.015706422795937633
4342,-0.006246110855303737
4343,0.04713034202651084
4344,0.047573057923290626
4345,-0.15414907450929619
4346,0.06870547550168998
4347,-0.04645284059819747
4348,-0.09366350275837368
4349,-0.02045907904180528
4350,0.02915032230176224
4351,-0.007797159915404309
4352,0.024193139062586536
4353,-0.00132362416265722
4354,-0.019263455980285865
4355,-0.03141261686088974
4356,0.027768123829177514
4357,-0.006042310618830583
4358,0.06513398935431366
4359,0.007944157287981786
4360,0.004437528351525865
4361,0.08195607292414381
4362,0.09322329788682186
4363,-0.04403508610737278
4364,0.024364883524286618
4365,-0.004463157058771611
4366,-0.012742270364349963
4367,0.002266839101092477
4368,-0.002523767787554577
4369,0.040240116486625746
4370,0.013688332454279282
4371,0.03281455992148469
4372,0.05889112567476915
4373,-0.01705877829641266
4374,0.06496848622075974
4375,-0.1327284903081788
4376,-0.020141203730550075
4377,0.011720351053826336
4378,0.024977541812244555
4379,0.034223046961925074
4380,0.061861119740567974
4381,-0.01463437283480501
4382,-0.06391095206526573
4383,0.044461383998294586
4384,-0.043969511685195216
4385,0.08416597772870937
4386,0.0519798067615221
4387,0.05911391635673491
4388,-0.06842516592897209
4389,-0.040208673720150974
4390,0.005422984310895752
4391,-0.08236472945588302
4392,0.05570807984442323
4393,0.005670618713654201
4394,0.11063709383426609
4395,-0.001952251718842564
4396,0.03600714575989955
4397,0.020322029817924726
4398,0.050858236715957544
4399,-0.004142967903039125
4400,-0.05399965550369337
4401,0.0020229568781936456
4402,-0.0022876646128741143
4403,0.0020236392942395223
4404,0.032599665269214075
4405,0.07492113727419833
4406,0.0332050508376988
4407,-0.023148918097369298
4408,0.0019845552230899205
4409,0.06304312687198217
4410,-0.04140483720482194
4411,0.019386570156198553
4412,-0.05357440970955646
4413,-0.010235499483140818
4414,-0.06501667647060796
4415,-0.03747332254926932
4416,-0.004827861606154702
4417,0.02153059055838666
4418,-0.0041827845165501275
4419,-0.021803646630018013
4420,-0.18807968288565122
4421,0.03948680824301179
4422,0.05420974319246741
4423,-0.042885349769077125
4424,-0.06838719304189263
4425,-0.020874508082387343
4426,0.05797241076677111
4427,0.11940204443987511
4428,-0.03942062916348809
4429,-0.08169427420409517
4430,0.006788029909803328
4431,-0.021516471217958504
4432,-0.05183849151396554
4433,0.03403835129798001
4434,-0.01334033251271085
4435,0.02053632147542079
4436,-0.040492491534974
4437,-0.028522751691058
4438,-0.002797832496979993
4439,-0.0437607322987528
4440,-0.03492027401607844
4441,-0.0190610539750493
4442,-0.03513833763193885
4443,-0.010898230465860817
4444,0.048115204694198624
4445,0.03262127444570573
4446,0.10137178100302571
4447,0.009454037299485477
4448,-0.020319695173440455
4449,0.005013578076986876
4450,-0.023775879105514094
4451,0.010725347434940684
4452,0.07166831886629592
4453,-0.001262922280393118
4454,0.04278589946340916
4455,0.022308078496690625
4456,0.011969914897149462
4457,-0.03218432539335792
4458,-0.008793347742039354
4459,0.061593501800181506
4460,0.08150939038716433
4461,0.050415236562023936
4462,-0.16069819087744525
4463,0.0453402951505571
4464,-0.05919078146220814
4465,-0.05538167449219359
4466,-0.04595631711465405
4467,-0.01133503544232281
4468,0.05806206989087559
4469,0.0036752345141986102
4470,-0.07059504046679033
4471,-0.003885645379310909
4472,0.0020908622718051884
4473,0.10333900035487735
4474,0.07666242638161447
4475,0.07719180618921845
4476,-0.03729491306991958
4477,-0.07195341318877108
4478,-0.027700900444828563
4479,0.11854325603736433
4480,-0.028187748883537755
4481,0.08041243614989987
4482,0.013558130351665327
4483,-0.029495560280901084
4484,-0.038311025292995377
4485,0.004151490556332644
4486,0.05186904811614379
4487,0.06991263366643327
4488,0.014348452686645696
4489,0.07041521376059473
4490,0.03368064319875499
4491,-0.04550359770016817
4492,0.01921548709121667
4493,0.0014903196312587089
4494,-0.03466569597886863
4495,-0.0011095061166329287
4496,-0.07915891634456973
4497,0.020273023547370456
4498,0.13338713854020354
4499,-5.517541979989798e-4
4500,-0.002665547816928099
4501,-0.014559674452530171
4502,0.05979820619616914
4503,-0.04429154225412017
4504,-0.031786289862027764
4505,-0.11378399208402111
4506,0.04824596007171303
4507,0.09691857117820153
4508,-0.014629354086785534
4509,-0.05476175436523225
4510,0.06892473421176222
4511,0.06666191266618908
4512,0.0687556680400229
4513,0.054116093663891765
4514,0.030317430398077577
4515,0.029211242227391604
4516,-0.012067639818715678
4517,-0.039337744795390844
4518,0.05701087509675317
4519,-0.07421171255612515
4520,-0.04009063534456633
4521,-5.282438100186783e-4
4522,0.0470503448264021
4523,-0.05874233032776982
4524,0.0056408998961266915
4525,-0.009111177978437425
4526,0.02124421702660218
4527,-0.06968318029202225
4528,-0.026767268348499674
4529,0.010604163998951938
4530,-0.042576706830078755
4531,0.02591622928918459
4532,0.11943308976525337
4533,0.07006283948189629
4534,-0.09180387025550676
4535,-0.0027967143098723574
4536,0.061741159931104884
4537,-5.465511747788851e-4
4538,-0.013325806407852997
4539,-0.04727380884457594
4540,0.022003648096557707
4541,-0.058156205457118276
4542,0.10619601196738446
4543,-0.023466049842993428
4544,0.07633962563895355
4545,-0.011553907628463714
4546,0.004672064547981476
4547,-0.07629770308236607
4548,-0.009028744982346737
4549,-1.647702834536545e-4
4550,0.007575641300134306
4551,0.04151514656879392
4552,0.026811745451534037
4553,-0.03704708465947513
4554,0.007515805524134698
4555,0.10233201678016562
4556,-0.003989656177473154
4557,-0.038952572811992395
4558,-0.11398583174239507
4559,-0.017399798219757245
4560,-0.058259063401134493
4561,-0.0358591664176959
4562,-0.0488500153937609
4563,0.048264014219876014
4564,-0.0072444798022417885
4565,-0.001556317672692755
4566,-0.025549299160455
4567,-0.0385848474479383
4568,-0.020285361549156677
4569,0.03833436743280443
4570,0.11075450082813043
4571,0.03459469478802752
4572,0.04970164724441774
4573,-0.07797923531516382
4574,0.01264666261437335
4575,0.04651828771362149
4576,-0.05021815420275591
4577,-0.06474046829596569
4578,0.09639829301976276
4579,0.05069681275343588
4580,-0.12147651483235351
4581,0.04953920896719603
4582,-0.02733113075237964
4583,0.024123185969313503
4584,-0.06185534388235785
4585,0.05316993211225415
4586,-8.186944711370339e-4
4587,-0.0882177304452133
4588,-0.0049028577169877435
4589,-0.03070721511326161
4590,-0.009411367811488543
4591,-3.004563359349441e-4
4592,-0.008980431302283846
4593,-0.02008685901475569
4594,0.06326513848216106
4595,0.09426635907349817
4596,0.009164394009772163
4597,-0.03389736790533978
4598,0.02680204036215822
4599,-0.08285208222682766
4600,0.055234768875290705
4601,0.09105471003681828
4602,-0.007791860875439713
4603,-0.011084429678923136
4604,0.054781497654850055
4605,-0.010647127606734606
4606,0.003197465800475422
4607,0.021821893408298085
4608,-0.003710228022333893
4609,0.045357659292164496
4610,8.12276404813227e-4
4611,-0.02309485701646952
4612,5.0236957708869184e-6
4613,0.010148280720138863
4614,-0.07408923122184378
4615,-0.016408541082612443
4616,0.07689919206145092
4617,0.09329006156988404
4618,0.04966016414177189
4619,-0.06209373762546248
4620,0.03842640638943359
4621,-0.07264612980063168
4622,0.004959921402993749
4623,-0.019270115084467333
4624,-0.1117671528477848
4625,0.03301677980304417
4626,0.04013077257613215
4627,-0.09031007605281784
4628,-7.213184092238357e-4
4629,-0.02571655336878817
4630,-0.07957763139482647
4631,0.022516207357841114
4632,-0.04466124591168646
4633,-0.04743592175502318
4634,0.11955405923206254
4635,-0.002616559615751062
4636,0.005280958850011196
4637,-0.07009001883425743
4638,0.09094898961562944
4639,0.09822164919158105
4640,-0.020293412200716832
4641,0.02309527240853201
4642,0.1294074446937373
4643,0.04077763426619819
4644,-0.10998675013211054
4645,-0.029568810806998313
4646,-0.004687344175585542
4647,-0.07797265486350541
4648,0.03461366604931562
4649,-0.0661192909152866
4650,-0.028038898039278382
4651,-0.0017974449904718613
4652,0.07137557809751599
4653,-0.11205471765921873
4654,-7.156937948828851e-4
4655,-0.04513320743565041
4656,0.00534760810178795
4657,-0.0220937808405853
4658,0.032570944923359484
4659,0.061586139896346245
4660,0.012215115875936596
4661,-0.005834365293474607
4662,-0.039533820975309136
4663,0.006537777920966407
4664,0.05655864595647167
4665,0.003514590771460227
4666,0.01856399036050314
4667,0.01201654200496708
4668,-0.022691177559045535
4669,-0.012016192760671729
4670,-0.10460265417095489
4671,-0.07586428908497411
4672,0.02905269262424893
4673,0.13703687342151358
4674,-0.11340101346849848
4675,0.004568790151839072
4676,-0.08527587505905065
4677,-0.05065234576965366
4678,0.006869012968788155
4679,0.1296012587710751
4680,0.09339299153635164
4681,0.13567404050191387
4682,-0.021435035588232208
4683,0.0720644589702929
4684,0.005047679927378881
4685,-0.045171634284752904
4686,0.045612873178122834
4687,-0.005063901187926546
4688,0.03526770404240559
4689,0.04109524575302923
4690,-0.030298260629758902
4691,-0.08099099237307184
4692,0.02275921251978867
4693,0.07038946672268609
4694,0.04340033492785423
4695,-0.022563043681510856
4696,-0.03356164413446917
4697,0.03198737621685256
4698,0.021641201453162045
4699,0.08194705624058807
4700,0.022768375969847404
4701,0.04140972988382619
4702,0.053301495660034504
4703,-0.06562578226831817
4704,-0.03528145121245475
4705,0.08797141921091992
4706,-0.04765831753777661
4707,-0.004119590537639446
4708,3.832073057882519e-4
4709,0.0390146802062487
4710,-0.028154133903436396
4711,0.036153284466503274
4712,0.1297392209231403
4713,0.1095049693343257
4714,0.0741130738789963
4715,0.0648608275281149
4716,0.06703228071006292
4717,0.03479163418135666
4718,0.09958488226569823
4719,-0.053953083944696056
4720,0.09293145726272074
4721,0.032954344670979074
4722,-0.015568449687060823
4723,-0.04554204062926426
4724,-0.002606785107956533
4725,0.005578401719749493
4726,0.04511791921369556
4727,0.031622936711962056
4728,-0.01681318825184377
4729,-0.04823531122072392
4730,0.11806215534768605
4731,-0.05790189023685586
4732,0.01792664926781306
4733,-0.05352762057946025
4734,-0.029885340593463046
4735,0.01628067257073402
4736,-0.019464185681257504
4737,0.005320580388509116
4738,0.007943937790844631
4739,0.05312417837795645
4740,-0.002625698226243138
4741,-0.022158914969938694
4742,0.008516877376114507
4743,0.026748732878589795
4744,-0.05128028956577321
4745,0.020457951579597827
4746,0.05621838260901066
4747,-0.0711279940689603
4748,0.0022442602055554525
4749,-0.06311585747786731
4750,-0.050605045509694344
4751,0.027093739709870453
4752,0.028516577169020754
4753,-0.04926888343121722
4754,-0.0039068199723035595
4755,0.05723130369599766
4756,-0.07973962434397976
4757,-0.02215041867281839
4758,0.05534621632943206
4759,-0.01199154461990535
4760,-0.0407641912683256
4761,-0.12239503105700217
4762,0.05478318071869598
4763,0.03688624370409219
4764,-0.11400587026491801
4765,-0.10463682604266107
4766,-0.06667509602050896
4767,-0.03519089682099828
4768,-0.024535481525694493
4769,0.03532752708179141
4770,-0.09532686679108571
4771,-0.00644390812227923
4772,-0.10918602571453676
4773,-0.014280430254935231
4774,0.03035168765624273
4775,-0.04098985597392786
4776,-0.16220845368273495
4777,0.08213096312407867
4778,-0.05150762015413145
4779,0.026231505931854755
4780,0.07105611585028862
4781,-0.036267972049514194
4782,0.006590177841328895
4783,0.04120024518921957
4784,-0.09333996808209533
4785,-0.043827188021011515
4786,0.008846490770813831
4787,0.04800675872962123
4788,0.06687061628944908
4789,-0.031027912853846526
4790,0.04042091654362741
4791,-0.02743925616040263
4792,0.10532622619295605
4793,0.009141307374048578
4794,-0.008106860918732917
4795,0.029511950003831573
4796,0.01529732199672005
4797,-0.09724718912698094
4798,0.1031894168508047
4799,0.008835826446152254
4800,0.030848920759205426
4801,-0.04165065196401768
4802,-0.012260932529925453
4803,0.061756470350763905
4804,0.08491952334614622
4805,0.0480157174398539
4806,0.05704242597717428
4807,-0.05187276422725638
4808,0.07868909526183654
4809,0.07226046823261315
4810,0.08039646004457612
4811,-0.04770453439145974
4812,-0.06009853641952456
4813,-0.014895268982028536
4814,0.06559847271842952
4815,-0.03574816150140589
4816,-0.006421188249679324
4817,0.06930378649127036
4818,-0.05710443161552757
4819,-0.03581010469339239
4820,0.031880722373045595
4821,-0.06335556758099342
4822,0.015790222094826365
4823,0.06392611799691925
4824,0.029040284189073805
4825,-0.030067834971901068
4826,0.10076686412344889
4827,-0.04812229039376309
4828,0.035080093365913646
4829,0.05088399662349105
4830,0.07304071126792169
4831,0.053744524600052565
4832,-0.027579684223910744
4833,0.03578761947211831
4834,1.4260666431529026e-4
4835,-0.02484636840570706
4836,0.020994566911737428
4837,-0.020226215232954172
4838,-0.045002903705628206
4839,0.0028127370087592356
4840,0.07696658075665092
4841,0.015915762516959676
4842,-0.03850669733245561
4843,6.435758437941357e-4
4844,0.017512222575619296
4845,-0.0609078302994591
4846,0.016892201847250328
4847,-0.005405021466444681
4848,-0.07678351953327849
4849,0.04031690364911541
4850,0.03040819317824127
4851,-0.09774905511854494
4852,0.005635395986452324
4853,0.003673646591163943
4854,-0.053546481037256385
4855,-0.08126971934487381
4856,0.0239875824310097
4857,0.12722758362256054
4858,-0.08444836250763134
4859,-0.04707214529956298
4860,0.04727717522524534
4861,-0.020897127646283372
4862,-0.06783933049017819
4863,0.033319318821361354
4864,0.04217270966435939
4865,-0.03980145955971623
4866,-0.02911887007256651
4867,0.03416147558176914
4868,-0.06656860901880275
4869,0.020068282948328867
4870,0.03436145094383331
4871,-0.07090171895271132
4872,-0.03179775828197983
4873,0.08574819373728504
4874,0.02208797302720926
4875,-0.01974990114944817
4876,0.037417576251381174
4877,0.005139436728864244
4878,0.041498057543224394
4879,0.017908888497790456
4880,0.012045019765844621
4881,0.044762674306737534
4882,0.0025526992633240434
4883,0.024709849925349546
4884,-0.006233617773064578
4885,-0.031941936611441124
4886,-0.044735653484672344
4887,-0.021516823909862665
4888,-0.020888517824679848
4889,0.03080638217718991
4890,-0.05251921131364618
4891,0.08481306702872003
4892,0.004116039435170336
4893,0.03632043911618095
4894,-0.06528545068595021
4895,0.07775847336683353
4896,0.08526001497549805
4897,0.020955217356508633
4898,0.06128990584345015
4899,0.004760221522041734
4900,0.07457005490205929
4901,0.07209447611698407
4902,0.05289433501220508
4903,-0.044918582154761376
4904,0.018731256380105685
4905,-0.0410169244153881
4906,-0.026099744112373625
4907,-0.07646113005823116
4908,0.05230438725024989
4909,-0.03373774017757238
4910,-0.02967680336765876
4911,0.05540475185392686
4912,0.037484667995224
4913,0.052669960950304115
4914,0.012100014866756732
4915,0.06054277721447373
4916,0.04630860488684954
4917,0.010147914568213732
4918,0.02390055126377924
4919,0.051934737795288975
4920,-0.03231811529498876
4921,-0.044082515184870996
4922,-0.018762967043747143
4923,-0.15397969712426268
4924,-0.04004356946924565
4925,-0.03284861880952537
4926,-0.06186742498797376
4927,-0.08528253974734526
4928,0.036128298541768473
4929,-0.047780040150669875
4930,0.09566709622036995
4931,-0.059924816060821284
4932,0.07742589474160642
4933,0.06205107471867581
4934,0.06560121619167517
4935,-0.0030786205192650413
4936,0.07507622117765093
4937,0.019965866787853184
4938,0.05008832170270432
4939,-0.016808864624664358
4940,-0.0329412192682904
4941,-0.04411008560599504
4942,-0.003722137267255116
4943,-0.030526178201139294
4944,0.06282360349730869
4945,0.03935920511174322
4946,-0.024920551643395815
4947,-0.00798331095413225
4948,-0.0014106846760935515
4949,-0.04643045696587074
4950,0.0031131715877140437
4951,0.06923881870166503
4952,0.008836363554780749
4953,-0.02796567657739647
4954,0.027430823064666224
4955,0.012703493354078525
4956,0.0013433878231782076
4957,0.04466620822887645
4958,-0.044124091015267854
4959,0.06603873371355119
4960,-0.0055696242361858925
4961,0.04240442119414648
4962,0.025611422610213007
4963,-0.07366013788970548
4964,-0.02893723104081341
4965,0.01891171376695716
4966,-0.07532110040282283
4967,0.0227390519924014
4968,-0.03372139570977287
4969,-0.03049994647636431
4970,0.06330647757379805
4971,0.06268211337550168
4972,0.04882625371415195
4973,-0.011611044423363148
4974,3.1304243927809776e-4
4975,0.050777744254308504
4976,-0.0019793890388744087
4977,-0.07468260400205018
4978,-0.045409007896376315
4979,0.045214314952693624
4980,0.05163823063650065
4981,0.03005215898701397
4982,0.055872770077366324
4983,0.12937057270265517
4984,-0.020652912251265417
4985,-0.13611163488070607
4986,-0.02466723744016671
4987,-0.05696441883065536
4988,-0.004631158272093587
4989,0.04624621752177624
4990,0.04087242065451069
4991,-0.031240609452360915
4992,4.882869699429533e-4
4993,0.11449082900560409
4994,-0.004330601565088411
4995,0.03249822529824576
4996,0.0694356860314588
4997,0.04305849907675588
4998,-0.04680484067192919
4999,0.06809727730291576
5000,-0.1149186884321661
