case_id,theme,year,issue,source_resolution,document_layer,document_symbol,committee,url,local_path,download_status,notes,date_accessed
N1,Country-specific human rights reports: DPRK,2007,Human rights,A/RES/62/167,resolution,A/RES/62/167,,https://documents.un.org/api/symbol/access?l=en&s=A%2FRES%2F62%2F167&t=pdf,data/raw/un_docs/resolutions/A_RES_62_167.pdf,existing,Official resolution text.,2026-05-16
N1,Country-specific human rights reports: DPRK,2007,Human rights,A/RES/62/167,committee_report,A/62/439/Add.3,Third Committee,https://documents.un.org/api/symbol/access?l=en&s=A%2F62%2F439%2FAdd.3&t=pdf,data/raw/un_docs/committee_reports/A_62_439_Add_3.pdf,existing,Third Committee (A/62/439/Add.3),2026-05-16
N1,Country-specific human rights reports: DPRK,2007,Human rights,A/RES/62/167,draft,A/C.3/62/L.37,Third Committee,https://documents.un.org/api/symbol/access?l=en&s=A%2FC.3%2F62%2FL.37&t=pdf,data/raw/un_docs/drafts/A_C_3_62_L_37.pdf,existing,"Korea (see A/C.3/62/SR.27).
10. At the same meeting, the Independent Expert on the situation of human rights
in Burundi made a statement and engaged in a dialogue with the representatives of
Burundi, Portugal (on behalf of the States Members of the United Nations that are
members of the European Union), Guinea-Bissau, the United Republic of Tanzania,
the United States of America and Cameroon (see A/C.3/62/SR.27).
11. Also at the 27th meeting, the Independent Expert on the situation of human
rights in the Democratic Republic of the Congo made a statement and engaged in a
dialogue with the representatives of the Democratic Republic of the Congo,
Rwanda, Guinea-Bissau, Canada, the United States of America, Portugal (on behalf
of the States Members of the United Nations that are members of the European
Union) and Burundi (see A/C.3/62/SR.27).
12. At the 29th meeting, on 29 October, the Special Rapporteur on the situation of
human rights in the Sudan made a statement and engaged in a dialogue with the
representatives of the Sudan, Portugal (on behalf of the States Members of the
United Nations that are members of the European Union), the United States of
America, China, the Libyan Arab…",2026-05-16
N1,Country-specific human rights reports: DPRK,2007,Human rights,A/RES/62/167,draft,A/C.3/62/L.37/Rev.1,Third Committee,https://documents.un.org/api/symbol/access?l=en&s=A%2FC.3%2F62%2FL.37%2FRev.1&t=pdf,data/raw/un_docs/drafts/A_C_3_62_L_37_Rev_1.pdf,existing,", in this regard:A/62/439/Add.3
07-62612 6
“(a) To immediately put an end to the systematic, widespread and grave
violations of human rights mentioned above, inter alia by implementing fully
the measures set out in the above-mentioned resolutions of the General
Assembly and the Commission on Human Rights, and the recommendations
addressed to the Democratic People’s Republic of Korea by the United Nations
special procedures and treaty bodies;
“(b) To tackle the root causes leading to refugee outflows and
criminalize those who exploit refugees by human smuggling, trafficking and
extortion, while not criminalizing the victims;
“(c) To extend its full cooperation to the Special Rapporteur, including
by granting him full, free and unimpeded access to the Democratic People’s
Republic of Korea, and to other United Nations human rights mechanisms;
“(d) To engage in technical cooperation activities in the field of human
rights with the United Nations High Commissioner for Human Rights and her
Office, as pursued by the High Commissioner in recent years, with a view to
improving the human rights situation in the country;
“(e) To extend to United Nations agencies and other humanitarian actor…",2026-05-16
N1,Country-specific human rights reports: DPRK,2007,Human rights,A/RES/62/167,draft,A/C.3/62/L.41,Third Committee,https://documents.un.org/api/symbol/access?l=en&s=A%2FC.3%2F62%2FL.41&t=pdf,data/raw/un_docs/drafts/A_C_3_62_L_41.pdf,existing,",
Paraguay, Peru, Philippines, Poland, Portugal, Romania, Samoa, San Marino,
Saudi Arabia, Serbia, Slovakia, Slovenia, Spain, Sweden, Switzerland, the
former Yugoslav Republic of Macedonia, Timor-Leste, Tonga, Turkey, Tuvalu,
Ukraine, United Kingdom of Great Britain and Northern Ireland, United
Republic of Tanzania, United States of America, Uruguay, Vanuatu.
Against:
Algeria, Belarus, China, Cuba, Democratic People’s Republic of Korea, Egypt,
Guinea, Indonesia, Iran (Islamic Republic of), Lao People’s Democratic
Republic, Libyan Arab Jamahiriya, Malaysia, Myanmar, Oman, Russian
Federation, Somalia, Sudan, Syrian Arab Republic, Uganda, Uzbekistan,
Venezuela (Bolivarian Republic of), Viet Nam, Zimbabwe.
Abstaining:
Angola, Antigua and Barbuda, Barbados, Benin, Bolivia, Botswana, Brunei
Darussalam, Burkina Faso, Cameroon, Cape Verde, Chad, Colombia, Congo,
Côte d’Ivoire, Democratic Republic of the Congo, Djibouti, Dominica,
Dominican Republic, Ecuador, Equatorial Guinea, Ethiopia, Guatemala,
Guyana, Haiti, India, Jamaica, Kenya, Kuwait, Kyrgyzstan, Madagascar, Mali,
Mauritius, Mozambique, Namibia, Nepal, Nicaragua, Niger, Nigeria, Pakistan,
Qatar, Republic of Korea, Rwanda, Saint Ki…",2026-05-16
N1,Country-specific human rights reports: DPRK,2007,Human rights,A/RES/62/167,draft,A/C.3/62/L.83,Third Committee,https://documents.un.org/api/symbol/access?l=en&s=A%2FC.3%2F62%2FL.83&t=pdf,data/raw/un_docs/drafts/A_C_3_62_L_83.pdf,existing,", Slovakia, Slovenia, Spain, Sweden, Switzerland, the
former Yugoslav Republic of Macedonia, Timor-Leste, Tonga, Turkey, Tuvalu,
Ukraine, United Kingdom of Great Britain and Northern Ireland, United
Republic of Tanzania, United States of America, Uruguay, Vanuatu.
Against:
Algeria, Belarus, China, Cuba, Democratic People’s Republic of Korea, Egypt,
Guinea, Indonesia, Iran (Islamic Republic of), Lao People’s Democratic
Republic, Libyan Arab Jamahiriya, Malaysia, Myanmar, Oman, Russian
Federation, Somalia, Sudan, Syrian Arab Republic, Uganda, Uzbekistan,
Venezuela (Bolivarian Republic of), Viet Nam, Zimbabwe.
Abstaining:
Angola, Antigua and Barbuda, Barbados, Benin, Bolivia, Botswana, Brunei
Darussalam, Burkina Faso, Cameroon, Cape Verde, Chad, Colombia, Congo,
Côte d’Ivoire, Democratic Republic of the Congo, Djibouti, Dominica,
Dominican Republic, Ecuador, Equatorial Guinea, Ethiopia, Guatemala,
Guyana, Haiti, India, Jamaica, Kenya, Kuwait, Kyrgyzstan, Madagascar, Mali,
Mauritius, Mozambique, Namibia, Nepal, Nicaragua, Niger, Nigeria, Pakistan,
Qatar, Republic of Korea, Rwanda, Saint Kitts and Nevis, Saint Lucia, Saint
Vincent and the Grenadines, Senegal, Sierra Leone, Singapore, S…",2026-05-16
N1,Country-specific human rights reports: DPRK,2007,Human rights,A/RES/62/167,draft,A/C.3/62/L.41/Rev.1,Third Committee,https://documents.un.org/api/symbol/access?l=en&s=A%2FC.3%2F62%2FL.41%2FRev.1&t=pdf,data/raw/un_docs/drafts/A_C_3_62_L_41_Rev_1.pdf,existing,"o pursue their activities
unhindered and to ensure their safety, security and freedom of movement in
that pursuit;
“(h) To refrain from imposing restrictions on access to and flow of
information from the people of Myanmar, including through the openly
available and accessible use of Internet and mobile phone services;
“(i) To allow the International Committee of the Red Cross to carry out
its humanitarian activities for people in need, in particular by granting
immediate access to persons detained and by providing the necessary
information on persons unaccounted for in relation with recent events;A/62/439/Add.3
07-62612 12
“6. Requests the Secretary-General:
“(a) To continue to provide his good offices and to pursue his
discussions on the situation of human rights and the restoration of democracy
with the Government and the people of Myanmar, including all relevant parties
to the national reconciliation process in Myanmar, and to offer technical
assistance to the Government in this regard;
“(b) To closely monitor the developments with regard to the violent
incidents that took place with the aim of preventing the resumption of
violence;
“(c) To give all necessary assistance to ena…",2026-05-16
N1,Country-specific human rights reports: DPRK,2007,Human rights,A/RES/62/167,draft,A/C.3/62/L.43,Third Committee,https://documents.un.org/api/symbol/access?l=en&s=A%2FC.3%2F62%2FL.43&t=pdf,data/raw/un_docs/drafts/A_C_3_62_L_43.pdf,existing,", Timor-Leste, Turkey, Tuvalu, Ukraine,
United Kingdom of Great Britain and Northern Ireland, United Republic of
Tanzania, United States of America, Uruguay, Vanuatu.A/62/439/Add.3
07-62612 14
Against:
Algeria, Bangladesh, Belarus, China, Cuba, Democratic People’s Republic of
Korea, Egypt, India, Iran (Islamic Republic of), Lao People’s Democratic
Republic, Libyan Arab Jamahiriya, Malaysia, Myanmar, Oman, Pakistan,
Russian Federation, Somalia, Sudan, Syrian Arab Republic, Uganda,
Uzbekistan, Venezuela (Bolivarian Republic of), Viet Nam, Zimbabwe.
Abstaining:
Angola, Antigua and Barbuda, Bahrain, Barbados, Belize, Benin, Bhutan,
Botswana, Brunei Darussalam, Burkina Faso, Cameroon, Cape Verde, Chad,
Colombia, Comoros, Congo, Côte d’Ivoire, Democratic Republic of the
Congo, Djibouti, Dominica, Dominican Republic, Ecuador, Equatorial Guinea,
Eritrea, Ethiopia, Fiji, Guinea, Haiti, Indonesia, Jamaica, Jordan, Kenya,
Kuwait, Kyrgyzstan, Lesotho, Malawi, Mali, Mozambique, Namibia, Nepal,
Nicaragua, Niger, Papua New Guinea, Philippines, Qatar, Rwanda, Saint Kitts
and Nevis, Saint Lucia, Saint Vincent and the Grenadines, Samoa, Saudi
Arabia, Senegal, Sierra Leone, Singapore, Solomon Islan…",2026-05-16
N1,Country-specific human rights reports: DPRK,2007,Human rights,A/RES/62/167,draft,A/C.3/62/L.51,Third Committee,https://documents.un.org/api/symbol/access?l=en&s=A%2FC.3%2F62%2FL.51&t=pdf,data/raw/un_docs/drafts/A_C_3_62_L_51.pdf,existing,"elarus,
China, Comoros, Cuba, Democratic People’s Republic of Korea, Democratic
Republic of the Congo, Djibouti, Egypt, Gambia, Guinea, India, Indonesia,
Iran (Islamic Republic of), Kazakhstan, Kuwait, Kyrgyzstan, Lebanon, Libyan
Arab Jamahiriya, Malaysia, Morocco, Myanmar, Nicaragua, Niger, Oman,
Pakistan, Qatar, Russian Federation, Saudi Arabia, Senegal, Somalia, South
Africa, Sri Lanka, Sudan, Syrian Arab Republic, Tajikistan, Togo, Tunisia,
Turkmenistan, Uganda, Uzbekistan, Venezuela (Bolivarian Republic of),
Viet Nam, Yemen, Zimbabwe.
Abstaining:
Angola, Antigua and Barbuda, Barbados, Benin, Bhutan, Bolivia, Botswana,
Brazil, Brunei Darussalam, Burkina Faso, Cameroon, Cape Verde, Chad,
Colombia, Congo, Côte d’Ivoire, Dominican Republic, Ecuador, Equatorial
Guinea, Eritrea, Ethiopia, Georgia, Ghana, Guatemala, Guyana, Haiti, Jamaica,
Kenya, Lao People’s Democratic Republic, Lesotho, Malawi, Mali, Mauritius,
Mongolia, Mozambique, Namibia, Nepal, Nigeria, Papua New Guinea,
Philippines, Republic of Korea, Rwanda, Saint Lucia, Saint Vincent and the
Grenadines, Sierra Leone, Singapore, Solomon Islands, Suriname, Swaziland,
Thailand, Trinidad and Tobago, United Arab Emirates, United…",2026-05-16
N1,Country-specific human rights reports: DPRK,2007,Human rights,A/RES/62/167,third_committee_record,A/C.3/62/SR.22,Third Committee,https://documents.un.org/api/symbol/access?l=en&s=A%2FC.3%2F62%2FSR.22&t=pdf,data/raw/un_docs/committee_records/A_C_3_62_SR_22.pdf,existing,Derived from committee report/status-page meeting references near the selected draft/theme.,2026-05-16
N1,Country-specific human rights reports: DPRK,2007,Human rights,A/RES/62/167,third_committee_record,A/C.3/62/SR.23,Third Committee,https://documents.un.org/api/symbol/access?l=en&s=A%2FC.3%2F62%2FSR.23&t=pdf,data/raw/un_docs/committee_records/A_C_3_62_SR_23.pdf,existing,Derived from committee report/status-page meeting references near the selected draft/theme.,2026-05-16
N1,Country-specific human rights reports: DPRK,2007,Human rights,A/RES/62/167,third_committee_record,A/C.3/62/SR.27,Third Committee,https://documents.un.org/api/symbol/access?l=en&s=A%2FC.3%2F62%2FSR.27&t=pdf,data/raw/un_docs/committee_records/A_C_3_62_SR_27.pdf,existing,Derived from committee report/status-page meeting references near the selected draft/theme.,2026-05-16
N1,Country-specific human rights reports: DPRK,2007,Human rights,A/RES/62/167,third_committee_record,A/C.3/62/SR.29,Third Committee,https://documents.un.org/api/symbol/access?l=en&s=A%2FC.3%2F62%2FSR.29&t=pdf,data/raw/un_docs/committee_records/A_C_3_62_SR_29.pdf,existing,Derived from committee report/status-page meeting references near the selected draft/theme.,2026-05-16
N1,Country-specific human rights reports: DPRK,2007,Human rights,A/RES/62/167,third_committee_record,A/C.3/62/SR.33,Third Committee,https://documents.un.org/api/symbol/access?l=en&s=A%2FC.3%2F62%2FSR.33&t=pdf,data/raw/un_docs/committee_records/A_C_3_62_SR_33.pdf,existing,Derived from committee report/status-page meeting references near the selected draft/theme.,2026-05-16
N1,Country-specific human rights reports: DPRK,2007,Human rights,A/RES/62/167,third_committee_record,A/C.3/62/SR.42,Third Committee,https://documents.un.org/api/symbol/access?l=en&s=A%2FC.3%2F62%2FSR.42&t=pdf,data/raw/un_docs/committee_records/A_C_3_62_SR_42.pdf,existing,Derived from committee report/status-page meeting references near the selected draft/theme.,2026-05-16
N1,Country-specific human rights reports: DPRK,2007,Human rights,A/RES/62/167,third_committee_record,A/C.3/62/SR.49,Third Committee,https://documents.un.org/api/symbol/access?l=en&s=A%2FC.3%2F62%2FSR.49&t=pdf,data/raw/un_docs/committee_records/A_C_3_62_SR_49.pdf,existing,Derived from committee report/status-page meeting references near the selected draft/theme.,2026-05-16
N1,Country-specific human rights reports: DPRK,2007,Human rights,A/RES/62/167,third_committee_record,A/C.3/62/SR.50,Third Committee,https://documents.un.org/api/symbol/access?l=en&s=A%2FC.3%2F62%2FSR.50&t=pdf,data/raw/un_docs/committee_records/A_C_3_62_SR_50.pdf,existing,Derived from committee report/status-page meeting references near the selected draft/theme.,2026-05-16
N1,Country-specific human rights reports: DPRK,2007,Human rights,A/RES/62/167,third_committee_record,A/C.3/62/SR.51,Third Committee,https://documents.un.org/api/symbol/access?l=en&s=A%2FC.3%2F62%2FSR.51&t=pdf,data/raw/un_docs/committee_records/A_C_3_62_SR_51.pdf,existing,Derived from committee report/status-page meeting references near the selected draft/theme.,2026-05-16
N1,Country-specific human rights reports: DPRK,2009,Human rights,A/RES/64/175,resolution,A/RES/64/175,,https://documents.un.org/api/symbol/access?l=en&s=A%2FRES%2F64%2F175&t=pdf,data/raw/un_docs/resolutions/A_RES_64_175.pdf,existing,Official resolution text.,2026-05-16
N1,Country-specific human rights reports: DPRK,2009,Human rights,A/RES/64/175,committee_report,A/64/439/Add.3,Third Committee,https://documents.un.org/api/symbol/access?l=en&s=A%2F64%2F439%2FAdd.3&t=pdf,data/raw/un_docs/committee_reports/A_64_439_Add_3.pdf,existing,Third Committee (A/64/439/Add.3),2026-05-16
N1,Country-specific human rights reports: DPRK,2009,Human rights,A/RES/64/175,draft,A/C.3/64/L.35,Third Committee,https://documents.un.org/api/symbol/access?l=en&s=A%2FC.3%2F64%2FL.35&t=pdf,data/raw/un_docs/drafts/A_C_3_64_L_35.pdf,existing,"ting, on 21 October, the United Nations High Commissioner
for Human Rights addressed the Committee and engaged in a dialogue with the
representatives of Chile, Colombia, the Sudan, China, Sweden (on behalf of the
European Union), Liechtenstein, Morocco, New Zealand, Egypt, Malaysia,
Maldives, Mexico, the United States of America, United Kingdom of Great Britain
and Northern Ireland, the Syrian Arab Republic, Pakistan, Iran (Islamic Republic
of), Cuba, Benin, Australia and India, as well as by the observer for Palestine (see
A/C.3/64/SR.22).
* The report of the Committee on this item is being issued in five parts, under the symbol A/64/439
and Add.1-4.A/64/439/Add.3
09-62996 2
5. At the same meeting, the Special Adviser to the Secretary-General made a
statement and engaged in a dialogue with the representatives of Myanmar, Japan,
New Zealand, Sweden (on behalf of the European Union), Chile, the United States
and Australia (see A/C.3/64/SR.22).
6. At the 24th meeting, on 22 October, the Special Rapporteur on the situation of
human rights in Myanmar made a presentation and engaged in a dialogue with the
representatives of Myanmar, Sweden (on behalf of the European Union),
Switzerlan…",2026-05-16
N1,Country-specific human rights reports: DPRK,2009,Human rights,A/RES/64/175,draft,A/C.3/64/L.36,Third Committee,https://documents.un.org/api/symbol/access?l=en&s=A%2FC.3%2F64%2FL.36&t=pdf,data/raw/un_docs/drafts/A_C_3_64_L_36.pdf,existing,"one, Slovakia, Slovenia, Spain, Sweden, Switzerland, the former Yugoslav
Republic of Macedonia, Timor-Leste, Togo, Tonga, Turkey, Tuvalu, Ukraine,
United Kingdom of Great Britain and Northern Ireland, United Republic of
Tanzania, United States of America, Uruguay, Vanuatu.
Against:
Algeria, Belarus, China, Cuba, Democratic People’s Republic of Korea, Egypt,
Indonesia, Iran (Islamic Republic of), Libyan Arab Jamahiriya, Malaysia,
Myanmar, Oman, Russian Federation, Somalia, Sudan, Syrian Arab Republic,
Venezuela (Bolivarian Republic of), Viet Nam, Zimbabwe.
Abstaining:
Angola, Antigua and Barbuda, Azerbaijan, Bahamas, Bangladesh, Barbados,
Benin, Bolivia (Plurinational State of), Brazil, Brunei Darussalam, Burkina
Faso, Cambodia, Cameroon, Cape Verde, Central African Republic, Colombia,
Comoros, Congo, Côte d’Ivoire, Democratic Republic of the Congo, Ecuador,
Ethiopia, Gambia, Grenada, Guatemala, Guinea, Guyana, Haiti, India, Jordan,
Kenya, Kuwait, Kyrgyzstan, Lesotho, Mali, Mauritania, Mauritius,
Mozambique, Namibia, Nepal, Nicaragua, Niger, Nigeria, Pakistan,
Philippines, Qatar, Rwanda, Saint Kitts and Nevis, Saint Vincent and the
Grenadines, Senegal, Seychelles, Singapore, Solomo…",2026-05-16
N1,Country-specific human rights reports: DPRK,2009,Human rights,A/RES/64/175,draft,A/C.3/64/L.62,Third Committee,https://documents.un.org/api/symbol/access?l=en&s=A%2FC.3%2F64%2FL.62&t=pdf,data/raw/un_docs/drafts/A_C_3_64_L_62.pdf,existing,"uwait, Kyrgyzstan, Lesotho, Mali, Mauritania, Mauritius,
Mozambique, Namibia, Nepal, Nicaragua, Niger, Nigeria, Pakistan,
Philippines, Qatar, Rwanda, Saint Kitts and Nevis, Saint Vincent and the
Grenadines, Senegal, Seychelles, Singapore, Solomon Islands, South Africa,
Sri Lanka, Suriname, Swaziland, Tajikistan, Thailand, Trinidad and Tobago,
Turkmenistan, Uganda, United Arab Emirates, Yemen, Zambia.
10. Before the vote, statements were made by the representatives of the Bahamas,
the Syrian Arab Republic, the Libyan Arab Jamahiriya, Malaysia, Costa Rica,
Zimbabwe, Swaziland, Cuba, China, Nepal, Barbados, Venezuela (Bolivarian
Republic of), the Sudan and Viet Nam; after the vote, statements were made by the
representatives of Colombia, India, Indonesia, Brazil, Bangladesh, Jordan and
Singapore (see A/C.3/64/SR.44).
B. Draft resolution A/C.3/64/L.36
11. At the 40th meeting, on 10 November, the representative of Sweden, on behalf
of Albania, Andorra, Australia, Austria, Belgium, Bosnia and Herzegovina,
Bulgaria, Canada, Croatia, Cyprus, the Czech Republic, Denmark, Estonia, Finland,
France, Germany, Greece, Hungary, Iceland, Ireland, Israel, Italy, Latvia,
Liechtenstein, Lithuania, L…",2026-05-16
N1,Country-specific human rights reports: DPRK,2009,Human rights,A/RES/64/175,draft,A/C.3/64/L.37,Third Committee,https://documents.un.org/api/symbol/access?l=en&s=A%2FC.3%2F64%2FL.37&t=pdf,data/raw/un_docs/drafts/A_C_3_64_L_37.pdf,existing,"zerland, the former
Yugoslav Republic of Macedonia, Togo, Tonga, Turkey, Ukraine, United
Kingdom of Great Britain and Northern Ireland, United Republic of Tanzania,
United States of America, Uruguay, Vanuatu.
Against:
Algeria, Azerbaijan, Bangladesh, Belarus, Brunei Darussalam, China, Cuba,
Democratic People’s Republic of Korea, Egypt, India, Iran (Islamic Republic
of), Lao People’s Democratic Republic, Libyan Arab Jamahiriya, Malaysia,
Myanmar, Nicaragua, Oman, Russian Federation, Sri Lanka, Sudan, Syrian
Arab Republic, Tuvalu, Uzbekistan, Venezuela (Bolivarian Republic of), Viet
Nam, Zimbabwe.
Abstaining:
Angola, Antigua and Barbuda, Bahamas, Bahrain, Barbados, Benin, Bhutan,
Bolivia (Plurinational State of), Brazil, Burkina Faso, Cambodia, Cameroon,
Cape Verde, Central African Republic, Colombia, Comoros, Congo, Côte
d’Ivoire, Democratic Republic of the Congo, Ecuador, Eritrea, Ethiopia,
Gambia, Grenada, Guatemala, Guinea, Guinea-Bissau, Haiti, Indonesia,
Jordan, Kenya, Kuwait, Kyrgyzstan, Lesotho, Madagascar, Mali, Mauritania,
Mozambique, Nepal, Niger, Pakistan, Papua New Guinea, Philippines, Qatar,
Rwanda, Saint Kitts and Nevis, Saint Vincent and the Grenadines, Saudi
Arabia,…",2026-05-16
N1,Country-specific human rights reports: DPRK,2009,Human rights,A/RES/64/175,third_committee_record,A/C.3/64/SR.5,Third Committee,https://documents.un.org/api/symbol/access?l=en&s=A%2FC.3%2F64%2FSR.5&t=pdf,data/raw/un_docs/committee_records/A_C_3_64_SR_5.pdf,existing,Derived from committee report/status-page meeting references near the selected draft/theme.,2026-05-16
N1,Country-specific human rights reports: DPRK,2009,Human rights,A/RES/64/175,third_committee_record,A/C.3/64/SR.22,Third Committee,https://documents.un.org/api/symbol/access?l=en&s=A%2FC.3%2F64%2FSR.22&t=pdf,data/raw/un_docs/committee_records/A_C_3_64_SR_22.pdf,existing,Derived from committee report/status-page meeting references near the selected draft/theme.,2026-05-16
N1,Country-specific human rights reports: DPRK,2009,Human rights,A/RES/64/175,third_committee_record,A/C.3/64/SR.24,Third Committee,https://documents.un.org/api/symbol/access?l=en&s=A%2FC.3%2F64%2FSR.24&t=pdf,data/raw/un_docs/committee_records/A_C_3_64_SR_24.pdf,existing,Derived from committee report/status-page meeting references near the selected draft/theme.,2026-05-16
N1,Country-specific human rights reports: DPRK,2009,Human rights,A/RES/64/175,third_committee_record,A/C.3/64/SR.34,Third Committee,https://documents.un.org/api/symbol/access?l=en&s=A%2FC.3%2F64%2FSR.34&t=pdf,data/raw/un_docs/committee_records/A_C_3_64_SR_34.pdf,existing,Derived from committee report/status-page meeting references near the selected draft/theme.,2026-05-16
N1,Country-specific human rights reports: DPRK,2009,Human rights,A/RES/64/175,third_committee_record,A/C.3/64/SR.36,Third Committee,https://documents.un.org/api/symbol/access?l=en&s=A%2FC.3%2F64%2FSR.36&t=pdf,data/raw/un_docs/committee_records/A_C_3_64_SR_36.pdf,existing,Derived from committee report/status-page meeting references near the selected draft/theme.,2026-05-16
N1,Country-specific human rights reports: DPRK,2009,Human rights,A/RES/64/175,third_committee_record,A/C.3/64/SR.40,Third Committee,https://documents.un.org/api/symbol/access?l=en&s=A%2FC.3%2F64%2FSR.40&t=pdf,data/raw/un_docs/committee_records/A_C_3_64_SR_40.pdf,existing,Derived from committee report/status-page meeting references near the selected draft/theme.,2026-05-16
N1,Country-specific human rights reports: DPRK,2009,Human rights,A/RES/64/175,third_committee_record,A/C.3/64/SR.41,Third Committee,https://documents.un.org/api/symbol/access?l=en&s=A%2FC.3%2F64%2FSR.41&t=pdf,data/raw/un_docs/committee_records/A_C_3_64_SR_41.pdf,existing,Derived from committee report/status-page meeting references near the selected draft/theme.,2026-05-16
N1,Country-specific human rights reports: DPRK,2009,Human rights,A/RES/64/175,third_committee_record,A/C.3/64/SR.42,Third Committee,https://documents.un.org/api/symbol/access?l=en&s=A%2FC.3%2F64%2FSR.42&t=pdf,data/raw/un_docs/committee_records/A_C_3_64_SR_42.pdf,existing,Derived from committee report/status-page meeting references near the selected draft/theme.,2026-05-16
N1,Country-specific human rights reports: DPRK,2009,Human rights,A/RES/64/175,third_committee_record,A/C.3/64/SR.43,Third Committee,https://documents.un.org/api/symbol/access?l=en&s=A%2FC.3%2F64%2FSR.43&t=pdf,data/raw/un_docs/committee_records/A_C_3_64_SR_43.pdf,existing,Derived from committee report/status-page meeting references near the selected draft/theme.,2026-05-16
N1,Country-specific human rights reports: DPRK,2009,Human rights,A/RES/64/175,third_committee_record,A/C.3/64/SR.44,Third Committee,https://documents.un.org/api/symbol/access?l=en&s=A%2FC.3%2F64%2FSR.44&t=pdf,data/raw/un_docs/committee_records/A_C_3_64_SR_44.pdf,existing,Derived from committee report/status-page meeting references near the selected draft/theme.,2026-05-16
N1,Country-specific human rights reports: DPRK,2009,Human rights,A/RES/64/175,third_committee_record,A/C.3/64/SR.45,Third Committee,https://documents.un.org/api/symbol/access?l=en&s=A%2FC.3%2F64%2FSR.45&t=pdf,data/raw/un_docs/committee_records/A_C_3_64_SR_45.pdf,existing,Derived from committee report/status-page meeting references near the selected draft/theme.,2026-05-16
N1,Country-specific human rights reports: DPRK,2009,Human rights,A/RES/64/175,third_committee_record,A/C.3/64/SR.46,Third Committee,https://documents.un.org/api/symbol/access?l=en&s=A%2FC.3%2F64%2FSR.46&t=pdf,data/raw/un_docs/committee_records/A_C_3_64_SR_46.pdf,existing,Derived from committee report/status-page meeting references near the selected draft/theme.,2026-05-16
N1,Country-specific human rights reports: DPRK,2009,Human rights,A/RES/64/175,third_committee_record,A/C.3/64/SR.47,Third Committee,https://documents.un.org/api/symbol/access?l=en&s=A%2FC.3%2F64%2FSR.47&t=pdf,data/raw/un_docs/committee_records/A_C_3_64_SR_47.pdf,existing,Derived from committee report/status-page meeting references near the selected draft/theme.,2026-05-16
N1,Country-specific human rights reports: DPRK,2011,Human rights,A/RES/66/174,resolution,A/RES/66/174,,https://documents.un.org/api/symbol/access?l=en&s=A%2FRES%2F66%2F174&t=pdf,data/raw/un_docs/resolutions/A_RES_66_174.pdf,existing,Official resolution text.,2026-05-16
N1,Country-specific human rights reports: DPRK,2011,Human rights,A/RES/66/174,committee_report,A/66/462/Add.3,Third Committee,https://documents.un.org/api/symbol/access?l=en&s=A%2F66%2F462%2FAdd.3&t=pdf,data/raw/un_docs/committee_reports/A_66_462_Add_3.pdf,existing,Third Committee (A/66/462/Add.3),2026-05-16
N1,Country-specific human rights reports: DPRK,2011,Human rights,A/RES/66/174,draft,A/C.3/66/L.54,Third Committee,https://documents.un.org/api/symbol/access?l=en&s=A%2FC.3%2F66%2FL.54&t=pdf,data/raw/un_docs/drafts/A_C_3_66_L_54.pdf,existing,"-62312 2
New Zealand, Liechtenstein, Canada, Ireland, South Africa, the United States of
America, Gabon, the Democratic Republic of the Congo, Benin, Cameroon, Cuba,
Egypt, the Syrian Arab Republic and the Islamic Republic of Iran (see
A/C.3/66/SR.23).
5. At the same meeting, the Special Adviser to the Secretary-General on
Myanmar introduced the report of the Secretary-General on the situation of human
rights in Myanmar (A/66/267). A statement was made by the representative of
Myanmar (see A/C.3/66/SR.23).
6. At the 24th meeting, on 19 October, the Special Rapporteur on the situation of
human rights in the Islamic Republic of Iran made a presentation and engaged in a
dialogue with the representatives of Germany, Maldives, the United States, the
European Union, the United Kingdom, Australia, Canada, Norway, the Czech
Republic, Switzerland, New Zealand and the Islamic Republic of Iran (see
A/C.3/66/SR.24).
7. Also at the 24th meeting, the Special Rapporteur on the situation of human
rights in Myanmar made a presentation and engaged in a dialogue with the
representatives of Myanmar, the United States, the European Union, Japan, Canada,
Liechtenstein, Malaysia, the Republic of Korea,…",2026-05-16
N1,Country-specific human rights reports: DPRK,2011,Human rights,A/RES/66/174,draft,A/C.3/66/L.55,Third Committee,https://documents.un.org/api/symbol/access?l=en&s=A%2FC.3%2F66%2FL.55&t=pdf,data/raw/un_docs/drafts/A_C_3_66_L_55.pdf,existing,",
Slovenia, Solomon Islands, Spain, Sweden, Switzerland, the former Yugoslav
Republic of Macedonia, Timor-Leste, Togo, Tonga, Tunisia, Turkey, Tuvalu,
Ukraine, United Arab Emirates, United Kingdom of Great Britain and
Northern Ireland, United Republic of Tanzania, United States of America,
Uruguay, Vanuatu.
Against:
Algeria, Belarus, China, Cuba, Democratic People’s Republic of Korea, Egypt,
Iran (Islamic Republic of), Myanmar, Oman, Russian Federation, Sudan,
Syrian Arab Republic, Uzbekistan, Venezuela (Bolivarian Republic of),
Viet Nam, Zimbabwe.
Abstaining:
Angola, Antigua and Barbuda, Armenia, Azerbaijan, Bangladesh, Barbados,
Bolivia (Plurinational State of), Brunei Darussalam, Burkina Faso, Cambodia,
Cameroon, Comoros, Congo, Côte d’Ivoire, Dominican Republic, Ecuador,
Ethiopia, Fiji, Gambia, Grenada, Guatemala, Guyana, India, Indonesia, Kenya,
Kuwait, Lao People’s Democratic Republic, Lesotho, Malaysia, Mali,
Mauritania, Mozambique, Namibia, Nepal, Nicaragua, Niger, Pakistan, Qatar,
Rwanda, Saint Kitts and Nevis, Saint Vincent and the Grenadines, Senegal,
Singapore, South Africa, South Sudan, Sri Lanka, Suriname, Swaziland,
Tajikistan, Thailand, Trinidad and Tobago, Turkmen…",2026-05-16
N1,Country-specific human rights reports: DPRK,2011,Human rights,A/RES/66/174,draft,A/C.3/66/L.70,Third Committee,https://documents.un.org/api/symbol/access?l=en&s=A%2FC.3%2F66%2FL.70&t=pdf,data/raw/un_docs/drafts/A_C_3_66_L_70.pdf,existing,"is
discussions on the situation of human rights, the transition to democracy and
the national reconciliation process with the Government and the people of
Myanmar, involving all relevant stakeholders, including democracy and humanA/66/462/Add.3
11-62312 10
rights groups, and to offer technical assistance to the Government in this
regard;
“(b) To give all necessary assistance to enable the Special Adviser and
the Special Rapporteur to discharge their mandates fully, effectively and in a
coordinated manner;
“(c) To report to the General Assembly at its sixty-seventh session, as
well as to the Human Rights Council, on the progress made in the
implementation of the present resolution;
“34. Decides to continue the consideration of the question at its sixty-
seventh session, on the basis of the reports of the Secretary-General and the
Special Rapporteur.”
15. At its 47th meeting, on 21 November, the Committee had before it a revised
draft resolution entitled “Situation of human rights in Myanmar” (A/C.3/66/
L.55/Rev.1), submitted by Albania, Andorra, Australia, Austria, Belgium, Bosnia
and Herzegovina, Bulgaria, Canada, Croatia, Cyprus, the Czech Republic, Denmark,
Estonia, Finland, Fr…",2026-05-16
N1,Country-specific human rights reports: DPRK,2011,Human rights,A/RES/66/174,draft,A/C.3/66/L.55/Rev.1,Third Committee,https://documents.un.org/api/symbol/access?l=en&s=A%2FC.3%2F66%2FL.55%2FRev.1&t=pdf,data/raw/un_docs/drafts/A_C_3_66_L_55_Rev_1.pdf,existing,"s, the transition to democracy and
the national reconciliation process with the Government and the people of
Myanmar, involving all relevant stakeholders, including democracy and humanA/66/462/Add.3
11-62312 10
rights groups, and to offer technical assistance to the Government in this
regard;
“(b) To give all necessary assistance to enable the Special Adviser and
the Special Rapporteur to discharge their mandates fully, effectively and in a
coordinated manner;
“(c) To report to the General Assembly at its sixty-seventh session, as
well as to the Human Rights Council, on the progress made in the
implementation of the present resolution;
“34. Decides to continue the consideration of the question at its sixty-
seventh session, on the basis of the reports of the Secretary-General and the
Special Rapporteur.”
15. At its 47th meeting, on 21 November, the Committee had before it a revised
draft resolution entitled “Situation of human rights in Myanmar” (A/C.3/66/
L.55/Rev.1), submitted by Albania, Andorra, Australia, Austria, Belgium, Bosnia
and Herzegovina, Bulgaria, Canada, Croatia, Cyprus, the Czech Republic, Denmark,
Estonia, Finland, France, Germany, Greece, Hungary, Iceland, Irela…",2026-05-16
N1,Country-specific human rights reports: DPRK,2011,Human rights,A/RES/66/174,draft,A/C.3/66/L.56,Third Committee,https://documents.un.org/api/symbol/access?l=en&s=A%2FC.3%2F66%2FL.56&t=pdf,data/raw/un_docs/drafts/A_C_3_66_L_56.pdf,existing,", Solomon Islands, Spain, Sweden, Switzerland, the former Yugoslav
Republic of Macedonia, Togo, Tonga, Tunisia, Turkey, Tuvalu, Ukraine,A/66/462/Add.3
11 11-62312
United Kingdom of Great Britain and Northern Ireland, United Republic of
Tanzania, United States of America, Uruguay, Vanuatu.
Against:
Algeria, Azerbaijan, Bangladesh, Belarus, Brunei Darussalam, Cambodia,
China, Cuba, Democratic People’s Republic of Korea, Egypt, India, Iran
(Islamic Republic of), Lao People’s Democratic Republic, Myanmar,
Nicaragua, Oman, Russian Federation, Senegal, Sri Lanka, Sudan, Syrian Arab
Republic, Uzbekistan, Venezuela (Bolivarian Republic of), Viet Nam,
Zimbabwe.
Abstaining:
Angola, Antigua and Barbuda, Bahrain, Barbados, Benin, Bhutan, Bolivia
(Plurinational State of), Brazil, Burkina Faso, Cameroon, Colombia, Comoros,
Congo, Democratic Republic of the Congo, Djibouti, Dominican Republic,
Ecuador, Ethiopia, Fiji, Gambia, Grenada, Guatemala, Guyana, Indonesia,
Jordan, Kenya, Kuwait, Kyrgyzstan, Lesotho, Madagascar, Malawi, Malaysia,
Mali, Mauritania, Morocco, Mozambique, Namibia, Nauru, Nepal, Niger,
Nigeria, Pakistan, Papua New Guinea, Philippines, Qatar, Rwanda, Saint Kitts
and Nevis, Sai…",2026-05-16
N1,Country-specific human rights reports: DPRK,2011,Human rights,A/RES/66/174,third_committee_record,A/C.3/66/SR.23,Third Committee,https://documents.un.org/api/symbol/access?l=en&s=A%2FC.3%2F66%2FSR.23&t=pdf,data/raw/un_docs/committee_records/A_C_3_66_SR_23.pdf,existing,Derived from committee report/status-page meeting references near the selected draft/theme.,2026-05-16
N1,Country-specific human rights reports: DPRK,2011,Human rights,A/RES/66/174,third_committee_record,A/C.3/66/SR.24,Third Committee,https://documents.un.org/api/symbol/access?l=en&s=A%2FC.3%2F66%2FSR.24&t=pdf,data/raw/un_docs/committee_records/A_C_3_66_SR_24.pdf,existing,Derived from committee report/status-page meeting references near the selected draft/theme.,2026-05-16
N1,Country-specific human rights reports: DPRK,2011,Human rights,A/RES/66/174,third_committee_record,A/C.3/66/SR.35,Third Committee,https://documents.un.org/api/symbol/access?l=en&s=A%2FC.3%2F66%2FSR.35&t=pdf,data/raw/un_docs/committee_records/A_C_3_66_SR_35.pdf,existing,Derived from committee report/status-page meeting references near the selected draft/theme.,2026-05-16
N1,Country-specific human rights reports: DPRK,2011,Human rights,A/RES/66/174,third_committee_record,A/C.3/66/SR.41,Third Committee,https://documents.un.org/api/symbol/access?l=en&s=A%2FC.3%2F66%2FSR.41&t=pdf,data/raw/un_docs/committee_records/A_C_3_66_SR_41.pdf,existing,Derived from committee report/status-page meeting references near the selected draft/theme.,2026-05-16
N1,Country-specific human rights reports: DPRK,2011,Human rights,A/RES/66/174,third_committee_record,A/C.3/66/SR.42,Third Committee,https://documents.un.org/api/symbol/access?l=en&s=A%2FC.3%2F66%2FSR.42&t=pdf,data/raw/un_docs/committee_records/A_C_3_66_SR_42.pdf,existing,Derived from committee report/status-page meeting references near the selected draft/theme.,2026-05-16
N1,Country-specific human rights reports: DPRK,2011,Human rights,A/RES/66/174,third_committee_record,A/C.3/66/SR.43,Third Committee,https://documents.un.org/api/symbol/access?l=en&s=A%2FC.3%2F66%2FSR.43&t=pdf,data/raw/un_docs/committee_records/A_C_3_66_SR_43.pdf,existing,Derived from committee report/status-page meeting references near the selected draft/theme.,2026-05-16
N1,Country-specific human rights reports: DPRK,2011,Human rights,A/RES/66/174,third_committee_record,A/C.3/66/SR.44,Third Committee,https://documents.un.org/api/symbol/access?l=en&s=A%2FC.3%2F66%2FSR.44&t=pdf,data/raw/un_docs/committee_records/A_C_3_66_SR_44.pdf,existing,Derived from committee report/status-page meeting references near the selected draft/theme.,2026-05-16
N1,Country-specific human rights reports: DPRK,2011,Human rights,A/RES/66/174,third_committee_record,A/C.3/66/SR.45,Third Committee,https://documents.un.org/api/symbol/access?l=en&s=A%2FC.3%2F66%2FSR.45&t=pdf,data/raw/un_docs/committee_records/A_C_3_66_SR_45.pdf,existing,Derived from committee report/status-page meeting references near the selected draft/theme.,2026-05-16
N1,Country-specific human rights reports: DPRK,2011,Human rights,A/RES/66/174,third_committee_record,A/C.3/66/SR.46,Third Committee,https://documents.un.org/api/symbol/access?l=en&s=A%2FC.3%2F66%2FSR.46&t=pdf,data/raw/un_docs/committee_records/A_C_3_66_SR_46.pdf,existing,Derived from committee report/status-page meeting references near the selected draft/theme.,2026-05-16
N1,Country-specific human rights reports: DPRK,2011,Human rights,A/RES/66/174,third_committee_record,A/C.3/66/SR.47,Third Committee,https://documents.un.org/api/symbol/access?l=en&s=A%2FC.3%2F66%2FSR.47&t=pdf,data/raw/un_docs/committee_records/A_C_3_66_SR_47.pdf,existing,Derived from committee report/status-page meeting references near the selected draft/theme.,2026-05-16
N1,Country-specific human rights reports: DPRK,2011,Human rights,A/RES/66/174,third_committee_record,A/C.3/66/SR.48,Third Committee,https://documents.un.org/api/symbol/access?l=en&s=A%2FC.3%2F66%2FSR.48&t=pdf,data/raw/un_docs/committee_records/A_C_3_66_SR_48.pdf,existing,Derived from committee report/status-page meeting references near the selected draft/theme.,2026-05-16
N1,Country-specific human rights reports: DPRK,2011,Human rights,A/RES/66/174,third_committee_record,A/C.3/66/SR.49,Third Committee,https://documents.un.org/api/symbol/access?l=en&s=A%2FC.3%2F66%2FSR.49&t=pdf,data/raw/un_docs/committee_records/A_C_3_66_SR_49.pdf,existing,Derived from committee report/status-page meeting references near the selected draft/theme.,2026-05-16
N1,Country-specific human rights reports: DPRK,2011,Human rights,A/RES/66/174,third_committee_record,A/C.3/66/SR.50,Third Committee,https://documents.un.org/api/symbol/access?l=en&s=A%2FC.3%2F66%2FSR.50&t=pdf,data/raw/un_docs/committee_records/A_C_3_66_SR_50.pdf,existing,Derived from committee report/status-page meeting references near the selected draft/theme.,2026-05-16
N2,Country-specific human rights reports: Iran,2007,Human rights,A/RES/62/168,resolution,A/RES/62/168,,https://documents.un.org/api/symbol/access?l=en&s=A%2FRES%2F62%2F168&t=pdf,data/raw/un_docs/resolutions/A_RES_62_168.pdf,existing,Official resolution text.,2026-05-16
N2,Country-specific human rights reports: Iran,2007,Human rights,A/RES/62/168,committee_report,A/62/439/Add.3,Third Committee,https://documents.un.org/api/symbol/access?l=en&s=A%2F62%2F439%2FAdd.3&t=pdf,data/raw/un_docs/committee_reports/A_62_439_Add_3.pdf,existing,Third Committee (A/62/439/Add.3),2026-05-16
N2,Country-specific human rights reports: Iran,2007,Human rights,A/RES/62/168,draft,A/C.3/62/L.37/Rev.1,Third Committee,https://documents.un.org/api/symbol/access?l=en&s=A%2FC.3%2F62%2FL.37%2FRev.1&t=pdf,data/raw/un_docs/drafts/A_C_3_62_L_37_Rev_1.pdf,existing,", in this regard:A/62/439/Add.3
07-62612 6
“(a) To immediately put an end to the systematic, widespread and grave
violations of human rights mentioned above, inter alia by implementing fully
the measures set out in the above-mentioned resolutions of the General
Assembly and the Commission on Human Rights, and the recommendations
addressed to the Democratic People’s Republic of Korea by the United Nations
special procedures and treaty bodies;
“(b) To tackle the root causes leading to refugee outflows and
criminalize those who exploit refugees by human smuggling, trafficking and
extortion, while not criminalizing the victims;
“(c) To extend its full cooperation to the Special Rapporteur, including
by granting him full, free and unimpeded access to the Democratic People’s
Republic of Korea, and to other United Nations human rights mechanisms;
“(d) To engage in technical cooperation activities in the field of human
rights with the United Nations High Commissioner for Human Rights and her
Office, as pursued by the High Commissioner in recent years, with a view to
improving the human rights situation in the country;
“(e) To extend to United Nations agencies and other humanitarian actor…",2026-05-16
N2,Country-specific human rights reports: Iran,2007,Human rights,A/RES/62/168,draft,A/C.3/62/L.37,Third Committee,https://documents.un.org/api/symbol/access?l=en&s=A%2FC.3%2F62%2FL.37&t=pdf,data/raw/un_docs/drafts/A_C_3_62_L_37.pdf,existing,"an end to the systematic, widespread and grave
violations of human rights mentioned above, inter alia by implementing fully
the measures set out in the above-mentioned resolutions of the General
Assembly and the Commission on Human Rights, and the recommendations
addressed to the Democratic People’s Republic of Korea by the United Nations
special procedures and treaty bodies;
“(b) To tackle the root causes leading to refugee outflows and
criminalize those who exploit refugees by human smuggling, trafficking and
extortion, while not criminalizing the victims;
“(c) To extend its full cooperation to the Special Rapporteur, including
by granting him full, free and unimpeded access to the Democratic People’s
Republic of Korea, and to other United Nations human rights mechanisms;
“(d) To engage in technical cooperation activities in the field of human
rights with the United Nations High Commissioner for Human Rights and her
Office, as pursued by the High Commissioner in recent years, with a view to
improving the human rights situation in the country;
“(e) To extend to United Nations agencies and other humanitarian actors
all access necessary to allow them to carry out their mandates;
“5…",2026-05-16
N2,Country-specific human rights reports: Iran,2007,Human rights,A/RES/62/168,draft,A/C.3/62/L.41,Third Committee,https://documents.un.org/api/symbol/access?l=en&s=A%2FC.3%2F62%2FL.41&t=pdf,data/raw/un_docs/drafts/A_C_3_62_L_41.pdf,existing,",
Paraguay, Peru, Philippines, Poland, Portugal, Romania, Samoa, San Marino,
Saudi Arabia, Serbia, Slovakia, Slovenia, Spain, Sweden, Switzerland, the
former Yugoslav Republic of Macedonia, Timor-Leste, Tonga, Turkey, Tuvalu,
Ukraine, United Kingdom of Great Britain and Northern Ireland, United
Republic of Tanzania, United States of America, Uruguay, Vanuatu.
Against:
Algeria, Belarus, China, Cuba, Democratic People’s Republic of Korea, Egypt,
Guinea, Indonesia, Iran (Islamic Republic of), Lao People’s Democratic
Republic, Libyan Arab Jamahiriya, Malaysia, Myanmar, Oman, Russian
Federation, Somalia, Sudan, Syrian Arab Republic, Uganda, Uzbekistan,
Venezuela (Bolivarian Republic of), Viet Nam, Zimbabwe.
Abstaining:
Angola, Antigua and Barbuda, Barbados, Benin, Bolivia, Botswana, Brunei
Darussalam, Burkina Faso, Cameroon, Cape Verde, Chad, Colombia, Congo,
Côte d’Ivoire, Democratic Republic of the Congo, Djibouti, Dominica,
Dominican Republic, Ecuador, Equatorial Guinea, Ethiopia, Guatemala,
Guyana, Haiti, India, Jamaica, Kenya, Kuwait, Kyrgyzstan, Madagascar, Mali,
Mauritius, Mozambique, Namibia, Nepal, Nicaragua, Niger, Nigeria, Pakistan,
Qatar, Republic of Korea, Rwanda, Saint Ki…",2026-05-16
N2,Country-specific human rights reports: Iran,2007,Human rights,A/RES/62/168,draft,A/C.3/62/L.83,Third Committee,https://documents.un.org/api/symbol/access?l=en&s=A%2FC.3%2F62%2FL.83&t=pdf,data/raw/un_docs/drafts/A_C_3_62_L_83.pdf,existing,", Slovakia, Slovenia, Spain, Sweden, Switzerland, the
former Yugoslav Republic of Macedonia, Timor-Leste, Tonga, Turkey, Tuvalu,
Ukraine, United Kingdom of Great Britain and Northern Ireland, United
Republic of Tanzania, United States of America, Uruguay, Vanuatu.
Against:
Algeria, Belarus, China, Cuba, Democratic People’s Republic of Korea, Egypt,
Guinea, Indonesia, Iran (Islamic Republic of), Lao People’s Democratic
Republic, Libyan Arab Jamahiriya, Malaysia, Myanmar, Oman, Russian
Federation, Somalia, Sudan, Syrian Arab Republic, Uganda, Uzbekistan,
Venezuela (Bolivarian Republic of), Viet Nam, Zimbabwe.
Abstaining:
Angola, Antigua and Barbuda, Barbados, Benin, Bolivia, Botswana, Brunei
Darussalam, Burkina Faso, Cameroon, Cape Verde, Chad, Colombia, Congo,
Côte d’Ivoire, Democratic Republic of the Congo, Djibouti, Dominica,
Dominican Republic, Ecuador, Equatorial Guinea, Ethiopia, Guatemala,
Guyana, Haiti, India, Jamaica, Kenya, Kuwait, Kyrgyzstan, Madagascar, Mali,
Mauritius, Mozambique, Namibia, Nepal, Nicaragua, Niger, Nigeria, Pakistan,
Qatar, Republic of Korea, Rwanda, Saint Kitts and Nevis, Saint Lucia, Saint
Vincent and the Grenadines, Senegal, Sierra Leone, Singapore, S…",2026-05-16
N2,Country-specific human rights reports: Iran,2007,Human rights,A/RES/62/168,draft,A/C.3/62/L.41/Rev.1,Third Committee,https://documents.un.org/api/symbol/access?l=en&s=A%2FC.3%2F62%2FL.41%2FRev.1&t=pdf,data/raw/un_docs/drafts/A_C_3_62_L_41_Rev_1.pdf,existing,"o pursue their activities
unhindered and to ensure their safety, security and freedom of movement in
that pursuit;
“(h) To refrain from imposing restrictions on access to and flow of
information from the people of Myanmar, including through the openly
available and accessible use of Internet and mobile phone services;
“(i) To allow the International Committee of the Red Cross to carry out
its humanitarian activities for people in need, in particular by granting
immediate access to persons detained and by providing the necessary
information on persons unaccounted for in relation with recent events;A/62/439/Add.3
07-62612 12
“6. Requests the Secretary-General:
“(a) To continue to provide his good offices and to pursue his
discussions on the situation of human rights and the restoration of democracy
with the Government and the people of Myanmar, including all relevant parties
to the national reconciliation process in Myanmar, and to offer technical
assistance to the Government in this regard;
“(b) To closely monitor the developments with regard to the violent
incidents that took place with the aim of preventing the resumption of
violence;
“(c) To give all necessary assistance to ena…",2026-05-16
N2,Country-specific human rights reports: Iran,2007,Human rights,A/RES/62/168,draft,A/C.3/62/L.43,Third Committee,https://documents.un.org/api/symbol/access?l=en&s=A%2FC.3%2F62%2FL.43&t=pdf,data/raw/un_docs/drafts/A_C_3_62_L_43.pdf,existing,", Timor-Leste, Turkey, Tuvalu, Ukraine,
United Kingdom of Great Britain and Northern Ireland, United Republic of
Tanzania, United States of America, Uruguay, Vanuatu.A/62/439/Add.3
07-62612 14
Against:
Algeria, Bangladesh, Belarus, China, Cuba, Democratic People’s Republic of
Korea, Egypt, India, Iran (Islamic Republic of), Lao People’s Democratic
Republic, Libyan Arab Jamahiriya, Malaysia, Myanmar, Oman, Pakistan,
Russian Federation, Somalia, Sudan, Syrian Arab Republic, Uganda,
Uzbekistan, Venezuela (Bolivarian Republic of), Viet Nam, Zimbabwe.
Abstaining:
Angola, Antigua and Barbuda, Bahrain, Barbados, Belize, Benin, Bhutan,
Botswana, Brunei Darussalam, Burkina Faso, Cameroon, Cape Verde, Chad,
Colombia, Comoros, Congo, Côte d’Ivoire, Democratic Republic of the
Congo, Djibouti, Dominica, Dominican Republic, Ecuador, Equatorial Guinea,
Eritrea, Ethiopia, Fiji, Guinea, Haiti, Indonesia, Jamaica, Jordan, Kenya,
Kuwait, Kyrgyzstan, Lesotho, Malawi, Mali, Mozambique, Namibia, Nepal,
Nicaragua, Niger, Papua New Guinea, Philippines, Qatar, Rwanda, Saint Kitts
and Nevis, Saint Lucia, Saint Vincent and the Grenadines, Samoa, Saudi
Arabia, Senegal, Sierra Leone, Singapore, Solomon Islan…",2026-05-16
N2,Country-specific human rights reports: Iran,2007,Human rights,A/RES/62/168,draft,A/C.3/62/L.51,Third Committee,https://documents.un.org/api/symbol/access?l=en&s=A%2FC.3%2F62%2FL.51&t=pdf,data/raw/un_docs/drafts/A_C_3_62_L_51.pdf,existing,"elarus,
China, Comoros, Cuba, Democratic People’s Republic of Korea, Democratic
Republic of the Congo, Djibouti, Egypt, Gambia, Guinea, India, Indonesia,
Iran (Islamic Republic of), Kazakhstan, Kuwait, Kyrgyzstan, Lebanon, Libyan
Arab Jamahiriya, Malaysia, Morocco, Myanmar, Nicaragua, Niger, Oman,
Pakistan, Qatar, Russian Federation, Saudi Arabia, Senegal, Somalia, South
Africa, Sri Lanka, Sudan, Syrian Arab Republic, Tajikistan, Togo, Tunisia,
Turkmenistan, Uganda, Uzbekistan, Venezuela (Bolivarian Republic of),
Viet Nam, Yemen, Zimbabwe.
Abstaining:
Angola, Antigua and Barbuda, Barbados, Benin, Bhutan, Bolivia, Botswana,
Brazil, Brunei Darussalam, Burkina Faso, Cameroon, Cape Verde, Chad,
Colombia, Congo, Côte d’Ivoire, Dominican Republic, Ecuador, Equatorial
Guinea, Eritrea, Ethiopia, Georgia, Ghana, Guatemala, Guyana, Haiti, Jamaica,
Kenya, Lao People’s Democratic Republic, Lesotho, Malawi, Mali, Mauritius,
Mongolia, Mozambique, Namibia, Nepal, Nigeria, Papua New Guinea,
Philippines, Republic of Korea, Rwanda, Saint Lucia, Saint Vincent and the
Grenadines, Sierra Leone, Singapore, Solomon Islands, Suriname, Swaziland,
Thailand, Trinidad and Tobago, United Arab Emirates, United…",2026-05-16
N2,Country-specific human rights reports: Iran,2007,Human rights,A/RES/62/168,third_committee_record,A/C.3/62/SR.27,Third Committee,https://documents.un.org/api/symbol/access?l=en&s=A%2FC.3%2F62%2FSR.27&t=pdf,data/raw/un_docs/committee_records/A_C_3_62_SR_27.pdf,existing,Derived from committee report/status-page meeting references near the selected draft/theme.,2026-05-16
N2,Country-specific human rights reports: Iran,2007,Human rights,A/RES/62/168,third_committee_record,A/C.3/62/SR.29,Third Committee,https://documents.un.org/api/symbol/access?l=en&s=A%2FC.3%2F62%2FSR.29&t=pdf,data/raw/un_docs/committee_records/A_C_3_62_SR_29.pdf,existing,Derived from committee report/status-page meeting references near the selected draft/theme.,2026-05-16
N2,Country-specific human rights reports: Iran,2007,Human rights,A/RES/62/168,third_committee_record,A/C.3/62/SR.42,Third Committee,https://documents.un.org/api/symbol/access?l=en&s=A%2FC.3%2F62%2FSR.42&t=pdf,data/raw/un_docs/committee_records/A_C_3_62_SR_42.pdf,existing,Derived from committee report/status-page meeting references near the selected draft/theme.,2026-05-16
N2,Country-specific human rights reports: Iran,2007,Human rights,A/RES/62/168,third_committee_record,A/C.3/62/SR.49,Third Committee,https://documents.un.org/api/symbol/access?l=en&s=A%2FC.3%2F62%2FSR.49&t=pdf,data/raw/un_docs/committee_records/A_C_3_62_SR_49.pdf,existing,Derived from committee report/status-page meeting references near the selected draft/theme.,2026-05-16
N2,Country-specific human rights reports: Iran,2007,Human rights,A/RES/62/168,third_committee_record,A/C.3/62/SR.50,Third Committee,https://documents.un.org/api/symbol/access?l=en&s=A%2FC.3%2F62%2FSR.50&t=pdf,data/raw/un_docs/committee_records/A_C_3_62_SR_50.pdf,existing,Derived from committee report/status-page meeting references near the selected draft/theme.,2026-05-16
N2,Country-specific human rights reports: Iran,2007,Human rights,A/RES/62/168,third_committee_record,A/C.3/62/SR.51,Third Committee,https://documents.un.org/api/symbol/access?l=en&s=A%2FC.3%2F62%2FSR.51&t=pdf,data/raw/un_docs/committee_records/A_C_3_62_SR_51.pdf,existing,Derived from committee report/status-page meeting references near the selected draft/theme.,2026-05-16
N2,Country-specific human rights reports: Iran,2009,Human rights,A/RES/64/176,resolution,A/RES/64/176,,https://documents.un.org/api/symbol/access?l=en&s=A%2FRES%2F64%2F176&t=pdf,data/raw/un_docs/resolutions/A_RES_64_176.pdf,existing,Official resolution text.,2026-05-16
N2,Country-specific human rights reports: Iran,2009,Human rights,A/RES/64/176,committee_report,A/64/439/Add.3,Third Committee,https://documents.un.org/api/symbol/access?l=en&s=A%2F64%2F439%2FAdd.3&t=pdf,data/raw/un_docs/committee_reports/A_64_439_Add_3.pdf,existing,Third Committee (A/64/439/Add.3),2026-05-16
N2,Country-specific human rights reports: Iran,2009,Human rights,A/RES/64/176,draft,A/C.3/64/L.35,Third Committee,https://documents.un.org/api/symbol/access?l=en&s=A%2FC.3%2F64%2FL.35&t=pdf,data/raw/un_docs/drafts/A_C_3_64_L_35.pdf,existing,"ting, on 21 October, the United Nations High Commissioner
for Human Rights addressed the Committee and engaged in a dialogue with the
representatives of Chile, Colombia, the Sudan, China, Sweden (on behalf of the
European Union), Liechtenstein, Morocco, New Zealand, Egypt, Malaysia,
Maldives, Mexico, the United States of America, United Kingdom of Great Britain
and Northern Ireland, the Syrian Arab Republic, Pakistan, Iran (Islamic Republic
of), Cuba, Benin, Australia and India, as well as by the observer for Palestine (see
A/C.3/64/SR.22).
* The report of the Committee on this item is being issued in five parts, under the symbol A/64/439
and Add.1-4.A/64/439/Add.3
09-62996 2
5. At the same meeting, the Special Adviser to the Secretary-General made a
statement and engaged in a dialogue with the representatives of Myanmar, Japan,
New Zealand, Sweden (on behalf of the European Union), Chile, the United States
and Australia (see A/C.3/64/SR.22).
6. At the 24th meeting, on 22 October, the Special Rapporteur on the situation of
human rights in Myanmar made a presentation and engaged in a dialogue with the
representatives of Myanmar, Sweden (on behalf of the European Union),
Switzerlan…",2026-05-16
N2,Country-specific human rights reports: Iran,2009,Human rights,A/RES/64/176,draft,A/C.3/64/L.36,Third Committee,https://documents.un.org/api/symbol/access?l=en&s=A%2FC.3%2F64%2FL.36&t=pdf,data/raw/un_docs/drafts/A_C_3_64_L_36.pdf,existing,"one, Slovakia, Slovenia, Spain, Sweden, Switzerland, the former Yugoslav
Republic of Macedonia, Timor-Leste, Togo, Tonga, Turkey, Tuvalu, Ukraine,
United Kingdom of Great Britain and Northern Ireland, United Republic of
Tanzania, United States of America, Uruguay, Vanuatu.
Against:
Algeria, Belarus, China, Cuba, Democratic People’s Republic of Korea, Egypt,
Indonesia, Iran (Islamic Republic of), Libyan Arab Jamahiriya, Malaysia,
Myanmar, Oman, Russian Federation, Somalia, Sudan, Syrian Arab Republic,
Venezuela (Bolivarian Republic of), Viet Nam, Zimbabwe.
Abstaining:
Angola, Antigua and Barbuda, Azerbaijan, Bahamas, Bangladesh, Barbados,
Benin, Bolivia (Plurinational State of), Brazil, Brunei Darussalam, Burkina
Faso, Cambodia, Cameroon, Cape Verde, Central African Republic, Colombia,
Comoros, Congo, Côte d’Ivoire, Democratic Republic of the Congo, Ecuador,
Ethiopia, Gambia, Grenada, Guatemala, Guinea, Guyana, Haiti, India, Jordan,
Kenya, Kuwait, Kyrgyzstan, Lesotho, Mali, Mauritania, Mauritius,
Mozambique, Namibia, Nepal, Nicaragua, Niger, Nigeria, Pakistan,
Philippines, Qatar, Rwanda, Saint Kitts and Nevis, Saint Vincent and the
Grenadines, Senegal, Seychelles, Singapore, Solomo…",2026-05-16
N2,Country-specific human rights reports: Iran,2009,Human rights,A/RES/64/176,draft,A/C.3/64/L.62,Third Committee,https://documents.un.org/api/symbol/access?l=en&s=A%2FC.3%2F64%2FL.62&t=pdf,data/raw/un_docs/drafts/A_C_3_64_L_62.pdf,existing,"uwait, Kyrgyzstan, Lesotho, Mali, Mauritania, Mauritius,
Mozambique, Namibia, Nepal, Nicaragua, Niger, Nigeria, Pakistan,
Philippines, Qatar, Rwanda, Saint Kitts and Nevis, Saint Vincent and the
Grenadines, Senegal, Seychelles, Singapore, Solomon Islands, South Africa,
Sri Lanka, Suriname, Swaziland, Tajikistan, Thailand, Trinidad and Tobago,
Turkmenistan, Uganda, United Arab Emirates, Yemen, Zambia.
10. Before the vote, statements were made by the representatives of the Bahamas,
the Syrian Arab Republic, the Libyan Arab Jamahiriya, Malaysia, Costa Rica,
Zimbabwe, Swaziland, Cuba, China, Nepal, Barbados, Venezuela (Bolivarian
Republic of), the Sudan and Viet Nam; after the vote, statements were made by the
representatives of Colombia, India, Indonesia, Brazil, Bangladesh, Jordan and
Singapore (see A/C.3/64/SR.44).
B. Draft resolution A/C.3/64/L.36
11. At the 40th meeting, on 10 November, the representative of Sweden, on behalf
of Albania, Andorra, Australia, Austria, Belgium, Bosnia and Herzegovina,
Bulgaria, Canada, Croatia, Cyprus, the Czech Republic, Denmark, Estonia, Finland,
France, Germany, Greece, Hungary, Iceland, Ireland, Israel, Italy, Latvia,
Liechtenstein, Lithuania, L…",2026-05-16
N2,Country-specific human rights reports: Iran,2009,Human rights,A/RES/64/176,draft,A/C.3/64/L.37,Third Committee,https://documents.un.org/api/symbol/access?l=en&s=A%2FC.3%2F64%2FL.37&t=pdf,data/raw/un_docs/drafts/A_C_3_64_L_37.pdf,existing,"zerland, the former
Yugoslav Republic of Macedonia, Togo, Tonga, Turkey, Ukraine, United
Kingdom of Great Britain and Northern Ireland, United Republic of Tanzania,
United States of America, Uruguay, Vanuatu.
Against:
Algeria, Azerbaijan, Bangladesh, Belarus, Brunei Darussalam, China, Cuba,
Democratic People’s Republic of Korea, Egypt, India, Iran (Islamic Republic
of), Lao People’s Democratic Republic, Libyan Arab Jamahiriya, Malaysia,
Myanmar, Nicaragua, Oman, Russian Federation, Sri Lanka, Sudan, Syrian
Arab Republic, Tuvalu, Uzbekistan, Venezuela (Bolivarian Republic of), Viet
Nam, Zimbabwe.
Abstaining:
Angola, Antigua and Barbuda, Bahamas, Bahrain, Barbados, Benin, Bhutan,
Bolivia (Plurinational State of), Brazil, Burkina Faso, Cambodia, Cameroon,
Cape Verde, Central African Republic, Colombia, Comoros, Congo, Côte
d’Ivoire, Democratic Republic of the Congo, Ecuador, Eritrea, Ethiopia,
Gambia, Grenada, Guatemala, Guinea, Guinea-Bissau, Haiti, Indonesia,
Jordan, Kenya, Kuwait, Kyrgyzstan, Lesotho, Madagascar, Mali, Mauritania,
Mozambique, Nepal, Niger, Pakistan, Papua New Guinea, Philippines, Qatar,
Rwanda, Saint Kitts and Nevis, Saint Vincent and the Grenadines, Saudi
Arabia,…",2026-05-16
N2,Country-specific human rights reports: Iran,2009,Human rights,A/RES/64/176,third_committee_record,A/C.3/64/SR.5,Third Committee,https://documents.un.org/api/symbol/access?l=en&s=A%2FC.3%2F64%2FSR.5&t=pdf,data/raw/un_docs/committee_records/A_C_3_64_SR_5.pdf,existing,Derived from committee report/status-page meeting references near the selected draft/theme.,2026-05-16
N2,Country-specific human rights reports: Iran,2009,Human rights,A/RES/64/176,third_committee_record,A/C.3/64/SR.22,Third Committee,https://documents.un.org/api/symbol/access?l=en&s=A%2FC.3%2F64%2FSR.22&t=pdf,data/raw/un_docs/committee_records/A_C_3_64_SR_22.pdf,existing,Derived from committee report/status-page meeting references near the selected draft/theme.,2026-05-16
N2,Country-specific human rights reports: Iran,2009,Human rights,A/RES/64/176,third_committee_record,A/C.3/64/SR.24,Third Committee,https://documents.un.org/api/symbol/access?l=en&s=A%2FC.3%2F64%2FSR.24&t=pdf,data/raw/un_docs/committee_records/A_C_3_64_SR_24.pdf,existing,Derived from committee report/status-page meeting references near the selected draft/theme.,2026-05-16
N2,Country-specific human rights reports: Iran,2009,Human rights,A/RES/64/176,third_committee_record,A/C.3/64/SR.34,Third Committee,https://documents.un.org/api/symbol/access?l=en&s=A%2FC.3%2F64%2FSR.34&t=pdf,data/raw/un_docs/committee_records/A_C_3_64_SR_34.pdf,existing,Derived from committee report/status-page meeting references near the selected draft/theme.,2026-05-16
N2,Country-specific human rights reports: Iran,2009,Human rights,A/RES/64/176,third_committee_record,A/C.3/64/SR.36,Third Committee,https://documents.un.org/api/symbol/access?l=en&s=A%2FC.3%2F64%2FSR.36&t=pdf,data/raw/un_docs/committee_records/A_C_3_64_SR_36.pdf,existing,Derived from committee report/status-page meeting references near the selected draft/theme.,2026-05-16
N2,Country-specific human rights reports: Iran,2009,Human rights,A/RES/64/176,third_committee_record,A/C.3/64/SR.40,Third Committee,https://documents.un.org/api/symbol/access?l=en&s=A%2FC.3%2F64%2FSR.40&t=pdf,data/raw/un_docs/committee_records/A_C_3_64_SR_40.pdf,existing,Derived from committee report/status-page meeting references near the selected draft/theme.,2026-05-16
N2,Country-specific human rights reports: Iran,2009,Human rights,A/RES/64/176,third_committee_record,A/C.3/64/SR.41,Third Committee,https://documents.un.org/api/symbol/access?l=en&s=A%2FC.3%2F64%2FSR.41&t=pdf,data/raw/un_docs/committee_records/A_C_3_64_SR_41.pdf,existing,Derived from committee report/status-page meeting references near the selected draft/theme.,2026-05-16
N2,Country-specific human rights reports: Iran,2009,Human rights,A/RES/64/176,third_committee_record,A/C.3/64/SR.42,Third Committee,https://documents.un.org/api/symbol/access?l=en&s=A%2FC.3%2F64%2FSR.42&t=pdf,data/raw/un_docs/committee_records/A_C_3_64_SR_42.pdf,existing,Derived from committee report/status-page meeting references near the selected draft/theme.,2026-05-16
N2,Country-specific human rights reports: Iran,2009,Human rights,A/RES/64/176,third_committee_record,A/C.3/64/SR.43,Third Committee,https://documents.un.org/api/symbol/access?l=en&s=A%2FC.3%2F64%2FSR.43&t=pdf,data/raw/un_docs/committee_records/A_C_3_64_SR_43.pdf,existing,Derived from committee report/status-page meeting references near the selected draft/theme.,2026-05-16
N2,Country-specific human rights reports: Iran,2009,Human rights,A/RES/64/176,third_committee_record,A/C.3/64/SR.44,Third Committee,https://documents.un.org/api/symbol/access?l=en&s=A%2FC.3%2F64%2FSR.44&t=pdf,data/raw/un_docs/committee_records/A_C_3_64_SR_44.pdf,existing,Derived from committee report/status-page meeting references near the selected draft/theme.,2026-05-16
N2,Country-specific human rights reports: Iran,2009,Human rights,A/RES/64/176,third_committee_record,A/C.3/64/SR.45,Third Committee,https://documents.un.org/api/symbol/access?l=en&s=A%2FC.3%2F64%2FSR.45&t=pdf,data/raw/un_docs/committee_records/A_C_3_64_SR_45.pdf,existing,Derived from committee report/status-page meeting references near the selected draft/theme.,2026-05-16
N2,Country-specific human rights reports: Iran,2009,Human rights,A/RES/64/176,third_committee_record,A/C.3/64/SR.46,Third Committee,https://documents.un.org/api/symbol/access?l=en&s=A%2FC.3%2F64%2FSR.46&t=pdf,data/raw/un_docs/committee_records/A_C_3_64_SR_46.pdf,existing,Derived from committee report/status-page meeting references near the selected draft/theme.,2026-05-16
N2,Country-specific human rights reports: Iran,2009,Human rights,A/RES/64/176,third_committee_record,A/C.3/64/SR.47,Third Committee,https://documents.un.org/api/symbol/access?l=en&s=A%2FC.3%2F64%2FSR.47&t=pdf,data/raw/un_docs/committee_records/A_C_3_64_SR_47.pdf,existing,Derived from committee report/status-page meeting references near the selected draft/theme.,2026-05-16
N2,Country-specific human rights reports: Iran,2011,Human rights,A/RES/66/175,resolution,A/RES/66/175,,https://documents.un.org/api/symbol/access?l=en&s=A%2FRES%2F66%2F175&t=pdf,data/raw/un_docs/resolutions/A_RES_66_175.pdf,existing,Official resolution text.,2026-05-16
N2,Country-specific human rights reports: Iran,2011,Human rights,A/RES/66/175,committee_report,A/66/462/Add.3,Third Committee,https://documents.un.org/api/symbol/access?l=en&s=A%2F66%2F462%2FAdd.3&t=pdf,data/raw/un_docs/committee_reports/A_66_462_Add_3.pdf,existing,Third Committee (A/66/462/Add.3),2026-05-16
N2,Country-specific human rights reports: Iran,2011,Human rights,A/RES/66/175,draft,A/C.3/66/L.54,Third Committee,https://documents.un.org/api/symbol/access?l=en&s=A%2FC.3%2F66%2FL.54&t=pdf,data/raw/un_docs/drafts/A_C_3_66_L_54.pdf,existing,"-62312 2
New Zealand, Liechtenstein, Canada, Ireland, South Africa, the United States of
America, Gabon, the Democratic Republic of the Congo, Benin, Cameroon, Cuba,
Egypt, the Syrian Arab Republic and the Islamic Republic of Iran (see
A/C.3/66/SR.23).
5. At the same meeting, the Special Adviser to the Secretary-General on
Myanmar introduced the report of the Secretary-General on the situation of human
rights in Myanmar (A/66/267). A statement was made by the representative of
Myanmar (see A/C.3/66/SR.23).
6. At the 24th meeting, on 19 October, the Special Rapporteur on the situation of
human rights in the Islamic Republic of Iran made a presentation and engaged in a
dialogue with the representatives of Germany, Maldives, the United States, the
European Union, the United Kingdom, Australia, Canada, Norway, the Czech
Republic, Switzerland, New Zealand and the Islamic Republic of Iran (see
A/C.3/66/SR.24).
7. Also at the 24th meeting, the Special Rapporteur on the situation of human
rights in Myanmar made a presentation and engaged in a dialogue with the
representatives of Myanmar, the United States, the European Union, Japan, Canada,
Liechtenstein, Malaysia, the Republic of Korea,…",2026-05-16
N2,Country-specific human rights reports: Iran,2011,Human rights,A/RES/66/175,draft,A/C.3/66/L.55,Third Committee,https://documents.un.org/api/symbol/access?l=en&s=A%2FC.3%2F66%2FL.55&t=pdf,data/raw/un_docs/drafts/A_C_3_66_L_55.pdf,existing,",
Slovenia, Solomon Islands, Spain, Sweden, Switzerland, the former Yugoslav
Republic of Macedonia, Timor-Leste, Togo, Tonga, Tunisia, Turkey, Tuvalu,
Ukraine, United Arab Emirates, United Kingdom of Great Britain and
Northern Ireland, United Republic of Tanzania, United States of America,
Uruguay, Vanuatu.
Against:
Algeria, Belarus, China, Cuba, Democratic People’s Republic of Korea, Egypt,
Iran (Islamic Republic of), Myanmar, Oman, Russian Federation, Sudan,
Syrian Arab Republic, Uzbekistan, Venezuela (Bolivarian Republic of),
Viet Nam, Zimbabwe.
Abstaining:
Angola, Antigua and Barbuda, Armenia, Azerbaijan, Bangladesh, Barbados,
Bolivia (Plurinational State of), Brunei Darussalam, Burkina Faso, Cambodia,
Cameroon, Comoros, Congo, Côte d’Ivoire, Dominican Republic, Ecuador,
Ethiopia, Fiji, Gambia, Grenada, Guatemala, Guyana, India, Indonesia, Kenya,
Kuwait, Lao People’s Democratic Republic, Lesotho, Malaysia, Mali,
Mauritania, Mozambique, Namibia, Nepal, Nicaragua, Niger, Pakistan, Qatar,
Rwanda, Saint Kitts and Nevis, Saint Vincent and the Grenadines, Senegal,
Singapore, South Africa, South Sudan, Sri Lanka, Suriname, Swaziland,
Tajikistan, Thailand, Trinidad and Tobago, Turkmen…",2026-05-16
N2,Country-specific human rights reports: Iran,2011,Human rights,A/RES/66/175,draft,A/C.3/66/L.70,Third Committee,https://documents.un.org/api/symbol/access?l=en&s=A%2FC.3%2F66%2FL.70&t=pdf,data/raw/un_docs/drafts/A_C_3_66_L_70.pdf,existing,"is
discussions on the situation of human rights, the transition to democracy and
the national reconciliation process with the Government and the people of
Myanmar, involving all relevant stakeholders, including democracy and humanA/66/462/Add.3
11-62312 10
rights groups, and to offer technical assistance to the Government in this
regard;
“(b) To give all necessary assistance to enable the Special Adviser and
the Special Rapporteur to discharge their mandates fully, effectively and in a
coordinated manner;
“(c) To report to the General Assembly at its sixty-seventh session, as
well as to the Human Rights Council, on the progress made in the
implementation of the present resolution;
“34. Decides to continue the consideration of the question at its sixty-
seventh session, on the basis of the reports of the Secretary-General and the
Special Rapporteur.”
15. At its 47th meeting, on 21 November, the Committee had before it a revised
draft resolution entitled “Situation of human rights in Myanmar” (A/C.3/66/
L.55/Rev.1), submitted by Albania, Andorra, Australia, Austria, Belgium, Bosnia
and Herzegovina, Bulgaria, Canada, Croatia, Cyprus, the Czech Republic, Denmark,
Estonia, Finland, Fr…",2026-05-16
N2,Country-specific human rights reports: Iran,2011,Human rights,A/RES/66/175,draft,A/C.3/66/L.55/Rev.1,Third Committee,https://documents.un.org/api/symbol/access?l=en&s=A%2FC.3%2F66%2FL.55%2FRev.1&t=pdf,data/raw/un_docs/drafts/A_C_3_66_L_55_Rev_1.pdf,existing,"s, the transition to democracy and
the national reconciliation process with the Government and the people of
Myanmar, involving all relevant stakeholders, including democracy and humanA/66/462/Add.3
11-62312 10
rights groups, and to offer technical assistance to the Government in this
regard;
“(b) To give all necessary assistance to enable the Special Adviser and
the Special Rapporteur to discharge their mandates fully, effectively and in a
coordinated manner;
“(c) To report to the General Assembly at its sixty-seventh session, as
well as to the Human Rights Council, on the progress made in the
implementation of the present resolution;
“34. Decides to continue the consideration of the question at its sixty-
seventh session, on the basis of the reports of the Secretary-General and the
Special Rapporteur.”
15. At its 47th meeting, on 21 November, the Committee had before it a revised
draft resolution entitled “Situation of human rights in Myanmar” (A/C.3/66/
L.55/Rev.1), submitted by Albania, Andorra, Australia, Austria, Belgium, Bosnia
and Herzegovina, Bulgaria, Canada, Croatia, Cyprus, the Czech Republic, Denmark,
Estonia, Finland, France, Germany, Greece, Hungary, Iceland, Irela…",2026-05-16
N2,Country-specific human rights reports: Iran,2011,Human rights,A/RES/66/175,draft,A/C.3/66/L.56,Third Committee,https://documents.un.org/api/symbol/access?l=en&s=A%2FC.3%2F66%2FL.56&t=pdf,data/raw/un_docs/drafts/A_C_3_66_L_56.pdf,existing,", Solomon Islands, Spain, Sweden, Switzerland, the former Yugoslav
Republic of Macedonia, Togo, Tonga, Tunisia, Turkey, Tuvalu, Ukraine,A/66/462/Add.3
11 11-62312
United Kingdom of Great Britain and Northern Ireland, United Republic of
Tanzania, United States of America, Uruguay, Vanuatu.
Against:
Algeria, Azerbaijan, Bangladesh, Belarus, Brunei Darussalam, Cambodia,
China, Cuba, Democratic People’s Republic of Korea, Egypt, India, Iran
(Islamic Republic of), Lao People’s Democratic Republic, Myanmar,
Nicaragua, Oman, Russian Federation, Senegal, Sri Lanka, Sudan, Syrian Arab
Republic, Uzbekistan, Venezuela (Bolivarian Republic of), Viet Nam,
Zimbabwe.
Abstaining:
Angola, Antigua and Barbuda, Bahrain, Barbados, Benin, Bhutan, Bolivia
(Plurinational State of), Brazil, Burkina Faso, Cameroon, Colombia, Comoros,
Congo, Democratic Republic of the Congo, Djibouti, Dominican Republic,
Ecuador, Ethiopia, Fiji, Gambia, Grenada, Guatemala, Guyana, Indonesia,
Jordan, Kenya, Kuwait, Kyrgyzstan, Lesotho, Madagascar, Malawi, Malaysia,
Mali, Mauritania, Morocco, Mozambique, Namibia, Nauru, Nepal, Niger,
Nigeria, Pakistan, Papua New Guinea, Philippines, Qatar, Rwanda, Saint Kitts
and Nevis, Sai…",2026-05-16
N2,Country-specific human rights reports: Iran,2011,Human rights,A/RES/66/175,draft,A/C.3/66/L.57/Rev.1,Third Committee,https://documents.un.org/api/symbol/access?l=en&s=A%2FC.3%2F66%2FL.57%2FRev.1&t=pdf,data/raw/un_docs/drafts/A_C_3_66_L_57_Rev_1.pdf,existing,"and Principe, Senegal, Seychelles, Slovakia,
Slovenia, Solomon Islands, Spain, Sweden, Switzerland, the former Yugoslav
Republic of Macedonia, Timor-Leste, Tonga, Tunisia, Ukraine, United
Kingdom of Great Britain and Northern Ireland, United Republic of Tanzania,
United States of America, Vanuatu.
Against:
Afghanistan, Algeria, Armenia, Bangladesh, Belarus, Bolivia (Plurinational
State of), Brunei Darussalam, China, Comoros, Cuba, Democratic People’s
Republic of Korea, Ecuador, India, Iran (Islamic Republic of), Kazakhstan,
Lebanon, Myanmar, Nicaragua, Niger, Oman, Pakistan, Qatar, Russian
Federation, Sri Lanka, Sudan, Syrian Arab Republic, Tajikistan, Turkmenistan,
Uzbekistan, Venezuela (Bolivarian Republic of), Viet Nam, Zimbabwe.
Abstaining:
Angola, Antigua and Barbuda, Bahrain, Barbados, Benin, Bhutan, Brazil,
Burkina Faso, Cambodia, Cameroon, Congo, Côte d’Ivoire, Djibouti, Egypt,
Ethiopia, Fiji, Gabon, Ghana, Grenada, Guatemala, Guinea-Bissau, Guyana,
Indonesia, Jamaica, Jordan, Kenya, Kuwait, Kyrgyzstan, Lao People’s
Democratic Republic, Lesotho, Malaysia, Mali, Mauritania, Mauritius,
Mongolia, Morocco, Mozambique, Namibia, Nepal, Nigeria, Paraguay,
Philippines, Saint Kitts…",2026-05-16
N2,Country-specific human rights reports: Iran,2011,Human rights,A/RES/66/175,third_committee_record,A/C.3/66/SR.23,Third Committee,https://documents.un.org/api/symbol/access?l=en&s=A%2FC.3%2F66%2FSR.23&t=pdf,data/raw/un_docs/committee_records/A_C_3_66_SR_23.pdf,existing,Derived from committee report/status-page meeting references near the selected draft/theme.,2026-05-16
N2,Country-specific human rights reports: Iran,2011,Human rights,A/RES/66/175,third_committee_record,A/C.3/66/SR.24,Third Committee,https://documents.un.org/api/symbol/access?l=en&s=A%2FC.3%2F66%2FSR.24&t=pdf,data/raw/un_docs/committee_records/A_C_3_66_SR_24.pdf,existing,Derived from committee report/status-page meeting references near the selected draft/theme.,2026-05-16
N2,Country-specific human rights reports: Iran,2011,Human rights,A/RES/66/175,third_committee_record,A/C.3/66/SR.35,Third Committee,https://documents.un.org/api/symbol/access?l=en&s=A%2FC.3%2F66%2FSR.35&t=pdf,data/raw/un_docs/committee_records/A_C_3_66_SR_35.pdf,existing,Derived from committee report/status-page meeting references near the selected draft/theme.,2026-05-16
N2,Country-specific human rights reports: Iran,2011,Human rights,A/RES/66/175,third_committee_record,A/C.3/66/SR.41,Third Committee,https://documents.un.org/api/symbol/access?l=en&s=A%2FC.3%2F66%2FSR.41&t=pdf,data/raw/un_docs/committee_records/A_C_3_66_SR_41.pdf,existing,Derived from committee report/status-page meeting references near the selected draft/theme.,2026-05-16
N2,Country-specific human rights reports: Iran,2011,Human rights,A/RES/66/175,third_committee_record,A/C.3/66/SR.42,Third Committee,https://documents.un.org/api/symbol/access?l=en&s=A%2FC.3%2F66%2FSR.42&t=pdf,data/raw/un_docs/committee_records/A_C_3_66_SR_42.pdf,existing,Derived from committee report/status-page meeting references near the selected draft/theme.,2026-05-16
N2,Country-specific human rights reports: Iran,2011,Human rights,A/RES/66/175,third_committee_record,A/C.3/66/SR.43,Third Committee,https://documents.un.org/api/symbol/access?l=en&s=A%2FC.3%2F66%2FSR.43&t=pdf,data/raw/un_docs/committee_records/A_C_3_66_SR_43.pdf,existing,Derived from committee report/status-page meeting references near the selected draft/theme.,2026-05-16
N2,Country-specific human rights reports: Iran,2011,Human rights,A/RES/66/175,third_committee_record,A/C.3/66/SR.44,Third Committee,https://documents.un.org/api/symbol/access?l=en&s=A%2FC.3%2F66%2FSR.44&t=pdf,data/raw/un_docs/committee_records/A_C_3_66_SR_44.pdf,existing,Derived from committee report/status-page meeting references near the selected draft/theme.,2026-05-16
N2,Country-specific human rights reports: Iran,2011,Human rights,A/RES/66/175,third_committee_record,A/C.3/66/SR.45,Third Committee,https://documents.un.org/api/symbol/access?l=en&s=A%2FC.3%2F66%2FSR.45&t=pdf,data/raw/un_docs/committee_records/A_C_3_66_SR_45.pdf,existing,Derived from committee report/status-page meeting references near the selected draft/theme.,2026-05-16
N2,Country-specific human rights reports: Iran,2011,Human rights,A/RES/66/175,third_committee_record,A/C.3/66/SR.46,Third Committee,https://documents.un.org/api/symbol/access?l=en&s=A%2FC.3%2F66%2FSR.46&t=pdf,data/raw/un_docs/committee_records/A_C_3_66_SR_46.pdf,existing,Derived from committee report/status-page meeting references near the selected draft/theme.,2026-05-16
N2,Country-specific human rights reports: Iran,2011,Human rights,A/RES/66/175,third_committee_record,A/C.3/66/SR.47,Third Committee,https://documents.un.org/api/symbol/access?l=en&s=A%2FC.3%2F66%2FSR.47&t=pdf,data/raw/un_docs/committee_records/A_C_3_66_SR_47.pdf,existing,Derived from committee report/status-page meeting references near the selected draft/theme.,2026-05-16
N2,Country-specific human rights reports: Iran,2011,Human rights,A/RES/66/175,third_committee_record,A/C.3/66/SR.48,Third Committee,https://documents.un.org/api/symbol/access?l=en&s=A%2FC.3%2F66%2FSR.48&t=pdf,data/raw/un_docs/committee_records/A_C_3_66_SR_48.pdf,existing,Derived from committee report/status-page meeting references near the selected draft/theme.,2026-05-16
N2,Country-specific human rights reports: Iran,2011,Human rights,A/RES/66/175,third_committee_record,A/C.3/66/SR.49,Third Committee,https://documents.un.org/api/symbol/access?l=en&s=A%2FC.3%2F66%2FSR.49&t=pdf,data/raw/un_docs/committee_records/A_C_3_66_SR_49.pdf,existing,Derived from committee report/status-page meeting references near the selected draft/theme.,2026-05-16
N2,Country-specific human rights reports: Iran,2011,Human rights,A/RES/66/175,third_committee_record,A/C.3/66/SR.50,Third Committee,https://documents.un.org/api/symbol/access?l=en&s=A%2FC.3%2F66%2FSR.50&t=pdf,data/raw/un_docs/committee_records/A_C_3_66_SR_50.pdf,existing,Derived from committee report/status-page meeting references near the selected draft/theme.,2026-05-16
N3,Reducing nuclear danger,2004,Nuclear weapons and nuclear material,A/RES/59/79,resolution,A/RES/59/79,,https://documents.un.org/api/symbol/access?l=en&s=A%2FRES%2F59%2F79&t=pdf,data/raw/un_docs/resolutions/A_RES_59_79.pdf,existing,Official resolution text.,2026-05-16
N3,Reducing nuclear danger,2004,Nuclear weapons and nuclear material,A/RES/59/79,committee_report,A/59/459,First Committee,https://documents.un.org/api/symbol/access?l=en&s=A%2F59%2F459&t=pdf,data/raw/un_docs/committee_reports/A_59_459.pdf,existing,First Committee (A/59/459),2026-05-16
N3,Reducing nuclear danger,2004,Nuclear weapons and nuclear material,A/RES/59/79,draft,A/C.1/59/L.5,First Committee,https://documents.un.org/api/symbol/access?l=en&s=A%2FC.1%2F59%2FL.5&t=pdf,data/raw/un_docs/drafts/A_C_1_59_L_5.pdf,existing,"the Secretary-General on improving the effectiveness of the
methods of work of the First Committee (A/59/132 and Add.1, Add.2 and Corr.1
and Add.3-6);
(i) Consolidated report of the Secretary-General on: follow-up to the
advisory opinion of the International Court of Justice on the Legality of the Threat
or Use of Nuclear Weapons; reducing nuclear danger; towards a nuclear-weapon-
free world: the need for a new agenda; and nuclear disarmament (A/59/136);
(j) Report of the Secretary-General on missiles (A/59/137 and Add.1);
(k) Report of the Secretary-General on measures to prevent terrorists from
acquiring weapons of mass destruction (A/59/156 and Add.1);
(l) Report of the Secretary-General on disarmament and non-proliferation
education (A/59/178 and Add.1 and 2);
(m) Consolidated report of the Secretary-General on: assistance to States for
curbing the illicit traffic in small arms and collecting them; and the illicit trade in
small arms and light weapons in all its aspects (A/59/181);
(n) Report of the Secretary-General on the United Nations Register of
Conventional Arms (A/59/193);
(o) Report of the Secretary-General on the issue of missiles in all its aspects
(A/59/278 and Corr…",2026-05-16
N3,Reducing nuclear danger,2004,Nuclear weapons and nuclear material,A/RES/59/79,draft,A/C.1/59/L.30,First Committee,https://documents.un.org/api/symbol/access?l=en&s=A%2FC.1%2F59%2FL.30&t=pdf,data/raw/un_docs/drafts/A_C_1_59_L_30.pdf,existing,"Botswana, Brazil, Brunei Darussalam, Bulgaria,
Burkina Faso, Burundi, Cambodia, Cameroon, Canada, Cape Verde, Chile,
China, Colombia, Congo, Costa Rica, Croatia, Cuba, Cyprus, Czech Republic,
Democratic People’s Republic of Korea, Democratic Republic of the Congo,
Denmark, Djibouti, Dominican Republic, Ecuador, Egypt, El Salvador,
Equatorial Guinea, Eritrea, Estonia, Ethiopia, Fiji, Finland, Gabon, Georgia,
Germany, Ghana, Greece, Guatemala, Guinea-Bissau, Guyana, Haiti,
Honduras, Hungary, Iceland, India, Indonesia, Iran (Islamic Republic of), Iraq,
Ireland, Italy, Jamaica, Japan, Jordan, Kazakhstan, Kenya, Kuwait,
Kyrgyzstan, Lao People’s Democratic Republic, Latvia, Lebanon, Lesotho,
Liberia, Libyan Arab Jamahiriya, Liechtenstein, Lithuania, Luxembourg,
Madagascar, Malaysia, Maldives, Mali, Malta, Marshall Islands, Mauritius,
Mexico, Monaco, Mongolia, Morocco, Mozambique, Myanmar, Nauru, Nepal,
Netherlands, New Zealand, Nicaragua, Nigeria, Norway, Oman, Pakistan,
Panama, Papua New Guinea, Paraguay, Peru, Philippines, Poland, Portugal,
Qatar, Republic of Korea, Republic of Moldova, Romania, Russian Federation,
Rwanda, Saint Lucia, Saint Vincent and the Grenadines, Samoa, San Mari…",2026-05-16
N3,Reducing nuclear danger,2009,Arms control and disarmament; Nuclear weapons and nuclear material,A/RES/64/37,resolution,A/RES/64/37,,https://documents.un.org/api/symbol/access?l=en&s=A%2FRES%2F64%2F37&t=pdf,data/raw/un_docs/resolutions/A_RES_64_37.pdf,existing,Official resolution text.,2026-05-16
N3,Reducing nuclear danger,2009,Arms control and disarmament; Nuclear weapons and nuclear material,A/RES/64/37,committee_report,A/64/391,First Committee,https://documents.un.org/api/symbol/access?l=en&s=A%2F64%2F391&t=pdf,data/raw/un_docs/committee_reports/A_64_391.pdf,existing,First Committee (A/64/391),2026-05-16
N3,Reducing nuclear danger,2009,Arms control and disarmament; Nuclear weapons and nuclear material,A/RES/64/37,draft,A/C.1/64/L.1,First Committee,https://documents.un.org/api/symbol/access?l=en&s=A%2FC.1%2F64%2FL.1&t=pdf,data/raw/un_docs/drafts/A_C_1_64_L_1.pdf,existing,"educing nuclear danger; follow-up to
the advisory opinion of the International Court of Justice on the Legality of the
Threat or Use of Nuclear Weapons; and nuclear disarmament (A/64/139);
(j) Report of the Secretary-General on measures to prevent terrorists from
acquiring weapons of mass destruction (A/64/140 and Add.1);
(k) Report of the Secretary-General on the relationship between disarmament
and development (A/64/153);
(l) Report of the Secretary-General on the implementation of the Convention
on the Prohibition of the Development, Production, Stockpiling and Use of
Chemical Weapons and on Their Destruction (A/64/156);
(m) Report of the Secretary-General on assistance to States for curbing the
illicit traffic in small arms and light weapons and collecting them; and the illicit
trade in small arms and light weapons in all its aspects (A/64/173);
__________________
1 Official Records of the General Assembly, Sixty-fourth Session, Supplement No. 27 (A/64/27).
2 Ibid., Supplement No. 42 (A/64/42).A/64/391
09-53884 4
(n) Note by the Secretary-General transmitting the report of the Group of
Governmental Experts on the continuing operation of the United Nations Register of
Conventi…",2026-05-16
N3,Reducing nuclear danger,2009,Arms control and disarmament; Nuclear weapons and nuclear material,A/RES/64/37,draft,A/C.1/64/L.1/Rev.1,First Committee,https://documents.un.org/api/symbol/access?l=en&s=A%2FC.1%2F64%2FL.1%2FRev.1&t=pdf,data/raw/un_docs/drafts/A_C_1_64_L_1_Rev_1.pdf,existing,"ry-General on the implementation of the Convention
on the Prohibition of the Development, Production, Stockpiling and Use of
Chemical Weapons and on Their Destruction (A/64/156);
(m) Report of the Secretary-General on assistance to States for curbing the
illicit traffic in small arms and light weapons and collecting them; and the illicit
trade in small arms and light weapons in all its aspects (A/64/173);
__________________
1 Official Records of the General Assembly, Sixty-fourth Session, Supplement No. 27 (A/64/27).
2 Ibid., Supplement No. 42 (A/64/42).A/64/391
09-53884 4
(n) Note by the Secretary-General transmitting the report of the Group of
Governmental Experts on the continuing operation of the United Nations Register of
Conventional Arms and its further development (A/64/296);
(o) Letter dated 12 May 2009 from the Permanent Representative of Namibia
to the United Nations addressed to the Secretary-General (A/64/81);
(p) Note verbale dated 7 July 2009 from the Permanent Mission of Bosnia
and Herzegovina to the United Nations addressed to the Office for Disarmament
Affairs (A/C.1/64/1);
(q) Letter dated 5 October 2009 from the Permanent Representative of
Mongolia to the Unit…",2026-05-16
N3,Reducing nuclear danger,2009,Arms control and disarmament; Nuclear weapons and nuclear material,A/RES/64/37,draft,A/C.1/64/L.5,First Committee,https://documents.un.org/api/symbol/access?l=en&s=A%2FC.1%2F64%2FL.5&t=pdf,data/raw/un_docs/drafts/A_C_1_64_L_5.pdf,existing,"56);
(m) Report of the Secretary-General on assistance to States for curbing the
illicit traffic in small arms and light weapons and collecting them; and the illicit
trade in small arms and light weapons in all its aspects (A/64/173);
__________________
1 Official Records of the General Assembly, Sixty-fourth Session, Supplement No. 27 (A/64/27).
2 Ibid., Supplement No. 42 (A/64/42).A/64/391
09-53884 4
(n) Note by the Secretary-General transmitting the report of the Group of
Governmental Experts on the continuing operation of the United Nations Register of
Conventional Arms and its further development (A/64/296);
(o) Letter dated 12 May 2009 from the Permanent Representative of Namibia
to the United Nations addressed to the Secretary-General (A/64/81);
(p) Note verbale dated 7 July 2009 from the Permanent Mission of Bosnia
and Herzegovina to the United Nations addressed to the Office for Disarmament
Affairs (A/C.1/64/1);
(q) Letter dated 5 October 2009 from the Permanent Representative of
Mongolia to the United Nations addressed to the President of the General Assembly
(A/C.1/64/4).
II. Consideration of proposals
A. Draft resolutions
1. Draft resolution A/C.1/64/L.1 and Rev.1
5.…",2026-05-16
N3,Reducing nuclear danger,2009,Arms control and disarmament; Nuclear weapons and nuclear material,A/RES/64/37,draft,A/C.1/64/L.6,First Committee,https://documents.un.org/api/symbol/access?l=en&s=A%2FC.1%2F64%2FL.6&t=pdf,data/raw/un_docs/drafts/A_C_1_64_L_6.pdf,existing,"mmittee adopted draft resolution A/C.1/64/L.1/Rev.1
without a vote (see para. 81, draft resolution I).
2. Draft resolution A/C.1/64/L.5
8. At the 20th meeting, on 28 October, the representative of Mali, on behalf of
the States Members of the United Nations which are members of the Economic
Community of West African States, introduced a draft resolution entitled
“Assistance to States for curbing the illicit traffic in small arms and light weapons
and collecting them” (A/C.1/64/L.5). Subsequently, Albania, Algeria, Andorra,
Angola, Antigua and Barbuda, Austria, Belgium, Belize, Bosnia and Herzegovina,
Bulgaria, Burundi, Cameroon, Canada, the Central African Republic, Chile,
Colombia, the Comoros, the Congo, Croatia, Cyprus, the Czech Republic, the
Democratic Republic of the Congo, Denmark, Djibouti, Dominica, the Dominican
Republic, Eritrea, Estonia, Ethiopia, Fiji, Finland, France, Gabon, Germany, Greece,
Grenada, Guatemala, Guyana, Haiti, Honduras, Hungary, Iceland, Ireland, Italy,
Jamaica, Kenya, Latvia, Lesotho, Liechtenstein, Lithuania, Luxembourg,
Madagascar, Malawi, Malta, Mauritania, Montenegro, Morocco, Mozambique, the
Netherlands, Norway, Papua New Guinea, Poland, Portugal…",2026-05-16
N3,Reducing nuclear danger,2009,Arms control and disarmament; Nuclear weapons and nuclear material,A/RES/64/37,draft,A/C.1/64/L.10,First Committee,https://documents.un.org/api/symbol/access?l=en&s=A%2FC.1%2F64%2FL.10&t=pdf,data/raw/un_docs/drafts/A_C_1_64_L_10.pdf,existing,"tic Republic of the Congo, Djibouti,
Dominica, Dominican Republic, Ecuador, Egypt, El Salvador, Eritrea,
Ethiopia, Fiji, Ghana, Grenada, Guatemala, Guinea, Guyana, Indonesia, Iran
(Islamic Republic of), Iraq, Jamaica, Jordan, Kazakhstan, Kenya, Kuwait,
Kyrgyzstan, Lao People’s Democratic Republic, Lebanon, Lesotho, Liberia,
Libyan Arab Jamahiriya, Madagascar, Malawi, Malaysia, Maldives, Mali,
Mauritania, Mauritius, Mexico, Mongolia, Morocco, Mozambique, Myanmar,
Namibia, Nepal, Nicaragua, Niger, Nigeria, Oman, Papua New Guinea,
Paraguay, Philippines, Qatar, Saint Kitts and Nevis, Saint Lucia, Saudi Arabia,
Senegal, Singapore, Solomon Islands, Somalia, South Africa, Sri Lanka,
Sudan, Suriname, Swaziland, Syrian Arab Republic, Tajikistan, Thailand,
Timor-Leste, Togo, Trinidad and Tobago, Tunisia, Turkmenistan, United Arab
Emirates, United Republic of Tanzania, Uruguay, Uzbekistan, Venezuela
(Bolivarian Republic of), Viet Nam, Yemen, Zambia, Zimbabwe.
Against:
Albania, Andorra, Australia, Austria, Belgium, Bosnia and Herzegovina,
Bulgaria, Canada, Croatia, Cyprus, Czech Republic, Denmark, Estonia,
Finland, France, Georgia, Germany, Greece, Hungary, Iceland, Ireland, Israel,
Italy, Ja…",2026-05-16
N3,Reducing nuclear danger,2009,Arms control and disarmament; Nuclear weapons and nuclear material,A/RES/64/37,draft,A/C.1/64/L.12,First Committee,https://documents.un.org/api/symbol/access?l=en&s=A%2FC.1%2F64%2FL.12&t=pdf,data/raw/un_docs/drafts/A_C_1_64_L_12.pdf,existing,"Sudan, Suriname, Swaziland, Syrian Arab Republic, Tajikistan, Thailand,
Timor-Leste, Togo, Trinidad and Tobago, Tunisia, Turkmenistan, United Arab
Emirates, United Republic of Tanzania, Uruguay, Uzbekistan, Venezuela
(Bolivarian Republic of), Viet Nam, Yemen, Zambia, Zimbabwe.
Against:
Albania, Andorra, Australia, Austria, Belgium, Bosnia and Herzegovina,
Bulgaria, Canada, Croatia, Cyprus, Czech Republic, Denmark, Estonia,
Finland, France, Georgia, Germany, Greece, Hungary, Iceland, Ireland, Israel,
Italy, Japan, Latvia, Liechtenstein, Lithuania, Luxembourg, Malta, Micronesia
(Federated States of), Monaco, Montenegro, Netherlands, New Zealand,
Norway, Pakistan, Palau, Poland, Portugal, Republic of Korea, Republic of
Moldova, Romania, Russian Federation, San Marino, Serbia, Slovakia,
Slovenia, Spain, Sweden, Switzerland, the former Yugoslav Republic of
Macedonia, Turkey, Ukraine, United Kingdom of Great Britain and Northern
Ireland, United States of America, Vanuatu.
Abstaining:
Armenia, Azerbaijan, China, Colombia, Costa Rica, Haiti, Honduras, India,
Peru, Rwanda, Samoa, Tonga.
4. Draft resolution A/C.1/64/L.10
12. At the 20th meeting, on 28 October, the representative of Indonesi…",2026-05-16
N3,Reducing nuclear danger,2009,Arms control and disarmament; Nuclear weapons and nuclear material,A/RES/64/37,draft,A/C.1/64/L.13,First Committee,https://documents.un.org/api/symbol/access?l=en&s=A%2FC.1%2F64%2FL.13&t=pdf,data/raw/un_docs/drafts/A_C_1_64_L_13.pdf,existing,"ederated States of), Monaco, Montenegro, Netherlands, New Zealand,
Norway, Pakistan, Palau, Poland, Portugal, Republic of Korea, Republic of
Moldova, Romania, Russian Federation, San Marino, Serbia, Slovakia,
Slovenia, Spain, Sweden, Switzerland, the former Yugoslav Republic of
Macedonia, Turkey, Ukraine, United Kingdom of Great Britain and Northern
Ireland, United States of America, Vanuatu.
Abstaining:
Armenia, Azerbaijan, China, Colombia, Costa Rica, Haiti, Honduras, India,
Peru, Rwanda, Samoa, Tonga.
4. Draft resolution A/C.1/64/L.10
12. At the 20th meeting, on 28 October, the representative of Indonesia, on behalf
of the States Members of the United Nations that are members of the Movement of
Non-Aligned Countries, introduced a draft resolution entitled “Relationship between
__________________
4 The representative of Pakistan subsequently informed the Committee that his delegation had
intended to abstain.A/64/391
7 09-53884
disarmament and development” (A/C.1/64/L.10). Subsequently, Fiji and Uruguay
joined in sponsoring the draft resolution.
13. At the same meeting, the Committee adopted draft resolution A/C.1/64/L.10
without a vote5 (see para. 81, draft resolution IV).
5. D…",2026-05-16
N3,Reducing nuclear danger,2009,Arms control and disarmament; Nuclear weapons and nuclear material,A/RES/64/37,draft,A/C.1/64/L.14,First Committee,https://documents.un.org/api/symbol/access?l=en&s=A%2FC.1%2F64%2FL.14&t=pdf,data/raw/un_docs/drafts/A_C_1_64_L_14.pdf,existing,"riya, Madagascar, Malawi, Malaysia,
Maldives, Mali, Marshall Islands, Mauritania, Mauritius, Mexico, Mongolia,
Morocco, Mozambique, Myanmar, Namibia, Nepal, Nicaragua, Niger, Nigeria,
Oman, Pakistan, Panama, Papua New Guinea, Paraguay, Peru, Philippines,
Qatar, Russian Federation, Rwanda, Saint Kitts and Nevis, Saint Lucia, Saint
Vincent and the Grenadines, Saudi Arabia, Senegal, Serbia, Sierra Leone,
Singapore, Somalia, South Africa, Sri Lanka, Sudan, Suriname, Swaziland,
Syrian Arab Republic, Tajikistan, Thailand, Timor-Leste, Togo, Tonga,
__________________
5 The representatives of France and the United States of America informed the Committee that
their delegations had not participated in the action on the draft resolution.
6 The representative of France informed the Committee that his delegation had not participated in
the action on the draft resolution.A/64/391
09-53884 8
Trinidad and Tobago, Tunisia, Turkmenistan, Uganda, United Arab Emirates,
United Republic of Tanzania, Uruguay, Uzbekistan, Vanuatu, Venezuela
(Bolivarian Republic of), Viet Nam, Yemen, Zambia, Zimbabwe.
Against:
Israel, Micronesia (Federated States of), Palau, United Kingdom of Great
Britain and Northern…",2026-05-16
N3,Reducing nuclear danger,2009,Arms control and disarmament; Nuclear weapons and nuclear material,A/RES/64/37,draft,A/C.1/64/L.14/Rev.1,First Committee,https://documents.un.org/api/symbol/access?l=en&s=A%2FC.1%2F64%2FL.14%2FRev.1&t=pdf,data/raw/un_docs/drafts/A_C_1_64_L_14_Rev_1.pdf,existing,"at his delegation had not participated in
the action on the draft resolution.A/64/391
09-53884 8
Trinidad and Tobago, Tunisia, Turkmenistan, Uganda, United Arab Emirates,
United Republic of Tanzania, Uruguay, Uzbekistan, Vanuatu, Venezuela
(Bolivarian Republic of), Viet Nam, Yemen, Zambia, Zimbabwe.
Against:
Israel, Micronesia (Federated States of), Palau, United Kingdom of Great
Britain and Northern Ireland, United States of America.
Abstaining:
Albania, Andorra, Armenia, Australia, Austria, Belgium, Bosnia and
Herzegovina, Bulgaria, Canada, Croatia, Cyprus, Czech Republic, Denmark,
Estonia, Finland, France, Georgia, Germany, Greece, Hungary, Iceland,
Ireland, Italy, Japan, Latvia, Liechtenstein, Lithuania, Luxembourg, Malta,
Monaco, Montenegro, Netherlands, New Zealand, Norway, Poland, Portugal,
Republic of Korea, Republic of Moldova, Romania, Samoa, San Marino,
Slovakia, Slovenia, Spain, Sweden, Switzerland, the former Yugoslav Republic
of Macedonia, Turkey, Ukraine.
7. Draft resolution A/C.1/64/L.14 and Rev.1
18. At the 10th meeting, on 14 October, the representative of Kazakhstan, on
behalf of Belarus, Brazil, Kazakhstan, Nepal, Qatar, Tajikistan and Turkmenistan,
introduced…",2026-05-16
N3,Reducing nuclear danger,2009,Arms control and disarmament; Nuclear weapons and nuclear material,A/RES/64/37,draft,A/C.1/64/L.16,First Committee,https://documents.un.org/api/symbol/access?l=en&s=A%2FC.1%2F64%2FL.16&t=pdf,data/raw/un_docs/drafts/A_C_1_64_L_16.pdf,existing,", on 14 October, the representative of Kazakhstan, on
behalf of Belarus, Brazil, Kazakhstan, Nepal, Qatar, Tajikistan and Turkmenistan,
introduced a draft resolution entitled “International Day for a World Free of Nuclear
Weapons” (A/C.1/64/L.14).
19. At the 22nd meeting, on 30 October, the representative of Kazakhstan, on
behalf of Belarus, Belize, Brazil, Chile, the Comoros, the Congo, the Dominican
Republic, El Salvador, Kazakhstan, Kyrgyzstan, Nepal, the Niger, Qatar, the
Philippines, Tajikistan and Turkmenistan, subsequently joined by Armenia, Burkina
Faso, the Gambia, Guyana, Jamaica, Japan, Kenya, Mongolia, Papua New Guinea
and Saudi Arabia, introduced a revised draft resolution entitled “International Day
against Nuclear Tests” (A/C.1/64/L.14/Rev.1), and orally revised operative
paragraph 1 by replacing the words “nuclear tests” with the words “nuclear weapon
test explosions or any other nuclear explosions”.
20. At the same meeting, the representative of India proposed an oral amendment
to operative paragraph 1 of draft resolution A/C.1/64/L.14/Rev.1, as orally revised
by the representative of Kazakhstan, by which the words “as a means of achieving
the goal of a nuclear-we…",2026-05-16
N3,Reducing nuclear danger,2009,Arms control and disarmament; Nuclear weapons and nuclear material,A/RES/64/37,draft,A/C.1/64/L.18,First Committee,https://documents.un.org/api/symbol/access?l=en&s=A%2FC.1%2F64%2FL.18&t=pdf,data/raw/un_docs/drafts/A_C_1_64_L_18.pdf,existing,"Faso, the Gambia, Guyana, Jamaica, Japan, Kenya, Mongolia, Papua New Guinea
and Saudi Arabia, introduced a revised draft resolution entitled “International Day
against Nuclear Tests” (A/C.1/64/L.14/Rev.1), and orally revised operative
paragraph 1 by replacing the words “nuclear tests” with the words “nuclear weapon
test explosions or any other nuclear explosions”.
20. At the same meeting, the representative of India proposed an oral amendment
to operative paragraph 1 of draft resolution A/C.1/64/L.14/Rev.1, as orally revised
by the representative of Kazakhstan, by which the words “as a means of achieving
the goal of a nuclear-weapon-free world” would be inserted at the end of operative
paragraph 1.
21. Also at the same meeting, the representative of Egypt opposed the oral
amendment proposed by the representative of India.
22. At the same meeting, following a proposal by the Chairman to replace the
words “as a means” in the oral amendment proposed by the representative of India
by the words “as one of the means” in operative paragraph 1, the Committee
adopted draft resolution A/C.1/64/L.14/Rev.1, as orally revised and amended,
without a vote (see para. 81, draft resolution VII).A/…",2026-05-16
N3,Reducing nuclear danger,2009,Arms control and disarmament; Nuclear weapons and nuclear material,A/RES/64/37,draft,A/C.1/64/L.19,First Committee,https://documents.un.org/api/symbol/access?l=en&s=A%2FC.1%2F64%2FL.19&t=pdf,data/raw/un_docs/drafts/A_C_1_64_L_19.pdf,existing,"r, Egypt, El Salvador,
Equatorial Guinea, Eritrea, Ethiopia, Fiji, Ghana, Grenada, Guatemala,
Guinea, Guyana, Haiti, Honduras, India, Indonesia, Iran (Islamic Republic of),
Iraq, Jamaica, Jordan, Kenya, Kuwait, Lao People’s Democratic Republic,
Lebanon, Lesotho, Liberia, Libyan Arab Jamahiriya, Madagascar, Malawi,
Malaysia, Maldives, Mali, Mauritania, Mauritius, Mexico, Mongolia,
Morocco, Mozambique, Myanmar, Namibia, Nepal, Nicaragua, Niger, Nigeria,
Oman, Pakistan, Panama, Papua New Guinea, Paraguay, Peru, Philippines,
Qatar, Rwanda, Saint Kitts and Nevis, Saint Lucia, Samoa, Saudi Arabia,
Senegal, Singapore, Solomon Islands, Somalia, South Africa, Sri Lanka,
Sudan, Suriname, Swaziland, Syrian Arab Republic, Thailand, Timor-Leste,
Togo, Tonga, Trinidad and Tobago, Tunisia, Turkmenistan, Tuvalu, United
Arab Emirates, United Republic of Tanzania, Uruguay, Venezuela (Bolivarian
Republic of), Viet Nam, Yemen, Zambia, Zimbabwe.
Against:
Albania, Andorra, Australia, Austria, Belgium, Bosnia and Herzegovina,
Bulgaria, Canada, Croatia, Cyprus, Czech Republic, Denmark, Estonia,
Finland, France, Georgia, Germany, Greece, Hungary, Iceland, Ireland, Israel,
Italy, Latvia, Liechtenstein, Lit…",2026-05-16
N3,Reducing nuclear danger,2009,Arms control and disarmament; Nuclear weapons and nuclear material,A/RES/64/37,draft,A/C.1/64/L.23,First Committee,https://documents.un.org/api/symbol/access?l=en&s=A%2FC.1%2F64%2FL.23&t=pdf,data/raw/un_docs/drafts/A_C_1_64_L_23.pdf,existing,"alau, Poland, Portugal, Republic of Moldova, Romania, San Marino,
Slovakia, Slovenia, Spain, Sweden, Switzerland, the former Yugoslav Republic
of Macedonia, Turkey, Ukraine, United Kingdom of Great Britain and
Northern Ireland, United States of America.
Abstaining:
Argentina, Armenia, Azerbaijan, Belarus, China, Japan, Kazakhstan,
Kyrgyzstan, Marshall Islands, Republic of Korea, Russian Federation, Serbia,
Tajikistan, Uzbekistan, Vanuatu.
10. Draft resolution A/C.1/64/L.19
28. At the 11th meeting, on 15 October, the representative of India, on behalf of
Afghanistan, Argentina, Armenia, Australia, Austria, Bangladesh, Belgium, Bhutan,
Bulgaria, Cambodia, Chile, Croatia, Cyprus, the Czech Republic, the Democratic
Republic of the Congo, Denmark, Finland, France, Germany, Greece, Guatemala,
Haiti, Honduras, Hungary, Iceland, India, Ireland, Kuwait, Lithuania, Luxembourg,
Malta, Mauritius, Monaco, Myanmar, Nepal, Norway, the Philippines, Poland,
Romania, the Russian Federation, Serbia, Singapore, Slovakia, Slovenia, Spain,
Sri Lanka, Thailand, Turkey, the United Kingdom of Great Britain and Northern
Ireland and Zambia, introduced a draft resolution entitled “Measures to prevent
terrori…",2026-05-16
N3,Reducing nuclear danger,2009,Arms control and disarmament; Nuclear weapons and nuclear material,A/RES/64/37,draft,A/C.1/64/L.26,First Committee,https://documents.un.org/api/symbol/access?l=en&s=A%2FC.1%2F64%2FL.26&t=pdf,data/raw/un_docs/drafts/A_C_1_64_L_26.pdf,existing,"Congo, Costa Rica, Côte d’Ivoire, Croatia, Cuba,
Cyprus, Czech Republic, Democratic People’s Republic of Korea, Democratic
Republic of the Congo, Denmark, Djibouti, Dominica, Dominican Republic,
Ecuador, Egypt, El Salvador, Equatorial Guinea, Eritrea, Estonia, Ethiopia,
Fiji, Finland, Georgia, Germany, Ghana, Greece, Grenada, Guatemala, Guinea,
Guyana, Haiti, Honduras, Hungary, Iceland, India, Indonesia, Iran (Islamic
Republic of), Iraq, Ireland, Italy, Jamaica, Japan, Jordan, Kazakhstan, Kenya,
Kuwait, Kyrgyzstan, Lao People’s Democratic Republic, Latvia, Lebanon,
Lesotho, Liberia, Libyan Arab Jamahiriya, Liechtenstein, Lithuania,
Luxembourg, Madagascar, Malawi, Malaysia, Maldives, Mali, Malta,
Mauritania, Mauritius, Mexico, Monaco, Mongolia, Montenegro, Morocco,
Mozambique, Myanmar, Namibia, Nepal, Netherlands, New Zealand,
Nicaragua, Niger, Nigeria, Norway, Oman, Pakistan, Panama, Papua New
Guinea, Paraguay, Peru, Philippines, Poland, Portugal, Qatar, Republic of
Korea, Republic of Moldova, Romania, Russian Federation, Rwanda, Saint
Kitts and Nevis, Saint Lucia, Samoa, San Marino, Saudi Arabia, Senegal,
Serbia, Singapore, Slovakia, Slovenia, Solomon Islands, Somalia, South
Afri…",2026-05-16
N3,Reducing nuclear danger,2009,Arms control and disarmament; Nuclear weapons and nuclear material,A/RES/64/37,draft,A/C.1/64/L.28,First Committee,https://documents.un.org/api/symbol/access?l=en&s=A%2FC.1%2F64%2FL.28&t=pdf,data/raw/un_docs/drafts/A_C_1_64_L_28.pdf,existing,"(Islamic
Republic of), Iraq, Ireland, Italy, Jamaica, Japan, Jordan, Kazakhstan, Kenya,
Kuwait, Kyrgyzstan, Lao People’s Democratic Republic, Latvia, Lebanon,
Lesotho, Liberia, Libyan Arab Jamahiriya, Liechtenstein, Lithuania,
Luxembourg, Madagascar, Malawi, Malaysia, Maldives, Mali, Malta,
Mauritania, Mauritius, Mexico, Monaco, Mongolia, Montenegro, Morocco,
Mozambique, Myanmar, Namibia, Nepal, Netherlands, New Zealand,
Nicaragua, Niger, Nigeria, Norway, Oman, Pakistan, Panama, Papua New
Guinea, Paraguay, Peru, Philippines, Poland, Portugal, Qatar, Republic of
Korea, Republic of Moldova, Romania, Russian Federation, Rwanda, Saint
Kitts and Nevis, Saint Lucia, Samoa, San Marino, Saudi Arabia, Senegal,
Serbia, Singapore, Slovakia, Slovenia, Solomon Islands, Somalia, South
Africa, Spain, Sri Lanka, Sudan, Suriname, Swaziland, Sweden, Switzerland,
Syrian Arab Republic, Tajikistan, Thailand, the former Yugoslav Republic of
Macedonia, Timor-Leste, Togo, Tonga, Trinidad and Tobago, Tunisia, Turkey,
Turkmenistan, Tuvalu, Ukraine, United Arab Emirates, United Kingdom of
Great Britain and Northern Ireland, United Republic of Tanzania, Uruguay,
Uzbekistan, Vanuatu, Venezuela (Bolivarian Rep…",2026-05-16
N3,Reducing nuclear danger,2009,Arms control and disarmament; Nuclear weapons and nuclear material,A/RES/64/37,draft,A/C.1/64/L.29,First Committee,https://documents.un.org/api/symbol/access?l=en&s=A%2FC.1%2F64%2FL.29&t=pdf,data/raw/un_docs/drafts/A_C_1_64_L_29.pdf,existing,"l, Qatar, Republic of
Korea, Republic of Moldova, Romania, Russian Federation, Rwanda, Saint
Kitts and Nevis, Saint Lucia, Samoa, San Marino, Saudi Arabia, Senegal,
Serbia, Singapore, Slovakia, Slovenia, Solomon Islands, Somalia, South
Africa, Spain, Sri Lanka, Sudan, Suriname, Swaziland, Sweden, Switzerland,
Syrian Arab Republic, Tajikistan, Thailand, the former Yugoslav Republic of
Macedonia, Timor-Leste, Togo, Tonga, Trinidad and Tobago, Tunisia, Turkey,
Turkmenistan, Tuvalu, Ukraine, United Arab Emirates, United Kingdom of
Great Britain and Northern Ireland, United Republic of Tanzania, Uruguay,
Uzbekistan, Vanuatu, Venezuela (Bolivarian Republic of), Viet Nam, Yemen,
Zambia, Zimbabwe.
Against:
None.
Abstaining:
France, Israel, Marshall Islands, Micronesia (Federated States of), United
States of America.
12. Draft resolution A/C.1/64/L.26
32. At the 16th meeting, on 21 October, the representative of the Netherlands
introduced a draft resolution entitled “National legislation on transfer of arms,
military equipment and dual-use goods and technology” (A/C.1/64/L.26).
33. At its 20th meeting, on 28 October, the Committee adopted draft resolution
A/C.1/64/L.26 without a vote (see…",2026-05-16
N3,Reducing nuclear danger,2009,Arms control and disarmament; Nuclear weapons and nuclear material,A/RES/64/37,draft,A/C.1/64/L.30,First Committee,https://documents.un.org/api/symbol/access?l=en&s=A%2FC.1%2F64%2FL.30&t=pdf,data/raw/un_docs/drafts/A_C_1_64_L_30.pdf,existing,"Colombia, Congo, Costa Rica, Côte d’Ivoire, Croatia, Cyprus, Czech
Republic, Democratic People’s Republic of Korea, Democratic Republic of the
Congo, Denmark, Djibouti, Dominica, Dominican Republic, Ecuador, Egypt,
El Salvador, Equatorial Guinea, Eritrea, Estonia, Ethiopia, Fiji, Finland,
France, Gabon, Georgia, Germany, Ghana, Greece, Grenada, Guatemala,
Guinea, Guyana, Haiti, Honduras, Hungary, Iceland, Indonesia, Iran (Islamic
Republic of), Iraq, Ireland, Israel, Italy, Jamaica, Japan, Jordan, Kazakhstan,
Kenya, Kuwait, Kyrgyzstan, Latvia, Lebanon, Lesotho, Liberia, Libyan Arab
Jamahiriya, Liechtenstein, Lithuania, Luxembourg, Madagascar, Malawi,
Malaysia, Maldives, Mali, Malta, Marshall Islands, Mauritania, Mauritius,
Mexico, Micronesia (Federated States of), Monaco, Mongolia, Montenegro,
Morocco, Mozambique, Myanmar, Namibia, Nepal, Netherlands, New
Zealand, Nicaragua, Niger, Nigeria, Norway, Oman, Pakistan, Palau, Panama,
Papua New Guinea, Paraguay, Peru, Philippines, Poland, Portugal, Qatar,
Republic of Korea, Republic of Moldova, Romania, Rwanda, Saint Kitts and
Nevis, Saint Lucia, Saint Vincent and the Grenadines, Samoa, San Marino,
Saudi Arabia, Senegal, Serbia, Sierra L…",2026-05-16
N3,Reducing nuclear danger,2009,Arms control and disarmament; Nuclear weapons and nuclear material,A/RES/64/37,draft,A/C.1/64/L.31,First Committee,https://documents.un.org/api/symbol/access?l=en&s=A%2FC.1%2F64%2FL.31&t=pdf,data/raw/un_docs/drafts/A_C_1_64_L_31.pdf,existing,"riya, Liechtenstein, Lithuania, Luxembourg, Madagascar, Malawi,
Malaysia, Maldives, Mali, Malta, Marshall Islands, Mauritania, Mauritius,
Mexico, Micronesia (Federated States of), Monaco, Mongolia, Montenegro,
Morocco, Mozambique, Myanmar, Namibia, Nepal, Netherlands, New
Zealand, Nicaragua, Niger, Nigeria, Norway, Oman, Pakistan, Palau, Panama,
Papua New Guinea, Paraguay, Peru, Philippines, Poland, Portugal, Qatar,
Republic of Korea, Republic of Moldova, Romania, Rwanda, Saint Kitts and
Nevis, Saint Lucia, Saint Vincent and the Grenadines, Samoa, San Marino,
Saudi Arabia, Senegal, Serbia, Sierra Leone, Singapore, Slovakia, Slovenia,
Somalia, South Africa, Spain, Sri Lanka, Sudan, Suriname, Swaziland,
Sweden, Switzerland, Syrian Arab Republic, Tajikistan, Thailand, the former
Yugoslav Republic of Macedonia, Timor-Leste, Togo, Tonga, Trinidad and
Tobago, Tunisia, Turkey, Turkmenistan, Ukraine, United Arab Emirates,
United Kingdom of Great Britain and Northern Ireland, United Republic of
Tanzania, United States of America, Uruguay, Uzbekistan, Vanuatu, Venezuela
(Bolivarian Republic of), Yemen, Zambia, Zimbabwe.
Against:
India.
Abstaining:
Bhutan, Russian Federation.
15. Draft resol…",2026-05-16
N3,Reducing nuclear danger,2009,Arms control and disarmament; Nuclear weapons and nuclear material,A/RES/64/37,draft,A/C.1/64/L.34,First Committee,https://documents.un.org/api/symbol/access?l=en&s=A%2FC.1%2F64%2FL.34&t=pdf,data/raw/un_docs/drafts/A_C_1_64_L_34.pdf,existing,"e Congo, Denmark, Djibouti, Dominica, Dominican Republic,
Ecuador, Egypt, El Salvador, Equatorial Guinea, Eritrea, Estonia, Ethiopia,
Fiji, Finland, Georgia, Germany, Ghana, Greece, Grenada, Guatemala, Guinea,
Guyana, Haiti, Honduras, Hungary, Iceland, Indonesia, Iran (Islamic Republic
of), Iraq, Ireland, Italy, Jamaica, Japan, Jordan, Kazakhstan, Kenya, Kuwait,
Kyrgyzstan, Lao People’s Democratic Republic, Latvia, Lebanon, Lesotho,
Liberia, Libyan Arab Jamahiriya, Liechtenstein, Lithuania, Luxembourg,
Madagascar, Malawi, Malaysia, Maldives, Mali, Malta, Mauritania, Mauritius,
Mexico, Mongolia, Montenegro, Morocco, Mozambique, Myanmar, Namibia,
Nepal, Netherlands, New Zealand, Nicaragua, Niger, Nigeria, Norway, Oman,
Panama, Papua New Guinea, Paraguay, Peru, Philippines, Poland, Portugal,
Qatar, Republic of Korea, Republic of Moldova, Romania, Russian Federation,
Rwanda, Saint Kitts and Nevis, Saint Lucia, Samoa, San Marino, Saudi Arabia,
Senegal, Serbia, Singapore, Slovakia, Slovenia, Solomon Islands, Somalia,
South Africa, Spain, Sri Lanka, Sudan, Suriname, Swaziland, Sweden,
Switzerland, Syrian Arab Republic, Tajikistan, Thailand, the former Yugoslav
Republic of Macedonia, Timo…",2026-05-16
N3,Reducing nuclear danger,2009,Arms control and disarmament; Nuclear weapons and nuclear material,A/RES/64/37,draft,A/C.1/64/L.35,First Committee,https://documents.un.org/api/symbol/access?l=en&s=A%2FC.1%2F64%2FL.35&t=pdf,data/raw/un_docs/drafts/A_C_1_64_L_35.pdf,existing,"lta, Mauritania, Mauritius,
Mexico, Mongolia, Montenegro, Morocco, Mozambique, Myanmar, Namibia,
Nepal, Netherlands, New Zealand, Nicaragua, Niger, Nigeria, Norway, Oman,
Panama, Papua New Guinea, Paraguay, Peru, Philippines, Poland, Portugal,
Qatar, Republic of Korea, Republic of Moldova, Romania, Russian Federation,
Rwanda, Saint Kitts and Nevis, Saint Lucia, Samoa, San Marino, Saudi Arabia,
Senegal, Serbia, Singapore, Slovakia, Slovenia, Solomon Islands, Somalia,
South Africa, Spain, Sri Lanka, Sudan, Suriname, Swaziland, Sweden,
Switzerland, Syrian Arab Republic, Tajikistan, Thailand, the former Yugoslav
Republic of Macedonia, Timor-Leste, Togo, Tonga, Trinidad and Tobago,
Tunisia, Turkey, Turkmenistan, Tuvalu, Ukraine, United Arab Emirates, United
Republic of Tanzania, Uruguay, Uzbekistan, Vanuatu, Venezuela (Bolivarian
Republic of), Viet Nam, Yemen, Zambia, Zimbabwe.
__________________
8 The representative of Israel subsequently informed the Committee that his delegation had
intended to abstain.A/64/391
15 09-53884
Against:
France, United Kingdom of Great Britain and Northern Ireland, United States
of America.
Abstaining:
India, Marshall Islands, Micronesia (Federated State…",2026-05-16
N3,Reducing nuclear danger,2009,Arms control and disarmament; Nuclear weapons and nuclear material,A/RES/64/37,draft,A/C.1/63/L.29,First Committee,https://documents.un.org/api/symbol/access?l=en&s=A%2FC.1%2F63%2FL.29&t=pdf,data/raw/un_docs/drafts/A_C_1_63_L_29.pdf,existing,"blic of Moldova, Romania, Russian Federation,
Rwanda, Saint Kitts and Nevis, Saint Lucia, Samoa, San Marino, Saudi Arabia,
Senegal, Serbia, Singapore, Slovakia, Slovenia, Solomon Islands, Somalia,
South Africa, Spain, Sri Lanka, Sudan, Suriname, Swaziland, Sweden,
Switzerland, Syrian Arab Republic, Tajikistan, Thailand, the former Yugoslav
Republic of Macedonia, Timor-Leste, Togo, Tonga, Trinidad and Tobago,
Tunisia, Turkey, Turkmenistan, Tuvalu, Ukraine, United Arab Emirates, United
Republic of Tanzania, Uruguay, Uzbekistan, Vanuatu, Venezuela (Bolivarian
Republic of), Viet Nam, Yemen, Zambia, Zimbabwe.
__________________
8 The representative of Israel subsequently informed the Committee that his delegation had
intended to abstain.A/64/391
15 09-53884
Against:
France, United Kingdom of Great Britain and Northern Ireland, United States
of America.
Abstaining:
India, Marshall Islands, Micronesia (Federated States of), Pakistan, Palau.
17. Draft resolution A/C.1/64/L.34
42. At its 19th meeting, on 27 October, the Committee had before it a draft
resolution entitled “Prohibition of the dumping of radioactive wastes”, submitted by
the representative of Nigeria on behalf of the States…",2026-05-16
N3,Reducing nuclear danger,2009,Arms control and disarmament; Nuclear weapons and nuclear material,A/RES/64/37,draft,A/C.1/64/L.36,First Committee,https://documents.un.org/api/symbol/access?l=en&s=A%2FC.1%2F64%2FL.36&t=pdf,data/raw/un_docs/drafts/A_C_1_64_L_36.pdf,existing,"s, Somalia,
South Africa, Spain, Sri Lanka, Sudan, Suriname, Swaziland, Sweden,
Switzerland, Syrian Arab Republic, Tajikistan, Thailand, the former Yugoslav
Republic of Macedonia, Timor-Leste, Togo, Tonga, Trinidad and Tobago,
Tunisia, Turkey, Turkmenistan, Tuvalu, Ukraine, United Arab Emirates, United
Republic of Tanzania, Uruguay, Uzbekistan, Vanuatu, Venezuela (Bolivarian
Republic of), Viet Nam, Yemen, Zambia, Zimbabwe.
__________________
8 The representative of Israel subsequently informed the Committee that his delegation had
intended to abstain.A/64/391
15 09-53884
Against:
France, United Kingdom of Great Britain and Northern Ireland, United States
of America.
Abstaining:
India, Marshall Islands, Micronesia (Federated States of), Pakistan, Palau.
17. Draft resolution A/C.1/64/L.34
42. At its 19th meeting, on 27 October, the Committee had before it a draft
resolution entitled “Prohibition of the dumping of radioactive wastes”, submitted by
the representative of Nigeria on behalf of the States Members of the United Nations
that are members of the Group of African States. Subsequently, the Dominican
Republic and Montenegro joined in sponsoring the draft resolution.
43. At the…",2026-05-16
N3,Reducing nuclear danger,2009,Arms control and disarmament; Nuclear weapons and nuclear material,A/RES/64/37,draft,A/C.1/64/L.38,First Committee,https://documents.un.org/api/symbol/access?l=en&s=A%2FC.1%2F64%2FL.38&t=pdf,data/raw/un_docs/drafts/A_C_1_64_L_38.pdf,existing,"African
Republic, Chile, Colombia, Congo, Costa Rica, Côte d’Ivoire, Croatia, Cyprus,
Czech Republic, Democratic Republic of the Congo, Denmark, Djibouti,
Dominican Republic, Ecuador, Egypt, El Salvador, Equatorial Guinea, Eritrea,
Estonia, Ethiopia, Fiji, Finland, Gabon, Georgia, Germany, Ghana, Greece,
Grenada, Guatemala, Guinea, Guyana, Haiti, Honduras, Hungary, Iceland,
Indonesia, Iraq, Ireland, Italy, Jamaica, Japan, Jordan, Kazakhstan, Kenya,
Kiribati, Kuwait, Kyrgyzstan, Lao People’s Democratic Republic, Latvia,
Lebanon, Lesotho, Libyan Arab Jamahiriya, Liechtenstein, Lithuania,
Luxembourg, Madagascar, Malawi, Malaysia, Maldives, Mali, Malta, Marshall
Islands, Mauritania, Mauritius, Mexico, Micronesia (Federated States of),
Monaco, Mongolia, Montenegro, Morocco, Mozambique, Nepal, Netherlands,
New Zealand, Niger, Norway, Oman, Palau, Panama, Papua New Guinea,
Peru, Philippines, Poland, Portugal, Qatar, Republic of Korea, Republic of
Moldova, Romania, Russian Federation, Rwanda, Saint Kitts and Nevis, Saint
Lucia, Saint Vincent and the Grenadines, Samoa, Saudi Arabia, Serbia,
Singapore, Slovakia, Slovenia, Somalia, South Africa, Spain, Sri Lanka,
Sudan, Suriname, Swaziland,…",2026-05-16
N3,Reducing nuclear danger,2009,Arms control and disarmament; Nuclear weapons and nuclear material,A/RES/64/37,draft,A/C.1/64/L.38/Rev.1,First Committee,https://documents.un.org/api/symbol/access?l=en&s=A%2FC.1%2F64%2FL.38%2FRev.1&t=pdf,data/raw/un_docs/drafts/A_C_1_64_L_38_Rev_1.pdf,existing,"and, Portugal, Qatar, Republic of Korea, Republic of
Moldova, Romania, Russian Federation, Rwanda, Saint Kitts and Nevis, Saint
Lucia, Saint Vincent and the Grenadines, Samoa, Saudi Arabia, Serbia,
Singapore, Slovakia, Slovenia, Somalia, South Africa, Spain, Sri Lanka,
Sudan, Suriname, Swaziland, Sweden, Switzerland, Syrian Arab Republic,
Tajikistan, Thailand, the former Yugoslav Republic of Macedonia, Timor-
Leste, Togo, Tonga, Trinidad and Tobago, Tunisia, Turkey, Turkmenistan,
Ukraine, United Arab Emirates, United Kingdom of Great Britain and
Northern Ireland, United Republic of Tanzania, United States of America,
Uruguay, Uzbekistan, Vanuatu, Venezuela (Bolivarian Republic of), Viet Nam,
Yemen, Zambia, Zimbabwe.
Against:
Democratic People’s Republic of Korea, India.
Abstaining:
Bhutan, China, Cuba, France, Iran (Islamic Republic of), Israel, Myanmar,
Pakistan.
20. Draft resolution A/C.1/64/L.38 and Rev.1
48. At the 16th meeting, on 21 October, the representative of the United Kingdom
of Great Britain and Northern Ireland, on behalf of Argentina, Australia, Costa Rica,
Finland, Japan, Kenya and the United Kingdom of Great Britain and Northern
Ireland, introduced a draft resolut…",2026-05-16
N3,Reducing nuclear danger,2009,Arms control and disarmament; Nuclear weapons and nuclear material,A/RES/64/37,draft,A/C.1/64/L.40,First Committee,https://documents.un.org/api/symbol/access?l=en&s=A%2FC.1%2F64%2FL.40&t=pdf,data/raw/un_docs/drafts/A_C_1_64_L_40.pdf,existing,"Burkina Faso, Burundi, Cambodia, Cameroon, Canada, Central African
Republic, Chad, Chile, Colombia, Congo, Costa Rica, Côte d’Ivoire, Croatia,
Cyprus, Czech Republic, Democratic Republic of the Congo, Denmark,
Djibouti, Dominica, Dominican Republic, Ecuador, El Salvador, Equatorial
Guinea, Eritrea, Estonia, Ethiopia, Fiji, Finland, France, Gabon, Georgia,
Germany, Ghana, Greece, Grenada, Guatemala, Guinea, Guyana, Haiti,
Honduras, Hungary, Iceland, Indonesia, Iraq, Ireland, Israel, Italy, Jamaica,
Japan, Jordan, Kazakhstan, Kenya, Latvia, Lebanon, Lesotho, Liberia,
Liechtenstein, Lithuania, Luxembourg, Madagascar, Malawi, Malaysia,
Maldives, Mali, Malta, Mauritania, Mauritius, Mexico, Micronesia (Federated
States of), Monaco, Mongolia, Montenegro, Morocco, Mozambique, Myanmar,
Namibia, Nepal, Netherlands, New Zealand, Niger, Nigeria, Norway, Oman,
Palau, Panama, Papua New Guinea, Paraguay, Peru, Philippines, Poland,
Portugal, Republic of Korea, Republic of Moldova, Romania, Rwanda, Saint
Kitts and Nevis, Saint Lucia, Saint Vincent and the Grenadines, Samoa, San
Marino, Senegal, Serbia, Sierra Leone, Singapore, Slovakia, Slovenia,
Somalia, South Africa, Spain, Sri Lanka, Suriname,…",2026-05-16
N3,Reducing nuclear danger,2009,Arms control and disarmament; Nuclear weapons and nuclear material,A/RES/64/37,draft,A/C.1/64/L.42,First Committee,https://documents.un.org/api/symbol/access?l=en&s=A%2FC.1%2F64%2FL.42&t=pdf,data/raw/un_docs/drafts/A_C_1_64_L_42.pdf,existing,"of Great Britain and Northern Ireland, United Republic of Tanzania,
United States of America, Uruguay, Vanuatu, Zambia.
Against:
Zimbabwe.
Abstaining:
Bahrain, Belarus, China, Cuba, Egypt, India, Iran (Islamic Republic of),
Kuwait, Libyan Arab Jamahiriya, Nicaragua, Pakistan, Qatar, Russian
Federation, Saudi Arabia, Sudan, Syrian Arab Republic, United Arab Emirates,
Venezuela (Bolivarian Republic of), Yemen.
21. Draft resolution A/C.1/64/L.40
52. At the 13th meeting, on 19 October, the representative of the Russian
Federation, on behalf of Armenia, Austria, Belarus, Belgium, Brazil, Bulgaria,
Chile, China, Costa Rica, Croatia, Cuba, Cyprus, the Czech Republic, Denmark,A/64/391
09-53884 18
Estonia, Finland, France, Germany, Greece, Guatemala, Hungary, Iceland,
Indonesia, Ireland, Italy, Kazakhstan, Kyrgyzstan, Lithuania, Luxembourg, Malta,
Mongolia, Myanmar, the Netherlands, New Zealand, Nicaragua, Norway, Pakistan,
Poland, Portugal, the Republic of Moldova, Romania, the Russian Federation,
Serbia, Slovakia, Slovenia, Spain, the Sudan, Sweden, Switzerland, the Syrian Arab
Republic, the former Yugoslav Republic of Macedonia, Turkey, Turkmenistan, the
United Kingdom of Great Britain…",2026-05-16
N3,Reducing nuclear danger,2009,Arms control and disarmament; Nuclear weapons and nuclear material,A/RES/64/37,draft,A/C.1/64/L.42/Rev.1,First Committee,https://documents.un.org/api/symbol/access?l=en&s=A%2FC.1%2F64%2FL.42%2FRev.1&t=pdf,data/raw/un_docs/drafts/A_C_1_64_L_42_Rev_1.pdf,existing,"nia, Luxembourg, Malta,
Mongolia, Myanmar, the Netherlands, New Zealand, Nicaragua, Norway, Pakistan,
Poland, Portugal, the Republic of Moldova, Romania, the Russian Federation,
Serbia, Slovakia, Slovenia, Spain, the Sudan, Sweden, Switzerland, the Syrian Arab
Republic, the former Yugoslav Republic of Macedonia, Turkey, Turkmenistan, the
United Kingdom of Great Britain and Northern Ireland, Uruguay, Uzbekistan,
Venezuela (Bolivarian Republic of) and Viet Nam, introduced a draft resolution
entitled “Transparency and confidence-building measures in outer space activities”
(A/C.1/64/L.40). Subsequently, Albania, Bolivia (Plurinational State of), Burkina
Faso, the Comoros, El Salvador, Fiji, Latvia, Madagascar, the Philippines, Saint
Lucia and Tajikistan joined in sponsoring the draft resolution.
53. At its 21st meeting, on 29 October, the Committee adopted draft resolution
A/C.1/64/L.40 without a vote (see para. 81, draft resolution XXI).
22. Draft resolution A/C.1/64/L.42 and Rev.1
54. At the 14th meeting, on 19 October, the representative of South Africa, on
behalf of Antigua and Barbuda, Argentina, Armenia, Australia, Austria, Bangladesh,
Bulgaria, Colombia, Costa Rica, the Democr…",2026-05-16
N3,Reducing nuclear danger,2009,Arms control and disarmament; Nuclear weapons and nuclear material,A/RES/64/37,draft,A/C.1/64/L.44,First Committee,https://documents.un.org/api/symbol/access?l=en&s=A%2FC.1%2F64%2FL.44&t=pdf,data/raw/un_docs/drafts/A_C_1_64_L_44.pdf,existing,"ador, Egypt,
El Salvador, Equatorial Guinea, Eritrea, Estonia, Ethiopia, Fiji, Finland,
France, Gabon, Gambia, Georgia, Germany, Ghana, Greece, Grenada,
Guatemala, Guinea, Guyana, Haiti, Honduras, Hungary, Iceland, India,
Indonesia, Iran (Islamic Republic of), Iraq, Ireland, Israel, Italy, Jamaica,
__________________
10 The representative of Pakistan subsequently informed the Committee that his delegation had
intended to abstain.A/64/391
21 09-53884
Japan, Jordan, Kazakhstan, Kenya, Kuwait, Kyrgyzstan, Lao People’s
Democratic Republic, Latvia, Lebanon, Lesotho, Liberia, Libyan Arab
Jamahiriya, Liechtenstein, Lithuania, Luxembourg, Madagascar, Malawi,
Malaysia, Maldives, Mali, Malta, Marshall Islands, Mauritania, Mauritius,
Mexico, Micronesia (Federated States of), Monaco, Mongolia, Montenegro,
Morocco, Mozambique, Myanmar, Nepal, Netherlands, New Zealand,
Nicaragua, Niger, Nigeria, Norway, Oman, Pakistan, Panama, Papua New
Guinea, Paraguay, Peru, Philippines, Poland, Portugal, Qatar, Republic of
Korea, Republic of Moldova, Romania, Russian Federation, Rwanda, Saint
Kitts and Nevis, Saint Lucia, Saint Vincent and the Grenadines, Samoa, San
Marino, Saudi Arabia, Senegal, Serbia, Si…",2026-05-16
N3,Reducing nuclear danger,2009,Arms control and disarmament; Nuclear weapons and nuclear material,A/RES/64/37,draft,A/C.1/64/L.46,First Committee,https://documents.un.org/api/symbol/access?l=en&s=A%2FC.1%2F64%2FL.46&t=pdf,data/raw/un_docs/drafts/A_C_1_64_L_46.pdf,existing,"Arabia, Senegal, Serbia, Sierra Leone, Singapore, Slovakia,
Slovenia, Somalia, South Africa, Spain, Sri Lanka, Sudan, Suriname,
Swaziland, Sweden, Switzerland, Syrian Arab Republic, Tajikistan, Thailand,
the former Yugoslav Republic of Macedonia, Timor-Leste, Togo, Tonga,
Trinidad and Tobago, Tunisia, Turkey, Turkmenistan, Uganda, Ukraine, United
Arab Emirates, United Kingdom of Great Britain and Northern Ireland, United
Republic of Tanzania, United States of America, Uruguay, Uzbekistan,
Vanuatu, Venezuela (Bolivarian Republic of), Viet Nam, Yemen, Zambia,
Zimbabwe.
Against:
None.
Abstaining:
None.
23. Draft resolution A/C.1/64/L.44
58. At the 15th meeting, on 20 October, the representative of Germany, on behalf
of Andorra, Australia, Austria, Belgium, Bulgaria, Chile, Croatia, Cyprus, the Czech
Republic, Denmark, Ecuador, Estonia, Finland, France, Georgia, Germany, Ghana,
Greece, Hungary, Iceland, Ireland, Italy, Latvia, Lesotho, Liberia, Liechtenstein,
Lithuania, Luxembourg, Madagascar, the Netherlands, Norway, Peru, Poland,
Portugal, the Republic of Moldova, Romania, Serbia, Slovakia, Slovenia, Spain,
Sweden, Switzerland, the former Yugoslav Republic of Macedonia, Ukraine, the…",2026-05-16
N3,Reducing nuclear danger,2009,Arms control and disarmament; Nuclear weapons and nuclear material,A/RES/64/37,draft,A/C.1/64/L.46/Rev.1,First Committee,https://documents.un.org/api/symbol/access?l=en&s=A%2FC.1%2F64%2FL.46%2FRev.1&t=pdf,data/raw/un_docs/drafts/A_C_1_64_L_46_Rev_1.pdf,existing,"arising from
the accumulation of conventional ammunition stockpiles in surplus”
(A/C.1/64/L.44). Subsequently, Albania, Cameroon, Canada, the Central African
Republic, the Congo, El Salvador, Fiji, Japan, Malta, Montenegro and the
Philippines joined in sponsoring the draft resolution.
59. At its 20th meeting, on 28 October, the Committee adopted draft resolution
A/C.1/64/L.44 without a vote (see para. 81, draft resolution XXIII).
24. Draft resolution A/C.1/64/L.46 and Rev.1
60. On 15 October, the representative of Chile, on behalf of Argentina, Belize,
Brazil, Burkina Faso, Chile, Colombia, Costa Rica, the Dominican Republic,
El Salvador, Fiji, Guatemala, Haiti, Honduras, Jamaica, Kazakhstan, Kyrgyzstan,
Malawi, Mexico, Mongolia, Myanmar, New Zealand, Nicaragua, Panama, Paraguay,
Peru, the Philippines, Samoa, Sierra Leone, Thailand, Uruguay and Venezuela
(Bolivarian Republic of), submitted a draft resolution entitled “Second ConferenceA/64/391
09-53884 22
of States Parties and Signatories of Treaties that Establish Nuclear-Weapon-Free
Zones and Mongolia” (A/C.1/64/L.46).
61. At the 23rd meeting, on 2 November, the representative of Chile, on behalf of
Antigua and Barbuda, Argenti…",2026-05-16
N3,Reducing nuclear danger,2009,Arms control and disarmament; Nuclear weapons and nuclear material,A/RES/64/37,draft,A/C.1/64/L.55,First Committee,https://documents.un.org/api/symbol/access?l=en&s=A%2FC.1%2F64%2FL.55&t=pdf,data/raw/un_docs/drafts/A_C_1_64_L_55.pdf,existing,"its 20th meeting, on 28 October, the Committee adopted draft resolution
A/C.1/64/L.44 without a vote (see para. 81, draft resolution XXIII).
24. Draft resolution A/C.1/64/L.46 and Rev.1
60. On 15 October, the representative of Chile, on behalf of Argentina, Belize,
Brazil, Burkina Faso, Chile, Colombia, Costa Rica, the Dominican Republic,
El Salvador, Fiji, Guatemala, Haiti, Honduras, Jamaica, Kazakhstan, Kyrgyzstan,
Malawi, Mexico, Mongolia, Myanmar, New Zealand, Nicaragua, Panama, Paraguay,
Peru, the Philippines, Samoa, Sierra Leone, Thailand, Uruguay and Venezuela
(Bolivarian Republic of), submitted a draft resolution entitled “Second ConferenceA/64/391
09-53884 22
of States Parties and Signatories of Treaties that Establish Nuclear-Weapon-Free
Zones and Mongolia” (A/C.1/64/L.46).
61. At the 23rd meeting, on 2 November, the representative of Chile, on behalf of
Antigua and Barbuda, Argentina, Australia, Belize, Brazil, Burkina Faso, Cambodia,
Chile, the Comoros, the Congo, Colombia, Costa Rica, Cuba, the Dominican
Republic, El Salvador, Fiji, Guatemala, Guyana, Haiti, Honduras, Jamaica,
Kazakhstan, Kyrgyzstan, Malawi, Malaysia, Mexico, Mongolia, Myanmar, New
Zealand, Nicaragua…",2026-05-16
N3,Reducing nuclear danger,2009,Arms control and disarmament; Nuclear weapons and nuclear material,A/RES/64/37,draft,A/C.1/64/L.48,First Committee,https://documents.un.org/api/symbol/access?l=en&s=A%2FC.1%2F64%2FL.48&t=pdf,data/raw/un_docs/drafts/A_C_1_64_L_48.pdf,existing,"ational State of), Bosnia and Herzegovina,
Botswana, Brazil, Brunei Darussalam, Bulgaria, Burkina Faso, Burundi,
Cambodia, Cameroon, Canada, Chile, China, Colombia, Congo, Costa Rica,
Côte d’Ivoire, Croatia, Cuba, Cyprus, Czech Republic, Democratic Republic
of the Congo, Denmark, Djibouti, Dominican Republic, Ecuador, Egypt,
El Salvador, Equatorial Guinea, Estonia, Ethiopia, Fiji, Finland, Georgia,
Germany, Ghana, Greece, Grenada, Guatemala, Guinea, Guyana, Haiti, Honduras,
Hungary, Iceland, India, Indonesia, Iran (Islamic Republic of), Iraq, Ireland, Italy,
Jamaica, Japan, Jordan, Kazakhstan, Kenya, Kuwait, Kyrgyzstan, Lao People’s
Democratic Republic, Latvia, Lebanon, Lesotho, Liberia, Libyan Arab Jamahiriya,
Liechtenstein, Lithuania, Luxembourg, Madagascar, Malawi, Malaysia, Maldives,
Mali, Malta, Mauritania, Mauritius, Mexico, Monaco, Mongolia, Montenegro,
Morocco, Mozambique, Myanmar, Nepal, Netherlands, New Zealand, Nicaragua,
Niger, Nigeria, Norway, Oman, Pakistan, Panama, Papua New Guinea, Paraguay,
Peru, Philippines, Poland, Portugal, Qatar, Republic of Korea, Republic of
Moldova, Romania, Saint Kitts and Nevis, Saint Lucia, Samoa, San Marino, Saudi
Arabia, Senegal, Serbi…",2026-05-16
N3,Reducing nuclear danger,2009,Arms control and disarmament; Nuclear weapons and nuclear material,A/RES/64/37,draft,A/C.1/64/L.50,First Committee,https://documents.un.org/api/symbol/access?l=en&s=A%2FC.1%2F64%2FL.50&t=pdf,data/raw/un_docs/drafts/A_C_1_64_L_50.pdf,existing,"ic Republic
of the Congo, Djibouti, Dominica, Dominican Republic, Ecuador, Egypt,
El Salvador, Eritrea, Ethiopia, Fiji, Ghana, Grenada, Guatemala, Guinea,
Guyana, Haiti, Honduras, Indonesia, Iran (Islamic Republic of), Iraq, Jamaica,
Jordan, Kenya, Kuwait, Lao People’s Democratic Republic, Lebanon, Lesotho,
Liberia, Libyan Arab Jamahiriya, Madagascar, Malawi, Malaysia, Maldives, Mali,
Mauritania, Mexico, Mongolia, Morocco, Mozambique, Myanmar, Namibia,
Nepal, New Zealand, Nicaragua, Niger, Nigeria, Oman, Panama, Papua New
Guinea, Paraguay, Peru, Philippines, Qatar, Rwanda, Saint Kitts and Nevis, Saint
Lucia, Samoa, Saudi Arabia, Senegal, Singapore, Solomon Islands, Somalia,
South Africa, Sri Lanka, Sudan, Suriname, Swaziland, Syrian Arab Republic,
Thailand, Timor-Leste, Togo, Tonga, Trinidad and Tobago, Tunisia, Tuvalu,
United Arab Emirates, United Republic of Tanzania, Uruguay, Vanuatu,
Venezuela (Bolivarian Republic of), Viet Nam, Yemen, Zambia, Zimbabwe.
Against:
Albania, Andorra, Australia, Belgium, Bosnia and Herzegovina, Bulgaria,
Canada, Croatia, Cyprus, Czech Republic, Denmark, Estonia, Finland, France,
Georgia, Germany, Greece, Hungary, Iceland, Israel, Italy, Latvia, Lie…",2026-05-16
N3,Reducing nuclear danger,2009,Arms control and disarmament; Nuclear weapons and nuclear material,A/RES/64/37,draft,A/C.1/64/L.51,First Committee,https://documents.un.org/api/symbol/access?l=en&s=A%2FC.1%2F64%2FL.51&t=pdf,data/raw/un_docs/drafts/A_C_1_64_L_51.pdf,existing,"African
Republic, Chile, China, Colombia, Congo, Costa Rica, Côte d’Ivoire, Croatia,
Cyprus, Czech Republic, Democratic Republic of the Congo, Denmark,
Dominican Republic, Ecuador, El Salvador, Equatorial Guinea, Eritrea,
Estonia, Ethiopia, Fiji, Finland, France, Gabon, Georgia, Germany, Ghana,
Greece, Grenada, Guatemala, Guinea, Guyana, Haiti, Honduras, Hungary,
Iceland, India, Indonesia, Ireland, Israel, Italy, Jamaica, Japan, Kazakhstan,
Kenya, Kyrgyzstan, Lao People’s Democratic Republic, Latvia, Lesotho,
Liberia, Liechtenstein, Lithuania, Luxembourg, Madagascar, Malawi,
Malaysia, Maldives, Mali, Malta, Marshall Islands, Mauritius, Mexico,
Micronesia (Federated States of), Monaco, Mongolia, Montenegro,
Mozambique, Nepal, Netherlands, New Zealand, Nicaragua, Niger, Nigeria,
Norway, Pakistan, Panama, Papua New Guinea, Paraguay, Peru, Philippines,
Poland, Portugal, Republic of Korea, Republic of Moldova, Romania, Russian
Federation, Saint Kitts and Nevis, Saint Lucia, Saint Vincent and the
Grenadines, Samoa, San Marino, Serbia, Sierra Leone, Singapore, Slovakia,
Slovenia, South Africa, Spain, Sri Lanka, Suriname, Swaziland, Sweden,
Switzerland, Tajikistan, Thailand, the former Yu…",2026-05-16
N3,Reducing nuclear danger,2009,Arms control and disarmament; Nuclear weapons and nuclear material,A/RES/64/37,draft,A/C.1/64/L.53,First Committee,https://documents.un.org/api/symbol/access?l=en&s=A%2FC.1%2F64%2FL.53&t=pdf,data/raw/un_docs/drafts/A_C_1_64_L_53.pdf,existing,"tic Republic of the Congo,
Denmark, Djibouti, Dominica, Dominican Republic, Ecuador, Egypt,
El Salvador, Equatorial Guinea, Eritrea, Fiji, Gabon, Gambia, Ghana, Grenada,
Guatemala, Guinea, Guyana, Haiti, Honduras, India, Indonesia, Iran (Islamic
Republic of), Iraq, Ireland, Jamaica, Jordan, Kenya, Kuwait, Lao People’s
Democratic Republic, Lebanon, Lesotho, Liberia, Libyan Arab Jamahiriya,
Madagascar, Malawi, Malaysia, Maldives, Mali, Malta, Mauritania, Mauritius,
Mexico, Mongolia, Morocco, Mozambique, Myanmar, Namibia, Nepal, New
Zealand, Nicaragua, Niger, Nigeria, Oman, Pakistan, Panama, Papua New
Guinea, Paraguay, Peru, Philippines, Qatar, Rwanda, Saint Kitts and Nevis,
Saint Lucia, Saint Vincent and the Grenadines, Samoa, San Marino, Saudi
Arabia, Senegal, Serbia, Sierra Leone, Singapore, South Africa, Sri Lanka,
Sudan, Suriname, Swaziland, Sweden, Switzerland, Syrian Arab Republic,
Thailand, Togo, Trinidad and Tobago, Tunisia, Turkmenistan, Uganda, United
Arab Emirates, United Republic of Tanzania, Uruguay, Vanuatu, Venezuela
(Bolivarian Republic of), Viet Nam, Yemen, Zambia, Zimbabwe.
Against:
Belgium, Bulgaria, Czech Republic, Estonia, France, Georgia, Germany,
Greece, Hunga…",2026-05-16
N3,Reducing nuclear danger,2009,Arms control and disarmament; Nuclear weapons and nuclear material,A/RES/64/37,draft,A/C.1/64/L.54,First Committee,https://documents.un.org/api/symbol/access?l=en&s=A%2FC.1%2F64%2FL.54&t=pdf,data/raw/un_docs/drafts/A_C_1_64_L_54.pdf,existing,"bia, Congo, Costa Rica, Côte
d’Ivoire, Croatia, Cyprus, Czech Republic, Democratic Republic of the Congo,
Denmark, Djibouti, Dominica, Dominican Republic, Ecuador, El Salvador,
Equatorial Guinea, Eritrea, Estonia, Ethiopia, Fiji, Finland, France, Gabon,
Georgia, Germany, Ghana, Greece, Grenada, Guatemala, Guinea, Guyana,
Haiti, Honduras, Hungary, Iceland, Indonesia, Iraq, Ireland, Italy, Jamaica,
Japan, Jordan, Kazakhstan, Kenya, Kuwait, Lao People’s Democratic
Republic, Latvia, Lesotho, Liberia, Liechtenstein, Lithuania, Luxembourg,
Madagascar, Malawi, Malaysia, Maldives, Mali, Malta, Marshall Islands,
Mauritania, Mauritius, Mexico, Micronesia (Federated States of), Monaco,
Mongolia, Montenegro, Morocco, Mozambique, Netherlands, New Zealand,
Niger, Nigeria, Norway, Oman, Panama, Papua New Guinea, Paraguay, Peru,
Philippines, Poland, Portugal, Qatar, Republic of Moldova, Romania, Rwanda,
Saint Kitts and Nevis, Saint Lucia, Saint Vincent and the Grenadines, Samoa,
San Marino, Serbia, Sierra Leone, Singapore, Slovakia, Slovenia, Somalia,
South Africa, Spain, Sri Lanka, Sudan, Suriname, Swaziland, Sweden,
Switzerland, Tajikistan, Thailand, the former Yugoslav Republic of
Macedonia, T…",2026-05-16
N3,Reducing nuclear danger,2009,Arms control and disarmament; Nuclear weapons and nuclear material,A/RES/64/37,draft,A/C.1/64/L.9,First Committee,https://documents.un.org/api/symbol/access?l=en&s=A%2FC.1%2F64%2FL.9&t=pdf,data/raw/un_docs/drafts/A_C_1_64_L_9.pdf,existing,"ia,
Congo, Costa Rica, Côte d’Ivoire, Croatia, Cuba, Cyprus, Czech Republic,
Democratic Republic of the Congo, Denmark, Djibouti, Dominica, Dominican
Republic, Ecuador, Egypt, El Salvador, Equatorial Guinea, Eritrea, Estonia,A/64/391
09-53884 34
Ethiopia, Fiji, Finland, Georgia, Germany, Ghana, Greece, Grenada,
Guatemala, Guinea, Guyana, Haiti, Honduras, Hungary, Iceland, Indonesia, Iran
(Islamic Republic of), Iraq, Ireland, Italy, Jamaica, Japan, Jordan, Kazakhstan,
Kenya, Kuwait, Kyrgyzstan, Lao People’s Democratic Republic, Latvia, Lebanon,
Lesotho, Liberia, Libyan Arab Jamahiriya, Liechtenstein, Lithuania, Luxembourg,
Madagascar, Malawi, Malaysia, Maldives, Mali, Malta, Mauritania, Mauritius,
Mexico, Mongolia, Montenegro, Morocco, Mozambique, Myanmar, Namibia,
Nepal, Netherlands, New Zealand, Nicaragua, Niger, Nigeria, Norway, Oman,
Panama, Papua New Guinea, Paraguay, Peru, Philippines, Poland, Portugal,
Qatar, Republic of Korea, Republic of Moldova, Romania, Russian Federation,
Rwanda, Saint Kitts and Nevis, Saint Lucia, Samoa, San Marino, Saudi Arabia,
Senegal, Serbia, Singapore, Slovakia, Slovenia, Solomon Islands, Somalia,
South Africa, Spain, Sri Lanka, Sudan, Suriname,…",2026-05-16
N3,Reducing nuclear danger,2009,Arms control and disarmament; Nuclear weapons and nuclear material,A/RES/64/37,draft,A/C.1/64/L.17,First Committee,https://documents.un.org/api/symbol/access?l=en&s=A%2FC.1%2F64%2FL.17&t=pdf,data/raw/un_docs/drafts/A_C_1_64_L_17.pdf,existing,"Kuwait, Kyrgyzstan, Lao People’s Democratic Republic, Latvia, Lebanon,
Lesotho, Liberia, Libyan Arab Jamahiriya, Liechtenstein, Lithuania, Luxembourg,
Madagascar, Malawi, Malaysia, Maldives, Mali, Malta, Mauritania, Mauritius,
Mexico, Mongolia, Montenegro, Morocco, Mozambique, Myanmar, Namibia,
Nepal, Netherlands, New Zealand, Nicaragua, Niger, Nigeria, Norway, Oman,
Panama, Papua New Guinea, Paraguay, Peru, Philippines, Poland, Portugal,
Qatar, Republic of Korea, Republic of Moldova, Romania, Russian Federation,
Rwanda, Saint Kitts and Nevis, Saint Lucia, Samoa, San Marino, Saudi Arabia,
Senegal, Serbia, Singapore, Slovakia, Slovenia, Solomon Islands, Somalia,
South Africa, Spain, Sri Lanka, Sudan, Suriname, Swaziland, Sweden,
Switzerland, Syrian Arab Republic, Tajikistan, Thailand, the former Yugoslav
Republic of Macedonia, Timor-Leste, Togo, Tonga, Trinidad and Tobago,
Tunisia, Turkey, Tuvalu, Ukraine, United Arab Emirates, United Republic of
Tanzania, Uruguay, Uzbekistan, Vanuatu, Venezuela (Bolivarian Republic of),
Viet Nam, Yemen, Zambia, Zimbabwe.
Against:
Democratic People’s Republic of Korea, France, India, Israel, United States of
America.
Abstaining:
Bhutan, Micronesia…",2026-05-16
N3,Reducing nuclear danger,2012,Arms control and disarmament; Nuclear weapons and nuclear material,A/RES/67/45,resolution,A/RES/67/45,,https://documents.un.org/api/symbol/access?l=en&s=A%2FRES%2F67%2F45&t=pdf,data/raw/un_docs/resolutions/A_RES_67_45.pdf,existing,Official resolution text.,2026-05-16
N3,Reducing nuclear danger,2012,Arms control and disarmament; Nuclear weapons and nuclear material,A/RES/67/45,committee_report,A/67/409,First Committee,https://documents.un.org/api/symbol/access?l=en&s=A%2F67%2F409&t=pdf,data/raw/un_docs/committee_reports/A_67_409.pdf,existing,First Committee (A/67/409),2026-05-16
N3,Reducing nuclear danger,2012,Arms control and disarmament; Nuclear weapons and nuclear material,A/RES/67/45,draft,A/C.1/67/L.4,First Committee,https://documents.un.org/api/symbol/access?l=en&s=A%2FC.1%2F67%2FL.4&t=pdf,data/raw/un_docs/drafts/A_C_1_67_L_4.pdf,existing,"and Add.1);
(f) Report of the Secretary-General on the follow-up to the advisory opinion
of the International Court of Justice on the Legality of the Threat or Use of Nuclear
Weapons; reducing nuclear danger; and nuclear disarmament (A/67/133, and Corr.1
and Add.1);
(g) Report of the Secretary-General on measures to prevent terrorists from
acquiring weapons of mass destruction (A/67/135 and Add.1);
(h) Report of the Secretary-General on disarmament and non-proliferation
education (A/67/138 and Add.1);
(i) Report of the Secretary-General on Mongolia’s international security and
nuclear-weapon-free status (A/67/166);
(j) Report of the Secretary-General on the consolidation of peace through
practical disarmament measures; assistance to States for curbing the illicit trade in
small arms and light weapons and collecting them; and the illicit trade in small arms
and light weapons in all its aspects (A/67/176);
(k) Report of the Secretary-General on the effects of the use of armaments
and ammunitions containing depleted uranium (A/67/177 and Add.1);A/67/409
12-53243 4
(l) Report of the Secretary-General on the relationship between disarmament
and development (A/67/186 and Add.1);
(m) No…",2026-05-16
N4,Moratorium on the death penalty,2007,Human rights,A/RES/62/149,resolution,A/RES/62/149,,https://documents.un.org/api/symbol/access?l=en&s=A%2FRES%2F62%2F149&t=pdf,data/raw/un_docs/resolutions/A_RES_62_149.pdf,existing,Official resolution text.,2026-05-16
N4,Moratorium on the death penalty,2007,Human rights,A/RES/62/149,committee_report,A/62/439/Add.2,Third Committee,https://documents.un.org/api/symbol/access?l=en&s=A%2F62%2F439%2FAdd.2&t=pdf,data/raw/un_docs/committee_reports/A_62_439_Add_2.pdf,existing,Third Committee (A/62/439/Add.2),2026-05-16
N4,Moratorium on the death penalty,2007,Human rights,A/RES/62/149,draft,A/C.3/62/L.29,Third Committee,https://documents.un.org/api/symbol/access?l=en&s=A%2FC.3%2F62%2FL.29&t=pdf,data/raw/un_docs/drafts/A_C_3_62_L_29.pdf,existing,"he
European Union), the Russian Federation, Canada, the Bolivarian Republic of
Venezuela, the United States of America, Indonesia, the Philippines, Viet Nam,
Myanmar, Egypt and Chile, and the observer for the Holy See (see A/C.3/62/SR.26).
15. Also at the 26th meeting, the Special Rapporteur on the human rights of
migrants made a presentation and engaged in a dialogue with the representatives of
Portugal (on behalf of the States Members of the United Nations that are members
of the European Union), the United States of America, the Philippines, Indonesia,
Sri Lanka, Mexico, Egypt, Nigeria and China (see A/C.3/62/SR.26).
16. At the 28th meeting, on 29 October, the Representative of the Secretary-
General on the human rights of internally displaced persons made a presentation and
engaged in a dialogue with the representatives of Portugal (on behalf of the States
Members of the United Nations that are members of the European Union),
Azerbaijan, Switzerland, the United States of America, the Russian Federation,
Norway, Côte d’Ivoire, Sri Lanka, Georgia, Iraq, the Sudan and Uganda (see
A/C.3/62/SR.28).
17. At the 29th meeting, on 29 October, the Under-Secretary-General for Political
Af…",2026-05-16
N4,Moratorium on the death penalty,2007,Human rights,A/RES/62/149,draft,A/C.3/62/L.68,Third Committee,https://documents.un.org/api/symbol/access?l=en&s=A%2FC.3%2F62%2FL.68&t=pdf,data/raw/un_docs/drafts/A_C_3_62_L_68.pdf,existing,"varian Republic of
Venezuela, the United States of America, Indonesia, the Philippines, Viet Nam,
Myanmar, Egypt and Chile, and the observer for the Holy See (see A/C.3/62/SR.26).
15. Also at the 26th meeting, the Special Rapporteur on the human rights of
migrants made a presentation and engaged in a dialogue with the representatives of
Portugal (on behalf of the States Members of the United Nations that are members
of the European Union), the United States of America, the Philippines, Indonesia,
Sri Lanka, Mexico, Egypt, Nigeria and China (see A/C.3/62/SR.26).
16. At the 28th meeting, on 29 October, the Representative of the Secretary-
General on the human rights of internally displaced persons made a presentation and
engaged in a dialogue with the representatives of Portugal (on behalf of the States
Members of the United Nations that are members of the European Union),
Azerbaijan, Switzerland, the United States of America, the Russian Federation,
Norway, Côte d’Ivoire, Sri Lanka, Georgia, Iraq, the Sudan and Uganda (see
A/C.3/62/SR.28).
17. At the 29th meeting, on 29 October, the Under-Secretary-General for Political
Affairs made an introductory statement and engaged in a dialog…",2026-05-16
N4,Moratorium on the death penalty,2007,Human rights,A/RES/62/149,draft,A/C.3/62/L.69,Third Committee,https://documents.un.org/api/symbol/access?l=en&s=A%2FC.3%2F62%2FL.69&t=pdf,data/raw/un_docs/drafts/A_C_3_62_L_69.pdf,existing,"Slovakia, Slovenia, Spain, Sweden, Switzerland, the former Yugoslav
Republic of Macedonia, Timor-Leste, Turkey, Tuvalu, Ukraine, the United Kingdom
of Great Britain and Northern Ireland, Uruguay, Vanuatu and Venezuela (Bolivarian
Republic of), introduced a draft resolution entitled “Moratorium on the use of the
death penalty” (A/C.3/62/L.29). Subsequently, Algeria, Côte d’Ivoire, El Salvador,
Mauritius, Sao Tome and Principe and South Africa joined in sponsoring the draft
resolution.
20. At its 43rd meeting, on 14 November, the Committee heard introductions of
the following amendments to draft resolution A/C.3/62/L.29.
1. Amendment contained in document A/C.3/62/L.68
21. The representative of Egypt, on behalf of Antigua and Barbuda, Bahamas,
Bahrain, Bangladesh, Barbados, Belarus, Botswana, Brunei Darussalam, China, the
Comoros, the Democratic People’s Republic of Korea, Dominica, Egypt, Eritrea,
Grenada, Guyana, Indonesia, Iran (Islamic Republic of), Jamaica, Jordan, Kuwait,
the Libyan Arab Jamahiriya, Malaysia, Maldives, Mauritania, Myanmar, Nauru,
Nigeria, Oman, Qatar, Saint Kitts and Nevis, Saint Lucia, Saint Vincent and the
Grenadines, Saudi Arabia, Singapore, the Sudan, Suri…",2026-05-16
N4,Moratorium on the death penalty,2007,Human rights,A/RES/62/149,draft,A/C.3/62/L.70,Third Committee,https://documents.un.org/api/symbol/access?l=en&s=A%2FC.3%2F62%2FL.70&t=pdf,data/raw/un_docs/drafts/A_C_3_62_L_70.pdf,existing,"tar, Saint Kitts and Nevis, Saint Lucia, Saint Vincent and the
Grenadines, Saudi Arabia, Singapore, the Sudan, Suriname, the Syrian Arab
Republic, Tonga, Trinidad and Tobago, the United Arab Emirates, Viet Nam, Yemen
and Zimbabwe, introduced an amendment (A/C.3/62/L.68) to the draft resolution,
by which the first preambular paragraph would be replaced by:
“Guided by the purposes and principles contained in the Charter of the
United Nations, and recalling, in particular, Article 2, paragraph 7, which
clearly stipulates that nothing in the Charter shall authorize the United Nations
to intervene in matters which are essentially within the domestic jurisdiction of
any State”.
2. Amendment contained in document A/C.3/62/L.69
22. The representative of Egypt, on behalf of Antigua and Barbuda, the Bahamas,
Bahrain, Barbados, Belarus, Botswana, China, the Comoros, the Democratic
People’s Republic of Korea, Dominica, Egypt, Eritrea, Grenada, Guyana, Iran
(Islamic Republic of), Iraq, Jamaica, Jordan, Kuwait, the Libyan Arab Jamahiriya,
Malaysia, Mauritania, Nauru, Nigeria, Oman, Saint Kitts and Nevis, Saint Vincent
and the Grenadines, Saint Lucia, Singapore, the Sudan, Suriname, the Syrian A…",2026-05-16
N4,Moratorium on the death penalty,2007,Human rights,A/RES/62/149,draft,A/C.3/62/L.71,Third Committee,https://documents.un.org/api/symbol/access?l=en&s=A%2FC.3%2F62%2FL.71&t=pdf,data/raw/un_docs/drafts/A_C_3_62_L_71.pdf,existing,"Singapore, the Sudan, Suriname, the Syrian Arab
Republic, Tonga, Trinidad and Tobago, the United Arab Emirates, Viet Nam, Yemen
and Zimbabwe, introduced an amendment (A/C.3/62/L.69) to the draft resolution.
Subsequently, Saudi Arabia joined in sponsoring the amendment. According to the
amendment, the following new operative paragraph would be inserted before
operative paragraph 1:
“1. Affirms the sovereign right of States to determine the legal
measures and penalties which are appropriate in their societies, including the
death penalty for the most serious crimes, in accordance with international
law”.
3. Amendment contained in document A/C.3/62/L.70
23. The representative of Singapore, on behalf of Afghanistan, Antigua and
Barbuda, the Bahamas, Bahrain, Bangladesh, Belarus, Belize, Botswana, BruneiA/62/439/Add.2
5 07-63022
Darussalam, Chad, China, the Comoros, the Democratic People’s Republic of
Korea, Dominica, Egypt, Eritrea, Grenada, Guyana, Indonesia, Iran (Islamic
Republic of), Jamaica, Jordan, Kuwait, the Libyan Arab Jamahiriya, Malaysia,
Maldives, Myanmar, Nauru, Nigeria, Oman, Qatar, Saint Kitts and Nevis, Saint
Lucia, Saint Vincent and the Grenadines, Saudi Arabia, Sing…",2026-05-16
N4,Moratorium on the death penalty,2007,Human rights,A/RES/62/149,draft,A/C.3/62/L.72,Third Committee,https://documents.un.org/api/symbol/access?l=en&s=A%2FC.3%2F62%2FL.72&t=pdf,data/raw/un_docs/drafts/A_C_3_62_L_72.pdf,existing,"me, the Syrian Arab Republic, Tonga, Trinidad and Tobago, the United Arab
Emirates, Viet Nam, Yemen and Zimbabwe, introduced an amendment
(A/C.3/62/L.70) to the draft resolution. Subsequently, Mauritania joined in
sponsoring the amendment. According to the amendment, the following new
preambular paragraph would be inserted after the first preambular paragraph:
“Reaffirming that every Member State has an inalienable right to choose
its political, economic, social and cultural systems, without interference in any
form by another State”.
4. Amendment contained in document A/C.3/62/L.71
24. The representative of Barbados, on behalf of Antigua and Barbuda, Bahrain,
Bangladesh, Barbados, Belarus, Botswana, the Comoros, Dominica, Egypt, Eritrea,
Grenada, Guyana, Indonesia, Iran (Islamic Republic of), Iraq, Jamaica, Kuwait,
Mauritania, Nauru, Oman, Saint Kitts and Nevis, Saint Lucia, Saint Vincent and the
Grenadines, Saudi Arabia, Sierra Leone, Singapore, the Sudan, Suriname, the Syrian
Arab Republic, Tonga, Trinidad and Tobago and Zimbabwe, introduced an
amendment (A/C.3/62/L.71) to the draft resolution, and the representative of
Portugal made a statement (see A/C.3/62/SR.43). According…",2026-05-16
N4,Moratorium on the death penalty,2007,Human rights,A/RES/62/149,draft,A/C.3/62/L.73,Third Committee,https://documents.un.org/api/symbol/access?l=en&s=A%2FC.3%2F62%2FL.73&t=pdf,data/raw/un_docs/drafts/A_C_3_62_L_73.pdf,existing,"a Leone, Singapore, the Sudan, Suriname, the Syrian
Arab Republic, Tonga, Trinidad and Tobago and Zimbabwe, introduced an
amendment (A/C.3/62/L.71) to the draft resolution, and the representative of
Portugal made a statement (see A/C.3/62/SR.43). According to the amendment, the
following new preambular paragraph would be inserted after the second preambular
paragraph:
“Recalling also that article 6, paragraph 2, of the International Covenant
on Civil and Political Rights states that in countries which have not abolished
the death penalty, sentence of death may be imposed only for the most serious
crimes in accordance with the law in force at the time of the commission of the
crime and not contrary to the provisions of the Covenant and to the
Convention on the Prevention and Punishment of the Crime of Genocide”.
5. Amendment contained in document A/C.3/62/L.72
25. The representative of Barbados, on behalf of Antigua and Barbuda, Bahrain,
Barbados, Belarus, Botswana, China, the Comoros, Dominica, Egypt, Eritrea,
Grenada, Guyana, Iran (Islamic Republic of), Jamaica, Kuwait, Mauritania, Oman,
Saint Kitts and Nevis, Saint Lucia, Saint Vincent and the Grenadines, Saudi Arabia,
Sierra Le…",2026-05-16
N4,Moratorium on the death penalty,2007,Human rights,A/RES/62/149,draft,A/C.3/62/L.74,Third Committee,https://documents.un.org/api/symbol/access?l=en&s=A%2FC.3%2F62%2FL.74&t=pdf,data/raw/un_docs/drafts/A_C_3_62_L_74.pdf,existing,"rea,
Grenada, Guyana, Iran (Islamic Republic of), Jamaica, Kuwait, Mauritania, Oman,
Saint Kitts and Nevis, Saint Lucia, Saint Vincent and the Grenadines, Saudi Arabia,
Sierra Leone, Singapore, the Sudan, Suriname, Trinidad and Tobago and Zimbabwe,
introduced an amendment (A/C.3/62/L.72) to the draft resolution, by which the
following new preambular paragraph would be inserted before the third preambular
paragraph:
“Affirming that the Second Optional Protocol to the International
Covenant on Civil and Political Rights aiming at the abolition of the death
penalty imposes an obligation only on States parties to the Protocol to take all
necessary measures to abolish the death penalty within their jurisdiction”.A/62/439/Add.2
07-63022 6
6. Amendment contained in document A/C.3/62/L.73
26. The representative of Singapore, on behalf of Afghanistan, Antigua and
Barbuda, the Bahamas, Bahrain, Barbados, Botswana, Chad, China, the Comoros,
the Democratic People’s Republic of Korea, Dominica, Egypt, Eritrea, Grenada,
Guyana, Indonesia, Iran (Islamic Republic of), Jamaica, Kuwait, the Lao People’s
Democratic Republic, the Libyan Arab Jamahiriya, Malaysia, Mauritania, Myanmar,
Oman, Saint Kit…",2026-05-16
N4,Moratorium on the death penalty,2007,Human rights,A/RES/62/149,draft,A/C.3/62/L.75,Third Committee,https://documents.un.org/api/symbol/access?l=en&s=A%2FC.3%2F62%2FL.75&t=pdf,data/raw/un_docs/drafts/A_C_3_62_L_75.pdf,existing,"mocratic People’s Republic of Korea, Dominica, Egypt, Eritrea, Grenada,
Guyana, Indonesia, Iran (Islamic Republic of), Jamaica, Kuwait, the Lao People’s
Democratic Republic, the Libyan Arab Jamahiriya, Malaysia, Mauritania, Myanmar,
Oman, Saint Kitts and Nevis, Saint Lucia, Saint Vincent and the Grenadines, Saudi
Arabia, Sierra Leone, Singapore, the Sudan, Suriname, Trinidad and Tobago, the
United Arab Emirates, Yemen and Zimbabwe, introduced an amendment
(A/C.3/62/L.73) to the draft resolution, by which the third preambular paragraph
would be replaced by:
“Recalling also the resolutions on the question of the death penalty
adopted by the Commission on Human Rights, the last being its resolution
2005/59, and the joint statements of disassociation, the last being contained in
document E/CN.4/2005/G/40”.
7. Amendment contained in document A/C.3/62/L.74
27. The representative of Antigua and Barbuda, on behalf also of the Bahamas,
Bahrain, Barbados, Belarus, Botswana, China, the Comoros, Dominica, Egypt,
Eritrea, Grenada, Guyana, Iran (Islamic Republic of), Iraq, Jamaica, Jordan, Kuwait,
the Libyan Arab Jamahiriya, Malaysia, Mauritania, Myanmar, Nauru, Nigeria,
Oman, Saint Kitts and N…",2026-05-16
N4,Moratorium on the death penalty,2007,Human rights,A/RES/62/149,draft,A/C.3/62/L.76,Third Committee,https://documents.un.org/api/symbol/access?l=en&s=A%2FC.3%2F62%2FL.76&t=pdf,data/raw/un_docs/drafts/A_C_3_62_L_76.pdf,existing,"L.74
27. The representative of Antigua and Barbuda, on behalf also of the Bahamas,
Bahrain, Barbados, Belarus, Botswana, China, the Comoros, Dominica, Egypt,
Eritrea, Grenada, Guyana, Iran (Islamic Republic of), Iraq, Jamaica, Jordan, Kuwait,
the Libyan Arab Jamahiriya, Malaysia, Mauritania, Myanmar, Nauru, Nigeria,
Oman, Saint Kitts and Nevis, Saint Lucia, Saint Vincent and the Grenadines, Saudi
Arabia, Singapore, the Sudan, Suriname, the Syrian Arab Republic, Tonga, Trinidad
and Tobago, the United Arab Emirates, Yemen and Zimbabwe, introduced an
amendment (A/C.3/62/L.74) to the draft resolution, by which the following new
preambular paragraph would be inserted after the fourth preambular paragraph:
“Acknowledging that there is a great diversity of legal, social, economic
and cultural conditions in the world, and that all rules are not suitable for
application in all places and at all times”.
8. Amendment contained in document A/C.3/62/L.75
28. The representative of Botswana, on behalf of Antigua and Barbuda, the
Bahamas, Bahrain, Bangladesh, Barbados, Belarus, Botswana, China, the Comoros,
Dominica, Egypt, Eritrea, Grenada, Iran (Islamic Republic of), Iraq, Jamaica,
Kuwait, the…",2026-05-16
N4,Moratorium on the death penalty,2007,Human rights,A/RES/62/149,draft,A/C.3/62/L.77,Third Committee,https://documents.un.org/api/symbol/access?l=en&s=A%2FC.3%2F62%2FL.77&t=pdf,data/raw/un_docs/drafts/A_C_3_62_L_77.pdf,existing,"A/C.3/62/L.75
28. The representative of Botswana, on behalf of Antigua and Barbuda, the
Bahamas, Bahrain, Bangladesh, Barbados, Belarus, Botswana, China, the Comoros,
Dominica, Egypt, Eritrea, Grenada, Iran (Islamic Republic of), Iraq, Jamaica,
Kuwait, the Libyan Arab Jamahiriya, Malaysia, Mauritania, Nigeria, Oman, Saint
Kitts and Nevis, Saint Lucia, Saint Vincent and the Grenadines, Saudi Arabia, Sierra
Leone, Singapore, the Sudan, Suriname, the Syrian Arab Republic, Trinidad and
Tobago, the United Arab Emirates, Yemen and Zimbabwe, introduced an amendment
(A/C.3/62/L.75) to the draft resolution, by which the following new preambular
paragraph would be inserted before the fifth preambular paragraph:
“Recognizing that many Member States maintain the death penalty in
their statutes for the most serious crimes”.
9. Amendment contained in document A/C.3/62/L.76
29. The representative of Botswana, on behalf of Antigua and Barbuda, the
Bahamas, Bahrain, Barbados, Belarus, Botswana, China, the Comoros, Dominica,
Egypt, Eritrea, Grenada, Iran (Islamic Republic of), Jamaica, Kuwait, the LibyanA/62/439/Add.2
7 07-63022
Arab Jamahiriya, Malaysia, Mauritania, Nigeria, Oman, Saint Kitts and…",2026-05-16
N4,Moratorium on the death penalty,2007,Human rights,A/RES/62/149,draft,A/C.3/62/L.78,Third Committee,https://documents.un.org/api/symbol/access?l=en&s=A%2FC.3%2F62%2FL.78&t=pdf,data/raw/un_docs/drafts/A_C_3_62_L_78.pdf,existing,"of Antigua and Barbuda, the
Bahamas, Bahrain, Barbados, Belarus, Botswana, China, the Comoros, Dominica,
Egypt, Eritrea, Grenada, Iran (Islamic Republic of), Jamaica, Kuwait, the LibyanA/62/439/Add.2
7 07-63022
Arab Jamahiriya, Malaysia, Mauritania, Nigeria, Oman, Saint Kitts and Nevis, Saint
Lucia, Saint Vincent and the Grenadines, Saudi Arabia, Sierra Leone, Singapore, the
Sudan, Suriname, the Syrian Arab Republic, Trinidad and Tobago, Yemen and
Zimbabwe, introduced an amendment (A/C.3/62/L.76) to the draft resolution, by
which:
(a) The fifth preambular paragraph would be deleted;
(b) The following new preambular paragraph would be inserted after the
existing sixth preambular paragraph:
“Recognizing that some Member States are of the view that the
maintenance of the death penalty provides a deterrent for the most serious
crimes”.
10. Amendment contained in document A/C.3/62/L.77
30. The representative of the Bahamas, on behalf of Antigua and Barbuda, the
Bahamas, Bahrain, Barbados, Belarus, Botswana, China, the Comoros, Dominica,
Egypt, Eritrea, Grenada, Guyana, Iran (Islamic Republic of ), Jamaica, Kuwait, the
Libyan Arab Jamahiriya, Malaysia, Mauritania, Nauru, Nigeria, Oman,…",2026-05-16
N4,Moratorium on the death penalty,2007,Human rights,A/RES/62/149,draft,A/C.3/62/L.79,Third Committee,https://documents.un.org/api/symbol/access?l=en&s=A%2FC.3%2F62%2FL.79&t=pdf,data/raw/un_docs/drafts/A_C_3_62_L_79.pdf,existing,"provides a deterrent for the most serious
crimes”.
10. Amendment contained in document A/C.3/62/L.77
30. The representative of the Bahamas, on behalf of Antigua and Barbuda, the
Bahamas, Bahrain, Barbados, Belarus, Botswana, China, the Comoros, Dominica,
Egypt, Eritrea, Grenada, Guyana, Iran (Islamic Republic of ), Jamaica, Kuwait, the
Libyan Arab Jamahiriya, Malaysia, Mauritania, Nauru, Nigeria, Oman, Saint Kitts
and Nevis, Saint Lucia, Saint Vincent and the Grenadines, Saudi Arabia, Sierra
Leone, Singapore, the Sudan, Suriname, the Syrian Arab Republic, Tonga, Trinidad
and Tobago and Yemen, introduced an amendment (A/C.3/62/L.77) to the draft
resolution. Subsequently, Zimbabwe joined in sponsoring the amendment.
According to the amendment, the sixth preambular paragraph would be replaced by:
“Taking note of the decisions taken by some Member States to
voluntarily abolish the death penalty and by other Member States to apply a
moratorium on executions”.
11. Amendment contained in document A/C.3/62/L.78
31. The representative of Barbados, on behalf of Antigua and Barbuda, the
Bahamas, Bahrain, Barbados, Belarus, Botswana, the Comoros, Dominica, Egypt,
Eritrea, Grenada, Guyana, Ira…",2026-05-16
N4,Moratorium on the death penalty,2007,Human rights,A/RES/62/149,draft,A/C.3/62/L.80,Third Committee,https://documents.un.org/api/symbol/access?l=en&s=A%2FC.3%2F62%2FL.80&t=pdf,data/raw/un_docs/drafts/A_C_3_62_L_80.pdf,existing,"equently, Zimbabwe joined in sponsoring the amendment.
According to the amendment, the sixth preambular paragraph would be replaced by:
“Taking note of the decisions taken by some Member States to
voluntarily abolish the death penalty and by other Member States to apply a
moratorium on executions”.
11. Amendment contained in document A/C.3/62/L.78
31. The representative of Barbados, on behalf of Antigua and Barbuda, the
Bahamas, Bahrain, Barbados, Belarus, Botswana, the Comoros, Dominica, Egypt,
Eritrea, Grenada, Guyana, Iran (Islamic Republic of), Jamaica, Kuwait, the Libyan
Arab Jamahiriya, Malaysia, Mauritania, Oman, Saint Kitts and Nevis, Saint Lucia,
Saint Vincent and the Grenadines, Saudi Arabia, Sierra Leone, Singapore, the
Sudan, Suriname, the Syrian Arab Republic, Trinidad and Tobago and Zimbabwe,
introduced an amendment (A/C.3/62/L.78) to the draft resolution, by which:
(a) In operative paragraph 2, the words “Calls upon” would be replaced by
the word “Encourages”;
(b) In operative paragraph 2 (a), the word “Respect” would be replaced by
the words “Take into account”.
12. Amendment contained in document A/C.3/62/L.79
32. The representative of Barbados, on behalf of Antig…",2026-05-16
N4,Moratorium on the death penalty,2007,Human rights,A/RES/62/149,draft,A/C.3/62/L.81,Third Committee,https://documents.un.org/api/symbol/access?l=en&s=A%2FC.3%2F62%2FL.81&t=pdf,data/raw/un_docs/drafts/A_C_3_62_L_81.pdf,existing,"adines, Saudi Arabia, Sierra Leone, Singapore, the
Sudan, Suriname, the Syrian Arab Republic, Trinidad and Tobago and Zimbabwe,
introduced an amendment (A/C.3/62/L.78) to the draft resolution, by which:
(a) In operative paragraph 2, the words “Calls upon” would be replaced by
the word “Encourages”;
(b) In operative paragraph 2 (a), the word “Respect” would be replaced by
the words “Take into account”.
12. Amendment contained in document A/C.3/62/L.79
32. The representative of Barbados, on behalf of Antigua and Barbuda, the
Bahamas, Bahrain, Barbados, Belarus, Botswana, the Comoros, Dominica, Egypt,
Eritrea, Grenada, Guyana, Jamaica, Kuwait, Malaysia, Mauritania, Oman, Saint Kitts
and Nevis, Saint Lucia, Saint Vincent and the Grenadines, Saudi Arabia, Singapore,
the Sudan, Suriname, Trinidad and Tobago and Zimbabwe, introduced an amendmentA/62/439/Add.2
07-63022 8
(A/C.3/62/L.79) to the draft resolution, by which operative paragraph 2 (b) would be
replaced by:
“(b) Make available to the public information with regard to the
imposition of the death penalty”.
13. Amendment contained in document A/C.3/62/L.80
33. The representative of Barbados, on behalf of Antigua and Barbuda, the
B…",2026-05-16
N4,Moratorium on the death penalty,2007,Human rights,A/RES/62/149,third_committee_record,A/C.3/62/SR.25,Third Committee,https://documents.un.org/api/symbol/access?l=en&s=A%2FC.3%2F62%2FSR.25&t=pdf,data/raw/un_docs/committee_records/A_C_3_62_SR_25.pdf,existing,Derived from committee report/status-page meeting references near the selected draft/theme.,2026-05-16
N4,Moratorium on the death penalty,2007,Human rights,A/RES/62/149,third_committee_record,A/C.3/62/SR.26,Third Committee,https://documents.un.org/api/symbol/access?l=en&s=A%2FC.3%2F62%2FSR.26&t=pdf,data/raw/un_docs/committee_records/A_C_3_62_SR_26.pdf,existing,Derived from committee report/status-page meeting references near the selected draft/theme.,2026-05-16
N4,Moratorium on the death penalty,2007,Human rights,A/RES/62/149,third_committee_record,A/C.3/62/SR.28,Third Committee,https://documents.un.org/api/symbol/access?l=en&s=A%2FC.3%2F62%2FSR.28&t=pdf,data/raw/un_docs/committee_records/A_C_3_62_SR_28.pdf,existing,Derived from committee report/status-page meeting references near the selected draft/theme.,2026-05-16
N4,Moratorium on the death penalty,2007,Human rights,A/RES/62/149,third_committee_record,A/C.3/62/SR.29,Third Committee,https://documents.un.org/api/symbol/access?l=en&s=A%2FC.3%2F62%2FSR.29&t=pdf,data/raw/un_docs/committee_records/A_C_3_62_SR_29.pdf,existing,Derived from committee report/status-page meeting references near the selected draft/theme.,2026-05-16
N4,Moratorium on the death penalty,2007,Human rights,A/RES/62/149,third_committee_record,A/C.3/62/SR.39,Third Committee,https://documents.un.org/api/symbol/access?l=en&s=A%2FC.3%2F62%2FSR.39&t=pdf,data/raw/un_docs/committee_records/A_C_3_62_SR_39.pdf,existing,Derived from committee report/status-page meeting references near the selected draft/theme.,2026-05-16
N4,Moratorium on the death penalty,2007,Human rights,A/RES/62/149,third_committee_record,A/C.3/62/SR.43,Third Committee,https://documents.un.org/api/symbol/access?l=en&s=A%2FC.3%2F62%2FSR.43&t=pdf,data/raw/un_docs/committee_records/A_C_3_62_SR_43.pdf,existing,Derived from committee report/status-page meeting references near the selected draft/theme.,2026-05-16
N4,Moratorium on the death penalty,2007,Human rights,A/RES/62/149,third_committee_record,A/C.3/62/SR.44,Third Committee,https://documents.un.org/api/symbol/access?l=en&s=A%2FC.3%2F62%2FSR.44&t=pdf,data/raw/un_docs/committee_records/A_C_3_62_SR_44.pdf,existing,Derived from committee report/status-page meeting references near the selected draft/theme.,2026-05-16
N4,Moratorium on the death penalty,2007,Human rights,A/RES/62/149,third_committee_record,A/C.3/62/SR.45,Third Committee,https://documents.un.org/api/symbol/access?l=en&s=A%2FC.3%2F62%2FSR.45&t=pdf,data/raw/un_docs/committee_records/A_C_3_62_SR_45.pdf,existing,Derived from committee report/status-page meeting references near the selected draft/theme.,2026-05-16
N4,Moratorium on the death penalty,2007,Human rights,A/RES/62/149,third_committee_record,A/C.3/62/SR.46,Third Committee,https://documents.un.org/api/symbol/access?l=en&s=A%2FC.3%2F62%2FSR.46&t=pdf,data/raw/un_docs/committee_records/A_C_3_62_SR_46.pdf,existing,Derived from committee report/status-page meeting references near the selected draft/theme.,2026-05-16
N4,Moratorium on the death penalty,2007,Human rights,A/RES/62/149,third_committee_record,A/C.3/62/SR.48,Third Committee,https://documents.un.org/api/symbol/access?l=en&s=A%2FC.3%2F62%2FSR.48&t=pdf,data/raw/un_docs/committee_records/A_C_3_62_SR_48.pdf,existing,Derived from committee report/status-page meeting references near the selected draft/theme.,2026-05-16
N4,Moratorium on the death penalty,2010,Human rights,A/RES/65/206,resolution,A/RES/65/206,,https://documents.un.org/api/symbol/access?l=en&s=A%2FRES%2F65%2F206&t=pdf,data/raw/un_docs/resolutions/A_RES_65_206.pdf,existing,Official resolution text.,2026-05-16
N4,Moratorium on the death penalty,2010,Human rights,A/RES/65/206,committee_report,A/65/456/Add.2,Third Committee,https://documents.un.org/api/symbol/access?l=en&s=A%2F65%2F456%2FAdd.2&t=pdf,data/raw/un_docs/committee_reports/A_65_456_Add_2.pdf,failed: HTTP 404,Third Committee (A/65/456/Add.2 (Part II)),2026-05-16
N4,Moratorium on the death penalty,2010,Human rights,A/RES/65/206,third_committee_record,A/C.3/65/SR.10,Third Committee,https://documents.un.org/api/symbol/access?l=en&s=A%2FC.3%2F65%2FSR.10&t=pdf,data/raw/un_docs/committee_records/A_C_3_65_SR_10.pdf,existing,Derived from committee report/status-page meeting references near the selected draft/theme.,2026-05-16
N4,Moratorium on the death penalty,2010,Human rights,A/RES/65/206,third_committee_record,A/C.3/65/SR.15,Third Committee,https://documents.un.org/api/symbol/access?l=en&s=A%2FC.3%2F65%2FSR.15&t=pdf,data/raw/un_docs/committee_records/A_C_3_65_SR_15.pdf,existing,Derived from committee report/status-page meeting references near the selected draft/theme.,2026-05-16
N4,Moratorium on the death penalty,2010,Human rights,A/RES/65/206,third_committee_record,A/C.3/65/SR.21,Third Committee,https://documents.un.org/api/symbol/access?l=en&s=A%2FC.3%2F65%2FSR.21&t=pdf,data/raw/un_docs/committee_records/A_C_3_65_SR_21.pdf,existing,Derived from committee report/status-page meeting references near the selected draft/theme.,2026-05-16
N4,Moratorium on the death penalty,2010,Human rights,A/RES/65/206,third_committee_record,A/C.3/65/SR.25,Third Committee,https://documents.un.org/api/symbol/access?l=en&s=A%2FC.3%2F65%2FSR.25&t=pdf,data/raw/un_docs/committee_records/A_C_3_65_SR_25.pdf,existing,Derived from committee report/status-page meeting references near the selected draft/theme.,2026-05-16
N4,Moratorium on the death penalty,2010,Human rights,A/RES/65/206,third_committee_record,A/C.3/65/SR.31,Third Committee,https://documents.un.org/api/symbol/access?l=en&s=A%2FC.3%2F65%2FSR.31&t=pdf,data/raw/un_docs/committee_records/A_C_3_65_SR_31.pdf,existing,Derived from committee report/status-page meeting references near the selected draft/theme.,2026-05-16
N4,Moratorium on the death penalty,2010,Human rights,A/RES/65/206,third_committee_record,A/C.3/65/SR.35,Third Committee,https://documents.un.org/api/symbol/access?l=en&s=A%2FC.3%2F65%2FSR.35&t=pdf,data/raw/un_docs/committee_records/A_C_3_65_SR_35.pdf,existing,Derived from committee report/status-page meeting references near the selected draft/theme.,2026-05-16
N4,Moratorium on the death penalty,2010,Human rights,A/RES/65/206,third_committee_record,A/C.3/65/SR.41,Third Committee,https://documents.un.org/api/symbol/access?l=en&s=A%2FC.3%2F65%2FSR.41&t=pdf,data/raw/un_docs/committee_records/A_C_3_65_SR_41.pdf,existing,Derived from committee report/status-page meeting references near the selected draft/theme.,2026-05-16
N4,Moratorium on the death penalty,2010,Human rights,A/RES/65/206,third_committee_record,A/C.3/65/SR.42,Third Committee,https://documents.un.org/api/symbol/access?l=en&s=A%2FC.3%2F65%2FSR.42&t=pdf,data/raw/un_docs/committee_records/A_C_3_65_SR_42.pdf,existing,Derived from committee report/status-page meeting references near the selected draft/theme.,2026-05-16
N4,Moratorium on the death penalty,2010,Human rights,A/RES/65/206,third_committee_record,A/C.3/65/SR.43,Third Committee,https://documents.un.org/api/symbol/access?l=en&s=A%2FC.3%2F65%2FSR.43&t=pdf,data/raw/un_docs/committee_records/A_C_3_65_SR_43.pdf,existing,Derived from committee report/status-page meeting references near the selected draft/theme.,2026-05-16
N4,Moratorium on the death penalty,2010,Human rights,A/RES/65/206,third_committee_record,A/C.3/65/SR.44,Third Committee,https://documents.un.org/api/symbol/access?l=en&s=A%2FC.3%2F65%2FSR.44&t=pdf,data/raw/un_docs/committee_records/A_C_3_65_SR_44.pdf,existing,Derived from committee report/status-page meeting references near the selected draft/theme.,2026-05-16
N4,Moratorium on the death penalty,2010,Human rights,A/RES/65/206,third_committee_record,A/C.3/65/SR.45,Third Committee,https://documents.un.org/api/symbol/access?l=en&s=A%2FC.3%2F65%2FSR.45&t=pdf,data/raw/un_docs/committee_records/A_C_3_65_SR_45.pdf,existing,Derived from committee report/status-page meeting references near the selected draft/theme.,2026-05-16
N4,Moratorium on the death penalty,2010,Human rights,A/RES/65/206,third_committee_record,A/C.3/65/SR.46,Third Committee,https://documents.un.org/api/symbol/access?l=en&s=A%2FC.3%2F65%2FSR.46&t=pdf,data/raw/un_docs/committee_records/A_C_3_65_SR_46.pdf,existing,Derived from committee report/status-page meeting references near the selected draft/theme.,2026-05-16
N4,Moratorium on the death penalty,2010,Human rights,A/RES/65/206,third_committee_record,A/C.3/65/SR.47,Third Committee,https://documents.un.org/api/symbol/access?l=en&s=A%2FC.3%2F65%2FSR.47&t=pdf,data/raw/un_docs/committee_records/A_C_3_65_SR_47.pdf,existing,Derived from committee report/status-page meeting references near the selected draft/theme.,2026-05-16
N4,Moratorium on the death penalty,2010,Human rights,A/RES/65/206,third_committee_record,A/C.3/65/SR.49,Third Committee,https://documents.un.org/api/symbol/access?l=en&s=A%2FC.3%2F65%2FSR.49&t=pdf,data/raw/un_docs/committee_records/A_C_3_65_SR_49.pdf,existing,Derived from committee report/status-page meeting references near the selected draft/theme.,2026-05-16
N4,Moratorium on the death penalty,2010,Human rights,A/RES/65/206,third_committee_record,A/C.3/65/SR.50,Third Committee,https://documents.un.org/api/symbol/access?l=en&s=A%2FC.3%2F65%2FSR.50&t=pdf,data/raw/un_docs/committee_records/A_C_3_65_SR_50.pdf,existing,Derived from committee report/status-page meeting references near the selected draft/theme.,2026-05-16
N4,Moratorium on the death penalty,2010,Human rights,A/RES/65/206,third_committee_record,A/C.3/65/SR.51,Third Committee,https://documents.un.org/api/symbol/access?l=en&s=A%2FC.3%2F65%2FSR.51&t=pdf,data/raw/un_docs/committee_records/A_C_3_65_SR_51.pdf,existing,Derived from committee report/status-page meeting references near the selected draft/theme.,2026-05-16
N4,Moratorium on the death penalty,2010,Human rights,A/RES/65/206,third_committee_record,A/C.3/65/SR.52,Third Committee,https://documents.un.org/api/symbol/access?l=en&s=A%2FC.3%2F65%2FSR.52&t=pdf,data/raw/un_docs/committee_records/A_C_3_65_SR_52.pdf,existing,Derived from committee report/status-page meeting references near the selected draft/theme.,2026-05-16
N4,Moratorium on the death penalty,2012,Human rights,A/RES/67/176,resolution,A/RES/67/176,,https://documents.un.org/api/symbol/access?l=en&s=A%2FRES%2F67%2F176&t=pdf,data/raw/un_docs/resolutions/A_RES_67_176.pdf,existing,Official resolution text.,2026-05-16
N4,Moratorium on the death penalty,2012,Human rights,A/RES/67/176,committee_report,A/67/457/Add.2,Third Committee,https://documents.un.org/api/symbol/access?l=en&s=A%2F67%2F457%2FAdd.2&t=pdf,data/raw/un_docs/committee_reports/A_67_457_Add_2.pdf,existing,Third Committee (A/67/457/Add.2 and Corr.1),2026-05-16
N4,Moratorium on the death penalty,2012,Human rights,A/RES/67/176,draft,A/C.3/67/L.44,Third Committee,https://documents.un.org/api/symbol/access?l=en&s=A%2FC.3%2F67%2FL.44&t=pdf,data/raw/un_docs/drafts/A_C_3_67_L_44.pdf,existing,"a, Haiti, Honduras, India, Indonesia, Iran
(Islamic Republic of), Iraq, Jamaica, Jordan, Kazakhstan, Kenya, Kuwait,
Kyrgyzstan, Lao People’s Democratic Republic, Lebanon, Lesotho, Liberia,
Libya, Madagascar, Malawi, Malaysia, Maldives, Mali, Mauritania, Mauritius,
Mongolia, Morocco, Myanmar, Namibia, Nepal, Nicaragua, Nigeria, Oman,
Pakistan, Panama, Papua New Guinea, Paraguay, Philippines, Qatar, Russian
Federation, Rwanda, Saint Kitts and Nevis, Saint Lucia, Saint Vincent and the
Grenadines, Saudi Arabia, Senegal, Sierra Leone, Singapore, Solomon Island,
Somalia, South Africa, South Sudan, Sri Lanka, Sudan, Suriname, Swaziland,
Syrian Arab Republic, Tajikistan, Thailand, Timor-Leste, Togo, Trinidad and
Tobago, Tunisia, Turkmenistan, Tuvalu, Uganda, United Arab Emirates, United
Republic of Tanzania, Uruguay, Uzbekistan, Vanuatu, Venezuela (Bolivarian
Republic of), Viet Nam, Yemen, Zambia, Zimbabwe.
Against:
Albania, Andorra, Australia, Austria, Belgium, Bosnia and Herzegovina,
Bulgaria, Canada, Croatia, Cyprus, Czech Republic, Denmark, Estonia,
Finland, France, Georgia, Germany, Greece, Hungary, Iceland, Ireland, Israel,A/67/457/Add.2
12-63624 44
Italy, Japan, Latvia, Liechtenst…",2026-05-16
N4,Moratorium on the death penalty,2012,Human rights,A/RES/67/176,draft,A/C.3/67/L.62,Third Committee,https://documents.un.org/api/symbol/access?l=en&s=A%2FC.3%2F67%2FL.62&t=pdf,data/raw/un_docs/drafts/A_C_3_67_L_62.pdf,existing,", Jamaica, Jordan, Kazakhstan, Kenya, Kuwait,
Kyrgyzstan, Lao People’s Democratic Republic, Lebanon, Lesotho, Liberia,
Libya, Madagascar, Malawi, Malaysia, Maldives, Mali, Mauritania, Mauritius,
Mongolia, Morocco, Myanmar, Namibia, Nepal, Nicaragua, Nigeria, Oman,
Pakistan, Panama, Papua New Guinea, Paraguay, Philippines, Qatar, Russian
Federation, Rwanda, Saint Kitts and Nevis, Saint Lucia, Saint Vincent and the
Grenadines, Saudi Arabia, Senegal, Sierra Leone, Singapore, Solomon Island,
Somalia, South Africa, South Sudan, Sri Lanka, Sudan, Suriname, Swaziland,
Syrian Arab Republic, Tajikistan, Thailand, Timor-Leste, Togo, Trinidad and
Tobago, Tunisia, Turkmenistan, Tuvalu, Uganda, United Arab Emirates, United
Republic of Tanzania, Uruguay, Uzbekistan, Vanuatu, Venezuela (Bolivarian
Republic of), Viet Nam, Yemen, Zambia, Zimbabwe.
Against:
Albania, Andorra, Australia, Austria, Belgium, Bosnia and Herzegovina,
Bulgaria, Canada, Croatia, Cyprus, Czech Republic, Denmark, Estonia,
Finland, France, Georgia, Germany, Greece, Hungary, Iceland, Ireland, Israel,A/67/457/Add.2
12-63624 44
Italy, Japan, Latvia, Liechtenstein, Lithuania, Luxembourg, Malta, Marshall
Islands, Monaco, Montenegr…",2026-05-16
N4,Moratorium on the death penalty,2012,Human rights,A/RES/67/176,draft,A/C.3/67/L.44/Rev.1,Third Committee,https://documents.un.org/api/symbol/access?l=en&s=A%2FC.3%2F67%2FL.44%2FRev.1&t=pdf,data/raw/un_docs/drafts/A_C_3_67_L_44_Rev_1.pdf,existing,"l Council resolution 1984/50 of 25 May 1984, as well as to provide the
Secretary-General with information in this regard;
“(b) To make available relevant information with regard to their use of
the death penalty, inter alia, the number of persons sentenced to death, the
number of persons on death row and the number of executions carried out,
which can contribute to possible informed and transparent national and
international debates, including on the obligations of States pertaining to the
use of the death penalty;
“(c) To progressively restrict the use of the death penalty and not to
impose capital punishment for offences committed by persons below eighteen
years of age, pregnant women and persons with mental disabilities;
“(d) To reduce the number of offences for which the death penalty may
be imposed and to consider repealing its mandatory imposition;
“(e) To establish a moratorium on executions with a view to abolishing
the death penalty;
“5. Calls upon States which have abolished the death penalty not to
reintroduce it, and encourages them to share their experience in this regard;A/67/457/Add.2
12-63624 46
“6. Also calls upon States that have not yet done so to consider
acce…",2026-05-16
N4,Moratorium on the death penalty,2012,Human rights,A/RES/67/176,draft,A/C.3/67/L.64,Third Committee,https://documents.un.org/api/symbol/access?l=en&s=A%2FC.3%2F67%2FL.64&t=pdf,data/raw/un_docs/drafts/A_C_3_67_L_64.pdf,existing,"ia, Saint
Vincent and the Grenadines, Saudi Arabia, Singapore, South Sudan, Sri Lanka,
Sudan, Swaziland, Syrian Arab Republic, Thailand, Togo, Trinidad and Tobago,
Tunisia, Uganda, United Arab Emirates, United States of America, Viet Nam,
Yemen, Zimbabwe.
Against:
Albania, Andorra, Angola, Argentina, Armenia, Australia, Austria, Belgium,
Bosnia and Herzegovina, Brazil, Bulgaria, Canada, Cape Verde, Chile,
Colombia, Costa Rica, Côte d’Ivoire, Croatia, Cyprus, Czech Republic,
Denmark, Dominican Republic, Ecuador, Estonia, Finland, France, Gabon,
Georgia, Germany, Greece, Guinea-Bissau, Honduras, Hungary, Iceland,
Ireland, Israel, Italy, Kyrgyzstan, Latvia, Liechtenstein, Lithuania,
Luxembourg, Madagascar, Mali, Malta, Marshall Islands, Mexico, Micronesia
(Federated States of), Monaco, Mongolia, Montenegro, Mozambique, Nepal,
Netherlands, New Zealand, Norway, Palau, Panama, Paraguay, Peru,
Philippines, Poland, Portugal, Republic of Moldova, Romania, Rwanda,
Samoa, San Marino, Sao Tome and Principe, Serbia, Slovakia, Slovenia, Spain,
Sweden, Switzerland, the former Yugoslav Republic of Macedonia, Timor-
Leste, Turkey, Tuvalu, Ukraine, United Kingdom of Great Britain and
Northern Irela…",2026-05-16
N4,Moratorium on the death penalty,2012,Human rights,A/RES/67/176,draft,A/C.3/67/L.65,Third Committee,https://documents.un.org/api/symbol/access?l=en&s=A%2FC.3%2F67%2FL.65&t=pdf,data/raw/un_docs/drafts/A_C_3_67_L_65.pdf,existing,"vis,
Saint Lucia, Saint Vincent and the Grenadines, Saudi Arabia, Singapore, Sri
Lanka, Sudan, Suriname, Swaziland, Syrian Arab Republic, Togo, Trinidad and
Tobago, Tunisia, Uganda, United Arab Emirates, United States of America,
Venezuela (Bolivarian Republic of), Viet Nam, Yemen, Zimbabwe.
Against:
Albania, Andorra, Angola, Argentina, Armenia, Australia, Austria, Belgium,
Bosnia and Herzegovina, Brazil, Bulgaria, Canada, Cape Verde, Chile,
Colombia, Costa Rica, Croatia, Cyprus, Czech Republic, Denmark, Dominican
Republic, Ecuador, Estonia, Finland, France, Gabon, Georgia, Germany,
Greece, Guinea-Bissau, Honduras, Hungary, Iceland, Ireland, Israel, Italy,
Latvia, Liechtenstein, Lithuania, Luxembourg, Madagascar, Mali, Malta,
Marshall Islands, Mexico, Micronesia (Federated States of), Monaco,
Mongolia, Montenegro, Mozambique, Nepal, Netherlands, New Zealand,
Norway, Palau, Panama, Paraguay, Peru, Philippines, Poland, Portugal,
Republic of Moldova, Romania, Rwanda, Samoa, San Marino, Sao Tome and
Principe, Serbia, Slovakia, Slovenia, Spain, Sweden, Switzerland, the former
Yugoslav Republic of Macedonia, Timor-Leste, Turkey, Tuvalu, Ukraine,
United Kingdom of Great Britain and North…",2026-05-16
N4,Moratorium on the death penalty,2012,Human rights,A/RES/67/176,third_committee_record,A/C.3/67/SR.35,Third Committee,https://documents.un.org/api/symbol/access?l=en&s=A%2FC.3%2F67%2FSR.35&t=pdf,data/raw/un_docs/committee_records/A_C_3_67_SR_35.pdf,existing,Derived from committee report/status-page meeting references near the selected draft/theme.,2026-05-16
N4,Moratorium on the death penalty,2012,Human rights,A/RES/67/176,third_committee_record,A/C.3/67/SR.36,Third Committee,https://documents.un.org/api/symbol/access?l=en&s=A%2FC.3%2F67%2FSR.36&t=pdf,data/raw/un_docs/committee_records/A_C_3_67_SR_36.pdf,existing,Derived from committee report/status-page meeting references near the selected draft/theme.,2026-05-16
N4,Moratorium on the death penalty,2012,Human rights,A/RES/67/176,third_committee_record,A/C.3/67/SR.38,Third Committee,https://documents.un.org/api/symbol/access?l=en&s=A%2FC.3%2F67%2FSR.38&t=pdf,data/raw/un_docs/committee_records/A_C_3_67_SR_38.pdf,existing,Derived from committee report/status-page meeting references near the selected draft/theme.,2026-05-16
N4,Moratorium on the death penalty,2012,Human rights,A/RES/67/176,third_committee_record,A/C.3/67/SR.39,Third Committee,https://documents.un.org/api/symbol/access?l=en&s=A%2FC.3%2F67%2FSR.39&t=pdf,data/raw/un_docs/committee_records/A_C_3_67_SR_39.pdf,existing,Derived from committee report/status-page meeting references near the selected draft/theme.,2026-05-16
N4,Moratorium on the death penalty,2012,Human rights,A/RES/67/176,third_committee_record,A/C.3/67/SR.40,Third Committee,https://documents.un.org/api/symbol/access?l=en&s=A%2FC.3%2F67%2FSR.40&t=pdf,data/raw/un_docs/committee_records/A_C_3_67_SR_40.pdf,existing,Derived from committee report/status-page meeting references near the selected draft/theme.,2026-05-16
N4,Moratorium on the death penalty,2012,Human rights,A/RES/67/176,third_committee_record,A/C.3/67/SR.41,Third Committee,https://documents.un.org/api/symbol/access?l=en&s=A%2FC.3%2F67%2FSR.41&t=pdf,data/raw/un_docs/committee_records/A_C_3_67_SR_41.pdf,existing,Derived from committee report/status-page meeting references near the selected draft/theme.,2026-05-16
N4,Moratorium on the death penalty,2012,Human rights,A/RES/67/176,third_committee_record,A/C.3/67/SR.42,Third Committee,https://documents.un.org/api/symbol/access?l=en&s=A%2FC.3%2F67%2FSR.42&t=pdf,data/raw/un_docs/committee_records/A_C_3_67_SR_42.pdf,existing,Derived from committee report/status-page meeting references near the selected draft/theme.,2026-05-16
N4,Moratorium on the death penalty,2012,Human rights,A/RES/67/176,third_committee_record,A/C.3/67/SR.43,Third Committee,https://documents.un.org/api/symbol/access?l=en&s=A%2FC.3%2F67%2FSR.43&t=pdf,data/raw/un_docs/committee_records/A_C_3_67_SR_43.pdf,existing,Derived from committee report/status-page meeting references near the selected draft/theme.,2026-05-16
N4,Moratorium on the death penalty,2012,Human rights,A/RES/67/176,third_committee_record,A/C.3/67/SR.44,Third Committee,https://documents.un.org/api/symbol/access?l=en&s=A%2FC.3%2F67%2FSR.44&t=pdf,data/raw/un_docs/committee_records/A_C_3_67_SR_44.pdf,existing,Derived from committee report/status-page meeting references near the selected draft/theme.,2026-05-16
N4,Moratorium on the death penalty,2012,Human rights,A/RES/67/176,third_committee_record,A/C.3/67/SR.45,Third Committee,https://documents.un.org/api/symbol/access?l=en&s=A%2FC.3%2F67%2FSR.45&t=pdf,data/raw/un_docs/committee_records/A_C_3_67_SR_45.pdf,existing,Derived from committee report/status-page meeting references near the selected draft/theme.,2026-05-16
N4,Moratorium on the death penalty,2012,Human rights,A/RES/67/176,third_committee_record,A/C.3/67/SR.46,Third Committee,https://documents.un.org/api/symbol/access?l=en&s=A%2FC.3%2F67%2FSR.46&t=pdf,data/raw/un_docs/committee_records/A_C_3_67_SR_46.pdf,existing,Derived from committee report/status-page meeting references near the selected draft/theme.,2026-05-16
N4,Moratorium on the death penalty,2012,Human rights,A/RES/67/176,third_committee_record,A/C.3/67/SR.47,Third Committee,https://documents.un.org/api/symbol/access?l=en&s=A%2FC.3%2F67%2FSR.47&t=pdf,data/raw/un_docs/committee_records/A_C_3_67_SR_47.pdf,existing,Derived from committee report/status-page meeting references near the selected draft/theme.,2026-05-16
N4,Moratorium on the death penalty,2012,Human rights,A/RES/67/176,third_committee_record,A/C.3/67/SR.48,Third Committee,https://documents.un.org/api/symbol/access?l=en&s=A%2FC.3%2F67%2FSR.48&t=pdf,data/raw/un_docs/committee_records/A_C_3_67_SR_48.pdf,existing,Derived from committee report/status-page meeting references near the selected draft/theme.,2026-05-16
N4,Moratorium on the death penalty,2012,Human rights,A/RES/67/176,committee_report,A/67/457/Add.2/Corr.1,Third Committee,https://documents.un.org/api/symbol/access?l=en&s=A%2F67%2F457%2FAdd.2%2FCorr.1&t=pdf,data/raw/un_docs/committee_reports/A_67_457_Add_2_Corr_1.pdf,existing,Third Committee (A/67/457/Add.2 and Corr.1),2026-05-16
N4,Moratorium on the death penalty,2012,Human rights,A/RES/67/176,draft,A/C.3/67/L.34/Rev.1,Third Committee,https://documents.un.org/api/symbol/access?l=en&s=A%2FC.3%2F67%2FL.34%2FRev.1&t=pdf,data/raw/un_docs/drafts/A_C_3_67_L_34_Rev_1.pdf,existing,"United Nations A/67/457/Add.2/Corr.1
GeneralAssembly Distr.: General
20 December 2012
Original: English
12-66212 (E) 241212
*1266212*
Sixty-seventh session
Agenda item 69 (b)
Promotion and protection of human rights: human
rights questions, including alternative approaches for
improving the effective enjoyment of human rights and
fundamental freedoms
Report of the Third Committee*
Rapporteur: Mr. Suljuk Mustansar Tarar (Pakistan)
Corrigendum
Paragraph 48
For the existing text, substitute
48. At its 41st meeting, on 20 November, the Committee had before it a revised
draft resolution, entitled “Human rights in the administration of justice”
(A/C.3/67/L.34/Rev.1), submitted by the sponsors of draft resolution A/C.3/67/L.342
and Belarus, the Dominican Republic, Ecuador, Honduras, India, Mali, Mongolia,
Morocco, the Philippines, the Republic of Korea and Ukraine.
* The report of the Committee on this item is being issued in five parts, under the symbol A/67/457
and Add.1-4.",2026-05-16
N4,Moratorium on the death penalty,2012,Human rights,A/RES/67/176,draft,A/C.3/67/L.342,Third Committee,https://documents.un.org/api/symbol/access?l=en&s=A%2FC.3%2F67%2FL.342&t=pdf,data/raw/un_docs/drafts/A_C_3_67_L_342.pdf,failed: HTTP 404,"United Nations A/67/457/Add.2/Corr.1
GeneralAssembly Distr.: General
20 December 2012
Original: English
12-66212 (E) 241212
*1266212*
Sixty-seventh session
Agenda item 69 (b)
Promotion and protection of human rights: human
rights questions, including alternative approaches for
improving the effective enjoyment of human rights and
fundamental freedoms
Report of the Third Committee*
Rapporteur: Mr. Suljuk Mustansar Tarar (Pakistan)
Corrigendum
Paragraph 48
For the existing text, substitute
48. At its 41st meeting, on 20 November, the Committee had before it a revised
draft resolution, entitled “Human rights in the administration of justice”
(A/C.3/67/L.34/Rev.1), submitted by the sponsors of draft resolution A/C.3/67/L.342
and Belarus, the Dominican Republic, Ecuador, Honduras, India, Mali, Mongolia,
Morocco, the Philippines, the Republic of Korea and Ukraine.
* The report of the Committee on this item is being issued in five parts, under the symbol A/67/457
and Add.1-4.",2026-05-16
N4,Moratorium on the death penalty,2012,Human rights,A/RES/67/176,third_committee_record,A/C.3/67/SR.21,Third Committee,https://documents.un.org/api/symbol/access?l=en&s=A%2FC.3%2F67%2FSR.21&t=pdf,data/raw/un_docs/committee_records/A_C_3_67_SR_21.pdf,existing,Derived from committee report/status-page meeting references near the selected draft/theme.,2026-05-16
N4,Moratorium on the death penalty,2012,Human rights,A/RES/67/176,third_committee_record,A/C.3/67/SR.35,Third Committee,https://documents.un.org/api/symbol/access?l=en&s=A%2FC.3%2F67%2FSR.35&t=pdf,data/raw/un_docs/committee_records/A_C_3_67_SR_35.pdf,existing,Derived from committee report/status-page meeting references near the selected draft/theme.,2026-05-16
N4,Moratorium on the death penalty,2012,Human rights,A/RES/67/176,third_committee_record,A/C.3/67/SR.36,Third Committee,https://documents.un.org/api/symbol/access?l=en&s=A%2FC.3%2F67%2FSR.36&t=pdf,data/raw/un_docs/committee_records/A_C_3_67_SR_36.pdf,existing,Derived from committee report/status-page meeting references near the selected draft/theme.,2026-05-16
N4,Moratorium on the death penalty,2012,Human rights,A/RES/67/176,third_committee_record,A/C.3/67/SR.38,Third Committee,https://documents.un.org/api/symbol/access?l=en&s=A%2FC.3%2F67%2FSR.38&t=pdf,data/raw/un_docs/committee_records/A_C_3_67_SR_38.pdf,existing,Derived from committee report/status-page meeting references near the selected draft/theme.,2026-05-16
N4,Moratorium on the death penalty,2012,Human rights,A/RES/67/176,third_committee_record,A/C.3/67/SR.39,Third Committee,https://documents.un.org/api/symbol/access?l=en&s=A%2FC.3%2F67%2FSR.39&t=pdf,data/raw/un_docs/committee_records/A_C_3_67_SR_39.pdf,existing,Derived from committee report/status-page meeting references near the selected draft/theme.,2026-05-16
N4,Moratorium on the death penalty,2012,Human rights,A/RES/67/176,third_committee_record,A/C.3/67/SR.40,Third Committee,https://documents.un.org/api/symbol/access?l=en&s=A%2FC.3%2F67%2FSR.40&t=pdf,data/raw/un_docs/committee_records/A_C_3_67_SR_40.pdf,existing,Derived from committee report/status-page meeting references near the selected draft/theme.,2026-05-16
N4,Moratorium on the death penalty,2012,Human rights,A/RES/67/176,third_committee_record,A/C.3/67/SR.41,Third Committee,https://documents.un.org/api/symbol/access?l=en&s=A%2FC.3%2F67%2FSR.41&t=pdf,data/raw/un_docs/committee_records/A_C_3_67_SR_41.pdf,existing,Derived from committee report/status-page meeting references near the selected draft/theme.,2026-05-16
N4,Moratorium on the death penalty,2012,Human rights,A/RES/67/176,third_committee_record,A/C.3/67/SR.42,Third Committee,https://documents.un.org/api/symbol/access?l=en&s=A%2FC.3%2F67%2FSR.42&t=pdf,data/raw/un_docs/committee_records/A_C_3_67_SR_42.pdf,existing,Derived from committee report/status-page meeting references near the selected draft/theme.,2026-05-16
N4,Moratorium on the death penalty,2012,Human rights,A/RES/67/176,third_committee_record,A/C.3/67/SR.43,Third Committee,https://documents.un.org/api/symbol/access?l=en&s=A%2FC.3%2F67%2FSR.43&t=pdf,data/raw/un_docs/committee_records/A_C_3_67_SR_43.pdf,existing,Derived from committee report/status-page meeting references near the selected draft/theme.,2026-05-16
N4,Moratorium on the death penalty,2012,Human rights,A/RES/67/176,third_committee_record,A/C.3/67/SR.44,Third Committee,https://documents.un.org/api/symbol/access?l=en&s=A%2FC.3%2F67%2FSR.44&t=pdf,data/raw/un_docs/committee_records/A_C_3_67_SR_44.pdf,existing,Derived from committee report/status-page meeting references near the selected draft/theme.,2026-05-16
N4,Moratorium on the death penalty,2012,Human rights,A/RES/67/176,third_committee_record,A/C.3/67/SR.45,Third Committee,https://documents.un.org/api/symbol/access?l=en&s=A%2FC.3%2F67%2FSR.45&t=pdf,data/raw/un_docs/committee_records/A_C_3_67_SR_45.pdf,existing,Derived from committee report/status-page meeting references near the selected draft/theme.,2026-05-16
N4,Moratorium on the death penalty,2012,Human rights,A/RES/67/176,third_committee_record,A/C.3/67/SR.46,Third Committee,https://documents.un.org/api/symbol/access?l=en&s=A%2FC.3%2F67%2FSR.46&t=pdf,data/raw/un_docs/committee_records/A_C_3_67_SR_46.pdf,existing,Derived from committee report/status-page meeting references near the selected draft/theme.,2026-05-16
N4,Moratorium on the death penalty,2012,Human rights,A/RES/67/176,third_committee_record,A/C.3/67/SR.47,Third Committee,https://documents.un.org/api/symbol/access?l=en&s=A%2FC.3%2F67%2FSR.47&t=pdf,data/raw/un_docs/committee_records/A_C_3_67_SR_47.pdf,existing,Derived from committee report/status-page meeting references near the selected draft/theme.,2026-05-16
N4,Moratorium on the death penalty,2012,Human rights,A/RES/67/176,third_committee_record,A/C.3/67/SR.48,Third Committee,https://documents.un.org/api/symbol/access?l=en&s=A%2FC.3%2F67%2FSR.48&t=pdf,data/raw/un_docs/committee_records/A_C_3_67_SR_48.pdf,existing,Derived from committee report/status-page meeting references near the selected draft/theme.,2026-05-16
P1,ICJ advisory opinion on nuclear weapons,2008,Arms control and disarmament; Nuclear weapons and nuclear material,A/RES/63/49,resolution,A/RES/63/49,,https://documents.un.org/api/symbol/access?l=en&s=A%2FRES%2F63%2F49&t=pdf,data/raw/un_docs/resolutions/A_RES_63_49.pdf,existing,Official resolution text.,2026-05-16
P1,ICJ advisory opinion on nuclear weapons,2008,Arms control and disarmament; Nuclear weapons and nuclear material,A/RES/63/49,committee_report,A/63/389,First Committee,https://documents.un.org/api/symbol/access?l=en&s=A%2F63%2F389&t=pdf,data/raw/un_docs/committee_reports/A_63_389.pdf,existing,First Committee (A/63/389),2026-05-16
P1,ICJ advisory opinion on nuclear weapons,2008,Arms control and disarmament; Nuclear weapons and nuclear material,A/RES/63/49,draft,A/C.1/63/L.5,First Committee,https://documents.un.org/api/symbol/access?l=en&s=A%2FC.1%2F63%2FL.5&t=pdf,data/raw/un_docs/drafts/A_C_1_63_L_5.pdf,existing,"the General Assembly, Sixty-third Session, Supplement No. 27 (A/63/27).
2 Ibid., Supplement No. 42 (A/63/42).A/63/389
08-52025 4
(q) Report of the Secretary-General on problems arising from the
accumulation of conventional ammunition stockpiles in surplus (A/63/182);
(r) Report of the Secretary-General on consolidation of peace through
practical disarmament measures; assistance to States for curbing the illicit traffic in
small arms and light weapons and collecting them; and the illicit trade in small arms
and light weapons in all its aspects (A/63/261);
(s) Report of the Secretary-General entitled “Towards an arms trade treaty:
establishing common international standards for the import, export and transfer of
conventional arms” (A/63/334);
(t) Note by the Secretary-General on measures to uphold the authority of the
1925 Geneva Protocol (A/63/91);
(u) Identical letters dated 30 April 2008 from the Permanent Representative
of Mongolia to the United Nations addressed to the President of the General
Assembly and the President of the Security Council (A/63/73-S/2008/297);
(v) Letter dated 3 October 2008 from the Permanent Representative of
Armenia to the United Nations addressed to t…",2026-05-16
P1,ICJ advisory opinion on nuclear weapons,2008,Arms control and disarmament; Nuclear weapons and nuclear material,A/RES/63/49,draft,A/C.1/63/L.17,First Committee,https://documents.un.org/api/symbol/access?l=en&s=A%2FC.1%2F63%2FL.17&t=pdf,data/raw/un_docs/drafts/A_C_1_63_L_17.pdf,existing,"Djibouti, Dominica, Dominican Republic, Ecuador, Egypt,
El Salvador, Eritrea, Ethiopia, Fiji, Gabon, Ghana, Grenada, Guatemala,
Guinea, Guyana, Haiti, Honduras, India, Indonesia, Iran (Islamic Republic of),
Iraq, Jamaica, Jordan, Kenya, Kuwait, Lao People’s Democratic Republic,
Lebanon, Liberia, Libyan Arab Jamahiriya, Madagascar, Malawi, Malaysia,
Maldives, Mali, Mauritania, Mauritius, Mexico, Mongolia, Morocco,
Mozambique, Myanmar, Namibia, Nepal, Nicaragua, Niger, Nigeria, Oman,
Pakistan, Panama, Papua New Guinea, Paraguay, Peru, Philippines, Qatar,
Saint Kitts and Nevis, Saint Lucia, Saint Vincent and the Grenadines, Samoa,
Saudi Arabia, Senegal, Singapore, Solomon Islands, South Africa, Sri Lanka,
Sudan, Suriname, Swaziland, Syrian Arab Republic, Thailand, Togo, Trinidad
and Tobago, Tunisia, Turkmenistan, Uganda, United Arab Emirates, United
Republic of Tanzania, Uruguay, Venezuela (Bolivarian Republic of), Viet Nam,
Yemen, Zambia, Zimbabwe.
Against:
Albania, Andorra, Australia, Austria, Belgium, Bosnia and Herzegovina,
Bulgaria, Canada, Croatia, Cyprus, Czech Republic, Denmark, Estonia,
Finland, France, Georgia, Germany, Greece, Hungary, Iceland, Ireland, Israel,
Italy, Latv…",2026-05-16
P1,ICJ advisory opinion on nuclear weapons,2008,Arms control and disarmament; Nuclear weapons and nuclear material,A/RES/63/49,draft,A/C.1/63/L.19,First Committee,https://documents.un.org/api/symbol/access?l=en&s=A%2FC.1%2F63%2FL.19&t=pdf,data/raw/un_docs/drafts/A_C_1_63_L_19.pdf,existing,"aragua, Niger, Nigeria, Oman,
Pakistan, Panama, Papua New Guinea, Paraguay, Peru, Philippines, Qatar,
Saint Kitts and Nevis, Saint Lucia, Saint Vincent and the Grenadines, Samoa,
Saudi Arabia, Senegal, Singapore, Solomon Islands, South Africa, Sri Lanka,
Sudan, Suriname, Swaziland, Syrian Arab Republic, Thailand, Togo, Trinidad
and Tobago, Tunisia, Turkmenistan, Uganda, United Arab Emirates, United
Republic of Tanzania, Uruguay, Venezuela (Bolivarian Republic of), Viet Nam,
Yemen, Zambia, Zimbabwe.
Against:
Albania, Andorra, Australia, Austria, Belgium, Bosnia and Herzegovina,
Bulgaria, Canada, Croatia, Cyprus, Czech Republic, Denmark, Estonia,
Finland, France, Georgia, Germany, Greece, Hungary, Iceland, Ireland, Israel,
Italy, Latvia, Liechtenstein, Lithuania, Luxembourg, Malta, Micronesia
(Federated States of), Monaco, Montenegro, Netherlands, New Zealand,
Norway, Palau, Poland, Portugal, Republic of Moldova, Romania, San Marino,A/63/389
08-52025 10
Slovakia, Slovenia, Spain, Sweden, Switzerland, the former Yugoslav Republic
of Macedonia, Turkey, Ukraine, United Kingdom of Great Britain and
Northern Ireland, United States of America.
Abstaining:
Argentina, Armenia, Azerbaijan,…",2026-05-16
P1,ICJ advisory opinion on nuclear weapons,2008,Arms control and disarmament; Nuclear weapons and nuclear material,A/RES/63/49,draft,A/C.1/63/L.58,First Committee,https://documents.un.org/api/symbol/access?l=en&s=A%2FC.1%2F63%2FL.58&t=pdf,data/raw/un_docs/drafts/A_C_1_63_L_58.pdf,existing,"erzegovina, Botswana, Brazil, Brunei Darussalam, Bulgaria,
Burkina Faso, Burundi, Cambodia, Cameroon, Canada, Chile, China,
Colombia, Congo, Costa Rica, Côte d’Ivoire, Croatia, Cuba, Cyprus, Czech
Republic, Denmark, Djibouti, Dominica, Dominican Republic, Ecuador,
Egypt, El Salvador, Eritrea, Estonia, Ethiopia, Fiji, Finland, France, Georgia,
Germany, Ghana, Greece, Grenada, Guatemala, Guinea, Guyana, Haiti,
Honduras, Hungary, Iceland, India, Indonesia, Iran (Islamic Republic of), Iraq,
Ireland, Israel, Italy, Jamaica, Jordan, Kazakhstan, Kenya, Kuwait,
Kyrgyzstan, Lao People’s Democratic Republic, Latvia, Lebanon, Liberia,
Libyan Arab Jamahiriya, Liechtenstein, Lithuania, Luxembourg, Madagascar,
Malawi, Malaysia, Maldives, Mali, Malta, Marshall Islands, Mauritania,
Mauritius, Mexico, Micronesia (Federated States of), Monaco, Mongolia,
Montenegro, Morocco, Mozambique, Myanmar, Namibia, Nepal, Netherlands,
New Zealand, Nicaragua, Niger, Nigeria, Norway, Oman, Pakistan, Panama,
Papua New Guinea, Paraguay, Peru, Philippines, Poland, Portugal, Qatar,
Republic of Korea, Republic of Moldova, Romania, Russian Federation, Saint
Kitts and Nevis, Saint Lucia, Saint Vincent and the Grenadine…",2026-05-16
P1,ICJ advisory opinion on nuclear weapons,2008,Arms control and disarmament; Nuclear weapons and nuclear material,A/RES/63/49,draft,A/C.1/62/L.58,First Committee,https://documents.un.org/api/symbol/access?l=en&s=A%2FC.1%2F62%2FL.58&t=pdf,data/raw/un_docs/drafts/A_C_1_62_L_58.pdf,failed: HTTP 404,", Italy, Jamaica, Jordan, Kazakhstan, Kenya, Kuwait,
Kyrgyzstan, Lao People’s Democratic Republic, Latvia, Lebanon, Liberia,
Libyan Arab Jamahiriya, Liechtenstein, Lithuania, Luxembourg, Madagascar,
Malawi, Malaysia, Maldives, Mali, Malta, Marshall Islands, Mauritania,
Mauritius, Mexico, Micronesia (Federated States of), Monaco, Mongolia,
Montenegro, Morocco, Mozambique, Myanmar, Namibia, Nepal, Netherlands,
New Zealand, Nicaragua, Niger, Nigeria, Norway, Oman, Pakistan, Panama,
Papua New Guinea, Paraguay, Peru, Philippines, Poland, Portugal, Qatar,
Republic of Korea, Republic of Moldova, Romania, Russian Federation, Saint
Kitts and Nevis, Saint Lucia, Saint Vincent and the Grenadines, Samoa, San
Marino, Saudi Arabia, Senegal, Serbia, Singapore, Slovakia, Slovenia, South
Africa, Spain, Sri Lanka, Sudan, Suriname, Swaziland, Sweden, Switzerland,
Syrian Arab Republic, Tajikistan, the former Yugoslav Republic of Macedonia,
Timor-Leste, Togo, Trinidad and Tobago, Tunisia, Turkey, Turkmenistan,
Uganda, Ukraine, United Arab Emirates, United Kingdom of Great Britain and
Northern Ireland, United Republic of Tanzania, Uruguay, Uzbekistan,
Venezuela (Bolivarian Republic of), Viet Nam, Yemen…",2026-05-16
P1,ICJ advisory opinion on nuclear weapons,2009,Arms control and disarmament; Nuclear weapons and nuclear material,A/RES/64/55,resolution,A/RES/64/55,,https://documents.un.org/api/symbol/access?l=en&s=A%2FRES%2F64%2F55&t=pdf,data/raw/un_docs/resolutions/A_RES_64_55.pdf,existing,Official resolution text.,2026-05-16
P1,ICJ advisory opinion on nuclear weapons,2009,Arms control and disarmament; Nuclear weapons and nuclear material,A/RES/64/55,committee_report,A/64/391,First Committee,https://documents.un.org/api/symbol/access?l=en&s=A%2F64%2F391&t=pdf,data/raw/un_docs/committee_reports/A_64_391.pdf,existing,First Committee (A/64/391),2026-05-16
P1,ICJ advisory opinion on nuclear weapons,2009,Arms control and disarmament; Nuclear weapons and nuclear material,A/RES/64/55,draft,A/C.1/64/L.1,First Committee,https://documents.un.org/api/symbol/access?l=en&s=A%2FC.1%2F64%2FL.1&t=pdf,data/raw/un_docs/drafts/A_C_1_64_L_1.pdf,existing,"educing nuclear danger; follow-up to
the advisory opinion of the International Court of Justice on the Legality of the
Threat or Use of Nuclear Weapons; and nuclear disarmament (A/64/139);
(j) Report of the Secretary-General on measures to prevent terrorists from
acquiring weapons of mass destruction (A/64/140 and Add.1);
(k) Report of the Secretary-General on the relationship between disarmament
and development (A/64/153);
(l) Report of the Secretary-General on the implementation of the Convention
on the Prohibition of the Development, Production, Stockpiling and Use of
Chemical Weapons and on Their Destruction (A/64/156);
(m) Report of the Secretary-General on assistance to States for curbing the
illicit traffic in small arms and light weapons and collecting them; and the illicit
trade in small arms and light weapons in all its aspects (A/64/173);
__________________
1 Official Records of the General Assembly, Sixty-fourth Session, Supplement No. 27 (A/64/27).
2 Ibid., Supplement No. 42 (A/64/42).A/64/391
09-53884 4
(n) Note by the Secretary-General transmitting the report of the Group of
Governmental Experts on the continuing operation of the United Nations Register of
Conventi…",2026-05-16
P1,ICJ advisory opinion on nuclear weapons,2009,Arms control and disarmament; Nuclear weapons and nuclear material,A/RES/64/55,draft,A/C.1/64/L.1/Rev.1,First Committee,https://documents.un.org/api/symbol/access?l=en&s=A%2FC.1%2F64%2FL.1%2FRev.1&t=pdf,data/raw/un_docs/drafts/A_C_1_64_L_1_Rev_1.pdf,existing,"ry-General on the implementation of the Convention
on the Prohibition of the Development, Production, Stockpiling and Use of
Chemical Weapons and on Their Destruction (A/64/156);
(m) Report of the Secretary-General on assistance to States for curbing the
illicit traffic in small arms and light weapons and collecting them; and the illicit
trade in small arms and light weapons in all its aspects (A/64/173);
__________________
1 Official Records of the General Assembly, Sixty-fourth Session, Supplement No. 27 (A/64/27).
2 Ibid., Supplement No. 42 (A/64/42).A/64/391
09-53884 4
(n) Note by the Secretary-General transmitting the report of the Group of
Governmental Experts on the continuing operation of the United Nations Register of
Conventional Arms and its further development (A/64/296);
(o) Letter dated 12 May 2009 from the Permanent Representative of Namibia
to the United Nations addressed to the Secretary-General (A/64/81);
(p) Note verbale dated 7 July 2009 from the Permanent Mission of Bosnia
and Herzegovina to the United Nations addressed to the Office for Disarmament
Affairs (A/C.1/64/1);
(q) Letter dated 5 October 2009 from the Permanent Representative of
Mongolia to the Unit…",2026-05-16
P1,ICJ advisory opinion on nuclear weapons,2009,Arms control and disarmament; Nuclear weapons and nuclear material,A/RES/64/55,draft,A/C.1/64/L.5,First Committee,https://documents.un.org/api/symbol/access?l=en&s=A%2FC.1%2F64%2FL.5&t=pdf,data/raw/un_docs/drafts/A_C_1_64_L_5.pdf,existing,"56);
(m) Report of the Secretary-General on assistance to States for curbing the
illicit traffic in small arms and light weapons and collecting them; and the illicit
trade in small arms and light weapons in all its aspects (A/64/173);
__________________
1 Official Records of the General Assembly, Sixty-fourth Session, Supplement No. 27 (A/64/27).
2 Ibid., Supplement No. 42 (A/64/42).A/64/391
09-53884 4
(n) Note by the Secretary-General transmitting the report of the Group of
Governmental Experts on the continuing operation of the United Nations Register of
Conventional Arms and its further development (A/64/296);
(o) Letter dated 12 May 2009 from the Permanent Representative of Namibia
to the United Nations addressed to the Secretary-General (A/64/81);
(p) Note verbale dated 7 July 2009 from the Permanent Mission of Bosnia
and Herzegovina to the United Nations addressed to the Office for Disarmament
Affairs (A/C.1/64/1);
(q) Letter dated 5 October 2009 from the Permanent Representative of
Mongolia to the United Nations addressed to the President of the General Assembly
(A/C.1/64/4).
II. Consideration of proposals
A. Draft resolutions
1. Draft resolution A/C.1/64/L.1 and Rev.1
5.…",2026-05-16
P1,ICJ advisory opinion on nuclear weapons,2009,Arms control and disarmament; Nuclear weapons and nuclear material,A/RES/64/55,draft,A/C.1/64/L.6,First Committee,https://documents.un.org/api/symbol/access?l=en&s=A%2FC.1%2F64%2FL.6&t=pdf,data/raw/un_docs/drafts/A_C_1_64_L_6.pdf,existing,"mmittee adopted draft resolution A/C.1/64/L.1/Rev.1
without a vote (see para. 81, draft resolution I).
2. Draft resolution A/C.1/64/L.5
8. At the 20th meeting, on 28 October, the representative of Mali, on behalf of
the States Members of the United Nations which are members of the Economic
Community of West African States, introduced a draft resolution entitled
“Assistance to States for curbing the illicit traffic in small arms and light weapons
and collecting them” (A/C.1/64/L.5). Subsequently, Albania, Algeria, Andorra,
Angola, Antigua and Barbuda, Austria, Belgium, Belize, Bosnia and Herzegovina,
Bulgaria, Burundi, Cameroon, Canada, the Central African Republic, Chile,
Colombia, the Comoros, the Congo, Croatia, Cyprus, the Czech Republic, the
Democratic Republic of the Congo, Denmark, Djibouti, Dominica, the Dominican
Republic, Eritrea, Estonia, Ethiopia, Fiji, Finland, France, Gabon, Germany, Greece,
Grenada, Guatemala, Guyana, Haiti, Honduras, Hungary, Iceland, Ireland, Italy,
Jamaica, Kenya, Latvia, Lesotho, Liechtenstein, Lithuania, Luxembourg,
Madagascar, Malawi, Malta, Mauritania, Montenegro, Morocco, Mozambique, the
Netherlands, Norway, Papua New Guinea, Poland, Portugal…",2026-05-16
P1,ICJ advisory opinion on nuclear weapons,2009,Arms control and disarmament; Nuclear weapons and nuclear material,A/RES/64/55,draft,A/C.1/64/L.34,First Committee,https://documents.un.org/api/symbol/access?l=en&s=A%2FC.1%2F64%2FL.34&t=pdf,data/raw/un_docs/drafts/A_C_1_64_L_34.pdf,existing,"e Congo, Denmark, Djibouti, Dominica, Dominican Republic,
Ecuador, Egypt, El Salvador, Equatorial Guinea, Eritrea, Estonia, Ethiopia,
Fiji, Finland, Georgia, Germany, Ghana, Greece, Grenada, Guatemala, Guinea,
Guyana, Haiti, Honduras, Hungary, Iceland, Indonesia, Iran (Islamic Republic
of), Iraq, Ireland, Italy, Jamaica, Japan, Jordan, Kazakhstan, Kenya, Kuwait,
Kyrgyzstan, Lao People’s Democratic Republic, Latvia, Lebanon, Lesotho,
Liberia, Libyan Arab Jamahiriya, Liechtenstein, Lithuania, Luxembourg,
Madagascar, Malawi, Malaysia, Maldives, Mali, Malta, Mauritania, Mauritius,
Mexico, Mongolia, Montenegro, Morocco, Mozambique, Myanmar, Namibia,
Nepal, Netherlands, New Zealand, Nicaragua, Niger, Nigeria, Norway, Oman,
Panama, Papua New Guinea, Paraguay, Peru, Philippines, Poland, Portugal,
Qatar, Republic of Korea, Republic of Moldova, Romania, Russian Federation,
Rwanda, Saint Kitts and Nevis, Saint Lucia, Samoa, San Marino, Saudi Arabia,
Senegal, Serbia, Singapore, Slovakia, Slovenia, Solomon Islands, Somalia,
South Africa, Spain, Sri Lanka, Sudan, Suriname, Swaziland, Sweden,
Switzerland, Syrian Arab Republic, Tajikistan, Thailand, the former Yugoslav
Republic of Macedonia, Timo…",2026-05-16
P1,ICJ advisory opinion on nuclear weapons,2009,Arms control and disarmament; Nuclear weapons and nuclear material,A/RES/64/55,draft,A/C.1/64/L.35,First Committee,https://documents.un.org/api/symbol/access?l=en&s=A%2FC.1%2F64%2FL.35&t=pdf,data/raw/un_docs/drafts/A_C_1_64_L_35.pdf,existing,"lta, Mauritania, Mauritius,
Mexico, Mongolia, Montenegro, Morocco, Mozambique, Myanmar, Namibia,
Nepal, Netherlands, New Zealand, Nicaragua, Niger, Nigeria, Norway, Oman,
Panama, Papua New Guinea, Paraguay, Peru, Philippines, Poland, Portugal,
Qatar, Republic of Korea, Republic of Moldova, Romania, Russian Federation,
Rwanda, Saint Kitts and Nevis, Saint Lucia, Samoa, San Marino, Saudi Arabia,
Senegal, Serbia, Singapore, Slovakia, Slovenia, Solomon Islands, Somalia,
South Africa, Spain, Sri Lanka, Sudan, Suriname, Swaziland, Sweden,
Switzerland, Syrian Arab Republic, Tajikistan, Thailand, the former Yugoslav
Republic of Macedonia, Timor-Leste, Togo, Tonga, Trinidad and Tobago,
Tunisia, Turkey, Turkmenistan, Tuvalu, Ukraine, United Arab Emirates, United
Republic of Tanzania, Uruguay, Uzbekistan, Vanuatu, Venezuela (Bolivarian
Republic of), Viet Nam, Yemen, Zambia, Zimbabwe.
__________________
8 The representative of Israel subsequently informed the Committee that his delegation had
intended to abstain.A/64/391
15 09-53884
Against:
France, United Kingdom of Great Britain and Northern Ireland, United States
of America.
Abstaining:
India, Marshall Islands, Micronesia (Federated State…",2026-05-16
P1,ICJ advisory opinion on nuclear weapons,2009,Arms control and disarmament; Nuclear weapons and nuclear material,A/RES/64/55,draft,A/C.1/63/L.29,First Committee,https://documents.un.org/api/symbol/access?l=en&s=A%2FC.1%2F63%2FL.29&t=pdf,data/raw/un_docs/drafts/A_C_1_63_L_29.pdf,existing,"blic of Moldova, Romania, Russian Federation,
Rwanda, Saint Kitts and Nevis, Saint Lucia, Samoa, San Marino, Saudi Arabia,
Senegal, Serbia, Singapore, Slovakia, Slovenia, Solomon Islands, Somalia,
South Africa, Spain, Sri Lanka, Sudan, Suriname, Swaziland, Sweden,
Switzerland, Syrian Arab Republic, Tajikistan, Thailand, the former Yugoslav
Republic of Macedonia, Timor-Leste, Togo, Tonga, Trinidad and Tobago,
Tunisia, Turkey, Turkmenistan, Tuvalu, Ukraine, United Arab Emirates, United
Republic of Tanzania, Uruguay, Uzbekistan, Vanuatu, Venezuela (Bolivarian
Republic of), Viet Nam, Yemen, Zambia, Zimbabwe.
__________________
8 The representative of Israel subsequently informed the Committee that his delegation had
intended to abstain.A/64/391
15 09-53884
Against:
France, United Kingdom of Great Britain and Northern Ireland, United States
of America.
Abstaining:
India, Marshall Islands, Micronesia (Federated States of), Pakistan, Palau.
17. Draft resolution A/C.1/64/L.34
42. At its 19th meeting, on 27 October, the Committee had before it a draft
resolution entitled “Prohibition of the dumping of radioactive wastes”, submitted by
the representative of Nigeria on behalf of the States…",2026-05-16
P1,ICJ advisory opinion on nuclear weapons,2009,Arms control and disarmament; Nuclear weapons and nuclear material,A/RES/64/55,draft,A/C.1/64/L.36,First Committee,https://documents.un.org/api/symbol/access?l=en&s=A%2FC.1%2F64%2FL.36&t=pdf,data/raw/un_docs/drafts/A_C_1_64_L_36.pdf,existing,"s, Somalia,
South Africa, Spain, Sri Lanka, Sudan, Suriname, Swaziland, Sweden,
Switzerland, Syrian Arab Republic, Tajikistan, Thailand, the former Yugoslav
Republic of Macedonia, Timor-Leste, Togo, Tonga, Trinidad and Tobago,
Tunisia, Turkey, Turkmenistan, Tuvalu, Ukraine, United Arab Emirates, United
Republic of Tanzania, Uruguay, Uzbekistan, Vanuatu, Venezuela (Bolivarian
Republic of), Viet Nam, Yemen, Zambia, Zimbabwe.
__________________
8 The representative of Israel subsequently informed the Committee that his delegation had
intended to abstain.A/64/391
15 09-53884
Against:
France, United Kingdom of Great Britain and Northern Ireland, United States
of America.
Abstaining:
India, Marshall Islands, Micronesia (Federated States of), Pakistan, Palau.
17. Draft resolution A/C.1/64/L.34
42. At its 19th meeting, on 27 October, the Committee had before it a draft
resolution entitled “Prohibition of the dumping of radioactive wastes”, submitted by
the representative of Nigeria on behalf of the States Members of the United Nations
that are members of the Group of African States. Subsequently, the Dominican
Republic and Montenegro joined in sponsoring the draft resolution.
43. At the…",2026-05-16
P1,ICJ advisory opinion on nuclear weapons,2009,Arms control and disarmament; Nuclear weapons and nuclear material,A/RES/64/55,draft,A/C.1/64/L.51,First Committee,https://documents.un.org/api/symbol/access?l=en&s=A%2FC.1%2F64%2FL.51&t=pdf,data/raw/un_docs/drafts/A_C_1_64_L_51.pdf,existing,"African
Republic, Chile, China, Colombia, Congo, Costa Rica, Côte d’Ivoire, Croatia,
Cyprus, Czech Republic, Democratic Republic of the Congo, Denmark,
Dominican Republic, Ecuador, El Salvador, Equatorial Guinea, Eritrea,
Estonia, Ethiopia, Fiji, Finland, France, Gabon, Georgia, Germany, Ghana,
Greece, Grenada, Guatemala, Guinea, Guyana, Haiti, Honduras, Hungary,
Iceland, India, Indonesia, Ireland, Israel, Italy, Jamaica, Japan, Kazakhstan,
Kenya, Kyrgyzstan, Lao People’s Democratic Republic, Latvia, Lesotho,
Liberia, Liechtenstein, Lithuania, Luxembourg, Madagascar, Malawi,
Malaysia, Maldives, Mali, Malta, Marshall Islands, Mauritius, Mexico,
Micronesia (Federated States of), Monaco, Mongolia, Montenegro,
Mozambique, Nepal, Netherlands, New Zealand, Nicaragua, Niger, Nigeria,
Norway, Pakistan, Panama, Papua New Guinea, Paraguay, Peru, Philippines,
Poland, Portugal, Republic of Korea, Republic of Moldova, Romania, Russian
Federation, Saint Kitts and Nevis, Saint Lucia, Saint Vincent and the
Grenadines, Samoa, San Marino, Serbia, Sierra Leone, Singapore, Slovakia,
Slovenia, South Africa, Spain, Sri Lanka, Suriname, Swaziland, Sweden,
Switzerland, Tajikistan, Thailand, the former Yu…",2026-05-16
P1,ICJ advisory opinion on nuclear weapons,2009,Arms control and disarmament; Nuclear weapons and nuclear material,A/RES/64/55,draft,A/C.1/64/L.9,First Committee,https://documents.un.org/api/symbol/access?l=en&s=A%2FC.1%2F64%2FL.9&t=pdf,data/raw/un_docs/drafts/A_C_1_64_L_9.pdf,existing,"ia,
Congo, Costa Rica, Côte d’Ivoire, Croatia, Cuba, Cyprus, Czech Republic,
Democratic Republic of the Congo, Denmark, Djibouti, Dominica, Dominican
Republic, Ecuador, Egypt, El Salvador, Equatorial Guinea, Eritrea, Estonia,A/64/391
09-53884 34
Ethiopia, Fiji, Finland, Georgia, Germany, Ghana, Greece, Grenada,
Guatemala, Guinea, Guyana, Haiti, Honduras, Hungary, Iceland, Indonesia, Iran
(Islamic Republic of), Iraq, Ireland, Italy, Jamaica, Japan, Jordan, Kazakhstan,
Kenya, Kuwait, Kyrgyzstan, Lao People’s Democratic Republic, Latvia, Lebanon,
Lesotho, Liberia, Libyan Arab Jamahiriya, Liechtenstein, Lithuania, Luxembourg,
Madagascar, Malawi, Malaysia, Maldives, Mali, Malta, Mauritania, Mauritius,
Mexico, Mongolia, Montenegro, Morocco, Mozambique, Myanmar, Namibia,
Nepal, Netherlands, New Zealand, Nicaragua, Niger, Nigeria, Norway, Oman,
Panama, Papua New Guinea, Paraguay, Peru, Philippines, Poland, Portugal,
Qatar, Republic of Korea, Republic of Moldova, Romania, Russian Federation,
Rwanda, Saint Kitts and Nevis, Saint Lucia, Samoa, San Marino, Saudi Arabia,
Senegal, Serbia, Singapore, Slovakia, Slovenia, Solomon Islands, Somalia,
South Africa, Spain, Sri Lanka, Sudan, Suriname,…",2026-05-16
P1,ICJ advisory opinion on nuclear weapons,2009,Arms control and disarmament; Nuclear weapons and nuclear material,A/RES/64/55,draft,A/C.1/64/L.17,First Committee,https://documents.un.org/api/symbol/access?l=en&s=A%2FC.1%2F64%2FL.17&t=pdf,data/raw/un_docs/drafts/A_C_1_64_L_17.pdf,existing,"Kuwait, Kyrgyzstan, Lao People’s Democratic Republic, Latvia, Lebanon,
Lesotho, Liberia, Libyan Arab Jamahiriya, Liechtenstein, Lithuania, Luxembourg,
Madagascar, Malawi, Malaysia, Maldives, Mali, Malta, Mauritania, Mauritius,
Mexico, Mongolia, Montenegro, Morocco, Mozambique, Myanmar, Namibia,
Nepal, Netherlands, New Zealand, Nicaragua, Niger, Nigeria, Norway, Oman,
Panama, Papua New Guinea, Paraguay, Peru, Philippines, Poland, Portugal,
Qatar, Republic of Korea, Republic of Moldova, Romania, Russian Federation,
Rwanda, Saint Kitts and Nevis, Saint Lucia, Samoa, San Marino, Saudi Arabia,
Senegal, Serbia, Singapore, Slovakia, Slovenia, Solomon Islands, Somalia,
South Africa, Spain, Sri Lanka, Sudan, Suriname, Swaziland, Sweden,
Switzerland, Syrian Arab Republic, Tajikistan, Thailand, the former Yugoslav
Republic of Macedonia, Timor-Leste, Togo, Tonga, Trinidad and Tobago,
Tunisia, Turkey, Tuvalu, Ukraine, United Arab Emirates, United Republic of
Tanzania, Uruguay, Uzbekistan, Vanuatu, Venezuela (Bolivarian Republic of),
Viet Nam, Yemen, Zambia, Zimbabwe.
Against:
Democratic People’s Republic of Korea, France, India, Israel, United States of
America.
Abstaining:
Bhutan, Micronesia…",2026-05-16
P1,ICJ advisory opinion on nuclear weapons,2010,Arms control and disarmament; Nuclear weapons and nuclear material,A/RES/65/76,resolution,A/RES/65/76,,https://documents.un.org/api/symbol/access?l=en&s=A%2FRES%2F65%2F76&t=pdf,data/raw/un_docs/resolutions/A_RES_65_76.pdf,existing,Official resolution text.,2026-05-16
P1,ICJ advisory opinion on nuclear weapons,2010,Arms control and disarmament; Nuclear weapons and nuclear material,A/RES/65/76,committee_report,A/65/410,First Committee,https://documents.un.org/api/symbol/access?l=en&s=A%2F65%2F410&t=pdf,data/raw/un_docs/committee_reports/A_65_410.pdf,existing,First Committee (A/65/410),2026-05-16
P1,ICJ advisory opinion on nuclear weapons,2010,Arms control and disarmament; Nuclear weapons and nuclear material,A/RES/65/76,draft,A/C.1/65/L.4,First Committee,https://documents.un.org/api/symbol/access?l=en&s=A%2FC.1%2F65%2FL.4&t=pdf,data/raw/un_docs/drafts/A_C_1_65_L_4.pdf,existing,"rt of the Secretary-General on the United Nations Register of
Conventional Arms (A/65/133 and Add.1);
(m) Report of the Secretary-General on confidence-building measures in the
regional and subregional context (A/65/135);
(n) Report of the Secretary-General on Mongolia’s international security and
nuclear-weapon-free status (A/65/136);
__________________
1 Official Records of the General Assembly, Sixty-fifth Session, Supplement No. 27 (A/65/27).
2 Ibid., Supplement No. 42 (A/65/42).A/65/410
10-54455 4
(o) Report of the Secretary-General on reducing nuclear danger, nuclear
disarmament and follow-up to the advisory opinion of the International Court of
Justice on the Legality of the Threat or Use of Nuclear Weapons (A/65/137 and
Add.1);
(p) Report of the Secretary-General on consolidation of peace through
practical disarmament measures, assistance to States for curbing the illicit trade in
small arms and light weapons and collecting them and illicit trade in small arms and
light weapons in all its aspects (A/65/153);
(q) Report of the Secretary-General on disarmament and non-proliferation
education (A/65/160 and Add.1);
(r) Note by the Secretary-General on measures to uphold the a…",2026-05-16
P1,ICJ advisory opinion on nuclear weapons,2010,Arms control and disarmament; Nuclear weapons and nuclear material,A/RES/65/76,draft,A/C.1/65/L.6,First Committee,https://documents.un.org/api/symbol/access?l=en&s=A%2FC.1%2F65%2FL.6&t=pdf,data/raw/un_docs/drafts/A_C_1_65_L_6.pdf,existing,"plement No. 27 (A/65/27).
2 Ibid., Supplement No. 42 (A/65/42).A/65/410
10-54455 4
(o) Report of the Secretary-General on reducing nuclear danger, nuclear
disarmament and follow-up to the advisory opinion of the International Court of
Justice on the Legality of the Threat or Use of Nuclear Weapons (A/65/137 and
Add.1);
(p) Report of the Secretary-General on consolidation of peace through
practical disarmament measures, assistance to States for curbing the illicit trade in
small arms and light weapons and collecting them and illicit trade in small arms and
light weapons in all its aspects (A/65/153);
(q) Report of the Secretary-General on disarmament and non-proliferation
education (A/65/160 and Add.1);
(r) Note by the Secretary-General on measures to uphold the authority of the
1925 Geneva Protocol (A/65/95);
(s) Note by the Secretary-General transmitting the annual report for 2008
and the draft report for 2009 of the Organization for the Prohibition of Chemical
Weapons on the implementation of the Convention on the Prohibition of the
Development, Production, Stockpiling and Use of Chemical Weapons and on Their
Destruction (A/65/97);
(t) Letter dated 15 September 2010 from the Pe…",2026-05-16
P1,ICJ advisory opinion on nuclear weapons,2010,Arms control and disarmament; Nuclear weapons and nuclear material,A/RES/65/76,draft,A/C.1/65/L.39,First Committee,https://documents.un.org/api/symbol/access?l=en&s=A%2FC.1%2F65%2FL.39&t=pdf,data/raw/un_docs/drafts/A_C_1_65_L_39.pdf,existing,"ia, Canada, Chile, China, Colombia, Congo,A/65/410
10-54455 28
Costa Rica, Côte d’Ivoire, Croatia, Cuba, Cyprus, Czech Republic, Democratic
People’s Republic of Korea, Denmark, Djibouti, Dominican Republic,
Ecuador, Egypt, El Salvador, Eritrea, Estonia, Ethiopia, Fiji, Finland, France,
Georgia, Germany, Ghana, Greece, Grenada, Guatemala, Guinea, Guinea-
Bissau, Guyana, Haiti, Honduras, Hungary, Iceland, India, Indonesia, Iran
(Islamic Republic of), Iraq, Ireland, Israel, Italy, Jamaica, Japan, Jordan,
Kazakhstan, Kenya, Kuwait, Kyrgyzstan, Lao People’s Democratic Republic,
Latvia, Lebanon, Liberia, Libyan Arab Jamahiriya, Liechtenstein, Lithuania,
Luxembourg, Madagascar, Malawi, Malaysia, Maldives, Mali, Malta,
Mauritania, Mauritius, Mexico, Micronesia (Federated States of), Monaco,
Mongolia, Montenegro, Morocco, Mozambique, Myanmar, Namibia, Nepal,
Netherlands, New Zealand, Nicaragua, Nigeria, Norway, Oman, Pakistan,
Panama, Papua New Guinea, Paraguay, Peru, Philippines, Poland, Portugal,
Qatar, Republic of Korea, Republic of Moldova, Romania, Russian Federation,
Saint Kitts and Nevis, Saint Lucia, Saint Vincent and the Grenadines, Samoa,
San Marino, Saudi Arabia, Senegal, Serbi…",2026-05-16
P1,ICJ advisory opinion on nuclear weapons,2010,Arms control and disarmament; Nuclear weapons and nuclear material,A/RES/65/76,draft,A/C.1/65/L.39/Rev.1,First Committee,https://documents.un.org/api/symbol/access?l=en&s=A%2FC.1%2F65%2FL.39%2FRev.1&t=pdf,data/raw/un_docs/drafts/A_C_1_65_L_39_Rev_1.pdf,existing,"Qatar, Republic of Korea, Republic of Moldova, Romania, Russian Federation,
Saint Kitts and Nevis, Saint Lucia, Saint Vincent and the Grenadines, Samoa,
San Marino, Saudi Arabia, Senegal, Serbia, Sierra Leone, Singapore, Slovakia,
Slovenia, Solomon Islands, South Africa, Spain, Sri Lanka, Sudan, Suriname,
Swaziland, Sweden, Switzerland, Syrian Arab Republic, Tajikistan, Thailand,
the former Yugoslav Republic of Macedonia, Timor-Leste, Togo, Trinidad and
Tobago, Tunisia, Turkey, Turkmenistan, Tuvalu, Ukraine, United Arab
Emirates, United Kingdom of Great Britain and Northern Ireland, United
Republic of Tanzania, Uruguay, Uzbekistan, Vanuatu, Venezuela (Bolivarian
Republic of), Viet Nam, Yemen, Zambia, Zimbabwe.
Against:
None.
Abstaining:
United States of America.
25. Draft resolution A/C.1/65/L.39 and Rev.1
63. On 15 October, the Committee had before it a draft resolution entitled
“Women, disarmament, arms control and non-proliferation” (A/C.1/65/L.39),
submitted by Trinidad and Tobago.
64. At the 21st meeting, on 28 October, the representative of Trinidad and Tobago,
on behalf of Antigua and Barbuda, Argentina, Australia, Austria, the Bahamas,
Bangladesh, Barbados, Belgium, Belize…",2026-05-16
P1,ICJ advisory opinion on nuclear weapons,2010,Arms control and disarmament; Nuclear weapons and nuclear material,A/RES/65/76,draft,A/C.1/65/L.41,First Committee,https://documents.un.org/api/symbol/access?l=en&s=A%2FC.1%2F65%2FL.41&t=pdf,data/raw/un_docs/drafts/A_C_1_65_L_41.pdf,existing,"witzerland, Syrian Arab Republic, Tajikistan, Thailand,
the former Yugoslav Republic of Macedonia, Timor-Leste, Togo, Trinidad and
Tobago, Tunisia, Turkey, Turkmenistan, Tuvalu, Ukraine, United Arab
Emirates, United Kingdom of Great Britain and Northern Ireland, United
Republic of Tanzania, Uruguay, Uzbekistan, Vanuatu, Venezuela (Bolivarian
Republic of), Viet Nam, Yemen, Zambia, Zimbabwe.
Against:
None.
Abstaining:
United States of America.
25. Draft resolution A/C.1/65/L.39 and Rev.1
63. On 15 October, the Committee had before it a draft resolution entitled
“Women, disarmament, arms control and non-proliferation” (A/C.1/65/L.39),
submitted by Trinidad and Tobago.
64. At the 21st meeting, on 28 October, the representative of Trinidad and Tobago,
on behalf of Antigua and Barbuda, Argentina, Australia, Austria, the Bahamas,
Bangladesh, Barbados, Belgium, Belize, Canada, Chile, the Congo, Costa Rica,
Croatia, the Czech Republic, the Democratic Republic of the Congo, Denmark,
El Salvador, Estonia, Finland, Germany, Ghana, Greece, Grenada, Guyana, Haiti,
Hungary, Iceland, Ireland, Jamaica, Lithuania, Luxembourg, Mali, Montenegro, the
Netherlands, New Zealand, Nigeria, Norway, Portugal…",2026-05-16
P1,ICJ advisory opinion on nuclear weapons,2010,Arms control and disarmament; Nuclear weapons and nuclear material,A/RES/65/76,draft,A/C.1/65/L.42,First Committee,https://documents.un.org/api/symbol/access?l=en&s=A%2FC.1%2F65%2FL.42&t=pdf,data/raw/un_docs/drafts/A_C_1_65_L_42.pdf,existing,"resolution entitled
“Women, disarmament, arms control and non-proliferation” (A/C.1/65/L.39),
submitted by Trinidad and Tobago.
64. At the 21st meeting, on 28 October, the representative of Trinidad and Tobago,
on behalf of Antigua and Barbuda, Argentina, Australia, Austria, the Bahamas,
Bangladesh, Barbados, Belgium, Belize, Canada, Chile, the Congo, Costa Rica,
Croatia, the Czech Republic, the Democratic Republic of the Congo, Denmark,
El Salvador, Estonia, Finland, Germany, Ghana, Greece, Grenada, Guyana, Haiti,
Hungary, Iceland, Ireland, Jamaica, Lithuania, Luxembourg, Mali, Montenegro, the
Netherlands, New Zealand, Nigeria, Norway, Portugal, Saint Kitts and Nevis,
Serbia, Sierra Leone, Slovakia, Slovenia, Spain, Suriname, Sweden, Switzerland,
Tonga, Trinidad and Tobago and the United Republic of Tanzania, introduced a
revised draft resolution entitled “Women, disarmament, non-proliferation and arms
control” (A/C.1/65/L.39/Rev.1), and orally revised operative paragraph 3 by
replacing “sixty-sixth session” with “sixty-seventh session”.
65. At the same meeting, the Committee adopted draft resolution
A/C.1/65/L.39/Rev.1, as orally revised, without a vote (see para. 88, draft reso…",2026-05-16
P1,ICJ advisory opinion on nuclear weapons,2010,Arms control and disarmament; Nuclear weapons and nuclear material,A/RES/65/76,draft,A/C.1/65/L.43,First Committee,https://documents.un.org/api/symbol/access?l=en&s=A%2FC.1%2F65%2FL.43&t=pdf,data/raw/un_docs/drafts/A_C_1_65_L_43.pdf,existing,"ia, Burkina Faso,
Burundi, Cambodia, Cameroon, Canada, Chile, China, Colombia, Congo,
Costa Rica, Côte d’Ivoire, Cuba, Cyprus, Democratic Republic of the Congo,
Denmark, Djibouti, Dominican Republic, Ecuador, Egypt, El Salvador, Eritrea,
Ethiopia, Fiji, Finland, Germany, Ghana, Greece, Grenada, Guatemala,
Guinea-Bissau, Guyana, Haiti, Iceland, India, Indonesia, Iran (Islamic
Republic of), Iraq, Ireland, Italy, Jamaica, Japan, Jordan, Kazakhstan, Kenya,
Kuwait, Lao People’s Democratic Republic, Lebanon, Lesotho, Libyan Arab
Jamahiriya, Liechtenstein, Luxembourg, Madagascar, Malawi, Malaysia,
Maldives, Mali, Malta, Mauritania, Mauritius, Mexico, Mongolia,
Montenegro, Morocco, Mozambique, Myanmar, Namibia, Nepal, New
Zealand, Nicaragua, Nigeria, Norway, Oman, Pakistan, Panama, Papua New
Guinea, Paraguay, Peru, Philippines, Poland, Portugal, Qatar, Saint Kitts and
Nevis, Samoa, San Marino, Saudi Arabia, Senegal, Seychelles, Sierra Leone,
Singapore, Slovenia, Solomon Islands, South Africa, Spain, Sri Lanka, Sudan,
Suriname, Swaziland, Sweden, Switzerland, Syrian Arab Republic, Tajikistan,
Thailand, Timor-Leste, Togo, Tonga, Trinidad and Tobago, Tunisia,
Turkmenistan, Tuvalu, Uganda, Uk…",2026-05-16
P1,ICJ advisory opinion on nuclear weapons,2010,Arms control and disarmament; Nuclear weapons and nuclear material,A/RES/65/76,draft,A/C.1/65/L.50,First Committee,https://documents.un.org/api/symbol/access?l=en&s=A%2FC.1%2F65%2FL.50&t=pdf,data/raw/un_docs/drafts/A_C_1_65_L_50.pdf,existing,"El Salvador, Eritrea, Estonia,
Ethiopia, Fiji, Finland, France, Gabon, Georgia, Germany, Ghana, Greece,
Grenada, Guatemala, Guinea, Guinea-Bissau, Guyana, Haiti, Hungary, Iceland,
India, Indonesia, Iraq, Ireland, Israel, Italy, Jamaica, Japan, Jordan,
Kazakhstan, Kenya, Kuwait, Kyrgyzstan, Lao People’s Democratic Republic,
Latvia, Lebanon, Lesotho, Libyan Arab Jamahiriya, Liechtenstein, Lithuania,
Luxembourg, Madagascar, Malawi, Malaysia, Maldives, Mali, Malta, Marshall
Islands, Mauritius, Mexico, Micronesia (Federated States of), Monaco,
Mongolia, Montenegro, Morocco, Mozambique, Myanmar, Namibia, Nepal,
Netherlands, New Zealand, Nicaragua, Nigeria, Norway, Oman, Pakistan,
Panama, Papua New Guinea, Paraguay, Peru, Philippines, Poland, Portugal,
Qatar, Republic of Korea, Republic of Moldova, Romania, Russian Federation,
Saint Kitts and Nevis, Saint Lucia, Saint Vincent and the Grenadines, Samoa,
San Marino, Saudi Arabia, Senegal, Serbia, Sierra Leone, Singapore, Slovakia,
Slovenia, Solomon Islands, South Africa, Spain, Sri Lanka, Sudan, Suriname,
Swaziland, Sweden, Switzerland, Syrian Arab Republic, Tajikistan, Thailand,
the former Yugoslav Republic of Macedonia, Timor-Leste, Togo…",2026-05-16
P2,Globalization and human rights,2008,Human rights,A/RES/63/176,resolution,A/RES/63/176,,https://documents.un.org/api/symbol/access?l=en&s=A%2FRES%2F63%2F176&t=pdf,data/raw/un_docs/resolutions/A_RES_63_176.pdf,existing,Official resolution text.,2026-05-16
P2,Globalization and human rights,2008,Human rights,A/RES/63/176,committee_report,A/63/430/Add.2,Third Committee,https://documents.un.org/api/symbol/access?l=en&s=A%2F63%2F430%2FAdd.2&t=pdf,data/raw/un_docs/committee_reports/A_63_430_Add_2.pdf,existing,Third Committee (A/63/430/Add.2),2026-05-16
P2,Globalization and human rights,2008,Human rights,A/RES/63/176,draft,A/C.3/63/L.27,Third Committee,https://documents.un.org/api/symbol/access?l=en&s=A%2FC.3%2F63%2FL.27&t=pdf,data/raw/un_docs/drafts/A_C_3_63_L_27.pdf,existing,"Czech Republic, Denmark, the Dominican
Republic, Ecuador, El Salvador, Eritrea, Ethiopia, Finland, Georgia, Germany,
Greece, Guatemala, Honduras, Hungary, Iceland, Ireland, Italy, Latvia,
Liechtenstein, Lithuania, Luxembourg, Malta, Mauritius, Mexico, Monaco,
Montenegro, the Netherlands, Nicaragua, Norway, Panama, Peru, Poland, Republic
of Korea, Republic of Moldova, Romania, the Russian Federation, San Marino,
Serbia, Slovenia, Sweden, Switzerland, the former Yugoslav Republic of
Macedonia, Timor-Leste, Ukraine, the United Kingdom and Uruguay.
94. At the same meeting, the representative of Austria orally revised the draft
resolution by replacing, in the first preambular paragraph, the words “taking into
consideration” by the words “bearing in mind”.
95. Also, at its 43rd meeting, the Committee adopted draft resolution
A/C.3/63/L.25/Rev.1, as orally revised, without a vote (see para. 182, draft
resolution VII).
H. Draft resolution A/C.3/63/L.27
96. At the 38th meeting, on 6 November, the representative of Peru, on behalf of
Algeria, Angola, Armenia, Australia, Austria, Belgium, Belize, Bolivia, Brazil,
Bulgaria, Cambodia, Canada, Chile, Costa Rica, Croatia, Cyprus, the Czech
Repub…",2026-05-16
P2,Globalization and human rights,2008,Human rights,A/RES/63/176,draft,A/C.3/63/L.28,Third Committee,https://documents.un.org/api/symbol/access?l=en&s=A%2FC.3%2F63%2FL.28&t=pdf,data/raw/un_docs/drafts/A_C_3_63_L_28.pdf,existing,", Cyprus, the Czech
Republic, Denmark, Ecuador, Egypt, El Salvador, Estonia, Ethiopia, Finland,
France, Germany, Greece, Guatemala, Honduras, Hungary, Iceland, Ireland, Italy,
Jamaica, Japan, Latvia, Lithuania, Luxembourg, Madagascar, Malta, Mexico,
Monaco, Mongolia, the Netherlands, Nicaragua, Panama, Paraguay, Peru, the
Philippines, Poland, Portugal, Romania, Senegal, Slovakia, Slovenia, Spain, Sri
Lanka, Sweden, Switzerland, the former Yugoslav Republic of Macedonia, Turkey,
the United Kingdom, Uruguay and Venezuela (Bolivarian Republic of) introduced a
draft resolution entitled “Human rights and extreme poverty” (A/C.3/63/L.27).
Subsequently, Albania, Andorra, Argentina, Bangladesh, Barbados, Belarus, Benin,
Bhutan, Bosnia and Herzegovina, Burkina Faso, Burundi, Cameroon, Cape Verde,
China, Colombia, the Congo, Côte d’Ivoire, Cuba, the Dominican Republic, Ghana,
Guinea-Bissau, Guyana, Haiti, Indonesia, Iraq, Israel, Kenya, Kuwait, Lebanon,
Lesotho, Liberia, Liechtenstein, Madagascar, Malawi, Mali, Mauritania, Mauritius,
Montenegro, Morocco, Mozambique, Myanmar, Nigeria, Norway, Pakistan, Qatar,
the Republic of Korea, the Republic of Moldova, Rwanda, San Marino, Saudi
Arabia, S…",2026-05-16
P2,Globalization and human rights,2008,Human rights,A/RES/63/176,third_committee_record,A/C.3/63/SR.38,Third Committee,https://documents.un.org/api/symbol/access?l=en&s=A%2FC.3%2F63%2FSR.38&t=pdf,data/raw/un_docs/committee_records/A_C_3_63_SR_38.pdf,existing,Derived from committee report/status-page meeting references near the selected draft/theme.,2026-05-16
P2,Globalization and human rights,2008,Human rights,A/RES/63/176,third_committee_record,A/C.3/63/SR.39,Third Committee,https://documents.un.org/api/symbol/access?l=en&s=A%2FC.3%2F63%2FSR.39&t=pdf,data/raw/un_docs/committee_records/A_C_3_63_SR_39.pdf,existing,Derived from committee report/status-page meeting references near the selected draft/theme.,2026-05-16
P2,Globalization and human rights,2008,Human rights,A/RES/63/176,third_committee_record,A/C.3/63/SR.43,Third Committee,https://documents.un.org/api/symbol/access?l=en&s=A%2FC.3%2F63%2FSR.43&t=pdf,data/raw/un_docs/committee_records/A_C_3_63_SR_43.pdf,existing,Derived from committee report/status-page meeting references near the selected draft/theme.,2026-05-16
P2,Globalization and human rights,2010,Human rights,A/RES/65/216,resolution,A/RES/65/216,,https://documents.un.org/api/symbol/access?l=en&s=A%2FRES%2F65%2F216&t=pdf,data/raw/un_docs/resolutions/A_RES_65_216.pdf,existing,Official resolution text.,2026-05-16
P2,Globalization and human rights,2010,Human rights,A/RES/65/216,committee_report,A/65/456/Add.2,Third Committee,https://documents.un.org/api/symbol/access?l=en&s=A%2F65%2F456%2FAdd.2&t=pdf,data/raw/un_docs/committee_reports/A_65_456_Add_2.pdf,failed: HTTP 404,Third Committee (A/65/456/Add.2 (Part II)),2026-05-16
P2,Globalization and human rights,2010,Human rights,A/RES/65/216,third_committee_record,A/C.3/65/SR.31,Third Committee,https://documents.un.org/api/symbol/access?l=en&s=A%2FC.3%2F65%2FSR.31&t=pdf,data/raw/un_docs/committee_records/A_C_3_65_SR_31.pdf,existing,Derived from committee report/status-page meeting references near the selected draft/theme.,2026-05-16
P2,Globalization and human rights,2010,Human rights,A/RES/65/216,third_committee_record,A/C.3/65/SR.35,Third Committee,https://documents.un.org/api/symbol/access?l=en&s=A%2FC.3%2F65%2FSR.35&t=pdf,data/raw/un_docs/committee_records/A_C_3_65_SR_35.pdf,existing,Derived from committee report/status-page meeting references near the selected draft/theme.,2026-05-16
P2,Globalization and human rights,2010,Human rights,A/RES/65/216,third_committee_record,A/C.3/65/SR.41,Third Committee,https://documents.un.org/api/symbol/access?l=en&s=A%2FC.3%2F65%2FSR.41&t=pdf,data/raw/un_docs/committee_records/A_C_3_65_SR_41.pdf,existing,Derived from committee report/status-page meeting references near the selected draft/theme.,2026-05-16
P2,Globalization and human rights,2010,Human rights,A/RES/65/216,third_committee_record,A/C.3/65/SR.42,Third Committee,https://documents.un.org/api/symbol/access?l=en&s=A%2FC.3%2F65%2FSR.42&t=pdf,data/raw/un_docs/committee_records/A_C_3_65_SR_42.pdf,existing,Derived from committee report/status-page meeting references near the selected draft/theme.,2026-05-16
P2,Globalization and human rights,2010,Human rights,A/RES/65/216,third_committee_record,A/C.3/65/SR.43,Third Committee,https://documents.un.org/api/symbol/access?l=en&s=A%2FC.3%2F65%2FSR.43&t=pdf,data/raw/un_docs/committee_records/A_C_3_65_SR_43.pdf,existing,Derived from committee report/status-page meeting references near the selected draft/theme.,2026-05-16
P2,Globalization and human rights,2010,Human rights,A/RES/65/216,third_committee_record,A/C.3/65/SR.44,Third Committee,https://documents.un.org/api/symbol/access?l=en&s=A%2FC.3%2F65%2FSR.44&t=pdf,data/raw/un_docs/committee_records/A_C_3_65_SR_44.pdf,existing,Derived from committee report/status-page meeting references near the selected draft/theme.,2026-05-16
P2,Globalization and human rights,2010,Human rights,A/RES/65/216,third_committee_record,A/C.3/65/SR.45,Third Committee,https://documents.un.org/api/symbol/access?l=en&s=A%2FC.3%2F65%2FSR.45&t=pdf,data/raw/un_docs/committee_records/A_C_3_65_SR_45.pdf,existing,Derived from committee report/status-page meeting references near the selected draft/theme.,2026-05-16
P2,Globalization and human rights,2010,Human rights,A/RES/65/216,third_committee_record,A/C.3/65/SR.46,Third Committee,https://documents.un.org/api/symbol/access?l=en&s=A%2FC.3%2F65%2FSR.46&t=pdf,data/raw/un_docs/committee_records/A_C_3_65_SR_46.pdf,existing,Derived from committee report/status-page meeting references near the selected draft/theme.,2026-05-16
P2,Globalization and human rights,2010,Human rights,A/RES/65/216,third_committee_record,A/C.3/65/SR.47,Third Committee,https://documents.un.org/api/symbol/access?l=en&s=A%2FC.3%2F65%2FSR.47&t=pdf,data/raw/un_docs/committee_records/A_C_3_65_SR_47.pdf,existing,Derived from committee report/status-page meeting references near the selected draft/theme.,2026-05-16
P2,Globalization and human rights,2010,Human rights,A/RES/65/216,third_committee_record,A/C.3/65/SR.48,Third Committee,https://documents.un.org/api/symbol/access?l=en&s=A%2FC.3%2F65%2FSR.48&t=pdf,data/raw/un_docs/committee_records/A_C_3_65_SR_48.pdf,existing,Derived from committee report/status-page meeting references near the selected draft/theme.,2026-05-16
P2,Globalization and human rights,2010,Human rights,A/RES/65/216,third_committee_record,A/C.3/65/SR.49,Third Committee,https://documents.un.org/api/symbol/access?l=en&s=A%2FC.3%2F65%2FSR.49&t=pdf,data/raw/un_docs/committee_records/A_C_3_65_SR_49.pdf,existing,Derived from committee report/status-page meeting references near the selected draft/theme.,2026-05-16
P2,Globalization and human rights,2010,Human rights,A/RES/65/216,third_committee_record,A/C.3/65/SR.50,Third Committee,https://documents.un.org/api/symbol/access?l=en&s=A%2FC.3%2F65%2FSR.50&t=pdf,data/raw/un_docs/committee_records/A_C_3_65_SR_50.pdf,existing,Derived from committee report/status-page meeting references near the selected draft/theme.,2026-05-16
P2,Globalization and human rights,2010,Human rights,A/RES/65/216,third_committee_record,A/C.3/65/SR.52,Third Committee,https://documents.un.org/api/symbol/access?l=en&s=A%2FC.3%2F65%2FSR.52&t=pdf,data/raw/un_docs/committee_records/A_C_3_65_SR_52.pdf,existing,Derived from committee report/status-page meeting references near the selected draft/theme.,2026-05-16
P2,Globalization and human rights,2012,Human rights,A/RES/67/165,resolution,A/RES/67/165,,https://documents.un.org/api/symbol/access?l=en&s=A%2FRES%2F67%2F165&t=pdf,data/raw/un_docs/resolutions/A_RES_67_165.pdf,existing,Official resolution text.,2026-05-16
P2,Globalization and human rights,2012,Human rights,A/RES/67/165,committee_report,A/67/457/Add.2,Third Committee,https://documents.un.org/api/symbol/access?l=en&s=A%2F67%2F457%2FAdd.2&t=pdf,data/raw/un_docs/committee_reports/A_67_457_Add_2.pdf,existing,Third Committee (A/67/457/Add.2 and Corr.1),2026-05-16
P2,Globalization and human rights,2012,Human rights,A/RES/67/165,draft,A/C.3/67/L.32/Rev.1,Third Committee,https://documents.un.org/api/symbol/access?l=en&s=A%2FC.3%2F67%2FL.32%2FRev.1&t=pdf,data/raw/un_docs/drafts/A_C_3_67_L_32_Rev_1.pdf,existing,"e role of the Ombudsman, mediator
and other national human rights institutions in the promotion and protection of human
rights” (A/C.3/67/L.28). Subsequently, Argentina, Armenia, Australia, Azerbaijan,
Belize, Bosnia and Herzegovina, Burundi, Costa Rica, Croatia, Gabon, Honduras,
Hungary, Iceland, India, Israel, Kazakhstan, Kyrgyzstan, Lebanon, Malta,
Mauritania, Mongolia, Papua New Guinea, the Republic of Korea, South Sudan, the
Sudan, Ukraine, Uruguay and Venezuela (Bolivarian Republic of) joined in
sponsoring the draft resolution.
40. At its 41st meeting, on 20 November, the Committee adopted draft resolution
A/C.3/67/L.28 (see para. 137, draft resolution II).
C. Draft resolution A/C.3/67/L.32/Rev.1
41. At the 43rd meeting, on 26 November, the representative of Peru, on behalf of
Algeria, Andorra, Antigua and Barbuda, Argentina, Armenia, Australia, Austria,A/67/457/Add.2
12-63624 8
Belarus, Belgium, Bolivia (Plurinational State of), Bosnia and Herzegovina,
Bulgaria, Burkina Faso, Chile, Colombia, Costa Rica, Cuba, Cyprus, the Dominican
Republic, Ecuador, Egypt, El Salvador, Estonia, Ethiopia, Finland, France, Guatemala,
Haiti, Hungary, Iceland, India, Ireland, Israel, Italy, J…",2026-05-16
P2,Globalization and human rights,2012,Human rights,A/RES/67/165,draft,A/C.3/67/L.33,Third Committee,https://documents.un.org/api/symbol/access?l=en&s=A%2FC.3%2F67%2FL.33&t=pdf,data/raw/un_docs/drafts/A_C_3_67_L_33.pdf,existing,"ua and Barbuda, Argentina, Armenia, Australia, Austria,A/67/457/Add.2
12-63624 8
Belarus, Belgium, Bolivia (Plurinational State of), Bosnia and Herzegovina,
Bulgaria, Burkina Faso, Chile, Colombia, Costa Rica, Cuba, Cyprus, the Dominican
Republic, Ecuador, Egypt, El Salvador, Estonia, Ethiopia, Finland, France, Guatemala,
Haiti, Hungary, Iceland, India, Ireland, Israel, Italy, Jamaica, Kenya, Kyrgyzstan,
Liechtenstein, Lithuania, Luxembourg, Madagascar, Mali, Mauritania, Mexico,
Monaco, Mongolia, Montenegro, Morocco, Namibia, the Netherlands, New Zealand,
Nicaragua, the Niger, Nigeria, Norway, Panama, Paraguay, Peru, the Philippines,
Portugal, the Republic of Korea, the Republic of Moldova, the Russian Federation,
San Marino, Serbia, Slovakia, Slovenia, South Sudan, Sweden, Thailand, the former
Yugoslav Republic of Macedonia, Timor-Leste, Turkey, Uruguay and Venezuela
(Bolivarian Republic of), introduced a draft resolution entitled “Human rights and
extreme poverty” (A/C.3/67/L.32/Rev.1). Subsequently, Albania, Azerbaijan,
Bangladesh, Benin, Burundi, Cameroon, China, the Comoros, Côte d’Ivoire, Croatia,
the Czech Republic, Denmark, the Gambia, Georgia, Germany, Ghana, Greece,
Gre…",2026-05-16
P2,Globalization and human rights,2012,Human rights,A/RES/67/165,third_committee_record,A/C.3/67/SR.21,Third Committee,https://documents.un.org/api/symbol/access?l=en&s=A%2FC.3%2F67%2FSR.21&t=pdf,data/raw/un_docs/committee_records/A_C_3_67_SR_21.pdf,existing,Derived from committee report/status-page meeting references near the selected draft/theme.,2026-05-16
P2,Globalization and human rights,2012,Human rights,A/RES/67/165,third_committee_record,A/C.3/67/SR.35,Third Committee,https://documents.un.org/api/symbol/access?l=en&s=A%2FC.3%2F67%2FSR.35&t=pdf,data/raw/un_docs/committee_records/A_C_3_67_SR_35.pdf,existing,Derived from committee report/status-page meeting references near the selected draft/theme.,2026-05-16
P2,Globalization and human rights,2012,Human rights,A/RES/67/165,third_committee_record,A/C.3/67/SR.36,Third Committee,https://documents.un.org/api/symbol/access?l=en&s=A%2FC.3%2F67%2FSR.36&t=pdf,data/raw/un_docs/committee_records/A_C_3_67_SR_36.pdf,existing,Derived from committee report/status-page meeting references near the selected draft/theme.,2026-05-16
P2,Globalization and human rights,2012,Human rights,A/RES/67/165,third_committee_record,A/C.3/67/SR.38,Third Committee,https://documents.un.org/api/symbol/access?l=en&s=A%2FC.3%2F67%2FSR.38&t=pdf,data/raw/un_docs/committee_records/A_C_3_67_SR_38.pdf,existing,Derived from committee report/status-page meeting references near the selected draft/theme.,2026-05-16
P2,Globalization and human rights,2012,Human rights,A/RES/67/165,third_committee_record,A/C.3/67/SR.40,Third Committee,https://documents.un.org/api/symbol/access?l=en&s=A%2FC.3%2F67%2FSR.40&t=pdf,data/raw/un_docs/committee_records/A_C_3_67_SR_40.pdf,existing,Derived from committee report/status-page meeting references near the selected draft/theme.,2026-05-16
P2,Globalization and human rights,2012,Human rights,A/RES/67/165,third_committee_record,A/C.3/67/SR.41,Third Committee,https://documents.un.org/api/symbol/access?l=en&s=A%2FC.3%2F67%2FSR.41&t=pdf,data/raw/un_docs/committee_records/A_C_3_67_SR_41.pdf,existing,Derived from committee report/status-page meeting references near the selected draft/theme.,2026-05-16
P2,Globalization and human rights,2012,Human rights,A/RES/67/165,third_committee_record,A/C.3/67/SR.42,Third Committee,https://documents.un.org/api/symbol/access?l=en&s=A%2FC.3%2F67%2FSR.42&t=pdf,data/raw/un_docs/committee_records/A_C_3_67_SR_42.pdf,existing,Derived from committee report/status-page meeting references near the selected draft/theme.,2026-05-16
P2,Globalization and human rights,2012,Human rights,A/RES/67/165,third_committee_record,A/C.3/67/SR.43,Third Committee,https://documents.un.org/api/symbol/access?l=en&s=A%2FC.3%2F67%2FSR.43&t=pdf,data/raw/un_docs/committee_records/A_C_3_67_SR_43.pdf,existing,Derived from committee report/status-page meeting references near the selected draft/theme.,2026-05-16
P2,Globalization and human rights,2012,Human rights,A/RES/67/165,third_committee_record,A/C.3/67/SR.44,Third Committee,https://documents.un.org/api/symbol/access?l=en&s=A%2FC.3%2F67%2FSR.44&t=pdf,data/raw/un_docs/committee_records/A_C_3_67_SR_44.pdf,existing,Derived from committee report/status-page meeting references near the selected draft/theme.,2026-05-16
P2,Globalization and human rights,2012,Human rights,A/RES/67/165,third_committee_record,A/C.3/67/SR.45,Third Committee,https://documents.un.org/api/symbol/access?l=en&s=A%2FC.3%2F67%2FSR.45&t=pdf,data/raw/un_docs/committee_records/A_C_3_67_SR_45.pdf,existing,Derived from committee report/status-page meeting references near the selected draft/theme.,2026-05-16
P2,Globalization and human rights,2012,Human rights,A/RES/67/165,third_committee_record,A/C.3/67/SR.46,Third Committee,https://documents.un.org/api/symbol/access?l=en&s=A%2FC.3%2F67%2FSR.46&t=pdf,data/raw/un_docs/committee_records/A_C_3_67_SR_46.pdf,existing,Derived from committee report/status-page meeting references near the selected draft/theme.,2026-05-16
P2,Globalization and human rights,2012,Human rights,A/RES/67/165,third_committee_record,A/C.3/67/SR.47,Third Committee,https://documents.un.org/api/symbol/access?l=en&s=A%2FC.3%2F67%2FSR.47&t=pdf,data/raw/un_docs/committee_records/A_C_3_67_SR_47.pdf,existing,Derived from committee report/status-page meeting references near the selected draft/theme.,2026-05-16
P2,Globalization and human rights,2012,Human rights,A/RES/67/165,third_committee_record,A/C.3/67/SR.48,Third Committee,https://documents.un.org/api/symbol/access?l=en&s=A%2FC.3%2F67%2FSR.48&t=pdf,data/raw/un_docs/committee_records/A_C_3_67_SR_48.pdf,existing,Derived from committee report/status-page meeting references near the selected draft/theme.,2026-05-16
P2,Globalization and human rights,2012,Human rights,A/RES/67/165,committee_report,A/67/457/Add.2/Corr.1,Third Committee,https://documents.un.org/api/symbol/access?l=en&s=A%2F67%2F457%2FAdd.2%2FCorr.1&t=pdf,data/raw/un_docs/committee_reports/A_67_457_Add_2_Corr_1.pdf,existing,Third Committee (A/67/457/Add.2 and Corr.1),2026-05-16
P2,Globalization and human rights,2012,Human rights,A/RES/67/165,draft,A/C.3/67/L.34/Rev.1,Third Committee,https://documents.un.org/api/symbol/access?l=en&s=A%2FC.3%2F67%2FL.34%2FRev.1&t=pdf,data/raw/un_docs/drafts/A_C_3_67_L_34_Rev_1.pdf,existing,"United Nations A/67/457/Add.2/Corr.1
GeneralAssembly Distr.: General
20 December 2012
Original: English
12-66212 (E) 241212
*1266212*
Sixty-seventh session
Agenda item 69 (b)
Promotion and protection of human rights: human
rights questions, including alternative approaches for
improving the effective enjoyment of human rights and
fundamental freedoms
Report of the Third Committee*
Rapporteur: Mr. Suljuk Mustansar Tarar (Pakistan)
Corrigendum
Paragraph 48
For the existing text, substitute
48. At its 41st meeting, on 20 November, the Committee had before it a revised
draft resolution, entitled “Human rights in the administration of justice”
(A/C.3/67/L.34/Rev.1), submitted by the sponsors of draft resolution A/C.3/67/L.342
and Belarus, the Dominican Republic, Ecuador, Honduras, India, Mali, Mongolia,
Morocco, the Philippines, the Republic of Korea and Ukraine.
* The report of the Committee on this item is being issued in five parts, under the symbol A/67/457
and Add.1-4.",2026-05-16
P2,Globalization and human rights,2012,Human rights,A/RES/67/165,draft,A/C.3/67/L.342,Third Committee,https://documents.un.org/api/symbol/access?l=en&s=A%2FC.3%2F67%2FL.342&t=pdf,data/raw/un_docs/drafts/A_C_3_67_L_342.pdf,failed: HTTP 404,"United Nations A/67/457/Add.2/Corr.1
GeneralAssembly Distr.: General
20 December 2012
Original: English
12-66212 (E) 241212
*1266212*
Sixty-seventh session
Agenda item 69 (b)
Promotion and protection of human rights: human
rights questions, including alternative approaches for
improving the effective enjoyment of human rights and
fundamental freedoms
Report of the Third Committee*
Rapporteur: Mr. Suljuk Mustansar Tarar (Pakistan)
Corrigendum
Paragraph 48
For the existing text, substitute
48. At its 41st meeting, on 20 November, the Committee had before it a revised
draft resolution, entitled “Human rights in the administration of justice”
(A/C.3/67/L.34/Rev.1), submitted by the sponsors of draft resolution A/C.3/67/L.342
and Belarus, the Dominican Republic, Ecuador, Honduras, India, Mali, Mongolia,
Morocco, the Philippines, the Republic of Korea and Ukraine.
* The report of the Committee on this item is being issued in five parts, under the symbol A/67/457
and Add.1-4.",2026-05-16
P2,Globalization and human rights,2012,Human rights,A/RES/67/165,third_committee_record,A/C.3/67/SR.21,Third Committee,https://documents.un.org/api/symbol/access?l=en&s=A%2FC.3%2F67%2FSR.21&t=pdf,data/raw/un_docs/committee_records/A_C_3_67_SR_21.pdf,existing,Derived from committee report/status-page meeting references near the selected draft/theme.,2026-05-16
P2,Globalization and human rights,2012,Human rights,A/RES/67/165,third_committee_record,A/C.3/67/SR.35,Third Committee,https://documents.un.org/api/symbol/access?l=en&s=A%2FC.3%2F67%2FSR.35&t=pdf,data/raw/un_docs/committee_records/A_C_3_67_SR_35.pdf,existing,Derived from committee report/status-page meeting references near the selected draft/theme.,2026-05-16
P2,Globalization and human rights,2012,Human rights,A/RES/67/165,third_committee_record,A/C.3/67/SR.36,Third Committee,https://documents.un.org/api/symbol/access?l=en&s=A%2FC.3%2F67%2FSR.36&t=pdf,data/raw/un_docs/committee_records/A_C_3_67_SR_36.pdf,existing,Derived from committee report/status-page meeting references near the selected draft/theme.,2026-05-16
P2,Globalization and human rights,2012,Human rights,A/RES/67/165,third_committee_record,A/C.3/67/SR.38,Third Committee,https://documents.un.org/api/symbol/access?l=en&s=A%2FC.3%2F67%2FSR.38&t=pdf,data/raw/un_docs/committee_records/A_C_3_67_SR_38.pdf,existing,Derived from committee report/status-page meeting references near the selected draft/theme.,2026-05-16
P2,Globalization and human rights,2012,Human rights,A/RES/67/165,third_committee_record,A/C.3/67/SR.40,Third Committee,https://documents.un.org/api/symbol/access?l=en&s=A%2FC.3%2F67%2FSR.40&t=pdf,data/raw/un_docs/committee_records/A_C_3_67_SR_40.pdf,existing,Derived from committee report/status-page meeting references near the selected draft/theme.,2026-05-16
P2,Globalization and human rights,2012,Human rights,A/RES/67/165,third_committee_record,A/C.3/67/SR.41,Third Committee,https://documents.un.org/api/symbol/access?l=en&s=A%2FC.3%2F67%2FSR.41&t=pdf,data/raw/un_docs/committee_records/A_C_3_67_SR_41.pdf,existing,Derived from committee report/status-page meeting references near the selected draft/theme.,2026-05-16
P2,Globalization and human rights,2012,Human rights,A/RES/67/165,third_committee_record,A/C.3/67/SR.42,Third Committee,https://documents.un.org/api/symbol/access?l=en&s=A%2FC.3%2F67%2FSR.42&t=pdf,data/raw/un_docs/committee_records/A_C_3_67_SR_42.pdf,existing,Derived from committee report/status-page meeting references near the selected draft/theme.,2026-05-16
P2,Globalization and human rights,2012,Human rights,A/RES/67/165,third_committee_record,A/C.3/67/SR.43,Third Committee,https://documents.un.org/api/symbol/access?l=en&s=A%2FC.3%2F67%2FSR.43&t=pdf,data/raw/un_docs/committee_records/A_C_3_67_SR_43.pdf,existing,Derived from committee report/status-page meeting references near the selected draft/theme.,2026-05-16
P2,Globalization and human rights,2012,Human rights,A/RES/67/165,third_committee_record,A/C.3/67/SR.44,Third Committee,https://documents.un.org/api/symbol/access?l=en&s=A%2FC.3%2F67%2FSR.44&t=pdf,data/raw/un_docs/committee_records/A_C_3_67_SR_44.pdf,existing,Derived from committee report/status-page meeting references near the selected draft/theme.,2026-05-16
P2,Globalization and human rights,2012,Human rights,A/RES/67/165,third_committee_record,A/C.3/67/SR.45,Third Committee,https://documents.un.org/api/symbol/access?l=en&s=A%2FC.3%2F67%2FSR.45&t=pdf,data/raw/un_docs/committee_records/A_C_3_67_SR_45.pdf,existing,Derived from committee report/status-page meeting references near the selected draft/theme.,2026-05-16
P2,Globalization and human rights,2012,Human rights,A/RES/67/165,third_committee_record,A/C.3/67/SR.46,Third Committee,https://documents.un.org/api/symbol/access?l=en&s=A%2FC.3%2F67%2FSR.46&t=pdf,data/raw/un_docs/committee_records/A_C_3_67_SR_46.pdf,existing,Derived from committee report/status-page meeting references near the selected draft/theme.,2026-05-16
P2,Globalization and human rights,2012,Human rights,A/RES/67/165,third_committee_record,A/C.3/67/SR.47,Third Committee,https://documents.un.org/api/symbol/access?l=en&s=A%2FC.3%2F67%2FSR.47&t=pdf,data/raw/un_docs/committee_records/A_C_3_67_SR_47.pdf,existing,Derived from committee report/status-page meeting references near the selected draft/theme.,2026-05-16
P2,Globalization and human rights,2012,Human rights,A/RES/67/165,third_committee_record,A/C.3/67/SR.48,Third Committee,https://documents.un.org/api/symbol/access?l=en&s=A%2FC.3%2F67%2FSR.48&t=pdf,data/raw/un_docs/committee_records/A_C_3_67_SR_48.pdf,existing,Derived from committee report/status-page meeting references near the selected draft/theme.,2026-05-16
P3,UN Human Rights Council reports,2008,Human rights,A/RES/63/160,resolution,A/RES/63/160,,https://documents.un.org/api/symbol/access?l=en&s=A%2FRES%2F63%2F160&t=pdf,data/raw/un_docs/resolutions/A_RES_63_160.pdf,existing,Official resolution text.,2026-05-16
P3,UN Human Rights Council reports,2008,Human rights,A/RES/63/160,committee_report,A/63/435/Add.1,Third Committee,https://documents.un.org/api/symbol/access?l=en&s=A%2F63%2F435%2FAdd.1&t=pdf,data/raw/un_docs/committee_reports/A_63_435_Add_1.pdf,existing,Third Committee (A/63/435/Add.1),2026-05-16
P3,UN Human Rights Council reports,2008,Human rights,A/RES/63/160,draft,A/C.3/63/L.57,Third Committee,https://documents.un.org/api/symbol/access?l=en&s=A%2FC.3%2F63%2FL.57&t=pdf,data/raw/un_docs/drafts/A_C_3_63_L_57.pdf,existing,"United Nations A/63/435/Add.1
GeneralAssembly Distr.: General
2 December 2008
English
Original: Arabic
08-63114 (E) 041208
*0863114*
Sixty-third session
Agenda item 58
Report of the Human Rights Council
Report of the Third Committee
Rapporteur: Mr. Khalid Alwafi (Saudi Arabia)
I. Introduction
1. An account of the general discussion and the previous recommendation made
by the Third Committee to the General Assembly under this item appear in the
report of the Committee contained in document A/63/435.
2. For the documents before the Committee under this item, see A/63/435.
II. Consideration of draft resolutionA/C.3/63/L.57 and Rev.1
3. At the 39th meeting, on 11 November, the representative of Cuba, on behalf of
the States Members of the United Nations that are members of the Movement of
Non-Aligned Countries and Mauritius (on behalf of the States Members of the
United Nations that are members of the Group of African States), introduced a draft
resolution entitled “Report of the Human Rights Council” (A/C.3/63/L.57).
Subsequently, Costa Rica joined in sponsoring the draft resolution.
4. At its 48th meeting, on 25 November, the Committee had before it a revised
draft resolution (A/C.3…",2026-05-16
P3,UN Human Rights Council reports,2008,Human rights,A/RES/63/160,draft,A/C.3/63/L.57/Rev.1,Third Committee,https://documents.un.org/api/symbol/access?l=en&s=A%2FC.3%2F63%2FL.57%2FRev.1&t=pdf,data/raw/un_docs/drafts/A_C_3_63_L_57_Rev_1.pdf,existing,"United Nations A/63/435/Add.1
GeneralAssembly Distr.: General
2 December 2008
English
Original: Arabic
08-63114 (E) 041208
*0863114*
Sixty-third session
Agenda item 58
Report of the Human Rights Council
Report of the Third Committee
Rapporteur: Mr. Khalid Alwafi (Saudi Arabia)
I. Introduction
1. An account of the general discussion and the previous recommendation made
by the Third Committee to the General Assembly under this item appear in the
report of the Committee contained in document A/63/435.
2. For the documents before the Committee under this item, see A/63/435.
II. Consideration of draft resolutionA/C.3/63/L.57 and Rev.1
3. At the 39th meeting, on 11 November, the representative of Cuba, on behalf of
the States Members of the United Nations that are members of the Movement of
Non-Aligned Countries and Mauritius (on behalf of the States Members of the
United Nations that are members of the Group of African States), introduced a draft
resolution entitled “Report of the Human Rights Council” (A/C.3/63/L.57).
Subsequently, Costa Rica joined in sponsoring the draft resolution.
4. At its 48th meeting, on 25 November, the Committee had before it a revised
draft resolution (A/C.3…",2026-05-16
P3,UN Human Rights Council reports,2008,Human rights,A/RES/63/160,draft,A/C.3/63/L.77,Third Committee,https://documents.un.org/api/symbol/access?l=en&s=A%2FC.3%2F63%2FL.77&t=pdf,data/raw/un_docs/drafts/A_C_3_63_L_77.pdf,existing,"United Nations A/63/435/Add.1
GeneralAssembly Distr.: General
2 December 2008
English
Original: Arabic
08-63114 (E) 041208
*0863114*
Sixty-third session
Agenda item 58
Report of the Human Rights Council
Report of the Third Committee
Rapporteur: Mr. Khalid Alwafi (Saudi Arabia)
I. Introduction
1. An account of the general discussion and the previous recommendation made
by the Third Committee to the General Assembly under this item appear in the
report of the Committee contained in document A/63/435.
2. For the documents before the Committee under this item, see A/63/435.
II. Consideration of draft resolutionA/C.3/63/L.57 and Rev.1
3. At the 39th meeting, on 11 November, the representative of Cuba, on behalf of
the States Members of the United Nations that are members of the Movement of
Non-Aligned Countries and Mauritius (on behalf of the States Members of the
United Nations that are members of the Group of African States), introduced a draft
resolution entitled “Report of the Human Rights Council” (A/C.3/63/L.57).
Subsequently, Costa Rica joined in sponsoring the draft resolution.
4. At its 48th meeting, on 25 November, the Committee had before it a revised
draft resolution (A/C.3…",2026-05-16
P3,UN Human Rights Council reports,2008,Human rights,A/RES/63/160,third_committee_record,A/C.3/63/SR.39,Third Committee,https://documents.un.org/api/symbol/access?l=en&s=A%2FC.3%2F63%2FSR.39&t=pdf,data/raw/un_docs/committee_records/A_C_3_63_SR_39.pdf,existing,Derived from committee report/status-page meeting references near the selected draft/theme.,2026-05-16
P3,UN Human Rights Council reports,2008,Human rights,A/RES/63/160,third_committee_record,A/C.3/63/SR.48,Third Committee,https://documents.un.org/api/symbol/access?l=en&s=A%2FC.3%2F63%2FSR.48&t=pdf,data/raw/un_docs/committee_records/A_C_3_63_SR_48.pdf,existing,Derived from committee report/status-page meeting references near the selected draft/theme.,2026-05-16
P3,UN Human Rights Council reports,2010,Human rights,A/RES/65/195,resolution,A/RES/65/195,,https://documents.un.org/api/symbol/access?l=en&s=A%2FRES%2F65%2F195&t=pdf,data/raw/un_docs/resolutions/A_RES_65_195.pdf,existing,Official resolution text.,2026-05-16
P3,UN Human Rights Council reports,2010,Human rights,A/RES/65/195,committee_report,A/65/451,Third Committee,https://documents.un.org/api/symbol/access?l=en&s=A%2F65%2F451&t=pdf,data/raw/un_docs/committee_reports/A_65_451.pdf,existing,Third Committee (A/65/451),2026-05-16
P3,UN Human Rights Council reports,2010,Human rights,A/RES/65/195,draft,A/C.3/65/L.57,Third Committee,https://documents.un.org/api/symbol/access?l=en&s=A%2FC.3%2F65%2FL.57&t=pdf,data/raw/un_docs/drafts/A_C_3_65_L_57.pdf,existing,"man Rights Council
Report of the Third Committee
Rapporteur: Mr. Asif Garayev (Azerbaijan)
I. Introduction
1. At its 2nd plenary meeting, on 17 September 2010, the General Assembly, on
the recommendation of the General Committee, decided to include in the agenda of
its sixty-fifth session the item entitled “Report of the Human Rights Council” and to
allocate it to both the plenary and the Third Committee, on the understanding that
the Third Committee would consider and act on all recommendations of the Human
Rights Council to the Assembly, including those that deal with the development of
international law in the field of human rights.
2. The Third Committee considered the item at its 39th, 43rd, 44th and 48th
meetings, on 2, 9, 11 and 18 November 2010. An account of the Committee’s
discussion is contained in the relevant summary records (A/C.3/65/SR.39, 43, 44
and 48).
3. For its consideration of the item, the Committee had before it the following
documents:
(a) Report of the Human Rights Council on its twelfth, thirteenth and
fourteenth sessions, its thirteenth special session and its fifteenth session;1
(b) Report of the Secretary-General on revised estimates resulting from
res…",2026-05-16
P3,UN Human Rights Council reports,2010,Human rights,A/RES/65/195,draft,A/C.3/65/L.59,Third Committee,https://documents.un.org/api/symbol/access?l=en&s=A%2FC.3%2F65%2FL.59&t=pdf,data/raw/un_docs/drafts/A_C_3_65_L_59.pdf,existing,"Paraguay, Peru, Philippines, Qatar, Russian
Federation, Rwanda, Saint Kitts and Nevis, Saint Lucia, Saint Vincent and the
Grenadines, Sao Tome and Principe, Saudi Arabia, Senegal, Seychelles, Sierra
Leone, Singapore, Solomon Islands, Somalia, South Africa, Sri Lanka, Sudan,
Suriname, Swaziland, Syrian Arab Republic, Tajikistan, Thailand, Timor-Leste,
Trinidad and Tobago, Tunisia, Turkey, Tuvalu, Uganda, United Arab Emirates,
United Republic of Tanzania, Uzbekistan, Venezuela (Bolivarian Republic of),
Viet Nam, Yemen, Zambia, Zimbabwe.
Against:
Israel, Marshall Islands.
Abstaining:
Albania, Andorra, Argentina, Australia, Austria, Belgium, Brazil, Bulgaria,
Canada, Côte d’Ivoire, Croatia, Cyprus, Czech Republic, Denmark, Estonia,
__________________
2 The delegation of Belize subsequently indicated that it had intended to vote in favour.A/65/451
3 10-66422
Finland, France, Georgia, Germany, Greece, Hungary, Iceland, Ireland, Italy,
Japan, Latvia, Liechtenstein, Lithuania , Luxembourg, Malta, Mexico, Monaco,
Montenegro, Netherlands, New Zealand, Norway, Panama, Poland, Portugal,
Republic of Korea, Republic of Moldova, Romania, San Marino, Serbia,
Slovakia, Slovenia, Spain, Sweden, Sw…",2026-05-16
P3,UN Human Rights Council reports,2010,Human rights,A/RES/65/195,third_committee_record,A/C.3/65/SR.39,Third Committee,https://documents.un.org/api/symbol/access?l=en&s=A%2FC.3%2F65%2FSR.39&t=pdf,data/raw/un_docs/committee_records/A_C_3_65_SR_39.pdf,existing,Derived from committee report/status-page meeting references near the selected draft/theme.,2026-05-16
P3,UN Human Rights Council reports,2010,Human rights,A/RES/65/195,third_committee_record,A/C.3/65/SR.41,Third Committee,https://documents.un.org/api/symbol/access?l=en&s=A%2FC.3%2F65%2FSR.41&t=pdf,data/raw/un_docs/committee_records/A_C_3_65_SR_41.pdf,existing,Derived from committee report/status-page meeting references near the selected draft/theme.,2026-05-16
P3,UN Human Rights Council reports,2010,Human rights,A/RES/65/195,third_committee_record,A/C.3/65/SR.42,Third Committee,https://documents.un.org/api/symbol/access?l=en&s=A%2FC.3%2F65%2FSR.42&t=pdf,data/raw/un_docs/committee_records/A_C_3_65_SR_42.pdf,existing,Derived from committee report/status-page meeting references near the selected draft/theme.,2026-05-16
P3,UN Human Rights Council reports,2010,Human rights,A/RES/65/195,third_committee_record,A/C.3/65/SR.43,Third Committee,https://documents.un.org/api/symbol/access?l=en&s=A%2FC.3%2F65%2FSR.43&t=pdf,data/raw/un_docs/committee_records/A_C_3_65_SR_43.pdf,existing,Derived from committee report/status-page meeting references near the selected draft/theme.,2026-05-16
P3,UN Human Rights Council reports,2010,Human rights,A/RES/65/195,third_committee_record,A/C.3/65/SR.44,Third Committee,https://documents.un.org/api/symbol/access?l=en&s=A%2FC.3%2F65%2FSR.44&t=pdf,data/raw/un_docs/committee_records/A_C_3_65_SR_44.pdf,existing,Derived from committee report/status-page meeting references near the selected draft/theme.,2026-05-16
P3,UN Human Rights Council reports,2010,Human rights,A/RES/65/195,third_committee_record,A/C.3/65/SR.45,Third Committee,https://documents.un.org/api/symbol/access?l=en&s=A%2FC.3%2F65%2FSR.45&t=pdf,data/raw/un_docs/committee_records/A_C_3_65_SR_45.pdf,existing,Derived from committee report/status-page meeting references near the selected draft/theme.,2026-05-16
P3,UN Human Rights Council reports,2010,Human rights,A/RES/65/195,third_committee_record,A/C.3/65/SR.46,Third Committee,https://documents.un.org/api/symbol/access?l=en&s=A%2FC.3%2F65%2FSR.46&t=pdf,data/raw/un_docs/committee_records/A_C_3_65_SR_46.pdf,existing,Derived from committee report/status-page meeting references near the selected draft/theme.,2026-05-16
P3,UN Human Rights Council reports,2010,Human rights,A/RES/65/195,third_committee_record,A/C.3/65/SR.47,Third Committee,https://documents.un.org/api/symbol/access?l=en&s=A%2FC.3%2F65%2FSR.47&t=pdf,data/raw/un_docs/committee_records/A_C_3_65_SR_47.pdf,existing,Derived from committee report/status-page meeting references near the selected draft/theme.,2026-05-16
P3,UN Human Rights Council reports,2010,Human rights,A/RES/65/195,third_committee_record,A/C.3/65/SR.48,Third Committee,https://documents.un.org/api/symbol/access?l=en&s=A%2FC.3%2F65%2FSR.48&t=pdf,data/raw/un_docs/committee_records/A_C_3_65_SR_48.pdf,existing,Derived from committee report/status-page meeting references near the selected draft/theme.,2026-05-16
P3,UN Human Rights Council reports,2010,Human rights,A/RES/65/195,third_committee_record,A/C.3/65/SR.49,Third Committee,https://documents.un.org/api/symbol/access?l=en&s=A%2FC.3%2F65%2FSR.49&t=pdf,data/raw/un_docs/committee_records/A_C_3_65_SR_49.pdf,existing,Derived from committee report/status-page meeting references near the selected draft/theme.,2026-05-16
P3,UN Human Rights Council reports,2010,Human rights,A/RES/65/195,third_committee_record,A/C.3/65/SR.50,Third Committee,https://documents.un.org/api/symbol/access?l=en&s=A%2FC.3%2F65%2FSR.50&t=pdf,data/raw/un_docs/committee_records/A_C_3_65_SR_50.pdf,existing,Derived from committee report/status-page meeting references near the selected draft/theme.,2026-05-16
P3,UN Human Rights Council reports,2010,Human rights,A/RES/65/195,third_committee_record,A/C.3/65/SR.51,Third Committee,https://documents.un.org/api/symbol/access?l=en&s=A%2FC.3%2F65%2FSR.51&t=pdf,data/raw/un_docs/committee_records/A_C_3_65_SR_51.pdf,existing,Derived from committee report/status-page meeting references near the selected draft/theme.,2026-05-16
P3,UN Human Rights Council reports,2010,Human rights,A/RES/65/195,third_committee_record,A/C.3/65/SR.52,Third Committee,https://documents.un.org/api/symbol/access?l=en&s=A%2FC.3%2F65%2FSR.52&t=pdf,data/raw/un_docs/committee_records/A_C_3_65_SR_52.pdf,existing,Derived from committee report/status-page meeting references near the selected draft/theme.,2026-05-16
P3,UN Human Rights Council reports,2011,Human rights,A/RES/66/136,resolution,A/RES/66/136,,https://documents.un.org/api/symbol/access?l=en&s=A%2FRES%2F66%2F136&t=pdf,data/raw/un_docs/resolutions/A_RES_66_136.pdf,existing,Official resolution text.,2026-05-16
P3,UN Human Rights Council reports,2011,Human rights,A/RES/66/136,committee_report,A/66/457,Third Committee,https://documents.un.org/api/symbol/access?l=en&s=A%2F66%2F457&t=pdf,data/raw/un_docs/committee_reports/A_66_457.pdf,existing,Third Committee (A/66/457),2026-05-16
P3,UN Human Rights Council reports,2011,Human rights,A/RES/66/136,draft,A/C.3/66/L.64/Rev.1,Third Committee,https://documents.un.org/api/symbol/access?l=en&s=A%2FC.3%2F66%2FL.64%2FRev.1&t=pdf,data/raw/un_docs/drafts/A_C_3_66_L_64_Rev_1.pdf,existing,"f the Third Committee
Rapporteur: Ms. Kadra Ahmed Hassan (Djibouti)
I. Introduction
1. At its 2nd plenary meeting, on 16 September 2011, the General Assembly, on
the recommendation of the General Committee, decided to include in the agenda of
its sixty-sixth session the item entitled “Report of the Human Rights Council” and
to allocate it to both the plenary and the Third Committee, on the understanding that
the Third Committee would consider and act on all recommendations of the Human
Rights Council to the Assembly, including those that deal with the development of
international law in the field of human rights.
2. The Third Committee considered the item at its 39th, 43rd, 44th and 45th
meetings, on 2, 10, 15 and 17 November 2011. An account of the Committee’s
discussion is contained in the relevant summary records (A/C.3/66/SR.39, 43, 44
and 45).
3. For its consideration of the item, the Committee had before it the following
documents:
(a) Report of the Human Rights Council on its sixteenth and seventeenth
sessions and its fourteenth, fifteenth, sixteenth and seventeenth special sessions
(A/66/53);
(b) Report of the Secretary-General on the observance of the International
Day fo…",2026-05-16
P3,UN Human Rights Council reports,2011,Human rights,A/RES/66/136,draft,A/C.3/66/L.65,Third Committee,https://documents.un.org/api/symbol/access?l=en&s=A%2FC.3%2F66%2FL.65&t=pdf,data/raw/un_docs/drafts/A_C_3_66_L_65.pdf,existing,"lgaria, Canada, Colombia, Costa Rica, Croatia, Cyprus, Czech Republic,
Denmark, Estonia, Finland, France, Georgia, Germany, Ghana, Greece, Haiti,
Honduras, Hungary, Iceland, Iran (Islamic Republic of), Ireland, Israel, Italy,
Japan, Kazakhstan, Latvia, Liechtenstein, Lithuania, Luxembourg, Malta,
Monaco, Montenegro, Netherlands, New Zealand, Norway, Panama, Poland,
Portugal, Republic of Korea, Republic of Moldova, Romania, Samoa, San
Marino, Serbia, Slovakia, Slovenia, Spain, Sweden, Switzerland, Tajikistan,
the former Yugoslav Republic of Macedonia, Ukraine, United Kingdom of
Great Britain and Northern Ireland, United States of America.
9. After the vote, statements were made by the representatives of the United
States of America, Iran (Islamic Republic of), Canada, Venezuela (Bolivarian
Republic of), Chile, Israel, Pakistan, Cuba, Nicaragua, China, Switzerland (also on
behalf of Norway), Costa Rica, Liechtenstein, the Democratic Republic of Korea,
Colombia and Turkey (see A/C.3/66/SR.44).
B. Draft resolution A/C.3/66/L.65
10. At the 44th meeting, on 15 November, the representative of Morocco, on
behalf of Albania, Argentina, Australia, Austria, Bolivia (Plurinational State of),…",2026-05-16
P3,UN Human Rights Council reports,2011,Human rights,A/RES/66/136,draft,A/C.3/66/L.66,Third Committee,https://documents.un.org/api/symbol/access?l=en&s=A%2FC.3%2F66%2FL.66&t=pdf,data/raw/un_docs/drafts/A_C_3_66_L_66.pdf,existing,"atives of the United
States of America, Iran (Islamic Republic of), Canada, Venezuela (Bolivarian
Republic of), Chile, Israel, Pakistan, Cuba, Nicaragua, China, Switzerland (also on
behalf of Norway), Costa Rica, Liechtenstein, the Democratic Republic of Korea,
Colombia and Turkey (see A/C.3/66/SR.44).
B. Draft resolution A/C.3/66/L.65
10. At the 44th meeting, on 15 November, the representative of Morocco, on
behalf of Albania, Argentina, Australia, Austria, Bolivia (Plurinational State of),
Brazil, Bulgaria, Chile, Colombia, Costa Rica, Croatia, Cyprus, the Dominican
Republic, Ecuador, Germany, Greece, Guatemala, Honduras, Hungary, Indonesia,
Israel, Italy, Japan, Jordan, Lithuania, Luxembourg, Malaysia, Mexico, Monaco,
Montenegro, Morocco, Norway, Panama, Paraguay, Peru, the Philippines, Poland,
Portugal, the Republic of Korea, the Republic of Moldova, Romania, Senegal,
Serbia, Slovakia, Slovenia, Spain, Switzerland, Ukraine, Uruguay and Venezuela
(Bolivarian Republic of), introduced a draft resolution entitled “United Nations
Declaration on Human Rights Education and Training” (A/C.3/66/L.65).
Subsequently, Bosnia and Herzegovina, Burkina Faso, Burundi, the Congo, Côte
d’Ivoire…",2026-05-16
P3,UN Human Rights Council reports,2011,Human rights,A/RES/66/136,third_committee_record,A/C.3/66/SR.39,Third Committee,https://documents.un.org/api/symbol/access?l=en&s=A%2FC.3%2F66%2FSR.39&t=pdf,data/raw/un_docs/committee_records/A_C_3_66_SR_39.pdf,existing,Derived from committee report/status-page meeting references near the selected draft/theme.,2026-05-16
P3,UN Human Rights Council reports,2011,Human rights,A/RES/66/136,third_committee_record,A/C.3/66/SR.41,Third Committee,https://documents.un.org/api/symbol/access?l=en&s=A%2FC.3%2F66%2FSR.41&t=pdf,data/raw/un_docs/committee_records/A_C_3_66_SR_41.pdf,existing,Derived from committee report/status-page meeting references near the selected draft/theme.,2026-05-16
P3,UN Human Rights Council reports,2011,Human rights,A/RES/66/136,third_committee_record,A/C.3/66/SR.42,Third Committee,https://documents.un.org/api/symbol/access?l=en&s=A%2FC.3%2F66%2FSR.42&t=pdf,data/raw/un_docs/committee_records/A_C_3_66_SR_42.pdf,existing,Derived from committee report/status-page meeting references near the selected draft/theme.,2026-05-16
P3,UN Human Rights Council reports,2011,Human rights,A/RES/66/136,third_committee_record,A/C.3/66/SR.43,Third Committee,https://documents.un.org/api/symbol/access?l=en&s=A%2FC.3%2F66%2FSR.43&t=pdf,data/raw/un_docs/committee_records/A_C_3_66_SR_43.pdf,existing,Derived from committee report/status-page meeting references near the selected draft/theme.,2026-05-16
P3,UN Human Rights Council reports,2011,Human rights,A/RES/66/136,third_committee_record,A/C.3/66/SR.44,Third Committee,https://documents.un.org/api/symbol/access?l=en&s=A%2FC.3%2F66%2FSR.44&t=pdf,data/raw/un_docs/committee_records/A_C_3_66_SR_44.pdf,existing,Derived from committee report/status-page meeting references near the selected draft/theme.,2026-05-16
P3,UN Human Rights Council reports,2011,Human rights,A/RES/66/136,third_committee_record,A/C.3/66/SR.45,Third Committee,https://documents.un.org/api/symbol/access?l=en&s=A%2FC.3%2F66%2FSR.45&t=pdf,data/raw/un_docs/committee_records/A_C_3_66_SR_45.pdf,existing,Derived from committee report/status-page meeting references near the selected draft/theme.,2026-05-16
P3,UN Human Rights Council reports,2011,Human rights,A/RES/66/136,third_committee_record,A/C.3/66/SR.47,Third Committee,https://documents.un.org/api/symbol/access?l=en&s=A%2FC.3%2F66%2FSR.47&t=pdf,data/raw/un_docs/committee_records/A_C_3_66_SR_47.pdf,existing,Derived from committee report/status-page meeting references near the selected draft/theme.,2026-05-16
P3,UN Human Rights Council reports,2011,Human rights,A/RES/66/136,third_committee_record,A/C.3/66/SR.48,Third Committee,https://documents.un.org/api/symbol/access?l=en&s=A%2FC.3%2F66%2FSR.48&t=pdf,data/raw/un_docs/committee_records/A_C_3_66_SR_48.pdf,existing,Derived from committee report/status-page meeting references near the selected draft/theme.,2026-05-16
P3,UN Human Rights Council reports,2011,Human rights,A/RES/66/136,third_committee_record,A/C.3/66/SR.49,Third Committee,https://documents.un.org/api/symbol/access?l=en&s=A%2FC.3%2F66%2FSR.49&t=pdf,data/raw/un_docs/committee_records/A_C_3_66_SR_49.pdf,existing,Derived from committee report/status-page meeting references near the selected draft/theme.,2026-05-16
P3,UN Human Rights Council reports,2011,Human rights,A/RES/66/136,third_committee_record,A/C.3/66/SR.50,Third Committee,https://documents.un.org/api/symbol/access?l=en&s=A%2FC.3%2F66%2FSR.50&t=pdf,data/raw/un_docs/committee_records/A_C_3_66_SR_50.pdf,existing,Derived from committee report/status-page meeting references near the selected draft/theme.,2026-05-16
,,2012,Human rights,,mission_statement_candidate,,,https://un.china-mission.gov.cn/eng/chinaandun/socialhr/rqwt/201211/t20121109_8418010.htm,data/raw/un_docs/mission_statements/china_statement_0e57b653bcf1.html,existing,Statement by Ambassador Wang Min at the Third Committee of the 67th Session of the General Assembly on Human Rights（2012-11-08）,2026-05-16
,,2012,Human rights,,mission_statement_candidate,,,https://un.china-mission.gov.cn/eng/chinaandun/socialhr/rqwt/201211/t20121106_8418009.htm,data/raw/un_docs/mission_statements/china_statement_5a33d3b01819.html,existing,"Statement by Ms. SHEN Siwei of the Chinese Delegation at the Third Committee of the 67th Session of the General Assembly on Agenda Item 67(a, b)& 68: the Elimination of Racism and Right of Peoples to Self-determination（2012-11-05）",2026-05-16
,,2012,Human rights,,mission_statement_candidate,,,https://un.china-mission.gov.cn/eng/chinaandun/socialhr/rqwt/201210/t20121024_8418008.htm,data/raw/un_docs/mission_statements/china_statement_768ae05cdbb9.html,existing,Statement by Ms. LI Xiaomei of the Chinese Delegation at the Third Committee of the UN General Assembly on Agenda Item 70(a): the Implementation of Human Rights Instruments（2012-10-23）,2026-05-16
,,2011,Human rights,,mission_statement_candidate,,,https://un.china-mission.gov.cn/eng/chinaandun/socialhr/rqwt/201110/t20111027_8418007.htm,data/raw/un_docs/mission_statements/china_statement_eb7aa8202c51.html,existing,Statement by Ambassador Wang Min at the Third Committee of the Sixty-sixth Session of the United Nations General Assembly on Human Rights (Agenda Item 69 6＆c)（2011-10-26）,2026-05-16
,,2011,Human rights,,mission_statement_candidate,,,https://un.china-mission.gov.cn/eng/chinaandun/socialhr/rqwt/201110/t20111019_8418006.htm,data/raw/un_docs/mission_statements/china_statement_412adbe36324.html,existing,Statement by Ms. LI Xiaomei of the Chinese Delegation at the Third Committee of the Sixty-sixth Session of the UN General Assembly on Implementation of Human Rights Instruments(Agenda Item 69 (a)):（2011-10-18）,2026-05-16
,,2011,Human rights,,mission_statement_candidate,,,https://un.china-mission.gov.cn/eng/chinaandun/socialhr/rqwt/201106/t20110618_8418005.htm,data/raw/un_docs/mission_statements/china_statement_81749825e296.html,existing,"Statement by LI Xiaomei, Representative of the Chinese Delegation, after Adoption of Resolution on Review of the Status of the Human Rights Council by the 65th Session of the General Assembly（2011-06-18）",2026-05-16
,,2010,Human rights,,mission_statement_candidate,,,https://un.china-mission.gov.cn/eng/chinaandun/socialhr/rqwt/201011/t20101102_8418004.htm,data/raw/un_docs/mission_statements/china_statement_88d8e4fb3049.html,existing,"Statement by Ms. LIU Lingxiao of the Chinese Delegation at the Third Committee of the 65th Session of the General Assembly on Racism and Self-Determination(Items 66, 67)（2010-11-01）",2026-05-16
,,2010,Human rights,,mission_statement_candidate,,,https://un.china-mission.gov.cn/eng/chinaandun/socialhr/rqwt/201010/t20101020_8418003.htm,data/raw/un_docs/mission_statements/china_statement_c9ab47de8d57.html,existing,"Statement by Ms. ZHANG Dan, Counsellor of the Chinese Delegation, at the Third Committee of the 65th Session of the General Assembly on the Implementation of Human Rights Instruments (Item68A)（2010-10-19）",2026-05-16
,,2009,Human rights,,mission_statement_candidate,,,https://un.china-mission.gov.cn/eng/chinaandun/socialhr/rqwt/200911/t20091120_8418001.htm,data/raw/un_docs/mission_statements/china_statement_7c946ebc0fcf.html,existing,"Statement by Ms. Zhang Dan, Counselor of the Chinese Delegation, at the 3rd Committee of the 64th Session of the General Assembly on Explanation of Vote before the Vote on Draft Resolution L. 36 (Situation of human rights in Myanmar)（2009-11-19）",2026-05-16
,,2009,Human rights,,mission_statement_candidate,,,https://un.china-mission.gov.cn/eng/chinaandun/socialhr/rqwt/200911/t20091120_8418000.htm,data/raw/un_docs/mission_statements/china_statement_ad152af04763.html,existing,"Statement by Ms. ZHANG Dan, Counselor of the Chinese Delegation, at the 3rd Committee of the 64th Session of the General Assembly on Explanation of Vote before the Vote on Draft Resolution L.35 (Situation of human rights in DPRK)（2009-11-19）",2026-05-16
,,2009,Human rights,,mission_statement_candidate,,,https://un.china-mission.gov.cn/eng/chinaandun/socialhr/rqwt/200911/t20091105_8417999.htm,data/raw/un_docs/mission_statements/china_statement_9d02e1daaa98.html,existing,"Statement by H.E. Ambassador ZHANG Yesui, Permanent Representative of China to the United Nations, at the 64th Session of the UN General Assembly, on Consideration of the Report of the 12th Special Session of the Human Rights Council（2009-11-04）",2026-05-16
,,2009,Human rights,,mission_statement_candidate,,,https://un.china-mission.gov.cn/eng/chinaandun/socialhr/rqwt/200910/t20091030_8417998.htm,data/raw/un_docs/mission_statements/china_statement_05ec5799190d.html,existing,"Statement by H.E. Ambassador LIU Zhenmin, Deputy Permanent Representative of China to the United Nations, at the Third Committee of the 64th Session of the General Assembly on Report of Human Rights Council (Item 64)（2009-10-29）",2026-05-16
,,2009,Human rights,,mission_statement_candidate,,,https://un.china-mission.gov.cn/eng/chinaandun/socialhr/rqwt/200910/t20091027_8417997.htm,data/raw/un_docs/mission_statements/china_statement_9fc3c96249d9.html,existing,"Statement by H.E. Ambassador LIU Zhenmin, Deputy Permanent Representative of China to the United Nations, at the Third Committee of the 64th Session of the General Assembly on Human Rights (Items 69b,c)（2009-10-26）",2026-05-16
,,2009,Human rights,,mission_statement_candidate,,,https://un.china-mission.gov.cn/eng/chinaandun/socialhr/rqwt/200910/t20091022_8417996.htm,data/raw/un_docs/mission_statements/china_statement_77a339ade766.html,existing,Statement by Ms. LIU Lingxiao of the Chinese Delegation at the Third Committee of the 64th Session of the GA at the Dialogue with the Special Rapporteur on the Right to Food（2009-10-21）,2026-05-16
,,2009,Human rights,,mission_statement_candidate,,,https://un.china-mission.gov.cn/eng/chinaandun/socialhr/rqwt/200910/t20091022_8417995.htm,data/raw/un_docs/mission_statements/china_statement_8f542a798892.html,existing,Statement by Ms. XU Jing of the Chinese Delegation at the Third Committee of the 64th Session of the General Assembly at the Dialogue with the High Commissioner for Human Rights（2009-10-21）,2026-05-16
,,2009,Human rights,,mission_statement_candidate,,,https://un.china-mission.gov.cn/eng/chinaandun/socialhr/rqwt/200910/t20091021_8417994.htm,data/raw/un_docs/mission_statements/china_statement_3a9d30625540.html,existing,"Statement by H.E. Ambassador LIU Zhenmin, Deputy Permanent Representative of China to the United Nations, at the Third Committee of the 64th Session of the General Assembly on the Implementation of Human Rights Instruments (Item 69A)（2009-10-20）",2026-05-16
,,2009,Human rights,,mission_statement_candidate,,,https://un.china-mission.gov.cn/eng/chinaandun/socialhr/rqwt/200910/t20091021_8417993.htm,data/raw/un_docs/mission_statements/china_statement_80e0531e7a51.html,existing,"Statement by Counsellor ZHANG Dan, the Chinese Delegation at the Third Committee of the 64th Session of the GA at the Dialogue with the Chairman of the Committee against Torture and the Special Rapporteur on Torture（2009-10-20）",2026-05-16
,,2009,Human rights,,mission_statement_candidate,,,https://un.china-mission.gov.cn/eng/chinaandun/socialhr/rqwt/200910/t20091016_8417992.htm,data/raw/un_docs/mission_statements/china_statement_e30a4a3e2d80.html,existing,"Statement by Ms. LIU Lingxiao, Adviser of the Chinese Delegation, at the Third Committee of the 64th Session of the General Assembly the Rights of the Child (Item 65)（2009-10-15）",2026-05-16
,,2009,Human rights,,mission_statement_candidate,,,https://un.china-mission.gov.cn/eng/chinaandun/socialhr/rqwt/200902/t20090227_8417991.htm,data/raw/un_docs/mission_statements/china_statement_0510f2b38423.html,existing,Human Rights Record of the US in 2008（2009-02-27）,2026-05-16
,,2008,Human rights,,mission_statement_candidate,,,https://un.china-mission.gov.cn/eng/chinaandun/socialhr/rqwt/200811/t20081106_8417989.htm,data/raw/un_docs/mission_statements/china_statement_f29d2cec0a1a.html,existing,"Statement by Ms. Zhang Dan, Counsellor of the Chinese Delegation, at the 3rd Committee of the 63rd Session of the General Assembly, on the Report of the Human Rights Council（2008-10-30）",2026-05-16
,,2008,Human rights,,mission_statement_candidate,,,https://un.china-mission.gov.cn/eng/chinaandun/socialhr/rqwt/200811/t20081103_8417988.htm,data/raw/un_docs/mission_statements/china_statement_1a5fef4cc501.html,existing,"Statement by Mr. GUO Jiakun, Adviser of the Chinese Delegation to the 63rd Session of the General Assembly, at the Third Committee under agenda item on the Report of the Human Rights Council（2008-10-31）",2026-05-16
,,2008,Human rights,,mission_statement_candidate,,,https://un.china-mission.gov.cn/eng/chinaandun/socialhr/rqwt/200810/t20081030_8417987.htm,data/raw/un_docs/mission_statements/china_statement_cd489d6beb7f.html,existing,"Statement by H. E. Ambassador Liu Zhenmin, Deputy Permanent Representative of China to the United Nations, at the Third Committee of the 63rd Session of the General Assembly under items on Human Rights（2008-10-28）",2026-05-16
,,2006,Human rights,,mission_statement_candidate,,,https://un.china-mission.gov.cn/eng/chinaandun/socialhr/rqwt/200611/t20061106_8417985.htm,data/raw/un_docs/mission_statements/china_statement_2650b005fee5.html,existing,"Statement by Mr. Jiakun GUO, Adviser of the Chinese Delegation, at 3rd Committee of UNGA 61st Session on racism (item65) and right of self-determination (item 66)（2006-11-06）",2026-05-16
,,2006,Human rights,,mission_statement_candidate,,,https://un.china-mission.gov.cn/eng/chinaandun/socialhr/rqwt/200610/t20061018_8417984.htm,data/raw/un_docs/mission_statements/china_statement_bbd46f3be91b.html,existing,"Statement by Deputy Permanent Representative of China to the United Nations Liu Zhenmin at 3rd Committee of 61st Session of the General Assembly on Human Rights (Item 66 b,c)（2006-10-18）",2026-05-16
,,2006,Human rights,,mission_statement_candidate,,,https://un.china-mission.gov.cn/eng/chinaandun/socialhr/rqwt/200610/t20061017_8417983.htm,data/raw/un_docs/mission_statements/china_statement_9e5495fe0450.html,existing,Statement by Deputy Permanent Representative of China to the United Nations Liu Zhenmin at 3rd Committee of UNGA 61st Session on the Implementation of Human Rights Instruments (Item 66a)（2006-10-17）,2026-05-16
,,2006,Human rights,,mission_statement_candidate,,,https://un.china-mission.gov.cn/eng/chinaandun/socialhr/rqwt/200603/t20060320_8417982.htm,data/raw/un_docs/mission_statements/china_statement_d5ec1beae91b.html,existing,Statement by Amb. Zhang Yishan on the Occasion of Consideration by the Human Rights Committee of the Second Periodic Report of Hong Kong Special Administrative Region on the Implementation of the International Covenant on Civil and Political Rights（2006-03-20）,2026-05-16
,,2006,Human rights,,mission_statement_candidate,,,https://un.china-mission.gov.cn/eng/chinaandun/socialhr/rqwt/200603/t20060315_8417980.htm,data/raw/un_docs/mission_statements/china_statement_3f72b9241369.html,existing,"Statement by Ambassador ZHANG Yishan, Deputy Permanent Representative of China to the UN, after the adoption of the draft resolution on Human Rights Council（2006-03-15）",2026-05-16
,,2005,Human rights,,mission_statement_candidate,,,https://un.china-mission.gov.cn/eng/chinaandun/socialhr/rqwt/200511/t20051109_8417979.htm,data/raw/un_docs/mission_statements/china_statement_126600f053f9.html,existing,Statement by Che Ying of the Chinese Delegation at the Third Committee of the 60th General Assembly on Refugees (Agenda Item 39)（2005-11-09）,2026-05-16
,,2005,Human rights,,mission_statement_candidate,,,https://un.china-mission.gov.cn/eng/chinaandun/socialhr/rqwt/200511/t20051107_8417978.htm,data/raw/un_docs/mission_statements/china_statement_0b4c42a6b158.html,existing,"Statement by Counselor La Yifan of the Chinese Delegation, at 3rd Committee of 60th UNGA Session on Elimination of Racism and Right to Self-determination (Item 69, 70)（2005-11-07）",2026-05-16
,,2005,Human rights,,mission_statement_candidate,,,https://un.china-mission.gov.cn/eng/chinaandun/socialhr/rqwt/200510/t20051024_8417977.htm,data/raw/un_docs/mission_statements/china_statement_61d89cd76edc.html,existing,"Statement by Tian Ni, Adviser of the Chinese Delegation, on ""Implementation of Human Rights Instruments"" (Item 71a) at the Third Committee of the 60the Session of the General Assembly（2005-10-24）",2026-05-16
,,2005,Human rights,,mission_statement_candidate,,,https://un.china-mission.gov.cn/eng/chinaandun/socialhr/rqwt/200507/t20050722_8417976.htm,data/raw/un_docs/mission_statements/china_statement_1b992e711c5d.html,existing,"Statement by H.E.Ambassador Zhang Yishan, Head of Chinese Delegation, at ECOSOC Substantive Session of 2005 on Human Rights（2005-07-22）",2026-05-16
,,2004,Human rights,,mission_statement_candidate,,,https://un.china-mission.gov.cn/eng/chinaandun/socialhr/rqwt/200412/t20041210_8417975.htm,data/raw/un_docs/mission_statements/china_statement_02538796cdcd.html,existing,Statement by Counsellor XIE Bohua on Human Rights Education (Agenda Item 105 b) at GA 59th Session（2004-12-10）,2026-05-16
,,2004,Human rights,,mission_statement_candidate,,,https://un.china-mission.gov.cn/eng/chinaandun/socialhr/rqwt/200411/t20041103_8417973.htm,data/raw/un_docs/mission_statements/china_statement_4aead70969a5.html,existing,"Statement by Mr. XIE Bohua, Counsellor of the Chinese Delegation, at the 3rd Committee of GA 59th Session on Elimination of Racism and Racial Discrimination (Item 103) and Right of Peoples to Self-Determination (Item104)（2004-11-03）",2026-05-16
,,2004,Human rights,,mission_statement_candidate,,,https://un.china-mission.gov.cn/eng/chinaandun/socialhr/rqwt/200410/t20041026_8417972.htm,data/raw/un_docs/mission_statements/china_statement_269be0e2b9a8.html,existing,Statement by Ambassador Zhang Yishan Deputy Permanent Representative of China to the United Nations at 3rd Committee of 59th GA Session on Human Rights（2004-10-26）,2026-05-16
,,2004,Human rights,,mission_statement_candidate,,,https://un.china-mission.gov.cn/eng/chinaandun/socialhr/rqwt/200410/t20041025_8417971.htm,data/raw/un_docs/mission_statements/china_statement_5a73a5a9c22b.html,existing,"Statement by Mr. LA Yifan, Alternate Representative of the Chinese Delegation on Agenda Item 105(a): Implementation of Human Rights Instruments at 3rd Committee during GA 59th Session（2004-10-25）",2026-05-16
,,2004,Human rights,,mission_statement_candidate,,,https://un.china-mission.gov.cn/eng/chinaandun/socialhr/rqwt/200407/t20040722_8417970.htm,data/raw/un_docs/mission_statements/china_statement_d366d3846bb3.html,existing,Statement by Chinese Ambassador Zhang Yishanat ECOSOC on Human Rights and Human Responsibilities (Item 14g)（2004-07-22）,2026-05-16
,,2004,Human rights,,mission_statement_candidate,,,https://un.china-mission.gov.cn/eng/chinaandun/socialhr/rqwt/200407/t20040722_8417969.htm,data/raw/un_docs/mission_statements/china_statement_85783442174c.html,existing,"Statement by Ambassador Zhang Yishan, Head of the Chinese Delegation, at ECOSOC Substantive Session on Human Rights (item 14g)（2004-07-22）",2026-05-16
,,2004,Human rights,,mission_statement_candidate,,,https://un.china-mission.gov.cn/eng/chinaandun/socialhr/rqwt/200403/t20040323_8417968.htm,data/raw/un_docs/mission_statements/china_statement_da4fd36bd224.html,existing,China Summons US Ambassador for Human Rights Motion（2004-03-23）,2026-05-16
N1,Country-specific human rights reports: DPRK,2007,,A/RES/62/167,official_national_search,,,https://www.gov.br/mre/pt-br/search?SearchableText=Country-specific+human+rights+reports%3A+DPRK+62th+session+A%2FRES%2F62%2F167,,search_url_documented,Brazil: Gov.br/MRE site search; query=Country-specific human rights reports: DPRK 62th session A/RES/62/167,2026-05-16
N1,Country-specific human rights reports: DPRK,2007,,A/RES/62/167,official_national_search,,,https://www.gov.br/mre/en/search?SearchableText=Country-specific+human+rights+reports%3A+DPRK+62th+session+A%2FRES%2F62%2F167,,search_url_documented,Brazil: Gov.br/MRE English site search; query=Country-specific human rights reports: DPRK 62th session A/RES/62/167,2026-05-16
N1,Country-specific human rights reports: DPRK,2007,,A/RES/62/167,official_national_search,,,https://un.china-mission.gov.cn/eng/search/?query=Country-specific+human+rights+reports%3A+DPRK+62th+session+A%2FRES%2F62%2F167,,search_url_documented,China: Permanent Mission of China site query; query=Country-specific human rights reports: DPRK 62th session A/RES/62/167,2026-05-16
N1,Country-specific human rights reports: DPRK,2007,,A/RES/62/167,official_national_search,,,https://www.un.org/en/library/unms,,search_url_documented,Brazil/China: UN Member States on the Record; query=Country-specific human rights reports: DPRK 62th session A/RES/62/167,2026-05-16
N1,Country-specific human rights reports: DPRK,2009,,A/RES/64/175,official_national_search,,,https://www.gov.br/mre/pt-br/search?SearchableText=Country-specific+human+rights+reports%3A+DPRK+64th+session+A%2FRES%2F64%2F175,,search_url_documented,Brazil: Gov.br/MRE site search; query=Country-specific human rights reports: DPRK 64th session A/RES/64/175,2026-05-16
N1,Country-specific human rights reports: DPRK,2009,,A/RES/64/175,official_national_search,,,https://www.gov.br/mre/en/search?SearchableText=Country-specific+human+rights+reports%3A+DPRK+64th+session+A%2FRES%2F64%2F175,,search_url_documented,Brazil: Gov.br/MRE English site search; query=Country-specific human rights reports: DPRK 64th session A/RES/64/175,2026-05-16
N1,Country-specific human rights reports: DPRK,2009,,A/RES/64/175,official_national_search,,,https://un.china-mission.gov.cn/eng/search/?query=Country-specific+human+rights+reports%3A+DPRK+64th+session+A%2FRES%2F64%2F175,,search_url_documented,China: Permanent Mission of China site query; query=Country-specific human rights reports: DPRK 64th session A/RES/64/175,2026-05-16
N1,Country-specific human rights reports: DPRK,2009,,A/RES/64/175,official_national_search,,,https://www.un.org/en/library/unms,,search_url_documented,Brazil/China: UN Member States on the Record; query=Country-specific human rights reports: DPRK 64th session A/RES/64/175,2026-05-16
N1,Country-specific human rights reports: DPRK,2011,,A/RES/66/174,official_national_search,,,https://www.gov.br/mre/pt-br/search?SearchableText=Country-specific+human+rights+reports%3A+DPRK+66th+session+A%2FRES%2F66%2F174,,search_url_documented,Brazil: Gov.br/MRE site search; query=Country-specific human rights reports: DPRK 66th session A/RES/66/174,2026-05-16
N1,Country-specific human rights reports: DPRK,2011,,A/RES/66/174,official_national_search,,,https://www.gov.br/mre/en/search?SearchableText=Country-specific+human+rights+reports%3A+DPRK+66th+session+A%2FRES%2F66%2F174,,search_url_documented,Brazil: Gov.br/MRE English site search; query=Country-specific human rights reports: DPRK 66th session A/RES/66/174,2026-05-16
N1,Country-specific human rights reports: DPRK,2011,,A/RES/66/174,official_national_search,,,https://un.china-mission.gov.cn/eng/search/?query=Country-specific+human+rights+reports%3A+DPRK+66th+session+A%2FRES%2F66%2F174,,search_url_documented,China: Permanent Mission of China site query; query=Country-specific human rights reports: DPRK 66th session A/RES/66/174,2026-05-16
N1,Country-specific human rights reports: DPRK,2011,,A/RES/66/174,official_national_search,,,https://www.un.org/en/library/unms,,search_url_documented,Brazil/China: UN Member States on the Record; query=Country-specific human rights reports: DPRK 66th session A/RES/66/174,2026-05-16
N2,Country-specific human rights reports: Iran,2007,,A/RES/62/168,official_national_search,,,https://www.gov.br/mre/pt-br/search?SearchableText=Country-specific+human+rights+reports%3A+Iran+62th+session+A%2FRES%2F62%2F168,,search_url_documented,Brazil: Gov.br/MRE site search; query=Country-specific human rights reports: Iran 62th session A/RES/62/168,2026-05-16
N2,Country-specific human rights reports: Iran,2007,,A/RES/62/168,official_national_search,,,https://www.gov.br/mre/en/search?SearchableText=Country-specific+human+rights+reports%3A+Iran+62th+session+A%2FRES%2F62%2F168,,search_url_documented,Brazil: Gov.br/MRE English site search; query=Country-specific human rights reports: Iran 62th session A/RES/62/168,2026-05-16
N2,Country-specific human rights reports: Iran,2007,,A/RES/62/168,official_national_search,,,https://un.china-mission.gov.cn/eng/search/?query=Country-specific+human+rights+reports%3A+Iran+62th+session+A%2FRES%2F62%2F168,,search_url_documented,China: Permanent Mission of China site query; query=Country-specific human rights reports: Iran 62th session A/RES/62/168,2026-05-16
N2,Country-specific human rights reports: Iran,2007,,A/RES/62/168,official_national_search,,,https://www.un.org/en/library/unms,,search_url_documented,Brazil/China: UN Member States on the Record; query=Country-specific human rights reports: Iran 62th session A/RES/62/168,2026-05-16
N2,Country-specific human rights reports: Iran,2009,,A/RES/64/176,official_national_search,,,https://www.gov.br/mre/pt-br/search?SearchableText=Country-specific+human+rights+reports%3A+Iran+64th+session+A%2FRES%2F64%2F176,,search_url_documented,Brazil: Gov.br/MRE site search; query=Country-specific human rights reports: Iran 64th session A/RES/64/176,2026-05-16
N2,Country-specific human rights reports: Iran,2009,,A/RES/64/176,official_national_search,,,https://www.gov.br/mre/en/search?SearchableText=Country-specific+human+rights+reports%3A+Iran+64th+session+A%2FRES%2F64%2F176,,search_url_documented,Brazil: Gov.br/MRE English site search; query=Country-specific human rights reports: Iran 64th session A/RES/64/176,2026-05-16
N2,Country-specific human rights reports: Iran,2009,,A/RES/64/176,official_national_search,,,https://un.china-mission.gov.cn/eng/search/?query=Country-specific+human+rights+reports%3A+Iran+64th+session+A%2FRES%2F64%2F176,,search_url_documented,China: Permanent Mission of China site query; query=Country-specific human rights reports: Iran 64th session A/RES/64/176,2026-05-16
N2,Country-specific human rights reports: Iran,2009,,A/RES/64/176,official_national_search,,,https://www.un.org/en/library/unms,,search_url_documented,Brazil/China: UN Member States on the Record; query=Country-specific human rights reports: Iran 64th session A/RES/64/176,2026-05-16
N2,Country-specific human rights reports: Iran,2011,,A/RES/66/175,official_national_search,,,https://www.gov.br/mre/pt-br/search?SearchableText=Country-specific+human+rights+reports%3A+Iran+66th+session+A%2FRES%2F66%2F175,,search_url_documented,Brazil: Gov.br/MRE site search; query=Country-specific human rights reports: Iran 66th session A/RES/66/175,2026-05-16
N2,Country-specific human rights reports: Iran,2011,,A/RES/66/175,official_national_search,,,https://www.gov.br/mre/en/search?SearchableText=Country-specific+human+rights+reports%3A+Iran+66th+session+A%2FRES%2F66%2F175,,search_url_documented,Brazil: Gov.br/MRE English site search; query=Country-specific human rights reports: Iran 66th session A/RES/66/175,2026-05-16
N2,Country-specific human rights reports: Iran,2011,,A/RES/66/175,official_national_search,,,https://un.china-mission.gov.cn/eng/search/?query=Country-specific+human+rights+reports%3A+Iran+66th+session+A%2FRES%2F66%2F175,,search_url_documented,China: Permanent Mission of China site query; query=Country-specific human rights reports: Iran 66th session A/RES/66/175,2026-05-16
N2,Country-specific human rights reports: Iran,2011,,A/RES/66/175,official_national_search,,,https://www.un.org/en/library/unms,,search_url_documented,Brazil/China: UN Member States on the Record; query=Country-specific human rights reports: Iran 66th session A/RES/66/175,2026-05-16
N3,Reducing nuclear danger,2004,,A/RES/59/79,official_national_search,,,https://www.gov.br/mre/pt-br/search?SearchableText=Reducing+nuclear+danger+59th+session+A%2FRES%2F59%2F79,,search_url_documented,Brazil: Gov.br/MRE site search; query=Reducing nuclear danger 59th session A/RES/59/79,2026-05-16
N3,Reducing nuclear danger,2004,,A/RES/59/79,official_national_search,,,https://www.gov.br/mre/en/search?SearchableText=Reducing+nuclear+danger+59th+session+A%2FRES%2F59%2F79,,search_url_documented,Brazil: Gov.br/MRE English site search; query=Reducing nuclear danger 59th session A/RES/59/79,2026-05-16
N3,Reducing nuclear danger,2004,,A/RES/59/79,official_national_search,,,https://un.china-mission.gov.cn/eng/search/?query=Reducing+nuclear+danger+59th+session+A%2FRES%2F59%2F79,,search_url_documented,China: Permanent Mission of China site query; query=Reducing nuclear danger 59th session A/RES/59/79,2026-05-16
N3,Reducing nuclear danger,2004,,A/RES/59/79,official_national_search,,,https://www.un.org/en/library/unms,,search_url_documented,Brazil/China: UN Member States on the Record; query=Reducing nuclear danger 59th session A/RES/59/79,2026-05-16
N3,Reducing nuclear danger,2009,,A/RES/64/37,official_national_search,,,https://www.gov.br/mre/pt-br/search?SearchableText=Reducing+nuclear+danger+64th+session+A%2FRES%2F64%2F37,,search_url_documented,Brazil: Gov.br/MRE site search; query=Reducing nuclear danger 64th session A/RES/64/37,2026-05-16
N3,Reducing nuclear danger,2009,,A/RES/64/37,official_national_search,,,https://www.gov.br/mre/en/search?SearchableText=Reducing+nuclear+danger+64th+session+A%2FRES%2F64%2F37,,search_url_documented,Brazil: Gov.br/MRE English site search; query=Reducing nuclear danger 64th session A/RES/64/37,2026-05-16
N3,Reducing nuclear danger,2009,,A/RES/64/37,official_national_search,,,https://un.china-mission.gov.cn/eng/search/?query=Reducing+nuclear+danger+64th+session+A%2FRES%2F64%2F37,,search_url_documented,China: Permanent Mission of China site query; query=Reducing nuclear danger 64th session A/RES/64/37,2026-05-16
N3,Reducing nuclear danger,2009,,A/RES/64/37,official_national_search,,,https://www.un.org/en/library/unms,,search_url_documented,Brazil/China: UN Member States on the Record; query=Reducing nuclear danger 64th session A/RES/64/37,2026-05-16
N3,Reducing nuclear danger,2012,,A/RES/67/45,official_national_search,,,https://www.gov.br/mre/pt-br/search?SearchableText=Reducing+nuclear+danger+67th+session+A%2FRES%2F67%2F45,,search_url_documented,Brazil: Gov.br/MRE site search; query=Reducing nuclear danger 67th session A/RES/67/45,2026-05-16
N3,Reducing nuclear danger,2012,,A/RES/67/45,official_national_search,,,https://www.gov.br/mre/en/search?SearchableText=Reducing+nuclear+danger+67th+session+A%2FRES%2F67%2F45,,search_url_documented,Brazil: Gov.br/MRE English site search; query=Reducing nuclear danger 67th session A/RES/67/45,2026-05-16
N3,Reducing nuclear danger,2012,,A/RES/67/45,official_national_search,,,https://un.china-mission.gov.cn/eng/search/?query=Reducing+nuclear+danger+67th+session+A%2FRES%2F67%2F45,,search_url_documented,China: Permanent Mission of China site query; query=Reducing nuclear danger 67th session A/RES/67/45,2026-05-16
N3,Reducing nuclear danger,2012,,A/RES/67/45,official_national_search,,,https://www.un.org/en/library/unms,,search_url_documented,Brazil/China: UN Member States on the Record; query=Reducing nuclear danger 67th session A/RES/67/45,2026-05-16
N4,Moratorium on the death penalty,2007,,A/RES/62/149,official_national_search,,,https://www.gov.br/mre/pt-br/search?SearchableText=Moratorium+on+the+death+penalty+62th+session+A%2FRES%2F62%2F149,,search_url_documented,Brazil: Gov.br/MRE site search; query=Moratorium on the death penalty 62th session A/RES/62/149,2026-05-16
N4,Moratorium on the death penalty,2007,,A/RES/62/149,official_national_search,,,https://www.gov.br/mre/en/search?SearchableText=Moratorium+on+the+death+penalty+62th+session+A%2FRES%2F62%2F149,,search_url_documented,Brazil: Gov.br/MRE English site search; query=Moratorium on the death penalty 62th session A/RES/62/149,2026-05-16
N4,Moratorium on the death penalty,2007,,A/RES/62/149,official_national_search,,,https://un.china-mission.gov.cn/eng/search/?query=Moratorium+on+the+death+penalty+62th+session+A%2FRES%2F62%2F149,,search_url_documented,China: Permanent Mission of China site query; query=Moratorium on the death penalty 62th session A/RES/62/149,2026-05-16
N4,Moratorium on the death penalty,2007,,A/RES/62/149,official_national_search,,,https://www.un.org/en/library/unms,,search_url_documented,Brazil/China: UN Member States on the Record; query=Moratorium on the death penalty 62th session A/RES/62/149,2026-05-16
N4,Moratorium on the death penalty,2010,,A/RES/65/206,official_national_search,,,https://www.gov.br/mre/pt-br/search?SearchableText=Moratorium+on+the+death+penalty+65th+session+A%2FRES%2F65%2F206,,search_url_documented,Brazil: Gov.br/MRE site search; query=Moratorium on the death penalty 65th session A/RES/65/206,2026-05-16
N4,Moratorium on the death penalty,2010,,A/RES/65/206,official_national_search,,,https://www.gov.br/mre/en/search?SearchableText=Moratorium+on+the+death+penalty+65th+session+A%2FRES%2F65%2F206,,search_url_documented,Brazil: Gov.br/MRE English site search; query=Moratorium on the death penalty 65th session A/RES/65/206,2026-05-16
N4,Moratorium on the death penalty,2010,,A/RES/65/206,official_national_search,,,https://un.china-mission.gov.cn/eng/search/?query=Moratorium+on+the+death+penalty+65th+session+A%2FRES%2F65%2F206,,search_url_documented,China: Permanent Mission of China site query; query=Moratorium on the death penalty 65th session A/RES/65/206,2026-05-16
N4,Moratorium on the death penalty,2010,,A/RES/65/206,official_national_search,,,https://www.un.org/en/library/unms,,search_url_documented,Brazil/China: UN Member States on the Record; query=Moratorium on the death penalty 65th session A/RES/65/206,2026-05-16
N4,Moratorium on the death penalty,2012,,A/RES/67/176,official_national_search,,,https://www.gov.br/mre/pt-br/search?SearchableText=Moratorium+on+the+death+penalty+67th+session+A%2FRES%2F67%2F176,,search_url_documented,Brazil: Gov.br/MRE site search; query=Moratorium on the death penalty 67th session A/RES/67/176,2026-05-16
N4,Moratorium on the death penalty,2012,,A/RES/67/176,official_national_search,,,https://www.gov.br/mre/en/search?SearchableText=Moratorium+on+the+death+penalty+67th+session+A%2FRES%2F67%2F176,,search_url_documented,Brazil: Gov.br/MRE English site search; query=Moratorium on the death penalty 67th session A/RES/67/176,2026-05-16
N4,Moratorium on the death penalty,2012,,A/RES/67/176,official_national_search,,,https://un.china-mission.gov.cn/eng/search/?query=Moratorium+on+the+death+penalty+67th+session+A%2FRES%2F67%2F176,,search_url_documented,China: Permanent Mission of China site query; query=Moratorium on the death penalty 67th session A/RES/67/176,2026-05-16
N4,Moratorium on the death penalty,2012,,A/RES/67/176,official_national_search,,,https://www.un.org/en/library/unms,,search_url_documented,Brazil/China: UN Member States on the Record; query=Moratorium on the death penalty 67th session A/RES/67/176,2026-05-16
P1,ICJ advisory opinion on nuclear weapons,2008,,A/RES/63/49,official_national_search,,,https://www.gov.br/mre/pt-br/search?SearchableText=ICJ+advisory+opinion+on+nuclear+weapons+63th+session+A%2FRES%2F63%2F49,,search_url_documented,Brazil: Gov.br/MRE site search; query=ICJ advisory opinion on nuclear weapons 63th session A/RES/63/49,2026-05-16
P1,ICJ advisory opinion on nuclear weapons,2008,,A/RES/63/49,official_national_search,,,https://www.gov.br/mre/en/search?SearchableText=ICJ+advisory+opinion+on+nuclear+weapons+63th+session+A%2FRES%2F63%2F49,,search_url_documented,Brazil: Gov.br/MRE English site search; query=ICJ advisory opinion on nuclear weapons 63th session A/RES/63/49,2026-05-16
P1,ICJ advisory opinion on nuclear weapons,2008,,A/RES/63/49,official_national_search,,,https://un.china-mission.gov.cn/eng/search/?query=ICJ+advisory+opinion+on+nuclear+weapons+63th+session+A%2FRES%2F63%2F49,,search_url_documented,China: Permanent Mission of China site query; query=ICJ advisory opinion on nuclear weapons 63th session A/RES/63/49,2026-05-16
P1,ICJ advisory opinion on nuclear weapons,2008,,A/RES/63/49,official_national_search,,,https://www.un.org/en/library/unms,,search_url_documented,Brazil/China: UN Member States on the Record; query=ICJ advisory opinion on nuclear weapons 63th session A/RES/63/49,2026-05-16
P1,ICJ advisory opinion on nuclear weapons,2009,,A/RES/64/55,official_national_search,,,https://www.gov.br/mre/pt-br/search?SearchableText=ICJ+advisory+opinion+on+nuclear+weapons+64th+session+A%2FRES%2F64%2F55,,search_url_documented,Brazil: Gov.br/MRE site search; query=ICJ advisory opinion on nuclear weapons 64th session A/RES/64/55,2026-05-16
P1,ICJ advisory opinion on nuclear weapons,2009,,A/RES/64/55,official_national_search,,,https://www.gov.br/mre/en/search?SearchableText=ICJ+advisory+opinion+on+nuclear+weapons+64th+session+A%2FRES%2F64%2F55,,search_url_documented,Brazil: Gov.br/MRE English site search; query=ICJ advisory opinion on nuclear weapons 64th session A/RES/64/55,2026-05-16
P1,ICJ advisory opinion on nuclear weapons,2009,,A/RES/64/55,official_national_search,,,https://un.china-mission.gov.cn/eng/search/?query=ICJ+advisory+opinion+on+nuclear+weapons+64th+session+A%2FRES%2F64%2F55,,search_url_documented,China: Permanent Mission of China site query; query=ICJ advisory opinion on nuclear weapons 64th session A/RES/64/55,2026-05-16
P1,ICJ advisory opinion on nuclear weapons,2009,,A/RES/64/55,official_national_search,,,https://www.un.org/en/library/unms,,search_url_documented,Brazil/China: UN Member States on the Record; query=ICJ advisory opinion on nuclear weapons 64th session A/RES/64/55,2026-05-16
P1,ICJ advisory opinion on nuclear weapons,2010,,A/RES/65/76,official_national_search,,,https://www.gov.br/mre/pt-br/search?SearchableText=ICJ+advisory+opinion+on+nuclear+weapons+65th+session+A%2FRES%2F65%2F76,,search_url_documented,Brazil: Gov.br/MRE site search; query=ICJ advisory opinion on nuclear weapons 65th session A/RES/65/76,2026-05-16
P1,ICJ advisory opinion on nuclear weapons,2010,,A/RES/65/76,official_national_search,,,https://www.gov.br/mre/en/search?SearchableText=ICJ+advisory+opinion+on+nuclear+weapons+65th+session+A%2FRES%2F65%2F76,,search_url_documented,Brazil: Gov.br/MRE English site search; query=ICJ advisory opinion on nuclear weapons 65th session A/RES/65/76,2026-05-16
P1,ICJ advisory opinion on nuclear weapons,2010,,A/RES/65/76,official_national_search,,,https://un.china-mission.gov.cn/eng/search/?query=ICJ+advisory+opinion+on+nuclear+weapons+65th+session+A%2FRES%2F65%2F76,,search_url_documented,China: Permanent Mission of China site query; query=ICJ advisory opinion on nuclear weapons 65th session A/RES/65/76,2026-05-16
P1,ICJ advisory opinion on nuclear weapons,2010,,A/RES/65/76,official_national_search,,,https://www.un.org/en/library/unms,,search_url_documented,Brazil/China: UN Member States on the Record; query=ICJ advisory opinion on nuclear weapons 65th session A/RES/65/76,2026-05-16
P2,Globalization and human rights,2008,,A/RES/63/176,official_national_search,,,https://www.gov.br/mre/pt-br/search?SearchableText=Globalization+and+human+rights+63th+session+A%2FRES%2F63%2F176,,search_url_documented,Brazil: Gov.br/MRE site search; query=Globalization and human rights 63th session A/RES/63/176,2026-05-16
P2,Globalization and human rights,2008,,A/RES/63/176,official_national_search,,,https://www.gov.br/mre/en/search?SearchableText=Globalization+and+human+rights+63th+session+A%2FRES%2F63%2F176,,search_url_documented,Brazil: Gov.br/MRE English site search; query=Globalization and human rights 63th session A/RES/63/176,2026-05-16
P2,Globalization and human rights,2008,,A/RES/63/176,official_national_search,,,https://un.china-mission.gov.cn/eng/search/?query=Globalization+and+human+rights+63th+session+A%2FRES%2F63%2F176,,search_url_documented,China: Permanent Mission of China site query; query=Globalization and human rights 63th session A/RES/63/176,2026-05-16
P2,Globalization and human rights,2008,,A/RES/63/176,official_national_search,,,https://www.un.org/en/library/unms,,search_url_documented,Brazil/China: UN Member States on the Record; query=Globalization and human rights 63th session A/RES/63/176,2026-05-16
P2,Globalization and human rights,2010,,A/RES/65/216,official_national_search,,,https://www.gov.br/mre/pt-br/search?SearchableText=Globalization+and+human+rights+65th+session+A%2FRES%2F65%2F216,,search_url_documented,Brazil: Gov.br/MRE site search; query=Globalization and human rights 65th session A/RES/65/216,2026-05-16
P2,Globalization and human rights,2010,,A/RES/65/216,official_national_search,,,https://www.gov.br/mre/en/search?SearchableText=Globalization+and+human+rights+65th+session+A%2FRES%2F65%2F216,,search_url_documented,Brazil: Gov.br/MRE English site search; query=Globalization and human rights 65th session A/RES/65/216,2026-05-16
P2,Globalization and human rights,2010,,A/RES/65/216,official_national_search,,,https://un.china-mission.gov.cn/eng/search/?query=Globalization+and+human+rights+65th+session+A%2FRES%2F65%2F216,,search_url_documented,China: Permanent Mission of China site query; query=Globalization and human rights 65th session A/RES/65/216,2026-05-16
P2,Globalization and human rights,2010,,A/RES/65/216,official_national_search,,,https://www.un.org/en/library/unms,,search_url_documented,Brazil/China: UN Member States on the Record; query=Globalization and human rights 65th session A/RES/65/216,2026-05-16
P2,Globalization and human rights,2012,,A/RES/67/165,official_national_search,,,https://www.gov.br/mre/pt-br/search?SearchableText=Globalization+and+human+rights+67th+session+A%2FRES%2F67%2F165,,search_url_documented,Brazil: Gov.br/MRE site search; query=Globalization and human rights 67th session A/RES/67/165,2026-05-16
P2,Globalization and human rights,2012,,A/RES/67/165,official_national_search,,,https://www.gov.br/mre/en/search?SearchableText=Globalization+and+human+rights+67th+session+A%2FRES%2F67%2F165,,search_url_documented,Brazil: Gov.br/MRE English site search; query=Globalization and human rights 67th session A/RES/67/165,2026-05-16
P2,Globalization and human rights,2012,,A/RES/67/165,official_national_search,,,https://un.china-mission.gov.cn/eng/search/?query=Globalization+and+human+rights+67th+session+A%2FRES%2F67%2F165,,search_url_documented,China: Permanent Mission of China site query; query=Globalization and human rights 67th session A/RES/67/165,2026-05-16
P2,Globalization and human rights,2012,,A/RES/67/165,official_national_search,,,https://www.un.org/en/library/unms,,search_url_documented,Brazil/China: UN Member States on the Record; query=Globalization and human rights 67th session A/RES/67/165,2026-05-16
P3,UN Human Rights Council reports,2008,,A/RES/63/160,official_national_search,,,https://www.gov.br/mre/pt-br/search?SearchableText=UN+Human+Rights+Council+reports+63th+session+A%2FRES%2F63%2F160,,search_url_documented,Brazil: Gov.br/MRE site search; query=UN Human Rights Council reports 63th session A/RES/63/160,2026-05-16
P3,UN Human Rights Council reports,2008,,A/RES/63/160,official_national_search,,,https://www.gov.br/mre/en/search?SearchableText=UN+Human+Rights+Council+reports+63th+session+A%2FRES%2F63%2F160,,search_url_documented,Brazil: Gov.br/MRE English site search; query=UN Human Rights Council reports 63th session A/RES/63/160,2026-05-16
P3,UN Human Rights Council reports,2008,,A/RES/63/160,official_national_search,,,https://un.china-mission.gov.cn/eng/search/?query=UN+Human+Rights+Council+reports+63th+session+A%2FRES%2F63%2F160,,search_url_documented,China: Permanent Mission of China site query; query=UN Human Rights Council reports 63th session A/RES/63/160,2026-05-16
P3,UN Human Rights Council reports,2008,,A/RES/63/160,official_national_search,,,https://www.un.org/en/library/unms,,search_url_documented,Brazil/China: UN Member States on the Record; query=UN Human Rights Council reports 63th session A/RES/63/160,2026-05-16
P3,UN Human Rights Council reports,2010,,A/RES/65/195,official_national_search,,,https://www.gov.br/mre/pt-br/search?SearchableText=UN+Human+Rights+Council+reports+65th+session+A%2FRES%2F65%2F195,,search_url_documented,Brazil: Gov.br/MRE site search; query=UN Human Rights Council reports 65th session A/RES/65/195,2026-05-16
P3,UN Human Rights Council reports,2010,,A/RES/65/195,official_national_search,,,https://www.gov.br/mre/en/search?SearchableText=UN+Human+Rights+Council+reports+65th+session+A%2FRES%2F65%2F195,,search_url_documented,Brazil: Gov.br/MRE English site search; query=UN Human Rights Council reports 65th session A/RES/65/195,2026-05-16
P3,UN Human Rights Council reports,2010,,A/RES/65/195,official_national_search,,,https://un.china-mission.gov.cn/eng/search/?query=UN+Human+Rights+Council+reports+65th+session+A%2FRES%2F65%2F195,,search_url_documented,China: Permanent Mission of China site query; query=UN Human Rights Council reports 65th session A/RES/65/195,2026-05-16
P3,UN Human Rights Council reports,2010,,A/RES/65/195,official_national_search,,,https://www.un.org/en/library/unms,,search_url_documented,Brazil/China: UN Member States on the Record; query=UN Human Rights Council reports 65th session A/RES/65/195,2026-05-16
P3,UN Human Rights Council reports,2011,,A/RES/66/136,official_national_search,,,https://www.gov.br/mre/pt-br/search?SearchableText=UN+Human+Rights+Council+reports+66th+session+A%2FRES%2F66%2F136,,search_url_documented,Brazil: Gov.br/MRE site search; query=UN Human Rights Council reports 66th session A/RES/66/136,2026-05-16
P3,UN Human Rights Council reports,2011,,A/RES/66/136,official_national_search,,,https://www.gov.br/mre/en/search?SearchableText=UN+Human+Rights+Council+reports+66th+session+A%2FRES%2F66%2F136,,search_url_documented,Brazil: Gov.br/MRE English site search; query=UN Human Rights Council reports 66th session A/RES/66/136,2026-05-16
P3,UN Human Rights Council reports,2011,,A/RES/66/136,official_national_search,,,https://un.china-mission.gov.cn/eng/search/?query=UN+Human+Rights+Council+reports+66th+session+A%2FRES%2F66%2F136,,search_url_documented,China: Permanent Mission of China site query; query=UN Human Rights Council reports 66th session A/RES/66/136,2026-05-16
P3,UN Human Rights Council reports,2011,,A/RES/66/136,official_national_search,,,https://www.un.org/en/library/unms,,search_url_documented,Brazil/China: UN Member States on the Record; query=UN Human Rights Council reports 66th session A/RES/66/136,2026-05-16
