query_partner,query_partner_id,act_id,title,normalized_title,instrument_type_derived,date_celebration,year,invalid_date,agreement_type,status,another_party,other_parties,n_other_parties,partner_in_other_parties,subject_names,principal_subjects,n_subjects,signatory_brazil,signatory_other_party,celebration_location,celebration_country,direct_publication,amendment_ids,amended_instrument_ids,replaced_instrument_id,replaced_instrument_title,replacing_instrument_id,replacing_instrument_title,has_explicit_revision_relation,amendment_or_revision_title,strategic_instrument,strategic_rule_match,record_url,full_document_id,full_document_url,n_additional_documents,raw_search_file,raw_detail_file,duplicate_id_within_query,n_partner_queries_for_act,duplicate_id_across_partner_queries,same_title_date_duplicate,missing_date,missing_counterparty,outside_requested_window,analytic_bilateral,same_day_package_size,in_same_day_package
China,58,7548,Acordo entre o Governo da República Federativa do Brasil e o Governo da República Popular da China sobre a Facilitação da Concessão de Vistos para Homens de Negócios,acordo entre o governo da republica federativa do brasil e o governo da republica popular da china sobre a facilitacao da concessao de vistos para homens de negocios,Acordo,2014-07-16,2014,False,BL,Em Vigor,China,China,1,True,Consulares e Migratórios,Consulares e Migratórios,1,Luiz Alberto Figueiredo Machado,Wang Yi,Brasília,Brasil,True,12025,,5173,"Acordo, por troca de Notas, entre o Ministério das Relações Exteriores da República Federativa do Brasil e o Ministério dos Negócios Estrangeiros da República Popular da China para Flexibilização da Concessão de Vistos para Empresários",,,True,False,False,,https://concordia.itamaraty.gov.br/detalhamento-acordo/7548,3673,https://aplicacao.itamaraty.gov.br/ApiConcordia/Documento/download/3673,1,data/raw/concordia_bilateral_acts/20260828T222000Z/searches/china/page_001.json,data/raw/concordia_bilateral_acts/20260828T222000Z/details/act_7548.json,False,1,False,False,False,False,False,True,2,True
China,58,7550,"Protocolo Complementar ao Acordo de Cooperação em Matéria de Defesa entre o Governo da República Federativa do Brasil e o Governo da República Popular da China, na Área de Sensoriamento Remoto, Telecomunicações e Tecnologia da Informação",protocolo complementar ao acordo de cooperacao em materia de defesa entre o governo da republica federativa do brasil e o governo da republica popular da china na area de sensoriamento remoto telecomunicacoes e tecnologia da informacao,Protocolo Complementar,2014-07-16,2014,False,BL,Pendente,China,China,1,True,Defesa e Segurança,Defesa e Segurança,1,Celso Amorim,Xu Dazhe,Brasília,Brasil,True,,,,,,,False,False,False,,https://concordia.itamaraty.gov.br/detalhamento-acordo/7550,3671,https://aplicacao.itamaraty.gov.br/ApiConcordia/Documento/download/3671,0,data/raw/concordia_bilateral_acts/20260828T222000Z/searches/china/page_001.json,data/raw/concordia_bilateral_acts/20260828T222000Z/details/act_7550.json,False,1,False,False,False,False,False,True,2,True
China,58,7336,Memorando de Entendimento entre o Governo da República Federativa do Brasil e o Governo da República Popular da China sobre o Estabelecimento Recíproco de Centros Culturais,memorando de entendimento entre o governo da republica federativa do brasil e o governo da republica popular da china sobre o estabelecimento reciproco de centros culturais,Memorando de Entendimento,2012-06-21,2012,False,BL,Em Vigor,China,China,1,True,Educação e Cultura,Educação e Cultura,1,Aloizio Mercadante,Yang Jiechi,Rio de Janeiro,Brasil,True,,,,,,,False,False,False,,https://concordia.itamaraty.gov.br/detalhamento-acordo/7336,3679,https://aplicacao.itamaraty.gov.br/ApiConcordia/Documento/download/3679,1,data/raw/concordia_bilateral_acts/20260828T222000Z/searches/china/page_001.json,data/raw/concordia_bilateral_acts/20260828T222000Z/details/act_7336.json,False,1,False,False,False,False,False,True,3,True
China,58,7337,Plano Decenal de Cooperação entre o Governo da República Federativa do Brasil e o Governo da República Popular da China,plano decenal de cooperacao entre o governo da republica federativa do brasil e o governo da republica popular da china,Plano Decenal,2012-06-21,2012,False,BL,Em Vigor,China,China,1,True,Cooperação e Desenvolvimento,Cooperação e Desenvolvimento,1,Dilma Roussef,Wen Jiabao,Rio de janeiro,Brasil,True,,,,,,,False,False,True,\bplano decenal\b,https://concordia.itamaraty.gov.br/detalhamento-acordo/7337,3742,https://aplicacao.itamaraty.gov.br/ApiConcordia/Documento/download/3742,0,data/raw/concordia_bilateral_acts/20260828T222000Z/searches/china/page_001.json,data/raw/concordia_bilateral_acts/20260828T222000Z/details/act_7337.json,False,1,False,False,False,False,False,True,3,True
China,58,7338,Acordo entre o Governo da República Federativa do Brasil e o Governo da República Popular da China Sobre Assistência Mútua Administrativa em Matéria Aduaneira,acordo entre o governo da republica federativa do brasil e o governo da republica popular da china sobre assistencia mutua administrativa em materia aduaneira,Acordo,2012-06-21,2012,False,BL,Em Vigor,China,China,1,True,"Economia, Finanças e Tributos","Economia, Finanças e Tributos",1,Guido Mantega,Yu Guangzhou,Rio de janeiro,Brasil,False,,,,,,,False,False,False,,https://concordia.itamaraty.gov.br/detalhamento-acordo/7338,3681,https://aplicacao.itamaraty.gov.br/ApiConcordia/Documento/download/3681,3,data/raw/concordia_bilateral_acts/20260828T222000Z/searches/china/page_001.json,data/raw/concordia_bilateral_acts/20260828T222000Z/details/act_7338.json,False,1,False,False,False,False,False,True,3,True
China,58,7101,Acordo entre o Governo da República Federativa do Brasil e o Governo da República Popular da China sobre Cooperação em Matéria de Defesa,acordo entre o governo da republica federativa do brasil e o governo da republica popular da china sobre cooperacao em materia de defesa,Acordo,2011-04-12,2011,False,BL,Tramitação Congresso Nacional,China,China,1,True,Defesa e Segurança,Defesa e Segurança,1,Antonio de Aguiar Patriota,General Liang Guanglie,Pequim,China,False,,,,,,,False,False,False,,https://concordia.itamaraty.gov.br/detalhamento-acordo/7101,3731,https://aplicacao.itamaraty.gov.br/ApiConcordia/Documento/download/3731,1,data/raw/concordia_bilateral_acts/20260828T222000Z/searches/china/page_001.json,data/raw/concordia_bilateral_acts/20260828T222000Z/details/act_7101.json,False,1,False,False,False,False,False,True,2,True
China,58,7102,Comunicado Conjunto entre a República Federativa do Brasil e a República Popular da China,comunicado conjunto entre a republica federativa do brasil e a republica popular da china,Comunicado Conjunto,2011-04-12,2011,False,BL,Em Vigor,China,China,1,True,Cooperação e Desenvolvimento,Cooperação e Desenvolvimento,1,Dilma Rousseff,Hu Jintao,Pequim,China,True,,,,,,,False,False,False,,https://concordia.itamaraty.gov.br/detalhamento-acordo/7102,3697,https://aplicacao.itamaraty.gov.br/ApiConcordia/Documento/download/3697,0,data/raw/concordia_bilateral_acts/20260828T222000Z/searches/china/page_001.json,data/raw/concordia_bilateral_acts/20260828T222000Z/details/act_7102.json,False,1,False,False,False,False,False,True,2,True
China,58,6962,Memorando de Entendimento sobre Cooperação entre o Instituto Rio Branco do Ministério das Relações Exteriores da República Federativa do Brasil e a Universidade de Assuntos Estrangeiros da China,memorando de entendimento sobre cooperacao entre o instituto rio branco do ministerio das relacoes exteriores da republica federativa do brasil e a universidade de assuntos estrangeiros da china,Memorando de Entendimento,2010-09-14,2010,False,BL,Em Vigor,China,China,1,True,Relações Diplomáticas e Consulares,Relações Diplomáticas e Consulares,1,Georges Lamazière,Heng Xiaojun,Pequim,China,True,,,,,,,False,False,False,,https://concordia.itamaraty.gov.br/detalhamento-acordo/6962,3727,https://aplicacao.itamaraty.gov.br/ApiConcordia/Documento/download/3727,1,data/raw/concordia_bilateral_acts/20260828T222000Z/searches/china/page_001.json,data/raw/concordia_bilateral_acts/20260828T222000Z/details/act_6962.json,False,1,False,False,False,False,False,True,1,False
China,58,6693,Programa Executivo de Cooperação Cultural entre o Governo da República Federativa do Brasil e o Governo da República Popular da China para os Anos de 2010-2012,programa executivo de cooperacao cultural entre o governo da republica federativa do brasil e o governo da republica popular da china para os anos de 2010 2012,Programa Executivo,2010-04-16,2010,False,BL,Em Vigor,China,China,1,True,Educação e Cultura,Educação e Cultura,1,Clodoaldo Hgueney Filho,Qiu Xiaoqi,Brasilia,Brasil,True,,,,,,,False,False,False,,https://concordia.itamaraty.gov.br/detalhamento-acordo/6693,3725,https://aplicacao.itamaraty.gov.br/ApiConcordia/Documento/download/3725,1,data/raw/concordia_bilateral_acts/20260828T222000Z/searches/china/page_001.json,data/raw/concordia_bilateral_acts/20260828T222000Z/details/act_6693.json,False,1,False,False,False,False,False,True,2,True
China,58,6694,Memorando de Entendimento entre o Ministério das Relações Exteriores da República Federativa do Brasil e o Ministério do Comércio da República Popular da China para o Estabelecimento de Grupo de Trabalho sobre Propriedade Intelectual no Âmbito da Subcomissão Econômico-Comercial da Comissão Sino-Brasileira de Alto Nível de Concertação e Cooperação,memorando de entendimento entre o ministerio das relacoes exteriores da republica federativa do brasil e o ministerio do comercio da republica popular da china para o estabelecimento de grupo de trabalho sobre propriedade intelectual no ambito da subcomissao economico comercial da comissao sino brasileira de alto nivel de concertacao e cooperacao,Memorando de Entendimento,2010-04-16,2010,False,BL,Em Vigor,China,China,1,True,"Ciência, Tecnologia e Inovação","Ciência, Tecnologia e Inovação",1,Celso Amorim,Chen Deming,Brasilia,Brasil,True,,,,,,,False,False,True,"\bcomissao .{0,80}\balto nivel\b",https://concordia.itamaraty.gov.br/detalhamento-acordo/6694,3741,https://aplicacao.itamaraty.gov.br/ApiConcordia/Documento/download/3741,1,data/raw/concordia_bilateral_acts/20260828T222000Z/searches/china/page_001.json,data/raw/concordia_bilateral_acts/20260828T222000Z/details/act_6694.json,False,1,False,False,False,False,False,True,2,True
China,58,6692,"Plano de Ação Conjunta entre o Governo da República Federativa do Brasil e o Governo da República Popular da China, 2010-2014",plano de acao conjunta entre o governo da republica federativa do brasil e o governo da republica popular da china 2010 2014,Plano de Ação,2010-04-15,2010,False,BL,Expirado,China,China,1,True,Cooperação e Desenvolvimento,Cooperação e Desenvolvimento,1,Luiz Inácio Lula da Silva,Hu Jintao,Brasilia,Brasil,True,,,,,,,False,False,True,\bplano (?:de )?acao conjunta\b,https://concordia.itamaraty.gov.br/detalhamento-acordo/6692,3755,https://aplicacao.itamaraty.gov.br/ApiConcordia/Documento/download/3755,0,data/raw/concordia_bilateral_acts/20260828T222000Z/searches/china/page_001.json,data/raw/concordia_bilateral_acts/20260828T222000Z/details/act_6692.json,False,1,False,False,False,False,False,True,1,False
China,58,6371,Tratado entre a República Federativa do Brasil e a República Popular da China sobre Auxílio Judicial em Matéria Civil e Comercial,tratado entre a republica federativa do brasil e a republica popular da china sobre auxilio judicial em materia civil e comercial,Tratado,2009-05-19,2009,False,BL,Em Vigor,China,China,1,True,"Direito, Justiça & Segurança Pública","Direito, Justiça & Segurança Pública",1,Celso Amorim,Yabg Hiechi,Pequim,China,False,,,,,,,False,False,False,,https://concordia.itamaraty.gov.br/detalhamento-acordo/6371,3740,https://aplicacao.itamaraty.gov.br/ApiConcordia/Documento/download/3740,4,data/raw/concordia_bilateral_acts/20260828T222000Z/searches/china/page_001.json,data/raw/concordia_bilateral_acts/20260828T222000Z/details/act_6371.json,False,1,False,False,False,False,False,True,3,True
China,58,6372,"Memorando de Entendimento entre o Governo da República Federativa do Brasil e o Governo da República da China sobre Petróleo, Equipamento e Financiamento",memorando de entendimento entre o governo da republica federativa do brasil e o governo da republica da china sobre petroleo equipamento e financiamento,Memorando de Entendimento,2009-05-19,2009,False,BL,Em Vigor,China,China,1,True,Energia e Recursos Estratégicos,Energia e Recursos Estratégicos,1,Celso Amorim,Zhang Guobao,Pequim,China,True,,,,,,,False,False,False,,https://concordia.itamaraty.gov.br/detalhamento-acordo/6372,3721,https://aplicacao.itamaraty.gov.br/ApiConcordia/Documento/download/3721,0,data/raw/concordia_bilateral_acts/20260828T222000Z/searches/china/page_001.json,data/raw/concordia_bilateral_acts/20260828T222000Z/details/act_6372.json,False,1,False,False,False,False,False,True,3,True
China,58,6373,Comunicado Conjunto entre a República do Brasil e a República Popular da China sobre o Contínuo Fortalecimento da Parceria Estratégica,comunicado conjunto entre a republica do brasil e a republica popular da china sobre o continuo fortalecimento da parceria estrategica,Comunicado Conjunto,2009-05-19,2009,False,BL,Em Vigor,China,China,1,True,Cooperação e Desenvolvimento,Cooperação e Desenvolvimento,1,Luiz Inácio Lula da Silva,Hu Jintao,Pequim,China,True,,,,,,,False,False,True,\bparceria estrategica\b,https://concordia.itamaraty.gov.br/detalhamento-acordo/6373,3723,https://aplicacao.itamaraty.gov.br/ApiConcordia/Documento/download/3723,0,data/raw/concordia_bilateral_acts/20260828T222000Z/searches/china/page_001.json,data/raw/concordia_bilateral_acts/20260828T222000Z/details/act_6373.json,False,1,False,False,False,False,False,True,3,True
China,58,6319,Protocolo entre o Governo da República Federativa do Brasil e o Governo da República Popular da China sobre Cooperação em Energia e Mineração,protocolo entre o governo da republica federativa do brasil e o governo da republica popular da china sobre cooperacao em energia e mineracao,Protocolo,2009-02-19,2009,False,BL,Em Vigor,China,China,1,True,Energia e Recursos Estratégicos,Energia e Recursos Estratégicos,1,Márcio Pereira Zimmermann,Mu Hong,Brasília,Brasil,True,,,,,,,False,False,False,,https://concordia.itamaraty.gov.br/detalhamento-acordo/6319,3730,https://aplicacao.itamaraty.gov.br/ApiConcordia/Documento/download/3730,1,data/raw/concordia_bilateral_acts/20260828T222000Z/searches/china/page_001.json,data/raw/concordia_bilateral_acts/20260828T222000Z/details/act_6319.json,False,1,False,False,False,False,False,True,1,False
China,58,5643,Acordo sobre o Fortalecimento da Cooperação na Área de Implementação de Infra-Estrutura de Construção entre o Governo da República Federativa do Brasil e o Governo da República Popular da China,acordo sobre o fortalecimento da cooperacao na area de implementacao de infra estrutura de construcao entre o governo da republica federativa do brasil e o governo da republica popular da china,Acordo,2006-06-05,2006,False,BL,Em Vigor,China,China,1,True,Energia e Recursos Estratégicos,Energia e Recursos Estratégicos,1,Silas Rondeau,Ma Xiuhong,Pequim,China,False,,,,,,,False,False,False,,https://concordia.itamaraty.gov.br/detalhamento-acordo/5643,4252,https://aplicacao.itamaraty.gov.br/ApiConcordia/Documento/download/4252,3,data/raw/concordia_bilateral_acts/20260828T222000Z/searches/china/page_001.json,data/raw/concordia_bilateral_acts/20260828T222000Z/details/act_5643.json,False,1,False,False,False,False,False,True,2,True
China,58,5644,Memorando de Entendimento sobre o Estabelecimento da Subcomissão de Energia e Recursos Minerais da Comissão Sino-brasileira de Alto Nível de Concertação e Cooperação entre o Ministério de Minas e Energia da República Federativa do Brasil e a Comissão de Desenvolvimento e Reforma do Estado da República Popular da China.,memorando de entendimento sobre o estabelecimento da subcomissao de energia e recursos minerais da comissao sino brasileira de alto nivel de concertacao e cooperacao entre o ministerio de minas e energia da republica federativa do brasil e a comissao de desenvolvimento e reforma do estado da republica popular da china,Memorando de Entendimento,2006-06-05,2006,False,BL,Em Vigor,China,China,1,True,Energia e Recursos Estratégicos,Energia e Recursos Estratégicos,1,Silas Rondeau,"Zhang Guobao, Vice",Pequim,China,True,,,,,,,False,False,True,"\bcomissao .{0,80}\balto nivel\b",https://concordia.itamaraty.gov.br/detalhamento-acordo/5644,3734,https://aplicacao.itamaraty.gov.br/ApiConcordia/Documento/download/3734,1,data/raw/concordia_bilateral_acts/20260828T222000Z/searches/china/page_001.json,data/raw/concordia_bilateral_acts/20260828T222000Z/details/act_5644.json,False,1,False,False,False,False,False,True,2,True
China,58,5594,Programa-Executivo do Acordo de Cooperação Cultural e Educacional entre o Governo da República Federativa do Brasil e o Governo da República Popular da China para os anos de 2006 a 2008,programa executivo do acordo de cooperacao cultural e educacional entre o governo da republica federativa do brasil e o governo da republica popular da china para os anos de 2006 a 2008,Programa Executivo,2006-03-23,2006,False,BL,Em Vigor,China,China,1,True,Educação e Cultura,Educação e Cultura,1,João Luiz Silva Ferreira,Meng Xiaosi,Beijing,China,True,,,,,,,False,False,False,,https://concordia.itamaraty.gov.br/detalhamento-acordo/5594,3957,https://aplicacao.itamaraty.gov.br/ApiConcordia/Documento/download/3957,0,data/raw/concordia_bilateral_acts/20260828T222000Z/searches/china/page_001.json,data/raw/concordia_bilateral_acts/20260828T222000Z/details/act_5594.json,False,1,False,False,False,False,False,True,1,False
China,58,5423,Memorando de Entendimento sobre Cooperação na Área de Proteção Ambiental entre o Ministério do Meio Ambiente da República Federativa do Brasil e a Administração Estatal de Proteção Ambiental da República Popular da China,memorando de entendimento sobre cooperacao na area de protecao ambiental entre o ministerio do meio ambiente da republica federativa do brasil e a administracao estatal de protecao ambiental da republica popular da china,Memorando de Entendimento,2005-08-17,2005,False,BL,Em Vigor,China,China,1,True,Meio Ambiente e Sustentabilidade,Meio Ambiente e Sustentabilidade,1,Claudio Langone,Zhu Guangyao,"Brasília,",Brasil,True,,,,,,,False,False,False,,https://concordia.itamaraty.gov.br/detalhamento-acordo/5423,3786,https://aplicacao.itamaraty.gov.br/ApiConcordia/Documento/download/3786,1,data/raw/concordia_bilateral_acts/20260828T222000Z/searches/china/page_001.json,data/raw/concordia_bilateral_acts/20260828T222000Z/details/act_5423.json,False,1,False,False,False,False,False,True,1,False
China,58,5247,Tratado de Extradição entre a República Federativa do Brasil e a República Popular da China,tratado de extradicao entre a republica federativa do brasil e a republica popular da china,Tratado,2004-11-12,2004,False,BL,Em Vigor,China,China,1,True,"Direito, Justiça & Segurança Pública","Direito, Justiça & Segurança Pública",1,CELSO AMORIM,LI ZHAOXING,Brasília,Brasil,False,,,,,,,False,False,False,,https://concordia.itamaraty.gov.br/detalhamento-acordo/5247,3880,https://aplicacao.itamaraty.gov.br/ApiConcordia/Documento/download/3880,3,data/raw/concordia_bilateral_acts/20260828T222000Z/searches/china/page_001.json,data/raw/concordia_bilateral_acts/20260828T222000Z/details/act_5247.json,False,1,False,False,False,False,False,True,8,True
China,58,5248,Acordo de Cooperação para o Combate à Criminalidade Organizada Transnacional e outras Modalidades Delituosas,acordo de cooperacao para o combate a criminalidade organizada transnacional e outras modalidades delituosas,Acordo,2004-11-12,2004,False,BL,Em ratificação da(s) outra(s) Parte(s),China,China,1,True,"Direito, Justiça & Segurança Pública","Direito, Justiça & Segurança Pública",1,Celso Amorim,Li Zhaoxing,Brasília,Brasil,False,,,,,,,False,False,False,,https://concordia.itamaraty.gov.br/detalhamento-acordo/5248,3856,https://aplicacao.itamaraty.gov.br/ApiConcordia/Documento/download/3856,2,data/raw/concordia_bilateral_acts/20260828T222000Z/searches/china/page_001.json,data/raw/concordia_bilateral_acts/20260828T222000Z/details/act_5248.json,False,1,False,False,False,False,False,True,8,True
China,58,5249,"Memorando de Entendimento entre o Ministério do Desenvolvimento, Indústria e Comércio da República Federativa do Brasil e a Comissão Nacional de Desenvolvimento e Reforma da República Popular da China em Cooperação Industrial.",memorando de entendimento entre o ministerio do desenvolvimento industria e comercio da republica federativa do brasil e a comissao nacional de desenvolvimento e reforma da republica popular da china em cooperacao industrial,Memorando de Entendimento,2004-11-12,2004,False,BL,Expirado,China,China,1,True,Cooperação e Desenvolvimento,Cooperação e Desenvolvimento,1,Luiz Fernando Furlan,Ma Kai,Brasília,Brasil,True,,,,,,,False,False,False,,https://concordia.itamaraty.gov.br/detalhamento-acordo/5249,3843,https://aplicacao.itamaraty.gov.br/ApiConcordia/Documento/download/3843,1,data/raw/concordia_bilateral_acts/20260828T222000Z/searches/china/page_001.json,data/raw/concordia_bilateral_acts/20260828T222000Z/details/act_5249.json,False,1,False,False,False,False,False,True,8,True
China,58,5250,Memorando de Entendimento entre a República Federativa do Brasil e a República Popular da China sobre Cooperação em Matéria de Comércio e Investimento.,memorando de entendimento entre a republica federativa do brasil e a republica popular da china sobre cooperacao em materia de comercio e investimento,Memorando de Entendimento,2004-11-12,2004,False,BL,Superado,China,China,1,True,"Economia, Finanças e Tributos","Economia, Finanças e Tributos",1,Luiz Fernando Furlan,Bo Xi Lai,Brasília,Brasil,True,,,,,,,False,False,False,,https://concordia.itamaraty.gov.br/detalhamento-acordo/5250,3822,https://aplicacao.itamaraty.gov.br/ApiConcordia/Documento/download/3822,1,data/raw/concordia_bilateral_acts/20260828T222000Z/searches/china/page_001.json,data/raw/concordia_bilateral_acts/20260828T222000Z/details/act_5250.json,False,1,False,False,False,False,False,True,8,True
China,58,5251,Memorando de Entendimento entre o Ministério do Turismo da República Federativa do Brasil e a Administração Nacional de Turismo da República Popular da China na Facilitação de Viagens de Grupos de Turistas Chineses ao Brasil,memorando de entendimento entre o ministerio do turismo da republica federativa do brasil e a administracao nacional de turismo da republica popular da china na facilitacao de viagens de grupos de turistas chineses ao brasil,Memorando de Entendimento,2004-11-12,2004,False,BL,Em Vigor,China,China,1,True,Serviços e Transporte,Serviços e Transporte,1,Walfrido Mares ,He Guangwei,Brasília,Brasil,True,,,,,,,False,False,False,,https://concordia.itamaraty.gov.br/detalhamento-acordo/5251,3840,https://aplicacao.itamaraty.gov.br/ApiConcordia/Documento/download/3840,1,data/raw/concordia_bilateral_acts/20260828T222000Z/searches/china/page_001.json,data/raw/concordia_bilateral_acts/20260828T222000Z/details/act_5251.json,False,1,False,False,False,False,False,True,8,True
China,58,5252,Protocolo Complementar ao Acordo Quadro sobre Cooperação em Aplicações Pacíficas de Ciência e Tecnologia do Espaço Exterior para Cooperação no Sistema de Aplicações CBERS.,protocolo complementar ao acordo quadro sobre cooperacao em aplicacoes pacificas de ciencia e tecnologia do espaco exterior para cooperacao no sistema de aplicacoes cbers,Protocolo Complementar,2004-11-12,2004,False,BL,Em Vigor,China,China,1,True,Mar e Espaço,Mar e Espaço,1,Eduardo Campos,Zang Yunchuan,Brasília,Brasil,True,,,,,,,False,False,False,,https://concordia.itamaraty.gov.br/detalhamento-acordo/5252,3828,https://aplicacao.itamaraty.gov.br/ApiConcordia/Documento/download/3828,1,data/raw/concordia_bilateral_acts/20260828T222000Z/searches/china/page_001.json,data/raw/concordia_bilateral_acts/20260828T222000Z/details/act_5252.json,False,1,False,False,False,False,False,True,8,True
China,58,5253,Protocolo Complementar ao Acordo Quadro entre o Governo da República Federativa do Brasil e a República Popular da China sobre Cooperação em Aplicações Pacíficas de Ciência e Tecnologia do Espaço Exterior para o Desenvolvimento Conjunto do Satélite CBERS-2B,protocolo complementar ao acordo quadro entre o governo da republica federativa do brasil e a republica popular da china sobre cooperacao em aplicacoes pacificas de ciencia e tecnologia do espaco exterior para o desenvolvimento conjunto do satelite cbers 2b,Protocolo Complementar,2004-11-12,2004,False,BL,Em Vigor,China,China,1,True,Mar e Espaço,Mar e Espaço,1,Eduardo Campos,Zhang Yunchuan,Brasília,Brasil,True,,,,,,,False,False,False,,https://concordia.itamaraty.gov.br/detalhamento-acordo/5253,3825,https://aplicacao.itamaraty.gov.br/ApiConcordia/Documento/download/3825,1,data/raw/concordia_bilateral_acts/20260828T222000Z/searches/china/page_001.json,data/raw/concordia_bilateral_acts/20260828T222000Z/details/act_5253.json,False,1,False,False,False,False,False,True,8,True
China,58,5255,"Protocolo entre o Ministério da Agricultura, Pecuária e Abastecimento da República Federativa do Brasil e a Administração Geral de Supervisão de Qualidade, Inspeção e Quarentena da República Popular da China sobre Quarentena e Condições Sanitárias e Veterinárias de Carne de Aves a ser Exportada do Brasil para a República Popular da China",protocolo entre o ministerio da agricultura pecuaria e abastecimento da republica federativa do brasil e a administracao geral de supervisao de qualidade inspecao e quarentena da republica popular da china sobre quarentena e condicoes sanitarias e veterinarias de carne de aves a ser exportada do brasil para a republica popular da china,Protocolo,2004-11-12,2004,False,BL,Em Vigor,China,China,1,True,"Agricultura, Pecuária e Pesca","Agricultura, Pecuária e Pesca",1,Roberto Rodrigues,LI Changjiang,Brasília,Brasil,True,,,,,,,False,False,False,,https://concordia.itamaraty.gov.br/detalhamento-acordo/5255,3791,https://aplicacao.itamaraty.gov.br/ApiConcordia/Documento/download/3791,1,data/raw/concordia_bilateral_acts/20260828T222000Z/searches/china/page_001.json,data/raw/concordia_bilateral_acts/20260828T222000Z/details/act_5255.json,False,1,False,False,False,False,False,True,8,True
China,58,5170,Tratado entre a República Federativa do Brasil e o República Popular da China sobre Assistência Judiciária Mútua em Matéria Penal,tratado entre a republica federativa do brasil e o republica popular da china sobre assistencia judiciaria mutua em materia penal,Tratado,2004-05-24,2004,False,BL,Em Vigor,China,China,1,True,"Direito, Justiça & Segurança Pública","Direito, Justiça & Segurança Pública",1,Celso Amorim,Li Zhaoxing,Pequim,China,False,,,,,,,False,False,False,,https://concordia.itamaraty.gov.br/detalhamento-acordo/5170,3827,https://aplicacao.itamaraty.gov.br/ApiConcordia/Documento/download/3827,3,data/raw/concordia_bilateral_acts/20260828T222000Z/searches/china/page_001.json,data/raw/concordia_bilateral_acts/20260828T222000Z/details/act_5170.json,False,1,False,False,False,False,False,True,11,True
China,58,5171,"Acordo entre o Governo da República Federativa do Brasil e o Governo da República Popular da China sobre Isenção de Vistos para Portadores de Passaportes Diplomático, Oficial e de Serviços",acordo entre o governo da republica federativa do brasil e o governo da republica popular da china sobre isencao de vistos para portadores de passaportes diplomatico oficial e de servicos,Acordo,2004-05-24,2004,False,BL,Em Vigor,China,China,1,True,Consulares e Migratórios,Consulares e Migratórios,1,Celso Amorim,Li Zhaoxing,Pequim,China,True,12819,,3536,"Acordo, por Troca de Notas, sobre Vistos de Múltiplas Entradas em Passaportes Diplomáticos e de Serviço, entre o Governo da República Federativa do Brasil e o Governo da República Popular da China.",,,True,False,False,,https://concordia.itamaraty.gov.br/detalhamento-acordo/5171,3811,https://aplicacao.itamaraty.gov.br/ApiConcordia/Documento/download/3811,1,data/raw/concordia_bilateral_acts/20260828T222000Z/searches/china/page_001.json,data/raw/concordia_bilateral_acts/20260828T222000Z/details/act_5171.json,False,1,False,False,False,False,False,True,11,True
China,58,5172,Memorando de Entendimento entre a República Federativa do Brasil e a República Popular da China sobre o Estabelecimento da Comissão Sino-Brasileira de Alto Nível de Concertação e Cooperação,memorando de entendimento entre a republica federativa do brasil e a republica popular da china sobre o estabelecimento da comissao sino brasileira de alto nivel de concertacao e cooperacao,Memorando de Entendimento,2004-05-24,2004,False,BL,Em Vigor,China,China,1,True,Cooperação e Desenvolvimento,Cooperação e Desenvolvimento,1,Celso Amorim,Li Shaoxing,Pequim,China,True,,,,,,,False,False,True,"\bcomissao .{0,80}\balto nivel\b",https://concordia.itamaraty.gov.br/detalhamento-acordo/5172,3807,https://aplicacao.itamaraty.gov.br/ApiConcordia/Documento/download/3807,1,data/raw/concordia_bilateral_acts/20260828T222000Z/searches/china/page_001.json,data/raw/concordia_bilateral_acts/20260828T222000Z/details/act_5172.json,False,1,False,False,False,False,False,True,11,True
China,58,5173,"Acordo, por troca de Notas, entre o Ministério das Relações Exteriores da República Federativa do Brasil e o Ministério dos Negócios Estrangeiros da República Popular da China para Flexibilização da Concessão de Vistos para Empresários",acordo por troca de notas entre o ministerio das relacoes exteriores da republica federativa do brasil e o ministerio dos negocios estrangeiros da republica popular da china para flexibilizacao da concessao de vistos para empresarios,Troca de Notas,2004-05-24,2004,False,BL,Substituído,China,China,1,True,Consulares e Migratórios,Consulares e Migratórios,1,Celso Amorim,Li Zhaoxing,Pequim,China,True,,,4662,"Acordo, por troca de Notas, sobre a Concessão de Vistos de Múltiplas Entradas, pelo período da missão, aos brasileiros e chineses portadores de passaportes diplomáticos e oficiais.",7548,Acordo entre o Governo da República Federativa do Brasil e o Governo da República Popular da China sobre a Facilitação da Concessão de Vistos para Homens de Negócios,True,False,False,,https://concordia.itamaraty.gov.br/detalhamento-acordo/5173,3793,https://aplicacao.itamaraty.gov.br/ApiConcordia/Documento/download/3793,1,data/raw/concordia_bilateral_acts/20260828T222000Z/searches/china/page_001.json,data/raw/concordia_bilateral_acts/20260828T222000Z/details/act_5173.json,False,1,False,False,False,False,False,True,11,True
China,58,5174,Comunicado Conjunto entre a República Federativa do Brasil e a República Popular da China,comunicado conjunto entre a republica federativa do brasil e a republica popular da china,Comunicado Conjunto,2004-05-24,2004,False,BL,Em Vigor,China,China,1,True,Cooperação e Desenvolvimento,Cooperação e Desenvolvimento,1,Luiz Inácio Lula da Silva,Hu Jintao,Pequim,China,True,,,,,,,False,False,False,,https://concordia.itamaraty.gov.br/detalhamento-acordo/5174,3778,https://aplicacao.itamaraty.gov.br/ApiConcordia/Documento/download/3778,0,data/raw/concordia_bilateral_acts/20260828T222000Z/searches/china/page_001.json,data/raw/concordia_bilateral_acts/20260828T222000Z/details/act_5174.json,False,1,False,False,False,False,False,True,11,True
China,58,5175,"Memorando de Entendimento entre o Ministério da Agricultura, Pecuária e Abastecimento da República Federativa do Brasil e a Administração Geral para Supervisão da Qualidade, Inspeção e Quarentena da República Popular da China na Área de Segurança Sanitária e Fitossanitária de Produtos Alimentares.",memorando de entendimento entre o ministerio da agricultura pecuaria e abastecimento da republica federativa do brasil e a administracao geral para supervisao da qualidade inspecao e quarentena da republica popular da china na area de seguranca sanitaria e fitossanitaria de produtos alimentares,Memorando de Entendimento,2004-05-24,2004,False,BL,Em Vigor,China,China,1,True,"Agricultura, Pecuária e Pesca","Agricultura, Pecuária e Pesca",1,Roberto Rodrigues,Fan Xiaojian,Pequim,China,True,,,,,,,False,False,False,,https://concordia.itamaraty.gov.br/detalhamento-acordo/5175,3746,https://aplicacao.itamaraty.gov.br/ApiConcordia/Documento/download/3746,1,data/raw/concordia_bilateral_acts/20260828T222000Z/searches/china/page_001.json,data/raw/concordia_bilateral_acts/20260828T222000Z/details/act_5175.json,False,1,False,False,False,False,False,True,11,True
China,58,5176,Memorando de Entendimento sobre a Cooperação para o Desenvolvimento de um Sistema de Aplicações para o Programa do Satélite Sino-brasileiro de Recursos Terrestres.,memorando de entendimento sobre a cooperacao para o desenvolvimento de um sistema de aplicacoes para o programa do satelite sino brasileiro de recursos terrestres,Memorando de Entendimento,2004-05-24,2004,False,BL,Em Vigor,China,China,1,True,Mar e Espaço,Mar e Espaço,1,Eduardo Campos,Zhang Yum Chuan,Pequim,China,True,,,,,,,False,False,False,,https://concordia.itamaraty.gov.br/detalhamento-acordo/5176,3748,https://aplicacao.itamaraty.gov.br/ApiConcordia/Documento/download/3748,1,data/raw/concordia_bilateral_acts/20260828T222000Z/searches/china/page_001.json,data/raw/concordia_bilateral_acts/20260828T222000Z/details/act_5176.json,False,1,False,False,False,False,False,True,11,True
China,58,5177,"Memorando de Entendimento sobre Cooperação entre o Ministério do Planejamento, Orçamento e Gestão da República Federativa do Brasil e o Ministério do Comércio da República Popular da China.",memorando de entendimento sobre cooperacao entre o ministerio do planejamento orcamento e gestao da republica federativa do brasil e o ministerio do comercio da republica popular da china,Memorando de Entendimento,2004-05-24,2004,False,BL,Em Vigor,China,China,1,True,Serviços e Transporte,Serviços e Transporte,1,Guido Mantega,Bo Xi Lai,Pequim,China,True,,,,,,,False,False,False,,https://concordia.itamaraty.gov.br/detalhamento-acordo/5177,3750,https://aplicacao.itamaraty.gov.br/ApiConcordia/Documento/download/3750,1,data/raw/concordia_bilateral_acts/20260828T222000Z/searches/china/page_001.json,data/raw/concordia_bilateral_acts/20260828T222000Z/details/act_5177.json,False,1,False,False,False,False,False,True,11,True
China,58,5178,Acordo de Cooperação Esportiva entre o Ministério do Esporte da República Federativa do Brasil e a Administração Geral do Esporte do Estado da República Popular da China.,acordo de cooperacao esportiva entre o ministerio do esporte da republica federativa do brasil e a administracao geral do esporte do estado da republica popular da china,Acordo,2004-05-24,2004,False,BL,Em Vigor,China,China,1,True,Cooperação e Desenvolvimento,Cooperação e Desenvolvimento,1,Affonso Celso de Ouro-Preto,Yuan Weimin,Pequim,China,True,,,,,,,False,False,False,,https://concordia.itamaraty.gov.br/detalhamento-acordo/5178,3752,https://aplicacao.itamaraty.gov.br/ApiConcordia/Documento/download/3752,1,data/raw/concordia_bilateral_acts/20260828T222000Z/searches/china/page_001.json,data/raw/concordia_bilateral_acts/20260828T222000Z/details/act_5178.json,False,1,False,False,False,False,False,True,11,True
China,58,5179,Ajuste Complementar sobre Vigilância de Medicamentos e Produtos Relacionados à Saúde ao Acordo de Cooperação Científica e Tecnológica entre o Governo da República Federativa do Brasil e o Governo da República Popular da China,ajuste complementar sobre vigilancia de medicamentos e produtos relacionados a saude ao acordo de cooperacao cientifica e tecnologica entre o governo da republica federativa do brasil e o governo da republica popular da china,Ajuste Complementar,2004-05-24,2004,False,BL,Em Vigor,China,China,1,True,"Trabalho, Saúde e Previdência","Trabalho, Saúde e Previdência",1,Celso Amorim,Zheng Xiaoyu,Pequim,China,True,,,,,,,False,False,False,,https://concordia.itamaraty.gov.br/detalhamento-acordo/5179,3754,https://aplicacao.itamaraty.gov.br/ApiConcordia/Documento/download/3754,1,data/raw/concordia_bilateral_acts/20260828T222000Z/searches/china/page_001.json,data/raw/concordia_bilateral_acts/20260828T222000Z/details/act_5179.json,False,1,False,False,False,False,False,True,11,True
China,58,5180,Ajuste Complementar sobre Saúde e Ciências Médicas ao Acordo de Cooperação Científica e Tecnológica,ajuste complementar sobre saude e ciencias medicas ao acordo de cooperacao cientifica e tecnologica,Ajuste Complementar,2004-05-24,2004,False,BL,Expirado,China,China,1,True,"Trabalho, Saúde e Previdência","Trabalho, Saúde e Previdência",1,Celso Amorim,"Gao Qiang, Vice",Pequim,China,True,,,,,,,False,False,False,,https://concordia.itamaraty.gov.br/detalhamento-acordo/5180,3850,https://aplicacao.itamaraty.gov.br/ApiConcordia/Documento/download/3850,1,data/raw/concordia_bilateral_acts/20260828T222000Z/searches/china/page_001.json,data/raw/concordia_bilateral_acts/20260828T222000Z/details/act_5180.json,False,1,False,False,False,False,False,True,11,True
China,58,5015,Memorando de Entendimento entre o Ministério do Meio Ambiente da República Federativa do Brasil e o Ministério dos Recursos Hídricos da República Popular da China em Cooperação Técnica e Científica no Campo dos Recursos Hídricos,memorando de entendimento entre o ministerio do meio ambiente da republica federativa do brasil e o ministerio dos recursos hidricos da republica popular da china em cooperacao tecnica e cientifica no campo dos recursos hidricos,Memorando de Entendimento,2003-09-24,2003,False,BL,Expirado,China,China,1,True,Energia e Recursos Estratégicos,Energia e Recursos Estratégicos,1,Marina Silva,Jing Zhengshu,Brasília,Brasil,True,,,,,,,False,False,False,,https://concordia.itamaraty.gov.br/detalhamento-acordo/5015,3887,https://aplicacao.itamaraty.gov.br/ApiConcordia/Documento/download/3887,1,data/raw/concordia_bilateral_acts/20260828T222000Z/searches/china/page_001.json,data/raw/concordia_bilateral_acts/20260828T222000Z/details/act_5015.json,False,1,False,False,False,False,False,True,1,False
China,58,4935,"Memorando de Entendimento entre o Ministério do Desenvolvimento, Indústria e Comércio Exterior da República Federativa do Brasil e a Comissão Estatal para Planificação da Economia da República Popular da China sobre Cooperação Industrial.",memorando de entendimento entre o ministerio do desenvolvimento industria e comercio exterior da republica federativa do brasil e a comissao estatal para planificacao da economia da republica popular da china sobre cooperacao industrial,Memorando de Entendimento,2002-12-02,2002,False,BL,Expirado,China,China,1,True,Cooperação e Desenvolvimento,Cooperação e Desenvolvimento,1,Embaixador Sérgio Silva do Amaral,Zhang Guobao,Pequim,China,True,,,,,,,False,False,False,,https://concordia.itamaraty.gov.br/detalhamento-acordo/4935,3744,https://aplicacao.itamaraty.gov.br/ApiConcordia/Documento/download/3744,1,data/raw/concordia_bilateral_acts/20260828T222000Z/searches/china/page_001.json,data/raw/concordia_bilateral_acts/20260828T222000Z/details/act_4935.json,False,1,False,False,False,False,False,True,1,False
China,58,4934,Protocolo Complementar ao Acordo-Quadro entre o Governo da República Federativa do Brasil e o Governo da República Popular da China sobre Cooperação em Aplicações Pacíficas de Ciência e Tecnologia do Espaço Exterior para a Continuidade do Desenvolvimento Conjunto de Satélites de Recursos Terrestres.,protocolo complementar ao acordo quadro entre o governo da republica federativa do brasil e o governo da republica popular da china sobre cooperacao em aplicacoes pacificas de ciencia e tecnologia do espaco exterior para a continuidade do desenvolvimento conjunto de satelites de recursos terrestres,Protocolo Complementar,2002-11-27,2002,False,BL,Em Vigor,China,China,1,True,Meio Ambiente e Sustentabilidade,Meio Ambiente e Sustentabilidade,1,Ronaldo Mota Sardenberg,Jiang Yuande,Brasília,Brasil,False,,,,,,,False,False,False,,https://concordia.itamaraty.gov.br/detalhamento-acordo/4934,3712,https://aplicacao.itamaraty.gov.br/ApiConcordia/Documento/download/3712,3,data/raw/concordia_bilateral_acts/20260828T222000Z/searches/china/page_001.json,data/raw/concordia_bilateral_acts/20260828T222000Z/details/act_4934.json,False,1,False,False,False,False,False,True,1,False
China,58,4779,Programa Executivo Cultural do Acordo de Cooperação Cultural e Educacional entre o Governo da República Federativa do Brasil e a República Popular da China para os anos de 2001 a 2004.,programa executivo cultural do acordo de cooperacao cultural e educacional entre o governo da republica federativa do brasil e a republica popular da china para os anos de 2001 a 2004,Programa Executivo,2001-11-12,2001,False,BL,Em Vigor,China,China,1,True,Educação e Cultura,Educação e Cultura,1,Maria Celina de Azevedo,Ding Wei,Beijing,China,True,,,,,,,False,False,False,,https://concordia.itamaraty.gov.br/detalhamento-acordo/4779,3702,https://aplicacao.itamaraty.gov.br/ApiConcordia/Documento/download/3702,0,data/raw/concordia_bilateral_acts/20260828T222000Z/searches/china/page_001.json,data/raw/concordia_bilateral_acts/20260828T222000Z/details/act_4779.json,False,1,False,False,False,False,False,True,1,False
China,58,4670,Protocolo de Cooperação em Tecnologia Espacial entre o Governo da República Federativa do Brasil e o Governo da República Popular da China.,protocolo de cooperacao em tecnologia espacial entre o governo da republica federativa do brasil e o governo da republica popular da china,Protocolo,2000-09-21,2000,False,BL,Em Vigor,China,China,1,True,Meio Ambiente e Sustentabilidade,Meio Ambiente e Sustentabilidade,1,Luiz Felipe Lampreia,Tang Jiaxuan,Brasília,Brasil,True,,,,,,,False,False,False,,https://concordia.itamaraty.gov.br/detalhamento-acordo/4670,3699,https://aplicacao.itamaraty.gov.br/ApiConcordia/Documento/download/3699,1,data/raw/concordia_bilateral_acts/20260828T222000Z/searches/china/page_001.json,data/raw/concordia_bilateral_acts/20260828T222000Z/details/act_4670.json,False,1,False,False,False,False,False,True,1,False
China,58,4662,"Acordo, por troca de Notas, sobre a Concessão de Vistos de Múltiplas Entradas, pelo período da missão, aos brasileiros e chineses portadores de passaportes diplomáticos e oficiais.",acordo por troca de notas sobre a concessao de vistos de multiplas entradas pelo periodo da missao aos brasileiros e chineses portadores de passaportes diplomaticos e oficiais,Troca de Notas,2000-08-17,2000,False,BL,Substituído,China,China,1,True,Consulares e Migratórios,Consulares e Migratórios,1,Affonso Celso de Ouro-Preto,--,Pequim,China,True,,,,,5173,"Acordo, por troca de Notas, entre o Ministério das Relações Exteriores da República Federativa do Brasil e o Ministério dos Negócios Estrangeiros da República Popular da China para Flexibilização da Concessão de Vistos para Empresários",True,False,False,,https://concordia.itamaraty.gov.br/detalhamento-acordo/4662,3703,https://aplicacao.itamaraty.gov.br/ApiConcordia/Documento/download/3703,1,data/raw/concordia_bilateral_acts/20260828T222000Z/searches/china/page_001.json,data/raw/concordia_bilateral_acts/20260828T222000Z/details/act_4662.json,False,1,False,False,False,False,False,True,1,False
Índia,145,7546,Memorando de Entendimento entre o Ministério das Relações Exteriores da República Federativa do Brasil e o Ministério de Negócios Estrangeiros da República da Índia sobre o Estabelecimento de Mecanismo de Consulta sobre Assuntos Consulares e de Mobilidade,memorando de entendimento entre o ministerio das relacoes exteriores da republica federativa do brasil e o ministerio de negocios estrangeiros da republica da india sobre o estabelecimento de mecanismo de consulta sobre assuntos consulares e de mobilidade,Memorando de Entendimento,2014-07-16,2014,False,BL,Em Vigor,Índia,Índia,1,True,Relações Diplomáticas e Consulares,Relações Diplomáticas e Consulares,1,Luiz Alberto Figueiredo Machado,Ashok Tomar,Brasília,Brasil,True,,,,,,,False,False,False,,https://concordia.itamaraty.gov.br/detalhamento-acordo/7546,7504,https://aplicacao.itamaraty.gov.br/ApiConcordia/Documento/download/7504,1,data/raw/concordia_bilateral_acts/20260828T222000Z/searches/india/page_001.json,data/raw/concordia_bilateral_acts/20260828T222000Z/details/act_7546.json,False,1,False,False,False,False,False,True,3,True
Índia,145,7547,Ajuste Complementar entre o Governo da República Federativa do Brasil e o Governo da República da Índia Estabelecendo Cooperação na Ampliação de uma Estação Terrestre Brasileira para o Recebimento e Processamento de Dados de Satélites de Sensoriamento Remoto Indianos (SRI),ajuste complementar entre o governo da republica federativa do brasil e o governo da republica da india estabelecendo cooperacao na ampliacao de uma estacao terrestre brasileira para o recebimento e processamento de dados de satelites de sensoriamento remoto indianos sri,Ajuste Complementar,2014-07-16,2014,False,BL,Em ratificação da(s) outra(s) Parte(s),Índia,Índia,1,True,Mar e Espaço,Mar e Espaço,1,Luiz Alberto Figueiredo Machado,Ashok Tomar,Brasília,Brasil,True,,,,,,,False,False,False,,https://concordia.itamaraty.gov.br/detalhamento-acordo/7547,8144,https://aplicacao.itamaraty.gov.br/ApiConcordia/Documento/download/8144,0,data/raw/concordia_bilateral_acts/20260828T222000Z/searches/india/page_001.json,data/raw/concordia_bilateral_acts/20260828T222000Z/details/act_7547.json,False,1,False,False,False,False,False,True,3,True
Índia,145,7549,Memorando de Entendimento entre o Governo da República Federativa do Brasil e o Governo da República da Índia sobre Cooperação na Área de Meio Ambiente,memorando de entendimento entre o governo da republica federativa do brasil e o governo da republica da india sobre cooperacao na area de meio ambiente,Memorando de Entendimento,2014-07-16,2014,False,BL,Em Vigor,Índia,Índia,1,True,Meio Ambiente e Sustentabilidade,Meio Ambiente e Sustentabilidade,1,Luiz Alberto Figueiredo Machado,Ashok Tomar,Brasília,Brasil,True,,,,,,,False,False,False,,https://concordia.itamaraty.gov.br/detalhamento-acordo/7549,7500,https://aplicacao.itamaraty.gov.br/ApiConcordia/Documento/download/7500,1,data/raw/concordia_bilateral_acts/20260828T222000Z/searches/india/page_001.json,data/raw/concordia_bilateral_acts/20260828T222000Z/details/act_7549.json,False,1,False,False,False,False,False,True,3,True
Índia,145,7481,"Protocolo Alterando a Convenção entre o Governo da República Federativa do Brasil e o Governo da República da Índia Destinada a Evitar a Dupla Tributação e Prevenir a Evasão Fiscal em Matéria de impostos sobre a Renda, Celebrada em Nova Delhi, em 26 de abril de 1988",protocolo alterando a convencao entre o governo da republica federativa do brasil e o governo da republica da india destinada a evitar a dupla tributacao e prevenir a evasao fiscal em materia de impostos sobre a renda celebrada em nova delhi em 26 de abril de 1988,Convenção,2013-10-15,2013,False,BL,Em Vigor,Índia,Índia,1,True,"Economia, Finanças e Tributos","Economia, Finanças e Tributos",1,Carlos Alberto Barreto,Ashok Tomar,Brasília,Brasil,False,,,,,,,False,True,False,,https://concordia.itamaraty.gov.br/detalhamento-acordo/7481,7514,https://aplicacao.itamaraty.gov.br/ApiConcordia/Documento/download/7514,3,data/raw/concordia_bilateral_acts/20260828T222000Z/searches/india/page_001.json,data/raw/concordia_bilateral_acts/20260828T222000Z/details/act_7481.json,False,1,False,False,False,False,False,True,2,True
Índia,145,7482,Acordo sobre Transferência de Pessoas Condenadas entre a República Federativa do Brasil e a República da Índia,acordo sobre transferencia de pessoas condenadas entre a republica federativa do brasil e a republica da india,Acordo,2013-10-15,2013,False,BL,Em Vigor,Índia,Índia,1,True,"Direito, Justiça & Segurança Pública","Direito, Justiça & Segurança Pública",1,Luiz Alberto Figueiredo Machado,Salman Khurshid,Brasília,Brasil,False,,,,,,,False,False,False,,https://concordia.itamaraty.gov.br/detalhamento-acordo/7482,13033,https://aplicacao.itamaraty.gov.br/ApiConcordia/Documento/download/13033,3,data/raw/concordia_bilateral_acts/20260828T222000Z/searches/india/page_001.json,data/raw/concordia_bilateral_acts/20260828T222000Z/details/act_7482.json,False,1,False,False,False,False,False,True,2,True
Índia,145,7279,Declaração de Intenções para a Promoção da Igualdade de Gênero e a Promoção dos Direitos da Mulher e da Criança,declaracao de intencoes para a promocao da igualdade de genero e a promocao dos direitos da mulher e da crianca,Outro/não classificado,2012-03-30,2012,False,BL,Em Vigor,Índia,Índia,1,True,"Direito, Justiça & Segurança Pública","Direito, Justiça & Segurança Pública",1,-,-,Nova Delhi,Índia,True,,,,,,,False,False,False,,https://concordia.itamaraty.gov.br/detalhamento-acordo/7279,7493,https://aplicacao.itamaraty.gov.br/ApiConcordia/Documento/download/7493,0,data/raw/concordia_bilateral_acts/20260828T222000Z/searches/india/page_001.json,data/raw/concordia_bilateral_acts/20260828T222000Z/details/act_7279.json,False,1,False,False,False,False,False,True,4,True
Índia,145,7280,Memorando de Entendimento entre o Governo da República Federativa do Brasil e o Governo da República da Índia em Cooperação na Área de Biotecnologia,memorando de entendimento entre o governo da republica federativa do brasil e o governo da republica da india em cooperacao na area de biotecnologia,Memorando de Entendimento,2012-03-30,2012,False,BL,Expirado,Índia,Índia,1,True,Cooperação e Desenvolvimento,Cooperação e Desenvolvimento,1,Marco Antonio Raupp,Shri Vilasrao Dagadojirao,Nova Delhi,Índia,True,,,,,,,False,False,False,,https://concordia.itamaraty.gov.br/detalhamento-acordo/7280,7477,https://aplicacao.itamaraty.gov.br/ApiConcordia/Documento/download/7477,1,data/raw/concordia_bilateral_acts/20260828T222000Z/searches/india/page_001.json,data/raw/concordia_bilateral_acts/20260828T222000Z/details/act_7280.json,False,1,False,False,False,False,False,True,4,True
Índia,145,7282,Programa Executivo de Intercâmbios Culturais entre o Governo da República Federativa do Brasil e o Governo da República da Índia para o Período 2012-2014,programa executivo de intercambios culturais entre o governo da republica federativa do brasil e o governo da republica da india para o periodo 2012 2014,Programa Executivo,2012-03-30,2012,False,BL,Expirado,Índia,Índia,1,True,Educação e Cultura,Educação e Cultura,1,Antonio de Aguiar,Shri S. M. Krishna,Nova Delhi,Índia,True,,,,,,,False,False,False,,https://concordia.itamaraty.gov.br/detalhamento-acordo/7282,7485,https://aplicacao.itamaraty.gov.br/ApiConcordia/Documento/download/7485,1,data/raw/concordia_bilateral_acts/20260828T222000Z/searches/india/page_001.json,data/raw/concordia_bilateral_acts/20260828T222000Z/details/act_7282.json,False,1,False,False,False,False,False,True,4,True
Índia,145,7283,Memorando de Entendimento sobre Cooperação Técnica entre o Governo da República Federativa do Brasil e o Governo da República da Índia,memorando de entendimento sobre cooperacao tecnica entre o governo da republica federativa do brasil e o governo da republica da india,Memorando de Entendimento,2012-03-30,2012,False,BL,Em Vigor,Índia,Índia,1,True,Cooperação e Desenvolvimento,Cooperação e Desenvolvimento,1,Antonio de Aguiar Patriota,Shri S. M. Krishna,Nova Delhi,Índia,True,,,,,,,False,False,False,,https://concordia.itamaraty.gov.br/detalhamento-acordo/7283,7482,https://aplicacao.itamaraty.gov.br/ApiConcordia/Documento/download/7482,1,data/raw/concordia_bilateral_acts/20260828T222000Z/searches/india/page_001.json,data/raw/concordia_bilateral_acts/20260828T222000Z/details/act_7283.json,False,1,False,False,False,False,False,True,4,True
Índia,145,7071,Acordo sobre Serviços Aéreos entre o Governo da República do Brasil e o Governo da República da Índia,acordo sobre servicos aereos entre o governo da republica do brasil e o governo da republica da india,Acordo,2011-03-08,2011,False,BL,Em Vigor,Índia,Índia,1,True,Serviços e Transporte,Serviços e Transporte,1,Antonio de Aguiar Patriota,Shri Vayalar Ravi,Nova Delhi,Índia,False,,,5677,Acordo sobre Serviços Aéreos entre o Governo da República Federativa do Brasil e o Governo da Índia,,,True,False,False,,https://concordia.itamaraty.gov.br/detalhamento-acordo/7071,7471,https://aplicacao.itamaraty.gov.br/ApiConcordia/Documento/download/7471,4,data/raw/concordia_bilateral_acts/20260828T222000Z/searches/india/page_001.json,data/raw/concordia_bilateral_acts/20260828T222000Z/details/act_7071.json,False,1,False,False,False,False,False,True,1,False
Índia,145,6073,Tratado de Extradição entre a República Federativa do Brasil e a República da Índia,tratado de extradicao entre a republica federativa do brasil e a republica da india,Tratado,2008-04-16,2008,False,BL,Em Vigor,Índia,Índia,1,True,"Direito, Justiça & Segurança Pública","Direito, Justiça & Segurança Pública",1,Celso Amorim,Villas Muttemwar,Brasília,Brasil,False,,,,,,,False,False,False,,https://concordia.itamaraty.gov.br/detalhamento-acordo/6073,1182,https://aplicacao.itamaraty.gov.br/ApiConcordia/Documento/download/1182,3,data/raw/concordia_bilateral_acts/20260828T222000Z/searches/india/page_001.json,data/raw/concordia_bilateral_acts/20260828T222000Z/details/act_6073.json,False,1,False,False,False,False,False,True,4,True
Índia,145,6074,Memorando de Entendimento entre o Governo da República Federativa do Brasil e o Governo da República da Índia na Área de Defesa Civil e Assistência Humanitária,memorando de entendimento entre o governo da republica federativa do brasil e o governo da republica da india na area de defesa civil e assistencia humanitaria,Memorando de Entendimento,2008-04-16,2008,False,BL,Em Vigor,Índia,Índia,1,True,"Direito, Justiça & Segurança Pública","Direito, Justiça & Segurança Pública",1,Celso Amorim,Villas Muttemwar,Brasília,Brasil,True,,,,,,,False,False,False,,https://concordia.itamaraty.gov.br/detalhamento-acordo/6074,7459,https://aplicacao.itamaraty.gov.br/ApiConcordia/Documento/download/7459,1,data/raw/concordia_bilateral_acts/20260828T222000Z/searches/india/page_001.json,data/raw/concordia_bilateral_acts/20260828T222000Z/details/act_6074.json,False,1,False,False,False,False,False,True,4,True
Índia,145,6075,Memorando de Entendimento para Cooperação no Setor de Petróleo e Gás Natural entre o Ministério de Minas e Energia do Governo da República Federativa do Brasil e o Ministério do Petróleo e Gás Natural do Governo da República Da Índia,memorando de entendimento para cooperacao no setor de petroleo e gas natural entre o ministerio de minas e energia do governo da republica federativa do brasil e o ministerio do petroleo e gas natural do governo da republica da india,Memorando de Entendimento,2008-04-16,2008,False,BL,Expirado,Índia,Índia,1,True,Energia e Recursos Estratégicos,Energia e Recursos Estratégicos,1,Celso Amorim,Villas Muttemwar,Brasília,Brasil,True,,,,,,,False,False,False,,https://concordia.itamaraty.gov.br/detalhamento-acordo/6075,7461,https://aplicacao.itamaraty.gov.br/ApiConcordia/Documento/download/7461,1,data/raw/concordia_bilateral_acts/20260828T222000Z/searches/india/page_001.json,data/raw/concordia_bilateral_acts/20260828T222000Z/details/act_6075.json,False,1,False,False,False,False,False,True,4,True
Índia,145,6076,Memorando de Entendimento entre o Governo da República Federativa do Brasil e a República da Índia para a Cooperação em Agricultura e Setores Afins,memorando de entendimento entre o governo da republica federativa do brasil e a republica da india para a cooperacao em agricultura e setores afins,Memorando de Entendimento,2008-04-16,2008,False,BL,Em Vigor,Índia,Índia,1,True,"Agricultura, Pecuária e Pesca","Agricultura, Pecuária e Pesca",1,Celso Amorim,Villas Muttemwar,Brasília,Brasil,True,,,,,,,False,False,False,,https://concordia.itamaraty.gov.br/detalhamento-acordo/6076,7463,https://aplicacao.itamaraty.gov.br/ApiConcordia/Documento/download/7463,1,data/raw/concordia_bilateral_acts/20260828T222000Z/searches/india/page_001.json,data/raw/concordia_bilateral_acts/20260828T222000Z/details/act_6076.json,False,1,False,False,False,False,False,True,4,True
Índia,145,6029,Memorando de Entendimento entre o Governo da República Federativa do Brasil e o Governo da República Federativa do Brasil sobre a Luta Contra a Fome e a Pobreza,memorando de entendimento entre o governo da republica federativa do brasil e o governo da republica federativa do brasil sobre a luta contra a fome e a pobreza,Memorando de Entendimento,2008-02-18,2008,False,BL,Em Vigor,Índia,Índia,1,True,"Direito, Justiça & Segurança Pública","Direito, Justiça & Segurança Pública",1,Celso Amorim,Pranab Mukerjee,Brasília,Brasil,True,,,,,,,False,False,False,,https://concordia.itamaraty.gov.br/detalhamento-acordo/6029,7640,https://aplicacao.itamaraty.gov.br/ApiConcordia/Documento/download/7640,1,data/raw/concordia_bilateral_acts/20260828T222000Z/searches/india/page_001.json,data/raw/concordia_bilateral_acts/20260828T222000Z/details/act_6029.json,False,1,False,False,False,False,False,True,3,True
Índia,145,6030,Memorando de Entendimento entre o Governo da República Federativa do Brasil e o Governo da República da Índia sobre Cooperação em Esportes e Assuntos de Juventude,memorando de entendimento entre o governo da republica federativa do brasil e o governo da republica da india sobre cooperacao em esportes e assuntos de juventude,Memorando de Entendimento,2008-02-18,2008,False,BL,Expirado,Índia,Índia,1,True,Cooperação e Desenvolvimento,Cooperação e Desenvolvimento,1,Celso Amorim,Pranab Mukerjee,Brasília,Brasil,True,,,,,,,False,False,False,,https://concordia.itamaraty.gov.br/detalhamento-acordo/6030,7643,https://aplicacao.itamaraty.gov.br/ApiConcordia/Documento/download/7643,1,data/raw/concordia_bilateral_acts/20260828T222000Z/searches/india/page_001.json,data/raw/concordia_bilateral_acts/20260828T222000Z/details/act_6030.json,False,1,False,False,False,False,False,True,3,True
Índia,145,6031,Memorando de Entendimento entre a República Federativa do Brasil e a República da Índia sobre Cooperação no Setor de Infra-Estrutura,memorando de entendimento entre a republica federativa do brasil e a republica da india sobre cooperacao no setor de infra estrutura,Memorando de Entendimento,2008-02-18,2008,False,BL,Expirado,Índia,Índia,1,True,Cooperação e Desenvolvimento,Cooperação e Desenvolvimento,1,Celso Amorim,Pranab Mukerjee,Brasília,Brasil,True,,,,,,,False,False,False,,https://concordia.itamaraty.gov.br/detalhamento-acordo/6031,7652,https://aplicacao.itamaraty.gov.br/ApiConcordia/Documento/download/7652,1,data/raw/concordia_bilateral_acts/20260828T222000Z/searches/india/page_001.json,data/raw/concordia_bilateral_acts/20260828T222000Z/details/act_6031.json,False,1,False,False,False,False,False,True,3,True
Índia,145,5930,Memorando de Entendimento entre o Governo da República Federativa do Brasil e o Governo da República da Índia sobre Cooperação Mútua entre as Academias Diplomáticas,memorando de entendimento entre o governo da republica federativa do brasil e o governo da republica da india sobre cooperacao mutua entre as academias diplomaticas,Memorando de Entendimento,2007-09-12,2007,False,BL,Em Vigor,Índia,Índia,1,True,Relações Diplomáticas e Consulares,Relações Diplomáticas e Consulares,1,Samuel Pinheiro Guimarães,Surendra Kumar,Brasília,Brasil,True,,,,,,,False,False,False,,https://concordia.itamaraty.gov.br/detalhamento-acordo/5930,7637,https://aplicacao.itamaraty.gov.br/ApiConcordia/Documento/download/7637,1,data/raw/concordia_bilateral_acts/20260828T222000Z/searches/india/page_001.json,data/raw/concordia_bilateral_acts/20260828T222000Z/details/act_5930.json,False,1,False,False,False,False,False,True,1,False
Índia,145,5851,Acordo de Co-produção Audiovisual entre o Governo da República Federativa do Brasil e o Governo da República da Índia,acordo de co producao audiovisual entre o governo da republica federativa do brasil e o governo da republica da india,Acordo,2007-06-04,2007,False,BL,Em Vigor,Índia,Índia,1,True,Educação e Cultura,Educação e Cultura,1,Celso Amorim,P. R. Dasmunsi,Nova Delhi,Índia,False,,,,,,,False,False,False,,https://concordia.itamaraty.gov.br/detalhamento-acordo/5851,7616,https://aplicacao.itamaraty.gov.br/ApiConcordia/Documento/download/7616,3,data/raw/concordia_bilateral_acts/20260828T222000Z/searches/india/page_001.json,data/raw/concordia_bilateral_acts/20260828T222000Z/details/act_5851.json,False,1,False,False,False,False,False,True,2,True
Índia,145,5852,Ajuste Complementar entre o Governo da República Federativa do Brasil e o Governo da República da Índia sobre Cooperação para a Ampliação da Estação Brasileira Terrestre de Recepção e Processamento de Dados dos Satélites de Sensoreamento Remoto da Índia,ajuste complementar entre o governo da republica federativa do brasil e o governo da republica da india sobre cooperacao para a ampliacao da estacao brasileira terrestre de recepcao e processamento de dados dos satelites de sensoreamento remoto da india,Ajuste Complementar,2007-06-04,2007,False,BL,Expirado,Índia,Índia,1,True,Mar e Espaço,Mar e Espaço,1,Celso Amorim,G. Madhavan Nair,Nova Delhi,Índia,False,,,,,,,False,False,False,,https://concordia.itamaraty.gov.br/detalhamento-acordo/5852,7624,https://aplicacao.itamaraty.gov.br/ApiConcordia/Documento/download/7624,0,data/raw/concordia_bilateral_acts/20260828T222000Z/searches/india/page_001.json,data/raw/concordia_bilateral_acts/20260828T222000Z/details/act_5852.json,False,1,False,False,False,False,False,True,2,True
Índia,145,5816,Acordo entre o Governo da República Federativa do Brasil e o Governo da República da Índia sobre Assistência Mútua em Matéria Aduaneira,acordo entre o governo da republica federativa do brasil e o governo da republica da india sobre assistencia mutua em materia aduaneira,Acordo,2007-05-04,2007,False,BL,Em Vigor,Índia,Índia,1,True,"Economia, Finanças e Tributos","Economia, Finanças e Tributos",1,Jorge Antonio Deher Rachid,S. K. Shingal,Nova Delhi,Índia,False,,,,,,,False,False,False,,https://concordia.itamaraty.gov.br/detalhamento-acordo/5816,8273,https://aplicacao.itamaraty.gov.br/ApiConcordia/Documento/download/8273,3,data/raw/concordia_bilateral_acts/20260828T222000Z/searches/india/page_001.json,data/raw/concordia_bilateral_acts/20260828T222000Z/details/act_5816.json,False,1,False,False,False,False,False,True,1,False
Índia,145,5677,Acordo sobre Serviços Aéreos entre o Governo da República Federativa do Brasil e o Governo da Índia,acordo sobre servicos aereos entre o governo da republica federativa do brasil e o governo da india,Acordo,2006-09-12,2006,False,BL,Substituído,Índia,Índia,1,True,Serviços e Transporte,Serviços e Transporte,1,Celso Amorim,Anan Sharma,Brasília,Brasil,False,,,,,7071,Acordo sobre Serviços Aéreos entre o Governo da República do Brasil e o Governo da República da Índia,True,False,False,,https://concordia.itamaraty.gov.br/detalhamento-acordo/5677,7524,https://aplicacao.itamaraty.gov.br/ApiConcordia/Documento/download/7524,2,data/raw/concordia_bilateral_acts/20260828T222000Z/searches/india/page_001.json,data/raw/concordia_bilateral_acts/20260828T222000Z/details/act_5677.json,False,1,False,False,False,False,False,True,4,True
Índia,145,5678,Acordo entre a República Federativa do Brasil e a República da Índia em Cooperação Científica e Tecnológica,acordo entre a republica federativa do brasil e a republica da india em cooperacao cientifica e tecnologica,Acordo,2006-09-12,2006,False,BL,Em Vigor,Índia,Índia,1,True,"Ciência, Tecnologia e Inovação","Ciência, Tecnologia e Inovação",1,Sergio Machado Rezende,Anan Sharma,Brasília,Brasil,False,,,3283,Acordo sobre Cooperação nos Campos da Ciência e Tecnologia entre a República Federativa do Brasil e a República da Índia.,,,True,False,False,,https://concordia.itamaraty.gov.br/detalhamento-acordo/5678,7547,https://aplicacao.itamaraty.gov.br/ApiConcordia/Documento/download/7547,3,data/raw/concordia_bilateral_acts/20260828T222000Z/searches/india/page_001.json,data/raw/concordia_bilateral_acts/20260828T222000Z/details/act_5678.json,False,1,False,False,False,False,False,True,4,True
Índia,145,5679,Memorando de Entendimento entre o Governo da República Federativa do Brasil e o Governo da República da Índia para Cooperação na Área de Assentamentos Humanos,memorando de entendimento entre o governo da republica federativa do brasil e o governo da republica da india para cooperacao na area de assentamentos humanos,Memorando de Entendimento,2006-09-12,2006,False,BL,Em Vigor,Índia,Índia,1,True,Cooperação e Desenvolvimento,Cooperação e Desenvolvimento,1,Celso Amorim,Anand Sharma,Brasília,Brasil,True,,,,,,,False,False,False,,https://concordia.itamaraty.gov.br/detalhamento-acordo/5679,7612,https://aplicacao.itamaraty.gov.br/ApiConcordia/Documento/download/7612,1,data/raw/concordia_bilateral_acts/20260828T222000Z/searches/india/page_001.json,data/raw/concordia_bilateral_acts/20260828T222000Z/details/act_5679.json,False,1,False,False,False,False,False,True,4,True
Índia,145,5680,"Memorandum de Entendimento entre o Governo da República Federativa do Brasil e o Governo da República da Índia com Vistas à Implementação das ""Semanas de Cultura Brasileira na Índia"" e das ""Semanas de Cultura Indiana no Brasil""",memorandum de entendimento entre o governo da republica federativa do brasil e o governo da republica da india com vistas a implementacao das semanas de cultura brasileira na india e das semanas de cultura indiana no brasil,Outro/não classificado,2006-09-12,2006,False,BL,Em Vigor,Índia,Índia,1,True,Educação e Cultura,Educação e Cultura,1,Celso Amorim,Anand Sharma,Brasília,Brasil,True,,,,,,,False,False,False,,https://concordia.itamaraty.gov.br/detalhamento-acordo/5680,7614,https://aplicacao.itamaraty.gov.br/ApiConcordia/Documento/download/7614,1,data/raw/concordia_bilateral_acts/20260828T222000Z/searches/india/page_001.json,data/raw/concordia_bilateral_acts/20260828T222000Z/details/act_5680.json,False,1,False,False,False,False,False,True,4,True
Índia,145,5551,Programa Executivo Cultural entre o Governo da República Federativa do Brasil e o Governo da República da Índia para os Anos 2006-2007,programa executivo cultural entre o governo da republica federativa do brasil e o governo da republica da india para os anos 2006 2007,Programa Executivo,2006-02-02,2006,False,BL,Expirado,Índia,Índia,1,True,Educação e Cultura,Educação e Cultura,1,Pedro Motta Pinto Coelho,Hardeep SIngh Puri,Brasília,Brasil,True,,,,,,,False,False,False,,https://concordia.itamaraty.gov.br/detalhamento-acordo/5551,7498,https://aplicacao.itamaraty.gov.br/ApiConcordia/Documento/download/7498,1,data/raw/concordia_bilateral_acts/20260828T222000Z/searches/india/page_001.json,data/raw/concordia_bilateral_acts/20260828T222000Z/details/act_5551.json,False,1,False,False,False,False,False,True,2,True
Índia,145,5552,Acordo entre o Governo da Republica Federativa do Brasil e o o Governo da Republica da Índia sobre o Exercício de Atividades Remuneradas por Parte dos Dependentes do Pessoal Diplomático e Consular,acordo entre o governo da republica federativa do brasil e o o governo da republica da india sobre o exercicio de atividades remuneradas por parte dos dependentes do pessoal diplomatico e consular,Acordo,2006-02-02,2006,False,BL,Em Vigor,Índia,Índia,1,True,Relações Diplomáticas e Consulares,Relações Diplomáticas e Consulares,1,Pedro Motta Pinto Coelho,Hardeep Singh Puri,Brasília,Brasil,False,,,,,,,False,False,False,,https://concordia.itamaraty.gov.br/detalhamento-acordo/5552,7484,https://aplicacao.itamaraty.gov.br/ApiConcordia/Documento/download/7484,3,data/raw/concordia_bilateral_acts/20260828T222000Z/searches/india/page_001.json,data/raw/concordia_bilateral_acts/20260828T222000Z/details/act_5552.json,False,1,False,False,False,False,False,True,2,True
Índia,145,5550,Programa de Intercâmbio entre o Governo da República Federativa do Brasil e o Governo da República da Índia de Cooperação no Campo da Educação,programa de intercambio entre o governo da republica federativa do brasil e o governo da republica da india de cooperacao no campo da educacao,Programa,2006-02-01,2006,False,BL,Em Vigor,Índia,Índia,1,True,Cooperação e Desenvolvimento,Cooperação e Desenvolvimento,1,Jorge Almeida Guimarães,Hardeep Singh Puri,Brasília,Brasil,True,,,,,,,False,False,False,,https://concordia.itamaraty.gov.br/detalhamento-acordo/5550,7552,https://aplicacao.itamaraty.gov.br/ApiConcordia/Documento/download/7552,1,data/raw/concordia_bilateral_acts/20260828T222000Z/searches/india/page_001.json,data/raw/concordia_bilateral_acts/20260828T222000Z/details/act_5550.json,False,1,False,False,False,False,False,True,1,False
Índia,145,5139,Acordo de Cooperação na Área do Turismo entre o Governo da República Federativa do Brasil e o Governo da República da Índia,acordo de cooperacao na area do turismo entre o governo da republica federativa do brasil e o governo da republica da india,Acordo,2004-01-25,2004,False,BL,Em ratificação da(s) outra(s) Parte(s),Índia,Índia,1,True,Serviços e Transporte,Serviços e Transporte,1,Walfrido Mares Guia,Arun Jaitley,Nova Delhi,Índia,False,,,,,,,False,False,False,,https://concordia.itamaraty.gov.br/detalhamento-acordo/5139,7666,https://aplicacao.itamaraty.gov.br/ApiConcordia/Documento/download/7666,2,data/raw/concordia_bilateral_acts/20260828T222000Z/searches/india/page_001.json,data/raw/concordia_bilateral_acts/20260828T222000Z/details/act_5139.json,False,1,False,False,False,False,False,True,4,True
Índia,145,5140,"Acordo entre o Governo da República Federativa do Brasil e o Governo da República da Índia sobre Isenção de Vistos para Portadores de Passaportes Diplomáticos, Oficiais e de Serviço",acordo entre o governo da republica federativa do brasil e o governo da republica da india sobre isencao de vistos para portadores de passaportes diplomaticos oficiais e de servico,Acordo,2004-01-25,2004,False,BL,Em Vigor,Índia,Índia,1,True,Consulares e Migratórios,Consulares e Migratórios,1,Celso Amorim,Yashwant Senha,Nova Delhi,Índia,True,,,,,,,False,False,False,,https://concordia.itamaraty.gov.br/detalhamento-acordo/5140,7663,https://aplicacao.itamaraty.gov.br/ApiConcordia/Documento/download/7663,1,data/raw/concordia_bilateral_acts/20260828T222000Z/searches/india/page_001.json,data/raw/concordia_bilateral_acts/20260828T222000Z/details/act_5140.json,False,1,False,False,False,False,False,True,4,True
Índia,145,5141,Programa Executivo Cultural entre o Governo da República Federativa do Brasil e o Governo da República da Índia para os Anos 2004-2005,programa executivo cultural entre o governo da republica federativa do brasil e o governo da republica da india para os anos 2004 2005,Programa Executivo,2004-01-25,2004,False,BL,Expirado,Índia,Índia,1,True,Educação e Cultura,Educação e Cultura,1,Vera Lúcia Barrouin Crivano Machado,Dhehedra Kuman,Nova Delhi,Índia,True,,,,,,,False,False,False,,https://concordia.itamaraty.gov.br/detalhamento-acordo/5141,7557,https://aplicacao.itamaraty.gov.br/ApiConcordia/Documento/download/7557,1,data/raw/concordia_bilateral_acts/20260828T222000Z/searches/india/page_001.json,data/raw/concordia_bilateral_acts/20260828T222000Z/details/act_5141.json,False,1,False,False,False,False,False,True,4,True
Índia,145,5143,Acordo-Quadro entre o Governo da República Federativa do Brasil e o Governo da República da índia sobre a Cooperação nos Usos Pacíficos do Espaço Exterior,acordo quadro entre o governo da republica federativa do brasil e o governo da republica da india sobre a cooperacao nos usos pacificos do espaco exterior,Acordo,2004-01-25,2004,False,BL,Em Vigor,Índia,Índia,1,True,Mar e Espaço,Mar e Espaço,1,Celso Amorim,Yashwant Sinha,Nova Delhi,Índia,False,,,,,,,False,False,False,,https://concordia.itamaraty.gov.br/detalhamento-acordo/5143,8898,https://aplicacao.itamaraty.gov.br/ApiConcordia/Documento/download/8898,3,data/raw/concordia_bilateral_acts/20260828T222000Z/searches/india/page_001.json,data/raw/concordia_bilateral_acts/20260828T222000Z/details/act_5143.json,False,1,False,False,False,False,False,True,4,True
Índia,145,5118,Acordo entre o Governo da República Federativa do Brasil e o Governo da República da Índia sobre Cooperação em Assuntos Relativos à Defesa,acordo entre o governo da republica federativa do brasil e o governo da republica da india sobre cooperacao em assuntos relativos a defesa,Acordo,2003-12-01,2003,False,BL,Em Vigor,Índia,Índia,1,True,Defesa e Segurança,Defesa e Segurança,1,José Viegas Filho,George Fernandes,Nova Delhi,Índia,False,,,,,,,False,False,False,,https://concordia.itamaraty.gov.br/detalhamento-acordo/5118,8075,https://aplicacao.itamaraty.gov.br/ApiConcordia/Documento/download/8075,3,data/raw/concordia_bilateral_acts/20260828T222000Z/searches/india/page_001.json,data/raw/concordia_bilateral_acts/20260828T222000Z/details/act_5118.json,False,1,False,False,False,False,False,True,1,False
Índia,145,4896,"Memorando de Entendimento entre o Governo da República Federativa do Brasil e o Governo da República da Índia que Estabelece uma Comissão Mista de Cooperação Política, Econômica, Científica, Tecnológica e Cultural",memorando de entendimento entre o governo da republica federativa do brasil e o governo da republica da india que estabelece uma comissao mista de cooperacao politica economica cientifica tecnologica e cultural,Memorando de Entendimento,2002-08-22,2002,False,BL,Em Vigor,Índia,Índia,1,True,Cooperação e Desenvolvimento,Cooperação e Desenvolvimento,1,Embaixador Gilberto Vergne Sabóia,Embaixador Shashank,Brasília,Brasil,True,,,,,,,False,False,False,,https://concordia.itamaraty.gov.br/detalhamento-acordo/4896,7709,https://aplicacao.itamaraty.gov.br/ApiConcordia/Documento/download/7709,1,data/raw/concordia_bilateral_acts/20260828T222000Z/searches/india/page_001.json,data/raw/concordia_bilateral_acts/20260828T222000Z/details/act_4896.json,False,1,False,False,False,False,False,True,1,False
Índia,145,4833,Memorando de Entendimento entre a República Federativa do Brasil e o Governo da República da Índia Referente à Cooperação Tecnológica na Área de Mistura de Etanol em Combustíveis para Transportes,memorando de entendimento entre a republica federativa do brasil e o governo da republica da india referente a cooperacao tecnologica na area de mistura de etanol em combustiveis para transportes,Memorando de Entendimento,2002-04-08,2002,False,BL,Expirado,Índia,Índia,1,True,Energia e Recursos Estratégicos,Energia e Recursos Estratégicos,1,Sérgio Silva do Amaral,Ram Naik,Nova Delhi,Índia,False,,,,,,,False,False,False,,https://concordia.itamaraty.gov.br/detalhamento-acordo/4833,8020,https://aplicacao.itamaraty.gov.br/ApiConcordia/Documento/download/8020,3,data/raw/concordia_bilateral_acts/20260828T222000Z/searches/india/page_001.json,data/raw/concordia_bilateral_acts/20260828T222000Z/details/act_4833.json,False,1,False,False,False,False,False,True,1,False
África do Sul,4,7472,Memorando de Entendimento entre o Governo da República Federativa do Brasil e o Governo da República da África do Sul sobre Cooperação na Área de Meio Ambiente.,memorando de entendimento entre o governo da republica federativa do brasil e o governo da republica da africa do sul sobre cooperacao na area de meio ambiente,Memorando de Entendimento,2013-09-16,2013,False,BL,Em Vigor,África do Sul,África do Sul,1,True,Meio Ambiente e Sustentabilidade,Meio Ambiente e Sustentabilidade,1,Izabella Teixeira,Edna Molewa,Foz do Iguaçu,Brasil,True,,,,,,,False,False,False,,https://concordia.itamaraty.gov.br/detalhamento-acordo/7472,35,https://aplicacao.itamaraty.gov.br/ApiConcordia/Documento/download/35,1,data/raw/concordia_bilateral_acts/20260828T222000Z/searches/africa_do_sul/page_001.json,data/raw/concordia_bilateral_acts/20260828T222000Z/details/act_7472.json,False,1,False,False,False,False,False,True,1,False
África do Sul,4,6937,Memorando de Entendimento entre o Governo da República Federativa do Brasil e o Governo da República da África do Sul na Área de Previdência Social,memorando de entendimento entre o governo da republica federativa do brasil e o governo da republica da africa do sul na area de previdencia social,Memorando de Entendimento,2010-08-24,2010,False,BL,Em Vigor,África do Sul,África do Sul,1,True,"Trabalho, Saúde e Previdência","Trabalho, Saúde e Previdência",1,Carlos Eduardo Gabas,Bathabile Dlamini,Brasília,Brasil,True,,,,,,,False,False,False,,https://concordia.itamaraty.gov.br/detalhamento-acordo/6937,49,https://aplicacao.itamaraty.gov.br/ApiConcordia/Documento/download/49,1,data/raw/concordia_bilateral_acts/20260828T222000Z/searches/africa_do_sul/page_001.json,data/raw/concordia_bilateral_acts/20260828T222000Z/details/act_6937.json,False,1,False,False,False,False,False,True,2,True
África do Sul,4,6938,Memorando de Entendimento entre o Governo da República Federativa do Brasil e o Governo da República da África do Sul no Campo do Desenvolvimento Social,memorando de entendimento entre o governo da republica federativa do brasil e o governo da republica da africa do sul no campo do desenvolvimento social,Memorando de Entendimento,2010-08-24,2010,False,BL,Em Vigor,África do Sul,África do Sul,1,True,Cooperação e Desenvolvimento,Cooperação e Desenvolvimento,1,Márcia Lopes,Bathabile Dlamini,Brasília,Brasil,True,,,,,,,False,False,False,,https://concordia.itamaraty.gov.br/detalhamento-acordo/6938,65,https://aplicacao.itamaraty.gov.br/ApiConcordia/Documento/download/65,1,data/raw/concordia_bilateral_acts/20260828T222000Z/searches/africa_do_sul/page_001.json,data/raw/concordia_bilateral_acts/20260828T222000Z/details/act_6938.json,False,1,False,False,False,False,False,True,2,True
África do Sul,4,6869,Memorando de Entendimento sobre Consultas e Cooperação na Área das Relações Intergovernamentais entre o Governo da República Federativa do Brasil e o Governo da República da África do Sul.,memorando de entendimento sobre consultas e cooperacao na area das relacoes intergovernamentais entre o governo da republica federativa do brasil e o governo da republica da africa do sul,Memorando de Entendimento,2010-07-09,2010,False,BL,Em Vigor,África do Sul,África do Sul,1,True,Cooperação e Desenvolvimento,Cooperação e Desenvolvimento,1,-,-,Pretória,África do Sul,True,,,,,,,False,False,False,,https://concordia.itamaraty.gov.br/detalhamento-acordo/6869,68,https://aplicacao.itamaraty.gov.br/ApiConcordia/Documento/download/68,0,data/raw/concordia_bilateral_acts/20260828T222000Z/searches/africa_do_sul/page_001.json,data/raw/concordia_bilateral_acts/20260828T222000Z/details/act_6869.json,False,1,False,False,False,False,False,True,1,False
África do Sul,4,6518,Plano de ação entre o Governo da República Federativa do Brasil e o Governo da República da África do Sul sobre Cooperação Esportiva 2009 – 2011,plano de acao entre o governo da republica federativa do brasil e o governo da republica da africa do sul sobre cooperacao esportiva 2009 2011,Plano de Ação,2009-10-09,2009,False,BL,Expirado,África do Sul,África do Sul,1,True,Cooperação e Desenvolvimento,Cooperação e Desenvolvimento,1,Orlando Silva,Makhenkesi Stofile,Brasília,Brasil,True,,,,,,,False,False,False,,https://concordia.itamaraty.gov.br/detalhamento-acordo/6518,79,https://aplicacao.itamaraty.gov.br/ApiConcordia/Documento/download/79,1,data/raw/concordia_bilateral_acts/20260828T222000Z/searches/africa_do_sul/page_001.json,data/raw/concordia_bilateral_acts/20260828T222000Z/details/act_6518.json,False,1,False,False,False,False,False,True,3,True
África do Sul,4,6519,Memorando de Entendimento entre o Governo da República Federativa do Brasil e o Governo da República da África do Sul sobre Cooperação na Área do Esporte,memorando de entendimento entre o governo da republica federativa do brasil e o governo da republica da africa do sul sobre cooperacao na area do esporte,Memorando de Entendimento,2009-10-09,2009,False,BL,Em Vigor,África do Sul,África do Sul,1,True,Cooperação e Desenvolvimento,Cooperação e Desenvolvimento,1,Orlando Silva,Makhenkesi Stofile,Brasília,Brasil,True,,,,,,,False,False,False,,https://concordia.itamaraty.gov.br/detalhamento-acordo/6519,56,https://aplicacao.itamaraty.gov.br/ApiConcordia/Documento/download/56,1,data/raw/concordia_bilateral_acts/20260828T222000Z/searches/africa_do_sul/page_001.json,data/raw/concordia_bilateral_acts/20260828T222000Z/details/act_6519.json,False,1,False,False,False,False,False,True,3,True
África do Sul,4,6520,"Memorando de Entendimento entre o Ministério do Desenvolvimento, Indústria e Comércio Exterior da República Federativa do Brasil e o Departamento de Comércio e Indústria da República da África do Sul para Promoção do Comércio e Investimento",memorando de entendimento entre o ministerio do desenvolvimento industria e comercio exterior da republica federativa do brasil e o departamento de comercio e industria da republica da africa do sul para promocao do comercio e investimento,Memorando de Entendimento,2009-10-09,2009,False,BL,Em Vigor,África do Sul,África do Sul,1,True,Comércio Internacional e Investimentos,Comércio Internacional e Investimentos,1,Miguel Jorge,Rod Davies,Brasília,Brasil,True,,,,,,,False,False,False,,https://concordia.itamaraty.gov.br/detalhamento-acordo/6520,50,https://aplicacao.itamaraty.gov.br/ApiConcordia/Documento/download/50,1,data/raw/concordia_bilateral_acts/20260828T222000Z/searches/africa_do_sul/page_001.json,data/raw/concordia_bilateral_acts/20260828T222000Z/details/act_6520.json,False,1,False,False,False,False,False,True,3,True
África do Sul,4,6415,Memorando de Entendimento entre o Governo da República Federativa do Brasil e o Governo da República da África do Sul (no Campo da Educação).,memorando de entendimento entre o governo da republica federativa do brasil e o governo da republica da africa do sul no campo da educacao,Memorando de Entendimento,2009-07-07,2009,False,BL,Em Vigor,África do Sul,África do Sul,1,True,Educação e Cultura,Educação e Cultura,1,Fernando Haddad,Blade Nzimande,Paris,França,True,,,,,,,False,False,False,,https://concordia.itamaraty.gov.br/detalhamento-acordo/6415,100,https://aplicacao.itamaraty.gov.br/ApiConcordia/Documento/download/100,0,data/raw/concordia_bilateral_acts/20260828T222000Z/searches/africa_do_sul/page_001.json,data/raw/concordia_bilateral_acts/20260828T222000Z/details/act_6415.json,False,1,False,False,False,False,False,True,1,False
África do Sul,4,6087,Acordo entre o Governo da República Federativa do Brasil e o Governo da República da África do Sul Relativo à Assistência Mútua entre suas Administrações Aduaneiras.,acordo entre o governo da republica federativa do brasil e o governo da republica da africa do sul relativo a assistencia mutua entre suas administracoes aduaneiras,Acordo,2008-05-11,2008,False,BL,Em Vigor,África do Sul,África do Sul,1,True,"Economia, Finanças e Tributos","Economia, Finanças e Tributos",1,Celso Amorim,Nkosazana Dlamini Zuma,Cidade do Cabo,África do Sul,False,,,,,,,False,False,False,,https://concordia.itamaraty.gov.br/detalhamento-acordo/6087,1165,https://aplicacao.itamaraty.gov.br/ApiConcordia/Documento/download/1165,3,data/raw/concordia_bilateral_acts/20260828T222000Z/searches/africa_do_sul/page_001.json,data/raw/concordia_bilateral_acts/20260828T222000Z/details/act_6087.json,False,1,False,False,False,False,False,True,1,False
África do Sul,4,5455,Memorando de Entendimento entre o Governo da República Federativa do Brasil e o Governo da República da África do Sul em Cooperação no Setor de Assentamentos Humanos,memorando de entendimento entre o governo da republica federativa do brasil e o governo da republica da africa do sul em cooperacao no setor de assentamentos humanos,Memorando de Entendimento,2005-09-13,2005,False,BL,Em Vigor,África do Sul,África do Sul,1,True,Cooperação e Desenvolvimento,Cooperação e Desenvolvimento,1,Márcio Fortes de Almeida,Lindiwe D. Sisulu-Guma,Nova Iorque,Estados Unidos,False,,,,,,,False,False,False,,https://concordia.itamaraty.gov.br/detalhamento-acordo/5455,1215,https://aplicacao.itamaraty.gov.br/ApiConcordia/Documento/download/1215,0,data/raw/concordia_bilateral_acts/20260828T222000Z/searches/africa_do_sul/page_001.json,data/raw/concordia_bilateral_acts/20260828T222000Z/details/act_5455.json,False,1,False,False,False,False,False,True,1,False
África do Sul,4,5095,Convenção entre o Governo da República Federativa do Brasil e o Governo da República da África do Sul para Evitar a Dupla Tributação e Prevenir a Evasão Fiscal em Relação aos Impostos sobre a Renda,convencao entre o governo da republica federativa do brasil e o governo da republica da africa do sul para evitar a dupla tributacao e prevenir a evasao fiscal em relacao aos impostos sobre a renda,Convenção,2003-11-08,2003,False,BL,Em Vigor,África do Sul,África do Sul,1,True,"Economia, Finanças e Tributos","Economia, Finanças e Tributos",1,Samuel Pinheiro Guimarães,Trevor Manuel,Pretória,África do Sul,False,,,,,,,False,False,False,,https://concordia.itamaraty.gov.br/detalhamento-acordo/5095,1218,https://aplicacao.itamaraty.gov.br/ApiConcordia/Documento/download/1218,3,data/raw/concordia_bilateral_acts/20260828T222000Z/searches/africa_do_sul/page_001.json,data/raw/concordia_bilateral_acts/20260828T222000Z/details/act_5095.json,False,1,False,False,False,False,False,True,3,True
África do Sul,4,5096,Acordo entre o Governo da República Federativa do Brasil e o Governo da República da África do Sul no Campo da Cooperação Científica e Tecnológica,acordo entre o governo da republica federativa do brasil e o governo da republica da africa do sul no campo da cooperacao cientifica e tecnologica,Acordo,2003-11-08,2003,False,BL,Expirado,África do Sul,África do Sul,1,True,"Ciência, Tecnologia e Inovação","Ciência, Tecnologia e Inovação",1,Roberto Amaral,Ben Ngubane,Pretória,África do Sul,False,,,,,,,False,False,False,,https://concordia.itamaraty.gov.br/detalhamento-acordo/5096,1264,https://aplicacao.itamaraty.gov.br/ApiConcordia/Documento/download/1264,3,data/raw/concordia_bilateral_acts/20260828T222000Z/searches/africa_do_sul/page_001.json,data/raw/concordia_bilateral_acts/20260828T222000Z/details/act_5096.json,False,1,False,False,False,False,False,True,3,True
África do Sul,4,5098,Carta de intenção para a implementação do Acordo de Cooperação Cultural,carta de intencao para a implementacao do acordo de cooperacao cultural,Acordo,2003-11-08,2003,False,BL,Expirado,África do Sul,África do Sul,1,True,Educação e Cultura,Educação e Cultura,1,Jório Salgado Gama Filho,Ben Ngubane,Pretória,África do Sul,True,,,,,,,False,False,False,,https://concordia.itamaraty.gov.br/detalhamento-acordo/5098,,,1,data/raw/concordia_bilateral_acts/20260828T222000Z/searches/africa_do_sul/page_001.json,data/raw/concordia_bilateral_acts/20260828T222000Z/details/act_5098.json,False,1,False,False,False,False,False,True,3,True
África do Sul,4,4976,Acordo entre o Governo da República Federativa do Brasil e o Governo da República da África do Sul sobre Cooperação em Assuntos Relativos à Defesa,acordo entre o governo da republica federativa do brasil e o governo da republica da africa do sul sobre cooperacao em assuntos relativos a defesa,Acordo,2003-06-04,2003,False,BL,Em Vigor,África do Sul,África do Sul,1,True,Defesa e Segurança,Defesa e Segurança,1,Embaixador José Viegas Filho,Mosiuoa Gerard Patrick Lekota,Cape Town,África do Sul,False,,,,,,,False,False,False,,https://concordia.itamaraty.gov.br/detalhamento-acordo/4976,1203,https://aplicacao.itamaraty.gov.br/ApiConcordia/Documento/download/1203,5,data/raw/concordia_bilateral_acts/20260828T222000Z/searches/africa_do_sul/page_001.json,data/raw/concordia_bilateral_acts/20260828T222000Z/details/act_4976.json,False,1,False,False,False,False,False,True,1,False
África do Sul,4,4691,Declaração de Intenções entre o Governo da República Federativa do Brasil e a República da África do Sul sobre Cooperação na Área de Saúde,declaracao de intencoes entre o governo da republica federativa do brasil e a republica da africa do sul sobre cooperacao na area de saude,Outro/não classificado,2000-12-13,2000,False,BL,Em Vigor,África do Sul,África do Sul,1,True,Cooperação e Desenvolvimento,Cooperação e Desenvolvimento,1,José Serra ,Manto Tshabalala,Brasília,Brasil,True,,,,,,,False,False,False,,https://concordia.itamaraty.gov.br/detalhamento-acordo/4691,1197,https://aplicacao.itamaraty.gov.br/ApiConcordia/Documento/download/1197,1,data/raw/concordia_bilateral_acts/20260828T222000Z/searches/africa_do_sul/page_001.json,data/raw/concordia_bilateral_acts/20260828T222000Z/details/act_4691.json,False,1,False,False,False,False,False,True,2,True
África do Sul,4,4692,Acordo para o Estabelecimento de uma Comissão Mista Brasil-África do Sul,acordo para o estabelecimento de uma comissao mista brasil africa do sul,Acordo,2000-12-13,2000,False,BL,Em Vigor,África do Sul,África do Sul,1,True,Cooperação e Desenvolvimento,Cooperação e Desenvolvimento,1,Luiz Felipe Lampreia,Aziz Pahad,Brasília,Brasil,True,,,,,,,False,False,False,,https://concordia.itamaraty.gov.br/detalhamento-acordo/4692,1193,https://aplicacao.itamaraty.gov.br/ApiConcordia/Documento/download/1193,1,data/raw/concordia_bilateral_acts/20260828T222000Z/searches/africa_do_sul/page_001.json,data/raw/concordia_bilateral_acts/20260828T222000Z/details/act_4692.json,False,1,False,False,False,False,False,True,2,True
África do Sul,4,4608,Acordo entre o Governo da República Federativa do Brasil e o Governo da República da África do Sul de Cooperação Técnica,acordo entre o governo da republica federativa do brasil e o governo da republica da africa do sul de cooperacao tecnica,Acordo,2000-03-01,2000,False,BL,Em Vigor,África do Sul,África do Sul,1,True,Cooperação e Desenvolvimento,Cooperação e Desenvolvimento,1,Luiz Felipe Lampreia,Nkosazana Zuma,Cidade do Cabo,África do Sul,False,,,,,,,False,False,False,,https://concordia.itamaraty.gov.br/detalhamento-acordo/4608,1183,https://aplicacao.itamaraty.gov.br/ApiConcordia/Documento/download/1183,3,data/raw/concordia_bilateral_acts/20260828T222000Z/searches/africa_do_sul/page_001.json,data/raw/concordia_bilateral_acts/20260828T222000Z/details/act_4608.json,False,1,False,False,False,False,False,True,1,False
Argentina,19,7564,"Ajuste Complementar ao Acordo de Cooperação Técnica entre o Governo da República Federativa do Brasil e o Governo da República Argentina, de 9 de abril de 1996, para a Implementação do Projeto "" Assistência Técnica para a Implementação da Casa dos Direitos em Jacintinho""",ajuste complementar ao acordo de cooperacao tecnica entre o governo da republica federativa do brasil e o governo da republica argentina de 9 de abril de 1996 para a implementacao do projeto assistencia tecnica para a implementacao da casa dos direitos em jacintinho,Ajuste Complementar,2014-11-20,2014,False,BL,Em Vigor,Argentina,Argentina,1,True,Cooperação e Desenvolvimento,Cooperação e Desenvolvimento,1,Everton Vieira Vargas,Chanceler Héctor Timerman,Buenos Aires,Argentina,True,,,,,,,False,False,False,,https://concordia.itamaraty.gov.br/detalhamento-acordo/7564,1162,https://aplicacao.itamaraty.gov.br/ApiConcordia/Documento/download/1162,1,data/raw/concordia_bilateral_acts/20260828T222000Z/searches/argentina/page_001.json,data/raw/concordia_bilateral_acts/20260828T222000Z/details/act_7564.json,False,1,False,False,False,False,False,True,1,False
Argentina,19,7510,Memorando de Entendimento entre a República Federativa do Brasil e a República Argentina para o Intercâmbio de Documentação para o Esclarecimento de Graves Violações aos Direitos Humanos,memorando de entendimento entre a republica federativa do brasil e a republica argentina para o intercambio de documentacao para o esclarecimento de graves violacoes aos direitos humanos,Memorando de Entendimento,2014-01-29,2014,False,BL,Em Vigor,Argentina,Argentina,1,True,"Direito, Justiça & Segurança Pública","Direito, Justiça & Segurança Pública",1,Luiz Alberto Figueiredo Machado,Hector Timerman,Havana,Cuba,True,,,,,,,False,False,False,,https://concordia.itamaraty.gov.br/detalhamento-acordo/7510,2016,https://aplicacao.itamaraty.gov.br/ApiConcordia/Documento/download/2016,1,data/raw/concordia_bilateral_acts/20260828T222000Z/searches/argentina/page_001.json,data/raw/concordia_bilateral_acts/20260828T222000Z/details/act_7510.json,False,1,False,False,False,False,False,True,1,False
Argentina,19,7464,"Acordo, por Troca de Notas, entre o Governo da República Federativa do Brasil e o Governo da República Argentina referente ao Estudo de Inventário Hidroelétrico para o Aproveitamento dos Recursos Hídricos Compartilhados dos Trechos Limítrofes do Rio Uruguai e de seu Afluente o Rio Pepiri-Guaçu",acordo por troca de notas entre o governo da republica federativa do brasil e o governo da republica argentina referente ao estudo de inventario hidroeletrico para o aproveitamento dos recursos hidricos compartilhados dos trechos limitrofes do rio uruguai e de seu afluente o rio pepiri guacu,Troca de Notas,2013-08-15,2013,False,BL,Em Vigor,Argentina,Argentina,1,True,Energia e Recursos Estratégicos,Energia e Recursos Estratégicos,1,Antonio de Aguiar Patriota,Hector Timerman,Brasília,Brasil,True,,,,,,,False,False,False,,https://concordia.itamaraty.gov.br/detalhamento-acordo/7464,2023,https://aplicacao.itamaraty.gov.br/ApiConcordia/Documento/download/2023,1,data/raw/concordia_bilateral_acts/20260828T222000Z/searches/argentina/page_001.json,data/raw/concordia_bilateral_acts/20260828T222000Z/details/act_7464.json,False,1,False,False,False,False,False,True,1,False
Argentina,19,7399,Acordo por Troca de Notas entre a República Federativa do Brasil e a República da Argentina para Facilitar o Trânsito aos Portadores de Passaporte Provisório Argentino ou Documento de Autorização de Retorno ao Brasil,acordo por troca de notas entre a republica federativa do brasil e a republica da argentina para facilitar o transito aos portadores de passaporte provisorio argentino ou documento de autorizacao de retorno ao brasil,Troca de Notas,2012-12-10,2012,False,BL,Em Vigor,Argentina,Argentina,1,True,Consulares e Migratórios,Consulares e Migratórios,1,Antonio de Aguiar Patriota,Hector Timerman,Brasilia,Brasil,True,,,,,,,False,False,False,,https://concordia.itamaraty.gov.br/detalhamento-acordo/7399,2061,https://aplicacao.itamaraty.gov.br/ApiConcordia/Documento/download/2061,1,data/raw/concordia_bilateral_acts/20260828T222000Z/searches/argentina/page_001.json,data/raw/concordia_bilateral_acts/20260828T222000Z/details/act_7399.json,False,1,False,False,False,False,False,True,1,False
Argentina,19,7384,"Ajuste Complementar ao Acordo Básico de Cooperação Técnica entre o Governo da República Federativa do Brasil e o Governo da República Argentina para a Implementação do Projeto ""Tecnologias Apropriadas para a Produção de Girassol e de Mandioca e Seus Derivados para a Agricultura Familiar.""",ajuste complementar ao acordo basico de cooperacao tecnica entre o governo da republica federativa do brasil e o governo da republica argentina para a implementacao do projeto tecnologias apropriadas para a producao de girassol e de mandioca e seus derivados para a agricultura familiar,Ajuste Complementar,2012-11-22,2012,False,BL,Em Vigor,Argentina,Argentina,1,True,"Agricultura, Pecuária e Pesca","Agricultura, Pecuária e Pesca",1,Enio Cordeiro,Héctor Timerman,Buenos Aires,Argentina,True,,,,,,,False,False,False,,https://concordia.itamaraty.gov.br/detalhamento-acordo/7384,2017,https://aplicacao.itamaraty.gov.br/ApiConcordia/Documento/download/2017,1,data/raw/concordia_bilateral_acts/20260828T222000Z/searches/argentina/page_001.json,data/raw/concordia_bilateral_acts/20260828T222000Z/details/act_7384.json,False,1,False,False,False,False,False,True,7,True
Argentina,19,7385,"Ajuste Complementar ao Acordo Básico de Cooperação Técnica entre o Governo da República Federativa do Brasil e o Governo da República Argentina para a Implementação do Projeto ""Desenvolvimento de Capacidades em Gestão de Áreas Protegidas - Fase II.""",ajuste complementar ao acordo basico de cooperacao tecnica entre o governo da republica federativa do brasil e o governo da republica argentina para a implementacao do projeto desenvolvimento de capacidades em gestao de areas protegidas fase ii,Ajuste Complementar,2012-11-22,2012,False,BL,Em Vigor,Argentina,Argentina,1,True,Meio Ambiente e Sustentabilidade,Meio Ambiente e Sustentabilidade,1,Enio Cordeiro,Héctor Timerman,Buenos Aires,Argentina,True,,,,,,,False,False,False,,https://concordia.itamaraty.gov.br/detalhamento-acordo/7385,2012,https://aplicacao.itamaraty.gov.br/ApiConcordia/Documento/download/2012,1,data/raw/concordia_bilateral_acts/20260828T222000Z/searches/argentina/page_001.json,data/raw/concordia_bilateral_acts/20260828T222000Z/details/act_7385.json,False,1,False,False,False,False,False,True,7,True
Argentina,19,7386,"Ajuste Complementar ao Acordo Básico de Cooperação Técnica entre o Governo da República Federativa do Brasil e o Governo da República Argentina para a Implementação do Projeto ""Fortalecimento Institucional de Serviços Públicos do Trabalho""",ajuste complementar ao acordo basico de cooperacao tecnica entre o governo da republica federativa do brasil e o governo da republica argentina para a implementacao do projeto fortalecimento institucional de servicos publicos do trabalho,Ajuste Complementar,2012-11-22,2012,False,BL,Em Vigor,Argentina,Argentina,1,True,Cooperação e Desenvolvimento,Cooperação e Desenvolvimento,1,Enio Cordeiro,Héctor Timerman,Buenos Aires,Argentina,True,,,,,,,False,False,False,,https://concordia.itamaraty.gov.br/detalhamento-acordo/7386,2076,https://aplicacao.itamaraty.gov.br/ApiConcordia/Documento/download/2076,1,data/raw/concordia_bilateral_acts/20260828T222000Z/searches/argentina/page_001.json,data/raw/concordia_bilateral_acts/20260828T222000Z/details/act_7386.json,False,1,False,False,False,False,False,True,7,True
Argentina,19,7387,"Ajuste Complementar ao Acordo Básico de Cooperação Técnica entre o Governo da República Federativa do Brasil e o Governo da República Argentina para a Implementação do Projeto ""Fortalecimento Institucional na Área de Inspeção do Trabalho""",ajuste complementar ao acordo basico de cooperacao tecnica entre o governo da republica federativa do brasil e o governo da republica argentina para a implementacao do projeto fortalecimento institucional na area de inspecao do trabalho,Ajuste Complementar,2012-11-22,2012,False,BL,Em Vigor,Argentina,Argentina,1,True,Cooperação e Desenvolvimento,Cooperação e Desenvolvimento,1,Enio Cordeiro,Héctor Timerman,Buenos Aires,Argentina,True,,,,,,,False,False,False,,https://concordia.itamaraty.gov.br/detalhamento-acordo/7387,2042,https://aplicacao.itamaraty.gov.br/ApiConcordia/Documento/download/2042,1,data/raw/concordia_bilateral_acts/20260828T222000Z/searches/argentina/page_001.json,data/raw/concordia_bilateral_acts/20260828T222000Z/details/act_7387.json,False,1,False,False,False,False,False,True,7,True
Argentina,19,7388,"Ajuste Complementar ao Acordo Básico de Cooperação Técnica entre o Governo da República Federativa do Brasil e o Governo da República Argentina para a Implementação do Projeto ""Implementação de uma Metodologia em SIG para a Cartografia Geológica e Temática ao Milionésimo e sua Aplicação no Projeto SIG América do Sul 1:1 M""",ajuste complementar ao acordo basico de cooperacao tecnica entre o governo da republica federativa do brasil e o governo da republica argentina para a implementacao do projeto implementacao de uma metodologia em sig para a cartografia geologica e tematica ao milionesimo e sua aplicacao no projeto sig america do sul 1 1 m,Ajuste Complementar,2012-11-22,2012,False,BL,Em Vigor,Argentina,Argentina,1,True,Cooperação e Desenvolvimento,Cooperação e Desenvolvimento,1,Enio Cordeiro,Héctor Timerman,Buenos Aires,Argentina,True,,,,,,,False,False,False,,https://concordia.itamaraty.gov.br/detalhamento-acordo/7388,2036,https://aplicacao.itamaraty.gov.br/ApiConcordia/Documento/download/2036,1,data/raw/concordia_bilateral_acts/20260828T222000Z/searches/argentina/page_001.json,data/raw/concordia_bilateral_acts/20260828T222000Z/details/act_7388.json,False,1,False,False,False,False,False,True,7,True
Argentina,19,7389,"Ajuste Complementar ao Acordo Básico de Cooperação Técnica entre o Governo da República Federativa do Brasil e o Governo da República Argentina para a Implementação do Projeto ""Desenvolvimento de Capacidades na Área de Gestão de Recursos Hídricos – Fase II""",ajuste complementar ao acordo basico de cooperacao tecnica entre o governo da republica federativa do brasil e o governo da republica argentina para a implementacao do projeto desenvolvimento de capacidades na area de gestao de recursos hidricos fase ii,Ajuste Complementar,2012-11-22,2012,False,BL,Em Vigor,Argentina,Argentina,1,True,Energia e Recursos Estratégicos,Energia e Recursos Estratégicos,1,Enio Cordeiro,Hector Timerman,Buenos Aires,Argentina,True,,,,,,,False,False,False,,https://concordia.itamaraty.gov.br/detalhamento-acordo/7389,2030,https://aplicacao.itamaraty.gov.br/ApiConcordia/Documento/download/2030,1,data/raw/concordia_bilateral_acts/20260828T222000Z/searches/argentina/page_001.json,data/raw/concordia_bilateral_acts/20260828T222000Z/details/act_7389.json,False,1,False,False,False,False,False,True,7,True
Argentina,19,7390,"Ajuste Complementar ao Acordo Básico de Cooperação Técnica entre o Governo da República Federativa do Brasil e o Governo da República Argentina para a Implementação do Projeto ""Tecnologias Apropriadas para a Produção de Leite e Elaboração de Produtos Derivados na Agricultura Familiar""",ajuste complementar ao acordo basico de cooperacao tecnica entre o governo da republica federativa do brasil e o governo da republica argentina para a implementacao do projeto tecnologias apropriadas para a producao de leite e elaboracao de produtos derivados na agricultura familiar,Ajuste Complementar,2012-11-22,2012,False,BL,Em Vigor,Argentina,Argentina,1,True,"Agricultura, Pecuária e Pesca","Agricultura, Pecuária e Pesca",1,Enio Cordeiro,Hector Timerman,Buenos Aires,Argentina,True,,,,,,,False,False,False,,https://concordia.itamaraty.gov.br/detalhamento-acordo/7390,2007,https://aplicacao.itamaraty.gov.br/ApiConcordia/Documento/download/2007,1,data/raw/concordia_bilateral_acts/20260828T222000Z/searches/argentina/page_001.json,data/raw/concordia_bilateral_acts/20260828T222000Z/details/act_7390.json,False,1,False,False,False,False,False,True,7,True
Argentina,19,7044,"Acordo entre o Governo da República Federativa do Brasil e o Governo da República Argentina para a Construção de uma Ponte Internacional sobre o Rio Peperi-Guaçu, entre as Cidades de Paraíso, Brasil, e San Pedro, Argentina.",acordo entre o governo da republica federativa do brasil e o governo da republica argentina para a construcao de uma ponte internacional sobre o rio peperi guacu entre as cidades de paraiso brasil e san pedro argentina,Acordo,2011-01-31,2011,False,BL,Em Vigor,Argentina,Argentina,1,True,"Fronteira, Infraestrutura e Integração Regional","Fronteira, Infraestrutura e Integração Regional",1,Antonio de Aguiar Patriota,Héctor Marcos Timerman,Buenos Aires,Argentina,False,,,,,,,False,False,False,,https://concordia.itamaraty.gov.br/detalhamento-acordo/7044,2070,https://aplicacao.itamaraty.gov.br/ApiConcordia/Documento/download/2070,3,data/raw/concordia_bilateral_acts/20260828T222000Z/searches/argentina/page_001.json,data/raw/concordia_bilateral_acts/20260828T222000Z/details/act_7044.json,False,1,False,False,False,False,False,True,9,True
Argentina,19,7045,"Memorando de Entendimento entre o Governo da República Federativa do Brasil e o Governo da República Argentina sobre Cooperação na Área de Bioenergia, Incluindo Biocombustíveis",memorando de entendimento entre o governo da republica federativa do brasil e o governo da republica argentina sobre cooperacao na area de bioenergia incluindo biocombustiveis,Memorando de Entendimento,2011-01-31,2011,False,BL,Superado,Argentina,Argentina,1,True,Energia e Recursos Estratégicos,Energia e Recursos Estratégicos,1,Márcio Zimmermann,Julio De Vido,Buenos Aires,Argentina,False,,,,,,,False,False,False,,https://concordia.itamaraty.gov.br/detalhamento-acordo/7045,2065,https://aplicacao.itamaraty.gov.br/ApiConcordia/Documento/download/2065,2,data/raw/concordia_bilateral_acts/20260828T222000Z/searches/argentina/page_001.json,data/raw/concordia_bilateral_acts/20260828T222000Z/details/act_7045.json,False,1,False,False,False,False,False,True,9,True
Argentina,19,7046,"Ajuste Complementar ao Acordo Básico de Cooperação Técnica entre o Governo da República Federativa do Brasil e o Governo da República Argentina para a Implementação do Projeto ""Fortalecimento das Farmacopeias do Brasil e da Argentina e de seus Laboratórios Nacionais de Controle para a Criação de uma Farmacopeia Regional.""",ajuste complementar ao acordo basico de cooperacao tecnica entre o governo da republica federativa do brasil e o governo da republica argentina para a implementacao do projeto fortalecimento das farmacopeias do brasil e da argentina e de seus laboratorios nacionais de controle para a criacao de uma farmacopeia regional,Ajuste Complementar,2011-01-31,2011,False,BL,Em Vigor,Argentina,Argentina,1,True,Cooperação e Desenvolvimento,Cooperação e Desenvolvimento,1,Antonio de Aguiar Patriota,Héctor Marcos Timerman,Buenos Aires,Argentina,True,,,,,,,False,False,False,,https://concordia.itamaraty.gov.br/detalhamento-acordo/7046,2056,https://aplicacao.itamaraty.gov.br/ApiConcordia/Documento/download/2056,1,data/raw/concordia_bilateral_acts/20260828T222000Z/searches/argentina/page_001.json,data/raw/concordia_bilateral_acts/20260828T222000Z/details/act_7046.json,False,1,False,False,False,False,False,True,9,True
Argentina,19,7047,Memorando de Entendimento entre o Governo da República Federativa do Brasil e o Governo da República Argentina para Cooperação em Planejamento Urbano e Habitação,memorando de entendimento entre o governo da republica federativa do brasil e o governo da republica argentina para cooperacao em planejamento urbano e habitacao,Memorando de Entendimento,2011-01-31,2011,False,BL,Em Vigor,Argentina,Argentina,1,True,"Fronteira, Infraestrutura e Integração Regional","Fronteira, Infraestrutura e Integração Regional",1,Mário Sílvio Mendes Negromonte,Julio De Vido,Buenos Aires,Argentina,True,,,,,,,False,False,False,,https://concordia.itamaraty.gov.br/detalhamento-acordo/7047,2094,https://aplicacao.itamaraty.gov.br/ApiConcordia/Documento/download/2094,1,data/raw/concordia_bilateral_acts/20260828T222000Z/searches/argentina/page_001.json,data/raw/concordia_bilateral_acts/20260828T222000Z/details/act_7047.json,False,1,False,False,False,False,False,True,9,True
Argentina,19,7048,Memorando de Entendimento entre o Governo da República Federativa do Brasil e o Governo da República Argentina para a Promoção Comercial Conjunta,memorando de entendimento entre o governo da republica federativa do brasil e o governo da republica argentina para a promocao comercial conjunta,Memorando de Entendimento,2011-01-31,2011,False,BL,Em Vigor,Argentina,Argentina,1,True,Comércio Internacional e Investimentos,Comércio Internacional e Investimentos,1,Antonio de Aguiar Patriota,Héctor Marcos Timerman,Buenos Aires,Argentina,True,,,,,,,False,False,False,,https://concordia.itamaraty.gov.br/detalhamento-acordo/7048,2084,https://aplicacao.itamaraty.gov.br/ApiConcordia/Documento/download/2084,1,data/raw/concordia_bilateral_acts/20260828T222000Z/searches/argentina/page_001.json,data/raw/concordia_bilateral_acts/20260828T222000Z/details/act_7048.json,False,1,False,False,False,False,False,True,9,True
Argentina,19,7049,Plano de Ação Conjunta entre o Governo da República Federativa do Brasil e o Governo da República Argentina para Fazer Avançar a Cooperação Bilateral na Área de Massificação do Acesso à Internet em Banda Larga (2011 - 2015),plano de acao conjunta entre o governo da republica federativa do brasil e o governo da republica argentina para fazer avancar a cooperacao bilateral na area de massificacao do acesso a internet em banda larga 2011 2015,Plano de Ação,2011-01-31,2011,False,BL,Expirado,Argentina,Argentina,1,True,"Ciência, Tecnologia e Inovação","Ciência, Tecnologia e Inovação",1,Paulo Bernardo Silva,Julio De Vido,Buenos Aires,Argentina,True,,,,,,,False,False,True,\bplano (?:de )?acao conjunta\b,https://concordia.itamaraty.gov.br/detalhamento-acordo/7049,2028,https://aplicacao.itamaraty.gov.br/ApiConcordia/Documento/download/2028,1,data/raw/concordia_bilateral_acts/20260828T222000Z/searches/argentina/page_001.json,data/raw/concordia_bilateral_acts/20260828T222000Z/details/act_7049.json,False,1,False,False,False,False,False,True,9,True
Argentina,19,7050,Protocolo Adicional ao Acordo para a Criação da Comissão de Cooperação e Desenvolvimento Fronteiriço (CODEFRO) entre o Governo da República Federativa do Brasil e o Governo da República Argentina,protocolo adicional ao acordo para a criacao da comissao de cooperacao e desenvolvimento fronteirico codefro entre o governo da republica federativa do brasil e o governo da republica argentina,Protocolo,2011-01-31,2011,False,BL,Em Vigor,Argentina,Argentina,1,True,"Fronteira, Infraestrutura e Integração Regional","Fronteira, Infraestrutura e Integração Regional",1,Antonio de Aguiar Patriota,Héctor Marcos Timerman,Buenos Aires,Argentina,True,,,,,,,False,False,False,,https://concordia.itamaraty.gov.br/detalhamento-acordo/7050,2025,https://aplicacao.itamaraty.gov.br/ApiConcordia/Documento/download/2025,1,data/raw/concordia_bilateral_acts/20260828T222000Z/searches/argentina/page_001.json,data/raw/concordia_bilateral_acts/20260828T222000Z/details/act_7050.json,False,1,False,False,False,False,False,True,9,True
Argentina,19,7051,"Declaração Conjunta - Visita oficial da Presidenta da República Federativa do Brasil, Dilma Rousseff, à Presidenta da República Argentina, Cristina Fernández de Kirchner",declaracao conjunta visita oficial da presidenta da republica federativa do brasil dilma rousseff a presidenta da republica argentina cristina fernandez de kirchner,Declaração Conjunta,2011-01-31,2011,False,BL,Em Vigor,Argentina,Argentina,1,True,Cooperação e Desenvolvimento,Cooperação e Desenvolvimento,1,Dilma Rousseff,Cristina Fernández de Kirchner,Buenos Aires,Argentina,True,,,,,,,False,False,False,,https://concordia.itamaraty.gov.br/detalhamento-acordo/7051,2308,https://aplicacao.itamaraty.gov.br/ApiConcordia/Documento/download/2308,0,data/raw/concordia_bilateral_acts/20260828T222000Z/searches/argentina/page_001.json,data/raw/concordia_bilateral_acts/20260828T222000Z/details/act_7051.json,False,1,False,False,False,False,False,True,9,True
Argentina,19,7052,Declaração para a Promoção da Igualdade de Gênero e a Proteção dos Direitos das Mulheres,declaracao para a promocao da igualdade de genero e a protecao dos direitos das mulheres,Outro/não classificado,2011-01-31,2011,False,BL,Em Vigor,Argentina,Argentina,1,True,Cooperação e Desenvolvimento,Cooperação e Desenvolvimento,1,Dilma Rousseff,Cristina Fernández de Kirchner,Buenos Aires,Argentina,True,,,,,,,False,False,False,,https://concordia.itamaraty.gov.br/detalhamento-acordo/7052,2022,https://aplicacao.itamaraty.gov.br/ApiConcordia/Documento/download/2022,0,data/raw/concordia_bilateral_acts/20260828T222000Z/searches/argentina/page_001.json,data/raw/concordia_bilateral_acts/20260828T222000Z/details/act_7052.json,False,1,False,False,False,False,False,True,9,True
Argentina,19,6899,Declaração Conjunta dos Presidentes da República Federativa do Brasil e da República Argentina sobre Cooperação Nuclear,declaracao conjunta dos presidentes da republica federativa do brasil e da republica argentina sobre cooperacao nuclear,Declaração Conjunta,2010-08-03,2010,False,BL,Em Vigor,Argentina,Argentina,1,True,Energia e Recursos Estratégicos,Energia e Recursos Estratégicos,1,Luiz Inácio Lula da Silva,Cristina Fernández de Kirchner,San Juan,Argentina,True,,,,,,,False,False,False,,https://concordia.itamaraty.gov.br/detalhamento-acordo/6899,2099,https://aplicacao.itamaraty.gov.br/ApiConcordia/Documento/download/2099,0,data/raw/concordia_bilateral_acts/20260828T222000Z/searches/argentina/page_001.json,data/raw/concordia_bilateral_acts/20260828T222000Z/details/act_6899.json,False,1,False,False,False,False,False,True,3,True
Argentina,19,6900,Declaração Conjunta dos Presidentes da República Federativa do Brasil e da República Argentina sobre Malvinas,declaracao conjunta dos presidentes da republica federativa do brasil e da republica argentina sobre malvinas,Declaração Conjunta,2010-08-03,2010,False,BL,Em Vigor,Argentina,Argentina,1,True,Cooperação e Desenvolvimento,Cooperação e Desenvolvimento,1,Luiz Inácio Lula da Silva,Cristina Fernández de Kirchner,San Juan,Argentina,True,,,,,,,False,False,False,,https://concordia.itamaraty.gov.br/detalhamento-acordo/6900,2121,https://aplicacao.itamaraty.gov.br/ApiConcordia/Documento/download/2121,0,data/raw/concordia_bilateral_acts/20260828T222000Z/searches/argentina/page_001.json,data/raw/concordia_bilateral_acts/20260828T222000Z/details/act_6900.json,False,1,False,False,False,False,False,True,3,True
Argentina,19,6901,"Declaração de San Juan. Reunião de Trabalho entre o Presidente da República Federativa do Brasil, Luiz Inácio Lula da Silva, a Presidenta da República Argentina, Cristina Fernández de Kirchner",declaracao de san juan reuniao de trabalho entre o presidente da republica federativa do brasil luiz inacio lula da silva a presidenta da republica argentina cristina fernandez de kirchner,Outro/não classificado,2010-08-03,2010,False,BL,Em Vigor,Argentina,Argentina,1,True,Cooperação e Desenvolvimento,Cooperação e Desenvolvimento,1,Luiz Inácio Lula da Silva,Cristina Fernández de Kirchner,San Juan,Argentina,True,,,,,,,False,False,False,,https://concordia.itamaraty.gov.br/detalhamento-acordo/6901,2098,https://aplicacao.itamaraty.gov.br/ApiConcordia/Documento/download/2098,0,data/raw/concordia_bilateral_acts/20260828T222000Z/searches/argentina/page_001.json,data/raw/concordia_bilateral_acts/20260828T222000Z/details/act_6901.json,False,1,False,False,False,False,False,True,3,True
Argentina,19,6559,Acordo de Facilitação Turística entre a República Federativa do Brasil e a República Argentina,acordo de facilitacao turistica entre a republica federativa do brasil e a republica argentina,Acordo,2009-11-18,2009,False,BL,Em Vigor,Argentina,Argentina,1,True,Serviços e Transporte,Serviços e Transporte,1,Celso Amorim,Jorge Enrique Taiana,Brasília,Brasil,True,,,,,,,False,False,False,,https://concordia.itamaraty.gov.br/detalhamento-acordo/6559,2186,https://aplicacao.itamaraty.gov.br/ApiConcordia/Documento/download/2186,1,data/raw/concordia_bilateral_acts/20260828T222000Z/searches/argentina/page_001.json,data/raw/concordia_bilateral_acts/20260828T222000Z/details/act_6559.json,False,1,False,False,False,False,False,True,4,True
Argentina,19,6560,Ajuste Complementar ao Acordo de Cooperação Técnica entre o Governo da República Federativa do Brasil e o Governo da República Argentina para Implementação do Projeto “Fortalecimento do Programa de Controle da Dengue”,ajuste complementar ao acordo de cooperacao tecnica entre o governo da republica federativa do brasil e o governo da republica argentina para implementacao do projeto fortalecimento do programa de controle da dengue,Ajuste Complementar,2009-11-18,2009,False,BL,Em Vigor,Argentina,Argentina,1,True,"Trabalho, Saúde e Previdência","Trabalho, Saúde e Previdência",1,Celso Amorim,Jorge Enrique Taiana,Brasília,Brasil,True,,,,,,,False,False,False,,https://concordia.itamaraty.gov.br/detalhamento-acordo/6560,2093,https://aplicacao.itamaraty.gov.br/ApiConcordia/Documento/download/2093,1,data/raw/concordia_bilateral_acts/20260828T222000Z/searches/argentina/page_001.json,data/raw/concordia_bilateral_acts/20260828T222000Z/details/act_6560.json,False,1,False,False,False,False,False,True,4,True
Argentina,19,6561,"Declaração Conjunta - Visita de Trabalho à República Federativa do Brasil da Presidenta da República Argentina, Cristina Fernández de Kirchner",declaracao conjunta visita de trabalho a republica federativa do brasil da presidenta da republica argentina cristina fernandez de kirchner,Declaração Conjunta,2009-11-18,2009,False,BL,Em Vigor,Argentina,Argentina,1,True,Cooperação e Desenvolvimento,Cooperação e Desenvolvimento,1,Luiz Inácio Lula da Silva,Cristina Fernandéz de Kirchner,Brasília,Brasil,True,,,,,,,False,False,False,,https://concordia.itamaraty.gov.br/detalhamento-acordo/6561,2055,https://aplicacao.itamaraty.gov.br/ApiConcordia/Documento/download/2055,0,data/raw/concordia_bilateral_acts/20260828T222000Z/searches/argentina/page_001.json,data/raw/concordia_bilateral_acts/20260828T222000Z/details/act_6561.json,False,1,False,False,False,False,False,True,4,True
Argentina,19,6564,Acordo por troca de notas entre o Governo da República Federativa do Brasil e o Governo da República da Argentina para implementação do Convênio de Cooperação entre Centrais Elétricas Brasileiras S.A. (Eletrobrás) e Emprendimientos,acordo por troca de notas entre o governo da republica federativa do brasil e o governo da republica da argentina para implementacao do convenio de cooperacao entre centrais eletricas brasileiras s a eletrobras e emprendimientos,Troca de Notas,2009-11-18,2009,False,BL,Em Vigor,Argentina,Argentina,1,True,Energia e Recursos Estratégicos,Energia e Recursos Estratégicos,1,Celso Amorim,Jorge Enrique Taiana,Brasília,Brasil,True,,,,,,,False,False,False,,https://concordia.itamaraty.gov.br/detalhamento-acordo/6564,2150,https://aplicacao.itamaraty.gov.br/ApiConcordia/Documento/download/2150,1,data/raw/concordia_bilateral_acts/20260828T222000Z/searches/argentina/page_001.json,data/raw/concordia_bilateral_acts/20260828T222000Z/details/act_6564.json,False,1,False,False,False,False,False,True,4,True
Argentina,19,6354,"Declaração Conjunta - Visita de Trabalho à República Argentina do Presidente da República Federativa do Brasil, Luiz Inácio Lula da Silva",declaracao conjunta visita de trabalho a republica argentina do presidente da republica federativa do brasil luiz inacio lula da silva,Declaração Conjunta,2009-04-23,2009,False,BL,Em Vigor,Argentina,Argentina,1,True,Cooperação e Desenvolvimento,Cooperação e Desenvolvimento,1,Luiz Inácio Lula da Silva,Cristina Fernández de Kirchner,Buenos Aires,Argentina,True,,,,,,,False,False,False,,https://concordia.itamaraty.gov.br/detalhamento-acordo/6354,2337,https://aplicacao.itamaraty.gov.br/ApiConcordia/Documento/download/2337,0,data/raw/concordia_bilateral_acts/20260828T222000Z/searches/argentina/page_001.json,data/raw/concordia_bilateral_acts/20260828T222000Z/details/act_6354.json,False,1,False,False,False,False,False,True,1,False
Argentina,19,6221,Convênio do Sistema de Pagamentos em Moeda Local entre o Brasil e a Argentina,convenio do sistema de pagamentos em moeda local entre o brasil e a argentina,Outro/não classificado,2008-09-08,2008,False,BL,Situação especial,Argentina,Argentina,1,True,"Economia, Finanças e Tributos","Economia, Finanças e Tributos",1,Henrique de Campos Meirelles,Martín P. Redrado,Brasília,Brasil,True,,,,,,,False,False,False,,https://concordia.itamaraty.gov.br/detalhamento-acordo/6221,2281,https://aplicacao.itamaraty.gov.br/ApiConcordia/Documento/download/2281,0,data/raw/concordia_bilateral_acts/20260828T222000Z/searches/argentina/page_001.json,data/raw/concordia_bilateral_acts/20260828T222000Z/details/act_6221.json,False,1,False,False,False,False,False,True,4,True
Argentina,19,6222,"Declaração do Ministro de Minas e Energia da República Federativa do Brasil e do Ministro de Planejamento Federal, Investimento Público e Serviços da República Argentina.",declaracao do ministro de minas e energia da republica federativa do brasil e do ministro de planejamento federal investimento publico e servicos da republica argentina,Outro/não classificado,2008-09-08,2008,False,BL,Em Vigor,Argentina,Argentina,1,True,Cooperação e Desenvolvimento,Cooperação e Desenvolvimento,1,Edison Lobão,Julio Miguel de Vido,Brasília,Brasil,True,,,,,,,False,False,False,,https://concordia.itamaraty.gov.br/detalhamento-acordo/6222,2943,https://aplicacao.itamaraty.gov.br/ApiConcordia/Documento/download/2943,1,data/raw/concordia_bilateral_acts/20260828T222000Z/searches/argentina/page_001.json,data/raw/concordia_bilateral_acts/20260828T222000Z/details/act_6222.json,False,1,False,False,False,False,False,True,4,True
Argentina,19,6223,"Declaração conjunta visita de Estado ao Brasil da Presidenta da República Argentina, Cristina Fernandez de Kirchner",declaracao conjunta visita de estado ao brasil da presidenta da republica argentina cristina fernandez de kirchner,Declaração Conjunta,2008-09-08,2008,False,BL,Em Vigor,Argentina,Argentina,1,True,Cooperação e Desenvolvimento,Cooperação e Desenvolvimento,1,Luiz Inácio Lula da Silva,Cristina Fernández de Kirchner,Brasília,Brasil,True,,,,,,,False,False,False,,https://concordia.itamaraty.gov.br/detalhamento-acordo/6223,2417,https://aplicacao.itamaraty.gov.br/ApiConcordia/Documento/download/2417,0,data/raw/concordia_bilateral_acts/20260828T222000Z/searches/argentina/page_001.json,data/raw/concordia_bilateral_acts/20260828T222000Z/details/act_6223.json,False,1,False,False,False,False,False,True,4,True
Argentina,19,6224,Acordo por troca de notas entre o Governo da República Federativa do Brasil e o Governo da República da Argentina para implementação do Convênio de Cooperação entre Centrais Elétricas Brasileiras S.A. (Eletrobrás) e Emprendimientos Energéticos S.A (EBISA),acordo por troca de notas entre o governo da republica federativa do brasil e o governo da republica da argentina para implementacao do convenio de cooperacao entre centrais eletricas brasileiras s a eletrobras e emprendimientos energeticos s a ebisa,Troca de Notas,2008-09-08,2008,False,BL,Em Vigor,Argentina,Argentina,1,True,Energia e Recursos Estratégicos,Energia e Recursos Estratégicos,1,Celso Amorin,Jorge Enrique Taiana,Brasília,Brasil,True,,,,,,,False,False,False,,https://concordia.itamaraty.gov.br/detalhamento-acordo/6224,2652,https://aplicacao.itamaraty.gov.br/ApiConcordia/Documento/download/2652,1,data/raw/concordia_bilateral_acts/20260828T222000Z/searches/argentina/page_001.json,data/raw/concordia_bilateral_acts/20260828T222000Z/details/act_6224.json,False,1,False,False,False,False,False,True,4,True
Argentina,19,6042,Declaração Conjunta,declaracao conjunta,Declaração Conjunta,2008-02-22,2008,False,BL,Em Vigor,Argentina,Argentina,1,True,Cooperação e Desenvolvimento,Cooperação e Desenvolvimento,1,Luiz Inácio Lula da Silva,Cristina Fernández de Kirchner,Buenos Aires,Argentina,True,,,,,,,False,False,False,,https://concordia.itamaraty.gov.br/detalhamento-acordo/6042,2302,https://aplicacao.itamaraty.gov.br/ApiConcordia/Documento/download/2302,1,data/raw/concordia_bilateral_acts/20260828T222000Z/searches/argentina/page_001.json,data/raw/concordia_bilateral_acts/20260828T222000Z/details/act_6042.json,False,1,False,False,False,False,False,True,1,False
Argentina,19,6032,Ajuste Complementar ao Acordo de Cooperação Técnica para Implementação do Projeto Fortalecimento a Inspeção do Trabalho Portuário e em Vias Aquáticas.,ajuste complementar ao acordo de cooperacao tecnica para implementacao do projeto fortalecimento a inspecao do trabalho portuario e em vias aquaticas,Ajuste Complementar,2008-02-21,2008,False,BL,Em Vigor,Argentina,Argentina,1,True,Serviços e Transporte,Serviços e Transporte,1,Celso Amorim,Jorge Enrique Taiana,Buenos Aires,Argentina,True,,,,,,,False,False,False,,https://concordia.itamaraty.gov.br/detalhamento-acordo/6032,2174,https://aplicacao.itamaraty.gov.br/ApiConcordia/Documento/download/2174,1,data/raw/concordia_bilateral_acts/20260828T222000Z/searches/argentina/page_001.json,data/raw/concordia_bilateral_acts/20260828T222000Z/details/act_6032.json,False,1,False,False,False,False,False,True,10,True
Argentina,19,6033,Ajuste Complementar ao Acordo de Cooperação Técnica para Implementação do Projeto Desenvolvimento de Capacidades em Gestão de Áreas Protegidas.,ajuste complementar ao acordo de cooperacao tecnica para implementacao do projeto desenvolvimento de capacidades em gestao de areas protegidas,Ajuste Complementar,2008-02-21,2008,False,BL,Em Vigor,Argentina,Argentina,1,True,Meio Ambiente e Sustentabilidade,Meio Ambiente e Sustentabilidade,1,Celso Amorim,Jorge Enrique Taiana,Buenos Aires,Argentina,True,,,,,,,False,False,False,,https://concordia.itamaraty.gov.br/detalhamento-acordo/6033,2167,https://aplicacao.itamaraty.gov.br/ApiConcordia/Documento/download/2167,1,data/raw/concordia_bilateral_acts/20260828T222000Z/searches/argentina/page_001.json,data/raw/concordia_bilateral_acts/20260828T222000Z/details/act_6033.json,False,1,False,False,False,False,False,True,10,True
Argentina,19,6034,Ajuste Complementar ao Acordo de Cooperação Técnica para Implementação do Projeto Educação a Distância – Programa Livre,ajuste complementar ao acordo de cooperacao tecnica para implementacao do projeto educacao a distancia programa livre,Ajuste Complementar,2008-02-21,2008,False,BL,Em Vigor,Argentina,Argentina,1,True,Educação e Cultura,Educação e Cultura,1,Celso Amorim,Jorge Enrique Taiana,Buenos Aires,Argentina,True,,,,,,,False,False,False,,https://concordia.itamaraty.gov.br/detalhamento-acordo/6034,2160,https://aplicacao.itamaraty.gov.br/ApiConcordia/Documento/download/2160,1,data/raw/concordia_bilateral_acts/20260828T222000Z/searches/argentina/page_001.json,data/raw/concordia_bilateral_acts/20260828T222000Z/details/act_6034.json,False,1,False,False,False,False,False,True,10,True
Argentina,19,6035,Ajuste Complementar ao Acordo de Cooperação Técnica para Implementação do Projeto Negociação Coletiva: Gestão e Sistematização de Informações,ajuste complementar ao acordo de cooperacao tecnica para implementacao do projeto negociacao coletiva gestao e sistematizacao de informacoes,Ajuste Complementar,2008-02-21,2008,False,BL,Em Vigor,Argentina,Argentina,1,True,"Ciência, Tecnologia e Inovação","Ciência, Tecnologia e Inovação",1,Celso Amorim,Jorge Enrique Taiana,Buenos Aires,Argentina,True,,,,,,,False,False,False,,https://concordia.itamaraty.gov.br/detalhamento-acordo/6035,2114,https://aplicacao.itamaraty.gov.br/ApiConcordia/Documento/download/2114,1,data/raw/concordia_bilateral_acts/20260828T222000Z/searches/argentina/page_001.json,data/raw/concordia_bilateral_acts/20260828T222000Z/details/act_6035.json,False,1,False,False,False,False,False,True,10,True
Argentina,19,6036,Ajuste Complementar ao Acordo de Cooperação Técnica para Implementação do Projeto Interoperabilidade do Governo Eletrônico,ajuste complementar ao acordo de cooperacao tecnica para implementacao do projeto interoperabilidade do governo eletronico,Ajuste Complementar,2008-02-21,2008,False,BL,Em Vigor,Argentina,Argentina,1,True,"Ciência, Tecnologia e Inovação","Ciência, Tecnologia e Inovação",1,Celso Amorim,Jorge Enrique Taiana,Buenos Aires,Argentina,True,,,,,,,False,False,False,,https://concordia.itamaraty.gov.br/detalhamento-acordo/6036,2112,https://aplicacao.itamaraty.gov.br/ApiConcordia/Documento/download/2112,1,data/raw/concordia_bilateral_acts/20260828T222000Z/searches/argentina/page_001.json,data/raw/concordia_bilateral_acts/20260828T222000Z/details/act_6036.json,False,1,False,False,False,False,False,True,10,True
Argentina,19,6037,Ajuste Complementar ao Acordo de Cooperação Técnica para Implementação do Projeto Transferência de Cultivos e Técnicas para o Melhoramento de Batatas,ajuste complementar ao acordo de cooperacao tecnica para implementacao do projeto transferencia de cultivos e tecnicas para o melhoramento de batatas,Ajuste Complementar,2008-02-21,2008,False,BL,Em Vigor,Argentina,Argentina,1,True,"Agricultura, Pecuária e Pesca","Agricultura, Pecuária e Pesca",1,Celso Amorim,Jorge Enrique Taiana,Buenos Aires,Argentina,True,,,,,,,False,False,False,,https://concordia.itamaraty.gov.br/detalhamento-acordo/6037,2110,https://aplicacao.itamaraty.gov.br/ApiConcordia/Documento/download/2110,1,data/raw/concordia_bilateral_acts/20260828T222000Z/searches/argentina/page_001.json,data/raw/concordia_bilateral_acts/20260828T222000Z/details/act_6037.json,False,1,False,False,False,False,False,True,10,True
Argentina,19,6038,Ajuste Complementar ao Acordo de Cooperação Técnica para Implementação do Projeto Apoio Técnico à Implementação de um Banco de Leite Humano na Argentina,ajuste complementar ao acordo de cooperacao tecnica para implementacao do projeto apoio tecnico a implementacao de um banco de leite humano na argentina,Ajuste Complementar,2008-02-21,2008,False,BL,Em Vigor,Argentina,Argentina,1,True,"Trabalho, Saúde e Previdência","Trabalho, Saúde e Previdência",1,Celso Amorim,Jorge Enrique Taiana,Buenos Aires,Argentina,True,,,,,,,False,False,False,,https://concordia.itamaraty.gov.br/detalhamento-acordo/6038,2104,https://aplicacao.itamaraty.gov.br/ApiConcordia/Documento/download/2104,1,data/raw/concordia_bilateral_acts/20260828T222000Z/searches/argentina/page_001.json,data/raw/concordia_bilateral_acts/20260828T222000Z/details/act_6038.json,False,1,False,False,False,False,False,True,10,True
Argentina,19,6039,Ajuste Complementar ao Acordo de Cooperação Técnica para Implementação do Projeto Intercâmbio de Metodologias para Sistemas de Informação de Água Subterrânea,ajuste complementar ao acordo de cooperacao tecnica para implementacao do projeto intercambio de metodologias para sistemas de informacao de agua subterranea,Ajuste Complementar,2008-02-21,2008,False,BL,Em Vigor,Argentina,Argentina,1,True,"Fronteira, Infraestrutura e Integração Regional","Fronteira, Infraestrutura e Integração Regional",1,Celso Amorim,Jorge Enrique Taiana,Buenos Aires,Argentina,True,,,,,,,False,False,False,,https://concordia.itamaraty.gov.br/detalhamento-acordo/6039,2102,https://aplicacao.itamaraty.gov.br/ApiConcordia/Documento/download/2102,1,data/raw/concordia_bilateral_acts/20260828T222000Z/searches/argentina/page_001.json,data/raw/concordia_bilateral_acts/20260828T222000Z/details/act_6039.json,False,1,False,False,False,False,False,True,10,True
Argentina,19,6040,Ajuste Complementar ao Acordo de Cooperação Técnica para Implementação do Projeto Desenvolvimento de Capacidades na Área de Gestão de Recursos Hídricos,ajuste complementar ao acordo de cooperacao tecnica para implementacao do projeto desenvolvimento de capacidades na area de gestao de recursos hidricos,Ajuste Complementar,2008-02-21,2008,False,BL,Em Vigor,Argentina,Argentina,1,True,Energia e Recursos Estratégicos,Energia e Recursos Estratégicos,1,Celso Amorim,Jorge Enrique Taiana,Buenos Aires,Argentina,True,,,,,,,False,False,False,,https://concordia.itamaraty.gov.br/detalhamento-acordo/6040,2211,https://aplicacao.itamaraty.gov.br/ApiConcordia/Documento/download/2211,1,data/raw/concordia_bilateral_acts/20260828T222000Z/searches/argentina/page_001.json,data/raw/concordia_bilateral_acts/20260828T222000Z/details/act_6040.json,False,1,False,False,False,False,False,True,10,True
Argentina,19,6041,Ajuste Complementar ao Acordo de Cooperação Técnica para Implementação do Projeto Mapeamento Geológico e de Recursos Minerais em Áreas de Fronteira,ajuste complementar ao acordo de cooperacao tecnica para implementacao do projeto mapeamento geologico e de recursos minerais em areas de fronteira,Ajuste Complementar,2008-02-21,2008,False,BL,Em Vigor,Argentina,Argentina,1,True,Energia e Recursos Estratégicos,Energia e Recursos Estratégicos,1,Celso Amorim,Jorge Enrique Taiana,Buenos Aires,Argentina,True,,,,,,,False,False,False,,https://concordia.itamaraty.gov.br/detalhamento-acordo/6041,2200,https://aplicacao.itamaraty.gov.br/ApiConcordia/Documento/download/2200,1,data/raw/concordia_bilateral_acts/20260828T222000Z/searches/argentina/page_001.json,data/raw/concordia_bilateral_acts/20260828T222000Z/details/act_6041.json,False,1,False,False,False,False,False,True,10,True
Argentina,19,5984,Protocolo Adicional ao Tratado para o Aproveitamento dos Recursos Hídricos Compartilhados dos Trechos Limítrofes do Rio Uruguai e de seu Afluente o Rio Pepiri-Guaçu entre o Governo da República Federativa do Brasil e o Governo da República Argentina para a Constituição de uma Comissão Técnica Mista,protocolo adicional ao tratado para o aproveitamento dos recursos hidricos compartilhados dos trechos limitrofes do rio uruguai e de seu afluente o rio pepiri guacu entre o governo da republica federativa do brasil e o governo da republica argentina para a constituicao de uma comissao tecnica mista,Tratado,2007-12-07,2007,False,BL,Em Vigor,Argentina,Argentina,1,True,"Fronteira, Infraestrutura e Integração Regional","Fronteira, Infraestrutura e Integração Regional",1,Samuel Pinheiro Guimarães,Ruan Pablo Lohlé,Brasília,Brasil,True,,,,,,,False,False,False,,https://concordia.itamaraty.gov.br/detalhamento-acordo/5984,2122,https://aplicacao.itamaraty.gov.br/ApiConcordia/Documento/download/2122,1,data/raw/concordia_bilateral_acts/20260828T222000Z/searches/argentina/page_001.json,data/raw/concordia_bilateral_acts/20260828T222000Z/details/act_5984.json,False,1,False,False,False,False,False,True,1,False
Argentina,19,5824,Memorando de Entendimento entre o Governo da República Federativa do Brasil e o Governo da República Argentina em Matéria de Isenção Recíproca do Pagamento de certas Contribuições Sociais para Empresas de Transporte,memorando de entendimento entre o governo da republica federativa do brasil e o governo da republica argentina em materia de isencao reciproca do pagamento de certas contribuicoes sociais para empresas de transporte,Memorando de Entendimento,2007-05-16,2007,False,BL,Em Vigor,Argentina,Argentina,1,True,"Economia, Finanças e Tributos","Economia, Finanças e Tributos",1,Ruy Nunes Pinto Nogueira,Juan Pablo Lohlé,Brasília,Brasil,True,,,,,,,False,False,False,,https://concordia.itamaraty.gov.br/detalhamento-acordo/5824,2124,https://aplicacao.itamaraty.gov.br/ApiConcordia/Documento/download/2124,1,data/raw/concordia_bilateral_acts/20260828T222000Z/searches/argentina/page_001.json,data/raw/concordia_bilateral_acts/20260828T222000Z/details/act_5824.json,False,1,False,False,False,False,False,True,1,False
Argentina,19,5730,"Ajuste Complementar ao Acordo de Cooperação Técnica e Científica entre o Governo da República Federativa do Brasil e o Governo da República Argentina para Implementação do Projeto ""Construção de Cisternas Familiares e Validação Social de Cultivares de Hortaliças no Haiti""",ajuste complementar ao acordo de cooperacao tecnica e cientifica entre o governo da republica federativa do brasil e o governo da republica argentina para implementacao do projeto construcao de cisternas familiares e validacao social de cultivares de hortalicas no haiti,Ajuste Complementar,2006-11-30,2006,False,BL,Em Vigor,Argentina,Argentina,1,True,"Agricultura, Pecuária e Pesca","Agricultura, Pecuária e Pesca",1,Ruy Nunes Pinto Nogueira,Embaixador Rodolfo Ojea,Madri,Espanha,True,,,,,,,False,False,False,,https://concordia.itamaraty.gov.br/detalhamento-acordo/5730,2130,https://aplicacao.itamaraty.gov.br/ApiConcordia/Documento/download/2130,1,data/raw/concordia_bilateral_acts/20260828T222000Z/searches/argentina/page_001.json,data/raw/concordia_bilateral_acts/20260828T222000Z/details/act_5730.json,False,1,False,False,False,False,False,True,1,False
Argentina,19,5657,"Protocolo entre o Ministério da Educação da República Federativa do Brasil e o Ministério da Educação, Ciência e Tecnologia da República Argentina para a Criação do Mecanismo Permanente Conjunto em Temas Educacionais",protocolo entre o ministerio da educacao da republica federativa do brasil e o ministerio da educacao ciencia e tecnologia da republica argentina para a criacao do mecanismo permanente conjunto em temas educacionais,Protocolo,2006-07-19,2006,False,BL,Em Vigor,Argentina,Argentina,1,True,Cooperação e Desenvolvimento,Cooperação e Desenvolvimento,1,Fernando Haddad,Daniel Filmus,Buenos Aires,Argentina,True,,,,,,,False,False,False,,https://concordia.itamaraty.gov.br/detalhamento-acordo/5657,2139,https://aplicacao.itamaraty.gov.br/ApiConcordia/Documento/download/2139,0,data/raw/concordia_bilateral_acts/20260828T222000Z/searches/argentina/page_001.json,data/raw/concordia_bilateral_acts/20260828T222000Z/details/act_5657.json,False,1,False,False,False,False,False,True,1,False
Argentina,19,5620,Memorando de Entendimento entre o Governo da República Federativa do Brasil e o Governo da República Argentina para o Desenvolvimento de Ações Conjuntas de Cooperação Técnica em prol do Haiti,memorando de entendimento entre o governo da republica federativa do brasil e o governo da republica argentina para o desenvolvimento de acoes conjuntas de cooperacao tecnica em prol do haiti,Memorando de Entendimento,2006-05-23,2006,False,BL,Em Vigor,Argentina,Argentina,1,True,Cooperação e Desenvolvimento,Cooperação e Desenvolvimento,1,Celso Amorim,Jorge Taiana,Brasília,Brasil,True,,,,,,,False,False,False,,https://concordia.itamaraty.gov.br/detalhamento-acordo/5620,2140,https://aplicacao.itamaraty.gov.br/ApiConcordia/Documento/download/2140,1,data/raw/concordia_bilateral_acts/20260828T222000Z/searches/argentina/page_001.json,data/raw/concordia_bilateral_acts/20260828T222000Z/details/act_5620.json,False,1,False,False,False,False,False,True,1,False
Argentina,19,5496,"Compromisso de Puerto Iguazú - Desenvolvimento, Justiça e Integração",compromisso de puerto iguazu desenvolvimento justica e integracao,Outro/não classificado,2005-11-30,2005,False,BL,Em Vigor,Argentina,Argentina,1,True,Cooperação e Desenvolvimento,Cooperação e Desenvolvimento,1,Luiz Inácio Lula da Silva,Néstor Kirchner,Puerto Iguazú,Argentina,True,,,,,,,False,False,False,,https://concordia.itamaraty.gov.br/detalhamento-acordo/5496,2483,https://aplicacao.itamaraty.gov.br/ApiConcordia/Documento/download/2483,0,data/raw/concordia_bilateral_acts/20260828T222000Z/searches/argentina/page_001.json,data/raw/concordia_bilateral_acts/20260828T222000Z/details/act_5496.json,False,1,False,False,False,False,False,True,18,True
Argentina,19,5497,Declaração Conjunta sobre Cooperação Nuclear entre o Governo da República Federativa do Brasil e a República Argentina.,declaracao conjunta sobre cooperacao nuclear entre o governo da republica federativa do brasil e a republica argentina,Declaração Conjunta,2005-11-30,2005,False,BL,Em Vigor,Argentina,Argentina,1,True,Energia e Recursos Estratégicos,Energia e Recursos Estratégicos,1,Luiz Inácio Lula da Silva,Néstor Kirchner,Puerto Iguazú,Brasil,True,,,,,,,False,False,False,,https://concordia.itamaraty.gov.br/detalhamento-acordo/5497,2235,https://aplicacao.itamaraty.gov.br/ApiConcordia/Documento/download/2235,0,data/raw/concordia_bilateral_acts/20260828T222000Z/searches/argentina/page_001.json,data/raw/concordia_bilateral_acts/20260828T222000Z/details/act_5497.json,False,1,False,False,False,False,False,True,18,True
Argentina,19,5498,"Protocolo Adicional ao Acordo de Cooperação para o Desenvolvimento de Energia Nuclear para Fins Pacíficos em Matéria de Reatores, Combústiveis Nucleares, Abastecimento de Radioisótopos e Radiofármacos, e de Gestão de Resíduos Radiativos",protocolo adicional ao acordo de cooperacao para o desenvolvimento de energia nuclear para fins pacificos em materia de reatores combustiveis nucleares abastecimento de radioisotopos e radiofarmacos e de gestao de residuos radiativos,Protocolo,2005-11-30,2005,False,BL,Em Vigor,Argentina,Argentina,1,True,Energia e Recursos Estratégicos,Energia e Recursos Estratégicos,1,Celso Amorim,Rafael Antonio Bielsa,Puerto Iguazú,Argentina,True,,,,,,,False,False,False,,https://concordia.itamaraty.gov.br/detalhamento-acordo/5498,2303,https://aplicacao.itamaraty.gov.br/ApiConcordia/Documento/download/2303,1,data/raw/concordia_bilateral_acts/20260828T222000Z/searches/argentina/page_001.json,data/raw/concordia_bilateral_acts/20260828T222000Z/details/act_5498.json,False,1,False,False,False,False,False,True,18,True
Argentina,19,5499,Protocolo Adicional ao Acordo de Cooperação para o Desenvolvimento de Energia Nuclear para Fins Pacíficos nas Áreas Normativa e de Regulação Nuclear,protocolo adicional ao acordo de cooperacao para o desenvolvimento de energia nuclear para fins pacificos nas areas normativa e de regulacao nuclear,Protocolo,2005-11-30,2005,False,BL,Em Vigor,Argentina,Argentina,1,True,Energia e Recursos Estratégicos,Energia e Recursos Estratégicos,1,Celso Amorim,Rafael Antonio Bielsa,Puerto Iguazú,Argentina,True,,,,,,,False,False,False,,https://concordia.itamaraty.gov.br/detalhamento-acordo/5499,2309,https://aplicacao.itamaraty.gov.br/ApiConcordia/Documento/download/2309,1,data/raw/concordia_bilateral_acts/20260828T222000Z/searches/argentina/page_001.json,data/raw/concordia_bilateral_acts/20260828T222000Z/details/act_5499.json,False,1,False,False,False,False,False,True,18,True
Argentina,19,5500,"Protocolo Complementar ao Acordo-Quadro sobre Cooperação em Aplicações Pacíficas de Ciência e Tecnologia Espaciais, celebrado entre a República Federativa do Brasil e a República Argentina para o Desenvolvimento Conjunto do Satélite Argentino-Brasileiro de Informação sobre Recursos Hídricos, Agricultura e Meio Ambiente",protocolo complementar ao acordo quadro sobre cooperacao em aplicacoes pacificas de ciencia e tecnologia espaciais celebrado entre a republica federativa do brasil e a republica argentina para o desenvolvimento conjunto do satelite argentino brasileiro de informacao sobre recursos hidricos agricultura e meio ambiente,Protocolo Complementar,2005-11-30,2005,False,BL,Em Vigor,Argentina,Argentina,1,True,Meio Ambiente e Sustentabilidade,Meio Ambiente e Sustentabilidade,1,Celso Amorim,Rafael Antonio Bielsa,Puerto Iguazú,Argentina,True,,,,,,,False,False,False,,https://concordia.itamaraty.gov.br/detalhamento-acordo/5500,2313,https://aplicacao.itamaraty.gov.br/ApiConcordia/Documento/download/2313,1,data/raw/concordia_bilateral_acts/20260828T222000Z/searches/argentina/page_001.json,data/raw/concordia_bilateral_acts/20260828T222000Z/details/act_5500.json,False,1,False,False,False,False,False,True,18,True
Argentina,19,5501,Acordo para o Estabelecimento de um Mecanismo de Cooperação Comercial entre a República Argentina e a República Federativa do Brasil,acordo para o estabelecimento de um mecanismo de cooperacao comercial entre a republica argentina e a republica federativa do brasil,Acordo,2005-11-30,2005,False,BL,Em Vigor,Argentina,Argentina,1,True,Comércio Internacional e Investimentos,Comércio Internacional e Investimentos,1,Celso Amorim,Rafael Antonio Bielsa,Puerto Iguazú,Argentina,False,,,,,,,False,False,False,,https://concordia.itamaraty.gov.br/detalhamento-acordo/5501,2430,https://aplicacao.itamaraty.gov.br/ApiConcordia/Documento/download/2430,3,data/raw/concordia_bilateral_acts/20260828T222000Z/searches/argentina/page_001.json,data/raw/concordia_bilateral_acts/20260828T222000Z/details/act_5501.json,False,1,False,False,False,False,False,True,18,True
Argentina,19,5502,"Acordo, por troca de notas, entre o Brasil e a Argentina para bilateralização do Acordo sobre Residência para Nacionais do Mercosul e o seu Anexo",acordo por troca de notas entre o brasil e a argentina para bilateralizacao do acordo sobre residencia para nacionais do mercosul e o seu anexo,Troca de Notas,2005-11-30,2005,False,BL,Substituído,Argentina,Argentina,1,True,Consulares e Migratórios,Consulares e Migratórios,1,Celso Amorim,Rafael Antonio Bielsa,Puerto Iguazú,Argentina,False,,,,,11042,"Acordo sobre Residência para Nacionais dos Estados Partes do MERCOSUL, Bolívia e Chile",True,False,False,,https://concordia.itamaraty.gov.br/detalhamento-acordo/5502,17139,https://aplicacao.itamaraty.gov.br/ApiConcordia/Documento/download/17139,1,data/raw/concordia_bilateral_acts/20260828T222000Z/searches/argentina/page_001.json,data/raw/concordia_bilateral_acts/20260828T222000Z/details/act_5502.json,False,1,False,False,False,False,False,True,18,True
Argentina,19,5503,Acordo entre a República Federativa do Brasil e a República Argentina para Concessão de Permanência a Detentores de Vistos Temporários ou a Turistas,acordo entre a republica federativa do brasil e a republica argentina para concessao de permanencia a detentores de vistos temporarios ou a turistas,Acordo,2005-11-30,2005,False,BL,Em Vigor,Argentina,Argentina,1,True,Consulares e Migratórios,Consulares e Migratórios,1,Celso Amorim,Rafael Antonio Bielsa,Puerto Iguazú,Argentina,False,,,,,,,False,False,False,,https://concordia.itamaraty.gov.br/detalhamento-acordo/5503,2324,https://aplicacao.itamaraty.gov.br/ApiConcordia/Documento/download/2324,3,data/raw/concordia_bilateral_acts/20260828T222000Z/searches/argentina/page_001.json,data/raw/concordia_bilateral_acts/20260828T222000Z/details/act_5503.json,False,1,False,False,False,False,False,True,18,True
Argentina,19,5504,Protocolo para o Estabelecimento de um Grupo de Alto Nível para a Implementação da Livre Circulação de Pessoas entre a República Federativa do Brasil e a República Argentina.,protocolo para o estabelecimento de um grupo de alto nivel para a implementacao da livre circulacao de pessoas entre a republica federativa do brasil e a republica argentina,Protocolo,2005-11-30,2005,False,BL,Em Vigor,Argentina,Argentina,1,True,Consulares e Migratórios,Consulares e Migratórios,1,Celso Amorim,Rafael Antonio Bielsa,Puerto Iguazú,Argentina,True,,,,,,,False,False,False,,https://concordia.itamaraty.gov.br/detalhamento-acordo/5504,2262,https://aplicacao.itamaraty.gov.br/ApiConcordia/Documento/download/2262,1,data/raw/concordia_bilateral_acts/20260828T222000Z/searches/argentina/page_001.json,data/raw/concordia_bilateral_acts/20260828T222000Z/details/act_5504.json,False,1,False,False,False,False,False,True,18,True
Argentina,19,5505,Acordo entre a República Federativa do Brasil e a República Argentina sobre Localidades Fronteiriças Vinculadas,acordo entre a republica federativa do brasil e a republica argentina sobre localidades fronteiricas vinculadas,Acordo,2005-11-30,2005,False,BL,Em Vigor,Argentina,Argentina,1,True,"Fronteira, Infraestrutura e Integração Regional","Fronteira, Infraestrutura e Integração Regional",1,Celso Amorim,Rafael Antonio Bielsa,Puerto Iguazú,Argentina,False,,,,,,,False,False,False,,https://concordia.itamaraty.gov.br/detalhamento-acordo/5505,1224,https://aplicacao.itamaraty.gov.br/ApiConcordia/Documento/download/1224,4,data/raw/concordia_bilateral_acts/20260828T222000Z/searches/argentina/page_001.json,data/raw/concordia_bilateral_acts/20260828T222000Z/details/act_5505.json,False,1,False,False,False,False,False,True,18,True
Argentina,19,5506,Declaração sobre Subtração e Restituição de Menores,declaracao sobre subtracao e restituicao de menores,Outro/não classificado,2005-11-30,2005,False,BL,Em Vigor,Argentina,Argentina,1,True,"Direito, Justiça & Segurança Pública","Direito, Justiça & Segurança Pública",1,Celso Amorim,Rafael Antonio Bielsa,Puerto Iguazú,Argentina,True,,,,,,,False,False,False,,https://concordia.itamaraty.gov.br/detalhamento-acordo/5506,2257,https://aplicacao.itamaraty.gov.br/ApiConcordia/Documento/download/2257,1,data/raw/concordia_bilateral_acts/20260828T222000Z/searches/argentina/page_001.json,data/raw/concordia_bilateral_acts/20260828T222000Z/details/act_5506.json,False,1,False,False,False,False,False,True,18,True
Argentina,19,5507,Acordo Quadro de Cooperação em Matéria de Defesa entre a República Federativa do Brasil e a República Argentina.,acordo quadro de cooperacao em materia de defesa entre a republica federativa do brasil e a republica argentina,Acordo,2005-11-30,2005,False,BL,Em Vigor,Argentina,Argentina,1,True,Defesa e Segurança,Defesa e Segurança,1,Celso Amorim,Rafael Antonio Bielsa,Puerto Iguazú,Argentina,False,,,,,,,False,False,False,,https://concordia.itamaraty.gov.br/detalhamento-acordo/5507,2254,https://aplicacao.itamaraty.gov.br/ApiConcordia/Documento/download/2254,3,data/raw/concordia_bilateral_acts/20260828T222000Z/searches/argentina/page_001.json,data/raw/concordia_bilateral_acts/20260828T222000Z/details/act_5507.json,False,1,False,False,False,False,False,True,18,True
Argentina,19,5508,Ajuste Complementar ao Acordo de Cooperação Científica e Tecnológica na Área da Tecnologia Militar,ajuste complementar ao acordo de cooperacao cientifica e tecnologica na area da tecnologia militar,Ajuste Complementar,2005-11-30,2005,False,BL,Em Vigor,Argentina,Argentina,1,True,Defesa e Segurança,Defesa e Segurança,1,Celso Amorim,Rafael Antonio Bielsa,Puerto Iguazú,Argentina,False,,,,,,,False,False,False,,https://concordia.itamaraty.gov.br/detalhamento-acordo/5508,2495,https://aplicacao.itamaraty.gov.br/ApiConcordia/Documento/download/2495,3,data/raw/concordia_bilateral_acts/20260828T222000Z/searches/argentina/page_001.json,data/raw/concordia_bilateral_acts/20260828T222000Z/details/act_5508.json,False,1,False,False,False,False,False,True,18,True
Argentina,19,5509,Regulamento da Comissão Binacional Brasil-Argentina para a viabilização da Construção e Operação de Novas Travessias Rodoviárias sobre o Rio Uruguai entre a República Federativa do Brasil e a República Argentina.,regulamento da comissao binacional brasil argentina para a viabilizacao da construcao e operacao de novas travessias rodoviarias sobre o rio uruguai entre a republica federativa do brasil e a republica argentina,Outro/não classificado,2005-11-30,2005,False,BL,Em Vigor,Argentina,Argentina,1,True,"Fronteira, Infraestrutura e Integração Regional","Fronteira, Infraestrutura e Integração Regional",1,Celso Amorim,Rafael Antonio Bielsa,Puerto Iguazú,Argentina,True,,,,,,,False,False,False,,https://concordia.itamaraty.gov.br/detalhamento-acordo/5509,2226,https://aplicacao.itamaraty.gov.br/ApiConcordia/Documento/download/2226,1,data/raw/concordia_bilateral_acts/20260828T222000Z/searches/argentina/page_001.json,data/raw/concordia_bilateral_acts/20260828T222000Z/details/act_5509.json,False,1,False,False,False,False,False,True,18,True
Argentina,19,5510,Protocolo de Estabelecimento do Centro Brasileiro-Argentino de Nanotecnologia (CBAN) entre a República Federativa do Brasil e a República Argentina.,protocolo de estabelecimento do centro brasileiro argentino de nanotecnologia cban entre a republica federativa do brasil e a republica argentina,Protocolo,2005-11-30,2005,False,BL,Em Vigor,Argentina,Argentina,1,True,Cooperação e Desenvolvimento,Cooperação e Desenvolvimento,1,Celso Amorim,Rafael Antonio Bielsa,Puerto Iguazú,Argentina,True,,,,,,,False,False,False,,https://concordia.itamaraty.gov.br/detalhamento-acordo/5510,2224,https://aplicacao.itamaraty.gov.br/ApiConcordia/Documento/download/2224,1,data/raw/concordia_bilateral_acts/20260828T222000Z/searches/argentina/page_001.json,data/raw/concordia_bilateral_acts/20260828T222000Z/details/act_5510.json,False,1,False,False,False,False,False,True,18,True
Argentina,19,5511,"Ajuste Complementar ao Acordo de Cooperação Científica e Tecnológica entre a República Federativa do Brasil e a República Argentina para a Pesquisa, Desenvolvimento Tecnológico e Produção de Insumos, de Medicamentos e de Recursos para Diagnóstico.",ajuste complementar ao acordo de cooperacao cientifica e tecnologica entre a republica federativa do brasil e a republica argentina para a pesquisa desenvolvimento tecnologico e producao de insumos de medicamentos e de recursos para diagnostico,Ajuste Complementar,2005-11-30,2005,False,BL,Em Vigor,Argentina,Argentina,1,True,"Trabalho, Saúde e Previdência","Trabalho, Saúde e Previdência",1,Celso Amorim,Ginés Gonzáles Garcia,Puerto Iguazú,Argentina,True,,,,,,,False,False,False,,https://concordia.itamaraty.gov.br/detalhamento-acordo/5511,2221,https://aplicacao.itamaraty.gov.br/ApiConcordia/Documento/download/2221,0,data/raw/concordia_bilateral_acts/20260828T222000Z/searches/argentina/page_001.json,data/raw/concordia_bilateral_acts/20260828T222000Z/details/act_5511.json,False,1,False,False,False,False,False,True,18,True
Argentina,19,5512,Declaração dos Ministros da Área Energética por Ocasião da Celebração em 30 de novembro de 2005 do Vigésimo Aniversário da Assinatura dos `Acordos de Iguaçu`.,declaracao dos ministros da area energetica por ocasiao da celebracao em 30 de novembro de 2005 do vigesimo aniversario da assinatura dos acordos de iguacu,Outro/não classificado,2005-11-30,2005,False,BL,Em Vigor,Argentina,Argentina,1,True,Energia e Recursos Estratégicos,Energia e Recursos Estratégicos,1,Silas Rondeau,Julio de Vido,Puerto Iguazú,Argentina,True,,,,,,,False,False,False,,https://concordia.itamaraty.gov.br/detalhamento-acordo/5512,2217,https://aplicacao.itamaraty.gov.br/ApiConcordia/Documento/download/2217,1,data/raw/concordia_bilateral_acts/20260828T222000Z/searches/argentina/page_001.json,data/raw/concordia_bilateral_acts/20260828T222000Z/details/act_5512.json,False,1,False,False,False,False,False,True,18,True
Argentina,19,5520,"Programa de Trabalho entre a Secretaria de Agricultura, Ganadería, Pesca e Alimentos da República Argentina e o Ministério da Agricultura, Pecuária e Abastecimento da República Federativa do Brasil para a Determinação da Equivalência dos Sistemas de Controle Sanitário e Fitossanitários",programa de trabalho entre a secretaria de agricultura ganaderia pesca e alimentos da republica argentina e o ministerio da agricultura pecuaria e abastecimento da republica federativa do brasil para a determinacao da equivalencia dos sistemas de controle sanitario e fitossanitarios,Programa,2005-11-30,2005,False,BL,Em Vigor,Argentina,Argentina,1,True,"Agricultura, Pecuária e Pesca","Agricultura, Pecuária e Pesca",1,Roberto Rodrigues,Rafael Antonio Bielsa,Puerto Iguazú,Argentina,True,,,,,,,False,False,False,,https://concordia.itamaraty.gov.br/detalhamento-acordo/5520,2220,https://aplicacao.itamaraty.gov.br/ApiConcordia/Documento/download/2220,1,data/raw/concordia_bilateral_acts/20260828T222000Z/searches/argentina/page_001.json,data/raw/concordia_bilateral_acts/20260828T222000Z/details/act_5520.json,False,1,False,False,False,False,False,True,18,True
Argentina,19,5425,Protocolo de Intenções entre o Ministério da Saúde da República Federativa do Brasil e o Ministério da Saúde e Ambiente da República Argentina sobre Cooperação da Área da Saúde sobre Medicamentos.,protocolo de intencoes entre o ministerio da saude da republica federativa do brasil e o ministerio da saude e ambiente da republica argentina sobre cooperacao da area da saude sobre medicamentos,Protocolo,2005-08-22,2005,False,BL,Em Vigor,Argentina,Argentina,1,True,"Trabalho, Saúde e Previdência","Trabalho, Saúde e Previdência",1,Saraiva Felipe,Ginés Gonzalez Garcia,Buenos Aires,Argentina,True,,,,,,,False,False,False,,https://concordia.itamaraty.gov.br/detalhamento-acordo/5425,2336,https://aplicacao.itamaraty.gov.br/ApiConcordia/Documento/download/2336,1,data/raw/concordia_bilateral_acts/20260828T222000Z/searches/argentina/page_001.json,data/raw/concordia_bilateral_acts/20260828T222000Z/details/act_5425.json,False,1,False,False,False,False,False,True,1,False
Argentina,19,5332,"Acordo Complementar ao Acordo de Cooperação Técnica, para Implementação do Sistema de Voto Eletrônico na Província de Buenos Aires",acordo complementar ao acordo de cooperacao tecnica para implementacao do sistema de voto eletronico na provincia de buenos aires,Acordo,2005-02-18,2005,False,BL,Em Vigor,Argentina,Argentina,1,True,Cooperação e Desenvolvimento,Cooperação e Desenvolvimento,1,José Paulo Sepúlveda Pertence,Ana Cafiero,Brasília,Brasil,True,,,,,,,False,False,False,,https://concordia.itamaraty.gov.br/detalhamento-acordo/5332,2342,https://aplicacao.itamaraty.gov.br/ApiConcordia/Documento/download/2342,1,data/raw/concordia_bilateral_acts/20260828T222000Z/searches/argentina/page_001.json,data/raw/concordia_bilateral_acts/20260828T222000Z/details/act_5332.json,False,1,False,False,False,False,False,True,1,False
Argentina,19,5165,"Ajuste Complementar, por troca de Notas ao Acordo de Cooperação para a Prevenção do Uso Indevido e Combate ao Tráfico Ilícito de Entorpecentes e Substâncias Psicotrópicas.",ajuste complementar por troca de notas ao acordo de cooperacao para a prevencao do uso indevido e combate ao trafico ilicito de entorpecentes e substancias psicotropicas,Ajuste Complementar,2004-04-30,2004,False,BL,Em Vigor,Argentina,Argentina,1,True,"Direito, Justiça & Segurança Pública","Direito, Justiça & Segurança Pública",1,Samuel Pinheiro Guimarães,Juan Pablo Lohlé,Brasília,Brasil,True,,,,,,,False,False,False,,https://concordia.itamaraty.gov.br/detalhamento-acordo/5165,2345,https://aplicacao.itamaraty.gov.br/ApiConcordia/Documento/download/2345,1,data/raw/concordia_bilateral_acts/20260828T222000Z/searches/argentina/page_001.json,data/raw/concordia_bilateral_acts/20260828T222000Z/details/act_5165.json,False,1,False,False,False,False,False,True,1,False
Argentina,19,5036,Declaração Conjunta dos Senhores Presidentes da República Federativa do Brasil e da República Argentina,declaracao conjunta dos senhores presidentes da republica federativa do brasil e da republica argentina,Declaração Conjunta,2003-10-16,2003,False,BL,Em Vigor,Argentina,Argentina,1,True,Cooperação e Desenvolvimento,Cooperação e Desenvolvimento,1,Luiz Inácio Lula da Silva,Néstor Carlos Kirchner,Buenos Aires,Argentina,True,,,,,,,False,False,False,,https://concordia.itamaraty.gov.br/detalhamento-acordo/5036,2343,https://aplicacao.itamaraty.gov.br/ApiConcordia/Documento/download/2343,0,data/raw/concordia_bilateral_acts/20260828T222000Z/searches/argentina/page_001.json,data/raw/concordia_bilateral_acts/20260828T222000Z/details/act_5036.json,False,1,False,False,False,False,False,True,8,True
Argentina,19,5037,Declaração sobre Água e Pobreza,declaracao sobre agua e pobreza,Outro/não classificado,2003-10-16,2003,False,BL,Em Vigor,Argentina,Argentina,1,True,Energia e Recursos Estratégicos,Energia e Recursos Estratégicos,1,Luiz Inácio Lula da Silva,Néstor Carlos Kirchner,Buenos Aires,Argentina,True,,,,,,,False,False,False,,https://concordia.itamaraty.gov.br/detalhamento-acordo/5037,2339,https://aplicacao.itamaraty.gov.br/ApiConcordia/Documento/download/2339,0,data/raw/concordia_bilateral_acts/20260828T222000Z/searches/argentina/page_001.json,data/raw/concordia_bilateral_acts/20260828T222000Z/details/act_5037.json,False,1,False,False,False,False,False,True,8,True
Argentina,19,5038,Acordo de Cooperação entre a República Federativa do Brasil e a República Argentina Relativo à Cooperação entre suas Autoridades de Defesa da Concorrência na Aplicação de suas Leis de Concorrência,acordo de cooperacao entre a republica federativa do brasil e a republica argentina relativo a cooperacao entre suas autoridades de defesa da concorrencia na aplicacao de suas leis de concorrencia,Acordo,2003-10-16,2003,False,BL,Em Vigor,Argentina,Argentina,1,True,"Economia, Finanças e Tributos","Economia, Finanças e Tributos",1,Antonio Palocci Filho/Márcio Thomaz Bastos,Rafael Bielsa/Roberto Lavagna,Buenos Aires,Argentina,False,,,,,,,False,False,False,,https://concordia.itamaraty.gov.br/detalhamento-acordo/5038,3317,https://aplicacao.itamaraty.gov.br/ApiConcordia/Documento/download/3317,3,data/raw/concordia_bilateral_acts/20260828T222000Z/searches/argentina/page_001.json,data/raw/concordia_bilateral_acts/20260828T222000Z/details/act_5038.json,False,1,False,False,False,False,False,True,8,True
Argentina,19,5039,"Memorando de Entendimento entre a República Federativa do Brasil e a República Argentina para o Estabelecimento de um Mecanismo Permanente de Intercâmbio de Informações sobre a Circulação e o Tráfico Ilícito de Armas de Fogo, Munições, Explosivos e outros Materiais Correlatos",memorando de entendimento entre a republica federativa do brasil e a republica argentina para o estabelecimento de um mecanismo permanente de intercambio de informacoes sobre a circulacao e o trafico ilicito de armas de fogo municoes explosivos e outros materiais correlatos,Memorando de Entendimento,2003-10-16,2003,False,BL,Em Vigor,Argentina,Argentina,1,True,"Direito, Justiça & Segurança Pública","Direito, Justiça & Segurança Pública",1,Celso Amorim,Rafael Antonio Bielsa,Buenos Aires,Argentina,False,,,,,,,False,False,False,,https://concordia.itamaraty.gov.br/detalhamento-acordo/5039,2433,https://aplicacao.itamaraty.gov.br/ApiConcordia/Documento/download/2433,3,data/raw/concordia_bilateral_acts/20260828T222000Z/searches/argentina/page_001.json,data/raw/concordia_bilateral_acts/20260828T222000Z/details/act_5039.json,False,1,False,False,False,False,False,True,8,True
Argentina,19,5040,Memorandum entre o Governo da República Federativa do Brasil e o Governo da República Argentina para a Criação da Comissão de Monitoramento do Comércio entre Brasil e Argentina,memorandum entre o governo da republica federativa do brasil e o governo da republica argentina para a criacao da comissao de monitoramento do comercio entre brasil e argentina,Outro/não classificado,2003-10-16,2003,False,BL,Em Vigor,Argentina,Argentina,1,True,Comércio Internacional e Investimentos,Comércio Internacional e Investimentos,1,Márcio Fortes de Almeida,Alberto Dumont,Buenos Aires,Argentina,True,,,,,,,False,False,False,,https://concordia.itamaraty.gov.br/detalhamento-acordo/5040,2431,https://aplicacao.itamaraty.gov.br/ApiConcordia/Documento/download/2431,0,data/raw/concordia_bilateral_acts/20260828T222000Z/searches/argentina/page_001.json,data/raw/concordia_bilateral_acts/20260828T222000Z/details/act_5040.json,False,1,False,False,False,False,False,True,8,True
Argentina,19,5041,"Emenda, por Troca de Notas, entre o Governo da República Federativa do Brasil e o Governo da República Argentina ao Acordo sobre Facilitação de Atividades Empresariais, de 15 de fevereiro de 1996.",emenda por troca de notas entre o governo da republica federativa do brasil e o governo da republica argentina ao acordo sobre facilitacao de atividades empresariais de 15 de fevereiro de 1996,Troca de Notas,2003-10-16,2003,False,BL,Em Vigor,Argentina,Argentina,1,True,Consulares e Migratórios,Consulares e Migratórios,1,Celso Amorim,Rafael Antonio Bielsa,Buenos Aires,Argentina,True,,4205,,,,,True,True,False,,https://concordia.itamaraty.gov.br/detalhamento-acordo/5041,2403,https://aplicacao.itamaraty.gov.br/ApiConcordia/Documento/download/2403,1,data/raw/concordia_bilateral_acts/20260828T222000Z/searches/argentina/page_001.json,data/raw/concordia_bilateral_acts/20260828T222000Z/details/act_5041.json,False,1,False,False,False,False,False,True,8,True
Argentina,19,5042,"Acordo, por Troca de Notas, entre o Governo da República Federativa do Brasil e o Governo da República Argentina para Simplificação de Legalizações em Documentos Públicos",acordo por troca de notas entre o governo da republica federativa do brasil e o governo da republica argentina para simplificacao de legalizacoes em documentos publicos,Troca de Notas,2003-10-16,2003,False,BL,Denunciado,Argentina,Argentina,1,True,Cooperação e Desenvolvimento,Cooperação e Desenvolvimento,1,Celso Amorim,Rafael Antonio Bielsa,Buenos Aires,Argentina,True,,,,,,,False,False,False,,https://concordia.itamaraty.gov.br/detalhamento-acordo/5042,2392,https://aplicacao.itamaraty.gov.br/ApiConcordia/Documento/download/2392,2,data/raw/concordia_bilateral_acts/20260828T222000Z/searches/argentina/page_001.json,data/raw/concordia_bilateral_acts/20260828T222000Z/details/act_5042.json,False,1,False,False,False,False,False,True,8,True
Argentina,19,5043,Consenso de Buenos Aires,consenso de buenos aires,Outro/não classificado,2003-10-16,2003,False,BL,Em Vigor,Argentina,Argentina,1,True,"Direito, Justiça & Segurança Pública","Direito, Justiça & Segurança Pública",1,Luiz Inácio Lula da Silva,Néstor Carlos Kirchner,Buenos Aires,Argentina,True,,,,,,,False,False,False,,https://concordia.itamaraty.gov.br/detalhamento-acordo/5043,2323,https://aplicacao.itamaraty.gov.br/ApiConcordia/Documento/download/2323,0,data/raw/concordia_bilateral_acts/20260828T222000Z/searches/argentina/page_001.json,data/raw/concordia_bilateral_acts/20260828T222000Z/details/act_5043.json,False,1,False,False,False,False,False,True,8,True
Argentina,19,4998,Memorando de Entendimento,memorando de entendimento,Memorando de Entendimento,2003-08-15,2003,False,BL,Em Vigor,Argentina,Argentina,1,True,Cooperação e Desenvolvimento,Cooperação e Desenvolvimento,1,Celso Amorim,Rafael Bielsa,Assunção,Paraguai,True,,,,,,,False,False,False,,https://concordia.itamaraty.gov.br/detalhamento-acordo/4998,2350,https://aplicacao.itamaraty.gov.br/ApiConcordia/Documento/download/2350,1,data/raw/concordia_bilateral_acts/20260828T222000Z/searches/argentina/page_001.json,data/raw/concordia_bilateral_acts/20260828T222000Z/details/act_4998.json,False,1,False,False,False,False,False,True,1,False
Argentina,19,4992,Acordo Complementar ao Acordo de Cooperação Técnica entre o Governo da República Argentina e o Governo da República Federativa do Brasil para Implementar na Província de Buenos Aires o Sistema de Voto Eletrônico,acordo complementar ao acordo de cooperacao tecnica entre o governo da republica argentina e o governo da republica federativa do brasil para implementar na provincia de buenos aires o sistema de voto eletronico,Acordo,2003-07-30,2003,False,BL,Expirado,Argentina,Argentina,1,True,Cooperação e Desenvolvimento,Cooperação e Desenvolvimento,1,José Carlos Sepúlveda Pertence,Rafael Antonio Bielsa,Buenos Aires,Argentina,True,,,,,,,False,False,False,,https://concordia.itamaraty.gov.br/detalhamento-acordo/4992,2348,https://aplicacao.itamaraty.gov.br/ApiConcordia/Documento/download/2348,1,data/raw/concordia_bilateral_acts/20260828T222000Z/searches/argentina/page_001.json,data/raw/concordia_bilateral_acts/20260828T222000Z/details/act_4992.json,False,1,False,False,False,False,False,True,1,False
Argentina,19,4960,Ajuste Complementar ao Acordo de Cooperação Técnica entre o Governo da República Federativa do Brasil e o Governo da República Argentina para a Criação do Instituto Social Brasileiro-Argentino,ajuste complementar ao acordo de cooperacao tecnica entre o governo da republica federativa do brasil e o governo da republica argentina para a criacao do instituto social brasileiro argentino,Ajuste Complementar,2003-04-11,2003,False,BL,Em Vigor,Argentina,Argentina,1,True,Cooperação e Desenvolvimento,Cooperação e Desenvolvimento,1,Benedita Souza da Silva Sampaio,Carlos Ruckauf,Buenos Aires,Argentina,True,,,,,,,False,False,False,,https://concordia.itamaraty.gov.br/detalhamento-acordo/4960,2384,https://aplicacao.itamaraty.gov.br/ApiConcordia/Documento/download/2384,1,data/raw/concordia_bilateral_acts/20260828T222000Z/searches/argentina/page_001.json,data/raw/concordia_bilateral_acts/20260828T222000Z/details/act_4960.json,False,1,False,False,False,False,False,True,1,False
Argentina,19,4938,Acordo de Cooperação entre os Governos da República Federativa do Brasil e da República Argentina para o Combate ao Tráfego de Aeronaves Supostamente Envolvidas em Atividades Ilícitas Internacionais,acordo de cooperacao entre os governos da republica federativa do brasil e da republica argentina para o combate ao trafego de aeronaves supostamente envolvidas em atividades ilicitas internacionais,Acordo,2002-12-09,2002,False,BL,Em Vigor,Argentina,Argentina,1,True,Defesa e Segurança,Defesa e Segurança,1,Geraldo Magela da Cruz Quintão,José Horacio Jaunarema,Buenos Aires,Argentina,False,,,,,,,False,False,False,,https://concordia.itamaraty.gov.br/detalhamento-acordo/4938,2367,https://aplicacao.itamaraty.gov.br/ApiConcordia/Documento/download/2367,3,data/raw/concordia_bilateral_acts/20260828T222000Z/searches/argentina/page_001.json,data/raw/concordia_bilateral_acts/20260828T222000Z/details/act_4938.json,False,1,False,False,False,False,False,True,1,False
Argentina,19,4936,Acordo entre a República Federativa do Brasil e a República Argentina sobre Cooperação entre suas Academias Diplomáticas.,acordo entre a republica federativa do brasil e a republica argentina sobre cooperacao entre suas academias diplomaticas,Acordo,2002-12-02,2002,False,BL,Em Vigor,Argentina,Argentina,1,True,Relações Diplomáticas e Consulares,Relações Diplomáticas e Consulares,1,Min. João Almino de Souza Filho,Emb. José Ramón Sanchís Muñoz,Brasília,Brasil,True,,,,,,,False,False,False,,https://concordia.itamaraty.gov.br/detalhamento-acordo/4936,2270,https://aplicacao.itamaraty.gov.br/ApiConcordia/Documento/download/2270,2,data/raw/concordia_bilateral_acts/20260828T222000Z/searches/argentina/page_001.json,data/raw/concordia_bilateral_acts/20260828T222000Z/details/act_4936.json,False,1,False,False,False,False,False,True,1,False
Argentina,19,4870,"Acordo, por troca de Notas, para a Criação de uma Comissão Mista Bilateral Permanente em Matéria Energética.",acordo por troca de notas para a criacao de uma comissao mista bilateral permanente em materia energetica,Troca de Notas,2002-07-05,2002,False,BL,Em Vigor,Argentina,Argentina,1,True,Cooperação e Desenvolvimento,Cooperação e Desenvolvimento,1,Celso Lafer,Carlos Ruckauf,"Buenos Aires,",Argentina,True,,,,,,,False,False,False,,https://concordia.itamaraty.gov.br/detalhamento-acordo/4870,2338,https://aplicacao.itamaraty.gov.br/ApiConcordia/Documento/download/2338,1,data/raw/concordia_bilateral_acts/20260828T222000Z/searches/argentina/page_001.json,data/raw/concordia_bilateral_acts/20260828T222000Z/details/act_4870.json,False,1,False,False,False,False,False,True,1,False
Argentina,19,4746,Declaração Conjunta Concernente a Criação da Agência Argentino-Brasileira de Aplicações da Energia Nuclear (ABAEN).,declaracao conjunta concernente a criacao da agencia argentino brasileira de aplicacoes da energia nuclear abaen,Declaração Conjunta,2001-08-14,2001,False,BL,Em Vigor,Argentina,Argentina,1,True,Energia e Recursos Estratégicos,Energia e Recursos Estratégicos,1,Celso Lafer,Alberto Rodriguez Giavarini,Buenos Aires,Argentina,True,,,,,,,False,False,False,,https://concordia.itamaraty.gov.br/detalhamento-acordo/4746,2352,https://aplicacao.itamaraty.gov.br/ApiConcordia/Documento/download/2352,0,data/raw/concordia_bilateral_acts/20260828T222000Z/searches/argentina/page_001.json,data/raw/concordia_bilateral_acts/20260828T222000Z/details/act_4746.json,False,1,False,False,False,False,False,True,5,True
Argentina,19,4747,Acordo entre o Governo da República Federativa do Brasil e o Governo da República Argentina Relativo ao Intercâmbio de Estagiários,acordo entre o governo da republica federativa do brasil e o governo da republica argentina relativo ao intercambio de estagiarios,Acordo,2001-08-14,2001,False,BL,Em ratificação da(s) outra(s) Parte(s),Argentina,Argentina,1,True,Cooperação e Desenvolvimento,Cooperação e Desenvolvimento,1,Celso Lafer,Adalberto Rodriquez Giavarini,Buenos Aires,Argentina,False,,,,,,,False,False,False,,https://concordia.itamaraty.gov.br/detalhamento-acordo/4747,2361,https://aplicacao.itamaraty.gov.br/ApiConcordia/Documento/download/2361,2,data/raw/concordia_bilateral_acts/20260828T222000Z/searches/argentina/page_001.json,data/raw/concordia_bilateral_acts/20260828T222000Z/details/act_4747.json,False,1,False,False,False,False,False,True,5,True
Argentina,19,4748,Protocolo adicional ao Acordo-Quadro de Cooperação em Aplicações Pacíficas da Ciência e Tecnologias Espaciais Relativo à Concessão de Reciprocidade na Aquisição de Equipamentos para a Cooperação Espacial.,protocolo adicional ao acordo quadro de cooperacao em aplicacoes pacificas da ciencia e tecnologias espaciais relativo a concessao de reciprocidade na aquisicao de equipamentos para a cooperacao espacial,Protocolo,2001-08-14,2001,False,BL,Em ratificação da(s) outra(s) Parte(s),Argentina,Argentina,1,True,Meio Ambiente e Sustentabilidade,Meio Ambiente e Sustentabilidade,1,Ronaldo Sardenberg,Adalberto Rodriquez Giavarini,Buenos Aires,Argentina,False,,,,,,,False,False,False,,https://concordia.itamaraty.gov.br/detalhamento-acordo/4748,2370,https://aplicacao.itamaraty.gov.br/ApiConcordia/Documento/download/2370,2,data/raw/concordia_bilateral_acts/20260828T222000Z/searches/argentina/page_001.json,data/raw/concordia_bilateral_acts/20260828T222000Z/details/act_4748.json,False,1,False,False,False,False,False,True,5,True
Argentina,19,4749,Convênio sobre assistência aos Nacionais de cada uma das Partes que se Encontrem em Território de Estados nos quais não haja Representação Diplomática ou Consular de seus Respectivos Países.,convenio sobre assistencia aos nacionais de cada uma das partes que se encontrem em territorio de estados nos quais nao haja representacao diplomatica ou consular de seus respectivos paises,Outro/não classificado,2001-08-14,2001,False,BL,Em Vigor,Argentina,Argentina,1,True,Relações Diplomáticas e Consulares,Relações Diplomáticas e Consulares,1,Celso Lafer,Adalberto Rodriquez Giavarini,Buenos Aires,Argentina,False,,,,,,,False,False,False,,https://concordia.itamaraty.gov.br/detalhamento-acordo/4749,2441,https://aplicacao.itamaraty.gov.br/ApiConcordia/Documento/download/2441,3,data/raw/concordia_bilateral_acts/20260828T222000Z/searches/argentina/page_001.json,data/raw/concordia_bilateral_acts/20260828T222000Z/details/act_4749.json,False,1,False,False,False,False,False,True,5,True
Argentina,19,4750,"Acordo, por troca de Notas, para a Outorga de Vistos Gratuitos aos Estudantes e Docentes.",acordo por troca de notas para a outorga de vistos gratuitos aos estudantes e docentes,Troca de Notas,2001-08-14,2001,False,BL,Em Vigor,Argentina,Argentina,1,True,Consulares e Migratórios,Consulares e Migratórios,1,Celso Lafer,Adalberto Rodriguez Giavarini,Buenos Aires,Argentina,False,,,,,,,False,False,False,,https://concordia.itamaraty.gov.br/detalhamento-acordo/4750,2357,https://aplicacao.itamaraty.gov.br/ApiConcordia/Documento/download/2357,3,data/raw/concordia_bilateral_acts/20260828T222000Z/searches/argentina/page_001.json,data/raw/concordia_bilateral_acts/20260828T222000Z/details/act_4750.json,False,1,False,False,False,False,False,True,5,True
Argentina,19,4717,Acordo de Cooperação entre o Governo da cidade autônoma de Buenos Aires e a Embaixada do Brasil,acordo de cooperacao entre o governo da cidade autonoma de buenos aires e a embaixada do brasil,Acordo,2001-06-11,2001,False,BL,Em Vigor,Argentina,Argentina,1,True,Educação e Cultura,Educação e Cultura,1,Sebastião do Rego Barros,Lic. Daniel Filmus,Buenos Aires,Argentina,True,,,,,,,False,False,False,,https://concordia.itamaraty.gov.br/detalhamento-acordo/4717,2390,https://aplicacao.itamaraty.gov.br/ApiConcordia/Documento/download/2390,0,data/raw/concordia_bilateral_acts/20260828T222000Z/searches/argentina/page_001.json,data/raw/concordia_bilateral_acts/20260828T222000Z/details/act_4717.json,False,1,False,False,False,False,False,True,1,False
Argentina,19,4713,Acordo entre o Governo da República Federativa do Brasil e o Governo da República Argentina para o Provimento de Capacidade Espacial.,acordo entre o governo da republica federativa do brasil e o governo da republica argentina para o provimento de capacidade espacial,Acordo,2001-05-08,2001,False,BL,Em Vigor,Argentina,Argentina,1,True,Mar e Espaço,Mar e Espaço,1,Renato Navarro Guerreiro,Henoch Aguiar,Rio de Janeiro,Brasil,False,,,,,,,False,False,False,,https://concordia.itamaraty.gov.br/detalhamento-acordo/4713,2827,https://aplicacao.itamaraty.gov.br/ApiConcordia/Documento/download/2827,3,data/raw/concordia_bilateral_acts/20260828T222000Z/searches/argentina/page_001.json,data/raw/concordia_bilateral_acts/20260828T222000Z/details/act_4713.json,False,1,False,False,False,False,False,True,1,False
Argentina,19,4693,Acordo para a Viabilização da Construção e Operação de Novas Travessias Rodoviárias sobre o Rio Uruguai entre o Governo da República Federativa do Brasil e o Governo da República da Argentina,acordo para a viabilizacao da construcao e operacao de novas travessias rodoviarias sobre o rio uruguai entre o governo da republica federativa do brasil e o governo da republica da argentina,Acordo,2000-12-15,2000,False,BL,Em Vigor,Argentina,Argentina,1,True,Serviços e Transporte,Serviços e Transporte,1,Elizeu Padilha,Adalberto Rodrígues Giavarini,Florianópolis,Brasil,False,,,,,,,False,False,False,,https://concordia.itamaraty.gov.br/detalhamento-acordo/4693,2395,https://aplicacao.itamaraty.gov.br/ApiConcordia/Documento/download/2395,3,data/raw/concordia_bilateral_acts/20260828T222000Z/searches/argentina/page_001.json,data/raw/concordia_bilateral_acts/20260828T222000Z/details/act_4693.json,False,1,False,False,False,False,False,True,1,False
Argentina,19,4634,Protocolo Adicional ao Convênio de Cooperação Educativa entre o Governo da República Federativa do Brasil e o Governo da República Argentina no Campo do Ensino Superior,protocolo adicional ao convenio de cooperacao educativa entre o governo da republica federativa do brasil e o governo da republica argentina no campo do ensino superior,Protocolo,2000-06-15,2000,False,BL,Em Vigor,Argentina,Argentina,1,True,Cooperação e Desenvolvimento,Cooperação e Desenvolvimento,1,Paulo Renato de Souza,Juan José Llach,Buenos Aires,Argentina,True,,,,,,,False,False,False,,https://concordia.itamaraty.gov.br/detalhamento-acordo/4634,2450,https://aplicacao.itamaraty.gov.br/ApiConcordia/Documento/download/2450,1,data/raw/concordia_bilateral_acts/20260828T222000Z/searches/argentina/page_001.json,data/raw/concordia_bilateral_acts/20260828T222000Z/details/act_4634.json,False,1,False,False,False,False,False,True,2,True
Argentina,19,4635,Protocolo Adicional ao Convênio de Cooperação Educativa entre o Governo da República Federativa do Brasil e o Governo da República Argentina sobre Integração Educacional para a Formação de Recursos Humanos em Nível de Pós-Graduação,protocolo adicional ao convenio de cooperacao educativa entre o governo da republica federativa do brasil e o governo da republica argentina sobre integracao educacional para a formacao de recursos humanos em nivel de pos graduacao,Protocolo,2000-06-15,2000,False,BL,Em Vigor,Argentina,Argentina,1,True,Cooperação e Desenvolvimento,Cooperação e Desenvolvimento,1,Paulo Renato de Souza,Juan José Llach,Buenos Aires,Argentina,True,,,,,,,False,False,False,,https://concordia.itamaraty.gov.br/detalhamento-acordo/4635,2452,https://aplicacao.itamaraty.gov.br/ApiConcordia/Documento/download/2452,1,data/raw/concordia_bilateral_acts/20260828T222000Z/searches/argentina/page_001.json,data/raw/concordia_bilateral_acts/20260828T222000Z/details/act_4635.json,False,1,False,False,False,False,False,True,2,True
Paraguai,242,7313,Ajuste Complementar ao Acordo Básico de Cooperação Técnica entre o Governo da República Federativa do Brasil e o Governo da República do Paraguai para Implementação do Projeto “Fortalecimento Institucional da Divisão Nacional de Vigilância Sanitária do Ministério da Saúde Pública e Bem Estar Social da República do Paraguai”,ajuste complementar ao acordo basico de cooperacao tecnica entre o governo da republica federativa do brasil e o governo da republica do paraguai para implementacao do projeto fortalecimento institucional da divisao nacional de vigilancia sanitaria do ministerio da saude publica e bem estar social da republica do paraguai,Ajuste Complementar,2012-05-24,2012,False,BL,Em Vigor,Paraguai,Paraguai,1,True,Cooperação e Desenvolvimento,Cooperação e Desenvolvimento,1,Eduardo dos Santos,Juan Esteban Aguirre,Assunção,Paraguai,True,,,,,,,False,False,False,,https://concordia.itamaraty.gov.br/detalhamento-acordo/7313,9784,https://aplicacao.itamaraty.gov.br/ApiConcordia/Documento/download/9784,1,data/raw/concordia_bilateral_acts/20260828T222000Z/searches/paraguai/page_001.json,data/raw/concordia_bilateral_acts/20260828T222000Z/details/act_7313.json,False,1,False,False,False,False,False,True,1,False
Paraguai,242,7141,"Ajuste Complementar ao Acordo entre o Governo da República Federativa do Brasil e o Governo da República do Paraguai de 29 de Março de 1988, para a Cooperação em Segurança Pública e Enfrentamento ao Tráfico de Drogas e Substâncias Psicotrópicas e Crimes Conexos.",ajuste complementar ao acordo entre o governo da republica federativa do brasil e o governo da republica do paraguai de 29 de marco de 1988 para a cooperacao em seguranca publica e enfrentamento ao trafico de drogas e substancias psicotropicas e crimes conexos,Ajuste Complementar,2011-06-28,2011,False,BL,Em Vigor,Paraguai,Paraguai,1,True,"Direito, Justiça & Segurança Pública","Direito, Justiça & Segurança Pública",1,Antonio de Aguiar Patriota,Jorge Lara Castro,Assunção,Paraguai,True,,,,,,,False,False,False,,https://concordia.itamaraty.gov.br/detalhamento-acordo/7141,9801,https://aplicacao.itamaraty.gov.br/ApiConcordia/Documento/download/9801,1,data/raw/concordia_bilateral_acts/20260828T222000Z/searches/paraguai/page_001.json,data/raw/concordia_bilateral_acts/20260828T222000Z/details/act_7141.json,False,1,False,False,False,False,False,True,4,True
Paraguai,242,7142,Ajuste Complementar ao Acordo de Cooperação Técnica entre o Governo da República Federativa do Brasil e o Governo da República do Paraguai para a Implementação do Projeto “Fortalecimento Institucional da Assessoria Jurídica da Presidência da República do Paraguai”,ajuste complementar ao acordo de cooperacao tecnica entre o governo da republica federativa do brasil e o governo da republica do paraguai para a implementacao do projeto fortalecimento institucional da assessoria juridica da presidencia da republica do paraguai,Ajuste Complementar,2011-06-28,2011,False,BL,Em Vigor,Paraguai,Paraguai,1,True,Cooperação e Desenvolvimento,Cooperação e Desenvolvimento,1,Antonio de Aguiar Patriota,Jorge Lara Castro,Assunção,Paraguai,True,,,,,,,False,False,False,,https://concordia.itamaraty.gov.br/detalhamento-acordo/7142,9789,https://aplicacao.itamaraty.gov.br/ApiConcordia/Documento/download/9789,1,data/raw/concordia_bilateral_acts/20260828T222000Z/searches/paraguai/page_001.json,data/raw/concordia_bilateral_acts/20260828T222000Z/details/act_7142.json,False,1,False,False,False,False,False,True,4,True
Paraguai,242,7143,Ajuste Complementar ao Acordo de Cooperação Técnica entre o Governo da República Federativa do Brasil e o Governo da República do Paraguai para a Implementação do Projeto “Apoio à Elaboração e à Implementação do Programa Nacional para o Desenvolvimento da Cadeia Produtiva Leiteira no Paraguai”,ajuste complementar ao acordo de cooperacao tecnica entre o governo da republica federativa do brasil e o governo da republica do paraguai para a implementacao do projeto apoio a elaboracao e a implementacao do programa nacional para o desenvolvimento da cadeia produtiva leiteira no paraguai,Ajuste Complementar,2011-06-28,2011,False,BL,Em Vigor,Paraguai,Paraguai,1,True,Cooperação e Desenvolvimento,Cooperação e Desenvolvimento,1,Antonio de Aguiar Patriota,Jorge Lara Castro,Assunção,Paraguai,True,,,,,,,False,False,False,,https://concordia.itamaraty.gov.br/detalhamento-acordo/7143,9788,https://aplicacao.itamaraty.gov.br/ApiConcordia/Documento/download/9788,1,data/raw/concordia_bilateral_acts/20260828T222000Z/searches/paraguai/page_001.json,data/raw/concordia_bilateral_acts/20260828T222000Z/details/act_7143.json,False,1,False,False,False,False,False,True,4,True
Paraguai,242,7144,Ajuste Complementar ao Acordo de Cooperação Técnica entre o Governo da República Federativa do Brasil e o Governo da República do Paraguai para a Implementação do Projeto “Fortalecimento da Transparência e Desenvolvimento de Capacidades dos Governos Locais do Paraguai”,ajuste complementar ao acordo de cooperacao tecnica entre o governo da republica federativa do brasil e o governo da republica do paraguai para a implementacao do projeto fortalecimento da transparencia e desenvolvimento de capacidades dos governos locais do paraguai,Ajuste Complementar,2011-06-28,2011,False,BL,Em Vigor,Paraguai,Paraguai,1,True,Cooperação e Desenvolvimento,Cooperação e Desenvolvimento,1,Antonio de Aguiar Patriota,Jorge Lara Castro,Assunção,Paraguai,True,,,,,,,False,False,False,,https://concordia.itamaraty.gov.br/detalhamento-acordo/7144,9787,https://aplicacao.itamaraty.gov.br/ApiConcordia/Documento/download/9787,0,data/raw/concordia_bilateral_acts/20260828T222000Z/searches/paraguai/page_001.json,data/raw/concordia_bilateral_acts/20260828T222000Z/details/act_7144.json,False,1,False,False,False,False,False,True,4,True
Paraguai,242,6756,Comunicado Conjunto dos Ministros das Relações Exteriores da República Federativa do Brasil e da República do Paraguai,comunicado conjunto dos ministros das relacoes exteriores da republica federativa do brasil e da republica do paraguai,Comunicado Conjunto,2010-05-05,2010,False,BL,Em Vigor,Paraguai,Paraguai,1,True,Cooperação e Desenvolvimento,Cooperação e Desenvolvimento,1,Celso Amorim,Héctor Lacognata,Ponta Porã,Brasil,True,,,,,,,False,False,False,,https://concordia.itamaraty.gov.br/detalhamento-acordo/6756,17698,https://aplicacao.itamaraty.gov.br/ApiConcordia/Documento/download/17698,0,data/raw/concordia_bilateral_acts/20260828T222000Z/searches/paraguai/page_001.json,data/raw/concordia_bilateral_acts/20260828T222000Z/details/act_6756.json,False,1,False,False,False,False,False,True,1,False
Paraguai,242,6753,Ajuste Complementar ao Acordo de Cooperação Técnica entre o Governo da República Federativa do Brasil e o Governo da República do Paraguai para a Implementação do Projeto “Capacitação em Políticas Públicas para o Desenvolvimento”,ajuste complementar ao acordo de cooperacao tecnica entre o governo da republica federativa do brasil e o governo da republica do paraguai para a implementacao do projeto capacitacao em politicas publicas para o desenvolvimento,Ajuste Complementar,2010-05-03,2010,False,BL,Em Vigor,Paraguai,Paraguai,1,True,Cooperação e Desenvolvimento,Cooperação e Desenvolvimento,1,Antonio de Aguiar Patriota,Héctor Lacognata,Ponta Porã,Brasil,True,,,,,,,False,False,False,,https://concordia.itamaraty.gov.br/detalhamento-acordo/6753,10191,https://aplicacao.itamaraty.gov.br/ApiConcordia/Documento/download/10191,1,data/raw/concordia_bilateral_acts/20260828T222000Z/searches/paraguai/page_001.json,data/raw/concordia_bilateral_acts/20260828T222000Z/details/act_6753.json,False,1,False,False,False,False,False,True,3,True
Paraguai,242,6754,Ajuste Complementar ao Acordo de Cooperação Técnica entre o Governo da República Federativa do Brasil e o Governo da República do Paraguai para a Implementação do Projeto “Técnicas de Diversificação das Atividades Agropecuárias para a Agricultura Familiar no Paraguai”,ajuste complementar ao acordo de cooperacao tecnica entre o governo da republica federativa do brasil e o governo da republica do paraguai para a implementacao do projeto tecnicas de diversificacao das atividades agropecuarias para a agricultura familiar no paraguai,Ajuste Complementar,2010-05-03,2010,False,BL,Em Vigor,Paraguai,Paraguai,1,True,Cooperação e Desenvolvimento,Cooperação e Desenvolvimento,1,Antonio de Aguiar Patriota,Héctor Lacognata,Ponta Porã,Brasil,True,,,,,,,False,False,False,,https://concordia.itamaraty.gov.br/detalhamento-acordo/6754,10179,https://aplicacao.itamaraty.gov.br/ApiConcordia/Documento/download/10179,1,data/raw/concordia_bilateral_acts/20260828T222000Z/searches/paraguai/page_001.json,data/raw/concordia_bilateral_acts/20260828T222000Z/details/act_6754.json,False,1,False,False,False,False,False,True,3,True
Paraguai,242,6755,Ajuste Complementar ao Acordo de Cooperação Técnica entre o Governo da República Federativa do Brasil e o Governo da República do Paraguai para a Implementação do Projeto “Apoio ao Fortalecimento do Governo Eletrônico no Paraguai”,ajuste complementar ao acordo de cooperacao tecnica entre o governo da republica federativa do brasil e o governo da republica do paraguai para a implementacao do projeto apoio ao fortalecimento do governo eletronico no paraguai,Ajuste Complementar,2010-05-03,2010,False,BL,Em Vigor,Paraguai,Paraguai,1,True,"Ciência, Tecnologia e Inovação","Ciência, Tecnologia e Inovação",1,Antonio de Aguiar Patriota,Héctor Lacognata,Ponta Porã,Brasil,True,,,,,,,False,False,False,,https://concordia.itamaraty.gov.br/detalhamento-acordo/6755,10175,https://aplicacao.itamaraty.gov.br/ApiConcordia/Documento/download/10175,1,data/raw/concordia_bilateral_acts/20260828T222000Z/searches/paraguai/page_001.json,data/raw/concordia_bilateral_acts/20260828T222000Z/details/act_6755.json,False,1,False,False,False,False,False,True,3,True
Paraguai,242,6540,Ajuste Complementar ao Acordo de Cooperação Técnica entre o Governo da República Federativa do Brasil e o Governo da República do Paraguai para Implementação do Projeto “Centro de Formação Profissional Brasil – Paraguai em Hernandarias - Fase IV Ampliação e Expansão”,ajuste complementar ao acordo de cooperacao tecnica entre o governo da republica federativa do brasil e o governo da republica do paraguai para implementacao do projeto centro de formacao profissional brasil paraguai em hernandarias fase iv ampliacao e expansao,Ajuste Complementar,2009-11-03,2009,False,BL,Em Vigor,Paraguai,Paraguai,1,True,Cooperação e Desenvolvimento,Cooperação e Desenvolvimento,1,Eduardo dos Santos,Hector Lacognata,Assunção,Paraguai,True,,,,,,,False,False,False,,https://concordia.itamaraty.gov.br/detalhamento-acordo/6540,10185,https://aplicacao.itamaraty.gov.br/ApiConcordia/Documento/download/10185,1,data/raw/concordia_bilateral_acts/20260828T222000Z/searches/paraguai/page_001.json,data/raw/concordia_bilateral_acts/20260828T222000Z/details/act_6540.json,False,1,False,False,False,False,False,True,1,False
Paraguai,242,6535,Memorando de Entendimento entre o Governo da República Federativa do Brasil e o Governo da República do Paraguai sobre Cooperação em Matéria de Comunicação Pública,memorando de entendimento entre o governo da republica federativa do brasil e o governo da republica do paraguai sobre cooperacao em materia de comunicacao publica,Memorando de Entendimento,2009-10-27,2009,False,BL,Em Vigor,Paraguai,Paraguai,1,True,Cooperação e Desenvolvimento,Cooperação e Desenvolvimento,1,Franklin Martins,"Augusto dos Santos, Ministro da Secretaria de Informação e Comunicação para o Desenvolvimento",Assunção,Paraguai,True,,,,,,,False,False,False,,https://concordia.itamaraty.gov.br/detalhamento-acordo/6535,9781,https://aplicacao.itamaraty.gov.br/ApiConcordia/Documento/download/9781,1,data/raw/concordia_bilateral_acts/20260828T222000Z/searches/paraguai/page_001.json,data/raw/concordia_bilateral_acts/20260828T222000Z/details/act_6535.json,False,1,False,False,False,False,False,True,1,False
Paraguai,242,6482,Acordo por Notas Reversais entre o Governo da República Federativa do Brasil e o Governo da República do Paraguai sobre as Bases Financeiras do Anexo C do Tratado de Itaipu,acordo por notas reversais entre o governo da republica federativa do brasil e o governo da republica do paraguai sobre as bases financeiras do anexo c do tratado de itaipu,Tratado,2009-09-01,2009,False,BL,Em Vigor,Paraguai,Paraguai,1,True,Comércio Internacional e Investimentos,Comércio Internacional e Investimentos,1,Eduardo dos Santos,Héctor Lacognata,Assunção,Paraguai,False,,,,,,,False,False,False,,https://concordia.itamaraty.gov.br/detalhamento-acordo/6482,10033,https://aplicacao.itamaraty.gov.br/ApiConcordia/Documento/download/10033,3,data/raw/concordia_bilateral_acts/20260828T222000Z/searches/paraguai/page_001.json,data/raw/concordia_bilateral_acts/20260828T222000Z/details/act_6482.json,False,1,False,False,False,False,False,True,1,False
Paraguai,242,6427,Declaração Conjunta dos Presidentes da República Federativa do Brasil e da República do Paraguai.,declaracao conjunta dos presidentes da republica federativa do brasil e da republica do paraguai,Declaração Conjunta,2009-07-25,2009,False,BL,Em Vigor,Paraguai,Paraguai,1,True,Cooperação e Desenvolvimento,Cooperação e Desenvolvimento,1,Luiz Inácio Lula da Silva,Fernando Lugo Mendez,Assunção,Paraguai,True,,,,,,,False,False,False,,https://concordia.itamaraty.gov.br/detalhamento-acordo/6427,9837,https://aplicacao.itamaraty.gov.br/ApiConcordia/Documento/download/9837,0,data/raw/concordia_bilateral_acts/20260828T222000Z/searches/paraguai/page_001.json,data/raw/concordia_bilateral_acts/20260828T222000Z/details/act_6427.json,False,1,False,False,False,False,False,True,1,False
Paraguai,242,11813,"Emenda, por Troca de Notas, ao Ajuste Complementar ao Acordo de Cooperação Técnica entre o Governo da República Federativa do Brasil e o Governo da República do Paraguai na Área de Formação e Capacitação Profissional",emenda por troca de notas ao ajuste complementar ao acordo de cooperacao tecnica entre o governo da republica federativa do brasil e o governo da republica do paraguai na area de formacao e capacitacao profissional,Ajuste Complementar,2008-10-20,2008,False,BL,Em Vigor,Paraguai,Paraguai,1,True,Cooperação e Desenvolvimento,Cooperação e Desenvolvimento,1,Valter Percly Moreira ,Diretor-Geral da ABC,Brasília,Brasil,True,,5236,,,,,True,True,False,,https://concordia.itamaraty.gov.br/detalhamento-acordo/11813,10190,https://aplicacao.itamaraty.gov.br/ApiConcordia/Documento/download/10190,1,data/raw/concordia_bilateral_acts/20260828T222000Z/searches/paraguai/page_001.json,data/raw/concordia_bilateral_acts/20260828T222000Z/details/act_11813.json,False,1,False,False,False,False,False,True,1,False
Paraguai,242,6245,"Ajuste Complementar ao Acordo de Cooperação Técnica para a Implementação do Projeto “Capacitação em Análise Sócio-Demográfica, Distribuição Espacial da População e Meio Ambiente e Saúde Reprodutiva no Paraguai”",ajuste complementar ao acordo de cooperacao tecnica para a implementacao do projeto capacitacao em analise socio demografica distribuicao espacial da populacao e meio ambiente e saude reprodutiva no paraguai,Ajuste Complementar,2008-10-15,2008,False,BL,Em Vigor,Paraguai,Paraguai,1,True,Cooperação e Desenvolvimento,Cooperação e Desenvolvimento,1,Valter Pecly Moreira,Alejandro Hamed Franco,Assunção,Paraguai,True,,,,,,,False,False,False,,https://concordia.itamaraty.gov.br/detalhamento-acordo/6245,9843,https://aplicacao.itamaraty.gov.br/ApiConcordia/Documento/download/9843,1,data/raw/concordia_bilateral_acts/20260828T222000Z/searches/paraguai/page_001.json,data/raw/concordia_bilateral_acts/20260828T222000Z/details/act_6245.json,False,1,False,False,False,False,False,True,1,False
Paraguai,242,6064,"Ajuste Complementar ao Acordo de Cooperação Técnica para a Implementação do Projeto ``Políticas de Acesso à Terra, Reforma Agrária e Fortalecimento Institucional do Instituto Nacional de Desenvolvimento Rural e da Terra (INDERT) ``",ajuste complementar ao acordo de cooperacao tecnica para a implementacao do projeto politicas de acesso a terra reforma agraria e fortalecimento institucional do instituto nacional de desenvolvimento rural e da terra indert,Ajuste Complementar,2008-04-09,2008,False,BL,Em Vigor,Paraguai,Paraguai,1,True,"Agricultura, Pecuária e Pesca","Agricultura, Pecuária e Pesca",1,Samuel Pinheiro Guimarães Neto,Rubén Darío Ramírez Lezcano,Assunção,Paraguai,True,,,,,,,False,False,False,,https://concordia.itamaraty.gov.br/detalhamento-acordo/6064,9842,https://aplicacao.itamaraty.gov.br/ApiConcordia/Documento/download/9842,1,data/raw/concordia_bilateral_acts/20260828T222000Z/searches/paraguai/page_001.json,data/raw/concordia_bilateral_acts/20260828T222000Z/details/act_6064.json,False,1,False,False,False,False,False,True,2,True
Paraguai,242,6065,"Acordo, por troca de Notas, para o Estabelecimento de uma Faixa Non Aedificandi em Zonas Urbanas entre o Governo da República Federativa do Brasil e o Governo da República do Paraguai [adicional ao Acordo de 16/9/1980]",acordo por troca de notas para o estabelecimento de uma faixa non aedificandi em zonas urbanas entre o governo da republica federativa do brasil e o governo da republica do paraguai adicional ao acordo de 16 9 1980,Troca de Notas,2008-04-09,2008,False,BL,Em Vigor,Paraguai,Paraguai,1,True,Cooperação e Desenvolvimento,Cooperação e Desenvolvimento,1,Samuel Pinheiro Guimarães,Rubén Ramirez Lezcano,Assunção,Paraguai,False,,,5906,"Acordo, PTN, para o Estabelecimento de uma Faixa Non Aedificandi em Zonas Urbanas, Adicional ao Acordo de 16/09/1980 (substituído)",,,True,False,False,,https://concordia.itamaraty.gov.br/detalhamento-acordo/6065,10024,https://aplicacao.itamaraty.gov.br/ApiConcordia/Documento/download/10024,3,data/raw/concordia_bilateral_acts/20260828T222000Z/searches/paraguai/page_001.json,data/raw/concordia_bilateral_acts/20260828T222000Z/details/act_6065.json,False,1,False,False,False,False,False,True,2,True
Paraguai,242,5906,"Acordo, PTN, para o Estabelecimento de uma Faixa Non Aedificandi em Zonas Urbanas, Adicional ao Acordo de 16/09/1980 (substituído)",acordo ptn para o estabelecimento de uma faixa non aedificandi em zonas urbanas adicional ao acordo de 16 09 1980 substituido,Acordo,2007-08-08,2007,False,BL,Substituído,Paraguai,Paraguai,1,True,Cooperação e Desenvolvimento,Cooperação e Desenvolvimento,1,Valter Pecly Moreira,Rubén Ramírez Lezcano,Assunção,Paraguai,False,,,,,6065,"Acordo, por troca de Notas, para o Estabelecimento de uma Faixa Non Aedificandi em Zonas Urbanas entre o Governo da República Federativa do Brasil e o Governo da República do Paraguai [adicional ao Acordo de 16/9/1980]",True,False,False,,https://concordia.itamaraty.gov.br/detalhamento-acordo/5906,9857,https://aplicacao.itamaraty.gov.br/ApiConcordia/Documento/download/9857,0,data/raw/concordia_bilateral_acts/20260828T222000Z/searches/paraguai/page_001.json,data/raw/concordia_bilateral_acts/20260828T222000Z/details/act_5906.json,False,1,False,False,False,False,False,True,1,False
Paraguai,242,5858,"Declaração de Intenções sobre Cooperação Técnica para Elaboração do Projeto Básico da Linha de Transmissão entre a Subestação Itaipu-Margem Direita e a Subestação Limpio, na Cidade de Assunção, com tensão de 500 KV",declaracao de intencoes sobre cooperacao tecnica para elaboracao do projeto basico da linha de transmissao entre a subestacao itaipu margem direita e a subestacao limpio na cidade de assuncao com tensao de 500 kv,Outro/não classificado,2007-06-28,2007,False,BL,Em Vigor,Paraguai,Paraguai,1,True,Cooperação e Desenvolvimento,Cooperação e Desenvolvimento,1,Celso Amorin,Ruben Ramirez Lezcano,Assunção,Paraguai,True,,,,,,,False,False,False,,https://concordia.itamaraty.gov.br/detalhamento-acordo/5858,9573,https://aplicacao.itamaraty.gov.br/ApiConcordia/Documento/download/9573,0,data/raw/concordia_bilateral_acts/20260828T222000Z/searches/paraguai/page_001.json,data/raw/concordia_bilateral_acts/20260828T222000Z/details/act_5858.json,False,1,False,False,False,False,False,True,1,False
Paraguai,242,5825,Acordo Quadro sobre Cooperação em Matéria de Defesa entre o Governo da República Federativa do Brasil e o Governo da República do Paraguai,acordo quadro sobre cooperacao em materia de defesa entre o governo da republica federativa do brasil e o governo da republica do paraguai,Acordo,2007-05-21,2007,False,BL,Em Vigor,Paraguai,Paraguai,1,True,Defesa e Segurança,Defesa e Segurança,1,Celso Amorim; Waldir Pires,Rubén Ramírez Lezcano; Roberto González Segovia,Assunção,Paraguai,False,,,,,,,False,False,False,,https://concordia.itamaraty.gov.br/detalhamento-acordo/5825,10092,https://aplicacao.itamaraty.gov.br/ApiConcordia/Documento/download/10092,3,data/raw/concordia_bilateral_acts/20260828T222000Z/searches/paraguai/page_001.json,data/raw/concordia_bilateral_acts/20260828T222000Z/details/act_5825.json,False,1,False,False,False,False,False,True,14,True
Paraguai,242,5826,Declaração que Estabelece o Mecanismo 2+2 de Consulta e Avaliação Estratégica entre o Ministério da Defesa e o Ministério das Relações Exteriores da República Federativa do Brasil e o Ministério de Defesa Nacional e o Ministério das Relações Exteriores da República do Paraguai,declaracao que estabelece o mecanismo 2 2 de consulta e avaliacao estrategica entre o ministerio da defesa e o ministerio das relacoes exteriores da republica federativa do brasil e o ministerio de defesa nacional e o ministerio das relacoes exteriores da republica do paraguai,Outro/não classificado,2007-05-21,2007,False,BL,Em Vigor,Paraguai,Paraguai,1,True,Defesa e Segurança,Defesa e Segurança,1,Celso Amorim; Waldir Pires,Rubén Ramírez Lezcano; Roberto González Segovia,Assunção,Paraguai,True,,,,,,,False,False,False,,https://concordia.itamaraty.gov.br/detalhamento-acordo/5826,10097,https://aplicacao.itamaraty.gov.br/ApiConcordia/Documento/download/10097,0,data/raw/concordia_bilateral_acts/20260828T222000Z/searches/paraguai/page_001.json,data/raw/concordia_bilateral_acts/20260828T222000Z/details/act_5826.json,False,1,False,False,False,False,False,True,14,True
Paraguai,242,5827,Convênio de Cooperação sobre Saúde Animal em Área de Fronteira entre o Governo da República Federativa do Brasil e o Governo da República do Paraguai,convenio de cooperacao sobre saude animal em area de fronteira entre o governo da republica federativa do brasil e o governo da republica do paraguai,Outro/não classificado,2007-05-21,2007,False,BL,Em Vigor,Paraguai,Paraguai,1,True,"Agricultura, Pecuária e Pesca","Agricultura, Pecuária e Pesca",1,Celso Amorim; Reinhold Stephanes,Rubén Ramírez Lezcano; Alfredo Silvio Molinas,Assunção,Paraguai,True,,,,,,,False,False,False,,https://concordia.itamaraty.gov.br/detalhamento-acordo/5827,10098,https://aplicacao.itamaraty.gov.br/ApiConcordia/Documento/download/10098,1,data/raw/concordia_bilateral_acts/20260828T222000Z/searches/paraguai/page_001.json,data/raw/concordia_bilateral_acts/20260828T222000Z/details/act_5827.json,False,1,False,False,False,False,False,True,14,True
Paraguai,242,5828,Protocolo de Intenções entre o Governo da República Federativa do Brasil e o Governo da República do Paraguai sobre Cooperação Técnica em Políticas para Diversidade Cultural,protocolo de intencoes entre o governo da republica federativa do brasil e o governo da republica do paraguai sobre cooperacao tecnica em politicas para diversidade cultural,Protocolo,2007-05-21,2007,False,BL,Em Vigor,Paraguai,Paraguai,1,True,Educação e Cultura,Educação e Cultura,1,"Celso Amorim,","Rubén Ramírez Lezcano,","Assunção,",Paraguai,True,,,,,,,False,False,False,,https://concordia.itamaraty.gov.br/detalhamento-acordo/5828,9407,https://aplicacao.itamaraty.gov.br/ApiConcordia/Documento/download/9407,1,data/raw/concordia_bilateral_acts/20260828T222000Z/searches/paraguai/page_001.json,data/raw/concordia_bilateral_acts/20260828T222000Z/details/act_5828.json,False,1,False,False,False,False,False,True,14,True
Paraguai,242,5829,Protocolo de Intenções entre o Governo da República Federativa do Brasil e o Governo da República do Paraguai sobre Cooperação Técnica em Políticas e Programas Nacionais de Cultura,protocolo de intencoes entre o governo da republica federativa do brasil e o governo da republica do paraguai sobre cooperacao tecnica em politicas e programas nacionais de cultura,Protocolo,2007-05-21,2007,False,BL,Em Vigor,Paraguai,Paraguai,1,True,Educação e Cultura,Educação e Cultura,1,Celso Amorim,"Rubén Ramírez Lezcano,",Assunção,Paraguai,True,,,,,,,False,False,False,,https://concordia.itamaraty.gov.br/detalhamento-acordo/5829,9505,https://aplicacao.itamaraty.gov.br/ApiConcordia/Documento/download/9505,1,data/raw/concordia_bilateral_acts/20260828T222000Z/searches/paraguai/page_001.json,data/raw/concordia_bilateral_acts/20260828T222000Z/details/act_5829.json,False,1,False,False,False,False,False,True,14,True
Paraguai,242,5830,Memorando de Entendimento para a Promoção do Comércio e do Investimento entre o Governo da República Federativa do Brasil e o Governo da República do Paraguai,memorando de entendimento para a promocao do comercio e do investimento entre o governo da republica federativa do brasil e o governo da republica do paraguai,Memorando de Entendimento,2007-05-21,2007,False,BL,Em Vigor,Paraguai,Paraguai,1,True,Comércio Internacional e Investimentos,Comércio Internacional e Investimentos,1,"Celso Amorim,","Rubén Ramírez Lezcano,",Assunção,Paraguai,True,,,,,,,False,False,False,,https://concordia.itamaraty.gov.br/detalhamento-acordo/5830,9481,https://aplicacao.itamaraty.gov.br/ApiConcordia/Documento/download/9481,1,data/raw/concordia_bilateral_acts/20260828T222000Z/searches/paraguai/page_001.json,data/raw/concordia_bilateral_acts/20260828T222000Z/details/act_5830.json,False,1,False,False,False,False,False,True,14,True
Paraguai,242,5831,Memorando de Entendimento entre o Governo da República Federativa do Brasil e o Governo da República do Paraguai para o Estabelecimento de Plano de Ação para o Desenvolvimento dos Biocombustíveis no Paraguai,memorando de entendimento entre o governo da republica federativa do brasil e o governo da republica do paraguai para o estabelecimento de plano de acao para o desenvolvimento dos biocombustiveis no paraguai,Memorando de Entendimento,2007-05-21,2007,False,BL,Em Vigor,Paraguai,Paraguai,1,True,Cooperação e Desenvolvimento,Cooperação e Desenvolvimento,1,"Celso Amorim,","Rubén Ramírez Lezcano,",Assunção,Paraguai,True,,,,,,,False,False,False,,https://concordia.itamaraty.gov.br/detalhamento-acordo/5831,9491,https://aplicacao.itamaraty.gov.br/ApiConcordia/Documento/download/9491,1,data/raw/concordia_bilateral_acts/20260828T222000Z/searches/paraguai/page_001.json,data/raw/concordia_bilateral_acts/20260828T222000Z/details/act_5831.json,False,1,False,False,False,False,False,True,14,True
Paraguai,242,5832,Ajuste Complementar ao Acordo de Cooperação Técnica entre o Governo da República Federativa do Brasil e o Governo da República do Paraguai para Implementação do Projeto ``Intercâmbio de Experiências e Conhecimentos sobre Educação Escolar Indígena ``,ajuste complementar ao acordo de cooperacao tecnica entre o governo da republica federativa do brasil e o governo da republica do paraguai para implementacao do projeto intercambio de experiencias e conhecimentos sobre educacao escolar indigena,Ajuste Complementar,2007-05-21,2007,False,BL,Em Vigor,Paraguai,Paraguai,1,True,Educação e Cultura,Educação e Cultura,1,Celso Amorim,Rubén Ramírez Lezcano,Assunção,Paraguai,True,,,,,,,False,False,False,,https://concordia.itamaraty.gov.br/detalhamento-acordo/5832,9502,https://aplicacao.itamaraty.gov.br/ApiConcordia/Documento/download/9502,1,data/raw/concordia_bilateral_acts/20260828T222000Z/searches/paraguai/page_001.json,data/raw/concordia_bilateral_acts/20260828T222000Z/details/act_5832.json,False,1,False,False,False,False,False,True,14,True
Paraguai,242,5833,Ajuste Complementar ao Acordo de Cooperação Técnica entre o Governo da República Federativa do Brasil e o Governo da República do Paraguai para Implementação do Projeto ``Fortalecimento da Educação Técnica e Profissional do Paraguai ``,ajuste complementar ao acordo de cooperacao tecnica entre o governo da republica federativa do brasil e o governo da republica do paraguai para implementacao do projeto fortalecimento da educacao tecnica e profissional do paraguai,Ajuste Complementar,2007-05-21,2007,False,BL,Em Vigor,Paraguai,Paraguai,1,True,Cooperação e Desenvolvimento,Cooperação e Desenvolvimento,1,Celso Amorim,Rubén Ramírez Lezcano,"Assunção,",Paraguai,True,,,,,,,False,False,False,,https://concordia.itamaraty.gov.br/detalhamento-acordo/5833,9511,https://aplicacao.itamaraty.gov.br/ApiConcordia/Documento/download/9511,1,data/raw/concordia_bilateral_acts/20260828T222000Z/searches/paraguai/page_001.json,data/raw/concordia_bilateral_acts/20260828T222000Z/details/act_5833.json,False,1,False,False,False,False,False,True,14,True
Paraguai,242,5834,Ajuste Complementar ao Acordo de Cooperação Técnica entre o Governo da República Federativa do Brasil e o Governo da República do Paraguai para Implementação do Projeto ``Intercâmbio de Conhecimentos sobre Sistemas de Conservação Integrada e Patrimônio Cultural ``,ajuste complementar ao acordo de cooperacao tecnica entre o governo da republica federativa do brasil e o governo da republica do paraguai para implementacao do projeto intercambio de conhecimentos sobre sistemas de conservacao integrada e patrimonio cultural,Ajuste Complementar,2007-05-21,2007,False,BL,Em Vigor,Paraguai,Paraguai,1,True,Educação e Cultura,Educação e Cultura,1,Celso Amorim,Rubén Ramírez Lezcano,Assunção,Paraguai,True,,,,,,,False,False,False,,https://concordia.itamaraty.gov.br/detalhamento-acordo/5834,9512,https://aplicacao.itamaraty.gov.br/ApiConcordia/Documento/download/9512,1,data/raw/concordia_bilateral_acts/20260828T222000Z/searches/paraguai/page_001.json,data/raw/concordia_bilateral_acts/20260828T222000Z/details/act_5834.json,False,1,False,False,False,False,False,True,14,True
Paraguai,242,5835,Ajuste Complementar ao Acordo de Cooperação Técnica entre o Governo da República Federativa do Brasil e o Governo da República do Paraguai para Implementação do Projeto ``Capacitação em Museologia ``,ajuste complementar ao acordo de cooperacao tecnica entre o governo da republica federativa do brasil e o governo da republica do paraguai para implementacao do projeto capacitacao em museologia,Ajuste Complementar,2007-05-21,2007,False,BL,Em Vigor,Paraguai,Paraguai,1,True,Educação e Cultura,Educação e Cultura,1,Celso Amorim,Rubén Ramírez Lezcano,Assunção,Paraguai,True,,,,,,,False,False,False,,https://concordia.itamaraty.gov.br/detalhamento-acordo/5835,9513,https://aplicacao.itamaraty.gov.br/ApiConcordia/Documento/download/9513,1,data/raw/concordia_bilateral_acts/20260828T222000Z/searches/paraguai/page_001.json,data/raw/concordia_bilateral_acts/20260828T222000Z/details/act_5835.json,False,1,False,False,False,False,False,True,14,True
Paraguai,242,5836,"Ajuste Complementar ao Acordo de Cooperação Técnica entre o Governo da República Federativa do Brasil e o Governo da República do Paraguai para Implementação do Projeto ``Fortalecimento da Vigilância em Saúde, com Ênfase no Combate à Dengue e na Implementação do Regulamento Sanitário Internacional ``",ajuste complementar ao acordo de cooperacao tecnica entre o governo da republica federativa do brasil e o governo da republica do paraguai para implementacao do projeto fortalecimento da vigilancia em saude com enfase no combate a dengue e na implementacao do regulamento sanitario internacional,Ajuste Complementar,2007-05-21,2007,False,BL,Em Vigor,Paraguai,Paraguai,1,True,"Trabalho, Saúde e Previdência","Trabalho, Saúde e Previdência",1,"Celso Amorim,","Rubén Ramírez Lezcano,",Assunção,Paraguai,True,,,,,,,False,False,False,,https://concordia.itamaraty.gov.br/detalhamento-acordo/5836,9535,https://aplicacao.itamaraty.gov.br/ApiConcordia/Documento/download/9535,1,data/raw/concordia_bilateral_acts/20260828T222000Z/searches/paraguai/page_001.json,data/raw/concordia_bilateral_acts/20260828T222000Z/details/act_5836.json,False,1,False,False,False,False,False,True,14,True
Paraguai,242,5837,Ajuste Complementar ao Acordo de Cooperação Técnica entre o Governo da República Federativa do Brasil e o Governo da República do Paraguai para Implementação do Projeto ``Capacitação de Técnicos e Agricultores Familiares para o Desenvolvimento da Produção Leiteira no Paraguai ``,ajuste complementar ao acordo de cooperacao tecnica entre o governo da republica federativa do brasil e o governo da republica do paraguai para implementacao do projeto capacitacao de tecnicos e agricultores familiares para o desenvolvimento da producao leiteira no paraguai,Ajuste Complementar,2007-05-21,2007,False,BL,Em Vigor,Paraguai,Paraguai,1,True,"Agricultura, Pecuária e Pesca","Agricultura, Pecuária e Pesca",1,Celso Amorim,Rubén Ramírez Lezcano,Assunção,Paraguai,True,,,,,,,False,False,False,,https://concordia.itamaraty.gov.br/detalhamento-acordo/5837,9534,https://aplicacao.itamaraty.gov.br/ApiConcordia/Documento/download/9534,1,data/raw/concordia_bilateral_acts/20260828T222000Z/searches/paraguai/page_001.json,data/raw/concordia_bilateral_acts/20260828T222000Z/details/act_5837.json,False,1,False,False,False,False,False,True,14,True
Paraguai,242,5838,Declaração Conjunta,declaracao conjunta,Declaração Conjunta,2007-05-21,2007,False,BL,Em Vigor,Paraguai,Paraguai,1,True,Cooperação e Desenvolvimento,Cooperação e Desenvolvimento,1,Celso Amorim,Rubén Ramírez Lezcano,Assunção,Paraguai,True,,,,,,,False,False,False,,https://concordia.itamaraty.gov.br/detalhamento-acordo/5838,9533,https://aplicacao.itamaraty.gov.br/ApiConcordia/Documento/download/9533,0,data/raw/concordia_bilateral_acts/20260828T222000Z/searches/paraguai/page_001.json,data/raw/concordia_bilateral_acts/20260828T222000Z/details/act_5838.json,False,1,False,False,False,False,False,True,14,True
Paraguai,242,5803,Programa Executivo Educacional entre o Governo da República Federativa do Brasil e o Governo da República do Paraguai,programa executivo educacional entre o governo da republica federativa do brasil e o governo da republica do paraguai,Programa Executivo,2007-04-12,2007,False,BL,Expirado,Paraguai,Paraguai,1,True,Educação e Cultura,Educação e Cultura,1,Valter Pecly Moreira,Blanca Ovelar de Duarte,Assunção,Paraguai,True,,,,,,,False,False,False,,https://concordia.itamaraty.gov.br/detalhamento-acordo/5803,10087,https://aplicacao.itamaraty.gov.br/ApiConcordia/Documento/download/10087,1,data/raw/concordia_bilateral_acts/20260828T222000Z/searches/paraguai/page_001.json,data/raw/concordia_bilateral_acts/20260828T222000Z/details/act_5803.json,False,1,False,False,False,False,False,True,1,False
Paraguai,242,5771,"Programa Executivo Cultural do Acordo Básico de Cooperação Educacional, Científica e Cultural entre Governo da República Federativa do Brasil e o Governo da República do Paraguai para o período 2007-2009",programa executivo cultural do acordo basico de cooperacao educacional cientifica e cultural entre governo da republica federativa do brasil e o governo da republica do paraguai para o periodo 2007 2009,Programa Executivo,2007-03-02,2007,False,BL,Expirado,Paraguai,Paraguai,1,True,Educação e Cultura,Educação e Cultura,1,Paulo César Meira de Vasconcelos,Bruno Barrios,Brasília,Brasil,True,,,,,,,False,False,False,,https://concordia.itamaraty.gov.br/detalhamento-acordo/5771,9894,https://aplicacao.itamaraty.gov.br/ApiConcordia/Documento/download/9894,1,data/raw/concordia_bilateral_acts/20260828T222000Z/searches/paraguai/page_001.json,data/raw/concordia_bilateral_acts/20260828T222000Z/details/act_5771.json,False,1,False,False,False,False,False,True,1,False
Paraguai,242,5746,Memorando de Entendimento entre Governo da República Federativa do Brasil e o Governo da República do Paraguai sobre Aspectos Técnicos e Financeiros Relacionados a Itaipu Binacional,memorando de entendimento entre governo da republica federativa do brasil e o governo da republica do paraguai sobre aspectos tecnicos e financeiros relacionados a itaipu binacional,Memorando de Entendimento,2007-01-19,2007,False,BL,Em Vigor,Paraguai,Paraguai,1,True,Energia e Recursos Estratégicos,Energia e Recursos Estratégicos,1,Luiz Inácio Lula da Silva,Nicanor Duarte Frutos,Rio de Janeiro,Brasil,True,,,,,,,False,False,False,,https://concordia.itamaraty.gov.br/detalhamento-acordo/5746,9880,https://aplicacao.itamaraty.gov.br/ApiConcordia/Documento/download/9880,2,data/raw/concordia_bilateral_acts/20260828T222000Z/searches/paraguai/page_001.json,data/raw/concordia_bilateral_acts/20260828T222000Z/details/act_5746.json,False,1,False,False,False,False,False,True,1,False
Paraguai,242,5719,"Ajuste Complementar ao Acordo de Cooperação Técnica entre o Governo da República Federativa do Brasil e o Governo da República do Paraguai para Implementação do Projeto ""Apoio à Implantação e Implementação de Banco de Leite Humano no Paraguai"".",ajuste complementar ao acordo de cooperacao tecnica entre o governo da republica federativa do brasil e o governo da republica do paraguai para implementacao do projeto apoio a implantacao e implementacao de banco de leite humano no paraguai,Ajuste Complementar,2006-11-23,2006,False,BL,Em Vigor,Paraguai,Paraguai,1,True,"Trabalho, Saúde e Previdência","Trabalho, Saúde e Previdência",1,Celso Amorim,Rubén Ramírez Lezcano,Assunção,Paraguai,True,,,,,,,False,False,False,,https://concordia.itamaraty.gov.br/detalhamento-acordo/5719,9924,https://aplicacao.itamaraty.gov.br/ApiConcordia/Documento/download/9924,1,data/raw/concordia_bilateral_acts/20260828T222000Z/searches/paraguai/page_001.json,data/raw/concordia_bilateral_acts/20260828T222000Z/details/act_5719.json,False,1,False,False,False,False,False,True,9,True
Paraguai,242,5720,"Ajuste Complementar ao Acordo de Cooperação Técnica entre o Governo da República Federativa do Brasil e o Governo da República do Paraguai para Implementação do Projeto ""Capacitação Técnica de Pesquisadores nas Principais Cadeias Produtivas do Agronegócio do Paraguai""",ajuste complementar ao acordo de cooperacao tecnica entre o governo da republica federativa do brasil e o governo da republica do paraguai para implementacao do projeto capacitacao tecnica de pesquisadores nas principais cadeias produtivas do agronegocio do paraguai,Ajuste Complementar,2006-11-23,2006,False,BL,Em Vigor,Paraguai,Paraguai,1,True,"Agricultura, Pecuária e Pesca","Agricultura, Pecuária e Pesca",1,Celso Amorim,Rubén Ramírez LezCano,Assunção,Paraguai,True,,,,,,,False,False,False,,https://concordia.itamaraty.gov.br/detalhamento-acordo/5720,9916,https://aplicacao.itamaraty.gov.br/ApiConcordia/Documento/download/9916,1,data/raw/concordia_bilateral_acts/20260828T222000Z/searches/paraguai/page_001.json,data/raw/concordia_bilateral_acts/20260828T222000Z/details/act_5720.json,False,1,False,False,False,False,False,True,9,True
Paraguai,242,5721,"Ajuste Complementar ao Acordo de Cooperação Técnica entre o Governo da República Federativa do Brasil e o Governo da República do Paraguai para Implementação do Projeto ""Desenvolvimento de Técnicas para a Produção de Matérias-Primas de Biocombustíveis no Paraguai"".",ajuste complementar ao acordo de cooperacao tecnica entre o governo da republica federativa do brasil e o governo da republica do paraguai para implementacao do projeto desenvolvimento de tecnicas para a producao de materias primas de biocombustiveis no paraguai,Ajuste Complementar,2006-11-23,2006,False,BL,Em Vigor,Paraguai,Paraguai,1,True,Energia e Recursos Estratégicos,Energia e Recursos Estratégicos,1,Celso Amorim,Rubén Ramírez Lezcano,Assunção,Paraguai,True,,,,,,,False,False,False,,https://concordia.itamaraty.gov.br/detalhamento-acordo/5721,9910,https://aplicacao.itamaraty.gov.br/ApiConcordia/Documento/download/9910,1,data/raw/concordia_bilateral_acts/20260828T222000Z/searches/paraguai/page_001.json,data/raw/concordia_bilateral_acts/20260828T222000Z/details/act_5721.json,False,1,False,False,False,False,False,True,9,True
Paraguai,242,5722,"Ajuste Complementar ao Acordo de Cooperação Técnica entre o Governo da República Federativa do Brasil e o Governo da República de Paraguai para Implementação do Projeto ""Modelagem de Política Postal no Paraguai, com o Estabelecimento do Serviço Postal Universal""",ajuste complementar ao acordo de cooperacao tecnica entre o governo da republica federativa do brasil e o governo da republica de paraguai para implementacao do projeto modelagem de politica postal no paraguai com o estabelecimento do servico postal universal,Ajuste Complementar,2006-11-23,2006,False,BL,Em Vigor,Paraguai,Paraguai,1,True,Serviços e Transporte,Serviços e Transporte,1,Celso Amorim,Rubén Ramírez Lezcano,Assunção,Paraguai,True,,,,,,,False,False,False,,https://concordia.itamaraty.gov.br/detalhamento-acordo/5722,9907,https://aplicacao.itamaraty.gov.br/ApiConcordia/Documento/download/9907,1,data/raw/concordia_bilateral_acts/20260828T222000Z/searches/paraguai/page_001.json,data/raw/concordia_bilateral_acts/20260828T222000Z/details/act_5722.json,False,1,False,False,False,False,False,True,9,True
Paraguai,242,5723,Ajuste Complementar ao Acordo de Cooperação Técnica entre o Governo da República Federativa do Brasil e o Governo da República do Paraguai para Implementação do Projeto ``Capacitação de Técnicos e Gestores Públicos em Desenvolvimento de Instrumentos de Políticas Públicas para a Agricultura Familiar/Campesina ``,ajuste complementar ao acordo de cooperacao tecnica entre o governo da republica federativa do brasil e o governo da republica do paraguai para implementacao do projeto capacitacao de tecnicos e gestores publicos em desenvolvimento de instrumentos de politicas publicas para a agricultura familiar campesina,Ajuste Complementar,2006-11-23,2006,False,BL,Em Vigor,Paraguai,Paraguai,1,True,"Agricultura, Pecuária e Pesca","Agricultura, Pecuária e Pesca",1,Celso Amorim,Rubén Ramírez Lezeano,Assunção,Paraguai,True,,,,,,,False,False,False,,https://concordia.itamaraty.gov.br/detalhamento-acordo/5723,9832,https://aplicacao.itamaraty.gov.br/ApiConcordia/Documento/download/9832,1,data/raw/concordia_bilateral_acts/20260828T222000Z/searches/paraguai/page_001.json,data/raw/concordia_bilateral_acts/20260828T222000Z/details/act_5723.json,False,1,False,False,False,False,False,True,9,True
Paraguai,242,5724,Ajuste Complementar ao Acordo de Cooperação Técnica entre o Governo da República Federativa do Brasil e o Governo da República de Paraguai para Implementação do Projeto ``Fortalecimento Institucional das Assessorias Internacionais dos Ministérios da Saúde do Brasil e do Paraguai ``,ajuste complementar ao acordo de cooperacao tecnica entre o governo da republica federativa do brasil e o governo da republica de paraguai para implementacao do projeto fortalecimento institucional das assessorias internacionais dos ministerios da saude do brasil e do paraguai,Ajuste Complementar,2006-11-23,2006,False,BL,Em Vigor,Paraguai,Paraguai,1,True,"Trabalho, Saúde e Previdência","Trabalho, Saúde e Previdência",1,Celso Amorim,Rubén Ramírez Lezeano,Assunção,Paraguai,True,,,,,,,False,False,False,,https://concordia.itamaraty.gov.br/detalhamento-acordo/5724,9844,https://aplicacao.itamaraty.gov.br/ApiConcordia/Documento/download/9844,1,data/raw/concordia_bilateral_acts/20260828T222000Z/searches/paraguai/page_001.json,data/raw/concordia_bilateral_acts/20260828T222000Z/details/act_5724.json,False,1,False,False,False,False,False,True,9,True
Paraguai,242,5725,Memorandum Operativo Relativo entre o Governo da República Federativa do Brasil e o Governo da República do Paraguai Relativo à Cooperação Brasileira para a Revitalização do Cabeceira Paraguaia da Ponte da Amizade,memorandum operativo relativo entre o governo da republica federativa do brasil e o governo da republica do paraguai relativo a cooperacao brasileira para a revitalizacao do cabeceira paraguaia da ponte da amizade,Outro/não classificado,2006-11-23,2006,False,BL,Superado,Paraguai,Paraguai,1,True,"Fronteira, Infraestrutura e Integração Regional","Fronteira, Infraestrutura e Integração Regional",1,Celso Amorim,Rubén Ramírez Lezeano,Assunção,Paraguai,False,,,,,,,False,False,False,,https://concordia.itamaraty.gov.br/detalhamento-acordo/5725,9850,https://aplicacao.itamaraty.gov.br/ApiConcordia/Documento/download/9850,0,data/raw/concordia_bilateral_acts/20260828T222000Z/searches/paraguai/page_001.json,data/raw/concordia_bilateral_acts/20260828T222000Z/details/act_5725.json,False,1,False,False,False,False,False,True,9,True
Paraguai,242,5726,"Memorando de Entendimento entre o Governo da República Federativa do Brasil e o Governo da República do Paraguai para a Cooperação em Matéria de Combate à Fabricação e ao Tráfico Ilícitos de Armas de Fogo, Munições, Acessórios, Explosivos e Outros Materiais Correlatos",memorando de entendimento entre o governo da republica federativa do brasil e o governo da republica do paraguai para a cooperacao em materia de combate a fabricacao e ao trafico ilicitos de armas de fogo municoes acessorios explosivos e outros materiais correlatos,Memorando de Entendimento,2006-11-23,2006,False,BL,Em ratificação da(s) outra(s) Parte(s),Paraguai,Paraguai,1,True,"Direito, Justiça & Segurança Pública","Direito, Justiça & Segurança Pública",1,Celso Amorim,Rubén Ramírez Lezcano,Assunção,Paraguai,False,,,,,,,False,False,False,,https://concordia.itamaraty.gov.br/detalhamento-acordo/5726,9865,https://aplicacao.itamaraty.gov.br/ApiConcordia/Documento/download/9865,2,data/raw/concordia_bilateral_acts/20260828T222000Z/searches/paraguai/page_001.json,data/raw/concordia_bilateral_acts/20260828T222000Z/details/act_5726.json,False,1,False,False,False,False,False,True,9,True
Paraguai,242,5727,Comunicado Conjunto dos Ministros das Relações Exteriores da República Federativa do Brasil e da República do Paraguai,comunicado conjunto dos ministros das relacoes exteriores da republica federativa do brasil e da republica do paraguai,Comunicado Conjunto,2006-11-23,2006,False,BL,Em Vigor,Paraguai,Paraguai,1,True,Cooperação e Desenvolvimento,Cooperação e Desenvolvimento,1,Celso Amorim,Rubén Ramírez Lezcano,Assunção,Paraguai,True,,,,,,,False,False,False,,https://concordia.itamaraty.gov.br/detalhamento-acordo/5727,9930,https://aplicacao.itamaraty.gov.br/ApiConcordia/Documento/download/9930,0,data/raw/concordia_bilateral_acts/20260828T222000Z/searches/paraguai/page_001.json,data/raw/concordia_bilateral_acts/20260828T222000Z/details/act_5727.json,False,1,False,False,False,False,False,True,9,True
Paraguai,242,5675,Acordo entre o Governo da República Federativa do Brasil e o Governo da República do Paraguai de Cooperação para o Desenvolvimento Sustentável e a Gestão Integrada da Bacia Hidrográfica do Rio Apa,acordo entre o governo da republica federativa do brasil e o governo da republica do paraguai de cooperacao para o desenvolvimento sustentavel e a gestao integrada da bacia hidrografica do rio apa,Acordo,2006-09-11,2006,False,BL,Em Vigor,Paraguai,Paraguai,1,True,Energia e Recursos Estratégicos,Energia e Recursos Estratégicos,1,Celso Amorim,Rubén Ramírez Lezcano,"Brasília,",Brasil,False,,,,,,,False,False,False,,https://concordia.itamaraty.gov.br/detalhamento-acordo/5675,10766,https://aplicacao.itamaraty.gov.br/ApiConcordia/Documento/download/10766,3,data/raw/concordia_bilateral_acts/20260828T222000Z/searches/paraguai/page_001.json,data/raw/concordia_bilateral_acts/20260828T222000Z/details/act_5675.json,False,1,False,False,False,False,False,True,2,True
Paraguai,242,5676,"Acordo, por Troca de Notas, para o Estabelecimento de um Depósito Franco no Porto de Rio Grande para Cargas Transportadas por Rodovia, celebrado em Brasília, em 11 de setembro de 2006, que complementa o ``Convênio entre a República Federativa do Brasil e a República do Paraguai para o Estabelecimento de um Depósito Franco no Porto de Rio Grande ``, celebrado em Brasília, no dia 21 de julho de 1987.",acordo por troca de notas para o estabelecimento de um deposito franco no porto de rio grande para cargas transportadas por rodovia celebrado em brasilia em 11 de setembro de 2006 que complementa o convenio entre a republica federativa do brasil e a republica do paraguai para o estabelecimento de um deposito franco no porto de rio grande celebrado em brasilia no dia 21 de julho de 1987,Troca de Notas,2006-09-11,2006,False,BL,Em Vigor,Paraguai,Paraguai,1,True,Cooperação e Desenvolvimento,Cooperação e Desenvolvimento,1,Celso Amorim,Rubén Ramírez Lezcano,Brasília,Brasil,False,,,,,,,False,False,False,,https://concordia.itamaraty.gov.br/detalhamento-acordo/5676,10775,https://aplicacao.itamaraty.gov.br/ApiConcordia/Documento/download/10775,3,data/raw/concordia_bilateral_acts/20260828T222000Z/searches/paraguai/page_001.json,data/raw/concordia_bilateral_acts/20260828T222000Z/details/act_5676.json,False,1,False,False,False,False,False,True,2,True
Paraguai,242,5526,Acordo entre o Governo da República Federativa do Brasil e o Governo da República do Paraguai para a Construção de uma Segunda Ponte Internacional sobre o Rio Paraná,acordo entre o governo da republica federativa do brasil e o governo da republica do paraguai para a construcao de uma segunda ponte internacional sobre o rio parana,Acordo,2005-12-08,2005,False,BL,Em Vigor,Paraguai,Paraguai,1,True,"Fronteira, Infraestrutura e Integração Regional","Fronteira, Infraestrutura e Integração Regional",1,Celso Amorim,Leila Rachid,Montevidéu,Uruguai,False,,,,,,,False,False,False,,https://concordia.itamaraty.gov.br/detalhamento-acordo/5526,10571,https://aplicacao.itamaraty.gov.br/ApiConcordia/Documento/download/10571,3,data/raw/concordia_bilateral_acts/20260828T222000Z/searches/paraguai/page_001.json,data/raw/concordia_bilateral_acts/20260828T222000Z/details/act_5526.json,False,1,False,False,False,False,False,True,2,True
Paraguai,242,5527,"Acordo, por troca de Notas, referente à Atualização das Bases Financeiras do Anexo C do Tratado de Itaipu",acordo por troca de notas referente a atualizacao das bases financeiras do anexo c do tratado de itaipu,Troca de Notas,2005-12-08,2005,False,BL,Em Vigor,Paraguai,Paraguai,1,True,Cooperação e Desenvolvimento,Cooperação e Desenvolvimento,1,Celso Amorim,Leila Rachid,Montevidéu,Uruguai,True,,,,,,,False,False,False,,https://concordia.itamaraty.gov.br/detalhamento-acordo/5527,10754,https://aplicacao.itamaraty.gov.br/ApiConcordia/Documento/download/10754,1,data/raw/concordia_bilateral_acts/20260828T222000Z/searches/paraguai/page_001.json,data/raw/concordia_bilateral_acts/20260828T222000Z/details/act_5527.json,False,1,False,False,False,False,False,True,2,True
Paraguai,242,5394,"Memorando de Entendimento para o Estabelecimento de um Grupo Bilateral de Inteligência Brasil-Paraguai na Esfera da Pirataria, da Falsificação e do Contrabando de Produtos Pirateados e Falsificados",memorando de entendimento para o estabelecimento de um grupo bilateral de inteligencia brasil paraguai na esfera da pirataria da falsificacao e do contrabando de produtos pirateados e falsificados,Memorando de Entendimento,2005-06-20,2005,False,BL,Em ratificação da(s) outra(s) Parte(s),Paraguai,Paraguai,1,True,"Direito, Justiça & Segurança Pública","Direito, Justiça & Segurança Pública",1,Celso Amorim,Leila Rachid,Assunção,Paraguai,False,,,,,,,False,False,False,,https://concordia.itamaraty.gov.br/detalhamento-acordo/5394,10551,https://aplicacao.itamaraty.gov.br/ApiConcordia/Documento/download/10551,2,data/raw/concordia_bilateral_acts/20260828T222000Z/searches/paraguai/page_001.json,data/raw/concordia_bilateral_acts/20260828T222000Z/details/act_5394.json,False,1,False,False,False,False,False,True,1,False
Paraguai,242,5344,"Acordo, por troca de Notas, relativo à Incorporação dos Conceitos de Responsabilidade Social e Ambiental ao Planejamento das Atividades de Itaipu Binacional",acordo por troca de notas relativo a incorporacao dos conceitos de responsabilidade social e ambiental ao planejamento das atividades de itaipu binacional,Troca de Notas,2005-03-31,2005,False,BL,Em Vigor,Paraguai,Paraguai,1,True,Meio Ambiente e Sustentabilidade,Meio Ambiente e Sustentabilidade,1,Valter Pecly Moreira,Leila Rachid de Cowles,Assunção,Paraguai,True,,,,,,,False,False,False,,https://concordia.itamaraty.gov.br/detalhamento-acordo/5344,10550,https://aplicacao.itamaraty.gov.br/ApiConcordia/Documento/download/10550,1,data/raw/concordia_bilateral_acts/20260828T222000Z/searches/paraguai/page_002.json,data/raw/concordia_bilateral_acts/20260828T222000Z/details/act_5344.json,False,1,False,False,False,False,False,True,1,False
Paraguai,242,5236,Ajuste Complementar ao Acordo de Cooperação Técnica entre o Governo da República Federativa do Brasil e o Governo da República do Paraguai na Área de Formação e Capacitação Profissional,ajuste complementar ao acordo de cooperacao tecnica entre o governo da republica federativa do brasil e o governo da republica do paraguai na area de formacao e capacitacao profissional,Ajuste Complementar,2004-10-22,2004,False,BL,Em Vigor,Paraguai,Paraguai,1,True,Cooperação e Desenvolvimento,Cooperação e Desenvolvimento,1,Lauro Barbosa da Silva Moreira,Luis Gonzalez Arias,Brasília,Brasil,True,11813,,,,,,True,False,False,,https://concordia.itamaraty.gov.br/detalhamento-acordo/5236,10180,https://aplicacao.itamaraty.gov.br/ApiConcordia/Documento/download/10180,1,data/raw/concordia_bilateral_acts/20260828T222000Z/searches/paraguai/page_002.json,data/raw/concordia_bilateral_acts/20260828T222000Z/details/act_5236.json,False,1,False,False,False,False,False,True,1,False
Paraguai,242,5160,Protocolo de Intenções entre o Governo da República Federativa do Brasil e o Governo da República do Paraguai sobre Cooperação Técnica na Área do Desenvolvimento Agrário,protocolo de intencoes entre o governo da republica federativa do brasil e o governo da republica do paraguai sobre cooperacao tecnica na area do desenvolvimento agrario,Protocolo,2004-03-29,2004,False,BL,Em Vigor,Paraguai,Paraguai,1,True,"Agricultura, Pecuária e Pesca","Agricultura, Pecuária e Pesca",1,Miguel Rossetto,Antonio Ibáñez,Assunção,Paraguai,True,,,,,,,False,False,False,,https://concordia.itamaraty.gov.br/detalhamento-acordo/5160,10230,https://aplicacao.itamaraty.gov.br/ApiConcordia/Documento/download/10230,1,data/raw/concordia_bilateral_acts/20260828T222000Z/searches/paraguai/page_002.json,data/raw/concordia_bilateral_acts/20260828T222000Z/details/act_5160.json,False,1,False,False,False,False,False,True,1,False
Paraguai,242,5034,Ajuste Complementar ao Acordo de Cooperação Técnica entre o Governo da República Federativa do Brasil e o Governo da República do Paraguai para Implementação do Projeto Assistência e Tratamento a Pessoas Vivendo com HIV/AIDS no Paraguai,ajuste complementar ao acordo de cooperacao tecnica entre o governo da republica federativa do brasil e o governo da republica do paraguai para implementacao do projeto assistencia e tratamento a pessoas vivendo com hiv aids no paraguai,Ajuste Complementar,2003-10-14,2003,False,BL,Expirado,Paraguai,Paraguai,1,True,"Trabalho, Saúde e Previdência","Trabalho, Saúde e Previdência",1,Celso Amorim,Leila Rachid,Brasília,Brasil,True,,,,,,,False,False,False,,https://concordia.itamaraty.gov.br/detalhamento-acordo/5034,10254,https://aplicacao.itamaraty.gov.br/ApiConcordia/Documento/download/10254,1,data/raw/concordia_bilateral_acts/20260828T222000Z/searches/paraguai/page_002.json,data/raw/concordia_bilateral_acts/20260828T222000Z/details/act_5034.json,False,1,False,False,False,False,False,True,2,True
Paraguai,242,5035,Memorando de Entendimento entre o Governo da República Federativa do Brasil e o Governo da República do Paraguai para a Construção da Segunda Ponte sobre o Rio Paraná,memorando de entendimento entre o governo da republica federativa do brasil e o governo da republica do paraguai para a construcao da segunda ponte sobre o rio parana,Memorando de Entendimento,2003-10-14,2003,False,BL,Em Vigor,Paraguai,Paraguai,1,True,"Fronteira, Infraestrutura e Integração Regional","Fronteira, Infraestrutura e Integração Regional",1,Celso Amorim,Leila Rachid,Brasília,Brasil,True,,,,,,,False,False,False,,https://concordia.itamaraty.gov.br/detalhamento-acordo/5035,10241,https://aplicacao.itamaraty.gov.br/ApiConcordia/Documento/download/10241,1,data/raw/concordia_bilateral_acts/20260828T222000Z/searches/paraguai/page_002.json,data/raw/concordia_bilateral_acts/20260828T222000Z/details/act_5035.json,False,1,False,False,False,False,False,True,2,True
Paraguai,242,4999,Protocolo de Intenções entre o Governo da República Federativa do Brasil e o Governo da República do Paraguai para a Implantação do Programa Bolsa-Escola no Perímetro de Atuação da Itaipu Binacional,protocolo de intencoes entre o governo da republica federativa do brasil e o governo da republica do paraguai para a implantacao do programa bolsa escola no perimetro de atuacao da itaipu binacional,Protocolo,2003-08-16,2003,False,BL,Expirado,Paraguai,Paraguai,1,True,Cooperação e Desenvolvimento,Cooperação e Desenvolvimento,1,Cristovam Buarque,Blanca Ovelar de Duarte,Itaipu,Brasil,True,,,,,,,False,False,False,,https://concordia.itamaraty.gov.br/detalhamento-acordo/4999,10256,https://aplicacao.itamaraty.gov.br/ApiConcordia/Documento/download/10256,1,data/raw/concordia_bilateral_acts/20260828T222000Z/searches/paraguai/page_002.json,data/raw/concordia_bilateral_acts/20260828T222000Z/details/act_4999.json,False,1,False,False,False,False,False,True,1,False
Paraguai,242,4947,Memorandum de Entendimento entre o Governo da República Federativa do Brasil e o Governo da República do Paraguai no Âmbito do Programa de Cooperação Internacional do Ministério da Saúde do Brasil,memorandum de entendimento entre o governo da republica federativa do brasil e o governo da republica do paraguai no ambito do programa de cooperacao internacional do ministerio da saude do brasil,Programa,2002-12-18,2002,False,BL,Expirado,Paraguai,Paraguai,1,True,"Trabalho, Saúde e Previdência","Trabalho, Saúde e Previdência",1,Marco Cesar Meira Naslausky; Barjas Negri,Elianne Cibils Wilson-Smith,Brasília,Brasil,True,,,,,,,False,False,False,,https://concordia.itamaraty.gov.br/detalhamento-acordo/4947,10219,https://aplicacao.itamaraty.gov.br/ApiConcordia/Documento/download/10219,1,data/raw/concordia_bilateral_acts/20260828T222000Z/searches/paraguai/page_002.json,data/raw/concordia_bilateral_acts/20260828T222000Z/details/act_4947.json,False,1,False,False,False,False,False,True,1,False
Paraguai,242,4899,"Ajuste Complementar, por Troca de Notas, entre o Governo da República Federativa do Brasil e o Governo da República do Paraguai, de Cooperação no Campo da Redução da Demanda de Entorpecentes entre Municípios Fronteiriços, ao Acordo de 29/03/1988",ajuste complementar por troca de notas entre o governo da republica federativa do brasil e o governo da republica do paraguai de cooperacao no campo da reducao da demanda de entorpecentes entre municipios fronteiricos ao acordo de 29 03 1988,Ajuste Complementar,2002-09-09,2002,False,BL,Em Vigor,Paraguai,Paraguai,1,True,"Direito, Justiça & Segurança Pública","Direito, Justiça & Segurança Pública",1,Luiz Augusto de Castro Neves,José Antonio Moreno Ruffinelli,Assunção,Paraguai,True,,,,,,,False,False,False,,https://concordia.itamaraty.gov.br/detalhamento-acordo/4899,10217,https://aplicacao.itamaraty.gov.br/ApiConcordia/Documento/download/10217,1,data/raw/concordia_bilateral_acts/20260828T222000Z/searches/paraguai/page_002.json,data/raw/concordia_bilateral_acts/20260828T222000Z/details/act_4899.json,False,1,False,False,False,False,False,True,1,False
Paraguai,242,4857,Memorando de Entendimento entre o Governo da República Federativa do Brasil e o Governo da República do Paraguai sobre Combate a Ilícitos Aduaneiros e Tributários de Contrafação e de Pirataria,memorando de entendimento entre o governo da republica federativa do brasil e o governo da republica do paraguai sobre combate a ilicitos aduaneiros e tributarios de contrafacao e de pirataria,Memorando de Entendimento,2002-05-29,2002,False,BL,Em Vigor,Paraguai,Paraguai,1,True,"Economia, Finanças e Tributos","Economia, Finanças e Tributos",1,Luiz Augusto de Castro Neves; Everardo de Almeida Maciel,José Antonio Moreno Ruffinelli; James Spalding,Assunção,Paraguai,True,,,,,,,False,False,False,,https://concordia.itamaraty.gov.br/detalhamento-acordo/4857,10168,https://aplicacao.itamaraty.gov.br/ApiConcordia/Documento/download/10168,1,data/raw/concordia_bilateral_acts/20260828T222000Z/searches/paraguai/page_002.json,data/raw/concordia_bilateral_acts/20260828T222000Z/details/act_4857.json,False,1,False,False,False,False,False,True,2,True
Paraguai,242,4858,Memorando de Entendimento entre o Governo da República Federativa do Brasil e o Governo da República do Paraguai sobre Cooperação Tributária,memorando de entendimento entre o governo da republica federativa do brasil e o governo da republica do paraguai sobre cooperacao tributaria,Memorando de Entendimento,2002-05-29,2002,False,BL,Em Vigor,Paraguai,Paraguai,1,True,"Economia, Finanças e Tributos","Economia, Finanças e Tributos",1,Luiz Augusto de Castro Neves; Everardo de Almeida Maciel,José Antonio Moreno Ruffinelli; James Spalding,Assunção,Paraguai,True,,,,,,,False,False,False,,https://concordia.itamaraty.gov.br/detalhamento-acordo/4858,10213,https://aplicacao.itamaraty.gov.br/ApiConcordia/Documento/download/10213,1,data/raw/concordia_bilateral_acts/20260828T222000Z/searches/paraguai/page_002.json,data/raw/concordia_bilateral_acts/20260828T222000Z/details/act_4858.json,False,1,False,False,False,False,False,True,2,True
Paraguai,242,4807,Ajuste Complementar ao Acordo de Cooperação Técnica entre o Governo da República Federativa do Brasil e o Governo da República do Paraguai na Área de Formação e Capacitação Profissional,ajuste complementar ao acordo de cooperacao tecnica entre o governo da republica federativa do brasil e o governo da republica do paraguai na area de formacao e capacitacao profissional,Ajuste Complementar,2002-01-15,2002,False,BL,Expirado,Paraguai,Paraguai,1,True,Cooperação e Desenvolvimento,Cooperação e Desenvolvimento,1,Marco César Meira Naslausky,José Antonio Moreno Ruffinelli,Assunção,Paraguai,True,,,,,,,False,False,False,,https://concordia.itamaraty.gov.br/detalhamento-acordo/4807,10164,https://aplicacao.itamaraty.gov.br/ApiConcordia/Documento/download/10164,1,data/raw/concordia_bilateral_acts/20260828T222000Z/searches/paraguai/page_002.json,data/raw/concordia_bilateral_acts/20260828T222000Z/details/act_4807.json,False,1,False,False,False,False,False,True,1,False
Paraguai,242,4681,"Acordo, por troca de Notas, Referente à Atualização do Valor dos Rendimentos de Capital da Itaipu Binacional",acordo por troca de notas referente a atualizacao do valor dos rendimentos de capital da itaipu binacional,Troca de Notas,2000-11-13,2000,False,BL,Em Vigor,Paraguai,Paraguai,1,True,Cooperação e Desenvolvimento,Cooperação e Desenvolvimento,1,Luiz Felipe Lampreia,Juan Esteban Aguirre,Itaipu,Brasil,True,,,,,,,False,False,False,,https://concordia.itamaraty.gov.br/detalhamento-acordo/4681,10153,https://aplicacao.itamaraty.gov.br/ApiConcordia/Documento/download/10153,1,data/raw/concordia_bilateral_acts/20260828T222000Z/searches/paraguai/page_002.json,data/raw/concordia_bilateral_acts/20260828T222000Z/details/act_4681.json,False,1,False,False,False,False,False,True,1,False
Paraguai,242,4667,"Acordo, por troca de Notas, Tornando Extinto o Protocolo Adicional sobre Relações de Trabalho e Previdência Social Relativo aos Contratos de Trabalho dos Trabalhadores, Empreiteiros e Subempreiteiros de Obras e Locadores e Sublocadores de Serviços, de 10/09/1974",acordo por troca de notas tornando extinto o protocolo adicional sobre relacoes de trabalho e previdencia social relativo aos contratos de trabalho dos trabalhadores empreiteiros e subempreiteiros de obras e locadores e sublocadores de servicos de 10 09 1974,Troca de Notas,2000-09-20,2000,False,BL,Em Vigor,Paraguai,Paraguai,1,True,"Trabalho, Saúde e Previdência","Trabalho, Saúde e Previdência",1,Luiz Felipe Lampreia,Juan Esteban Aguirre,Brasília,Brasil,True,,,,,,,False,False,False,,https://concordia.itamaraty.gov.br/detalhamento-acordo/4667,10142,https://aplicacao.itamaraty.gov.br/ApiConcordia/Documento/download/10142,2,data/raw/concordia_bilateral_acts/20260828T222000Z/searches/paraguai/page_002.json,data/raw/concordia_bilateral_acts/20260828T222000Z/details/act_4667.json,False,1,False,False,False,False,False,True,3,True
Paraguai,242,4668,"Convenção para Evitar a Dupla Tributação em Matéria de Impostos de Renda, Prevenir e Combater a Evasão Fiscal e sobre Matérias Aduaneiras entre o Governo da República Federativa do Brasil e o Governo da República do Paraguai",convencao para evitar a dupla tributacao em materia de impostos de renda prevenir e combater a evasao fiscal e sobre materias aduaneiras entre o governo da republica federativa do brasil e o governo da republica do paraguai,Convenção,2000-09-20,2000,False,BL,Situação especial,Paraguai,Paraguai,1,True,"Economia, Finanças e Tributos","Economia, Finanças e Tributos",1,Luiz Felipe Lampreia,Juan Esteban Aguirre Martinez,Brasília,Brasil,False,,,,,,,False,False,False,,https://concordia.itamaraty.gov.br/detalhamento-acordo/4668,10100,https://aplicacao.itamaraty.gov.br/ApiConcordia/Documento/download/10100,2,data/raw/concordia_bilateral_acts/20260828T222000Z/searches/paraguai/page_002.json,data/raw/concordia_bilateral_acts/20260828T222000Z/details/act_4668.json,False,1,False,False,False,False,False,True,3,True
Paraguai,242,4669,"Acordo por troca de Notas, sobre o Regime Trabalhista e de Previdência Social Aplicáveis aos Trabalhadores e Subempreiteiros de Obras e Locadores e Sublocadores de Serviços",acordo por troca de notas sobre o regime trabalhista e de previdencia social aplicaveis aos trabalhadores e subempreiteiros de obras e locadores e sublocadores de servicos,Troca de Notas,2000-09-20,2000,False,BL,Em Vigor,Paraguai,Paraguai,1,True,"Trabalho, Saúde e Previdência","Trabalho, Saúde e Previdência",1,Luiz Felipe Lampreia,Juan Esteban Aguirre,Brasília,Brasil,True,,,,,,,False,False,False,,https://concordia.itamaraty.gov.br/detalhamento-acordo/4669,10107,https://aplicacao.itamaraty.gov.br/ApiConcordia/Documento/download/10107,2,data/raw/concordia_bilateral_acts/20260828T222000Z/searches/paraguai/page_002.json,data/raw/concordia_bilateral_acts/20260828T222000Z/details/act_4669.json,False,1,False,False,False,False,False,True,3,True
Paraguai,242,4629,"Acordo, por troca de Notas, para Encerrar as Atividades da Comissão Mista Brasil-Paraguai Criada para a Construção da Rodovia Concepción-Ponta Porã Através do Comunicado Conjunto de 6 de Outubro de 1956",acordo por troca de notas para encerrar as atividades da comissao mista brasil paraguai criada para a construcao da rodovia concepcion ponta pora atraves do comunicado conjunto de 6 de outubro de 1956,Comunicado Conjunto,2000-05-12,2000,False,BL,Em Vigor,Paraguai,Paraguai,1,True,Relações Diplomáticas e Consulares,Relações Diplomáticas e Consulares,1,Bernardo Pericás Neto,Juan Esteban Aguirre,Assunção,Paraguai,True,,,,,,,False,False,False,,https://concordia.itamaraty.gov.br/detalhamento-acordo/4629,10066,https://aplicacao.itamaraty.gov.br/ApiConcordia/Documento/download/10066,1,data/raw/concordia_bilateral_acts/20260828T222000Z/searches/paraguai/page_002.json,data/raw/concordia_bilateral_acts/20260828T222000Z/details/act_4629.json,False,1,False,False,False,False,False,True,1,False
Paraguai,242,4605,Tratado sobre Transferência de Pessoas Condenadas e de Menores sob Tratamento Especial entre o Governo da República Federativa do Brasil e o Governo da República do Paraguai,tratado sobre transferencia de pessoas condenadas e de menores sob tratamento especial entre o governo da republica federativa do brasil e o governo da republica do paraguai,Tratado,2000-02-10,2000,False,BL,Em Vigor,Paraguai,Paraguai,1,True,"Direito, Justiça & Segurança Pública","Direito, Justiça & Segurança Pública",1,Luiz Felipe Lampreia,José Félix Fernández Estigarribia,Brasília,Brasil,False,,,,,,,False,False,False,,https://concordia.itamaraty.gov.br/detalhamento-acordo/4605,9899,https://aplicacao.itamaraty.gov.br/ApiConcordia/Documento/download/9899,3,data/raw/concordia_bilateral_acts/20260828T222000Z/searches/paraguai/page_002.json,data/raw/concordia_bilateral_acts/20260828T222000Z/details/act_4605.json,False,1,False,False,False,False,False,True,2,True
Paraguai,242,4606,Acordo de Cooperação Mútua entre o Governo da República Federativa do Brasil e o Governo da República do Paraguai para Combater o Tráfego de Aeronaves Envolvidas em Atividades Ilícitas Transnacionais,acordo de cooperacao mutua entre o governo da republica federativa do brasil e o governo da republica do paraguai para combater o trafego de aeronaves envolvidas em atividades ilicitas transnacionais,Acordo,2000-02-10,2000,False,BL,Em Vigor,Paraguai,Paraguai,1,True,Defesa e Segurança,Defesa e Segurança,1,Luiz Felipe Lampreia,José Félix Fernández Estigarribia,Brasília,Brasil,False,,,,,,,False,False,False,,https://concordia.itamaraty.gov.br/detalhamento-acordo/4606,10054,https://aplicacao.itamaraty.gov.br/ApiConcordia/Documento/download/10054,3,data/raw/concordia_bilateral_acts/20260828T222000Z/searches/paraguai/page_002.json,data/raw/concordia_bilateral_acts/20260828T222000Z/details/act_4606.json,False,1,False,False,False,False,False,True,2,True
México,184,7356,Ajuste Complementar ao Acordo Básico de Cooperação Técnica e Científica entre o Governo da República Federativa do Brasil e o Governo dos Estados Unidos Mexicanos para a Implementação do Projeto “Gestão da Informação Estatística e Geográfica para o Manejo de Recursos Hídricos”,ajuste complementar ao acordo basico de cooperacao tecnica e cientifica entre o governo da republica federativa do brasil e o governo dos estados unidos mexicanos para a implementacao do projeto gestao da informacao estatistica e geografica para o manejo de recursos hidricos,Ajuste Complementar,2012-08-07,2012,False,BL,Em Vigor,México,México,1,True,Meio Ambiente e Sustentabilidade,Meio Ambiente e Sustentabilidade,1,Marco Farani,Sergio Saavedra Meléndez,Brasília,Brasil,True,,,,,,,False,False,False,,https://concordia.itamaraty.gov.br/detalhamento-acordo/7356,8260,https://aplicacao.itamaraty.gov.br/ApiConcordia/Documento/download/8260,1,data/raw/concordia_bilateral_acts/20260828T222000Z/searches/mexico/page_001.json,data/raw/concordia_bilateral_acts/20260828T222000Z/details/act_7356.json,False,1,False,False,False,False,False,True,1,False
México,184,7317,Ajuste Complementar ao Acordo Básico de Cooperação Técnica e Científica entre o Governo da República Federativa do Brasil e o Governo dos Estados Unidos Mexicanos para a Implementação do Projeto “Intercâmbio de Experiências de Gestão de Perímetros Públicos de Irrigação entre o Brasil e o México”,ajuste complementar ao acordo basico de cooperacao tecnica e cientifica entre o governo da republica federativa do brasil e o governo dos estados unidos mexicanos para a implementacao do projeto intercambio de experiencias de gestao de perimetros publicos de irrigacao entre o brasil e o mexico,Ajuste Complementar,2012-06-11,2012,False,BL,Em Vigor,México,México,1,True,Meio Ambiente e Sustentabilidade,Meio Ambiente e Sustentabilidade,1,Ministro Marco Farani,Alejandro de la Peña Navarrete,Brasília,Brasil,True,,,,,,,False,False,False,,https://concordia.itamaraty.gov.br/detalhamento-acordo/7317,8212,https://aplicacao.itamaraty.gov.br/ApiConcordia/Documento/download/8212,1,data/raw/concordia_bilateral_acts/20260828T222000Z/searches/mexico/page_001.json,data/raw/concordia_bilateral_acts/20260828T222000Z/details/act_7317.json,False,1,False,False,False,False,False,True,11,True
México,184,7318,Ajuste Complementar ao Acordo Básico de Cooperação Técnica e Científica entre o Governo da República Federativa do Brasil e o Governo dos Estados Unidos Mexicanos para a Implementação do Projeto “Fortalecimento da Vigilância em Saúde Ambiental Relacionada a Desastres e População Exposta – Fase II”,ajuste complementar ao acordo basico de cooperacao tecnica e cientifica entre o governo da republica federativa do brasil e o governo dos estados unidos mexicanos para a implementacao do projeto fortalecimento da vigilancia em saude ambiental relacionada a desastres e populacao exposta fase ii,Ajuste Complementar,2012-06-11,2012,False,BL,Em Vigor,México,México,1,True,Meio Ambiente e Sustentabilidade,Meio Ambiente e Sustentabilidade,1,Ministro Marco Farani,Alejandro de la Peña Navarrete,Brasilia,Brasil,True,,,,,,,False,False,False,,https://concordia.itamaraty.gov.br/detalhamento-acordo/7318,8224,https://aplicacao.itamaraty.gov.br/ApiConcordia/Documento/download/8224,1,data/raw/concordia_bilateral_acts/20260828T222000Z/searches/mexico/page_001.json,data/raw/concordia_bilateral_acts/20260828T222000Z/details/act_7318.json,False,1,False,False,False,False,False,True,11,True
México,184,7319,Ajuste Complementar ao Acordo Básico de Cooperação Técnica e Científica entre o Governo da República Federativa do Brasil e o Governo dos Estados Unidos Mexicanos para a Implementação do Projeto “Aplicação das Práticas Integrativas e Complementares em Áreas Específicas de Saúde”,ajuste complementar ao acordo basico de cooperacao tecnica e cientifica entre o governo da republica federativa do brasil e o governo dos estados unidos mexicanos para a implementacao do projeto aplicacao das praticas integrativas e complementares em areas especificas de saude,Ajuste Complementar,2012-06-11,2012,False,BL,Em Vigor,México,México,1,True,"Trabalho, Saúde e Previdência","Trabalho, Saúde e Previdência",1,Ministro Marco Farani,Alejandro de la Peña Navarrete,Brasilia,Brasil,True,,,,,,,False,False,False,,https://concordia.itamaraty.gov.br/detalhamento-acordo/7319,8225,https://aplicacao.itamaraty.gov.br/ApiConcordia/Documento/download/8225,0,data/raw/concordia_bilateral_acts/20260828T222000Z/searches/mexico/page_001.json,data/raw/concordia_bilateral_acts/20260828T222000Z/details/act_7319.json,False,1,False,False,False,False,False,True,11,True
México,184,7320,Ajuste Complementar ao Acordo Básico de Cooperação Técnica e Científica entre o Governo da República Federativa do Brasil e o Governo dos Estados Unidos Mexicanos para a Implementação do Projeto “Fortalecimento da Eficácia de Linhagens de Bradyrhizobium Japonicum em Soja Cultivada no Semiárido”,ajuste complementar ao acordo basico de cooperacao tecnica e cientifica entre o governo da republica federativa do brasil e o governo dos estados unidos mexicanos para a implementacao do projeto fortalecimento da eficacia de linhagens de bradyrhizobium japonicum em soja cultivada no semiarido,Ajuste Complementar,2012-06-11,2012,False,BL,Em Vigor,México,México,1,True,"Agricultura, Pecuária e Pesca","Agricultura, Pecuária e Pesca",1,Ministro Marco Farani,Alejandro de la Peña Navarrete,Brasília,Brasil,True,,,,,,,False,False,False,,https://concordia.itamaraty.gov.br/detalhamento-acordo/7320,8226,https://aplicacao.itamaraty.gov.br/ApiConcordia/Documento/download/8226,0,data/raw/concordia_bilateral_acts/20260828T222000Z/searches/mexico/page_001.json,data/raw/concordia_bilateral_acts/20260828T222000Z/details/act_7320.json,False,1,False,False,False,False,False,True,11,True
México,184,7321,Ajuste Complementar ao Acordo Básico de Cooperação Técnica e Científica entre o Governo da República Federativa do Brasil e o Governo dos Estados Unidos Mexicanos para a Implementação do Projeto “Uso de Biofertilizantes e Práticas de Conservação para a Produção Agrícola Sustentável e Proteção do Meio Ambiente”,ajuste complementar ao acordo basico de cooperacao tecnica e cientifica entre o governo da republica federativa do brasil e o governo dos estados unidos mexicanos para a implementacao do projeto uso de biofertilizantes e praticas de conservacao para a producao agricola sustentavel e protecao do meio ambiente,Ajuste Complementar,2012-06-11,2012,False,BL,Em Vigor,México,México,1,True,"Agricultura, Pecuária e Pesca","Agricultura, Pecuária e Pesca",1,Ministro Marco Farani,Alejandro de la Peña Navarrete,Brasília,Brasil,True,,,,,,,False,False,False,,https://concordia.itamaraty.gov.br/detalhamento-acordo/7321,8229,https://aplicacao.itamaraty.gov.br/ApiConcordia/Documento/download/8229,0,data/raw/concordia_bilateral_acts/20260828T222000Z/searches/mexico/page_001.json,data/raw/concordia_bilateral_acts/20260828T222000Z/details/act_7321.json,False,1,False,False,False,False,False,True,11,True
México,184,7322,"Ajuste Complementar ao Acordo Básico de Cooperação Técnica e Científica entre o Governo da República Federativa do Brasil e o Governo dos Estados Unidos Mexicanos para a Implementação do Projeto “Capacitação de Técnicos do Instituto Nacional de Pesquisas Florestais, Agrícolas e Pecuárias (INIFAP) em Melhoramento, Manejo e Sanidade de Bovinos e Suínos para Produção de Carne”",ajuste complementar ao acordo basico de cooperacao tecnica e cientifica entre o governo da republica federativa do brasil e o governo dos estados unidos mexicanos para a implementacao do projeto capacitacao de tecnicos do instituto nacional de pesquisas florestais agricolas e pecuarias inifap em melhoramento manejo e sanidade de bovinos e suinos para producao de carne,Ajuste Complementar,2012-06-11,2012,False,BL,Em Vigor,México,México,1,True,"Agricultura, Pecuária e Pesca","Agricultura, Pecuária e Pesca",1,Ministro Marco Farani,Alejandro de la Peña Navarrete,Brasília,Brasil,True,,,,,,,False,False,False,,https://concordia.itamaraty.gov.br/detalhamento-acordo/7322,8230,https://aplicacao.itamaraty.gov.br/ApiConcordia/Documento/download/8230,0,data/raw/concordia_bilateral_acts/20260828T222000Z/searches/mexico/page_001.json,data/raw/concordia_bilateral_acts/20260828T222000Z/details/act_7322.json,False,1,False,False,False,False,False,True,11,True
México,184,7323,"Ajuste Complementar ao Acordo Básico de Cooperação Técnica e Científica entre o Governo da República Federativa do Brasil e o Governo dos Estados Unidos Mexicanos para a Implementação do Projeto “Capacitação de Técnicos do Instituto Nacional de Pesquisas Florestais, Agrícolas e Pecuárias (INIFAP) em Melhoramento Genético, Manejo Agronômico e Sanidade da Cana-de-Açúcar”",ajuste complementar ao acordo basico de cooperacao tecnica e cientifica entre o governo da republica federativa do brasil e o governo dos estados unidos mexicanos para a implementacao do projeto capacitacao de tecnicos do instituto nacional de pesquisas florestais agricolas e pecuarias inifap em melhoramento genetico manejo agronomico e sanidade da cana de acucar,Ajuste Complementar,2012-06-11,2012,False,BL,Em Vigor,México,México,1,True,"Agricultura, Pecuária e Pesca","Agricultura, Pecuária e Pesca",1,Ministro Marco Farani,Alejandro de la Peña Navarrete,Brasília,Brasil,True,,,,,,,False,False,False,,https://concordia.itamaraty.gov.br/detalhamento-acordo/7323,8236,https://aplicacao.itamaraty.gov.br/ApiConcordia/Documento/download/8236,0,data/raw/concordia_bilateral_acts/20260828T222000Z/searches/mexico/page_001.json,data/raw/concordia_bilateral_acts/20260828T222000Z/details/act_7323.json,False,1,False,False,False,False,False,True,11,True
México,184,7324,"Ajuste Complementar ao Acordo Básico de Cooperação Técnica e Científica entre o Governo da República Federativa do Brasil e o Governo dos Estados Unidos Mexicanos para a Implementação do Projeto “Capacitação de Técnicos do Instituto Nacional de Pesquisas Florestais, Agrícolas e Pecuárias (INIFAP) em Melhoramento Genético e Manejo Agronômico de Soja”",ajuste complementar ao acordo basico de cooperacao tecnica e cientifica entre o governo da republica federativa do brasil e o governo dos estados unidos mexicanos para a implementacao do projeto capacitacao de tecnicos do instituto nacional de pesquisas florestais agricolas e pecuarias inifap em melhoramento genetico e manejo agronomico de soja,Ajuste Complementar,2012-06-11,2012,False,BL,Em Vigor,México,México,1,True,"Agricultura, Pecuária e Pesca","Agricultura, Pecuária e Pesca",1,Ministro Marco Farani,Alejandro de la Peña Navarrete,Brasília,Brasil,True,,,,,,,False,False,False,,https://concordia.itamaraty.gov.br/detalhamento-acordo/7324,8237,https://aplicacao.itamaraty.gov.br/ApiConcordia/Documento/download/8237,0,data/raw/concordia_bilateral_acts/20260828T222000Z/searches/mexico/page_001.json,data/raw/concordia_bilateral_acts/20260828T222000Z/details/act_7324.json,False,1,False,False,False,False,False,True,11,True
México,184,7325,Ajuste Complementar ao Acordo Básico de Cooperação Técnica e Científica entre o Governo da República Federativa do Brasil e o Governo dos Estados Unidos Mexicanos para a Implementação do Projeto “Intercâmbio de Experiências para a Formação Profissional e Técnica nas Áreas de Pesca e Aquicultura”,ajuste complementar ao acordo basico de cooperacao tecnica e cientifica entre o governo da republica federativa do brasil e o governo dos estados unidos mexicanos para a implementacao do projeto intercambio de experiencias para a formacao profissional e tecnica nas areas de pesca e aquicultura,Ajuste Complementar,2012-06-11,2012,False,BL,Em Vigor,México,México,1,True,"Agricultura, Pecuária e Pesca","Agricultura, Pecuária e Pesca",1,Ministro Marco Farani,Alejandro de la Peña Navarrete,Brasília,Brasil,True,,,,,,,False,False,False,,https://concordia.itamaraty.gov.br/detalhamento-acordo/7325,8242,https://aplicacao.itamaraty.gov.br/ApiConcordia/Documento/download/8242,1,data/raw/concordia_bilateral_acts/20260828T222000Z/searches/mexico/page_001.json,data/raw/concordia_bilateral_acts/20260828T222000Z/details/act_7325.json,False,1,False,False,False,False,False,True,11,True
México,184,7326,Ajuste Complementar ao Acordo Básico de Cooperação Técnica e Científica entre o Governo da República Federativa do Brasil e o Governo dos Estados Unidos Mexicanos para a Implementação do Projeto “Apoio Técnico para Expansão e Consolidação da Rede de Bancos de Leite Humano no México”,ajuste complementar ao acordo basico de cooperacao tecnica e cientifica entre o governo da republica federativa do brasil e o governo dos estados unidos mexicanos para a implementacao do projeto apoio tecnico para expansao e consolidacao da rede de bancos de leite humano no mexico,Ajuste Complementar,2012-06-11,2012,False,BL,Em Vigor,México,México,1,True,"Trabalho, Saúde e Previdência","Trabalho, Saúde e Previdência",1,Ministro Marco Farani,Alejandro de la Peña Navarrete,Brasília,Brasil,True,,,,,,,False,False,False,,https://concordia.itamaraty.gov.br/detalhamento-acordo/7326,8243,https://aplicacao.itamaraty.gov.br/ApiConcordia/Documento/download/8243,1,data/raw/concordia_bilateral_acts/20260828T222000Z/searches/mexico/page_001.json,data/raw/concordia_bilateral_acts/20260828T222000Z/details/act_7326.json,False,1,False,False,False,False,False,True,11,True
México,184,7327,Ajuste Complementar ao Acordo Básico de Cooperação Técnica e Científica entre o Governo da República Federativa do Brasil e o Governo dos Estados Unidos Mexicanos para a Implementação do Projeto “Capacitação de Pesquisadores no Melhoramento Genético de Jatropha Curcas L.”,ajuste complementar ao acordo basico de cooperacao tecnica e cientifica entre o governo da republica federativa do brasil e o governo dos estados unidos mexicanos para a implementacao do projeto capacitacao de pesquisadores no melhoramento genetico de jatropha curcas l,Ajuste Complementar,2012-06-11,2012,False,BL,Em Vigor,México,México,1,True,"Agricultura, Pecuária e Pesca","Agricultura, Pecuária e Pesca",1,Ministro Marco Farani,Alejandro de la Peña Navarrete,Brasília,Brasil,True,,,,,,,False,False,False,,https://concordia.itamaraty.gov.br/detalhamento-acordo/7327,8247,https://aplicacao.itamaraty.gov.br/ApiConcordia/Documento/download/8247,0,data/raw/concordia_bilateral_acts/20260828T222000Z/searches/mexico/page_001.json,data/raw/concordia_bilateral_acts/20260828T222000Z/details/act_7327.json,False,1,False,False,False,False,False,True,11,True
México,184,7188,Troca de Notas entre o Ministério das Relações Exteriores e a Embaixada do México Confirmando Reciprocidade de Regime de Vistos de Negócios,troca de notas entre o ministerio das relacoes exteriores e a embaixada do mexico confirmando reciprocidade de regime de vistos de negocios,Troca de Notas,2011-09-06,2011,False,BL,Em Vigor,México,México,1,True,Consulares e Migratórios,Consulares e Migratórios,1,Antonio de Aguiar Patriota,Alejandro de la Peña,Brasília,Brasil,True,,,,,,,False,False,False,,https://concordia.itamaraty.gov.br/detalhamento-acordo/7188,11205,https://aplicacao.itamaraty.gov.br/ApiConcordia/Documento/download/11205,1,data/raw/concordia_bilateral_acts/20260828T222000Z/searches/mexico/page_001.json,data/raw/concordia_bilateral_acts/20260828T222000Z/details/act_7188.json,False,1,False,False,False,False,False,True,1,False
México,184,6635,"Memorando de Entendimento entre o Governo da República Federativa do Brasil e o Governo dos Estados Unidos Mexicanos sobre Cooperação para Prevenir e Combater o Tráfico de Migrantes e de Pessoas, bem como para Atenção e Proteção a Suas Vítimas",memorando de entendimento entre o governo da republica federativa do brasil e o governo dos estados unidos mexicanos sobre cooperacao para prevenir e combater o trafico de migrantes e de pessoas bem como para atencao e protecao a suas vitimas,Memorando de Entendimento,2010-02-23,2010,False,BL,Em Vigor,México,México,1,True,"Direito, Justiça & Segurança Pública","Direito, Justiça & Segurança Pública",1,Celso Amorim,Patricia Espinosa Cantellano,"Playa del Carmen, Quintana Roo",México,True,,,,,,,False,False,False,,https://concordia.itamaraty.gov.br/detalhamento-acordo/6635,11034,https://aplicacao.itamaraty.gov.br/ApiConcordia/Documento/download/11034,1,data/raw/concordia_bilateral_acts/20260828T222000Z/searches/mexico/page_001.json,data/raw/concordia_bilateral_acts/20260828T222000Z/details/act_6635.json,False,1,False,False,False,False,False,True,1,False
México,184,6439,Ajuste Complementar ao Acordo Básico de Cooperação Técnica e Científica entre o Governo da República Federativa do Brasil e o Governo dos Estados Unidos Mexicanos para Implementação do Projeto “Apoio ao Desenvolvimento de Sistemas de Informações sobre Água”,ajuste complementar ao acordo basico de cooperacao tecnica e cientifica entre o governo da republica federativa do brasil e o governo dos estados unidos mexicanos para implementacao do projeto apoio ao desenvolvimento de sistemas de informacoes sobre agua,Ajuste Complementar,2009-08-11,2009,False,BL,Em Vigor,México,México,1,True,Cooperação e Desenvolvimento,Cooperação e Desenvolvimento,1,Marco Farani,Andrés Valencia,Brasília,Brasil,True,,,,,,,False,False,False,,https://concordia.itamaraty.gov.br/detalhamento-acordo/6439,11425,https://aplicacao.itamaraty.gov.br/ApiConcordia/Documento/download/11425,1,data/raw/concordia_bilateral_acts/20260828T222000Z/searches/mexico/page_001.json,data/raw/concordia_bilateral_acts/20260828T222000Z/details/act_6439.json,False,1,False,False,False,False,False,True,18,True
México,184,6440,Ajuste Complementar ao Acordo Básico de Cooperação Técnica e Científica entre o Governo da República Federativa do Brasil e o Governo dos Estados Unidos Mexicanos para Implementação do Projeto “Apoio ao Processo de Implementação de Bancos de Leite Humano no México”,ajuste complementar ao acordo basico de cooperacao tecnica e cientifica entre o governo da republica federativa do brasil e o governo dos estados unidos mexicanos para implementacao do projeto apoio ao processo de implementacao de bancos de leite humano no mexico,Ajuste Complementar,2009-08-11,2009,False,BL,Em Vigor,México,México,1,True,"Trabalho, Saúde e Previdência","Trabalho, Saúde e Previdência",1,Marco Farani,Andrés Valencia,Brasília,Brasil,True,,,,,,,False,False,False,,https://concordia.itamaraty.gov.br/detalhamento-acordo/6440,11437,https://aplicacao.itamaraty.gov.br/ApiConcordia/Documento/download/11437,1,data/raw/concordia_bilateral_acts/20260828T222000Z/searches/mexico/page_001.json,data/raw/concordia_bilateral_acts/20260828T222000Z/details/act_6440.json,False,1,False,False,False,False,False,True,18,True
México,184,6441,Ajuste Complementar ao Acordo Básico de Cooperação Técnica e Científica entre o Governo da República Federativa do Brasil e o Governo dos Estados Unidos Mexicanos para Implementação do Projeto “Fortalecimento Institucional do INEGI na Área de Estatística”,ajuste complementar ao acordo basico de cooperacao tecnica e cientifica entre o governo da republica federativa do brasil e o governo dos estados unidos mexicanos para implementacao do projeto fortalecimento institucional do inegi na area de estatistica,Ajuste Complementar,2009-08-11,2009,False,BL,Em Vigor,México,México,1,True,Cooperação e Desenvolvimento,Cooperação e Desenvolvimento,1,Marco Farani,Andrés Valencia,Brasília,Brasil,True,,,,,,,False,False,False,,https://concordia.itamaraty.gov.br/detalhamento-acordo/6441,11433,https://aplicacao.itamaraty.gov.br/ApiConcordia/Documento/download/11433,1,data/raw/concordia_bilateral_acts/20260828T222000Z/searches/mexico/page_001.json,data/raw/concordia_bilateral_acts/20260828T222000Z/details/act_6441.json,False,1,False,False,False,False,False,True,18,True
México,184,6442,Ajuste Complementar ao Acordo Básico de Cooperação Técnica e Científica entre o Governo da República Federativa do Brasil e o Governo dos Estados Unidos Mexicanos para Implementação do Projeto “Fortalecimento Institucional do INEGI na Área de Geografia”,ajuste complementar ao acordo basico de cooperacao tecnica e cientifica entre o governo da republica federativa do brasil e o governo dos estados unidos mexicanos para implementacao do projeto fortalecimento institucional do inegi na area de geografia,Ajuste Complementar,2009-08-11,2009,False,BL,Em Vigor,México,México,1,True,Cooperação e Desenvolvimento,Cooperação e Desenvolvimento,1,Marco Farani,Andrés Valencia,Brasília,Brasil,True,,,,,,,False,False,False,,https://concordia.itamaraty.gov.br/detalhamento-acordo/6442,11431,https://aplicacao.itamaraty.gov.br/ApiConcordia/Documento/download/11431,1,data/raw/concordia_bilateral_acts/20260828T222000Z/searches/mexico/page_001.json,data/raw/concordia_bilateral_acts/20260828T222000Z/details/act_6442.json,False,1,False,False,False,False,False,True,18,True
México,184,6443,Ajuste Complementar ao Acordo Básico de Cooperação Técnica e Científica entre o Governo da República Federativa do Brasil e o Governo dos Estados Unidos Mexicanos para Implementação do Projeto “Intercâmbio de Experiências e Conhecimentos entre Brasil e México sobre Práticas Integrativas e Complementares e Competência Intercultural na Oferta de Serviços de Saúde”,ajuste complementar ao acordo basico de cooperacao tecnica e cientifica entre o governo da republica federativa do brasil e o governo dos estados unidos mexicanos para implementacao do projeto intercambio de experiencias e conhecimentos entre brasil e mexico sobre praticas integrativas e complementares e competencia intercultural na oferta de servicos de saude,Ajuste Complementar,2009-08-11,2009,False,BL,Em Vigor,México,México,1,True,"Trabalho, Saúde e Previdência","Trabalho, Saúde e Previdência",1,Marco Farani,Andrés Valencia,Brasília,Brasil,True,,,,,,,False,False,False,,https://concordia.itamaraty.gov.br/detalhamento-acordo/6443,11427,https://aplicacao.itamaraty.gov.br/ApiConcordia/Documento/download/11427,1,data/raw/concordia_bilateral_acts/20260828T222000Z/searches/mexico/page_001.json,data/raw/concordia_bilateral_acts/20260828T222000Z/details/act_6443.json,False,1,False,False,False,False,False,True,18,True
México,184,6444,Ajuste Complementar ao Acordo Básico de Cooperação Técnica e Científica entre o Governo da República Federativa do Brasil e o Governo dos Estados Unidos Mexicanos para Implementação do Projeto “Capacitação de Técnicos Mexicanos no Tema de Sanidade Vegetal”,ajuste complementar ao acordo basico de cooperacao tecnica e cientifica entre o governo da republica federativa do brasil e o governo dos estados unidos mexicanos para implementacao do projeto capacitacao de tecnicos mexicanos no tema de sanidade vegetal,Ajuste Complementar,2009-08-11,2009,False,BL,Em Vigor,México,México,1,True,Cooperação e Desenvolvimento,Cooperação e Desenvolvimento,1,Marco Farani,Andrés Valencia,Brasília,Brasil,True,,,,,,,False,False,False,,https://concordia.itamaraty.gov.br/detalhamento-acordo/6444,11103,https://aplicacao.itamaraty.gov.br/ApiConcordia/Documento/download/11103,1,data/raw/concordia_bilateral_acts/20260828T222000Z/searches/mexico/page_001.json,data/raw/concordia_bilateral_acts/20260828T222000Z/details/act_6444.json,False,1,False,False,False,False,False,True,18,True
México,184,6445,Ajuste Complementar ao Acordo Básico de Cooperação Técnica e Científica entre O Governo da República Federativa do Brasil e o Governo dos Estados Unidos Mexicanos para Implementação do Projeto “Capacitação Técnica em Transferência de Tecnologias e Agronegócios: Casos de Biofertilizantes e Sementes”,ajuste complementar ao acordo basico de cooperacao tecnica e cientifica entre o governo da republica federativa do brasil e o governo dos estados unidos mexicanos para implementacao do projeto capacitacao tecnica em transferencia de tecnologias e agronegocios casos de biofertilizantes e sementes,Ajuste Complementar,2009-08-11,2009,False,BL,Em Vigor,México,México,1,True,Cooperação e Desenvolvimento,Cooperação e Desenvolvimento,1,Marco Farani,Andrés Valencia,Brasília,Brasil,True,,,,,,,False,False,False,,https://concordia.itamaraty.gov.br/detalhamento-acordo/6445,11109,https://aplicacao.itamaraty.gov.br/ApiConcordia/Documento/download/11109,1,data/raw/concordia_bilateral_acts/20260828T222000Z/searches/mexico/page_001.json,data/raw/concordia_bilateral_acts/20260828T222000Z/details/act_6445.json,False,1,False,False,False,False,False,True,18,True
México,184,6446,"Ajuste Complementar ao Acordo Básico de Cooperação Técnica e Científica entre o Governo da República Federativa do Brasil e o Governo dos Estados Unidos Mexicanos para Implementação do Projeto “Capacitação em Formação Profissional nas Áreas de Turismo, Hospitalidade, Saúde e Informática”",ajuste complementar ao acordo basico de cooperacao tecnica e cientifica entre o governo da republica federativa do brasil e o governo dos estados unidos mexicanos para implementacao do projeto capacitacao em formacao profissional nas areas de turismo hospitalidade saude e informatica,Ajuste Complementar,2009-08-11,2009,False,BL,Em Vigor,México,México,1,True,Cooperação e Desenvolvimento,Cooperação e Desenvolvimento,1,Marco Farani,Andrés Valencia,Brasília,Brasil,True,,,,,,,False,False,False,,https://concordia.itamaraty.gov.br/detalhamento-acordo/6446,11121,https://aplicacao.itamaraty.gov.br/ApiConcordia/Documento/download/11121,1,data/raw/concordia_bilateral_acts/20260828T222000Z/searches/mexico/page_001.json,data/raw/concordia_bilateral_acts/20260828T222000Z/details/act_6446.json,False,1,False,False,False,False,False,True,18,True
México,184,6447,Ajuste Complementar ao Acordo Básico de Cooperação Técnica e Científica entre o Governo da República Federativa do Brasil e o Governo dos Estados Unidos Mexicanos para Implementação do Projeto “Apoio ao Desenvolvimento de Serviços Tecnológicos e de Atividades Educativas do CONALEP”,ajuste complementar ao acordo basico de cooperacao tecnica e cientifica entre o governo da republica federativa do brasil e o governo dos estados unidos mexicanos para implementacao do projeto apoio ao desenvolvimento de servicos tecnologicos e de atividades educativas do conalep,Ajuste Complementar,2009-08-11,2009,False,BL,Em Vigor,México,México,1,True,Cooperação e Desenvolvimento,Cooperação e Desenvolvimento,1,Marco Farani,Andrés Valencia,Brasília,Brasil,True,,,,,,,False,False,False,,https://concordia.itamaraty.gov.br/detalhamento-acordo/6447,11124,https://aplicacao.itamaraty.gov.br/ApiConcordia/Documento/download/11124,1,data/raw/concordia_bilateral_acts/20260828T222000Z/searches/mexico/page_001.json,data/raw/concordia_bilateral_acts/20260828T222000Z/details/act_6447.json,False,1,False,False,False,False,False,True,18,True
México,184,6448,"Ajuste Complementar ao Acordo Básico de Cooperação Técnica e Científica entre o Governo da República Federativa do Brasil e o Governo dos Estados Unidos Mexicanos para Implementação do Projeto “Apoio ao Fortalecimento da Educação Técnica e Profissional do México nas Áreas de Aeronáutica, Energias Renováveis, Telecomunicações e Educação à Distância”",ajuste complementar ao acordo basico de cooperacao tecnica e cientifica entre o governo da republica federativa do brasil e o governo dos estados unidos mexicanos para implementacao do projeto apoio ao fortalecimento da educacao tecnica e profissional do mexico nas areas de aeronautica energias renovaveis telecomunicacoes e educacao a distancia,Ajuste Complementar,2009-08-11,2009,False,BL,Em Vigor,México,México,1,True,Cooperação e Desenvolvimento,Cooperação e Desenvolvimento,1,Marco Farani,Andrés Valencia,Brasília,Brasil,True,,,,,,,False,False,False,,https://concordia.itamaraty.gov.br/detalhamento-acordo/6448,11126,https://aplicacao.itamaraty.gov.br/ApiConcordia/Documento/download/11126,1,data/raw/concordia_bilateral_acts/20260828T222000Z/searches/mexico/page_001.json,data/raw/concordia_bilateral_acts/20260828T222000Z/details/act_6448.json,False,1,False,False,False,False,False,True,18,True
México,184,6449,Ajuste Complementar ao Acordo Básico de Cooperação Técnica e Científica entre o Governo da República Federativa do Brasil e o Governo dos Estados Unidos Mexicanos para Implementação do Projeto “Prospecção e Seleção de Genótipos de Jatropha curcas com Potencial de Uso Industrial”,ajuste complementar ao acordo basico de cooperacao tecnica e cientifica entre o governo da republica federativa do brasil e o governo dos estados unidos mexicanos para implementacao do projeto prospeccao e selecao de genotipos de jatropha curcas com potencial de uso industrial,Ajuste Complementar,2009-08-11,2009,False,BL,Em Vigor,México,México,1,True,Cooperação e Desenvolvimento,Cooperação e Desenvolvimento,1,Marco Farani,Andrés Valencia,Brasília,Brasil,True,,,,,,,False,False,False,,https://concordia.itamaraty.gov.br/detalhamento-acordo/6449,11419,https://aplicacao.itamaraty.gov.br/ApiConcordia/Documento/download/11419,1,data/raw/concordia_bilateral_acts/20260828T222000Z/searches/mexico/page_001.json,data/raw/concordia_bilateral_acts/20260828T222000Z/details/act_6449.json,False,1,False,False,False,False,False,True,18,True
México,184,6450,Ajuste Complementar ao Acordo Básico de Cooperação Técnica e Científica entre o Governo da República Federativa do Brasil e o Governo dos Estados Unidos Mexicanos para Implementação do Projeto “Capacitação em Prognóstico Climático e de Colheitas com Base no Uso de Modelos para a Tomada de Decisões em Política Agrícola”,ajuste complementar ao acordo basico de cooperacao tecnica e cientifica entre o governo da republica federativa do brasil e o governo dos estados unidos mexicanos para implementacao do projeto capacitacao em prognostico climatico e de colheitas com base no uso de modelos para a tomada de decisoes em politica agricola,Ajuste Complementar,2009-08-11,2009,False,BL,Em Vigor,México,México,1,True,Cooperação e Desenvolvimento,Cooperação e Desenvolvimento,1,Marco Farani,Andrés Valencia,Brasília,Brasil,True,,,,,,,False,False,False,,https://concordia.itamaraty.gov.br/detalhamento-acordo/6450,11343,https://aplicacao.itamaraty.gov.br/ApiConcordia/Documento/download/11343,1,data/raw/concordia_bilateral_acts/20260828T222000Z/searches/mexico/page_001.json,data/raw/concordia_bilateral_acts/20260828T222000Z/details/act_6450.json,False,1,False,False,False,False,False,True,18,True
México,184,6451,Ajuste Complementar ao Acordo Básico de Cooperação Técnica e Científica entre o Governo da República Federativa do Brasil e o Governo dos Estados Unidos Mexicanos para Implementação do Projeto “Consolidação de Sistema de Avaliação e Certificação de Competências Laborais para a Formação Profissional Técnica”,ajuste complementar ao acordo basico de cooperacao tecnica e cientifica entre o governo da republica federativa do brasil e o governo dos estados unidos mexicanos para implementacao do projeto consolidacao de sistema de avaliacao e certificacao de competencias laborais para a formacao profissional tecnica,Ajuste Complementar,2009-08-11,2009,False,BL,Em Vigor,México,México,1,True,Cooperação e Desenvolvimento,Cooperação e Desenvolvimento,1,Marco Farani,Andrés Valencia,Brasília,Brasil,True,,,,,,,False,False,False,,https://concordia.itamaraty.gov.br/detalhamento-acordo/6451,11337,https://aplicacao.itamaraty.gov.br/ApiConcordia/Documento/download/11337,1,data/raw/concordia_bilateral_acts/20260828T222000Z/searches/mexico/page_001.json,data/raw/concordia_bilateral_acts/20260828T222000Z/details/act_6451.json,False,1,False,False,False,False,False,True,18,True
México,184,6452,Ajuste Complementar ao Acordo Básico de Cooperação Técnica e Científica entre o Governo da República Federativa do Brasil e o Governo dos Estados Unidos Mexicanos para Implementação do Projeto “Transferência de Experiências do CONALEP ao SENAI em Sistemas de Avaliação e Certificação de Competências Laborais e de Gestão da Qualidade”,ajuste complementar ao acordo basico de cooperacao tecnica e cientifica entre o governo da republica federativa do brasil e o governo dos estados unidos mexicanos para implementacao do projeto transferencia de experiencias do conalep ao senai em sistemas de avaliacao e certificacao de competencias laborais e de gestao da qualidade,Ajuste Complementar,2009-08-11,2009,False,BL,Em Vigor,México,México,1,True,Cooperação e Desenvolvimento,Cooperação e Desenvolvimento,1,Marco Farani,Andrés Valencia,Brasília,Brasil,True,,,,,,,False,False,False,,https://concordia.itamaraty.gov.br/detalhamento-acordo/6452,11340,https://aplicacao.itamaraty.gov.br/ApiConcordia/Documento/download/11340,1,data/raw/concordia_bilateral_acts/20260828T222000Z/searches/mexico/page_001.json,data/raw/concordia_bilateral_acts/20260828T222000Z/details/act_6452.json,False,1,False,False,False,False,False,True,18,True
México,184,6453,Ajuste Complementar ao Acordo Básico de Cooperação Técnica e Científica entre o Governo da República Federativa do Brasil e o Governo dos Estados Unidos Mexicanos para Implementação do Projeto “Fortalecimento do Instituto Brasileiro de Geografia e Estatística na Área de Estatística”,ajuste complementar ao acordo basico de cooperacao tecnica e cientifica entre o governo da republica federativa do brasil e o governo dos estados unidos mexicanos para implementacao do projeto fortalecimento do instituto brasileiro de geografia e estatistica na area de estatistica,Ajuste Complementar,2009-08-11,2009,False,BL,Em Vigor,México,México,1,True,Cooperação e Desenvolvimento,Cooperação e Desenvolvimento,1,Marco Farani,Andrés Valencia,Brasília,Brasil,True,,,,,,,False,False,False,,https://concordia.itamaraty.gov.br/detalhamento-acordo/6453,11046,https://aplicacao.itamaraty.gov.br/ApiConcordia/Documento/download/11046,1,data/raw/concordia_bilateral_acts/20260828T222000Z/searches/mexico/page_001.json,data/raw/concordia_bilateral_acts/20260828T222000Z/details/act_6453.json,False,1,False,False,False,False,False,True,18,True
México,184,6454,Ajuste Complementar ao Acordo Básico de Cooperação Técnica e Científica entre o Governo da República Federativa do Brasil e o Governo dos Estados Unidos Mexicanos para Implementação do Projeto “Fortalecimento do Instituto Brasileiro de Geografia e Estatística na Área de Geografia”,ajuste complementar ao acordo basico de cooperacao tecnica e cientifica entre o governo da republica federativa do brasil e o governo dos estados unidos mexicanos para implementacao do projeto fortalecimento do instituto brasileiro de geografia e estatistica na area de geografia,Ajuste Complementar,2009-08-11,2009,False,BL,Em Vigor,México,México,1,True,Cooperação e Desenvolvimento,Cooperação e Desenvolvimento,1,Marco Farani,Andrés Valencia,Brasília,Brasil,True,,,,,,,False,False,False,,https://concordia.itamaraty.gov.br/detalhamento-acordo/6454,11072,https://aplicacao.itamaraty.gov.br/ApiConcordia/Documento/download/11072,1,data/raw/concordia_bilateral_acts/20260828T222000Z/searches/mexico/page_001.json,data/raw/concordia_bilateral_acts/20260828T222000Z/details/act_6454.json,False,1,False,False,False,False,False,True,18,True
México,184,6455,Ajuste Complementar ao Acordo Básico de Cooperação Técnica e Científica entre o Governo da República Federativa do Brasil e o Governo dos Estados Unidos Mexicanos para Implementação do Projeto “Fortalecimento da Vigilância em Saúde Ambiental Relacionada a Desastres e População Exposta”,ajuste complementar ao acordo basico de cooperacao tecnica e cientifica entre o governo da republica federativa do brasil e o governo dos estados unidos mexicanos para implementacao do projeto fortalecimento da vigilancia em saude ambiental relacionada a desastres e populacao exposta,Ajuste Complementar,2009-08-11,2009,False,BL,Em Vigor,México,México,1,True,Cooperação e Desenvolvimento,Cooperação e Desenvolvimento,1,Marco Farani,Andrés Valencia,Brasília,Brasil,True,,,,,,,False,False,False,,https://concordia.itamaraty.gov.br/detalhamento-acordo/6455,11061,https://aplicacao.itamaraty.gov.br/ApiConcordia/Documento/download/11061,1,data/raw/concordia_bilateral_acts/20260828T222000Z/searches/mexico/page_001.json,data/raw/concordia_bilateral_acts/20260828T222000Z/details/act_6455.json,False,1,False,False,False,False,False,True,18,True
México,184,6456,"Ajuste Complementar ao Acordo Básico de Cooperação Técnica e Científica entre o Governo da República Federativa do Brasil e o Governo dos Estados Unidos Mexicanos para Implementação do Projeto “Intercâmbio de Experiências e Conhecimentos entre Brasil e México sobre Práticas Integrativas, Complementares e de Competência Intercultural na Oferta de Serviços de Saúde”",ajuste complementar ao acordo basico de cooperacao tecnica e cientifica entre o governo da republica federativa do brasil e o governo dos estados unidos mexicanos para implementacao do projeto intercambio de experiencias e conhecimentos entre brasil e mexico sobre praticas integrativas complementares e de competencia intercultural na oferta de servicos de saude,Ajuste Complementar,2009-08-11,2009,False,BL,Em Vigor,México,México,1,True,"Trabalho, Saúde e Previdência","Trabalho, Saúde e Previdência",1,Marco Farani,Andrés Valencia,Brasília,Brasil,True,,,,,,,False,False,False,,https://concordia.itamaraty.gov.br/detalhamento-acordo/6456,11070,https://aplicacao.itamaraty.gov.br/ApiConcordia/Documento/download/11070,1,data/raw/concordia_bilateral_acts/20260828T222000Z/searches/mexico/page_001.json,data/raw/concordia_bilateral_acts/20260828T222000Z/details/act_6456.json,False,1,False,False,False,False,False,True,18,True
México,184,6426,"Acordo entre o Governo da República Federativa do Brasil e o Governo dos Estados Unidos Mexicanos sobre a concessão de autorização de trabalho para dependentes de Agentes Diplomáticos, Funcionários Consulares e Pessoal Técnico e Administrativo de Missões Diplomáticas e Consulares acreditados no outro País.",acordo entre o governo da republica federativa do brasil e o governo dos estados unidos mexicanos sobre a concessao de autorizacao de trabalho para dependentes de agentes diplomaticos funcionarios consulares e pessoal tecnico e administrativo de missoes diplomaticas e consulares acreditados no outro pais,Acordo,2009-07-23,2009,False,BL,Em Vigor,México,México,1,True,Relações Diplomáticas e Consulares,Relações Diplomáticas e Consulares,1,Celso Amorim,Patrícia Espinosa,Brasilia,Brasil,False,,,,,,,False,False,False,,https://concordia.itamaraty.gov.br/detalhamento-acordo/6426,8469,https://aplicacao.itamaraty.gov.br/ApiConcordia/Documento/download/8469,3,data/raw/concordia_bilateral_acts/20260828T222000Z/searches/mexico/page_001.json,data/raw/concordia_bilateral_acts/20260828T222000Z/details/act_6426.json,False,1,False,False,False,False,False,True,1,False
México,184,5977,Programa Executivo de Cooperação Cultural 2007-2010,programa executivo de cooperacao cultural 2007 2010,Programa Executivo,2007-11-29,2007,False,BL,Em Vigor,México,México,1,True,Educação e Cultura,Educação e Cultura,1,Paulo César Meira de Vasconcellos,Luz Elena Baños Rivas,Brasília,Brasil,True,,,,,,,False,False,False,,https://concordia.itamaraty.gov.br/detalhamento-acordo/5977,8460,https://aplicacao.itamaraty.gov.br/ApiConcordia/Documento/download/8460,1,data/raw/concordia_bilateral_acts/20260828T222000Z/searches/mexico/page_001.json,data/raw/concordia_bilateral_acts/20260828T222000Z/details/act_5977.json,False,1,False,False,False,False,False,True,1,False
México,184,5883,Tratado de Cooperação Jurídica Internacional em Matéria Penal entre a República Federativa do Brasil e os Estados Unidos Mexicanos,tratado de cooperacao juridica internacional em materia penal entre a republica federativa do brasil e os estados unidos mexicanos,Tratado,2007-08-06,2007,False,BL,Em Vigor,México,México,1,True,"Direito, Justiça & Segurança Pública","Direito, Justiça & Segurança Pública",1,Celso Amorim,Eduardo Tomás Medina Mora Icaza,Cidade do México,México,False,,,,,,,False,False,False,,https://concordia.itamaraty.gov.br/detalhamento-acordo/5883,11207,https://aplicacao.itamaraty.gov.br/ApiConcordia/Documento/download/11207,3,data/raw/concordia_bilateral_acts/20260828T222000Z/searches/mexico/page_001.json,data/raw/concordia_bilateral_acts/20260828T222000Z/details/act_5883.json,False,1,False,False,False,False,False,True,2,True
México,184,5884,Memorando de Entendimento em Matéria de Cooperação Energética,memorando de entendimento em materia de cooperacao energetica,Memorando de Entendimento,2007-08-06,2007,False,BL,Em Vigor,México,México,1,True,Energia e Recursos Estratégicos,Energia e Recursos Estratégicos,1,Celso Amorim,Georgina Kessel,Cidade do México,México,True,,,,,,,False,False,False,,https://concordia.itamaraty.gov.br/detalhamento-acordo/5884,8368,https://aplicacao.itamaraty.gov.br/ApiConcordia/Documento/download/8368,1,data/raw/concordia_bilateral_acts/20260828T222000Z/searches/mexico/page_001.json,data/raw/concordia_bilateral_acts/20260828T222000Z/details/act_5884.json,False,1,False,False,False,False,False,True,2,True
México,184,5786,Acordo entre o Governo da República Federativa do Brasil e o Governo dos Estados Unidos Mexicanos para o Estabelecimento da Comissão Binacional Brasil-México,acordo entre o governo da republica federativa do brasil e o governo dos estados unidos mexicanos para o estabelecimento da comissao binacional brasil mexico,Acordo,2007-03-28,2007,False,BL,Em Vigor,México,México,1,True,Cooperação e Desenvolvimento,Cooperação e Desenvolvimento,1,Celso Amorim,Patricia Espinosa Cantellano,Brasília,Brasil,True,12810,,3089,Memorando de Entendimento para o Estabelecimento de um Mecanismo de Consulta em Matéria de Interesse Mútuo entre o governo da República Federativa do Brasil e o Governo dos Estados Unidos Mexicanos.,,,True,False,False,,https://concordia.itamaraty.gov.br/detalhamento-acordo/5786,8632,https://aplicacao.itamaraty.gov.br/ApiConcordia/Documento/download/8632,1,data/raw/concordia_bilateral_acts/20260828T222000Z/searches/mexico/page_001.json,data/raw/concordia_bilateral_acts/20260828T222000Z/details/act_5786.json,False,1,False,False,False,False,False,True,1,False
México,184,5016,Convenção Destinada a Evitar a Dupla Tributação e Prevenir a Evasão Fiscal em Relação aos Impostos sobre a Renda.,convencao destinada a evitar a dupla tributacao e prevenir a evasao fiscal em relacao aos impostos sobre a renda,Convenção,2003-09-25,2003,False,BL,Em Vigor,México,México,1,True,"Economia, Finanças e Tributos","Economia, Finanças e Tributos",1,Celso Amorim,Luiz Ernesto Derbez Bautista,Cidade do México,México,False,,,,,,,False,False,False,,https://concordia.itamaraty.gov.br/detalhamento-acordo/5016,8975,https://aplicacao.itamaraty.gov.br/ApiConcordia/Documento/download/8975,3,data/raw/concordia_bilateral_acts/20260828T222000Z/searches/mexico/page_001.json,data/raw/concordia_bilateral_acts/20260828T222000Z/details/act_5016.json,False,1,False,False,False,False,False,True,1,False
México,184,4969,"Ajuste Complementar ao Acordo Básico de Cooperação Técnica e Científica para Implementação do Projeto ""Demonstração e Divulgação do Sistema Eleitoral Brasileiro de Votação e Apuração Eletrônicas na Cidade do México"".",ajuste complementar ao acordo basico de cooperacao tecnica e cientifica para implementacao do projeto demonstracao e divulgacao do sistema eleitoral brasileiro de votacao e apuracao eletronicas na cidade do mexico,Ajuste Complementar,2003-05-13,2003,False,BL,Em Vigor,México,México,1,True,"Ciência, Tecnologia e Inovação","Ciência, Tecnologia e Inovação",1,Ministro José Paulo Sepúlveda Pertence,Ministro Geraldo Lozano Arredondo,Cidade do México,México,True,,,,,,,False,False,False,,https://concordia.itamaraty.gov.br/detalhamento-acordo/4969,8637,https://aplicacao.itamaraty.gov.br/ApiConcordia/Documento/download/8637,1,data/raw/concordia_bilateral_acts/20260828T222000Z/searches/mexico/page_001.json,data/raw/concordia_bilateral_acts/20260828T222000Z/details/act_4969.json,False,1,False,False,False,False,False,True,1,False
México,184,4876,Acordo Complementar ao Acordo Básico de Cooperação Técnica e Científica.,acordo complementar ao acordo basico de cooperacao tecnica e cientifica,Acordo,2002-07-24,2002,False,BL,Em Vigor,México,México,1,True,Cooperação e Desenvolvimento,Cooperação e Desenvolvimento,1,Ronaldo Mota Sardenberg,Jaime Parada Avila,Brasília,Brasil,True,,,,,,,False,False,False,,https://concordia.itamaraty.gov.br/detalhamento-acordo/4876,8886,https://aplicacao.itamaraty.gov.br/ApiConcordia/Documento/download/8886,1,data/raw/concordia_bilateral_acts/20260828T222000Z/searches/mexico/page_001.json,data/raw/concordia_bilateral_acts/20260828T222000Z/details/act_4876.json,False,1,False,False,False,False,False,True,1,False
México,184,4712,Ajuste Complementar ao Acordo Básico de Cooperação Técnica e Científica entre o Governo da República Federativa do Brasil e o Governo dos Estados Unidos Mexicanos em Matéria de Saúde.,ajuste complementar ao acordo basico de cooperacao tecnica e cientifica entre o governo da republica federativa do brasil e o governo dos estados unidos mexicanos em materia de saude,Ajuste Complementar,2001-05-02,2001,False,BL,Expirado,México,México,1,True,"Trabalho, Saúde e Previdência","Trabalho, Saúde e Previdência",1,José Serra,Julio  Frenk Mora,São Paulo,Brasil,True,,,,,,,False,False,False,,https://concordia.itamaraty.gov.br/detalhamento-acordo/4712,8889,https://aplicacao.itamaraty.gov.br/ApiConcordia/Documento/download/8889,1,data/raw/concordia_bilateral_acts/20260828T222000Z/searches/mexico/page_001.json,data/raw/concordia_bilateral_acts/20260828T222000Z/details/act_4712.json,False,1,False,False,False,False,False,True,1,False
México,184,4686,Acordo sobre Isenção de Vistos em Passaportes Comuns,acordo sobre isencao de vistos em passaportes comuns,Acordo,2000-11-23,2000,False,BL,Em Vigor,México,México,1,True,Consulares e Migratórios,Consulares e Migratórios,1,Luiz Felipe Lampreia,Jorge Eduardo Navarreta,Brasília,Brasil,False,,,,,,,False,False,False,,https://concordia.itamaraty.gov.br/detalhamento-acordo/4686,9021,https://aplicacao.itamaraty.gov.br/ApiConcordia/Documento/download/9021,3,data/raw/concordia_bilateral_acts/20260828T222000Z/searches/mexico/page_001.json,data/raw/concordia_bilateral_acts/20260828T222000Z/details/act_4686.json,False,1,False,False,False,False,False,True,1,False
Indonésia,146,7231,Memorando de Entendimento entre o Ministério das Relações Exteriores da República Federativa do Brasil e o Ministério do Comércio da República da Indonésia sobre o Incentivo à Promoção do Comércio e do Investimento,memorando de entendimento entre o ministerio das relacoes exteriores da republica federativa do brasil e o ministerio do comercio da republica da indonesia sobre o incentivo a promocao do comercio e do investimento,Memorando de Entendimento,2011-11-16,2011,False,BL,Em Vigor,Indonésia,Indonésia,1,True,Comércio Internacional e Investimentos,Comércio Internacional e Investimentos,1,Antonio de Aguiar Patriota,Gita Wirjawan,Bali,Indonésia,True,,,,,,,False,False,False,,https://concordia.itamaraty.gov.br/detalhamento-acordo/7231,7516,https://aplicacao.itamaraty.gov.br/ApiConcordia/Documento/download/7516,1,data/raw/concordia_bilateral_acts/20260828T222000Z/searches/indonesia/page_001.json,data/raw/concordia_bilateral_acts/20260828T222000Z/details/act_7231.json,False,1,False,False,False,False,False,True,1,False
Indonésia,146,6274,Memorando de Entendimento entre o Governo da República Federativa do Brasil e o Governo da República da Indonésia sobre Cooperação em Energia e Mineração,memorando de entendimento entre o governo da republica federativa do brasil e o governo da republica da indonesia sobre cooperacao em energia e mineracao,Memorando de Entendimento,2008-11-18,2008,False,BL,Em Vigor,Indonésia,Indonésia,1,True,Energia e Recursos Estratégicos,Energia e Recursos Estratégicos,1,Edison Lobão,Purnomo Yusgiantoro,Brasília,Brasil,True,,,,,,,False,False,False,,https://concordia.itamaraty.gov.br/detalhamento-acordo/6274,7536,https://aplicacao.itamaraty.gov.br/ApiConcordia/Documento/download/7536,1,data/raw/concordia_bilateral_acts/20260828T222000Z/searches/indonesia/page_001.json,data/raw/concordia_bilateral_acts/20260828T222000Z/details/act_6274.json,False,1,False,False,False,False,False,True,4,True
Indonésia,146,6275,Memorando de Entendimento entre o Governo da República Federativa do Brasil e o Governo da República da Indonésia sobre Cooperação no Campo da Agricultura,memorando de entendimento entre o governo da republica federativa do brasil e o governo da republica da indonesia sobre cooperacao no campo da agricultura,Memorando de Entendimento,2008-11-18,2008,False,BL,Em Vigor,Indonésia,Indonésia,1,True,"Agricultura, Pecuária e Pesca","Agricultura, Pecuária e Pesca",1,Celso Amorim,Anton Apriyantono,Brasília,Brasil,True,,,,,,,False,False,False,,https://concordia.itamaraty.gov.br/detalhamento-acordo/6275,7534,https://aplicacao.itamaraty.gov.br/ApiConcordia/Documento/download/7534,1,data/raw/concordia_bilateral_acts/20260828T222000Z/searches/indonesia/page_001.json,data/raw/concordia_bilateral_acts/20260828T222000Z/details/act_6275.json,False,1,False,False,False,False,False,True,4,True
Indonésia,146,6276,Memorando de Entendimento entre o Governo da Repúlica do Brasil e o Governo da Indonésia sobre a Erradicação da Pobreza,memorando de entendimento entre o governo da repulica do brasil e o governo da indonesia sobre a erradicacao da pobreza,Memorando de Entendimento,2008-11-18,2008,False,BL,Em Vigor,Indonésia,Indonésia,1,True,"Direito, Justiça & Segurança Pública","Direito, Justiça & Segurança Pública",1,Celso Amorim,Hassan Wirajuda,Brasília,Brasil,True,,,,,,,False,False,False,,https://concordia.itamaraty.gov.br/detalhamento-acordo/6276,7531,https://aplicacao.itamaraty.gov.br/ApiConcordia/Documento/download/7531,1,data/raw/concordia_bilateral_acts/20260828T222000Z/searches/indonesia/page_001.json,data/raw/concordia_bilateral_acts/20260828T222000Z/details/act_6276.json,False,1,False,False,False,False,False,True,4,True
Indonésia,146,6277,Declaração sobre a Parceria Estratégica entre a República Federativa do Brasil e a República da Indonésia,declaracao sobre a parceria estrategica entre a republica federativa do brasil e a republica da indonesia,Outro/não classificado,2008-11-18,2008,False,BL,Em Vigor,Indonésia,Indonésia,1,True,Cooperação e Desenvolvimento,Cooperação e Desenvolvimento,1,Celso Amorim,Hassan Wirajuda,Brasília,Brasil,True,,,,,,,False,False,True,\bparceria estrategica\b,https://concordia.itamaraty.gov.br/detalhamento-acordo/6277,7530,https://aplicacao.itamaraty.gov.br/ApiConcordia/Documento/download/7530,0,data/raw/concordia_bilateral_acts/20260828T222000Z/searches/indonesia/page_001.json,data/raw/concordia_bilateral_acts/20260828T222000Z/details/act_6277.json,False,1,False,False,False,False,False,True,4,True
Indonésia,146,6167,Acordo entre o Governo da República Federativa do Brasil e o Governo da República da Indonésia sobre Isenção de Vistos para Portadores de Passaportes Diplomáticos e Oficiais ou de Serviço,acordo entre o governo da republica federativa do brasil e o governo da republica da indonesia sobre isencao de vistos para portadores de passaportes diplomaticos e oficiais ou de servico,Acordo,2008-07-12,2008,False,BL,Expirado,Indonésia,Indonésia,1,True,Consulares e Migratórios,Consulares e Migratórios,1,Celso Amorim,N. Hassan Wirajuda,Jacarta,Indonésia,True,12146,,,,,,True,False,False,,https://concordia.itamaraty.gov.br/detalhamento-acordo/6167,7589,https://aplicacao.itamaraty.gov.br/ApiConcordia/Documento/download/7589,1,data/raw/concordia_bilateral_acts/20260828T222000Z/searches/indonesia/page_001.json,data/raw/concordia_bilateral_acts/20260828T222000Z/details/act_6167.json,False,1,False,False,False,False,False,True,3,True
Indonésia,146,6168,Memorando de Entendimento entre o Governo da República Federativa do Brasil e o Governo da República da Indonésia sobre Cooperação Educacional,memorando de entendimento entre o governo da republica federativa do brasil e o governo da republica da indonesia sobre cooperacao educacional,Memorando de Entendimento,2008-07-12,2008,False,BL,Em Vigor,Indonésia,Indonésia,1,True,Educação e Cultura,Educação e Cultura,1,Celso Amorim,Bambang Sudibyo,Jacarta,Indonésia,True,,,,,,,False,False,False,,https://concordia.itamaraty.gov.br/detalhamento-acordo/6168,7541,https://aplicacao.itamaraty.gov.br/ApiConcordia/Documento/download/7541,1,data/raw/concordia_bilateral_acts/20260828T222000Z/searches/indonesia/page_001.json,data/raw/concordia_bilateral_acts/20260828T222000Z/details/act_6168.json,False,1,False,False,False,False,False,True,3,True
Indonésia,146,6169,Protocolo de Intenções entre o Governo da República Federativa do Brasil e o Governo da República da Indonésia sobre Cooperação Técnica na Área de Técnicas de Produção de Etanol Combustível,protocolo de intencoes entre o governo da republica federativa do brasil e o governo da republica da indonesia sobre cooperacao tecnica na area de tecnicas de producao de etanol combustivel,Protocolo,2008-07-12,2008,False,BL,Em Vigor,Indonésia,Indonésia,1,True,Energia e Recursos Estratégicos,Energia e Recursos Estratégicos,1,Celso Amorim,Anton Apriyantono,Jacarta,Indonésia,True,,,,,,,False,False,False,,https://concordia.itamaraty.gov.br/detalhamento-acordo/6169,7538,https://aplicacao.itamaraty.gov.br/ApiConcordia/Documento/download/7538,1,data/raw/concordia_bilateral_acts/20260828T222000Z/searches/indonesia/page_001.json,data/raw/concordia_bilateral_acts/20260828T222000Z/details/act_6169.json,False,1,False,False,False,False,False,True,3,True
Indonésia,146,5922,Memorando de Entendimento entre o Governo da República Federativa do Brasil e o Governo da Repúlica da Indonédia para o Estabelecimento de uma Comissão Mista para Cooperação Bilateral,memorando de entendimento entre o governo da republica federativa do brasil e o governo da repulica da indonedia para o estabelecimento de uma comissao mista para cooperacao bilateral,Memorando de Entendimento,2007-08-22,2007,False,BL,Em Vigor,Indonésia,Indonésia,1,True,Cooperação e Desenvolvimento,Cooperação e Desenvolvimento,1,Celso Amorim,Hassan Wirajuda,Brasília,Brasil,True,,,,,,,False,False,False,,https://concordia.itamaraty.gov.br/detalhamento-acordo/5922,7544,https://aplicacao.itamaraty.gov.br/ApiConcordia/Documento/download/7544,1,data/raw/concordia_bilateral_acts/20260828T222000Z/searches/indonesia/page_001.json,data/raw/concordia_bilateral_acts/20260828T222000Z/details/act_5922.json,False,1,False,False,False,False,False,True,1,False
Turquia,328,7198,Acordo sobre Auxílio Jurídico Mútuo em Matéria Penal entre a República Federativa do Brasil e a República da Turquia,acordo sobre auxilio juridico mutuo em materia penal entre a republica federativa do brasil e a republica da turquia,Acordo,2011-10-07,2011,False,BL,Em Vigor,Turquia,Turquia,1,True,"Direito, Justiça & Segurança Pública","Direito, Justiça & Segurança Pública",1,Antonio de Aguiar Patriota,Sadullah Ergin,Ancara,Turquia,False,,,,,,,False,False,False,,https://concordia.itamaraty.gov.br/detalhamento-acordo/7198,1098,https://aplicacao.itamaraty.gov.br/ApiConcordia/Documento/download/1098,2,data/raw/concordia_bilateral_acts/20260828T222000Z/searches/turquia/page_001.json,data/raw/concordia_bilateral_acts/20260828T222000Z/details/act_7198.json,False,1,False,False,False,False,False,True,2,True
Turquia,328,7199,Acordo sobre Transferência de Pessoas Condenadas entre a República Federativa do Brasil e a República da Turquia,acordo sobre transferencia de pessoas condenadas entre a republica federativa do brasil e a republica da turquia,Acordo,2011-10-07,2011,False,BL,Em Vigor,Turquia,Turquia,1,True,"Direito, Justiça & Segurança Pública","Direito, Justiça & Segurança Pública",1,Antonio de Aguiar Patriota,Sadullah Ergin,Ancara,Turquia,False,,,,,,,False,False,False,,https://concordia.itamaraty.gov.br/detalhamento-acordo/7199,1074,https://aplicacao.itamaraty.gov.br/ApiConcordia/Documento/download/1074,3,data/raw/concordia_bilateral_acts/20260828T222000Z/searches/turquia/page_001.json,data/raw/concordia_bilateral_acts/20260828T222000Z/details/act_7199.json,False,1,False,False,False,False,False,True,2,True
Turquia,328,7033,Acordo entre o Governo da República Federativa do Brasil e o Governo da República da Turquia para Evitar a Dupla Tributação e Prevenir a Evasão Fiscal em Matéria de Impostos sobre a Renda,acordo entre o governo da republica federativa do brasil e o governo da republica da turquia para evitar a dupla tributacao e prevenir a evasao fiscal em materia de impostos sobre a renda,Acordo,2010-12-16,2010,False,BL,Em Vigor,Turquia,Turquia,1,True,"Economia, Finanças e Tributos","Economia, Finanças e Tributos",1,Celso Amorim,Egemen Bagis,Foz do Iguaçu,Brasil,False,,,,,,,False,False,False,,https://concordia.itamaraty.gov.br/detalhamento-acordo/7033,11695,https://aplicacao.itamaraty.gov.br/ApiConcordia/Documento/download/11695,3,data/raw/concordia_bilateral_acts/20260828T222000Z/searches/turquia/page_001.json,data/raw/concordia_bilateral_acts/20260828T222000Z/details/act_7033.json,False,1,False,False,False,False,False,True,1,False
Turquia,328,6984,Acordo entre o Governo da República Federativa do Brasil e o Governo da República da Turquia sobre o Trabalho Remunerado de Dependentes de Membros de Missões Diplomáticas e Repartições Consulares,acordo entre o governo da republica federativa do brasil e o governo da republica da turquia sobre o trabalho remunerado de dependentes de membros de missoes diplomaticas e reparticoes consulares,Acordo,2010-10-21,2010,False,BL,Em Vigor,Turquia,Turquia,1,True,Relações Diplomáticas e Consulares,Relações Diplomáticas e Consulares,1,Antonio de Aguiar Patriota,Feridun Sinirlioglu,Ancara,Turquia,False,,,,,,,False,False,False,,https://concordia.itamaraty.gov.br/detalhamento-acordo/6984,4476,https://aplicacao.itamaraty.gov.br/ApiConcordia/Documento/download/4476,3,data/raw/concordia_bilateral_acts/20260828T222000Z/searches/turquia/page_001.json,data/raw/concordia_bilateral_acts/20260828T222000Z/details/act_6984.json,False,1,False,False,False,False,False,True,1,False
Turquia,328,6782,Acordo entre o Governo da República Federativa do Brasil e o Governo da República da Turquia Sobre Assistência Mútua Administrativa em Matéria Aduaneira,acordo entre o governo da republica federativa do brasil e o governo da republica da turquia sobre assistencia mutua administrativa em materia aduaneira,Acordo,2010-05-27,2010,False,BL,Em Vigor,Turquia,Turquia,1,True,"Economia, Finanças e Tributos","Economia, Finanças e Tributos",1,Celso Amorim,Ahmet Davutoglu,Brasília,Brasil,False,,,,,,,False,False,False,,https://concordia.itamaraty.gov.br/detalhamento-acordo/6782,12023,https://aplicacao.itamaraty.gov.br/ApiConcordia/Documento/download/12023,3,data/raw/concordia_bilateral_acts/20260828T222000Z/searches/turquia/page_001.json,data/raw/concordia_bilateral_acts/20260828T222000Z/details/act_6782.json,False,1,False,False,False,False,False,True,3,True
Turquia,328,6783,Acordo entre o Ministério das Relações Exteriores da República Federativa do Brasil e o Ministério dos Negócios Estrangeiros da República da Turquia Sobre Intercâmbio de Diplomatas,acordo entre o ministerio das relacoes exteriores da republica federativa do brasil e o ministerio dos negocios estrangeiros da republica da turquia sobre intercambio de diplomatas,Acordo,2010-05-27,2010,False,BL,Em Vigor,Turquia,Turquia,1,True,Educação e Cultura,Educação e Cultura,1,Celso Amorim,Ahmet Davutoglu,Brasília,Brasil,True,,,,,,,False,False,False,,https://concordia.itamaraty.gov.br/detalhamento-acordo/6783,11692,https://aplicacao.itamaraty.gov.br/ApiConcordia/Documento/download/11692,1,data/raw/concordia_bilateral_acts/20260828T222000Z/searches/turquia/page_001.json,data/raw/concordia_bilateral_acts/20260828T222000Z/details/act_6783.json,False,1,False,False,False,False,False,True,3,True
Turquia,328,6784,Plano de ação da parceria estratégica entre a República Federativa do Brasil e a República da Turquia.,plano de acao da parceria estrategica entre a republica federativa do brasil e a republica da turquia,Plano de Ação,2010-05-27,2010,False,BL,Em Vigor,Turquia,Turquia,1,True,Cooperação e Desenvolvimento,Cooperação e Desenvolvimento,1,Luiz Inácio Lula da Silva,"Recep Tayyip Erdogan, Primeiro",Brasília,Brasil,True,,,,,,,False,False,True,\bparceria estrategica\b,https://concordia.itamaraty.gov.br/detalhamento-acordo/6784,11704,https://aplicacao.itamaraty.gov.br/ApiConcordia/Documento/download/11704,0,data/raw/concordia_bilateral_acts/20260828T222000Z/searches/turquia/page_001.json,data/raw/concordia_bilateral_acts/20260828T222000Z/details/act_6784.json,False,1,False,False,False,False,False,True,3,True
Turquia,328,5541,Memorando de Entendimento entre o Governo da República Federativa do Brasil e o Governo da República da Turquia para a Criação de Comissão Conjunta de Alto Nível,memorando de entendimento entre o governo da republica federativa do brasil e o governo da republica da turquia para a criacao de comissao conjunta de alto nivel,Memorando de Entendimento,2006-01-19,2006,False,BL,Em ratificação da(s) outra(s) Parte(s),Turquia,Turquia,1,True,Cooperação e Desenvolvimento,Cooperação e Desenvolvimento,1,Celso Amorim,Abdullah Gül,Brasília,Brasil,True,,,,,,,False,False,True,"\bcomissao .{0,80}\balto nivel\b",https://concordia.itamaraty.gov.br/detalhamento-acordo/5541,13274,https://aplicacao.itamaraty.gov.br/ApiConcordia/Documento/download/13274,0,data/raw/concordia_bilateral_acts/20260828T222000Z/searches/turquia/page_001.json,data/raw/concordia_bilateral_acts/20260828T222000Z/details/act_5541.json,False,1,False,False,False,False,False,True,2,True
Turquia,328,5542,Memorando de Entendimento entre o Ministerio das Relações Exteriores da República Federativa do Brasil e o Ministério das Relações Exteriores da República da Turquia sobre Cooperação entre as Academias Diplomáticas de ambos os países,memorando de entendimento entre o ministerio das relacoes exteriores da republica federativa do brasil e o ministerio das relacoes exteriores da republica da turquia sobre cooperacao entre as academias diplomaticas de ambos os paises,Memorando de Entendimento,2006-01-19,2006,False,BL,Em Vigor,Turquia,Turquia,1,True,Relações Diplomáticas e Consulares,Relações Diplomáticas e Consulares,1,Celso Amorim,Abdullah Gül,Brasília,Brasil,True,,,,,,,False,False,False,,https://concordia.itamaraty.gov.br/detalhamento-acordo/5542,13272,https://aplicacao.itamaraty.gov.br/ApiConcordia/Documento/download/13272,1,data/raw/concordia_bilateral_acts/20260828T222000Z/searches/turquia/page_001.json,data/raw/concordia_bilateral_acts/20260828T222000Z/details/act_5542.json,False,1,False,False,False,False,False,True,2,True
Turquia,328,4997,Acordo Sobre Cooperação em Assuntos Relacionados a Defesa Entre o Governo da República Federativa do Brasil e o Governo da República da Turquia,acordo sobre cooperacao em assuntos relacionados a defesa entre o governo da republica federativa do brasil e o governo da republica da turquia,Acordo,2003-08-14,2003,False,BL,Em Vigor,Turquia,Turquia,1,True,Defesa e Segurança,Defesa e Segurança,1,José Viegas Filho,M. Vecdi Gönül,Brasília,Brasil,False,,,,,,,False,False,False,,https://concordia.itamaraty.gov.br/detalhamento-acordo/4997,25720,https://aplicacao.itamaraty.gov.br/ApiConcordia/Documento/download/25720,3,data/raw/concordia_bilateral_acts/20260828T222000Z/searches/turquia/page_001.json,data/raw/concordia_bilateral_acts/20260828T222000Z/details/act_4997.json,False,1,False,False,False,False,False,True,1,False
Turquia,328,4753,Acordo Entre o Governo da República Federativa do Brasil e o Governo da República da Turquia Sobre a Isenção de Visto Para Titulares de Passaportes Comuns,acordo entre o governo da republica federativa do brasil e o governo da republica da turquia sobre a isencao de visto para titulares de passaportes comuns,Acordo,2001-08-20,2001,False,BL,Em Vigor,Turquia,Turquia,1,True,Consulares e Migratórios,Consulares e Migratórios,1,Luiz Felipe Seixas Correa,Farouk Logoglu,Ancara,Turquia,False,,,,,,,False,False,False,,https://concordia.itamaraty.gov.br/detalhamento-acordo/4753,11925,https://aplicacao.itamaraty.gov.br/ApiConcordia/Documento/download/11925,3,data/raw/concordia_bilateral_acts/20260828T222000Z/searches/turquia/page_001.json,data/raw/concordia_bilateral_acts/20260828T222000Z/details/act_4753.json,False,1,False,False,False,False,False,True,1,False
Uruguai,350,7511,Memorando de Entendimento entre a República Federativa do Brasil e a República Oriental do Uruguai para o Intercâmbio de Documentação para o Esclarecimento de Graves Violações aos Direitos Humanos,memorando de entendimento entre a republica federativa do brasil e a republica oriental do uruguai para o intercambio de documentacao para o esclarecimento de graves violacoes aos direitos humanos,Memorando de Entendimento,2014-01-29,2014,False,BL,Em Vigor,Uruguai,Uruguai,1,True,"Direito, Justiça & Segurança Pública","Direito, Justiça & Segurança Pública",1,Luiz Alberto Figueiredo Machado,Luis Almagro Lemes,Havana,Cuba,True,,,,,,,False,False,False,,https://concordia.itamaraty.gov.br/detalhamento-acordo/7511,12429,https://aplicacao.itamaraty.gov.br/ApiConcordia/Documento/download/12429,1,data/raw/concordia_bilateral_acts/20260828T222000Z/searches/uruguai/page_001.json,data/raw/concordia_bilateral_acts/20260828T222000Z/details/act_7511.json,False,1,False,False,False,False,False,True,1,False
Uruguai,350,7489,"Ajuste Complementar ao Acordo para Permissão de Residência, Estudo e Trabalho a Nacionais Fronteiriços Brasileiros e Uruguaios para a Prestação de Serviços de Assistência de Emergência e Cooperação em Defesa Civil.",ajuste complementar ao acordo para permissao de residencia estudo e trabalho a nacionais fronteiricos brasileiros e uruguaios para a prestacao de servicos de assistencia de emergencia e cooperacao em defesa civil,Ajuste Complementar,2013-11-07,2013,False,BL,Em Vigor,Uruguai,Uruguai,1,True,"Fronteira, Infraestrutura e Integração Regional","Fronteira, Infraestrutura e Integração Regional",1,João Carlos de Souza Gomes,Luis Almagro Lemes,Montevidéu,Uruguai,False,,,,,,,False,False,False,,https://concordia.itamaraty.gov.br/detalhamento-acordo/7489,12436,https://aplicacao.itamaraty.gov.br/ApiConcordia/Documento/download/12436,2,data/raw/concordia_bilateral_acts/20260828T222000Z/searches/uruguai/page_001.json,data/raw/concordia_bilateral_acts/20260828T222000Z/details/act_7489.json,False,1,False,False,False,False,False,True,1,False
Uruguai,350,7456,"Acordo, por Troca de Notas, sobre a Simplificação de Legalizações em Documentos Públicos entre a República Federativa do Brasil e a República Oriental do Uruguai",acordo por troca de notas sobre a simplificacao de legalizacoes em documentos publicos entre a republica federativa do brasil e a republica oriental do uruguai,Troca de Notas,2013-07-09,2013,False,BL,Em Vigor,Uruguai,Uruguai,1,True,Cooperação e Desenvolvimento,Cooperação e Desenvolvimento,1,Antonio de Aguiar Patriota,Luis Almagro Lemes,Brasília,Brasil,False,,,,,,,False,False,False,,https://concordia.itamaraty.gov.br/detalhamento-acordo/7456,12446,https://aplicacao.itamaraty.gov.br/ApiConcordia/Documento/download/12446,3,data/raw/concordia_bilateral_acts/20260828T222000Z/searches/uruguai/page_001.json,data/raw/concordia_bilateral_acts/20260828T222000Z/details/act_7456.json,False,1,False,False,False,False,False,True,2,True
Uruguai,350,7457,Acordo entre a República Federativa do Brasil e a República Oriental do Uruguai sobre Residência Permanente com o Objetivo de Alcançar a Livre Circulação de Pessoas,acordo entre a republica federativa do brasil e a republica oriental do uruguai sobre residencia permanente com o objetivo de alcancar a livre circulacao de pessoas,Acordo,2013-07-09,2013,False,BL,Em Vigor,Uruguai,Uruguai,1,True,Consulares e Migratórios,Consulares e Migratórios,1,Antonio de Aguiar Patriota,Luis Almagro Lemes,Brasília,Brasil,False,,,,,,,False,False,False,,https://concordia.itamaraty.gov.br/detalhamento-acordo/7457,300,https://aplicacao.itamaraty.gov.br/ApiConcordia/Documento/download/300,4,data/raw/concordia_bilateral_acts/20260828T222000Z/searches/uruguai/page_001.json,data/raw/concordia_bilateral_acts/20260828T222000Z/details/act_7457.json,False,1,False,False,False,False,False,True,2,True
Uruguai,350,7375,Acordo entre a República Federativa do Brasil e a República Oriental do Uruguai para o Intercâmbio de Informações em Matéria Tributária.,acordo entre a republica federativa do brasil e a republica oriental do uruguai para o intercambio de informacoes em materia tributaria,Acordo,2012-10-23,2012,False,BL,Tramitação Congresso Nacional,Uruguai,Uruguai,1,True,"Economia, Finanças e Tributos","Economia, Finanças e Tributos",1,Carlos Alberto Freitas Barreto,Carlos Amorim,Brasília,Brasil,False,,,,,,,False,False,False,,https://concordia.itamaraty.gov.br/detalhamento-acordo/7375,12447,https://aplicacao.itamaraty.gov.br/ApiConcordia/Documento/download/12447,1,data/raw/concordia_bilateral_acts/20260828T222000Z/searches/uruguai/page_001.json,data/raw/concordia_bilateral_acts/20260828T222000Z/details/act_7375.json,False,1,False,False,False,False,False,True,1,False
Uruguai,350,7121,Plano de Ação Conjunta entre o Governo da República Federativa do Brasil e o Governo da República Oriental do Uruguai para Fazer Avançar a Cooperação Bilateral na Área de Massificação do Acesso à Internet em Banda Larga e Telecomunicações em Geral (2011 - 2015),plano de acao conjunta entre o governo da republica federativa do brasil e o governo da republica oriental do uruguai para fazer avancar a cooperacao bilateral na area de massificacao do acesso a internet em banda larga e telecomunicacoes em geral 2011 2015,Plano de Ação,2011-05-30,2011,False,BL,Expirado,Uruguai,Uruguai,1,True,"Ciência, Tecnologia e Inovação","Ciência, Tecnologia e Inovação",1,Aloizio Mercadante; Paulo Bernardo Silva,Roberto Kreimerman,Montevidéu,Uruguai,False,,,,,,,False,False,True,\bplano (?:de )?acao conjunta\b,https://concordia.itamaraty.gov.br/detalhamento-acordo/7121,2133,https://aplicacao.itamaraty.gov.br/ApiConcordia/Documento/download/2133,2,data/raw/concordia_bilateral_acts/20260828T222000Z/searches/uruguai/page_001.json,data/raw/concordia_bilateral_acts/20260828T222000Z/details/act_7121.json,False,1,False,False,False,False,False,True,12,True
Uruguai,350,7122,Acordo-Quadro entre o Governo da República Federativa do Brasil e o Governo da República Oriental do Uruguai para Intercâmbio de Informações e Cooperação em Segurança Pública,acordo quadro entre o governo da republica federativa do brasil e o governo da republica oriental do uruguai para intercambio de informacoes e cooperacao em seguranca publica,Acordo,2011-05-30,2011,False,BL,Em Vigor,Uruguai,Uruguai,1,True,Defesa e Segurança,Defesa e Segurança,1,José Eduardo Cardozo,Eduardo Bonomi,Montevidéu,Uruguai,False,,,,,,,False,False,False,,https://concordia.itamaraty.gov.br/detalhamento-acordo/7122,12635,https://aplicacao.itamaraty.gov.br/ApiConcordia/Documento/download/12635,3,data/raw/concordia_bilateral_acts/20260828T222000Z/searches/uruguai/page_001.json,data/raw/concordia_bilateral_acts/20260828T222000Z/details/act_7122.json,False,1,False,False,False,False,False,True,12,True
Uruguai,350,7123,Ajuste Complementar ao Acordo de Cooperação Técnica entre o Governo da República Federativa do Brasil e o Governo da República Oriental do Uruguai para Implementação do Projeto “Apoio Ao Fortalecimento do Sistema Nacional Integrado de Saúde do Uruguai com Ênfase em Localidades com Menos de Cinco Mil Habitantes”,ajuste complementar ao acordo de cooperacao tecnica entre o governo da republica federativa do brasil e o governo da republica oriental do uruguai para implementacao do projeto apoio ao fortalecimento do sistema nacional integrado de saude do uruguai com enfase em localidades com menos de cinco mil habitantes,Ajuste Complementar,2011-05-30,2011,False,BL,Em Vigor,Uruguai,Uruguai,1,True,Cooperação e Desenvolvimento,Cooperação e Desenvolvimento,1,João Carlos de Souza Gomes,Luis Almagro,Montevidéu,Uruguai,True,,,,,,,False,False,False,,https://concordia.itamaraty.gov.br/detalhamento-acordo/7123,14202,https://aplicacao.itamaraty.gov.br/ApiConcordia/Documento/download/14202,1,data/raw/concordia_bilateral_acts/20260828T222000Z/searches/uruguai/page_001.json,data/raw/concordia_bilateral_acts/20260828T222000Z/details/act_7123.json,False,1,False,False,False,False,False,True,12,True
Uruguai,350,7124,Ajuste Complementar ao Acordo Básico de Cooperação Científica e Técnica entre o Governo da República Federativa do Brasil e o Governo da República Oriental do Uruguai para Implementação do Projeto “Diagnóstico das Potencialidades de Desenvolvimento Regional na Área de Restauro do Patrimônio Edificado”,ajuste complementar ao acordo basico de cooperacao cientifica e tecnica entre o governo da republica federativa do brasil e o governo da republica oriental do uruguai para implementacao do projeto diagnostico das potencialidades de desenvolvimento regional na area de restauro do patrimonio edificado,Ajuste Complementar,2011-05-30,2011,False,BL,Em Vigor,Uruguai,Uruguai,1,True,Cooperação e Desenvolvimento,Cooperação e Desenvolvimento,1,João Carlos de Souza Gomes,Luis Almagro,Montevidéu,Uruguai,True,,,,,,,False,False,False,,https://concordia.itamaraty.gov.br/detalhamento-acordo/7124,12460,https://aplicacao.itamaraty.gov.br/ApiConcordia/Documento/download/12460,1,data/raw/concordia_bilateral_acts/20260828T222000Z/searches/uruguai/page_001.json,data/raw/concordia_bilateral_acts/20260828T222000Z/details/act_7124.json,False,1,False,False,False,False,False,True,12,True
Uruguai,350,7125,Ajuste Complementar ao Acordo Básico de Cooperação Científica e Técnica entre o Governo da República Federativa do Brasil e o Governo da República Oriental do Uruguai para Implementação do Projeto “Capacitação em Português como Língua Estrangeira Instrumental para Agentes do Governo Uruguaio – Polícia Migratória”,ajuste complementar ao acordo basico de cooperacao cientifica e tecnica entre o governo da republica federativa do brasil e o governo da republica oriental do uruguai para implementacao do projeto capacitacao em portugues como lingua estrangeira instrumental para agentes do governo uruguaio policia migratoria,Ajuste Complementar,2011-05-30,2011,False,BL,Em Vigor,Uruguai,Uruguai,1,True,Cooperação e Desenvolvimento,Cooperação e Desenvolvimento,1,João Carlos de Souza Gomes,Luis Almagro,Montevidéu,Uruguai,True,,,,,,,False,False,False,,https://concordia.itamaraty.gov.br/detalhamento-acordo/7125,12548,https://aplicacao.itamaraty.gov.br/ApiConcordia/Documento/download/12548,1,data/raw/concordia_bilateral_acts/20260828T222000Z/searches/uruguai/page_001.json,data/raw/concordia_bilateral_acts/20260828T222000Z/details/act_7125.json,False,1,False,False,False,False,False,True,12,True
Uruguai,350,7126,Ajuste Complementar ao Acordo Básico de Cooperação Científica e Técnica entre o Governo da República Federativa do Brasil e o Governo da República Oriental do Uruguai para Implementação do Projeto “Transferência de Metodologia do Programa Protejo para o Ministério do Interior do Uruguai”,ajuste complementar ao acordo basico de cooperacao cientifica e tecnica entre o governo da republica federativa do brasil e o governo da republica oriental do uruguai para implementacao do projeto transferencia de metodologia do programa protejo para o ministerio do interior do uruguai,Ajuste Complementar,2011-05-30,2011,False,BL,Em Vigor,Uruguai,Uruguai,1,True,Cooperação e Desenvolvimento,Cooperação e Desenvolvimento,1,João Carlos de Souza Gomes,Luis Almagro,Montevidéu,Uruguai,True,,,,,,,False,False,False,,https://concordia.itamaraty.gov.br/detalhamento-acordo/7126,12561,https://aplicacao.itamaraty.gov.br/ApiConcordia/Documento/download/12561,1,data/raw/concordia_bilateral_acts/20260828T222000Z/searches/uruguai/page_001.json,data/raw/concordia_bilateral_acts/20260828T222000Z/details/act_7126.json,False,1,False,False,False,False,False,True,12,True
Uruguai,350,7127,Ajuste Complementar ao Acordo Básico de Cooperação Científica e Técnica entre o Governo da República Federativa do Brasil e o Governo da República Oriental do Uruguai para Implementação do Projeto “Capacitação e Formação Técnico/Jurídicas e Administrativas Proporcionadas pela Defensoria Pública da União”,ajuste complementar ao acordo basico de cooperacao cientifica e tecnica entre o governo da republica federativa do brasil e o governo da republica oriental do uruguai para implementacao do projeto capacitacao e formacao tecnico juridicas e administrativas proporcionadas pela defensoria publica da uniao,Ajuste Complementar,2011-05-30,2011,False,BL,Em Vigor,Uruguai,Uruguai,1,True,Cooperação e Desenvolvimento,Cooperação e Desenvolvimento,1,João Carlos de Souza Gomes,Luis Almagro,Montevidéu,Brasil,True,,,,,,,False,False,False,,https://concordia.itamaraty.gov.br/detalhamento-acordo/7127,13638,https://aplicacao.itamaraty.gov.br/ApiConcordia/Documento/download/13638,1,data/raw/concordia_bilateral_acts/20260828T222000Z/searches/uruguai/page_001.json,data/raw/concordia_bilateral_acts/20260828T222000Z/details/act_7127.json,False,1,False,False,False,False,False,True,12,True
Uruguai,350,7128,Ajuste Complementar ao Acordo Básico de Cooperação Científica e Técnica entre o Governo da República Federativa do Brasil e o Governo da República Oriental do Uruguai para Implementação do Projeto “Consolidação da capacidade Institucional do Ministério de Saúde do Uruguai e Ampliação do Diálogo Regulatório entre as Autoridades Sanitárias de Brasil e Uruguai”,ajuste complementar ao acordo basico de cooperacao cientifica e tecnica entre o governo da republica federativa do brasil e o governo da republica oriental do uruguai para implementacao do projeto consolidacao da capacidade institucional do ministerio de saude do uruguai e ampliacao do dialogo regulatorio entre as autoridades sanitarias de brasil e uruguai,Ajuste Complementar,2011-05-30,2011,False,BL,Em Vigor,Uruguai,Uruguai,1,True,Cooperação e Desenvolvimento,Cooperação e Desenvolvimento,1,João Carlos de Souza Gomes,Luis Almagro,Montevidéu,Brasil,True,,,,,,,False,False,False,,https://concordia.itamaraty.gov.br/detalhamento-acordo/7128,13651,https://aplicacao.itamaraty.gov.br/ApiConcordia/Documento/download/13651,1,data/raw/concordia_bilateral_acts/20260828T222000Z/searches/uruguai/page_001.json,data/raw/concordia_bilateral_acts/20260828T222000Z/details/act_7128.json,False,1,False,False,False,False,False,True,12,True
Uruguai,350,7129,Ajuste Complementar ao Acordo Básico de Cooperação Científica e Técnica entre o Governo da República Federativa do Brasil e o Governo da República Oriental do Uruguai para Implementação do Projeto “Apoio Técnico para Implantação da Televisão Digital no Uruguai”.,ajuste complementar ao acordo basico de cooperacao cientifica e tecnica entre o governo da republica federativa do brasil e o governo da republica oriental do uruguai para implementacao do projeto apoio tecnico para implantacao da televisao digital no uruguai,Ajuste Complementar,2011-05-30,2011,False,BL,Em Vigor,Uruguai,Uruguai,1,True,Cooperação e Desenvolvimento,Cooperação e Desenvolvimento,1,João Carlos de Souza Gomes,Luis Almagro,Montevidéu,Uruguai,True,,,,,,,False,False,False,,https://concordia.itamaraty.gov.br/detalhamento-acordo/7129,13670,https://aplicacao.itamaraty.gov.br/ApiConcordia/Documento/download/13670,1,data/raw/concordia_bilateral_acts/20260828T222000Z/searches/uruguai/page_001.json,data/raw/concordia_bilateral_acts/20260828T222000Z/details/act_7129.json,False,1,False,False,False,False,False,True,12,True
Uruguai,350,7130,"Comunicado Conjunto dos Presidentes da República Federativa do Brasil, Dilma Rousseff, e da República Oriental do Uruguai, José Mujica.",comunicado conjunto dos presidentes da republica federativa do brasil dilma rousseff e da republica oriental do uruguai jose mujica,Comunicado Conjunto,2011-05-30,2011,False,BL,Em Vigor,Uruguai,Uruguai,1,True,Cooperação e Desenvolvimento,Cooperação e Desenvolvimento,1,Dilma Rousseff,José Alberto Mujica Cordano,Montevidéu,Uruguai,True,,,,,,,False,False,False,,https://concordia.itamaraty.gov.br/detalhamento-acordo/7130,12453,https://aplicacao.itamaraty.gov.br/ApiConcordia/Documento/download/12453,0,data/raw/concordia_bilateral_acts/20260828T222000Z/searches/uruguai/page_001.json,data/raw/concordia_bilateral_acts/20260828T222000Z/details/act_7130.json,False,1,False,False,False,False,False,True,12,True
Uruguai,350,7131,Memorando de Entendimento entre o Governo da República Federativa do Brasil e o Governo da República Oriental do Uruguai na Área de Assistência Humanitária e Defesa Civil,memorando de entendimento entre o governo da republica federativa do brasil e o governo da republica oriental do uruguai na area de assistencia humanitaria e defesa civil,Memorando de Entendimento,2011-05-30,2011,False,BL,Em Vigor,Uruguai,Uruguai,1,True,Cooperação e Desenvolvimento,Cooperação e Desenvolvimento,1,Fernando Bezerra de Souza Coelho,Luis Almagro,Montevidéu,Uruguai,True,,,,,,,False,False,False,,https://concordia.itamaraty.gov.br/detalhamento-acordo/7131,12452,https://aplicacao.itamaraty.gov.br/ApiConcordia/Documento/download/12452,0,data/raw/concordia_bilateral_acts/20260828T222000Z/searches/uruguai/page_001.json,data/raw/concordia_bilateral_acts/20260828T222000Z/details/act_7131.json,False,1,False,False,False,False,False,True,12,True
Uruguai,350,7132,Memorando de Entendimento entre o Governo da República Federativa do Brasil e o Governo da República Oriental do Uruguai na Área da Saúde.,memorando de entendimento entre o governo da republica federativa do brasil e o governo da republica oriental do uruguai na area da saude,Memorando de Entendimento,2011-05-30,2011,False,BL,Em Vigor,Uruguai,Uruguai,1,True,"Trabalho, Saúde e Previdência","Trabalho, Saúde e Previdência",1,Antonio de Aguiar Patriota,Luis Almagro,Montevidéu,Uruguai,True,,,,,,,False,False,False,,https://concordia.itamaraty.gov.br/detalhamento-acordo/7132,12405,https://aplicacao.itamaraty.gov.br/ApiConcordia/Documento/download/12405,0,data/raw/concordia_bilateral_acts/20260828T222000Z/searches/uruguai/page_001.json,data/raw/concordia_bilateral_acts/20260828T222000Z/details/act_7132.json,False,1,False,False,False,False,False,True,12,True
Uruguai,350,7021,Ajuste Complementar ao Acordo Básico de Cooperação Científica e Técnica entre o Governo da República Federativa do Brasil e o Governo da República Oriental do Uruguai para Implementação do Projeto “Fortalecimento e Aperfeiçoamento do Sistema de Observações Meteorológicas da Direção Nacional de Meteorologia (DNM)”,ajuste complementar ao acordo basico de cooperacao cientifica e tecnica entre o governo da republica federativa do brasil e o governo da republica oriental do uruguai para implementacao do projeto fortalecimento e aperfeicoamento do sistema de observacoes meteorologicas da direcao nacional de meteorologia dnm,Ajuste Complementar,2010-12-03,2010,False,BL,Em Vigor,Uruguai,Uruguai,1,True,Meio Ambiente e Sustentabilidade,Meio Ambiente e Sustentabilidade,1,Marco Farani,Nelson Yemil Chabén,Montevidéu,Uruguai,True,,,,,,,False,False,False,,https://concordia.itamaraty.gov.br/detalhamento-acordo/7021,12827,https://aplicacao.itamaraty.gov.br/ApiConcordia/Documento/download/12827,1,data/raw/concordia_bilateral_acts/20260828T222000Z/searches/uruguai/page_001.json,data/raw/concordia_bilateral_acts/20260828T222000Z/details/act_7021.json,False,1,False,False,False,False,False,True,6,True
Uruguai,350,7022,Ajuste Complementar ao Acordo Básico de Cooperação Científica e Técnica entre o Governo da República Federativa do Brasil e o Governo da República Oriental do Uruguai para Implementação do Projeto “Transferência de Práticas e Metodologias em Polícia Comunitária”,ajuste complementar ao acordo basico de cooperacao cientifica e tecnica entre o governo da republica federativa do brasil e o governo da republica oriental do uruguai para implementacao do projeto transferencia de praticas e metodologias em policia comunitaria,Ajuste Complementar,2010-12-03,2010,False,BL,Em Vigor,Uruguai,Uruguai,1,True,"Direito, Justiça & Segurança Pública","Direito, Justiça & Segurança Pública",1,Marco Farani,Nelson Yemil Chabén,Montevidéu,Uruguai,True,,,,,,,False,False,False,,https://concordia.itamaraty.gov.br/detalhamento-acordo/7022,12837,https://aplicacao.itamaraty.gov.br/ApiConcordia/Documento/download/12837,1,data/raw/concordia_bilateral_acts/20260828T222000Z/searches/uruguai/page_001.json,data/raw/concordia_bilateral_acts/20260828T222000Z/details/act_7022.json,False,1,False,False,False,False,False,True,6,True
Uruguai,350,7023,Ajuste Complementar ao Acordo Básico de Cooperação Científica e Técnica entre o Governo da República Federativa do Brasil e o Governo da República Oriental do Uruguai para Implementação do Projeto “Capacitação em Português como Língua Estrangeira Instrumental para Agentes do Governo Uruguaio – Polícia Penitenciária”,ajuste complementar ao acordo basico de cooperacao cientifica e tecnica entre o governo da republica federativa do brasil e o governo da republica oriental do uruguai para implementacao do projeto capacitacao em portugues como lingua estrangeira instrumental para agentes do governo uruguaio policia penitenciaria,Ajuste Complementar,2010-12-03,2010,False,BL,Em Vigor,Uruguai,Uruguai,1,True,"Direito, Justiça & Segurança Pública","Direito, Justiça & Segurança Pública",1,Marco Farani,Nelson Yemil Chabén,Montevidéu,Uruguai,True,,,,,,,False,False,False,,https://concordia.itamaraty.gov.br/detalhamento-acordo/7023,12824,https://aplicacao.itamaraty.gov.br/ApiConcordia/Documento/download/12824,1,data/raw/concordia_bilateral_acts/20260828T222000Z/searches/uruguai/page_001.json,data/raw/concordia_bilateral_acts/20260828T222000Z/details/act_7023.json,False,1,False,False,False,False,False,True,6,True
Uruguai,350,7024,Ajuste Complementar ao Acordo Básico de Cooperação Científica e Técnica entre o Governo da República Federativa do Brasil e o Governo da República Oriental do Uruguai para Implementação do Projeto “Apoio Técnico para a Expansão e Consolidação da Rede de Bancos de Leite Humano do Uruguai”.,ajuste complementar ao acordo basico de cooperacao cientifica e tecnica entre o governo da republica federativa do brasil e o governo da republica oriental do uruguai para implementacao do projeto apoio tecnico para a expansao e consolidacao da rede de bancos de leite humano do uruguai,Ajuste Complementar,2010-12-03,2010,False,BL,Em Vigor,Uruguai,Uruguai,1,True,"Trabalho, Saúde e Previdência","Trabalho, Saúde e Previdência",1,Marco Farani,Nelson Yemil Chabén,Montevidéu,Uruguai,True,,,,,,,False,False,False,,https://concordia.itamaraty.gov.br/detalhamento-acordo/7024,12833,https://aplicacao.itamaraty.gov.br/ApiConcordia/Documento/download/12833,1,data/raw/concordia_bilateral_acts/20260828T222000Z/searches/uruguai/page_001.json,data/raw/concordia_bilateral_acts/20260828T222000Z/details/act_7024.json,False,1,False,False,False,False,False,True,6,True
Uruguai,350,7025,Ajuste Complementar ao Acordo Básico de Cooperação Científica e Técnica entre o Governo da República Federativa do Brasil e o Governo da República Oriental do Uruguai para Implementação do Projeto “Apoio ao Fortalecimento Institucional do CETP-UTU na Área de Mecânica Industrial”,ajuste complementar ao acordo basico de cooperacao cientifica e tecnica entre o governo da republica federativa do brasil e o governo da republica oriental do uruguai para implementacao do projeto apoio ao fortalecimento institucional do cetp utu na area de mecanica industrial,Ajuste Complementar,2010-12-03,2010,False,BL,Em Vigor,Uruguai,Uruguai,1,True,Cooperação e Desenvolvimento,Cooperação e Desenvolvimento,1,Marco Farani,Nelson Yemil Chabén,Montevidéu,Uruguai,True,,,,,,,False,False,False,,https://concordia.itamaraty.gov.br/detalhamento-acordo/7025,12832,https://aplicacao.itamaraty.gov.br/ApiConcordia/Documento/download/12832,1,data/raw/concordia_bilateral_acts/20260828T222000Z/searches/uruguai/page_001.json,data/raw/concordia_bilateral_acts/20260828T222000Z/details/act_7025.json,False,1,False,False,False,False,False,True,6,True
Uruguai,350,7026,Protocolo de Intenção entre o Governo da República Federativa do Brasil e o Governo da República Oriental do Uruguai na Área de Ciências Estatísticas,protocolo de intencao entre o governo da republica federativa do brasil e o governo da republica oriental do uruguai na area de ciencias estatisticas,Protocolo,2010-12-03,2010,False,BL,Em Vigor,Uruguai,Uruguai,1,True,Cooperação e Desenvolvimento,Cooperação e Desenvolvimento,1,Marco Farani,"Nelson Yemil Chabén, Secretário",Uruguai,Uruguai,True,,,,,,,False,False,False,,https://concordia.itamaraty.gov.br/detalhamento-acordo/7026,12591,https://aplicacao.itamaraty.gov.br/ApiConcordia/Documento/download/12591,0,data/raw/concordia_bilateral_acts/20260828T222000Z/searches/uruguai/page_001.json,data/raw/concordia_bilateral_acts/20260828T222000Z/details/act_7026.json,False,1,False,False,False,False,False,True,6,True
Uruguai,350,6895,Acordo entre a República Federativa do Brasil e a República Oriental do Uruguai sobre Transporte Fluvial e Lacustre na Hidrovia Uruguai-Brasil,acordo entre a republica federativa do brasil e a republica oriental do uruguai sobre transporte fluvial e lacustre na hidrovia uruguai brasil,Acordo,2010-07-30,2010,False,BL,Em Vigor,Uruguai,Uruguai,1,True,Serviços e Transporte,Serviços e Transporte,1,Celso Amorin,Luis Almagro,Santana do Livramento,Brasil,False,,,,,,,False,False,False,,https://concordia.itamaraty.gov.br/detalhamento-acordo/6895,507,https://aplicacao.itamaraty.gov.br/ApiConcordia/Documento/download/507,3,data/raw/concordia_bilateral_acts/20260828T222000Z/searches/uruguai/page_001.json,data/raw/concordia_bilateral_acts/20260828T222000Z/details/act_6895.json,False,1,False,False,False,False,False,True,3,True
Uruguai,350,6896,"Memorando de Entendimento para a Cooperação Científica, Tecnológica, Acadêmica, e de Inovação entre a República Federativa do Brasil e a República Oriental do Uruguai",memorando de entendimento para a cooperacao cientifica tecnologica academica e de inovacao entre a republica federativa do brasil e a republica oriental do uruguai,Memorando de Entendimento,2010-07-30,2010,False,BL,Expirado,Uruguai,Uruguai,1,True,Cooperação e Desenvolvimento,Cooperação e Desenvolvimento,1,Celso Amorin,Luis Almagro,Santana do Livramento,Brasil,True,,,,,,,False,False,False,,https://concordia.itamaraty.gov.br/detalhamento-acordo/6896,12817,https://aplicacao.itamaraty.gov.br/ApiConcordia/Documento/download/12817,1,data/raw/concordia_bilateral_acts/20260828T222000Z/searches/uruguai/page_001.json,data/raw/concordia_bilateral_acts/20260828T222000Z/details/act_6896.json,False,1,False,False,False,False,False,True,3,True
Uruguai,350,6897,Acordo sobre Cooperação no Âmbito da Defesa entre a República Federativa do Brasil e a República Oriental do Uruguai,acordo sobre cooperacao no ambito da defesa entre a republica federativa do brasil e a republica oriental do uruguai,Acordo,2010-07-30,2010,False,BL,Tramitação Congresso Nacional,Uruguai,Uruguai,1,True,Defesa e Segurança,Defesa e Segurança,1,Nelson Jobim,Luis Rosadilla,Santana do Livramento,Brasil,False,12593,,,,,,True,False,False,,https://concordia.itamaraty.gov.br/detalhamento-acordo/6897,12821,https://aplicacao.itamaraty.gov.br/ApiConcordia/Documento/download/12821,1,data/raw/concordia_bilateral_acts/20260828T222000Z/searches/uruguai/page_001.json,data/raw/concordia_bilateral_acts/20260828T222000Z/details/act_6897.json,False,1,False,False,False,False,False,True,3,True
Uruguai,350,6376,Ajuste Complementar ao Acordo Básico de Cooperação Científica e Técnica entre o Governo da República Federativa do Brasil e o Governo da República Oriental do Uruguai para Implementação do Projeto “Apoio ao Fortalecimento do Sistema Nacional de Sangue e Hemoderivados do Uruguai.”,ajuste complementar ao acordo basico de cooperacao cientifica e tecnica entre o governo da republica federativa do brasil e o governo da republica oriental do uruguai para implementacao do projeto apoio ao fortalecimento do sistema nacional de sangue e hemoderivados do uruguai,Ajuste Complementar,2009-05-25,2009,False,BL,Em Vigor,Uruguai,Uruguai,1,True,"Trabalho, Saúde e Previdência","Trabalho, Saúde e Previdência",1,José Eduardo Martins Felício,Dra. María Julia Muñoz,Montevidéu,Uruguai,True,,,,,,,False,False,False,,https://concordia.itamaraty.gov.br/detalhamento-acordo/6376,12810,https://aplicacao.itamaraty.gov.br/ApiConcordia/Documento/download/12810,1,data/raw/concordia_bilateral_acts/20260828T222000Z/searches/uruguai/page_001.json,data/raw/concordia_bilateral_acts/20260828T222000Z/details/act_6376.json,False,1,False,False,False,False,False,True,3,True
Uruguai,350,6377,Ajuste Complementar ao Acordo Básico de Cooperação Científica e Técnica entre o Governo da República Federativa do Brasil e o Governo da República Oriental do Uruguai para Implementação do Projeto “Fortalecimento do Ensino Técnico na Área do Meio Ambiente.”,ajuste complementar ao acordo basico de cooperacao cientifica e tecnica entre o governo da republica federativa do brasil e o governo da republica oriental do uruguai para implementacao do projeto fortalecimento do ensino tecnico na area do meio ambiente,Ajuste Complementar,2009-05-25,2009,False,BL,Em Vigor,Uruguai,Uruguai,1,True,Meio Ambiente e Sustentabilidade,Meio Ambiente e Sustentabilidade,1,José Eduardo Martins Felício,Wilson Netto marturet,Montevidéu,Uruguai,True,,,,,,,False,False,False,,https://concordia.itamaraty.gov.br/detalhamento-acordo/6377,12811,https://aplicacao.itamaraty.gov.br/ApiConcordia/Documento/download/12811,1,data/raw/concordia_bilateral_acts/20260828T222000Z/searches/uruguai/page_001.json,data/raw/concordia_bilateral_acts/20260828T222000Z/details/act_6377.json,False,1,False,False,False,False,False,True,3,True
Uruguai,350,6378,Ajuste Complementar ao Acordo Básico de Cooperação Científica e Técnica entre o Governo da República Federativa do Brasil e o Governo da República Oriental do Uruguai para Implementação do Projeto “Fortalecimento das Políticas de Enfrentamento à Epidemia de DST/AIDS no Uruguai.”,ajuste complementar ao acordo basico de cooperacao cientifica e tecnica entre o governo da republica federativa do brasil e o governo da republica oriental do uruguai para implementacao do projeto fortalecimento das politicas de enfrentamento a epidemia de dst aids no uruguai,Ajuste Complementar,2009-05-25,2009,False,BL,Em Vigor,Uruguai,Uruguai,1,True,"Trabalho, Saúde e Previdência","Trabalho, Saúde e Previdência",1,José Eduardo Martins Felício,Dra. María Julia Muñoz,Montevidéu,Uruguai,True,,,,,,,False,False,False,,https://concordia.itamaraty.gov.br/detalhamento-acordo/6378,12814,https://aplicacao.itamaraty.gov.br/ApiConcordia/Documento/download/12814,1,data/raw/concordia_bilateral_acts/20260828T222000Z/searches/uruguai/page_001.json,data/raw/concordia_bilateral_acts/20260828T222000Z/details/act_6378.json,False,1,False,False,False,False,False,True,3,True
Uruguai,350,6326,Declaração Conjunta,declaracao conjunta,Declaração Conjunta,2009-03-10,2009,False,BL,Em Vigor,Uruguai,Uruguai,1,True,Cooperação e Desenvolvimento,Cooperação e Desenvolvimento,1,Luiz Inácio Lula da Silva,Tabaré Vázquez,Brasília,Brasil,True,,,,,,,False,False,False,,https://concordia.itamaraty.gov.br/detalhamento-acordo/6326,12668,https://aplicacao.itamaraty.gov.br/ApiConcordia/Documento/download/12668,0,data/raw/concordia_bilateral_acts/20260828T222000Z/searches/uruguai/page_001.json,data/raw/concordia_bilateral_acts/20260828T222000Z/details/act_6326.json,False,1,False,False,False,False,False,True,3,True
Uruguai,350,6327,Acordo de Serviços Aéreos entre o Governo da República Federativa do Brasil e o Governo da República Oriental do Uruguai.,acordo de servicos aereos entre o governo da republica federativa do brasil e o governo da republica oriental do uruguai,Acordo,2009-03-10,2009,False,BL,Em ratificação da(s) outra(s) Parte(s),Uruguai,Uruguai,1,True,Serviços e Transporte,Serviços e Transporte,1,Celso Amorim,Gonzalo Fernández,Brasília,Brasil,False,,,,,,,False,False,False,,https://concordia.itamaraty.gov.br/detalhamento-acordo/6327,12680,https://aplicacao.itamaraty.gov.br/ApiConcordia/Documento/download/12680,2,data/raw/concordia_bilateral_acts/20260828T222000Z/searches/uruguai/page_001.json,data/raw/concordia_bilateral_acts/20260828T222000Z/details/act_6327.json,False,1,False,False,False,False,False,True,3,True
Uruguai,350,6328,Ajuste Complementar ao Acordo Básico de Cooperação Científica e Técnica entre o Governo da República Federativa do Brasil e o Governo da República Oriental do Uruguai para Implementação do Projeto “Capacitação em Português como Língua Estrangeira Instrumental para Agentes do Governo Uruguaio – Polícia Rodoviária”,ajuste complementar ao acordo basico de cooperacao cientifica e tecnica entre o governo da republica federativa do brasil e o governo da republica oriental do uruguai para implementacao do projeto capacitacao em portugues como lingua estrangeira instrumental para agentes do governo uruguaio policia rodoviaria,Ajuste Complementar,2009-03-10,2009,False,BL,Em Vigor,Uruguai,Uruguai,1,True,Cooperação e Desenvolvimento,Cooperação e Desenvolvimento,1,Celso Amorim,Gonzalo Fernández,Brasília,Brasil,True,,,,,,,False,False,False,,https://concordia.itamaraty.gov.br/detalhamento-acordo/6328,12663,https://aplicacao.itamaraty.gov.br/ApiConcordia/Documento/download/12663,1,data/raw/concordia_bilateral_acts/20260828T222000Z/searches/uruguai/page_001.json,data/raw/concordia_bilateral_acts/20260828T222000Z/details/act_6328.json,False,1,False,False,False,False,False,True,3,True
Uruguai,350,6286,"Ajuste Complementar ao Acordo para Permissão de Residência, Estudo e Trabalho a Nacionais Fronteiriços Brasileiros e Uruguaios, para Prestação de Serviços de Saúde",ajuste complementar ao acordo para permissao de residencia estudo e trabalho a nacionais fronteiricos brasileiros e uruguaios para prestacao de servicos de saude,Ajuste Complementar,2008-11-28,2008,False,BL,Em Vigor,Uruguai,Uruguai,1,True,"Trabalho, Saúde e Previdência","Trabalho, Saúde e Previdência",1,José Gomes Temporão,Maria Júlia Muño,Rio de Janeiro,Brasil,False,,,,,,,False,False,False,,https://concordia.itamaraty.gov.br/detalhamento-acordo/6286,12713,https://aplicacao.itamaraty.gov.br/ApiConcordia/Documento/download/12713,3,data/raw/concordia_bilateral_acts/20260828T222000Z/searches/uruguai/page_001.json,data/raw/concordia_bilateral_acts/20260828T222000Z/details/act_6286.json,False,1,False,False,False,False,False,True,1,False
Uruguai,350,6156,Memorando de Entendimento para a Promoção do Projeto “Exportação por Envios Postais para Pequenas e Micro Empresas” entre o Governo da República Federativa do Brasil e o Governo da República Oriental do Uruguai,memorando de entendimento para a promocao do projeto exportacao por envios postais para pequenas e micro empresas entre o governo da republica federativa do brasil e o governo da republica oriental do uruguai,Memorando de Entendimento,2008-07-04,2008,False,BL,Expirado,Uruguai,Uruguai,1,True,Cooperação e Desenvolvimento,Cooperação e Desenvolvimento,1,Hélio Costa,Victor Rossi e Maria Simon,Brasília,Brasil,True,,,,,,,False,False,False,,https://concordia.itamaraty.gov.br/detalhamento-acordo/6156,12666,https://aplicacao.itamaraty.gov.br/ApiConcordia/Documento/download/12666,1,data/raw/concordia_bilateral_acts/20260828T222000Z/searches/uruguai/page_001.json,data/raw/concordia_bilateral_acts/20260828T222000Z/details/act_6156.json,False,1,False,False,False,False,False,True,1,False
Uruguai,350,6120,Ajuste Complementar ao Acordo Básico de Cooperação Científica e Técnica entre o Brasil e o Governo da República Oriental do Uruguai para Implementação do Projeto “Programa de Educação Alimentar e Nutricional – Cozinha Uruguai”,ajuste complementar ao acordo basico de cooperacao cientifica e tecnica entre o brasil e o governo da republica oriental do uruguai para implementacao do projeto programa de educacao alimentar e nutricional cozinha uruguai,Ajuste Complementar,2008-05-30,2008,False,BL,Em Vigor,Uruguai,Uruguai,1,True,"Trabalho, Saúde e Previdência","Trabalho, Saúde e Previdência",1,Luiz Henrique Pereira da Fonseca,Gonzalo Fernández,Montevidéu,Uruguai,True,,,,,,,False,False,False,,https://concordia.itamaraty.gov.br/detalhamento-acordo/6120,12608,https://aplicacao.itamaraty.gov.br/ApiConcordia/Documento/download/12608,1,data/raw/concordia_bilateral_acts/20260828T222000Z/searches/uruguai/page_001.json,data/raw/concordia_bilateral_acts/20260828T222000Z/details/act_6120.json,False,1,False,False,False,False,False,True,3,True
Uruguai,350,6121,"Ajuste Complementar ao Acordo Básico de Cooperação Científica, e Técnica entre o Brasil e o Governo da República Oriental do Uruguai para Implementação do Projeto “Apoio ao Fortalecimento institucional do CETP-UTU na Área de Mineração”",ajuste complementar ao acordo basico de cooperacao cientifica e tecnica entre o brasil e o governo da republica oriental do uruguai para implementacao do projeto apoio ao fortalecimento institucional do cetp utu na area de mineracao,Ajuste Complementar,2008-05-30,2008,False,BL,Em Vigor,Uruguai,Uruguai,1,True,Energia e Recursos Estratégicos,Energia e Recursos Estratégicos,1,Luiz Henrique Pereira da Fonseca,Gonzalo Fernández,Montevidéu,Uruguai,True,,,,,,,False,False,False,,https://concordia.itamaraty.gov.br/detalhamento-acordo/6121,12617,https://aplicacao.itamaraty.gov.br/ApiConcordia/Documento/download/12617,1,data/raw/concordia_bilateral_acts/20260828T222000Z/searches/uruguai/page_001.json,data/raw/concordia_bilateral_acts/20260828T222000Z/details/act_6121.json,False,1,False,False,False,False,False,True,3,True
Uruguai,350,6122,"Ajuste Complementar ao Acordo Básico de Cooperação Científica, e Técnica entre o Brasil e o Governo da República Oriental do Uruguai para Implementação do Projeto “Fortalecimento da Capacidade Institucional do Ministério da Saúde Pública do Uruguai em Sistemas de Vigilância em Saúde Ambiental”",ajuste complementar ao acordo basico de cooperacao cientifica e tecnica entre o brasil e o governo da republica oriental do uruguai para implementacao do projeto fortalecimento da capacidade institucional do ministerio da saude publica do uruguai em sistemas de vigilancia em saude ambiental,Ajuste Complementar,2008-05-30,2008,False,BL,Em Vigor,Uruguai,Uruguai,1,True,"Trabalho, Saúde e Previdência","Trabalho, Saúde e Previdência",1,Luiz Henrique Pereira da Fonseca,Gonzalo Fernández,Montevidéu,Uruguai,True,,,,,,,False,False,False,,https://concordia.itamaraty.gov.br/detalhamento-acordo/6122,12604,https://aplicacao.itamaraty.gov.br/ApiConcordia/Documento/download/12604,1,data/raw/concordia_bilateral_acts/20260828T222000Z/searches/uruguai/page_001.json,data/raw/concordia_bilateral_acts/20260828T222000Z/details/act_6122.json,False,1,False,False,False,False,False,True,3,True
Uruguai,350,6104,"Emenda, por troca de Notas, ao Acordo entre o Governo da República Federativa do Brasil e o Governo da República Oriental do Uruguai para Permissão de Residência, Estudo e Trabalho a Nacionais Fronteiriços Brasileiros e Uruguaios",emenda por troca de notas ao acordo entre o governo da republica federativa do brasil e o governo da republica oriental do uruguai para permissao de residencia estudo e trabalho a nacionais fronteiricos brasileiros e uruguaios,Troca de Notas,2008-05-20,2008,False,BL,Em Vigor,Uruguai,Uruguai,1,True,"Fronteira, Infraestrutura e Integração Regional","Fronteira, Infraestrutura e Integração Regional",1,José Eduardo Martins Felício,Gonzalo Fernández,Montevidéu,Uruguai,True,,4883,,,,,True,True,False,,https://concordia.itamaraty.gov.br/detalhamento-acordo/6104,12623,https://aplicacao.itamaraty.gov.br/ApiConcordia/Documento/download/12623,1,data/raw/concordia_bilateral_acts/20260828T222000Z/searches/uruguai/page_001.json,data/raw/concordia_bilateral_acts/20260828T222000Z/details/act_6104.json,False,1,False,False,False,False,False,True,1,False
Uruguai,350,5878,Ajuste Complementar ao Acordo Básico de Cooperação Científica e Técnica entre o Governo da República Federativa do Brasil e o Governo da República Oriental do Uruguai para Implementação do Projeto ``Fortalecimento Institucional da Secretaria de Saúde Pública do Governo Uruguaio na Área de Vigilância Sanitária``,ajuste complementar ao acordo basico de cooperacao cientifica e tecnica entre o governo da republica federativa do brasil e o governo da republica oriental do uruguai para implementacao do projeto fortalecimento institucional da secretaria de saude publica do governo uruguaio na area de vigilancia sanitaria,Ajuste Complementar,2007-07-24,2007,False,BL,Em Vigor,Uruguai,Uruguai,1,True,"Trabalho, Saúde e Previdência","Trabalho, Saúde e Previdência",1,Samuel Pinheiro Guimarães,Belela Herrera,Montevidéu,Uruguai,True,,,,,,,False,False,False,,https://concordia.itamaraty.gov.br/detalhamento-acordo/5878,12626,https://aplicacao.itamaraty.gov.br/ApiConcordia/Documento/download/12626,1,data/raw/concordia_bilateral_acts/20260828T222000Z/searches/uruguai/page_001.json,data/raw/concordia_bilateral_acts/20260828T222000Z/details/act_5878.json,False,1,False,False,False,False,False,True,1,False
Uruguai,350,5765,Protocolo de Intenções entre o Governo da República Federativa do Brasil e o Governo da República Oriental do Uruguai sobre Programa de Cooperação na Área de Biocombustíveis,protocolo de intencoes entre o governo da republica federativa do brasil e o governo da republica oriental do uruguai sobre programa de cooperacao na area de biocombustiveis,Protocolo,2007-02-26,2007,False,BL,Em Vigor,Uruguai,Uruguai,1,True,Energia e Recursos Estratégicos,Energia e Recursos Estratégicos,1,Celso Amorim,Don Reinaldo Gargano,"San Juan de Anchorena, Colonia",Uruguai,True,,,,,,,False,False,False,,https://concordia.itamaraty.gov.br/detalhamento-acordo/5765,12539,https://aplicacao.itamaraty.gov.br/ApiConcordia/Documento/download/12539,1,data/raw/concordia_bilateral_acts/20260828T222000Z/searches/uruguai/page_001.json,data/raw/concordia_bilateral_acts/20260828T222000Z/details/act_5765.json,False,1,False,False,False,False,False,True,4,True
Uruguai,350,5766,Memorando de Entendimento para a Promoção do Comércio e Investimento entre o Governo da República Federativa do Brasil e o Governo da República Oriental do Uruguai,memorando de entendimento para a promocao do comercio e investimento entre o governo da republica federativa do brasil e o governo da republica oriental do uruguai,Memorando de Entendimento,2007-02-26,2007,False,BL,Em Vigor,Uruguai,Uruguai,1,True,Comércio Internacional e Investimentos,Comércio Internacional e Investimentos,1,Celso Amorim,Don Reinaldo Gargano,"San Juan de Anchorena, Colonia",Uruguai,True,,,,,,,False,False,False,,https://concordia.itamaraty.gov.br/detalhamento-acordo/5766,12533,https://aplicacao.itamaraty.gov.br/ApiConcordia/Documento/download/12533,1,data/raw/concordia_bilateral_acts/20260828T222000Z/searches/uruguai/page_001.json,data/raw/concordia_bilateral_acts/20260828T222000Z/details/act_5766.json,False,1,False,False,False,False,False,True,4,True
Uruguai,350,5767,"Acordo entre o Governo da República Federativa do Brasil e o Governo da República Oriental do Uruguai para a Construção de uma Segunda Ponte Internacional sobre o Rio Jaguarão, nas proximidades das Cidades de Jaguarão e Rio Branco",acordo entre o governo da republica federativa do brasil e o governo da republica oriental do uruguai para a construcao de uma segunda ponte internacional sobre o rio jaguarao nas proximidades das cidades de jaguarao e rio branco,Acordo,2007-02-26,2007,False,BL,Em Vigor,Uruguai,Uruguai,1,True,"Fronteira, Infraestrutura e Integração Regional","Fronteira, Infraestrutura e Integração Regional",1,Celso Amorim,Reinaldo Gargano,"San Juan de Anchorena, Colonia",Uruguai,False,,,4684,"Acordo entre o Governo da República Federativa do Brasil e o Governo da República Oriental do Uruguai para a Construção de uma Segunda Ponte sobre o Rio Jaguarão, nas Proximidades das Cidades de Jaguarão e Rio Branco, e Recuperação da Atual Ponte Barão de Mauá",,,True,False,False,,https://concordia.itamaraty.gov.br/detalhamento-acordo/5767,12500,https://aplicacao.itamaraty.gov.br/ApiConcordia/Documento/download/12500,3,data/raw/concordia_bilateral_acts/20260828T222000Z/searches/uruguai/page_001.json,data/raw/concordia_bilateral_acts/20260828T222000Z/details/act_5767.json,False,1,False,False,False,False,False,True,4,True
Uruguai,350,5768,"Acordo, por troca de Notas, entre o Governo da República Federativa do Brasil e o Governo da República Oriental do Uruguai para a Restauração da Ponte Internacional Barão de Mauá",acordo por troca de notas entre o governo da republica federativa do brasil e o governo da republica oriental do uruguai para a restauracao da ponte internacional barao de maua,Troca de Notas,2007-02-26,2007,False,BL,Em Vigor,Uruguai,Uruguai,1,True,"Fronteira, Infraestrutura e Integração Regional","Fronteira, Infraestrutura e Integração Regional",1,Celso Amorim,Reinaldo Gargano,"San Juan de Anchorena, Colonia",Uruguai,True,,,,,,,False,False,False,,https://concordia.itamaraty.gov.br/detalhamento-acordo/5768,12425,https://aplicacao.itamaraty.gov.br/ApiConcordia/Documento/download/12425,1,data/raw/concordia_bilateral_acts/20260828T222000Z/searches/uruguai/page_001.json,data/raw/concordia_bilateral_acts/20260828T222000Z/details/act_5768.json,False,1,False,False,False,False,False,True,4,True
Uruguai,350,5710,Ajuste Complementar ao Acordo Básico de Cooperação Científica e Técnica entre o Governo da República Federativa do Brasil e o Governo da República Oriental do Uruguai para Implementação do Projeto ''Capacitação em Educação Ambiental e Produção Colaborativa de Material Didático para a Conservação da Biodiversidade na Bacia Hidrogáfica da Lagoa Mirim'',ajuste complementar ao acordo basico de cooperacao cientifica e tecnica entre o governo da republica federativa do brasil e o governo da republica oriental do uruguai para implementacao do projeto capacitacao em educacao ambiental e producao colaborativa de material didatico para a conservacao da biodiversidade na bacia hidrogafica da lagoa mirim,Ajuste Complementar,2006-11-22,2006,False,BL,Em Vigor,Uruguai,Uruguai,1,True,Educação e Cultura,Educação e Cultura,1,Celco Amorim,Reinaldo Gargano,Montevidéu,Uruguai,True,,,,,,,False,False,False,,https://concordia.itamaraty.gov.br/detalhamento-acordo/5710,12331,https://aplicacao.itamaraty.gov.br/ApiConcordia/Documento/download/12331,1,data/raw/concordia_bilateral_acts/20260828T222000Z/searches/uruguai/page_001.json,data/raw/concordia_bilateral_acts/20260828T222000Z/details/act_5710.json,False,1,False,False,False,False,False,True,9,True
Uruguai,350,5711,"Ajuste Complementar ao Acordo Básico de Cooperação Científica e Técnica entre o Governo da República Federativa do Brasil e o Governo da República Oriental do Uruguai para Implementação do Projeto ''Efeito de Diferentes Diretas e Raças para o Crescimento Animal, o Rendimento de Carcaça e Qualidade da Carne''",ajuste complementar ao acordo basico de cooperacao cientifica e tecnica entre o governo da republica federativa do brasil e o governo da republica oriental do uruguai para implementacao do projeto efeito de diferentes diretas e racas para o crescimento animal o rendimento de carcaca e qualidade da carne,Ajuste Complementar,2006-11-22,2006,False,BL,Em Vigor,Uruguai,Uruguai,1,True,"Agricultura, Pecuária e Pesca","Agricultura, Pecuária e Pesca",1,Celso Amorim,Reinaldo Gargano,Montevidéu,Uruguai,True,,,,,,,False,False,False,,https://concordia.itamaraty.gov.br/detalhamento-acordo/5711,12324,https://aplicacao.itamaraty.gov.br/ApiConcordia/Documento/download/12324,1,data/raw/concordia_bilateral_acts/20260828T222000Z/searches/uruguai/page_001.json,data/raw/concordia_bilateral_acts/20260828T222000Z/details/act_5711.json,False,1,False,False,False,False,False,True,9,True
Uruguai,350,5712,Ajuste Complementar ao Acordo Básico de Cooperação Científica e Técnica entre o Governo da República Federativa do Brasil e o Governo da República Oriental do Uruguai para Implementação do Projeto '' Impacto Ambiental pelos Sistemas Agrícolas de Terras Baixas: o Caso da Bacia da Lagoa Mirim'',ajuste complementar ao acordo basico de cooperacao cientifica e tecnica entre o governo da republica federativa do brasil e o governo da republica oriental do uruguai para implementacao do projeto impacto ambiental pelos sistemas agricolas de terras baixas o caso da bacia da lagoa mirim,Ajuste Complementar,2006-11-22,2006,False,BL,Em Vigor,Uruguai,Uruguai,1,True,Meio Ambiente e Sustentabilidade,Meio Ambiente e Sustentabilidade,1,Celco Amorim,Reinaldo Gargano,Montevidéu,Uruguai,True,,,,,,,False,False,False,,https://concordia.itamaraty.gov.br/detalhamento-acordo/5712,12305,https://aplicacao.itamaraty.gov.br/ApiConcordia/Documento/download/12305,1,data/raw/concordia_bilateral_acts/20260828T222000Z/searches/uruguai/page_001.json,data/raw/concordia_bilateral_acts/20260828T222000Z/details/act_5712.json,False,1,False,False,False,False,False,True,9,True
Uruguai,350,5713,Ajuste Complementar ao Acordo Básico de Cooperação Científica e Técnica entre o Governo da República Federativa do Brasil e o Governo da República Oriental do Uruguai para Implementação do projeto ''Capacitação em Laboratório de ensaios Físico-Mecânicos'',ajuste complementar ao acordo basico de cooperacao cientifica e tecnica entre o governo da republica federativa do brasil e o governo da republica oriental do uruguai para implementacao do projeto capacitacao em laboratorio de ensaios fisico mecanicos,Ajuste Complementar,2006-11-22,2006,False,BL,Em Vigor,Uruguai,Uruguai,1,True,Cooperação e Desenvolvimento,Cooperação e Desenvolvimento,1,Celco Amorim,Reinaldo Gargano,Montevidéu,Uruguai,True,,,,,,,False,False,False,,https://concordia.itamaraty.gov.br/detalhamento-acordo/5713,12865,https://aplicacao.itamaraty.gov.br/ApiConcordia/Documento/download/12865,1,data/raw/concordia_bilateral_acts/20260828T222000Z/searches/uruguai/page_001.json,data/raw/concordia_bilateral_acts/20260828T222000Z/details/act_5713.json,False,1,False,False,False,False,False,True,9,True
Uruguai,350,5714,Ajuste Complementar ao Acordo Básico de Cooperação Científica e Técnica entre o Governo da República Federativa do Brasil e o Governo da República Oriental do Uruguai para Implementação do Projeto ``Produção Colaborativa de Informações Ambientais para a Conservação da Biodiversidade na Bacia Hidrográfica da Lagoa Mirim: Consolidação de Rede de Instituições Parceiras e Adequação de Base de Dados para SIG``,ajuste complementar ao acordo basico de cooperacao cientifica e tecnica entre o governo da republica federativa do brasil e o governo da republica oriental do uruguai para implementacao do projeto producao colaborativa de informacoes ambientais para a conservacao da biodiversidade na bacia hidrografica da lagoa mirim consolidacao de rede de instituicoes parceiras e adequacao de base de dados para sig,Ajuste Complementar,2006-11-22,2006,False,BL,Em Vigor,Uruguai,Uruguai,1,True,Meio Ambiente e Sustentabilidade,Meio Ambiente e Sustentabilidade,1,Celco Amorim,Reinaldo Gargano,Montevidéu,Uruguai,True,,,,,,,False,False,False,,https://concordia.itamaraty.gov.br/detalhamento-acordo/5714,12872,https://aplicacao.itamaraty.gov.br/ApiConcordia/Documento/download/12872,1,data/raw/concordia_bilateral_acts/20260828T222000Z/searches/uruguai/page_001.json,data/raw/concordia_bilateral_acts/20260828T222000Z/details/act_5714.json,False,1,False,False,False,False,False,True,9,True
Uruguai,350,5715,Ajuste Complementar ao Acordo Básico de Cooperação Científica e Técnica entre o Governo da República Federativa do Brasil e o Governo da República Oriental do Uruguai para Implementação do Projeto ''Fortalecimento Institucional das Assessorias Internacionais dos Ministérios da Saúde do Brasil e do Uruguai'',ajuste complementar ao acordo basico de cooperacao cientifica e tecnica entre o governo da republica federativa do brasil e o governo da republica oriental do uruguai para implementacao do projeto fortalecimento institucional das assessorias internacionais dos ministerios da saude do brasil e do uruguai,Ajuste Complementar,2006-11-22,2006,False,BL,Em Vigor,Uruguai,Uruguai,1,True,"Trabalho, Saúde e Previdência","Trabalho, Saúde e Previdência",1,Celco Amorim,Reinaldo Gargano,Montevidéu,Uruguai,True,,,,,,,False,False,False,,https://concordia.itamaraty.gov.br/detalhamento-acordo/5715,12877,https://aplicacao.itamaraty.gov.br/ApiConcordia/Documento/download/12877,1,data/raw/concordia_bilateral_acts/20260828T222000Z/searches/uruguai/page_001.json,data/raw/concordia_bilateral_acts/20260828T222000Z/details/act_5715.json,False,1,False,False,False,False,False,True,9,True
Uruguai,350,5716,"Ajuste Complementar ao Acordo Básico de Cooperação Científica e Técnica entre o Governo da República Federativa do Brasil e o Governo da República Oriental do Uruguai para Implementação do Projeto ``Apoio ao Fortalecimento Institucional do Conselho de Educação Técnico Profissional (CETP) da Universidade do Trabalho do Uruguai (UTU) nas Áreas de Indústria, Energia e Meio Ambiente``",ajuste complementar ao acordo basico de cooperacao cientifica e tecnica entre o governo da republica federativa do brasil e o governo da republica oriental do uruguai para implementacao do projeto apoio ao fortalecimento institucional do conselho de educacao tecnico profissional cetp da universidade do trabalho do uruguai utu nas areas de industria energia e meio ambiente,Ajuste Complementar,2006-11-22,2006,False,BL,Em Vigor,Uruguai,Uruguai,1,True,Meio Ambiente e Sustentabilidade,Meio Ambiente e Sustentabilidade,1,Celco Amorim,Reinaldo Gargano,Montevidéu,Uruguai,True,,,,,,,False,False,False,,https://concordia.itamaraty.gov.br/detalhamento-acordo/5716,12884,https://aplicacao.itamaraty.gov.br/ApiConcordia/Documento/download/12884,1,data/raw/concordia_bilateral_acts/20260828T222000Z/searches/uruguai/page_001.json,data/raw/concordia_bilateral_acts/20260828T222000Z/details/act_5716.json,False,1,False,False,False,False,False,True,9,True
Uruguai,350,5717,Ajuste Complementar ao Acordo Básico de Cooperação Científica e Técnica entre o Governo da República Federativa do Brasil e o Governo da República Oriental do Uruguai para Implementação do Projeto “Apoio Técnico para Implementação de Bancos de Leite Humano no Uruguai”,ajuste complementar ao acordo basico de cooperacao cientifica e tecnica entre o governo da republica federativa do brasil e o governo da republica oriental do uruguai para implementacao do projeto apoio tecnico para implementacao de bancos de leite humano no uruguai,Ajuste Complementar,2006-11-22,2006,False,BL,Em Vigor,Uruguai,Uruguai,1,True,"Trabalho, Saúde e Previdência","Trabalho, Saúde e Previdência",1,Celco Amorim,Reinaldo Gargano,Montevidéu,Uruguai,True,,,,,,,False,False,False,,https://concordia.itamaraty.gov.br/detalhamento-acordo/5717,12632,https://aplicacao.itamaraty.gov.br/ApiConcordia/Documento/download/12632,1,data/raw/concordia_bilateral_acts/20260828T222000Z/searches/uruguai/page_001.json,data/raw/concordia_bilateral_acts/20260828T222000Z/details/act_5717.json,False,1,False,False,False,False,False,True,9,True
Uruguai,350,5718,Ajuste Complementar ao Acordo Básico de Cooperação Científica e Técnica entre o Governo da República Federativa do Brasil e o Governo da República Oriental do Uruguai para Implementação do Projeto “Cooperação Técnica em Melhoramento Genético de Hortaliças”,ajuste complementar ao acordo basico de cooperacao cientifica e tecnica entre o governo da republica federativa do brasil e o governo da republica oriental do uruguai para implementacao do projeto cooperacao tecnica em melhoramento genetico de hortalicas,Ajuste Complementar,2006-11-22,2006,False,BL,Em Vigor,Uruguai,Uruguai,1,True,"Agricultura, Pecuária e Pesca","Agricultura, Pecuária e Pesca",1,Celso Amorim,Reinaldo Gargano,Montevidéu,Uruguai,True,,,,,,,False,False,False,,https://concordia.itamaraty.gov.br/detalhamento-acordo/5718,12544,https://aplicacao.itamaraty.gov.br/ApiConcordia/Documento/download/12544,1,data/raw/concordia_bilateral_acts/20260828T222000Z/searches/uruguai/page_001.json,data/raw/concordia_bilateral_acts/20260828T222000Z/details/act_5718.json,False,1,False,False,False,False,False,True,9,True
Uruguai,350,5665,Protocolo de Intenções entre o Governo da República Federativa do Brasil e o Governo da República Oriental do Uruguai na Área da Luta Contra a Discriminação e Promoção da Igualdade Racial,protocolo de intencoes entre o governo da republica federativa do brasil e o governo da republica oriental do uruguai na area da luta contra a discriminacao e promocao da igualdade racial,Protocolo,2006-08-29,2006,False,BL,Em Vigor,Uruguai,Uruguai,1,True,"Direito, Justiça & Segurança Pública","Direito, Justiça & Segurança Pública",1,Matilde Ribeiro,Felipe Michelini,Brasília,Brasil,True,,,,,,,False,False,False,,https://concordia.itamaraty.gov.br/detalhamento-acordo/5665,12296,https://aplicacao.itamaraty.gov.br/ApiConcordia/Documento/download/12296,1,data/raw/concordia_bilateral_acts/20260828T222000Z/searches/uruguai/page_001.json,data/raw/concordia_bilateral_acts/20260828T222000Z/details/act_5665.json,False,1,False,False,False,False,False,True,1,False
Uruguai,350,5617,Protocolo de Intenções entre a República Federativa do Brasil e a República Oriental do Uruguai em Matéria de Direitos Relativos à Infância e à Adolescência,protocolo de intencoes entre a republica federativa do brasil e a republica oriental do uruguai em materia de direitos relativos a infancia e a adolescencia,Protocolo,2006-05-19,2006,False,BL,Em Vigor,Uruguai,Uruguai,1,True,"Direito, Justiça & Segurança Pública","Direito, Justiça & Segurança Pública",1,Paulo de Tarso Vannuchi,Reinaldo Gargano,Montevidéu,Uruguai,True,,,,,,,False,False,False,,https://concordia.itamaraty.gov.br/detalhamento-acordo/5617,12214,https://aplicacao.itamaraty.gov.br/ApiConcordia/Documento/download/12214,1,data/raw/concordia_bilateral_acts/20260828T222000Z/searches/uruguai/page_001.json,data/raw/concordia_bilateral_acts/20260828T222000Z/details/act_5617.json,False,1,False,False,False,False,False,True,1,False
Uruguai,350,5591,"Acordo, por troca de Notas, entre a República Federativa do Brasil e a República Oriental do Uruguai para a Bilateralização do Acordo sobre Residência para Nacionais do Mercosul",acordo por troca de notas entre a republica federativa do brasil e a republica oriental do uruguai para a bilateralizacao do acordo sobre residencia para nacionais do mercosul,Troca de Notas,2006-03-16,2006,False,BL,Substituído,Uruguai,Uruguai,1,True,Consulares e Migratórios,Consulares e Migratórios,1,Celso Amorim,Reinaldo Gargano,Brasília,Brasil,True,,,,,,,False,False,False,,https://concordia.itamaraty.gov.br/detalhamento-acordo/5591,12934,https://aplicacao.itamaraty.gov.br/ApiConcordia/Documento/download/12934,1,data/raw/concordia_bilateral_acts/20260828T222000Z/searches/uruguai/page_001.json,data/raw/concordia_bilateral_acts/20260828T222000Z/details/act_5591.json,False,1,False,False,False,False,False,True,2,True
Uruguai,350,5592,Acordo Quadro de Interconexão Energética entre a República Federativa do Brasil e a República Oriental do Uruguai,acordo quadro de interconexao energetica entre a republica federativa do brasil e a republica oriental do uruguai,Acordo,2006-03-16,2006,False,BL,Em Vigor,Uruguai,Uruguai,1,True,Cooperação e Desenvolvimento,Cooperação e Desenvolvimento,1,Celso Amorim,Reinaldo Gargano,Brasília,Brasil,False,,,,,,,False,False,False,,https://concordia.itamaraty.gov.br/detalhamento-acordo/5592,12928,https://aplicacao.itamaraty.gov.br/ApiConcordia/Documento/download/12928,1,data/raw/concordia_bilateral_acts/20260828T222000Z/searches/uruguai/page_001.json,data/raw/concordia_bilateral_acts/20260828T222000Z/details/act_5592.json,False,1,False,False,False,False,False,True,2,True
Uruguai,350,5413,"Acordo entre a República Federativa do Brasil e a República Oriental do Uruguai, por troca de notas, ao Acordo de 21 de julho de 1972, que Estabeleceu o Limite Lateral Marítimo.",acordo entre a republica federativa do brasil e a republica oriental do uruguai por troca de notas ao acordo de 21 de julho de 1972 que estabeleceu o limite lateral maritimo,Troca de Notas,2005-07-29,2005,False,BL,Em Vigor,Uruguai,Uruguai,1,True,"Fronteira, Infraestrutura e Integração Regional","Fronteira, Infraestrutura e Integração Regional",1,Celso Amorim,Reinaldo Gargano,Montevidéu,Uruguai,True,,,,,,,False,False,False,,https://concordia.itamaraty.gov.br/detalhamento-acordo/5413,12797,https://aplicacao.itamaraty.gov.br/ApiConcordia/Documento/download/12797,1,data/raw/concordia_bilateral_acts/20260828T222000Z/searches/uruguai/page_001.json,data/raw/concordia_bilateral_acts/20260828T222000Z/details/act_5413.json,False,1,False,False,False,False,False,True,1,False
Uruguai,350,5345,Acordo de Cooperação em Matéria de Comunicação entre a República Federativa do Brasil e a República Oriental do Uruguai,acordo de cooperacao em materia de comunicacao entre a republica federativa do brasil e a republica oriental do uruguai,Acordo,2005-04-01,2005,False,BL,Em Vigor,Uruguai,Uruguai,1,True,Serviços e Transporte,Serviços e Transporte,1,Celso Amorim,Reinaldo Gargano,Brasília,Brasil,False,,,,,,,False,False,False,,https://concordia.itamaraty.gov.br/detalhamento-acordo/5345,20021,https://aplicacao.itamaraty.gov.br/ApiConcordia/Documento/download/20021,3,data/raw/concordia_bilateral_acts/20260828T222000Z/searches/uruguai/page_001.json,data/raw/concordia_bilateral_acts/20260828T222000Z/details/act_5345.json,False,1,False,False,False,False,False,True,6,True
Uruguai,350,5346,Ajuste Complementar ao Acordo Básico de Cooperação entre o Governo da República Federativa do Brasil e o Governo da República Oriental do Uruguai para Implementação do Projeto ''Capacitação e Transferência de Metodologia para o Zoneamento do Cultivo da Videira no Uruguai e Caracterização Enológica dos Vinhos Regionais'',ajuste complementar ao acordo basico de cooperacao entre o governo da republica federativa do brasil e o governo da republica oriental do uruguai para implementacao do projeto capacitacao e transferencia de metodologia para o zoneamento do cultivo da videira no uruguai e caracterizacao enologica dos vinhos regionais,Ajuste Complementar,2005-04-01,2005,False,BL,Em Vigor,Uruguai,Uruguai,1,True,"Agricultura, Pecuária e Pesca","Agricultura, Pecuária e Pesca",1,Celso Amorim,Reinaldo Gargano,Brasília,Brasil,True,,,,,,,False,False,False,,https://concordia.itamaraty.gov.br/detalhamento-acordo/5346,12780,https://aplicacao.itamaraty.gov.br/ApiConcordia/Documento/download/12780,1,data/raw/concordia_bilateral_acts/20260828T222000Z/searches/uruguai/page_001.json,data/raw/concordia_bilateral_acts/20260828T222000Z/details/act_5346.json,False,1,False,False,False,False,False,True,6,True
Uruguai,350,5347,Acordo entre o Governo da República Federativa do Brasil e o Governo da República Oriental do Uruguai para a Criação de Escolas e/ou Institutos Binacionais Fronteiriços Profissionais e/ou Técnicos e para o Credenciamento de Cursos Técnicos Binacionais Fronteiriços,acordo entre o governo da republica federativa do brasil e o governo da republica oriental do uruguai para a criacao de escolas e ou institutos binacionais fronteiricos profissionais e ou tecnicos e para o credenciamento de cursos tecnicos binacionais fronteiricos,Acordo,2005-04-01,2005,False,BL,Em Vigor,Uruguai,Uruguai,1,True,Educação e Cultura,Educação e Cultura,1,Celso Amorim,Reinaldo Gargano,Brasília,Brasil,False,,,,,,,False,False,False,,https://concordia.itamaraty.gov.br/detalhamento-acordo/5347,152,https://aplicacao.itamaraty.gov.br/ApiConcordia/Documento/download/152,3,data/raw/concordia_bilateral_acts/20260828T222000Z/searches/uruguai/page_001.json,data/raw/concordia_bilateral_acts/20260828T222000Z/details/act_5347.json,False,1,False,False,False,False,False,True,6,True
Uruguai,350,5348,"Memorando de Entendimento para o Estabelecimento de uma Comissão Mista Permanente em Matéria Energética e de Mineração entre o Ministério de Minas e Energia da República Federativa do Brasil e o Ministério de Indústria, Energia e Mineração da República Oriental do Uruguai",memorando de entendimento para o estabelecimento de uma comissao mista permanente em materia energetica e de mineracao entre o ministerio de minas e energia da republica federativa do brasil e o ministerio de industria energia e mineracao da republica oriental do uruguai,Memorando de Entendimento,2005-04-01,2005,False,BL,Em Vigor,Uruguai,Uruguai,1,True,Energia e Recursos Estratégicos,Energia e Recursos Estratégicos,1,Dilma Rousseff,Jorge Lepra,Brasília,Brasil,True,,,,,,,False,False,False,,https://concordia.itamaraty.gov.br/detalhamento-acordo/5348,12785,https://aplicacao.itamaraty.gov.br/ApiConcordia/Documento/download/12785,1,data/raw/concordia_bilateral_acts/20260828T222000Z/searches/uruguai/page_001.json,data/raw/concordia_bilateral_acts/20260828T222000Z/details/act_5348.json,False,1,False,False,False,False,False,True,6,True
Uruguai,350,5349,Ajuste Complementar ao Acordo Básico de Cooperação entre o Governo da República Federativa do Brasil e o Governo da República Oriental do Uruguai para Implementação do Projeto ``Aportes de Conhecimento sobre os Fatores que Incidem na Necrose de Gemas da Flor da Pera no Uruguai ``,ajuste complementar ao acordo basico de cooperacao entre o governo da republica federativa do brasil e o governo da republica oriental do uruguai para implementacao do projeto aportes de conhecimento sobre os fatores que incidem na necrose de gemas da flor da pera no uruguai,Ajuste Complementar,2005-04-01,2005,False,BL,Em Vigor,Uruguai,Uruguai,1,True,"Agricultura, Pecuária e Pesca","Agricultura, Pecuária e Pesca",1,Celso Amorim,Reinaldo Gargano,Brasília,Brasil,True,,,,,,,False,False,False,,https://concordia.itamaraty.gov.br/detalhamento-acordo/5349,12171,https://aplicacao.itamaraty.gov.br/ApiConcordia/Documento/download/12171,1,data/raw/concordia_bilateral_acts/20260828T222000Z/searches/uruguai/page_001.json,data/raw/concordia_bilateral_acts/20260828T222000Z/details/act_5349.json,False,1,False,False,False,False,False,True,6,True
Uruguai,350,5350,"Acordo, por troca de Notas, entre a República Federativa do Brasil e a República Oriental do Uruguai para o Estabelecimento de uma Comissão Binacional de Cooperação Técnica",acordo por troca de notas entre a republica federativa do brasil e a republica oriental do uruguai para o estabelecimento de uma comissao binacional de cooperacao tecnica,Troca de Notas,2005-04-01,2005,False,BL,Em Vigor,Uruguai,Uruguai,1,True,Cooperação e Desenvolvimento,Cooperação e Desenvolvimento,1,Celso Amorim,Reinaldo Gargano,Brasília,Brasil,True,,,,,,,False,False,False,,https://concordia.itamaraty.gov.br/detalhamento-acordo/5350,12787,https://aplicacao.itamaraty.gov.br/ApiConcordia/Documento/download/12787,1,data/raw/concordia_bilateral_acts/20260828T222000Z/searches/uruguai/page_001.json,data/raw/concordia_bilateral_acts/20260828T222000Z/details/act_5350.json,False,1,False,False,False,False,False,True,6,True
Uruguai,350,5261,Memorando de Entendimento,memorando de entendimento,Memorando de Entendimento,2004-11-18,2004,False,BL,Em Vigor,Uruguai,Uruguai,1,True,"Economia, Finanças e Tributos","Economia, Finanças e Tributos",1,Celso Amorim,Júlio Aguiar Carrasco,Brasília,Brasil,True,,,,,,,False,False,False,,https://concordia.itamaraty.gov.br/detalhamento-acordo/5261,12774,https://aplicacao.itamaraty.gov.br/ApiConcordia/Documento/download/12774,1,data/raw/concordia_bilateral_acts/20260828T222000Z/searches/uruguai/page_001.json,data/raw/concordia_bilateral_acts/20260828T222000Z/details/act_5261.json,False,1,False,False,False,False,False,True,1,False
Uruguai,350,5232,Acordo de Cooperação Mútua entre o Governo da República Federativa do Brasil e a República Oriental do Uruguai para Combater o Tráfego de Aeronaves Envolvidas com Atividades Ilícitas Transnacionais.,acordo de cooperacao mutua entre o governo da republica federativa do brasil e a republica oriental do uruguai para combater o trafego de aeronaves envolvidas com atividades ilicitas transnacionais,Acordo,2004-09-14,2004,False,BL,Em Vigor,Uruguai,Uruguai,1,True,Serviços e Transporte,Serviços e Transporte,1,José Viegas Filho,Yamandú Fau Casalla,Montevidéu,Uruguai,False,,,,,,,False,False,False,,https://concordia.itamaraty.gov.br/detalhamento-acordo/5232,12742,https://aplicacao.itamaraty.gov.br/ApiConcordia/Documento/download/12742,3,data/raw/concordia_bilateral_acts/20260828T222000Z/searches/uruguai/page_001.json,data/raw/concordia_bilateral_acts/20260828T222000Z/details/act_5232.json,False,1,False,False,False,False,False,True,1,False
Uruguai,350,5230,"Acordo, PTN, sobre a Documentação Comprobatória para Concessão de Documento Especial de Fronteiriço, referente ao Artigo III do Acordo para Permissão de Residência, Estudo e Trabalho a Nacionais Fronteiriços Brasileiros e Uruguaios, de 21/8/2002 (indocumentado)",acordo ptn sobre a documentacao comprobatoria para concessao de documento especial de fronteirico referente ao artigo iii do acordo para permissao de residencia estudo e trabalho a nacionais fronteiricos brasileiros e uruguaios de 21 8 2002 indocumentado,Acordo,2004-09-02,2004,False,BL,Em Vigor,Uruguai,Uruguai,1,True,"Direito, Justiça & Segurança Pública","Direito, Justiça & Segurança Pública",1,Celso Amorim,Didier Opertti Badán,"Brasília,",Brasil,True,,,,,,,False,False,False,,https://concordia.itamaraty.gov.br/detalhamento-acordo/5230,18526,https://aplicacao.itamaraty.gov.br/ApiConcordia/Documento/download/18526,1,data/raw/concordia_bilateral_acts/20260828T222000Z/searches/uruguai/page_001.json,data/raw/concordia_bilateral_acts/20260828T222000Z/details/act_5230.json,False,1,False,False,False,False,False,True,1,False
Uruguai,350,5161,"Acordo entre a República Federativa do Brasil e a República Oriental do Uruguai sobre cooperação policial em matéria de Investigação, prevenção e controle de fatos delituosos",acordo entre a republica federativa do brasil e a republica oriental do uruguai sobre cooperacao policial em materia de investigacao prevencao e controle de fatos delituosos,Acordo,2004-04-14,2004,False,BL,Em Vigor,Uruguai,Uruguai,1,True,"Direito, Justiça & Segurança Pública","Direito, Justiça & Segurança Pública",1,Celso Amorim,Didier Opertti Badán,Rio Branco,Uruguai,False,,,,,,,False,False,False,,https://concordia.itamaraty.gov.br/detalhamento-acordo/5161,12702,https://aplicacao.itamaraty.gov.br/ApiConcordia/Documento/download/12702,3,data/raw/concordia_bilateral_acts/20260828T222000Z/searches/uruguai/page_001.json,data/raw/concordia_bilateral_acts/20260828T222000Z/details/act_5161.json,False,1,False,False,False,False,False,True,1,False
Uruguai,350,4995,"Ajuste Complementar ao Acordo de Cooperação Técnica, Científica e Tecnológica entre o Governo da República Federativa do Brasil e o Governo da República Oriental do Uruguai para Saúde na Fronteira",ajuste complementar ao acordo de cooperacao tecnica cientifica e tecnologica entre o governo da republica federativa do brasil e o governo da republica oriental do uruguai para saude na fronteira,Ajuste Complementar,2003-07-31,2003,False,BL,Em Vigor,Uruguai,Uruguai,1,True,"Trabalho, Saúde e Previdência","Trabalho, Saúde e Previdência",1,Eduardo dos Santos,Guillermo Valle,Montevidéu,Uruguai,True,,,,,,,False,False,False,,https://concordia.itamaraty.gov.br/detalhamento-acordo/4995,12137,https://aplicacao.itamaraty.gov.br/ApiConcordia/Documento/download/12137,1,data/raw/concordia_bilateral_acts/20260828T222000Z/searches/uruguai/page_001.json,data/raw/concordia_bilateral_acts/20260828T222000Z/details/act_4995.json,False,1,False,False,False,False,False,True,1,False
Uruguai,350,4983,Ajuste Complementar ao Acordo de Cooperação Científica e Técnica entre o governo da República Federativa do Brasil e do Governo da República Oriental do Uruguai sobre Atividades de Cooperação entre a Secretaria de Ciência e Tecnologia do Estado do Rio Grande do Sul e o Escritório de Planejamento e Orçamento da Presidência da República Oriental do Uruguai.,ajuste complementar ao acordo de cooperacao cientifica e tecnica entre o governo da republica federativa do brasil e do governo da republica oriental do uruguai sobre atividades de cooperacao entre a secretaria de ciencia e tecnologia do estado do rio grande do sul e o escritorio de planejamento e orcamento da presidencia da republica oriental do uruguai,Ajuste Complementar,2003-06-24,2003,False,BL,Em Vigor,Uruguai,Uruguai,1,True,Cooperação e Desenvolvimento,Cooperação e Desenvolvimento,1,Eduardo dos Santos,Didier Opertti,Montevidéu,Uruguai,True,,,,,,,False,False,False,,https://concordia.itamaraty.gov.br/detalhamento-acordo/4983,12649,https://aplicacao.itamaraty.gov.br/ApiConcordia/Documento/download/12649,1,data/raw/concordia_bilateral_acts/20260828T222000Z/searches/uruguai/page_001.json,data/raw/concordia_bilateral_acts/20260828T222000Z/details/act_4983.json,False,1,False,False,False,False,False,True,1,False
Uruguai,350,4978,Memorando de Entendimento entre o Governo da República Federativa do Brasil e o Governo da República Oriental do Uruguai no Âmbito da Troca de Experiência em Transplantes de Órgãos e Tecidos.,memorando de entendimento entre o governo da republica federativa do brasil e o governo da republica oriental do uruguai no ambito da troca de experiencia em transplantes de orgaos e tecidos,Memorando de Entendimento,2003-06-18,2003,False,BL,Em Vigor,Uruguai,Uruguai,1,True,"Trabalho, Saúde e Previdência","Trabalho, Saúde e Previdência",1,Humberto Costa,Conrado Borilla,Assunção,Uruguai,True,,,,,,,False,False,False,,https://concordia.itamaraty.gov.br/detalhamento-acordo/4978,12126,https://aplicacao.itamaraty.gov.br/ApiConcordia/Documento/download/12126,1,data/raw/concordia_bilateral_acts/20260828T222000Z/searches/uruguai/page_001.json,data/raw/concordia_bilateral_acts/20260828T222000Z/details/act_4978.json,False,1,False,False,False,False,False,True,1,False
Uruguai,350,4922,"Ajuste Complementar, por troca de Notas, de ''Cooperação no Campo da Redução da Demanda de Entorpecentes entre Municípios Fronteiriços.''",ajuste complementar por troca de notas de cooperacao no campo da reducao da demanda de entorpecentes entre municipios fronteiricos,Ajuste Complementar,2002-10-22,2002,False,BL,Em Vigor,Uruguai,Uruguai,1,True,"Direito, Justiça & Segurança Pública","Direito, Justiça & Segurança Pública",1,Celso Lafer,Agustín Espinosa Lloveras,Brasília,Brasil,True,,,,,,,False,False,False,,https://concordia.itamaraty.gov.br/detalhamento-acordo/4922,12765,https://aplicacao.itamaraty.gov.br/ApiConcordia/Documento/download/12765,1,data/raw/concordia_bilateral_acts/20260828T222000Z/searches/uruguai/page_001.json,data/raw/concordia_bilateral_acts/20260828T222000Z/details/act_4922.json,False,1,False,False,False,False,False,True,1,False
Uruguai,350,4882,Comunicado Conjunto de Imprensa dos Senhores Presidentes da República Federativa do Brasil e da República Oriental do Uruguai.,comunicado conjunto de imprensa dos senhores presidentes da republica federativa do brasil e da republica oriental do uruguai,Comunicado Conjunto,2002-08-21,2002,False,BL,Em Vigor,Uruguai,Uruguai,1,True,Cooperação e Desenvolvimento,Cooperação e Desenvolvimento,1,Fernando Henrique Cardoso,Jorge Batlle Ibáñez,Montevidéu,Uruguai,True,,,,,,,False,False,False,,https://concordia.itamaraty.gov.br/detalhamento-acordo/4882,12590,https://aplicacao.itamaraty.gov.br/ApiConcordia/Documento/download/12590,0,data/raw/concordia_bilateral_acts/20260828T222000Z/searches/uruguai/page_001.json,data/raw/concordia_bilateral_acts/20260828T222000Z/details/act_4882.json,False,1,False,False,False,False,False,True,4,True
Uruguai,350,4883,"Acordo entre o Governo da República Federativa do Brasil e o Governo da República Oriental do Uruguai para Permissão de Residência, Estudo e Trabalho a Nacionais Fronteiriços Brasileiros e Uruguaios (Acordo de Indocumentados)",acordo entre o governo da republica federativa do brasil e o governo da republica oriental do uruguai para permissao de residencia estudo e trabalho a nacionais fronteiricos brasileiros e uruguaios acordo de indocumentados,Acordo,2002-08-21,2002,False,BL,Em Vigor,Uruguai,Uruguai,1,True,"Fronteira, Infraestrutura e Integração Regional","Fronteira, Infraestrutura e Integração Regional",1,Celso Lafer,Didier Opertti Badán,Montevidéu,Uruguai,False,6104,,,,,,True,False,False,,https://concordia.itamaraty.gov.br/detalhamento-acordo/4883,17045,https://aplicacao.itamaraty.gov.br/ApiConcordia/Documento/download/17045,4,data/raw/concordia_bilateral_acts/20260828T222000Z/searches/uruguai/page_001.json,data/raw/concordia_bilateral_acts/20260828T222000Z/details/act_4883.json,False,1,False,False,False,False,False,True,4,True
Uruguai,350,4884,Acordo entre o Governo da República Federativa do Brasil e o Governo da República Oriental do Uruguai sobre Cooperação entre suas Academias Diplomáticas,acordo entre o governo da republica federativa do brasil e o governo da republica oriental do uruguai sobre cooperacao entre suas academias diplomaticas,Acordo,2002-08-21,2002,False,BL,Expirado,Uruguai,Uruguai,1,True,Relações Diplomáticas e Consulares,Relações Diplomáticas e Consulares,1,João Almino de Souza Filho,Embaixador José Luiz Aldabalde,Montevidéu,Uruguai,True,,,,,,,False,False,False,,https://concordia.itamaraty.gov.br/detalhamento-acordo/4884,12492,https://aplicacao.itamaraty.gov.br/ApiConcordia/Documento/download/12492,1,data/raw/concordia_bilateral_acts/20260828T222000Z/searches/uruguai/page_001.json,data/raw/concordia_bilateral_acts/20260828T222000Z/details/act_4884.json,False,1,False,False,False,False,False,True,4,True
Uruguai,350,4885,Memorando de Entendimento entre o Governo da República Federativa do Brasil e o Governo da República Oriental do Uruguai sobre o Programa de Cooperação Técnica.,memorando de entendimento entre o governo da republica federativa do brasil e o governo da republica oriental do uruguai sobre o programa de cooperacao tecnica,Memorando de Entendimento,2002-08-21,2002,False,BL,Em Vigor,Uruguai,Uruguai,1,True,Cooperação e Desenvolvimento,Cooperação e Desenvolvimento,1,Celso Lafer,Didier Opertti Badán,"Montevidéu,",Uruguai,True,,,,,,,False,False,False,,https://concordia.itamaraty.gov.br/detalhamento-acordo/4885,12105,https://aplicacao.itamaraty.gov.br/ApiConcordia/Documento/download/12105,1,data/raw/concordia_bilateral_acts/20260828T222000Z/searches/uruguai/page_001.json,data/raw/concordia_bilateral_acts/20260828T222000Z/details/act_4885.json,False,1,False,False,False,False,False,True,4,True
Uruguai,350,4695,"Acordo, por troca de Notas, para a Construção de Dique de Contenção no Rio Quaraí entre o Governo da República Federativa do Brasil e o Governo da República Oriental do Uruguai",acordo por troca de notas para a construcao de dique de contencao no rio quarai entre o governo da republica federativa do brasil e o governo da republica oriental do uruguai,Troca de Notas,2000-12-27,2000,False,BL,Em Vigor,Uruguai,Uruguai,1,True,Cooperação e Desenvolvimento,Cooperação e Desenvolvimento,1,Raymundo S. R. Magno ,Didier Opertti Badán,Montevidéu,Uruguai,True,,,,,,,False,False,False,,https://concordia.itamaraty.gov.br/detalhamento-acordo/4695,12036,https://aplicacao.itamaraty.gov.br/ApiConcordia/Documento/download/12036,1,data/raw/concordia_bilateral_acts/20260828T222000Z/searches/uruguai/page_001.json,data/raw/concordia_bilateral_acts/20260828T222000Z/details/act_4695.json,False,1,False,False,False,False,False,True,1,False
Uruguai,350,4684,"Acordo entre o Governo da República Federativa do Brasil e o Governo da República Oriental do Uruguai para a Construção de uma Segunda Ponte sobre o Rio Jaguarão, nas Proximidades das Cidades de Jaguarão e Rio Branco, e Recuperação da Atual Ponte Barão de Mauá",acordo entre o governo da republica federativa do brasil e o governo da republica oriental do uruguai para a construcao de uma segunda ponte sobre o rio jaguarao nas proximidades das cidades de jaguarao e rio branco e recuperacao da atual ponte barao de maua,Acordo,2000-11-21,2000,False,BL,Substituído,Uruguai,Uruguai,1,True,"Fronteira, Infraestrutura e Integração Regional","Fronteira, Infraestrutura e Integração Regional",1,Elizeu Lemos Padilha,Lúcio Cáceres,Ponte Barão de Mauá,Brasil,False,,,,,5767,"Acordo entre o Governo da República Federativa do Brasil e o Governo da República Oriental do Uruguai para a Construção de uma Segunda Ponte Internacional sobre o Rio Jaguarão, nas proximidades das Cidades de Jaguarão e Rio Branco",True,False,False,,https://concordia.itamaraty.gov.br/detalhamento-acordo/4684,12457,https://aplicacao.itamaraty.gov.br/ApiConcordia/Documento/download/12457,2,data/raw/concordia_bilateral_acts/20260828T222000Z/searches/uruguai/page_001.json,data/raw/concordia_bilateral_acts/20260828T222000Z/details/act_4684.json,False,1,False,False,False,False,False,True,1,False
