model_id,iso3c,country_name,country_id,year,abs_distance_china,model_outcome,china_is_top,public_cue_year,focal_country,cue_group,eligible_as_control,treatment
clean_controls,AFG,Afghanistan,1,1997,0.3631468,0.3631468,FALSE,NA,FALSE,other_countries,TRUE,0
clean_controls,AFG,Afghanistan,1,1998,0.5039589,0.5039589,FALSE,NA,FALSE,other_countries,TRUE,0
clean_controls,AFG,Afghanistan,1,1999,0.321194,0.321194,FALSE,NA,FALSE,other_countries,TRUE,0
clean_controls,AFG,Afghanistan,1,2000,0.10762090000000002,0.10762090000000002,FALSE,NA,FALSE,other_countries,TRUE,0
clean_controls,AFG,Afghanistan,1,2001,0.3378924,0.3378924,FALSE,NA,FALSE,other_countries,TRUE,0
clean_controls,AFG,Afghanistan,1,2002,0.13792690000000007,0.13792690000000007,FALSE,NA,FALSE,other_countries,TRUE,0
clean_controls,AFG,Afghanistan,1,2003,0.06245409999999996,0.06245409999999996,FALSE,NA,FALSE,other_countries,TRUE,0
clean_controls,AFG,Afghanistan,1,2004,0.08739570000000008,0.08739570000000008,FALSE,NA,FALSE,other_countries,TRUE,0
clean_controls,AFG,Afghanistan,1,2005,0.07798850000000002,0.07798850000000002,FALSE,NA,FALSE,other_countries,TRUE,0
clean_controls,AFG,Afghanistan,1,2006,0.4907147,0.4907147,FALSE,NA,FALSE,other_countries,TRUE,0
clean_controls,AFG,Afghanistan,1,2007,0.0344272000000001,0.0344272000000001,FALSE,NA,FALSE,other_countries,TRUE,0
clean_controls,AFG,Afghanistan,1,2008,0.014859500000000025,0.014859500000000025,FALSE,NA,FALSE,other_countries,TRUE,0
clean_controls,AFG,Afghanistan,1,2009,0.10337010000000002,0.10337010000000002,FALSE,NA,FALSE,other_countries,TRUE,0
clean_controls,AFG,Afghanistan,1,2010,0.001505899999999949,0.001505899999999949,FALSE,NA,FALSE,other_countries,TRUE,0
clean_controls,AFG,Afghanistan,1,2011,0.09530139999999998,0.09530139999999998,FALSE,NA,FALSE,other_countries,TRUE,0
clean_controls,AFG,Afghanistan,1,2012,0.05192549999999996,0.05192549999999996,FALSE,NA,FALSE,other_countries,TRUE,0
clean_controls,AFG,Afghanistan,1,2013,0.28906070000000006,0.28906070000000006,FALSE,NA,FALSE,other_countries,TRUE,0
clean_controls,AFG,Afghanistan,1,2014,0.02118069999999994,0.02118069999999994,FALSE,NA,FALSE,other_countries,TRUE,0
clean_controls,AFG,Afghanistan,1,2015,0.5679575,0.5679575,FALSE,NA,FALSE,other_countries,TRUE,0
clean_controls,AFG,Afghanistan,1,2016,0.22647450000000002,0.22647450000000002,FALSE,NA,FALSE,other_countries,TRUE,0
clean_controls,AFG,Afghanistan,1,2017,0.5796405,0.5796405,FALSE,NA,FALSE,other_countries,TRUE,0
clean_controls,AFG,Afghanistan,1,2018,0.421643,0.421643,FALSE,NA,FALSE,other_countries,TRUE,0
clean_controls,AFG,Afghanistan,1,2019,0.19311219999999996,0.19311219999999996,FALSE,NA,FALSE,other_countries,TRUE,0
clean_controls,AFG,Afghanistan,1,2020,0.0102584,0.0102584,FALSE,NA,FALSE,other_countries,TRUE,0
clean_controls,AFG,Afghanistan,1,2021,0.46929899999999997,0.46929899999999997,FALSE,NA,FALSE,other_countries,TRUE,0
clean_controls,AFG,Afghanistan,1,2022,0.8031794,0.8031794,FALSE,NA,FALSE,other_countries,TRUE,0
clean_controls,ALB,Albania,2,1997,2.357372,2.357372,FALSE,NA,FALSE,other_countries,TRUE,0
clean_controls,ALB,Albania,2,1998,1.6150521,1.6150521,FALSE,NA,FALSE,other_countries,TRUE,0
clean_controls,ALB,Albania,2,1999,1.7112534,1.7112534,FALSE,NA,FALSE,other_countries,TRUE,0
clean_controls,ALB,Albania,2,2000,2.0868816,2.0868816,FALSE,NA,FALSE,other_countries,TRUE,0
clean_controls,ALB,Albania,2,2001,1.9600293,1.9600293,FALSE,NA,FALSE,other_countries,TRUE,0
clean_controls,ALB,Albania,2,2002,1.6693605999999999,1.6693605999999999,FALSE,NA,FALSE,other_countries,TRUE,0
clean_controls,ALB,Albania,2,2003,2.2254742,2.2254742,FALSE,NA,FALSE,other_countries,TRUE,0
clean_controls,ALB,Albania,2,2004,2.06137,2.06137,FALSE,NA,FALSE,other_countries,TRUE,0
clean_controls,ALB,Albania,2,2005,2.2595504,2.2595504,FALSE,NA,FALSE,other_countries,TRUE,0
clean_controls,ALB,Albania,2,2006,1.9227010999999998,1.9227010999999998,FALSE,NA,FALSE,other_countries,TRUE,0
clean_controls,ALB,Albania,2,2007,1.4648910000000002,1.4648910000000002,FALSE,NA,FALSE,other_countries,TRUE,0
clean_controls,ALB,Albania,2,2008,1.6480481,1.6480481,FALSE,NA,FALSE,other_countries,TRUE,0
clean_controls,ALB,Albania,2,2009,1.3650029,1.3650029,FALSE,NA,FALSE,other_countries,TRUE,0
clean_controls,ALB,Albania,2,2010,1.7871679,1.7871679,FALSE,NA,FALSE,other_countries,TRUE,0
clean_controls,ALB,Albania,2,2011,1.774966,1.774966,FALSE,NA,FALSE,other_countries,TRUE,0
clean_controls,ALB,Albania,2,2012,1.8236333,1.8236333,FALSE,NA,FALSE,other_countries,TRUE,0
clean_controls,ALB,Albania,2,2013,1.4771241,1.4771241,FALSE,NA,FALSE,other_countries,TRUE,0
clean_controls,ALB,Albania,2,2014,1.7675024000000001,1.7675024000000001,FALSE,NA,FALSE,other_countries,TRUE,0
clean_controls,ALB,Albania,2,2015,1.2033079,1.2033079,FALSE,NA,FALSE,other_countries,TRUE,0
clean_controls,ALB,Albania,2,2016,1.4833669,1.4833669,FALSE,NA,FALSE,other_countries,TRUE,0
clean_controls,ALB,Albania,2,2017,1.4167732,1.4167732,FALSE,NA,FALSE,other_countries,TRUE,0
clean_controls,ALB,Albania,2,2018,1.5757376,1.5757376,FALSE,NA,FALSE,other_countries,TRUE,0
clean_controls,ALB,Albania,2,2019,1.4980584,1.4980584,FALSE,NA,FALSE,other_countries,TRUE,0
clean_controls,ALB,Albania,2,2020,1.6601363999999998,1.6601363999999998,FALSE,NA,FALSE,other_countries,TRUE,0
clean_controls,ALB,Albania,2,2021,1.3970631,1.3970631,FALSE,NA,FALSE,other_countries,TRUE,0
clean_controls,ALB,Albania,2,2022,2.337789,2.337789,FALSE,NA,FALSE,other_countries,TRUE,0
clean_controls,AND,Andorra,3,1997,2.639527,2.639527,FALSE,NA,FALSE,other_countries,TRUE,0
clean_controls,AND,Andorra,3,1998,1.6028131,1.6028131,FALSE,NA,FALSE,other_countries,TRUE,0
clean_controls,AND,Andorra,3,1999,1.7779134,1.7779134,FALSE,NA,FALSE,other_countries,TRUE,0
clean_controls,AND,Andorra,3,2000,1.7999176000000001,1.7999176000000001,FALSE,NA,FALSE,other_countries,TRUE,0
clean_controls,AND,Andorra,3,2001,1.6488212999999998,1.6488212999999998,FALSE,NA,FALSE,other_countries,TRUE,0
clean_controls,AND,Andorra,3,2002,1.4423822,1.4423822,FALSE,NA,FALSE,other_countries,TRUE,0
clean_controls,AND,Andorra,3,2003,1.8560462,1.8560462,FALSE,NA,FALSE,other_countries,TRUE,0
clean_controls,AND,Andorra,3,2004,1.7491348,1.7491348,FALSE,NA,FALSE,other_countries,TRUE,0
clean_controls,AND,Andorra,3,2005,1.5859485,1.5859485,FALSE,NA,FALSE,other_countries,TRUE,0
clean_controls,AND,Andorra,3,2006,1.9354551,1.9354551,FALSE,NA,FALSE,other_countries,TRUE,0
clean_controls,AND,Andorra,3,2007,1.5098984,1.5098984,FALSE,NA,FALSE,other_countries,TRUE,0
clean_controls,AND,Andorra,3,2008,1.6468411,1.6468411,FALSE,NA,FALSE,other_countries,TRUE,0
clean_controls,AND,Andorra,3,2009,1.5277881,1.5277881,FALSE,NA,FALSE,other_countries,TRUE,0
clean_controls,AND,Andorra,3,2010,1.7959917,1.7959917,FALSE,NA,FALSE,other_countries,TRUE,0
clean_controls,AND,Andorra,3,2011,1.6456016,1.6456016,FALSE,NA,FALSE,other_countries,TRUE,0
clean_controls,AND,Andorra,3,2012,1.7930807,1.7930807,FALSE,NA,FALSE,other_countries,TRUE,0
clean_controls,AND,Andorra,3,2013,1.3893160999999998,1.3893160999999998,FALSE,NA,FALSE,other_countries,TRUE,0
clean_controls,AND,Andorra,3,2014,1.7943826,1.7943826,FALSE,NA,FALSE,other_countries,TRUE,0
clean_controls,AND,Andorra,3,2015,1.1345391,1.1345391,FALSE,NA,FALSE,other_countries,TRUE,0
clean_controls,AND,Andorra,3,2016,1.3806625000000001,1.3806625000000001,FALSE,NA,FALSE,other_countries,TRUE,0
clean_controls,AND,Andorra,3,2017,1.1445047,1.1445047,FALSE,NA,FALSE,other_countries,TRUE,0
clean_controls,AND,Andorra,3,2018,1.3391667,1.3391667,FALSE,NA,FALSE,other_countries,TRUE,0
clean_controls,AND,Andorra,3,2019,1.1372088,1.1372088,FALSE,NA,FALSE,other_countries,TRUE,0
clean_controls,AND,Andorra,3,2020,1.2886278,1.2886278,FALSE,NA,FALSE,other_countries,TRUE,0
clean_controls,AND,Andorra,3,2021,0.9313857999999999,0.9313857999999999,FALSE,NA,FALSE,other_countries,TRUE,0
clean_controls,AND,Andorra,3,2022,1.9467921000000001,1.9467921000000001,FALSE,NA,FALSE,other_countries,TRUE,0
clean_controls,ARE,United Arab Emirates,4,1997,0.41896100000000003,0.41896100000000003,FALSE,NA,FALSE,other_countries,TRUE,0
clean_controls,ARE,United Arab Emirates,4,1998,0.34299949999999996,0.34299949999999996,FALSE,NA,FALSE,other_countries,TRUE,0
clean_controls,ARE,United Arab Emirates,4,1999,0.04311330000000002,0.04311330000000002,FALSE,NA,FALSE,other_countries,TRUE,0
clean_controls,ARE,United Arab Emirates,4,2000,0.11587380000000003,0.11587380000000003,FALSE,NA,FALSE,other_countries,TRUE,0
clean_controls,ARE,United Arab Emirates,4,2001,0.1511576,0.1511576,FALSE,NA,FALSE,other_countries,TRUE,0
clean_controls,ARE,United Arab Emirates,4,2002,0.5962554,0.5962554,FALSE,NA,FALSE,other_countries,TRUE,0
clean_controls,ARE,United Arab Emirates,4,2003,0.18800280000000003,0.18800280000000003,FALSE,NA,FALSE,other_countries,TRUE,0
clean_controls,ARE,United Arab Emirates,4,2004,0.23845699999999992,0.23845699999999992,FALSE,NA,FALSE,other_countries,TRUE,0
clean_controls,ARE,United Arab Emirates,4,2005,0.225159,0.225159,FALSE,NA,FALSE,other_countries,TRUE,0
clean_controls,ARE,United Arab Emirates,4,2006,0.10782460000000005,0.10782460000000005,FALSE,NA,FALSE,other_countries,TRUE,0
clean_controls,ARE,United Arab Emirates,4,2007,0.05092959999999991,0.05092959999999991,FALSE,NA,FALSE,other_countries,TRUE,0
clean_controls,ARE,United Arab Emirates,4,2008,0.18925230000000004,0.18925230000000004,FALSE,NA,FALSE,other_countries,TRUE,0
clean_controls,ARE,United Arab Emirates,4,2009,0.3604589,0.3604589,FALSE,NA,FALSE,other_countries,TRUE,0
clean_controls,ARE,United Arab Emirates,4,2010,0.09658649999999991,0.09658649999999991,FALSE,NA,FALSE,other_countries,TRUE,0
clean_controls,ARE,United Arab Emirates,4,2011,0.06652289999999994,0.06652289999999994,FALSE,NA,FALSE,other_countries,TRUE,0
clean_controls,ARE,United Arab Emirates,4,2012,0.19804929999999998,0.19804929999999998,FALSE,NA,FALSE,other_countries,TRUE,0
clean_controls,ARE,United Arab Emirates,4,2013,0.3773546,0.3773546,FALSE,NA,FALSE,other_countries,TRUE,0
clean_controls,ARE,United Arab Emirates,4,2014,0.003975599999999968,0.003975599999999968,FALSE,NA,FALSE,other_countries,TRUE,0
clean_controls,ARE,United Arab Emirates,4,2015,0.5528464,0.5528464,FALSE,NA,FALSE,other_countries,TRUE,0
clean_controls,ARE,United Arab Emirates,4,2016,0.34669530000000004,0.34669530000000004,FALSE,NA,FALSE,other_countries,TRUE,0
clean_controls,ARE,United Arab Emirates,4,2017,0.07584860000000004,0.07584860000000004,FALSE,NA,FALSE,other_countries,TRUE,0
clean_controls,ARE,United Arab Emirates,4,2018,0.11535859999999998,0.11535859999999998,FALSE,NA,FALSE,other_countries,TRUE,0
clean_controls,ARE,United Arab Emirates,4,2019,0.29469880000000004,0.29469880000000004,FALSE,NA,FALSE,other_countries,TRUE,0
clean_controls,ARE,United Arab Emirates,4,2020,0.005745300000000064,0.005745300000000064,FALSE,NA,FALSE,other_countries,TRUE,0
clean_controls,ARE,United Arab Emirates,4,2021,0.2978557,0.2978557,FALSE,NA,FALSE,other_countries,TRUE,0
clean_controls,ARE,United Arab Emirates,4,2022,0.3421044,0.3421044,FALSE,NA,FALSE,other_countries,TRUE,0
clean_controls,ARG,Argentina,5,1997,1.7713736,1.7713736,FALSE,NA,FALSE,other_countries,TRUE,0
clean_controls,ARG,Argentina,5,1998,0.7773186000000001,0.7773186000000001,FALSE,NA,FALSE,other_countries,TRUE,0
clean_controls,ARG,Argentina,5,1999,1.0551301,1.0551301,FALSE,NA,FALSE,other_countries,TRUE,0
clean_controls,ARG,Argentina,5,2000,1.0540929,1.0540929,FALSE,NA,FALSE,other_countries,TRUE,0
clean_controls,ARG,Argentina,5,2001,0.9048229,0.9048229,FALSE,NA,FALSE,other_countries,TRUE,0
clean_controls,ARG,Argentina,5,2002,0.8767494,0.8767494,FALSE,NA,FALSE,other_countries,TRUE,0
clean_controls,ARG,Argentina,5,2003,1.236554,1.236554,FALSE,NA,FALSE,other_countries,TRUE,0
clean_controls,ARG,Argentina,5,2004,1.0073837,1.0073837,FALSE,NA,FALSE,other_countries,TRUE,0
clean_controls,ARG,Argentina,5,2005,0.8870492000000001,0.8870492000000001,FALSE,NA,FALSE,other_countries,TRUE,0
clean_controls,ARG,Argentina,5,2006,0.9492302,0.9492302,FALSE,NA,FALSE,other_countries,TRUE,0
clean_controls,ARG,Argentina,5,2007,0.66791789,0.66791789,FALSE,NA,FALSE,other_countries,TRUE,0
clean_controls,ARG,Argentina,5,2008,0.72181585,0.72181585,FALSE,NA,FALSE,other_countries,TRUE,0
clean_controls,ARG,Argentina,5,2009,0.57589676,0.57589676,FALSE,NA,FALSE,other_countries,TRUE,0
clean_controls,ARG,Argentina,5,2010,0.8889605700000001,0.8889605700000001,FALSE,NA,FALSE,other_countries,TRUE,0
clean_controls,ARG,Argentina,5,2011,0.69381446,0.69381446,FALSE,NA,FALSE,other_countries,TRUE,0
clean_controls,ARG,Argentina,5,2012,0.75393945,0.75393945,FALSE,NA,FALSE,other_countries,TRUE,0
clean_controls,ARG,Argentina,5,2013,0.35965339999999996,0.35965339999999996,FALSE,NA,FALSE,other_countries,TRUE,0
clean_controls,ARG,Argentina,5,2014,0.6889566,0.6889566,FALSE,NA,FALSE,other_countries,TRUE,0
clean_controls,ARG,Argentina,5,2015,0.06657849999999998,0.06657849999999998,FALSE,NA,FALSE,other_countries,TRUE,0
clean_controls,ARG,Argentina,5,2016,0.32663580000000003,0.32663580000000003,FALSE,NA,FALSE,other_countries,TRUE,0
clean_controls,ARG,Argentina,5,2017,0.258418,0.258418,FALSE,NA,FALSE,other_countries,TRUE,0
clean_controls,ARG,Argentina,5,2018,0.48552601,0.48552601,FALSE,NA,FALSE,other_countries,TRUE,0
clean_controls,ARG,Argentina,5,2019,0.28813208,0.28813208,FALSE,NA,FALSE,other_countries,TRUE,0
clean_controls,ARG,Argentina,5,2020,0.5312787600000001,0.5312787600000001,FALSE,NA,FALSE,other_countries,TRUE,0
clean_controls,ARG,Argentina,5,2021,0.19184108,0.19184108,FALSE,NA,FALSE,other_countries,TRUE,0
clean_controls,ARG,Argentina,5,2022,1.05959526,1.05959526,FALSE,NA,FALSE,other_countries,TRUE,0
clean_controls,ATG,Antigua & Barbuda,6,1997,0.8626211,0.8626211,FALSE,NA,FALSE,other_countries,TRUE,0
clean_controls,ATG,Antigua & Barbuda,6,1998,0.02201160000000002,0.02201160000000002,FALSE,NA,FALSE,other_countries,TRUE,0
clean_controls,ATG,Antigua & Barbuda,6,1999,0.17832329999999996,0.17832329999999996,FALSE,NA,FALSE,other_countries,TRUE,0
clean_controls,ATG,Antigua & Barbuda,6,2000,0.10259550000000006,0.10259550000000006,FALSE,NA,FALSE,other_countries,TRUE,0
clean_controls,ATG,Antigua & Barbuda,6,2001,0.15030409999999994,0.15030409999999994,FALSE,NA,FALSE,other_countries,TRUE,0
clean_controls,ATG,Antigua & Barbuda,6,2002,0.07512789999999997,0.07512789999999997,FALSE,NA,FALSE,other_countries,TRUE,0
clean_controls,ATG,Antigua & Barbuda,6,2003,0.39085990000000004,0.39085990000000004,FALSE,NA,FALSE,other_countries,TRUE,0
clean_controls,ATG,Antigua & Barbuda,6,2004,0.3867147,0.3867147,FALSE,NA,FALSE,other_countries,TRUE,0
clean_controls,ATG,Antigua & Barbuda,6,2005,0.1437716,0.1437716,FALSE,NA,FALSE,other_countries,TRUE,0
clean_controls,ATG,Antigua & Barbuda,6,2006,0.29095289999999996,0.29095289999999996,FALSE,NA,FALSE,other_countries,TRUE,0
clean_controls,ATG,Antigua & Barbuda,6,2007,0.01951320000000001,0.01951320000000001,FALSE,NA,FALSE,other_countries,TRUE,0
clean_controls,ATG,Antigua & Barbuda,6,2008,0.12875179999999997,0.12875179999999997,FALSE,NA,FALSE,other_countries,TRUE,0
clean_controls,ATG,Antigua & Barbuda,6,2009,0.1342994,0.1342994,FALSE,NA,FALSE,other_countries,TRUE,0
clean_controls,ATG,Antigua & Barbuda,6,2010,0.28510650000000004,0.28510650000000004,FALSE,NA,FALSE,other_countries,TRUE,0
clean_controls,ATG,Antigua & Barbuda,6,2011,0.20244319999999993,0.20244319999999993,FALSE,NA,FALSE,other_countries,TRUE,0
clean_controls,ATG,Antigua & Barbuda,6,2012,0.2968332,0.2968332,FALSE,NA,FALSE,other_countries,TRUE,0
clean_controls,ATG,Antigua & Barbuda,6,2013,0.16222720000000002,0.16222720000000002,FALSE,NA,FALSE,other_countries,TRUE,0
clean_controls,ATG,Antigua & Barbuda,6,2014,0.14706110000000006,0.14706110000000006,FALSE,NA,FALSE,other_countries,TRUE,0
clean_controls,ATG,Antigua & Barbuda,6,2015,0.3191912,0.3191912,FALSE,NA,FALSE,other_countries,TRUE,0
clean_controls,ATG,Antigua & Barbuda,6,2016,0.06741469999999994,0.06741469999999994,FALSE,NA,FALSE,other_countries,TRUE,0
clean_controls,ATG,Antigua & Barbuda,6,2017,0.10441550000000005,0.10441550000000005,FALSE,NA,FALSE,other_countries,TRUE,0
clean_controls,ATG,Antigua & Barbuda,6,2018,0.27871710000000005,0.27871710000000005,FALSE,NA,FALSE,other_countries,TRUE,0
clean_controls,ATG,Antigua & Barbuda,6,2019,0.17512839999999996,0.17512839999999996,FALSE,NA,FALSE,other_countries,TRUE,0
clean_controls,ATG,Antigua & Barbuda,6,2020,0.04943130000000007,0.04943130000000007,FALSE,NA,FALSE,other_countries,TRUE,0
clean_controls,ATG,Antigua & Barbuda,6,2021,0.18028260000000002,0.18028260000000002,FALSE,NA,FALSE,other_countries,TRUE,0
clean_controls,ATG,Antigua & Barbuda,6,2022,0.6415784,0.6415784,FALSE,NA,FALSE,other_countries,TRUE,0
clean_controls,AUS,Australia,7,1997,2.143462,2.143462,FALSE,2009,TRUE,selected_public_cue,FALSE,0
clean_controls,AUS,Australia,7,1998,1.4418071000000001,1.4418071000000001,FALSE,2009,TRUE,selected_public_cue,FALSE,0
clean_controls,AUS,Australia,7,1999,1.5891584,1.5891584,FALSE,2009,TRUE,selected_public_cue,FALSE,0
clean_controls,AUS,Australia,7,2000,1.6577371,1.6577371,FALSE,2009,TRUE,selected_public_cue,FALSE,0
clean_controls,AUS,Australia,7,2001,1.6478793,1.6478793,FALSE,2009,TRUE,selected_public_cue,FALSE,0
clean_controls,AUS,Australia,7,2002,1.7369596,1.7369596,FALSE,2009,TRUE,selected_public_cue,FALSE,0
clean_controls,AUS,Australia,7,2003,2.2060312,2.2060312,FALSE,2009,TRUE,selected_public_cue,FALSE,0
clean_controls,AUS,Australia,7,2004,2.289749,2.289749,FALSE,2009,TRUE,selected_public_cue,FALSE,0
clean_controls,AUS,Australia,7,2005,2.1754334,2.1754334,FALSE,2009,TRUE,selected_public_cue,FALSE,0
clean_controls,AUS,Australia,7,2006,2.4743911,2.4743911,FALSE,2009,TRUE,selected_public_cue,FALSE,0
clean_controls,AUS,Australia,7,2007,2.032488,2.032488,FALSE,2009,TRUE,selected_public_cue,FALSE,0
clean_controls,AUS,Australia,7,2008,2.0957540999999997,2.0957540999999997,FALSE,2009,TRUE,selected_public_cue,FALSE,0
clean_controls,AUS,Australia,7,2009,1.9030363000000001,1.9030363000000001,TRUE,2009,TRUE,selected_public_cue,FALSE,1
clean_controls,AUS,Australia,7,2010,2.1690057,2.1690057,TRUE,2009,TRUE,selected_public_cue,FALSE,1
clean_controls,AUS,Australia,7,2011,2.042198,2.042198,TRUE,2009,TRUE,selected_public_cue,FALSE,1
clean_controls,AUS,Australia,7,2012,2.1721207,2.1721207,TRUE,2009,TRUE,selected_public_cue,FALSE,1
clean_controls,AUS,Australia,7,2013,1.8587908,1.8587908,TRUE,2009,TRUE,selected_public_cue,FALSE,1
clean_controls,AUS,Australia,7,2014,2.2598294,2.2598294,TRUE,2009,TRUE,selected_public_cue,FALSE,1
clean_controls,AUS,Australia,7,2015,1.4551872,1.4551872,TRUE,2009,TRUE,selected_public_cue,FALSE,1
clean_controls,AUS,Australia,7,2016,1.7279279,1.7279279,TRUE,2009,TRUE,selected_public_cue,FALSE,1
clean_controls,AUS,Australia,7,2017,1.5878252,1.5878252,TRUE,2009,TRUE,selected_public_cue,FALSE,1
clean_controls,AUS,Australia,7,2018,1.9675326,1.9675326,TRUE,2009,TRUE,selected_public_cue,FALSE,1
clean_controls,AUS,Australia,7,2019,1.7966744000000001,1.7966744000000001,TRUE,2009,TRUE,selected_public_cue,FALSE,1
clean_controls,AUS,Australia,7,2020,1.9713844000000003,1.9713844000000003,TRUE,2009,TRUE,selected_public_cue,FALSE,1
clean_controls,AUS,Australia,7,2021,1.6829271,1.6829271,TRUE,2009,TRUE,selected_public_cue,FALSE,1
clean_controls,AUS,Australia,7,2022,2.470431,2.470431,TRUE,2009,TRUE,selected_public_cue,FALSE,1
clean_controls,AUT,Austria,8,1997,2.49304,2.49304,FALSE,NA,FALSE,other_countries,TRUE,0
clean_controls,AUT,Austria,8,1998,1.5675521000000001,1.5675521000000001,FALSE,NA,FALSE,other_countries,TRUE,0
clean_controls,AUT,Austria,8,1999,1.6969143999999998,1.6969143999999998,FALSE,NA,FALSE,other_countries,TRUE,0
clean_controls,AUT,Austria,8,2000,1.7914166,1.7914166,FALSE,NA,FALSE,other_countries,TRUE,0
clean_controls,AUT,Austria,8,2001,1.6044342999999999,1.6044342999999999,FALSE,NA,FALSE,other_countries,TRUE,0
clean_controls,AUT,Austria,8,2002,1.4404555000000001,1.4404555000000001,FALSE,NA,FALSE,other_countries,TRUE,0
clean_controls,AUT,Austria,8,2003,1.8838907,1.8838907,FALSE,NA,FALSE,other_countries,TRUE,0
clean_controls,AUT,Austria,8,2004,1.7645871,1.7645871,FALSE,NA,FALSE,other_countries,TRUE,0
clean_controls,AUT,Austria,8,2005,1.6991684,1.6991684,FALSE,NA,FALSE,other_countries,TRUE,0
clean_controls,AUT,Austria,8,2006,1.7091707999999999,1.7091707999999999,FALSE,NA,FALSE,other_countries,TRUE,0
clean_controls,AUT,Austria,8,2007,1.3710113000000002,1.3710113000000002,FALSE,NA,FALSE,other_countries,TRUE,0
clean_controls,AUT,Austria,8,2008,1.4494457,1.4494457,FALSE,NA,FALSE,other_countries,TRUE,0
clean_controls,AUT,Austria,8,2009,1.4869694,1.4869694,FALSE,NA,FALSE,other_countries,TRUE,0
clean_controls,AUT,Austria,8,2010,1.5959738,1.5959738,FALSE,NA,FALSE,other_countries,TRUE,0
clean_controls,AUT,Austria,8,2011,1.5574952,1.5574952,FALSE,NA,FALSE,other_countries,TRUE,0
clean_controls,AUT,Austria,8,2012,1.562272,1.562272,FALSE,NA,FALSE,other_countries,TRUE,0
clean_controls,AUT,Austria,8,2013,1.2615191000000001,1.2615191000000001,FALSE,NA,FALSE,other_countries,TRUE,0
clean_controls,AUT,Austria,8,2014,1.6715819,1.6715819,FALSE,NA,FALSE,other_countries,TRUE,0
clean_controls,AUT,Austria,8,2015,0.8916026,0.8916026,FALSE,NA,FALSE,other_countries,TRUE,0
clean_controls,AUT,Austria,8,2016,1.1480815,1.1480815,FALSE,NA,FALSE,other_countries,TRUE,0
clean_controls,AUT,Austria,8,2017,1.0602187,1.0602187,FALSE,NA,FALSE,other_countries,TRUE,0
clean_controls,AUT,Austria,8,2018,1.2799971,1.2799971,FALSE,NA,FALSE,other_countries,TRUE,0
clean_controls,AUT,Austria,8,2019,1.1924386999999999,1.1924386999999999,FALSE,NA,FALSE,other_countries,TRUE,0
clean_controls,AUT,Austria,8,2020,1.3692208,1.3692208,FALSE,NA,FALSE,other_countries,TRUE,0
clean_controls,AUT,Austria,8,2021,1.0226131999999999,1.0226131999999999,FALSE,NA,FALSE,other_countries,TRUE,0
clean_controls,AUT,Austria,8,2022,2.110047,2.110047,FALSE,NA,FALSE,other_countries,TRUE,0
clean_controls,AZE,Azerbaijan,9,1997,1.4153916,1.4153916,FALSE,NA,FALSE,other_countries,TRUE,0
clean_controls,AZE,Azerbaijan,9,1998,0.487049,0.487049,FALSE,NA,FALSE,other_countries,TRUE,0
clean_controls,AZE,Azerbaijan,9,1999,0.8889743,0.8889743,FALSE,NA,FALSE,other_countries,TRUE,0
clean_controls,AZE,Azerbaijan,9,2000,0.7701882900000001,0.7701882900000001,FALSE,NA,FALSE,other_countries,TRUE,0
clean_controls,AZE,Azerbaijan,9,2001,0.57028799,0.57028799,FALSE,NA,FALSE,other_countries,TRUE,0
clean_controls,AZE,Azerbaijan,9,2002,0.501331918,0.501331918,FALSE,NA,FALSE,other_countries,TRUE,0
clean_controls,AZE,Azerbaijan,9,2003,0.86151765,0.86151765,FALSE,NA,FALSE,other_countries,TRUE,0
clean_controls,AZE,Azerbaijan,9,2004,0.7366353400000001,0.7366353400000001,FALSE,NA,FALSE,other_countries,TRUE,0
clean_controls,AZE,Azerbaijan,9,2005,0.5189741,0.5189741,FALSE,NA,FALSE,other_countries,TRUE,0
clean_controls,AZE,Azerbaijan,9,2006,0.6743752000000001,0.6743752000000001,FALSE,NA,FALSE,other_countries,TRUE,0
clean_controls,AZE,Azerbaijan,9,2007,0.4623938000000001,0.4623938000000001,FALSE,NA,FALSE,other_countries,TRUE,0
clean_controls,AZE,Azerbaijan,9,2008,0.29017540000000003,0.29017540000000003,FALSE,NA,FALSE,other_countries,TRUE,0
clean_controls,AZE,Azerbaijan,9,2009,0.398731,0.398731,FALSE,NA,FALSE,other_countries,TRUE,0
clean_controls,AZE,Azerbaijan,9,2010,0.6367126000000001,0.6367126000000001,FALSE,NA,FALSE,other_countries,TRUE,0
clean_controls,AZE,Azerbaijan,9,2011,0.25150130000000004,0.25150130000000004,FALSE,NA,FALSE,other_countries,TRUE,0
clean_controls,AZE,Azerbaijan,9,2012,0.33429240000000005,0.33429240000000005,FALSE,NA,FALSE,other_countries,TRUE,0
clean_controls,AZE,Azerbaijan,9,2013,0.04096169999999999,0.04096169999999999,FALSE,NA,FALSE,other_countries,TRUE,0
clean_controls,AZE,Azerbaijan,9,2014,0.23211460000000006,0.23211460000000006,FALSE,NA,FALSE,other_countries,TRUE,0
clean_controls,AZE,Azerbaijan,9,2015,0.5766139,0.5766139,FALSE,NA,FALSE,other_countries,TRUE,0
clean_controls,AZE,Azerbaijan,9,2016,0.2579376,0.2579376,FALSE,NA,FALSE,other_countries,TRUE,0
clean_controls,AZE,Azerbaijan,9,2017,0.4310367,0.4310367,FALSE,NA,FALSE,other_countries,TRUE,0
clean_controls,AZE,Azerbaijan,9,2018,0.2083524,0.2083524,FALSE,NA,FALSE,other_countries,TRUE,0
clean_controls,AZE,Azerbaijan,9,2019,0.3274083,0.3274083,FALSE,NA,FALSE,other_countries,TRUE,0
clean_controls,AZE,Azerbaijan,9,2020,0.22697179999999995,0.22697179999999995,FALSE,NA,FALSE,other_countries,TRUE,0
clean_controls,AZE,Azerbaijan,9,2021,0.5676065000000001,0.5676065000000001,FALSE,NA,FALSE,other_countries,TRUE,0
clean_controls,AZE,Azerbaijan,9,2022,0.4573718,0.4573718,FALSE,NA,FALSE,other_countries,TRUE,0
clean_controls,BGD,Bangladesh,10,1997,0.30159020000000003,0.30159020000000003,FALSE,NA,FALSE,other_countries,TRUE,0
clean_controls,BGD,Bangladesh,10,1998,0.32135699999999995,0.32135699999999995,FALSE,NA,FALSE,other_countries,TRUE,0
clean_controls,BGD,Bangladesh,10,1999,0.16079109999999996,0.16079109999999996,FALSE,NA,FALSE,other_countries,TRUE,0
clean_controls,BGD,Bangladesh,10,2000,0.14235149999999996,0.14235149999999996,FALSE,NA,FALSE,other_countries,TRUE,0
clean_controls,BGD,Bangladesh,10,2001,0.0748801,0.0748801,FALSE,NA,FALSE,other_countries,TRUE,0
clean_controls,BGD,Bangladesh,10,2002,0.4154141,0.4154141,FALSE,NA,FALSE,other_countries,TRUE,0
clean_controls,BGD,Bangladesh,10,2003,0.0034189000000000025,0.0034189000000000025,FALSE,NA,FALSE,other_countries,TRUE,0
clean_controls,BGD,Bangladesh,10,2004,0.30993500000000007,0.30993500000000007,FALSE,NA,FALSE,other_countries,TRUE,0
clean_controls,BGD,Bangladesh,10,2005,0.25836329999999996,0.25836329999999996,FALSE,NA,FALSE,other_countries,TRUE,0
clean_controls,BGD,Bangladesh,10,2006,0.10406320000000002,0.10406320000000002,FALSE,NA,FALSE,other_countries,TRUE,0
clean_controls,BGD,Bangladesh,10,2007,0.34759019999999996,0.34759019999999996,FALSE,NA,FALSE,other_countries,TRUE,0
clean_controls,BGD,Bangladesh,10,2008,0.1700564,0.1700564,FALSE,NA,FALSE,other_countries,TRUE,0
clean_controls,BGD,Bangladesh,10,2009,0.2093895,0.2093895,FALSE,NA,FALSE,other_countries,TRUE,0
clean_controls,BGD,Bangladesh,10,2010,0.15222729999999995,0.15222729999999995,FALSE,NA,FALSE,other_countries,TRUE,0
clean_controls,BGD,Bangladesh,10,2011,0.28082299999999993,0.28082299999999993,FALSE,NA,FALSE,other_countries,TRUE,0
clean_controls,BGD,Bangladesh,10,2012,0.003837500000000049,0.003837500000000049,FALSE,NA,FALSE,other_countries,TRUE,0
clean_controls,BGD,Bangladesh,10,2013,0.4971601,0.4971601,FALSE,NA,FALSE,other_countries,TRUE,0
clean_controls,BGD,Bangladesh,10,2014,0.2238196,0.2238196,FALSE,NA,FALSE,other_countries,TRUE,0
clean_controls,BGD,Bangladesh,10,2015,0.7309467,0.7309467,FALSE,NA,FALSE,other_countries,TRUE,0
clean_controls,BGD,Bangladesh,10,2016,0.46945269999999995,0.46945269999999995,FALSE,NA,FALSE,other_countries,TRUE,0
clean_controls,BGD,Bangladesh,10,2017,0.354408,0.354408,FALSE,NA,FALSE,other_countries,TRUE,0
clean_controls,BGD,Bangladesh,10,2018,0.059386599999999956,0.059386599999999956,FALSE,NA,FALSE,other_countries,TRUE,0
clean_controls,BGD,Bangladesh,10,2019,0.2063722,0.2063722,FALSE,NA,FALSE,other_countries,TRUE,0
clean_controls,BGD,Bangladesh,10,2020,0.08371689999999998,0.08371689999999998,FALSE,NA,FALSE,other_countries,TRUE,0
clean_controls,BGD,Bangladesh,10,2021,0.43927900000000003,0.43927900000000003,FALSE,NA,FALSE,other_countries,TRUE,0
clean_controls,BGD,Bangladesh,10,2022,0.4459292,0.4459292,FALSE,NA,FALSE,other_countries,TRUE,0
clean_controls,BGR,Bulgaria,11,1997,2.653172,2.653172,FALSE,NA,FALSE,other_countries,TRUE,0
clean_controls,BGR,Bulgaria,11,1998,1.6374191,1.6374191,FALSE,NA,FALSE,other_countries,TRUE,0
clean_controls,BGR,Bulgaria,11,1999,1.8222793999999998,1.8222793999999998,FALSE,NA,FALSE,other_countries,TRUE,0
clean_controls,BGR,Bulgaria,11,2000,1.7789646000000001,1.7789646000000001,FALSE,NA,FALSE,other_countries,TRUE,0
clean_controls,BGR,Bulgaria,11,2001,1.7077543,1.7077543,FALSE,NA,FALSE,other_countries,TRUE,0
clean_controls,BGR,Bulgaria,11,2002,1.7183126,1.7183126,FALSE,NA,FALSE,other_countries,TRUE,0
clean_controls,BGR,Bulgaria,11,2003,2.1546552,2.1546552,FALSE,NA,FALSE,other_countries,TRUE,0
clean_controls,BGR,Bulgaria,11,2004,1.845895,1.845895,FALSE,NA,FALSE,other_countries,TRUE,0
clean_controls,BGR,Bulgaria,11,2005,1.6341116,1.6341116,FALSE,NA,FALSE,other_countries,TRUE,0
clean_controls,BGR,Bulgaria,11,2006,1.8532451,1.8532451,FALSE,NA,FALSE,other_countries,TRUE,0
clean_controls,BGR,Bulgaria,11,2007,1.5712290000000002,1.5712290000000002,FALSE,NA,FALSE,other_countries,TRUE,0
clean_controls,BGR,Bulgaria,11,2008,1.6325346,1.6325346,FALSE,NA,FALSE,other_countries,TRUE,0
clean_controls,BGR,Bulgaria,11,2009,1.5811538,1.5811538,FALSE,NA,FALSE,other_countries,TRUE,0
clean_controls,BGR,Bulgaria,11,2010,1.9065786999999998,1.9065786999999998,FALSE,NA,FALSE,other_countries,TRUE,0
clean_controls,BGR,Bulgaria,11,2011,1.7856610000000002,1.7856610000000002,FALSE,NA,FALSE,other_countries,TRUE,0
clean_controls,BGR,Bulgaria,11,2012,1.7901828,1.7901828,FALSE,NA,FALSE,other_countries,TRUE,0
clean_controls,BGR,Bulgaria,11,2013,1.4597289999999998,1.4597289999999998,FALSE,NA,FALSE,other_countries,TRUE,0
clean_controls,BGR,Bulgaria,11,2014,1.8376689000000002,1.8376689000000002,FALSE,NA,FALSE,other_countries,TRUE,0
clean_controls,BGR,Bulgaria,11,2015,1.2176799999999999,1.2176799999999999,FALSE,NA,FALSE,other_countries,TRUE,0
clean_controls,BGR,Bulgaria,11,2016,1.5200709000000001,1.5200709000000001,FALSE,NA,FALSE,other_countries,TRUE,0
clean_controls,BGR,Bulgaria,11,2017,1.3836552,1.3836552,FALSE,NA,FALSE,other_countries,TRUE,0
clean_controls,BGR,Bulgaria,11,2018,1.5012379999999999,1.5012379999999999,FALSE,NA,FALSE,other_countries,TRUE,0
clean_controls,BGR,Bulgaria,11,2019,1.4903984,1.4903984,FALSE,NA,FALSE,other_countries,TRUE,0
clean_controls,BGR,Bulgaria,11,2020,1.7556243999999999,1.7556243999999999,FALSE,NA,FALSE,other_countries,TRUE,0
clean_controls,BGR,Bulgaria,11,2021,1.3885861,1.3885861,FALSE,NA,FALSE,other_countries,TRUE,0
clean_controls,BGR,Bulgaria,11,2022,2.3384400000000003,2.3384400000000003,FALSE,NA,FALSE,other_countries,TRUE,0
clean_controls,BHR,Bahrain,12,1997,0.5294133000000001,0.5294133000000001,FALSE,NA,FALSE,other_countries,TRUE,0
clean_controls,BHR,Bahrain,12,1998,0.43551979999999996,0.43551979999999996,FALSE,NA,FALSE,other_countries,TRUE,0
clean_controls,BHR,Bahrain,12,1999,0.0010133999999999421,0.0010133999999999421,FALSE,NA,FALSE,other_countries,TRUE,0
clean_controls,BHR,Bahrain,12,2000,0.18888079999999996,0.18888079999999996,FALSE,NA,FALSE,other_countries,TRUE,0
clean_controls,BHR,Bahrain,12,2001,0.2894597,0.2894597,FALSE,NA,FALSE,other_countries,TRUE,0
clean_controls,BHR,Bahrain,12,2002,0.6150874,0.6150874,FALSE,NA,FALSE,other_countries,TRUE,0
clean_controls,BHR,Bahrain,12,2003,0.32588280000000003,0.32588280000000003,FALSE,NA,FALSE,other_countries,TRUE,0
clean_controls,BHR,Bahrain,12,2004,0.35540700000000003,0.35540700000000003,FALSE,NA,FALSE,other_countries,TRUE,0
clean_controls,BHR,Bahrain,12,2005,0.3505795999999999,0.3505795999999999,FALSE,NA,FALSE,other_countries,TRUE,0
clean_controls,BHR,Bahrain,12,2006,3.1919999999996396e-4,3.1919999999996396e-4,FALSE,NA,FALSE,other_countries,TRUE,0
clean_controls,BHR,Bahrain,12,2007,0.22282639999999998,0.22282639999999998,FALSE,NA,FALSE,other_countries,TRUE,0
clean_controls,BHR,Bahrain,12,2008,0.3958649000000001,0.3958649000000001,FALSE,NA,FALSE,other_countries,TRUE,0
clean_controls,BHR,Bahrain,12,2009,0.332511,0.332511,FALSE,NA,FALSE,other_countries,TRUE,0
clean_controls,BHR,Bahrain,12,2010,0.08796689999999996,0.08796689999999996,FALSE,NA,FALSE,other_countries,TRUE,0
clean_controls,BHR,Bahrain,12,2011,0.029785799999999973,0.029785799999999973,FALSE,NA,FALSE,other_countries,TRUE,0
clean_controls,BHR,Bahrain,12,2012,0.1264541,0.1264541,FALSE,NA,FALSE,other_countries,TRUE,0
clean_controls,BHR,Bahrain,12,2013,0.19973800000000008,0.19973800000000008,FALSE,NA,FALSE,other_countries,TRUE,0
clean_controls,BHR,Bahrain,12,2014,0.009606899999999974,0.009606899999999974,FALSE,NA,FALSE,other_countries,TRUE,0
clean_controls,BHR,Bahrain,12,2015,0.5650841,0.5650841,FALSE,NA,FALSE,other_countries,TRUE,0
clean_controls,BHR,Bahrain,12,2016,0.28349080000000004,0.28349080000000004,FALSE,NA,FALSE,other_countries,TRUE,0
clean_controls,BHR,Bahrain,12,2017,0.2704459000000001,0.2704459000000001,FALSE,NA,FALSE,other_countries,TRUE,0
clean_controls,BHR,Bahrain,12,2018,0.08153679999999996,0.08153679999999996,FALSE,NA,FALSE,other_countries,TRUE,0
clean_controls,BHR,Bahrain,12,2019,0.18159159999999996,0.18159159999999996,FALSE,NA,FALSE,other_countries,TRUE,0
clean_controls,BHR,Bahrain,12,2020,0.0646635000000001,0.0646635000000001,FALSE,NA,FALSE,other_countries,TRUE,0
clean_controls,BHR,Bahrain,12,2021,0.2169898,0.2169898,FALSE,NA,FALSE,other_countries,TRUE,0
clean_controls,BHR,Bahrain,12,2022,0.32645789999999997,0.32645789999999997,FALSE,NA,FALSE,other_countries,TRUE,0
clean_controls,BHS,Bahamas,13,1997,1.0677876,1.0677876,FALSE,NA,FALSE,other_countries,TRUE,0
clean_controls,BHS,Bahamas,13,1998,0.2284166,0.2284166,FALSE,NA,FALSE,other_countries,TRUE,0
clean_controls,BHS,Bahamas,13,1999,0.4695922,0.4695922,FALSE,NA,FALSE,other_countries,TRUE,0
clean_controls,BHS,Bahamas,13,2000,0.3913653,0.3913653,FALSE,NA,FALSE,other_countries,TRUE,0
clean_controls,BHS,Bahamas,13,2001,0.36976450000000005,0.36976450000000005,FALSE,NA,FALSE,other_countries,TRUE,0
clean_controls,BHS,Bahamas,13,2002,0.18967159999999994,0.18967159999999994,FALSE,NA,FALSE,other_countries,TRUE,0
clean_controls,BHS,Bahamas,13,2003,0.6594187,0.6594187,FALSE,NA,FALSE,other_countries,TRUE,0
clean_controls,BHS,Bahamas,13,2004,0.38296320000000006,0.38296320000000006,FALSE,NA,FALSE,other_countries,TRUE,0
clean_controls,BHS,Bahamas,13,2005,0.20679140000000007,0.20679140000000007,FALSE,NA,FALSE,other_countries,TRUE,0
clean_controls,BHS,Bahamas,13,2006,0.6893521,0.6893521,FALSE,NA,FALSE,other_countries,TRUE,0
clean_controls,BHS,Bahamas,13,2007,0.4548017000000001,0.4548017000000001,FALSE,NA,FALSE,other_countries,TRUE,0
clean_controls,BHS,Bahamas,13,2008,0.3980764,0.3980764,FALSE,NA,FALSE,other_countries,TRUE,0
clean_controls,BHS,Bahamas,13,2009,0.19807210000000003,0.19807210000000003,FALSE,NA,FALSE,other_countries,TRUE,0
clean_controls,BHS,Bahamas,13,2010,0.5295787000000001,0.5295787000000001,FALSE,NA,FALSE,other_countries,TRUE,0
clean_controls,BHS,Bahamas,13,2011,0.45667959999999996,0.45667959999999996,FALSE,NA,FALSE,other_countries,TRUE,0
clean_controls,BHS,Bahamas,13,2012,0.5151055,0.5151055,FALSE,NA,FALSE,other_countries,TRUE,0
clean_controls,BHS,Bahamas,13,2013,0.20313569999999997,0.20313569999999997,FALSE,NA,FALSE,other_countries,TRUE,0
clean_controls,BHS,Bahamas,13,2014,0.5102189,0.5102189,FALSE,NA,FALSE,other_countries,TRUE,0
clean_controls,BHS,Bahamas,13,2015,0.20524610000000001,0.20524610000000001,FALSE,NA,FALSE,other_countries,TRUE,0
clean_controls,BHS,Bahamas,13,2016,0.011386400000000019,0.011386400000000019,FALSE,NA,FALSE,other_countries,TRUE,0
clean_controls,BHS,Bahamas,13,2017,0.15809010000000007,0.15809010000000007,FALSE,NA,FALSE,other_countries,TRUE,0
clean_controls,BHS,Bahamas,13,2018,0.22418749999999998,0.22418749999999998,FALSE,NA,FALSE,other_countries,TRUE,0
clean_controls,BHS,Bahamas,13,2019,0.06219560000000002,0.06219560000000002,FALSE,NA,FALSE,other_countries,TRUE,0
clean_controls,BHS,Bahamas,13,2020,0.3527831,0.3527831,FALSE,NA,FALSE,other_countries,TRUE,0
clean_controls,BHS,Bahamas,13,2021,0.09421810000000003,0.09421810000000003,FALSE,NA,FALSE,other_countries,TRUE,0
clean_controls,BHS,Bahamas,13,2022,0.8939516000000001,0.8939516000000001,FALSE,NA,FALSE,other_countries,TRUE,0
clean_controls,BLR,Belarus,14,1997,1.5960636,1.5960636,FALSE,NA,FALSE,other_countries,TRUE,0
clean_controls,BLR,Belarus,14,1998,0.5236376,0.5236376,FALSE,NA,FALSE,other_countries,TRUE,0
clean_controls,BLR,Belarus,14,1999,0.62448512,0.62448512,FALSE,NA,FALSE,other_countries,TRUE,0
clean_controls,BLR,Belarus,14,2000,0.13641930000000002,0.13641930000000002,FALSE,NA,FALSE,other_countries,TRUE,0
clean_controls,BLR,Belarus,14,2001,0.47173703,0.47173703,FALSE,NA,FALSE,other_countries,TRUE,0
clean_controls,BLR,Belarus,14,2002,0.41896568999999995,0.41896568999999995,FALSE,NA,FALSE,other_countries,TRUE,0
clean_controls,BLR,Belarus,14,2003,0.8602926200000001,0.8602926200000001,FALSE,NA,FALSE,other_countries,TRUE,0
clean_controls,BLR,Belarus,14,2004,0.5595535,0.5595535,FALSE,NA,FALSE,other_countries,TRUE,0
clean_controls,BLR,Belarus,14,2005,0.5096263000000001,0.5096263000000001,FALSE,NA,FALSE,other_countries,TRUE,0
clean_controls,BLR,Belarus,14,2006,0.39452960000000004,0.39452960000000004,FALSE,NA,FALSE,other_countries,TRUE,0
clean_controls,BLR,Belarus,14,2007,0.08153430000000006,0.08153430000000006,FALSE,NA,FALSE,other_countries,TRUE,0
clean_controls,BLR,Belarus,14,2008,0.05987500000000001,0.05987500000000001,FALSE,NA,FALSE,other_countries,TRUE,0
clean_controls,BLR,Belarus,14,2009,0.202241,0.202241,FALSE,NA,FALSE,other_countries,TRUE,0
clean_controls,BLR,Belarus,14,2010,0.5407487,0.5407487,FALSE,NA,FALSE,other_countries,TRUE,0
clean_controls,BLR,Belarus,14,2011,0.18594650000000001,0.18594650000000001,FALSE,NA,FALSE,other_countries,TRUE,0
clean_controls,BLR,Belarus,14,2012,0.5168887,0.5168887,FALSE,NA,FALSE,other_countries,TRUE,0
clean_controls,BLR,Belarus,14,2013,0.17705579999999999,0.17705579999999999,FALSE,NA,FALSE,other_countries,TRUE,0
clean_controls,BLR,Belarus,14,2014,0.5158212,0.5158212,FALSE,NA,FALSE,other_countries,TRUE,0
clean_controls,BLR,Belarus,14,2015,0.05706899999999998,0.05706899999999998,FALSE,NA,FALSE,other_countries,TRUE,0
clean_controls,BLR,Belarus,14,2016,0.132716,0.132716,FALSE,NA,FALSE,other_countries,TRUE,0
clean_controls,BLR,Belarus,14,2017,0.12033559999999999,0.12033559999999999,FALSE,NA,FALSE,other_countries,TRUE,0
clean_controls,BLR,Belarus,14,2018,0.2439674,0.2439674,FALSE,NA,FALSE,other_countries,TRUE,0
clean_controls,BLR,Belarus,14,2019,0.1603907,0.1603907,FALSE,NA,FALSE,other_countries,TRUE,0
clean_controls,BLR,Belarus,14,2020,0.31917370000000006,0.31917370000000006,FALSE,NA,FALSE,other_countries,TRUE,0
clean_controls,BLR,Belarus,14,2021,0.016605000000000036,0.016605000000000036,FALSE,NA,FALSE,other_countries,TRUE,0
clean_controls,BLR,Belarus,14,2022,0.27786049999999995,0.27786049999999995,FALSE,NA,FALSE,other_countries,TRUE,0
clean_controls,BLZ,Belize,15,1997,0.9790276,0.9790276,FALSE,NA,FALSE,other_countries,TRUE,0
clean_controls,BLZ,Belize,15,1998,0.07593889999999998,0.07593889999999998,FALSE,NA,FALSE,other_countries,TRUE,0
clean_controls,BLZ,Belize,15,1999,0.2585907,0.2585907,FALSE,NA,FALSE,other_countries,TRUE,0
clean_controls,BLZ,Belize,15,2000,0.37154390000000004,0.37154390000000004,FALSE,NA,FALSE,other_countries,TRUE,0
clean_controls,BLZ,Belize,15,2001,0.2806772,0.2806772,FALSE,NA,FALSE,other_countries,TRUE,0
clean_controls,BLZ,Belize,15,2002,0.10953179999999996,0.10953179999999996,FALSE,NA,FALSE,other_countries,TRUE,0
clean_controls,BLZ,Belize,15,2003,0.3875927,0.3875927,FALSE,NA,FALSE,other_countries,TRUE,0
clean_controls,BLZ,Belize,15,2004,0.35268200000000005,0.35268200000000005,FALSE,NA,FALSE,other_countries,TRUE,0
clean_controls,BLZ,Belize,15,2005,0.24819480000000005,0.24819480000000005,FALSE,NA,FALSE,other_countries,TRUE,0
clean_controls,BLZ,Belize,15,2006,0.49915740000000003,0.49915740000000003,FALSE,NA,FALSE,other_countries,TRUE,0
clean_controls,BLZ,Belize,15,2007,0.30860940000000003,0.30860940000000003,FALSE,NA,FALSE,other_countries,TRUE,0
clean_controls,BLZ,Belize,15,2008,0.339027,0.339027,FALSE,NA,FALSE,other_countries,TRUE,0
clean_controls,BLZ,Belize,15,2009,0.24901,0.24901,FALSE,NA,FALSE,other_countries,TRUE,0
clean_controls,BLZ,Belize,15,2010,0.27882170000000006,0.27882170000000006,FALSE,NA,FALSE,other_countries,TRUE,0
clean_controls,BLZ,Belize,15,2011,0.4249457,0.4249457,FALSE,NA,FALSE,other_countries,TRUE,0
clean_controls,BLZ,Belize,15,2012,0.3742387,0.3742387,FALSE,NA,FALSE,other_countries,TRUE,0
clean_controls,BLZ,Belize,15,2013,0.02815539999999994,0.02815539999999994,FALSE,NA,FALSE,other_countries,TRUE,0
clean_controls,BLZ,Belize,15,2014,0.4320374,0.4320374,FALSE,NA,FALSE,other_countries,TRUE,0
clean_controls,BLZ,Belize,15,2015,0.27216739999999995,0.27216739999999995,FALSE,NA,FALSE,other_countries,TRUE,0
clean_controls,BLZ,Belize,15,2016,0.06650300000000003,0.06650300000000003,FALSE,NA,FALSE,other_countries,TRUE,0
clean_controls,BLZ,Belize,15,2017,0.10423360000000004,0.10423360000000004,FALSE,NA,FALSE,other_countries,TRUE,0
clean_controls,BLZ,Belize,15,2018,0.1742687,0.1742687,FALSE,NA,FALSE,other_countries,TRUE,0
clean_controls,BLZ,Belize,15,2019,0.1492963,0.1492963,FALSE,NA,FALSE,other_countries,TRUE,0
clean_controls,BLZ,Belize,15,2020,0.25050800000000006,0.25050800000000006,FALSE,NA,FALSE,other_countries,TRUE,0
clean_controls,BLZ,Belize,15,2021,0.11484360000000005,0.11484360000000005,FALSE,NA,FALSE,other_countries,TRUE,0
clean_controls,BLZ,Belize,15,2022,0.6942088,0.6942088,FALSE,NA,FALSE,other_countries,TRUE,0
clean_controls,BOL,Bolivia,16,1997,1.1775979730000001,1.1775979730000001,FALSE,NA,FALSE,other_countries,TRUE,0
clean_controls,BOL,Bolivia,16,1998,0.1790694,0.1790694,FALSE,NA,FALSE,other_countries,TRUE,0
clean_controls,BOL,Bolivia,16,1999,0.5030303,0.5030303,FALSE,NA,FALSE,other_countries,TRUE,0
clean_controls,BOL,Bolivia,16,2000,0.5944769000000001,0.5944769000000001,FALSE,NA,FALSE,other_countries,TRUE,0
clean_controls,BOL,Bolivia,16,2001,0.415374,0.415374,FALSE,NA,FALSE,other_countries,TRUE,0
clean_controls,BOL,Bolivia,16,2002,0.35605599999999993,0.35605599999999993,FALSE,NA,FALSE,other_countries,TRUE,0
clean_controls,BOL,Bolivia,16,2003,0.7534978999999999,0.7534978999999999,FALSE,NA,FALSE,other_countries,TRUE,0
clean_controls,BOL,Bolivia,16,2004,0.671457,0.671457,FALSE,NA,FALSE,other_countries,TRUE,0
clean_controls,BOL,Bolivia,16,2005,0.5707405,0.5707405,FALSE,NA,FALSE,other_countries,TRUE,0
clean_controls,BOL,Bolivia,16,2006,0.5871915000000001,0.5871915000000001,FALSE,NA,FALSE,other_countries,TRUE,0
clean_controls,BOL,Bolivia,16,2007,0.17019210000000007,0.17019210000000007,FALSE,NA,FALSE,other_countries,TRUE,0
clean_controls,BOL,Bolivia,16,2008,0.16376459999999998,0.16376459999999998,FALSE,NA,FALSE,other_countries,TRUE,0
clean_controls,BOL,Bolivia,16,2009,0.20674559999999997,0.20674559999999997,FALSE,NA,FALSE,other_countries,TRUE,0
clean_controls,BOL,Bolivia,16,2010,0.0510699,0.0510699,FALSE,NA,FALSE,other_countries,TRUE,0
clean_controls,BOL,Bolivia,16,2011,0.625471,0.625471,FALSE,NA,FALSE,other_countries,TRUE,0
clean_controls,BOL,Bolivia,16,2012,0.7838743,0.7838743,FALSE,NA,FALSE,other_countries,TRUE,0
clean_controls,BOL,Bolivia,16,2013,1.2488552,1.2488552,FALSE,NA,FALSE,other_countries,TRUE,0
clean_controls,BOL,Bolivia,16,2014,0.2431545999999999,0.2431545999999999,FALSE,NA,FALSE,other_countries,TRUE,0
clean_controls,BOL,Bolivia,16,2015,1.2255028000000001,1.2255028000000001,FALSE,NA,FALSE,other_countries,TRUE,0
clean_controls,BOL,Bolivia,16,2016,1.1492901,1.1492901,FALSE,NA,FALSE,other_countries,TRUE,0
clean_controls,BOL,Bolivia,16,2017,1.3932988,1.3932988,FALSE,NA,FALSE,other_countries,TRUE,0
clean_controls,BOL,Bolivia,16,2018,0.7447744000000001,0.7447744000000001,FALSE,NA,FALSE,other_countries,TRUE,0
clean_controls,BOL,Bolivia,16,2019,0.45981379999999994,0.45981379999999994,FALSE,NA,FALSE,other_countries,TRUE,0
clean_controls,BOL,Bolivia,16,2020,0.2766316,0.2766316,FALSE,NA,FALSE,other_countries,TRUE,0
clean_controls,BOL,Bolivia,16,2021,0.9702369000000002,0.9702369000000002,FALSE,NA,FALSE,other_countries,TRUE,0
clean_controls,BOL,Bolivia,16,2022,4.170000000001117e-4,4.170000000001117e-4,FALSE,NA,FALSE,other_countries,TRUE,0
clean_controls,BRB,Barbados,17,1997,0.9625085,0.9625085,FALSE,NA,FALSE,other_countries,TRUE,0
clean_controls,BRB,Barbados,17,1998,0.2448743,0.2448743,FALSE,NA,FALSE,other_countries,TRUE,0
clean_controls,BRB,Barbados,17,1999,0.4130751,0.4130751,FALSE,NA,FALSE,other_countries,TRUE,0
clean_controls,BRB,Barbados,17,2000,0.37838430000000006,0.37838430000000006,FALSE,NA,FALSE,other_countries,TRUE,0
clean_controls,BRB,Barbados,17,2001,0.14978780000000003,0.14978780000000003,FALSE,NA,FALSE,other_countries,TRUE,0
clean_controls,BRB,Barbados,17,2002,0.20612969999999997,0.20612969999999997,FALSE,NA,FALSE,other_countries,TRUE,0
clean_controls,BRB,Barbados,17,2003,0.46067600000000003,0.46067600000000003,FALSE,NA,FALSE,other_countries,TRUE,0
clean_controls,BRB,Barbados,17,2004,0.34907980000000005,0.34907980000000005,FALSE,NA,FALSE,other_countries,TRUE,0
clean_controls,BRB,Barbados,17,2005,0.09128610000000004,0.09128610000000004,FALSE,NA,FALSE,other_countries,TRUE,0
clean_controls,BRB,Barbados,17,2006,0.29594980000000004,0.29594980000000004,FALSE,NA,FALSE,other_countries,TRUE,0
clean_controls,BRB,Barbados,17,2007,0.016625,0.016625,FALSE,NA,FALSE,other_countries,TRUE,0
clean_controls,BRB,Barbados,17,2008,0.048588500000000034,0.048588500000000034,FALSE,NA,FALSE,other_countries,TRUE,0
clean_controls,BRB,Barbados,17,2009,0.015172300000000027,0.015172300000000027,FALSE,NA,FALSE,other_countries,TRUE,0
clean_controls,BRB,Barbados,17,2010,0.27388180000000006,0.27388180000000006,FALSE,NA,FALSE,other_countries,TRUE,0
clean_controls,BRB,Barbados,17,2011,0.38699089999999997,0.38699089999999997,FALSE,NA,FALSE,other_countries,TRUE,0
clean_controls,BRB,Barbados,17,2012,0.4405341,0.4405341,FALSE,NA,FALSE,other_countries,TRUE,0
clean_controls,BRB,Barbados,17,2013,0.041151599999999955,0.041151599999999955,FALSE,NA,FALSE,other_countries,TRUE,0
clean_controls,BRB,Barbados,17,2014,0.3810437,0.3810437,FALSE,NA,FALSE,other_countries,TRUE,0
clean_controls,BRB,Barbados,17,2015,0.2185524,0.2185524,FALSE,NA,FALSE,other_countries,TRUE,0
clean_controls,BRB,Barbados,17,2016,0.1005163,0.1005163,FALSE,NA,FALSE,other_countries,TRUE,0
clean_controls,BRB,Barbados,17,2017,0.061326800000000015,0.061326800000000015,FALSE,NA,FALSE,other_countries,TRUE,0
clean_controls,BRB,Barbados,17,2018,0.20871699999999999,0.20871699999999999,FALSE,NA,FALSE,other_countries,TRUE,0
clean_controls,BRB,Barbados,17,2019,0.09625420000000001,0.09625420000000001,FALSE,NA,FALSE,other_countries,TRUE,0
clean_controls,BRB,Barbados,17,2020,0.3471198000000001,0.3471198000000001,FALSE,NA,FALSE,other_countries,TRUE,0
clean_controls,BRB,Barbados,17,2021,0.028315900000000005,0.028315900000000005,FALSE,NA,FALSE,other_countries,TRUE,0
clean_controls,BRB,Barbados,17,2022,0.8751886,0.8751886,FALSE,NA,FALSE,other_countries,TRUE,0
clean_controls,BRN,Brunei,18,1997,0.491283,0.491283,FALSE,NA,FALSE,other_countries,TRUE,0
clean_controls,BRN,Brunei,18,1998,0.4348019,0.4348019,FALSE,NA,FALSE,other_countries,TRUE,0
clean_controls,BRN,Brunei,18,1999,0.1978723,0.1978723,FALSE,NA,FALSE,other_countries,TRUE,0
clean_controls,BRN,Brunei,18,2000,0.11175999999999997,0.11175999999999997,FALSE,NA,FALSE,other_countries,TRUE,0
clean_controls,BRN,Brunei,18,2001,0.3998796,0.3998796,FALSE,NA,FALSE,other_countries,TRUE,0
clean_controls,BRN,Brunei,18,2002,0.2561744,0.2561744,FALSE,NA,FALSE,other_countries,TRUE,0
clean_controls,BRN,Brunei,18,2003,0.26471179999999994,0.26471179999999994,FALSE,NA,FALSE,other_countries,TRUE,0
clean_controls,BRN,Brunei,18,2004,0.05218010000000006,0.05218010000000006,FALSE,NA,FALSE,other_countries,TRUE,0
clean_controls,BRN,Brunei,18,2005,0.23114409999999996,0.23114409999999996,FALSE,NA,FALSE,other_countries,TRUE,0
clean_controls,BRN,Brunei,18,2006,0.0790807,0.0790807,FALSE,NA,FALSE,other_countries,TRUE,0
clean_controls,BRN,Brunei,18,2007,0.03219700000000003,0.03219700000000003,FALSE,NA,FALSE,other_countries,TRUE,0
clean_controls,BRN,Brunei,18,2008,0.05613579999999996,0.05613579999999996,FALSE,NA,FALSE,other_countries,TRUE,0
clean_controls,BRN,Brunei,18,2009,0.2874407,0.2874407,FALSE,NA,FALSE,other_countries,TRUE,0
clean_controls,BRN,Brunei,18,2010,0.17695629999999996,0.17695629999999996,FALSE,NA,FALSE,other_countries,TRUE,0
clean_controls,BRN,Brunei,18,2011,0.1961832,0.1961832,FALSE,NA,FALSE,other_countries,TRUE,0
clean_controls,BRN,Brunei,18,2012,0.017513200000000007,0.017513200000000007,FALSE,NA,FALSE,other_countries,TRUE,0
clean_controls,BRN,Brunei,18,2013,0.5080042,0.5080042,FALSE,NA,FALSE,other_countries,TRUE,0
clean_controls,BRN,Brunei,18,2014,0.20719260000000006,0.20719260000000006,FALSE,NA,FALSE,other_countries,TRUE,0
clean_controls,BRN,Brunei,18,2015,0.7933857999999999,0.7933857999999999,FALSE,NA,FALSE,other_countries,TRUE,0
clean_controls,BRN,Brunei,18,2016,0.4404892,0.4404892,FALSE,NA,FALSE,other_countries,TRUE,0
clean_controls,BRN,Brunei,18,2017,0.5670426,0.5670426,FALSE,NA,FALSE,other_countries,TRUE,0
clean_controls,BRN,Brunei,18,2018,0.41095400000000004,0.41095400000000004,FALSE,NA,FALSE,other_countries,TRUE,0
clean_controls,BRN,Brunei,18,2019,0.41590360000000004,0.41590360000000004,FALSE,NA,FALSE,other_countries,TRUE,0
clean_controls,BRN,Brunei,18,2020,0.25351029999999997,0.25351029999999997,FALSE,NA,FALSE,other_countries,TRUE,0
clean_controls,BRN,Brunei,18,2021,0.5320528,0.5320528,FALSE,NA,FALSE,other_countries,TRUE,0
clean_controls,BRN,Brunei,18,2022,0.3721616,0.3721616,FALSE,NA,FALSE,other_countries,TRUE,0
clean_controls,BTN,Bhutan,19,1997,0.5060648000000001,0.5060648000000001,FALSE,NA,FALSE,other_countries,TRUE,0
clean_controls,BTN,Bhutan,19,1998,0.2745315,0.2745315,FALSE,NA,FALSE,other_countries,TRUE,0
clean_controls,BTN,Bhutan,19,1999,0.06623129999999999,0.06623129999999999,FALSE,NA,FALSE,other_countries,TRUE,0
clean_controls,BTN,Bhutan,19,2000,0.1846279999999999,0.1846279999999999,FALSE,NA,FALSE,other_countries,TRUE,0
clean_controls,BTN,Bhutan,19,2001,0.06963279999999994,0.06963279999999994,FALSE,NA,FALSE,other_countries,TRUE,0
clean_controls,BTN,Bhutan,19,2002,0.035854300000000006,0.035854300000000006,FALSE,NA,FALSE,other_countries,TRUE,0
clean_controls,BTN,Bhutan,19,2003,0.7342983000000001,0.7342983000000001,FALSE,NA,FALSE,other_countries,TRUE,0
clean_controls,BTN,Bhutan,19,2004,0.26689110000000005,0.26689110000000005,FALSE,NA,FALSE,other_countries,TRUE,0
clean_controls,BTN,Bhutan,19,2005,0.24856080000000003,0.24856080000000003,FALSE,NA,FALSE,other_countries,TRUE,0
clean_controls,BTN,Bhutan,19,2006,0.33358469999999996,0.33358469999999996,FALSE,NA,FALSE,other_countries,TRUE,0
clean_controls,BTN,Bhutan,19,2007,0.26894330000000005,0.26894330000000005,FALSE,NA,FALSE,other_countries,TRUE,0
clean_controls,BTN,Bhutan,19,2008,0.2136076,0.2136076,FALSE,NA,FALSE,other_countries,TRUE,0
clean_controls,BTN,Bhutan,19,2009,0.09232949999999995,0.09232949999999995,FALSE,NA,FALSE,other_countries,TRUE,0
clean_controls,BTN,Bhutan,19,2010,0.4170092000000001,0.4170092000000001,FALSE,NA,FALSE,other_countries,TRUE,0
clean_controls,BTN,Bhutan,19,2011,0.17668830000000002,0.17668830000000002,FALSE,NA,FALSE,other_countries,TRUE,0
clean_controls,BTN,Bhutan,19,2012,0.3326703,0.3326703,FALSE,NA,FALSE,other_countries,TRUE,0
clean_controls,BTN,Bhutan,19,2013,0.12671880000000002,0.12671880000000002,FALSE,NA,FALSE,other_countries,TRUE,0
clean_controls,BTN,Bhutan,19,2014,0.2605417,0.2605417,FALSE,NA,FALSE,other_countries,TRUE,0
clean_controls,BTN,Bhutan,19,2015,0.1919161,0.1919161,FALSE,NA,FALSE,other_countries,TRUE,0
clean_controls,BTN,Bhutan,19,2016,0.05451859999999997,0.05451859999999997,FALSE,NA,FALSE,other_countries,TRUE,0
clean_controls,BTN,Bhutan,19,2017,0.27921730000000006,0.27921730000000006,FALSE,NA,FALSE,other_countries,TRUE,0
clean_controls,BTN,Bhutan,19,2018,0.0056635000000000435,0.0056635000000000435,FALSE,NA,FALSE,other_countries,TRUE,0
clean_controls,BTN,Bhutan,19,2019,0.18282049999999994,0.18282049999999994,FALSE,NA,FALSE,other_countries,TRUE,0
clean_controls,BTN,Bhutan,19,2020,0.08864100000000003,0.08864100000000003,FALSE,NA,FALSE,other_countries,TRUE,0
clean_controls,BTN,Bhutan,19,2021,0.058904100000000015,0.058904100000000015,FALSE,NA,FALSE,other_countries,TRUE,0
clean_controls,BTN,Bhutan,19,2022,0.7500732999999999,0.7500732999999999,FALSE,NA,FALSE,other_countries,TRUE,0
clean_controls,BWA,Botswana,20,1997,0.6733994000000001,0.6733994000000001,FALSE,NA,FALSE,other_countries,TRUE,0
clean_controls,BWA,Botswana,20,1998,0.12387940000000003,0.12387940000000003,FALSE,NA,FALSE,other_countries,TRUE,0
clean_controls,BWA,Botswana,20,1999,0.11580979999999996,0.11580979999999996,FALSE,NA,FALSE,other_countries,TRUE,0
clean_controls,BWA,Botswana,20,2000,0.1618332,0.1618332,FALSE,NA,FALSE,other_countries,TRUE,0
clean_controls,BWA,Botswana,20,2001,0.09494970000000003,0.09494970000000003,FALSE,NA,FALSE,other_countries,TRUE,0
clean_controls,BWA,Botswana,20,2002,0.02615999999999996,0.02615999999999996,FALSE,NA,FALSE,other_countries,TRUE,0
clean_controls,BWA,Botswana,20,2003,0.4897558,0.4897558,FALSE,NA,FALSE,other_countries,TRUE,0
clean_controls,BWA,Botswana,20,2004,0.3477466,0.3477466,FALSE,NA,FALSE,other_countries,TRUE,0
clean_controls,BWA,Botswana,20,2005,0.23611530000000003,0.23611530000000003,FALSE,NA,FALSE,other_countries,TRUE,0
clean_controls,BWA,Botswana,20,2006,0.4125108,0.4125108,FALSE,NA,FALSE,other_countries,TRUE,0
clean_controls,BWA,Botswana,20,2007,0.18608700000000006,0.18608700000000006,FALSE,NA,FALSE,other_countries,TRUE,0
clean_controls,BWA,Botswana,20,2008,0.4876562,0.4876562,FALSE,NA,FALSE,other_countries,TRUE,0
clean_controls,BWA,Botswana,20,2009,0.3679901,0.3679901,FALSE,NA,FALSE,other_countries,TRUE,0
clean_controls,BWA,Botswana,20,2010,0.47074940000000004,0.47074940000000004,FALSE,NA,FALSE,other_countries,TRUE,0
clean_controls,BWA,Botswana,20,2011,0.44495979999999996,0.44495979999999996,FALSE,NA,FALSE,other_countries,TRUE,0
clean_controls,BWA,Botswana,20,2012,0.40139389999999997,0.40139389999999997,FALSE,NA,FALSE,other_countries,TRUE,0
clean_controls,BWA,Botswana,20,2013,0.08801289999999995,0.08801289999999995,FALSE,NA,FALSE,other_countries,TRUE,0
clean_controls,BWA,Botswana,20,2014,0.3632482,0.3632482,FALSE,NA,FALSE,other_countries,TRUE,0
clean_controls,BWA,Botswana,20,2015,0.25845969999999996,0.25845969999999996,FALSE,NA,FALSE,other_countries,TRUE,0
clean_controls,BWA,Botswana,20,2016,0.027770300000000026,0.027770300000000026,FALSE,NA,FALSE,other_countries,TRUE,0
clean_controls,BWA,Botswana,20,2017,0.04290080000000002,0.04290080000000002,FALSE,NA,FALSE,other_countries,TRUE,0
clean_controls,BWA,Botswana,20,2018,0.18898390000000004,0.18898390000000004,FALSE,NA,FALSE,other_countries,TRUE,0
clean_controls,BWA,Botswana,20,2019,0.01204630000000001,0.01204630000000001,FALSE,NA,FALSE,other_countries,TRUE,0
clean_controls,BWA,Botswana,20,2020,0.30290210000000006,0.30290210000000006,FALSE,NA,FALSE,other_countries,TRUE,0
clean_controls,BWA,Botswana,20,2021,0.03077070000000004,0.03077070000000004,FALSE,NA,FALSE,other_countries,TRUE,0
clean_controls,BWA,Botswana,20,2022,0.8180160000000001,0.8180160000000001,FALSE,NA,FALSE,other_countries,TRUE,0
clean_controls,CAN,Canada,21,1997,2.3998470000000003,2.3998470000000003,FALSE,NA,FALSE,other_countries,TRUE,0
clean_controls,CAN,Canada,21,1998,1.6735621,1.6735621,FALSE,NA,FALSE,other_countries,TRUE,0
clean_controls,CAN,Canada,21,1999,1.8685863999999999,1.8685863999999999,FALSE,NA,FALSE,other_countries,TRUE,0
clean_controls,CAN,Canada,21,2000,1.8736246,1.8736246,FALSE,NA,FALSE,other_countries,TRUE,0
clean_controls,CAN,Canada,21,2001,1.8017322999999998,1.8017322999999998,FALSE,NA,FALSE,other_countries,TRUE,0
clean_controls,CAN,Canada,21,2002,1.7127736,1.7127736,FALSE,NA,FALSE,other_countries,TRUE,0
clean_controls,CAN,Canada,21,2003,2.1179062,2.1179062,FALSE,NA,FALSE,other_countries,TRUE,0
clean_controls,CAN,Canada,21,2004,2.177963,2.177963,FALSE,NA,FALSE,other_countries,TRUE,0
clean_controls,CAN,Canada,21,2005,2.0366214,2.0366214,FALSE,NA,FALSE,other_countries,TRUE,0
clean_controls,CAN,Canada,21,2006,2.2966521,2.2966521,FALSE,NA,FALSE,other_countries,TRUE,0
clean_controls,CAN,Canada,21,2007,2.22354,2.22354,FALSE,NA,FALSE,other_countries,TRUE,0
clean_controls,CAN,Canada,21,2008,2.2891161,2.2891161,FALSE,NA,FALSE,other_countries,TRUE,0
clean_controls,CAN,Canada,21,2009,2.2379733,2.2379733,FALSE,NA,FALSE,other_countries,TRUE,0
clean_controls,CAN,Canada,21,2010,2.4089707000000002,2.4089707000000002,FALSE,NA,FALSE,other_countries,TRUE,0
clean_controls,CAN,Canada,21,2011,2.646794,2.646794,FALSE,NA,FALSE,other_countries,TRUE,0
clean_controls,CAN,Canada,21,2012,2.7979697,2.7979697,FALSE,NA,FALSE,other_countries,TRUE,0
clean_controls,CAN,Canada,21,2013,2.4263988000000003,2.4263988000000003,FALSE,NA,FALSE,other_countries,TRUE,0
clean_controls,CAN,Canada,21,2014,2.7431314,2.7431314,FALSE,NA,FALSE,other_countries,TRUE,0
clean_controls,CAN,Canada,21,2015,2.0116092,2.0116092,FALSE,NA,FALSE,other_countries,TRUE,0
clean_controls,CAN,Canada,21,2016,2.0177639000000003,2.0177639000000003,FALSE,NA,FALSE,other_countries,TRUE,0
clean_controls,CAN,Canada,21,2017,1.8258512,1.8258512,FALSE,NA,FALSE,other_countries,TRUE,0
clean_controls,CAN,Canada,21,2018,1.8852076,1.8852076,FALSE,NA,FALSE,other_countries,TRUE,0
clean_controls,CAN,Canada,21,2019,1.7374134,1.7374134,FALSE,NA,FALSE,other_countries,TRUE,0
clean_controls,CAN,Canada,21,2020,1.9244004000000001,1.9244004000000001,FALSE,NA,FALSE,other_countries,TRUE,0
clean_controls,CAN,Canada,21,2021,1.5891851,1.5891851,FALSE,NA,FALSE,other_countries,TRUE,0
clean_controls,CAN,Canada,21,2022,2.6194420000000003,2.6194420000000003,FALSE,NA,FALSE,other_countries,TRUE,0
clean_controls,CHL,Chile,22,1997,1.178168634,1.178168634,FALSE,2008,TRUE,selected_public_cue,FALSE,0
clean_controls,CHL,Chile,22,1998,0.2842087,0.2842087,FALSE,2008,TRUE,selected_public_cue,FALSE,0
clean_controls,CHL,Chile,22,1999,0.60889295,0.60889295,FALSE,2008,TRUE,selected_public_cue,FALSE,0
clean_controls,CHL,Chile,22,2000,0.71022496,0.71022496,FALSE,2008,TRUE,selected_public_cue,FALSE,0
clean_controls,CHL,Chile,22,2001,0.7222355,0.7222355,FALSE,2008,TRUE,selected_public_cue,FALSE,0
clean_controls,CHL,Chile,22,2002,0.43262186999999996,0.43262186999999996,FALSE,2008,TRUE,selected_public_cue,FALSE,0
clean_controls,CHL,Chile,22,2003,0.91516335,0.91516335,FALSE,2008,TRUE,selected_public_cue,FALSE,0
clean_controls,CHL,Chile,22,2004,0.9442829,0.9442829,FALSE,2008,TRUE,selected_public_cue,FALSE,0
clean_controls,CHL,Chile,22,2005,0.6834531300000001,0.6834531300000001,FALSE,2008,TRUE,selected_public_cue,FALSE,0
clean_controls,CHL,Chile,22,2006,0.841468356,0.841468356,FALSE,2008,TRUE,selected_public_cue,FALSE,0
clean_controls,CHL,Chile,22,2007,0.62655028,0.62655028,TRUE,2008,TRUE,selected_public_cue,FALSE,0
clean_controls,CHL,Chile,22,2008,0.654315685,0.654315685,TRUE,2008,TRUE,selected_public_cue,FALSE,1
clean_controls,CHL,Chile,22,2009,0.53830287,0.53830287,TRUE,2008,TRUE,selected_public_cue,FALSE,1
clean_controls,CHL,Chile,22,2010,0.7074399,0.7074399,TRUE,2008,TRUE,selected_public_cue,FALSE,1
clean_controls,CHL,Chile,22,2011,0.6487881,0.6487881,TRUE,2008,TRUE,selected_public_cue,FALSE,1
clean_controls,CHL,Chile,22,2012,0.5912183,0.5912183,TRUE,2008,TRUE,selected_public_cue,FALSE,1
clean_controls,CHL,Chile,22,2013,0.3105272,0.3105272,TRUE,2008,TRUE,selected_public_cue,FALSE,1
clean_controls,CHL,Chile,22,2014,0.5359572,0.5359572,TRUE,2008,TRUE,selected_public_cue,FALSE,1
clean_controls,CHL,Chile,22,2015,0.09565799999999999,0.09565799999999999,TRUE,2008,TRUE,selected_public_cue,FALSE,1
clean_controls,CHL,Chile,22,2016,0.1979461,0.1979461,TRUE,2008,TRUE,selected_public_cue,FALSE,1
clean_controls,CHL,Chile,22,2017,0.0176848,0.0176848,TRUE,2008,TRUE,selected_public_cue,FALSE,1
clean_controls,CHL,Chile,22,2018,0.3878804,0.3878804,TRUE,2008,TRUE,selected_public_cue,FALSE,1
clean_controls,CHL,Chile,22,2019,0.1387293,0.1387293,TRUE,2008,TRUE,selected_public_cue,FALSE,1
clean_controls,CHL,Chile,22,2020,0.42576890000000006,0.42576890000000006,TRUE,2008,TRUE,selected_public_cue,FALSE,1
clean_controls,CHL,Chile,22,2021,0.12370109999999998,0.12370109999999998,TRUE,2008,TRUE,selected_public_cue,FALSE,1
clean_controls,CHL,Chile,22,2022,1.12083806,1.12083806,TRUE,2008,TRUE,selected_public_cue,FALSE,1
clean_controls,CIV,Côte d’Ivoire,23,1997,0.46953920000000005,0.46953920000000005,FALSE,NA,FALSE,other_countries,TRUE,0
clean_controls,CIV,Côte d’Ivoire,23,1998,0.27649660000000004,0.27649660000000004,FALSE,NA,FALSE,other_countries,TRUE,0
clean_controls,CIV,Côte d’Ivoire,23,1999,0.10008649999999997,0.10008649999999997,FALSE,NA,FALSE,other_countries,TRUE,0
clean_controls,CIV,Côte d’Ivoire,23,2000,0.19319070000000005,0.19319070000000005,FALSE,NA,FALSE,other_countries,TRUE,0
clean_controls,CIV,Côte d’Ivoire,23,2001,0.16931620000000003,0.16931620000000003,FALSE,NA,FALSE,other_countries,TRUE,0
clean_controls,CIV,Côte d’Ivoire,23,2002,0.0740419,0.0740419,FALSE,NA,FALSE,other_countries,TRUE,0
clean_controls,CIV,Côte d’Ivoire,23,2003,0.19124830000000004,0.19124830000000004,FALSE,NA,FALSE,other_countries,TRUE,0
clean_controls,CIV,Côte d’Ivoire,23,2004,0.5883864000000001,0.5883864000000001,FALSE,NA,FALSE,other_countries,TRUE,0
clean_controls,CIV,Côte d’Ivoire,23,2005,0.36898250000000005,0.36898250000000005,FALSE,NA,FALSE,other_countries,TRUE,0
clean_controls,CIV,Côte d’Ivoire,23,2006,0.6551412,0.6551412,FALSE,NA,FALSE,other_countries,TRUE,0
clean_controls,CIV,Côte d’Ivoire,23,2007,0.60585968,0.60585968,FALSE,NA,FALSE,other_countries,TRUE,0
clean_controls,CIV,Côte d’Ivoire,23,2008,0.4930683,0.4930683,FALSE,NA,FALSE,other_countries,TRUE,0
clean_controls,CIV,Côte d’Ivoire,23,2009,0.53142952,0.53142952,FALSE,NA,FALSE,other_countries,TRUE,0
clean_controls,CIV,Côte d’Ivoire,23,2010,0.9601257000000001,0.9601257000000001,FALSE,NA,FALSE,other_countries,TRUE,0
clean_controls,CIV,Côte d’Ivoire,23,2011,0.6510129,0.6510129,FALSE,NA,FALSE,other_countries,TRUE,0
clean_controls,CIV,Côte d’Ivoire,23,2012,0.4417791,0.4417791,FALSE,NA,FALSE,other_countries,TRUE,0
clean_controls,CIV,Côte d’Ivoire,23,2013,0.22270419999999996,0.22270419999999996,FALSE,NA,FALSE,other_countries,TRUE,0
clean_controls,CIV,Côte d’Ivoire,23,2014,0.77737433,0.77737433,FALSE,NA,FALSE,other_countries,TRUE,0
clean_controls,CIV,Côte d’Ivoire,23,2015,0.08036459999999998,0.08036459999999998,FALSE,NA,FALSE,other_countries,TRUE,0
clean_controls,CIV,Côte d’Ivoire,23,2016,0.2659994,0.2659994,FALSE,NA,FALSE,other_countries,TRUE,0
clean_controls,CIV,Côte d’Ivoire,23,2017,0.05124610000000002,0.05124610000000002,FALSE,NA,FALSE,other_countries,TRUE,0
clean_controls,CIV,Côte d’Ivoire,23,2018,0.45689839,0.45689839,FALSE,NA,FALSE,other_countries,TRUE,0
clean_controls,CIV,Côte d’Ivoire,23,2019,0.1906828,0.1906828,FALSE,NA,FALSE,other_countries,TRUE,0
clean_controls,CIV,Côte d’Ivoire,23,2020,0.3796469,0.3796469,FALSE,NA,FALSE,other_countries,TRUE,0
clean_controls,CIV,Côte d’Ivoire,23,2021,0.1524507,0.1524507,FALSE,NA,FALSE,other_countries,TRUE,0
clean_controls,CIV,Côte d’Ivoire,23,2022,1.03743321,1.03743321,FALSE,NA,FALSE,other_countries,TRUE,0
clean_controls,COL,Colombia,24,1997,0.4069941,0.4069941,FALSE,NA,FALSE,other_countries,TRUE,0
clean_controls,COL,Colombia,24,1998,0.2171076,0.2171076,FALSE,NA,FALSE,other_countries,TRUE,0
clean_controls,COL,Colombia,24,1999,0.245896,0.245896,FALSE,NA,FALSE,other_countries,TRUE,0
clean_controls,COL,Colombia,24,2000,0.4703297000000001,0.4703297000000001,FALSE,NA,FALSE,other_countries,TRUE,0
clean_controls,COL,Colombia,24,2001,0.2631201,0.2631201,FALSE,NA,FALSE,other_countries,TRUE,0
clean_controls,COL,Colombia,24,2002,0.30235769999999995,0.30235769999999995,FALSE,NA,FALSE,other_countries,TRUE,0
clean_controls,COL,Colombia,24,2003,0.6202017,0.6202017,FALSE,NA,FALSE,other_countries,TRUE,0
clean_controls,COL,Colombia,24,2004,0.3828108,0.3828108,FALSE,NA,FALSE,other_countries,TRUE,0
clean_controls,COL,Colombia,24,2005,0.2361089,0.2361089,FALSE,NA,FALSE,other_countries,TRUE,0
clean_controls,COL,Colombia,24,2006,0.5751633,0.5751633,FALSE,NA,FALSE,other_countries,TRUE,0
clean_controls,COL,Colombia,24,2007,0.42099870000000006,0.42099870000000006,FALSE,NA,FALSE,other_countries,TRUE,0
clean_controls,COL,Colombia,24,2008,0.463549,0.463549,FALSE,NA,FALSE,other_countries,TRUE,0
clean_controls,COL,Colombia,24,2009,0.4920474,0.4920474,FALSE,NA,FALSE,other_countries,TRUE,0
clean_controls,COL,Colombia,24,2010,0.7361617,0.7361617,FALSE,NA,FALSE,other_countries,TRUE,0
clean_controls,COL,Colombia,24,2011,0.69081529,0.69081529,FALSE,NA,FALSE,other_countries,TRUE,0
clean_controls,COL,Colombia,24,2012,0.8170875,0.8170875,FALSE,NA,FALSE,other_countries,TRUE,0
clean_controls,COL,Colombia,24,2013,0.38289839999999997,0.38289839999999997,FALSE,NA,FALSE,other_countries,TRUE,0
clean_controls,COL,Colombia,24,2014,0.6987222,0.6987222,FALSE,NA,FALSE,other_countries,TRUE,0
clean_controls,COL,Colombia,24,2015,0.048308500000000004,0.048308500000000004,FALSE,NA,FALSE,other_countries,TRUE,0
clean_controls,COL,Colombia,24,2016,0.2775046,0.2775046,FALSE,NA,FALSE,other_countries,TRUE,0
clean_controls,COL,Colombia,24,2017,0.12144799999999997,0.12144799999999997,FALSE,NA,FALSE,other_countries,TRUE,0
clean_controls,COL,Colombia,24,2018,0.43271985,0.43271985,FALSE,NA,FALSE,other_countries,TRUE,0
clean_controls,COL,Colombia,24,2019,0.43680198000000003,0.43680198000000003,FALSE,NA,FALSE,other_countries,TRUE,0
clean_controls,COL,Colombia,24,2020,0.65471394,0.65471394,FALSE,NA,FALSE,other_countries,TRUE,0
clean_controls,COL,Colombia,24,2021,0.23611857999999997,0.23611857999999997,FALSE,NA,FALSE,other_countries,TRUE,0
clean_controls,COL,Colombia,24,2022,1.06323829,1.06323829,FALSE,NA,FALSE,other_countries,TRUE,0
clean_controls,COM,Comoros,25,1997,0.16601,0.16601,FALSE,NA,FALSE,other_countries,TRUE,0
clean_controls,COM,Comoros,25,1998,0.1988257,0.1988257,FALSE,NA,FALSE,other_countries,TRUE,0
clean_controls,COM,Comoros,25,1999,0.061944600000000016,0.061944600000000016,FALSE,NA,FALSE,other_countries,TRUE,0
clean_controls,COM,Comoros,25,2000,0.09732229999999997,0.09732229999999997,FALSE,NA,FALSE,other_countries,TRUE,0
clean_controls,COM,Comoros,25,2001,0.4126474,0.4126474,FALSE,NA,FALSE,other_countries,TRUE,0
clean_controls,COM,Comoros,25,2002,0.4487067,0.4487067,FALSE,NA,FALSE,other_countries,TRUE,0
clean_controls,COM,Comoros,25,2003,0.14652179999999992,0.14652179999999992,FALSE,NA,FALSE,other_countries,TRUE,0
clean_controls,COM,Comoros,25,2004,0.22299500000000005,0.22299500000000005,FALSE,NA,FALSE,other_countries,TRUE,0
clean_controls,COM,Comoros,25,2005,0.3440696000000001,0.3440696000000001,FALSE,NA,FALSE,other_countries,TRUE,0
clean_controls,COM,Comoros,25,2006,0.20020820000000006,0.20020820000000006,FALSE,NA,FALSE,other_countries,TRUE,0
clean_controls,COM,Comoros,25,2007,0.030547299999999944,0.030547299999999944,FALSE,NA,FALSE,other_countries,TRUE,0
clean_controls,COM,Comoros,25,2008,0.21253160000000004,0.21253160000000004,FALSE,NA,FALSE,other_countries,TRUE,0
clean_controls,COM,Comoros,25,2009,0.1857433,0.1857433,FALSE,NA,FALSE,other_countries,TRUE,0
clean_controls,COM,Comoros,25,2010,0.010174799999999928,0.010174799999999928,FALSE,NA,FALSE,other_countries,TRUE,0
clean_controls,COM,Comoros,25,2011,0.11077970000000004,0.11077970000000004,FALSE,NA,FALSE,other_countries,TRUE,0
clean_controls,COM,Comoros,25,2012,0.018795200000000012,0.018795200000000012,FALSE,NA,FALSE,other_countries,TRUE,0
clean_controls,COM,Comoros,25,2013,0.08888590000000007,0.08888590000000007,FALSE,NA,FALSE,other_countries,TRUE,0
clean_controls,COM,Comoros,25,2014,0.03959709999999994,0.03959709999999994,FALSE,NA,FALSE,other_countries,TRUE,0
clean_controls,COM,Comoros,25,2015,0.6188701999999999,0.6188701999999999,FALSE,NA,FALSE,other_countries,TRUE,0
clean_controls,COM,Comoros,25,2016,0.35324069999999996,0.35324069999999996,FALSE,NA,FALSE,other_countries,TRUE,0
clean_controls,COM,Comoros,25,2017,0.23391160000000005,0.23391160000000005,FALSE,NA,FALSE,other_countries,TRUE,0
clean_controls,COM,Comoros,25,2018,0.25057379999999996,0.25057379999999996,FALSE,NA,FALSE,other_countries,TRUE,0
clean_controls,COM,Comoros,25,2019,0.1688982,0.1688982,FALSE,NA,FALSE,other_countries,TRUE,0
clean_controls,COM,Comoros,25,2020,0.23004510000000006,0.23004510000000006,FALSE,NA,FALSE,other_countries,TRUE,0
clean_controls,COM,Comoros,25,2021,0.6864089,0.6864089,FALSE,NA,FALSE,other_countries,TRUE,0
clean_controls,COM,Comoros,25,2022,0.30090870000000003,0.30090870000000003,FALSE,NA,FALSE,other_countries,TRUE,0
clean_controls,CPV,Cape Verde,26,1997,0.6053609000000001,0.6053609000000001,FALSE,NA,FALSE,other_countries,TRUE,0
clean_controls,CPV,Cape Verde,26,1998,0.2785988,0.2785988,FALSE,NA,FALSE,other_countries,TRUE,0
clean_controls,CPV,Cape Verde,26,1999,0.06539040000000007,0.06539040000000007,FALSE,NA,FALSE,other_countries,TRUE,0
clean_controls,CPV,Cape Verde,26,2000,0.25971190000000005,0.25971190000000005,FALSE,NA,FALSE,other_countries,TRUE,0
clean_controls,CPV,Cape Verde,26,2001,0.1110354,0.1110354,FALSE,NA,FALSE,other_countries,TRUE,0
clean_controls,CPV,Cape Verde,26,2002,0.10781990000000008,0.10781990000000008,FALSE,NA,FALSE,other_countries,TRUE,0
clean_controls,CPV,Cape Verde,26,2003,0.2771344,0.2771344,FALSE,NA,FALSE,other_countries,TRUE,0
clean_controls,CPV,Cape Verde,26,2004,0.28214360000000005,0.28214360000000005,FALSE,NA,FALSE,other_countries,TRUE,0
clean_controls,CPV,Cape Verde,26,2005,0.23652430000000002,0.23652430000000002,FALSE,NA,FALSE,other_countries,TRUE,0
clean_controls,CPV,Cape Verde,26,2006,0.5861434,0.5861434,FALSE,NA,FALSE,other_countries,TRUE,0
clean_controls,CPV,Cape Verde,26,2007,0.19122240000000007,0.19122240000000007,FALSE,NA,FALSE,other_countries,TRUE,0
clean_controls,CPV,Cape Verde,26,2008,0.41086849999999997,0.41086849999999997,FALSE,NA,FALSE,other_countries,TRUE,0
clean_controls,CPV,Cape Verde,26,2009,0.1556055,0.1556055,FALSE,NA,FALSE,other_countries,TRUE,0
clean_controls,CPV,Cape Verde,26,2010,0.49398060000000005,0.49398060000000005,FALSE,NA,FALSE,other_countries,TRUE,0
clean_controls,CPV,Cape Verde,26,2011,0.4404322,0.4404322,FALSE,NA,FALSE,other_countries,TRUE,0
clean_controls,CPV,Cape Verde,26,2012,0.43363999999999997,0.43363999999999997,FALSE,NA,FALSE,other_countries,TRUE,0
clean_controls,CPV,Cape Verde,26,2013,0.024440100000000076,0.024440100000000076,FALSE,NA,FALSE,other_countries,TRUE,0
clean_controls,CPV,Cape Verde,26,2014,0.4367552,0.4367552,FALSE,NA,FALSE,other_countries,TRUE,0
clean_controls,CPV,Cape Verde,26,2015,0.25822219999999996,0.25822219999999996,FALSE,NA,FALSE,other_countries,TRUE,0
clean_controls,CPV,Cape Verde,26,2016,0.019185200000000013,0.019185200000000013,FALSE,NA,FALSE,other_countries,TRUE,0
clean_controls,CPV,Cape Verde,26,2017,0.17869280000000004,0.17869280000000004,FALSE,NA,FALSE,other_countries,TRUE,0
clean_controls,CPV,Cape Verde,26,2018,0.0796114,0.0796114,FALSE,NA,FALSE,other_countries,TRUE,0
clean_controls,CPV,Cape Verde,26,2019,0.08724080000000001,0.08724080000000001,FALSE,NA,FALSE,other_countries,TRUE,0
clean_controls,CPV,Cape Verde,26,2020,0.31114630000000004,0.31114630000000004,FALSE,NA,FALSE,other_countries,TRUE,0
clean_controls,CPV,Cape Verde,26,2021,0.2685171,0.2685171,FALSE,NA,FALSE,other_countries,TRUE,0
clean_controls,CPV,Cape Verde,26,2022,0.8850788,0.8850788,FALSE,NA,FALSE,other_countries,TRUE,0
clean_controls,CRI,Costa Rica,27,1997,1.0755241,1.0755241,FALSE,NA,FALSE,other_countries,TRUE,0
clean_controls,CRI,Costa Rica,27,1998,0.283825,0.283825,FALSE,NA,FALSE,other_countries,TRUE,0
clean_controls,CRI,Costa Rica,27,1999,0.4433737,0.4433737,FALSE,NA,FALSE,other_countries,TRUE,0
clean_controls,CRI,Costa Rica,27,2000,0.65946424,0.65946424,FALSE,NA,FALSE,other_countries,TRUE,0
clean_controls,CRI,Costa Rica,27,2001,0.279187,0.279187,FALSE,NA,FALSE,other_countries,TRUE,0
clean_controls,CRI,Costa Rica,27,2002,0.3524149999999999,0.3524149999999999,FALSE,NA,FALSE,other_countries,TRUE,0
clean_controls,CRI,Costa Rica,27,2003,1.00085275,1.00085275,FALSE,NA,FALSE,other_countries,TRUE,0
clean_controls,CRI,Costa Rica,27,2004,0.84578443,0.84578443,FALSE,NA,FALSE,other_countries,TRUE,0
clean_controls,CRI,Costa Rica,27,2005,0.6976730600000001,0.6976730600000001,FALSE,NA,FALSE,other_countries,TRUE,0
clean_controls,CRI,Costa Rica,27,2006,0.5984839,0.5984839,FALSE,NA,FALSE,other_countries,TRUE,0
clean_controls,CRI,Costa Rica,27,2007,0.4852700000000001,0.4852700000000001,FALSE,NA,FALSE,other_countries,TRUE,0
clean_controls,CRI,Costa Rica,27,2008,0.55227212,0.55227212,FALSE,NA,FALSE,other_countries,TRUE,0
clean_controls,CRI,Costa Rica,27,2009,0.46068410000000004,0.46068410000000004,FALSE,NA,FALSE,other_countries,TRUE,0
clean_controls,CRI,Costa Rica,27,2010,0.5964005000000001,0.5964005000000001,FALSE,NA,FALSE,other_countries,TRUE,0
clean_controls,CRI,Costa Rica,27,2011,0.6045531,0.6045531,FALSE,NA,FALSE,other_countries,TRUE,0
clean_controls,CRI,Costa Rica,27,2012,0.6359653,0.6359653,FALSE,NA,FALSE,other_countries,TRUE,0
clean_controls,CRI,Costa Rica,27,2013,0.29815309999999995,0.29815309999999995,FALSE,NA,FALSE,other_countries,TRUE,0
clean_controls,CRI,Costa Rica,27,2014,0.6440918,0.6440918,FALSE,NA,FALSE,other_countries,TRUE,0
clean_controls,CRI,Costa Rica,27,2015,0.007565100000000019,0.007565100000000019,FALSE,NA,FALSE,other_countries,TRUE,0
clean_controls,CRI,Costa Rica,27,2016,0.28861400000000004,0.28861400000000004,FALSE,NA,FALSE,other_countries,TRUE,0
clean_controls,CRI,Costa Rica,27,2017,0.16297729999999996,0.16297729999999996,FALSE,NA,FALSE,other_countries,TRUE,0
clean_controls,CRI,Costa Rica,27,2018,0.3795336,0.3795336,FALSE,NA,FALSE,other_countries,TRUE,0
clean_controls,CRI,Costa Rica,27,2019,0.21944370000000002,0.21944370000000002,FALSE,NA,FALSE,other_countries,TRUE,0
clean_controls,CRI,Costa Rica,27,2020,0.43532060000000006,0.43532060000000006,FALSE,NA,FALSE,other_countries,TRUE,0
clean_controls,CRI,Costa Rica,27,2021,0.1267457,0.1267457,FALSE,NA,FALSE,other_countries,TRUE,0
clean_controls,CRI,Costa Rica,27,2022,1.03528639,1.03528639,FALSE,NA,FALSE,other_countries,TRUE,0
clean_controls,CYP,Cyprus,28,1997,1.9321053,1.9321053,FALSE,NA,FALSE,other_countries,TRUE,0
clean_controls,CYP,Cyprus,28,1998,0.9409926,0.9409926,FALSE,NA,FALSE,other_countries,TRUE,0
clean_controls,CYP,Cyprus,28,1999,1.3135678,1.3135678,FALSE,NA,FALSE,other_countries,TRUE,0
clean_controls,CYP,Cyprus,28,2000,1.3123282,1.3123282,FALSE,NA,FALSE,other_countries,TRUE,0
clean_controls,CYP,Cyprus,28,2001,1.2603495,1.2603495,FALSE,NA,FALSE,other_countries,TRUE,0
clean_controls,CYP,Cyprus,28,2002,1.1437761,1.1437761,FALSE,NA,FALSE,other_countries,TRUE,0
clean_controls,CYP,Cyprus,28,2003,1.6528749999999999,1.6528749999999999,FALSE,NA,FALSE,other_countries,TRUE,0
clean_controls,CYP,Cyprus,28,2004,1.5507883,1.5507883,FALSE,NA,FALSE,other_countries,TRUE,0
clean_controls,CYP,Cyprus,28,2005,1.4469406,1.4469406,FALSE,NA,FALSE,other_countries,TRUE,0
clean_controls,CYP,Cyprus,28,2006,1.6399295999999999,1.6399295999999999,FALSE,NA,FALSE,other_countries,TRUE,0
clean_controls,CYP,Cyprus,28,2007,1.376929,1.376929,FALSE,NA,FALSE,other_countries,TRUE,0
clean_controls,CYP,Cyprus,28,2008,1.2573482999999999,1.2573482999999999,FALSE,NA,FALSE,other_countries,TRUE,0
clean_controls,CYP,Cyprus,28,2009,1.2886715,1.2886715,FALSE,NA,FALSE,other_countries,TRUE,0
clean_controls,CYP,Cyprus,28,2010,1.4346217000000001,1.4346217000000001,FALSE,NA,FALSE,other_countries,TRUE,0
clean_controls,CYP,Cyprus,28,2011,1.4260918,1.4260918,FALSE,NA,FALSE,other_countries,TRUE,0
clean_controls,CYP,Cyprus,28,2012,1.4334202,1.4334202,FALSE,NA,FALSE,other_countries,TRUE,0
clean_controls,CYP,Cyprus,28,2013,1.1886958,1.1886958,FALSE,NA,FALSE,other_countries,TRUE,0
clean_controls,CYP,Cyprus,28,2014,1.6030901,1.6030901,FALSE,NA,FALSE,other_countries,TRUE,0
clean_controls,CYP,Cyprus,28,2015,0.8656817,0.8656817,FALSE,NA,FALSE,other_countries,TRUE,0
clean_controls,CYP,Cyprus,28,2016,1.0754705,1.0754705,FALSE,NA,FALSE,other_countries,TRUE,0
clean_controls,CYP,Cyprus,28,2017,1.0401245,1.0401245,FALSE,NA,FALSE,other_countries,TRUE,0
clean_controls,CYP,Cyprus,28,2018,1.1546094,1.1546094,FALSE,NA,FALSE,other_countries,TRUE,0
clean_controls,CYP,Cyprus,28,2019,1.1065920999999999,1.1065920999999999,FALSE,NA,FALSE,other_countries,TRUE,0
clean_controls,CYP,Cyprus,28,2020,1.2222666000000002,1.2222666000000002,FALSE,NA,FALSE,other_countries,TRUE,0
clean_controls,CYP,Cyprus,28,2021,0.9469231,0.9469231,FALSE,NA,FALSE,other_countries,TRUE,0
clean_controls,CYP,Cyprus,28,2022,1.8735793,1.8735793,FALSE,NA,FALSE,other_countries,TRUE,0
clean_controls,CZE,Czechia,29,1997,2.650481,2.650481,FALSE,NA,FALSE,other_countries,TRUE,0
clean_controls,CZE,Czechia,29,1998,1.6250001,1.6250001,FALSE,NA,FALSE,other_countries,TRUE,0
clean_controls,CZE,Czechia,29,1999,1.7819753999999999,1.7819753999999999,FALSE,NA,FALSE,other_countries,TRUE,0
clean_controls,CZE,Czechia,29,2000,1.9184786,1.9184786,FALSE,NA,FALSE,other_countries,TRUE,0
clean_controls,CZE,Czechia,29,2001,1.7390073,1.7390073,FALSE,NA,FALSE,other_countries,TRUE,0
clean_controls,CZE,Czechia,29,2002,1.6294385999999998,1.6294385999999998,FALSE,NA,FALSE,other_countries,TRUE,0
clean_controls,CZE,Czechia,29,2003,2.1426642,2.1426642,FALSE,NA,FALSE,other_countries,TRUE,0
clean_controls,CZE,Czechia,29,2004,1.853778,1.853778,FALSE,NA,FALSE,other_countries,TRUE,0
clean_controls,CZE,Czechia,29,2005,1.7335794,1.7335794,FALSE,NA,FALSE,other_countries,TRUE,0
clean_controls,CZE,Czechia,29,2006,1.9730661,1.9730661,FALSE,NA,FALSE,other_countries,TRUE,0
clean_controls,CZE,Czechia,29,2007,1.7387540000000001,1.7387540000000001,FALSE,NA,FALSE,other_countries,TRUE,0
clean_controls,CZE,Czechia,29,2008,1.7135331,1.7135331,FALSE,NA,FALSE,other_countries,TRUE,0
clean_controls,CZE,Czechia,29,2009,1.7835402999999999,1.7835402999999999,FALSE,NA,FALSE,other_countries,TRUE,0
clean_controls,CZE,Czechia,29,2010,1.9602547000000001,1.9602547000000001,FALSE,NA,FALSE,other_countries,TRUE,0
clean_controls,CZE,Czechia,29,2011,1.7877290000000001,1.7877290000000001,FALSE,NA,FALSE,other_countries,TRUE,0
clean_controls,CZE,Czechia,29,2012,2.0327897,2.0327897,FALSE,NA,FALSE,other_countries,TRUE,0
clean_controls,CZE,Czechia,29,2013,1.6872798,1.6872798,FALSE,NA,FALSE,other_countries,TRUE,0
clean_controls,CZE,Czechia,29,2014,1.9627184,1.9627184,FALSE,NA,FALSE,other_countries,TRUE,0
clean_controls,CZE,Czechia,29,2015,1.4823962,1.4823962,FALSE,NA,FALSE,other_countries,TRUE,0
clean_controls,CZE,Czechia,29,2016,1.7407089,1.7407089,FALSE,NA,FALSE,other_countries,TRUE,0
clean_controls,CZE,Czechia,29,2017,1.6041272,1.6041272,FALSE,NA,FALSE,other_countries,TRUE,0
clean_controls,CZE,Czechia,29,2018,1.7815146,1.7815146,FALSE,NA,FALSE,other_countries,TRUE,0
clean_controls,CZE,Czechia,29,2019,1.6164674,1.6164674,FALSE,NA,FALSE,other_countries,TRUE,0
clean_controls,CZE,Czechia,29,2020,1.9519754000000002,1.9519754000000002,FALSE,NA,FALSE,other_countries,TRUE,0
clean_controls,CZE,Czechia,29,2021,1.6025671,1.6025671,FALSE,NA,FALSE,other_countries,TRUE,0
clean_controls,CZE,Czechia,29,2022,2.566382,2.566382,FALSE,NA,FALSE,other_countries,TRUE,0
clean_controls,DEU,Germany,30,1997,2.726608,2.726608,FALSE,NA,FALSE,other_countries,TRUE,0
clean_controls,DEU,Germany,30,1998,1.7150981,1.7150981,FALSE,NA,FALSE,other_countries,TRUE,0
clean_controls,DEU,Germany,30,1999,2.0845514,2.0845514,FALSE,NA,FALSE,other_countries,TRUE,0
clean_controls,DEU,Germany,30,2000,1.9944646000000001,1.9944646000000001,FALSE,NA,FALSE,other_countries,TRUE,0
clean_controls,DEU,Germany,30,2001,1.8064722999999998,1.8064722999999998,FALSE,NA,FALSE,other_countries,TRUE,0
clean_controls,DEU,Germany,30,2002,1.7428375999999999,1.7428375999999999,FALSE,NA,FALSE,other_countries,TRUE,0
clean_controls,DEU,Germany,30,2003,2.2304421999999997,2.2304421999999997,FALSE,NA,FALSE,other_countries,TRUE,0
clean_controls,DEU,Germany,30,2004,1.868874,1.868874,FALSE,NA,FALSE,other_countries,TRUE,0
clean_controls,DEU,Germany,30,2005,1.7337844,1.7337844,FALSE,NA,FALSE,other_countries,TRUE,0
clean_controls,DEU,Germany,30,2006,1.8575930999999999,1.8575930999999999,FALSE,NA,FALSE,other_countries,TRUE,0
clean_controls,DEU,Germany,30,2007,1.5463178000000002,1.5463178000000002,FALSE,NA,FALSE,other_countries,TRUE,0
clean_controls,DEU,Germany,30,2008,1.5455288,1.5455288,FALSE,NA,FALSE,other_countries,TRUE,0
clean_controls,DEU,Germany,30,2009,1.7508352999999999,1.7508352999999999,FALSE,NA,FALSE,other_countries,TRUE,0
clean_controls,DEU,Germany,30,2010,1.8807847,1.8807847,FALSE,NA,FALSE,other_countries,TRUE,0
clean_controls,DEU,Germany,30,2011,1.7290529000000001,1.7290529000000001,FALSE,NA,FALSE,other_countries,TRUE,0
clean_controls,DEU,Germany,30,2012,1.8091739,1.8091739,FALSE,NA,FALSE,other_countries,TRUE,0
clean_controls,DEU,Germany,30,2013,1.6583417999999999,1.6583417999999999,FALSE,NA,FALSE,other_countries,TRUE,0
clean_controls,DEU,Germany,30,2014,2.0935104,2.0935104,FALSE,NA,FALSE,other_countries,TRUE,0
clean_controls,DEU,Germany,30,2015,1.4258262,1.4258262,FALSE,NA,FALSE,other_countries,TRUE,0
clean_controls,DEU,Germany,30,2016,1.6830969,1.6830969,FALSE,NA,FALSE,other_countries,TRUE,0
clean_controls,DEU,Germany,30,2017,1.5681172,1.5681172,FALSE,NA,FALSE,other_countries,TRUE,0
clean_controls,DEU,Germany,30,2018,1.7038146,1.7038146,FALSE,NA,FALSE,other_countries,TRUE,0
clean_controls,DEU,Germany,30,2019,1.5603414,1.5603414,FALSE,NA,FALSE,other_countries,TRUE,0
clean_controls,DEU,Germany,30,2020,1.8745943999999999,1.8745943999999999,FALSE,NA,FALSE,other_countries,TRUE,0
clean_controls,DEU,Germany,30,2021,1.4600981,1.4600981,FALSE,NA,FALSE,other_countries,TRUE,0
clean_controls,DEU,Germany,30,2022,2.483986,2.483986,FALSE,NA,FALSE,other_countries,TRUE,0
clean_controls,DJI,Djibouti,31,1997,0.38221610000000006,0.38221610000000006,FALSE,NA,FALSE,other_countries,TRUE,0
clean_controls,DJI,Djibouti,31,1998,0.30153690000000005,0.30153690000000005,FALSE,NA,FALSE,other_countries,TRUE,0
clean_controls,DJI,Djibouti,31,1999,0.13342920000000003,0.13342920000000003,FALSE,NA,FALSE,other_countries,TRUE,0
clean_controls,DJI,Djibouti,31,2000,0.18755410000000006,0.18755410000000006,FALSE,NA,FALSE,other_countries,TRUE,0
clean_controls,DJI,Djibouti,31,2001,0.5405117,0.5405117,FALSE,NA,FALSE,other_countries,TRUE,0
clean_controls,DJI,Djibouti,31,2002,0.4641143000000001,0.4641143000000001,FALSE,NA,FALSE,other_countries,TRUE,0
clean_controls,DJI,Djibouti,31,2003,0.1121048,0.1121048,FALSE,NA,FALSE,other_countries,TRUE,0
clean_controls,DJI,Djibouti,31,2004,0.12574929999999995,0.12574929999999995,FALSE,NA,FALSE,other_countries,TRUE,0
clean_controls,DJI,Djibouti,31,2005,0.06471769999999999,0.06471769999999999,FALSE,NA,FALSE,other_countries,TRUE,0
clean_controls,DJI,Djibouti,31,2006,0.22476550000000006,0.22476550000000006,FALSE,NA,FALSE,other_countries,TRUE,0
clean_controls,DJI,Djibouti,31,2007,0.2535725999999999,0.2535725999999999,FALSE,NA,FALSE,other_countries,TRUE,0
clean_controls,DJI,Djibouti,31,2008,0.23233689999999996,0.23233689999999996,FALSE,NA,FALSE,other_countries,TRUE,0
clean_controls,DJI,Djibouti,31,2009,0.37817639999999997,0.37817639999999997,FALSE,NA,FALSE,other_countries,TRUE,0
clean_controls,DJI,Djibouti,31,2010,0.34316370000000007,0.34316370000000007,FALSE,NA,FALSE,other_countries,TRUE,0
clean_controls,DJI,Djibouti,31,2011,0.08603309999999997,0.08603309999999997,FALSE,NA,FALSE,other_countries,TRUE,0
clean_controls,DJI,Djibouti,31,2012,0.06573079999999998,0.06573079999999998,FALSE,NA,FALSE,other_countries,TRUE,0
clean_controls,DJI,Djibouti,31,2013,0.35925700000000005,0.35925700000000005,FALSE,NA,FALSE,other_countries,TRUE,0
clean_controls,DJI,Djibouti,31,2014,0.13130929999999996,0.13130929999999996,FALSE,NA,FALSE,other_countries,TRUE,0
clean_controls,DJI,Djibouti,31,2015,0.4943999,0.4943999,FALSE,NA,FALSE,other_countries,TRUE,0
clean_controls,DJI,Djibouti,31,2016,0.3527787,0.3527787,FALSE,NA,FALSE,other_countries,TRUE,0
clean_controls,DJI,Djibouti,31,2017,0.2740457,0.2740457,FALSE,NA,FALSE,other_countries,TRUE,0
clean_controls,DJI,Djibouti,31,2018,0.15530910000000003,0.15530910000000003,FALSE,NA,FALSE,other_countries,TRUE,0
clean_controls,DJI,Djibouti,31,2019,0.05740410000000001,0.05740410000000001,FALSE,NA,FALSE,other_countries,TRUE,0
clean_controls,DJI,Djibouti,31,2020,0.048829800000000034,0.048829800000000034,FALSE,NA,FALSE,other_countries,TRUE,0
clean_controls,DJI,Djibouti,31,2021,0.2636911,0.2636911,FALSE,NA,FALSE,other_countries,TRUE,0
clean_controls,DJI,Djibouti,31,2022,0.40188690000000005,0.40188690000000005,FALSE,NA,FALSE,other_countries,TRUE,0
clean_controls,DMA,Dominica,32,1997,0.8070852000000001,0.8070852000000001,FALSE,NA,FALSE,other_countries,TRUE,0
clean_controls,DMA,Dominica,32,1998,0.011507299999999998,0.011507299999999998,FALSE,NA,FALSE,other_countries,TRUE,0
clean_controls,DMA,Dominica,32,1999,0.245861,0.245861,FALSE,NA,FALSE,other_countries,TRUE,0
clean_controls,DMA,Dominica,32,2000,0.5149807000000001,0.5149807000000001,FALSE,NA,FALSE,other_countries,TRUE,0
clean_controls,DMA,Dominica,32,2001,0.16948560000000001,0.16948560000000001,FALSE,NA,FALSE,other_countries,TRUE,0
clean_controls,DMA,Dominica,32,2002,0.14182300000000003,0.14182300000000003,FALSE,NA,FALSE,other_countries,TRUE,0
clean_controls,DMA,Dominica,32,2003,0.2780534,0.2780534,FALSE,NA,FALSE,other_countries,TRUE,0
clean_controls,DMA,Dominica,32,2004,0.27657850000000006,0.27657850000000006,FALSE,NA,FALSE,other_countries,TRUE,0
clean_controls,DMA,Dominica,32,2005,0.17374620000000007,0.17374620000000007,FALSE,NA,FALSE,other_countries,TRUE,0
clean_controls,DMA,Dominica,32,2006,0.32360469999999997,0.32360469999999997,FALSE,NA,FALSE,other_countries,TRUE,0
clean_controls,DMA,Dominica,32,2007,0.11400560000000004,0.11400560000000004,FALSE,NA,FALSE,other_countries,TRUE,0
clean_controls,DMA,Dominica,32,2008,0.10222819999999999,0.10222819999999999,FALSE,NA,FALSE,other_countries,TRUE,0
clean_controls,DMA,Dominica,32,2009,0.02544919999999995,0.02544919999999995,FALSE,NA,FALSE,other_countries,TRUE,0
clean_controls,DMA,Dominica,32,2010,0.29095290000000007,0.29095290000000007,FALSE,NA,FALSE,other_countries,TRUE,0
clean_controls,DMA,Dominica,32,2011,0.06055440000000001,0.06055440000000001,FALSE,NA,FALSE,other_countries,TRUE,0
clean_controls,DMA,Dominica,32,2012,0.14619910000000003,0.14619910000000003,FALSE,NA,FALSE,other_countries,TRUE,0
clean_controls,DMA,Dominica,32,2013,0.25174789999999997,0.25174789999999997,FALSE,NA,FALSE,other_countries,TRUE,0
clean_controls,DMA,Dominica,32,2014,0.5660744,0.5660744,FALSE,NA,FALSE,other_countries,TRUE,0
clean_controls,DMA,Dominica,32,2015,0.1907072,0.1907072,FALSE,NA,FALSE,other_countries,TRUE,0
clean_controls,DMA,Dominica,32,2016,0.008284000000000014,0.008284000000000014,FALSE,NA,FALSE,other_countries,TRUE,0
clean_controls,DMA,Dominica,32,2017,0.14309529999999998,0.14309529999999998,FALSE,NA,FALSE,other_countries,TRUE,0
clean_controls,DMA,Dominica,32,2018,0.07191539999999996,0.07191539999999996,FALSE,NA,FALSE,other_countries,TRUE,0
clean_controls,DMA,Dominica,32,2019,0.25482740000000004,0.25482740000000004,FALSE,NA,FALSE,other_countries,TRUE,0
clean_controls,DMA,Dominica,32,2020,0.00354410000000005,0.00354410000000005,FALSE,NA,FALSE,other_countries,TRUE,0
clean_controls,DMA,Dominica,32,2021,0.2282881,0.2282881,FALSE,NA,FALSE,other_countries,TRUE,0
clean_controls,DMA,Dominica,32,2022,0.5388121,0.5388121,FALSE,NA,FALSE,other_countries,TRUE,0
clean_controls,DNK,Denmark,33,1997,2.6296049999999997,2.6296049999999997,FALSE,NA,FALSE,other_countries,TRUE,0
clean_controls,DNK,Denmark,33,1998,1.6100351000000002,1.6100351000000002,FALSE,NA,FALSE,other_countries,TRUE,0
clean_controls,DNK,Denmark,33,1999,1.9111854,1.9111854,FALSE,NA,FALSE,other_countries,TRUE,0
clean_controls,DNK,Denmark,33,2000,1.9160206,1.9160206,FALSE,NA,FALSE,other_countries,TRUE,0
clean_controls,DNK,Denmark,33,2001,1.8464483,1.8464483,FALSE,NA,FALSE,other_countries,TRUE,0
clean_controls,DNK,Denmark,33,2002,1.6942055999999999,1.6942055999999999,FALSE,NA,FALSE,other_countries,TRUE,0
clean_controls,DNK,Denmark,33,2003,2.0621962,2.0621962,FALSE,NA,FALSE,other_countries,TRUE,0
clean_controls,DNK,Denmark,33,2004,1.885658,1.885658,FALSE,NA,FALSE,other_countries,TRUE,0
clean_controls,DNK,Denmark,33,2005,1.7955734,1.7955734,FALSE,NA,FALSE,other_countries,TRUE,0
clean_controls,DNK,Denmark,33,2006,1.8687030999999998,1.8687030999999998,FALSE,NA,FALSE,other_countries,TRUE,0
clean_controls,DNK,Denmark,33,2007,1.6266950000000002,1.6266950000000002,FALSE,NA,FALSE,other_countries,TRUE,0
clean_controls,DNK,Denmark,33,2008,1.7008421,1.7008421,FALSE,NA,FALSE,other_countries,TRUE,0
clean_controls,DNK,Denmark,33,2009,1.7180683,1.7180683,FALSE,NA,FALSE,other_countries,TRUE,0
clean_controls,DNK,Denmark,33,2010,1.9239907,1.9239907,FALSE,NA,FALSE,other_countries,TRUE,0
clean_controls,DNK,Denmark,33,2011,1.792288,1.792288,FALSE,NA,FALSE,other_countries,TRUE,0
clean_controls,DNK,Denmark,33,2012,1.826895,1.826895,FALSE,NA,FALSE,other_countries,TRUE,0
clean_controls,DNK,Denmark,33,2013,1.5048458,1.5048458,FALSE,NA,FALSE,other_countries,TRUE,0
clean_controls,DNK,Denmark,33,2014,1.9155524000000002,1.9155524000000002,FALSE,NA,FALSE,other_countries,TRUE,0
clean_controls,DNK,Denmark,33,2015,1.3228012,1.3228012,FALSE,NA,FALSE,other_countries,TRUE,0
clean_controls,DNK,Denmark,33,2016,1.6334379,1.6334379,FALSE,NA,FALSE,other_countries,TRUE,0
clean_controls,DNK,Denmark,33,2017,1.4978532,1.4978532,FALSE,NA,FALSE,other_countries,TRUE,0
clean_controls,DNK,Denmark,33,2018,1.6395986,1.6395986,FALSE,NA,FALSE,other_countries,TRUE,0
clean_controls,DNK,Denmark,33,2019,1.5082164,1.5082164,FALSE,NA,FALSE,other_countries,TRUE,0
clean_controls,DNK,Denmark,33,2020,1.7928164,1.7928164,FALSE,NA,FALSE,other_countries,TRUE,0
clean_controls,DNK,Denmark,33,2021,1.4503211,1.4503211,FALSE,NA,FALSE,other_countries,TRUE,0
clean_controls,DNK,Denmark,33,2022,2.346638,2.346638,FALSE,NA,FALSE,other_countries,TRUE,0
clean_controls,DOM,Dominican Republic,34,1997,1.0759688,1.0759688,FALSE,NA,FALSE,other_countries,TRUE,0
clean_controls,DOM,Dominican Republic,34,1998,0.06372339999999999,0.06372339999999999,FALSE,NA,FALSE,other_countries,TRUE,0
clean_controls,DOM,Dominican Republic,34,1999,0.3395975,0.3395975,FALSE,NA,FALSE,other_countries,TRUE,0
clean_controls,DOM,Dominican Republic,34,2000,0.42686810000000003,0.42686810000000003,FALSE,NA,FALSE,other_countries,TRUE,0
clean_controls,DOM,Dominican Republic,34,2001,0.24073830000000002,0.24073830000000002,FALSE,NA,FALSE,other_countries,TRUE,0
clean_controls,DOM,Dominican Republic,34,2002,0.16990519999999998,0.16990519999999998,FALSE,NA,FALSE,other_countries,TRUE,0
clean_controls,DOM,Dominican Republic,34,2003,0.929485769,0.929485769,FALSE,NA,FALSE,other_countries,TRUE,0
clean_controls,DOM,Dominican Republic,34,2004,0.86487187,0.86487187,FALSE,NA,FALSE,other_countries,TRUE,0
clean_controls,DOM,Dominican Republic,34,2005,0.7392055200000001,0.7392055200000001,FALSE,NA,FALSE,other_countries,TRUE,0
clean_controls,DOM,Dominican Republic,34,2006,0.92216703,0.92216703,FALSE,NA,FALSE,other_countries,TRUE,0
clean_controls,DOM,Dominican Republic,34,2007,0.10266180000000003,0.10266180000000003,FALSE,NA,FALSE,other_countries,TRUE,0
clean_controls,DOM,Dominican Republic,34,2008,0.24171130000000002,0.24171130000000002,FALSE,NA,FALSE,other_countries,TRUE,0
clean_controls,DOM,Dominican Republic,34,2009,0.09106670000000006,0.09106670000000006,FALSE,NA,FALSE,other_countries,TRUE,0
clean_controls,DOM,Dominican Republic,34,2010,0.30817110000000003,0.30817110000000003,FALSE,NA,FALSE,other_countries,TRUE,0
clean_controls,DOM,Dominican Republic,34,2011,0.24086620000000003,0.24086620000000003,FALSE,NA,FALSE,other_countries,TRUE,0
clean_controls,DOM,Dominican Republic,34,2012,0.395828,0.395828,FALSE,NA,FALSE,other_countries,TRUE,0
clean_controls,DOM,Dominican Republic,34,2013,0.1064811,0.1064811,FALSE,NA,FALSE,other_countries,TRUE,0
clean_controls,DOM,Dominican Republic,34,2014,0.25057640000000003,0.25057640000000003,FALSE,NA,FALSE,other_countries,TRUE,0
clean_controls,DOM,Dominican Republic,34,2015,0.45778149999999995,0.45778149999999995,FALSE,NA,FALSE,other_countries,TRUE,0
clean_controls,DOM,Dominican Republic,34,2016,0.01751229999999998,0.01751229999999998,FALSE,NA,FALSE,other_countries,TRUE,0
clean_controls,DOM,Dominican Republic,34,2017,0.2557871,0.2557871,FALSE,NA,FALSE,other_countries,TRUE,0
clean_controls,DOM,Dominican Republic,34,2018,0.2166209,0.2166209,FALSE,NA,FALSE,other_countries,TRUE,0
clean_controls,DOM,Dominican Republic,34,2019,0.05827140000000003,0.05827140000000003,FALSE,NA,FALSE,other_countries,TRUE,0
clean_controls,DOM,Dominican Republic,34,2020,0.24175510000000006,0.24175510000000006,FALSE,NA,FALSE,other_countries,TRUE,0
clean_controls,DOM,Dominican Republic,34,2021,0.12546659999999998,0.12546659999999998,FALSE,NA,FALSE,other_countries,TRUE,0
clean_controls,DOM,Dominican Republic,34,2022,1.081921927,1.081921927,FALSE,NA,FALSE,other_countries,TRUE,0
clean_controls,DZA,Algeria,35,1997,0.23360060000000005,0.23360060000000005,FALSE,NA,FALSE,other_countries,TRUE,0
clean_controls,DZA,Algeria,35,1998,0.3994511,0.3994511,FALSE,NA,FALSE,other_countries,TRUE,0
clean_controls,DZA,Algeria,35,1999,0.24364700000000006,0.24364700000000006,FALSE,NA,FALSE,other_countries,TRUE,0
clean_controls,DZA,Algeria,35,2000,0.47987840000000004,0.47987840000000004,FALSE,NA,FALSE,other_countries,TRUE,0
clean_controls,DZA,Algeria,35,2001,0.7097117000000001,0.7097117000000001,FALSE,NA,FALSE,other_countries,TRUE,0
clean_controls,DZA,Algeria,35,2002,0.6397664000000001,0.6397664000000001,FALSE,NA,FALSE,other_countries,TRUE,0
clean_controls,DZA,Algeria,35,2003,0.09109980000000006,0.09109980000000006,FALSE,NA,FALSE,other_countries,TRUE,0
clean_controls,DZA,Algeria,35,2004,0.2518659999999999,0.2518659999999999,FALSE,NA,FALSE,other_countries,TRUE,0
clean_controls,DZA,Algeria,35,2005,0.14540979999999992,0.14540979999999992,FALSE,NA,FALSE,other_countries,TRUE,0
clean_controls,DZA,Algeria,35,2006,0.44368189999999996,0.44368189999999996,FALSE,NA,FALSE,other_countries,TRUE,0
clean_controls,DZA,Algeria,35,2007,0.63613,0.63613,FALSE,NA,FALSE,other_countries,TRUE,0
clean_controls,DZA,Algeria,35,2008,0.6287499000000001,0.6287499000000001,FALSE,NA,FALSE,other_countries,TRUE,0
clean_controls,DZA,Algeria,35,2009,0.5923747,0.5923747,FALSE,NA,FALSE,other_countries,TRUE,0
clean_controls,DZA,Algeria,35,2010,0.2751023,0.2751023,FALSE,NA,FALSE,other_countries,TRUE,0
clean_controls,DZA,Algeria,35,2011,0.515969,0.515969,FALSE,NA,FALSE,other_countries,TRUE,0
clean_controls,DZA,Algeria,35,2012,0.122529,0.122529,FALSE,NA,FALSE,other_countries,TRUE,0
clean_controls,DZA,Algeria,35,2013,0.47876110000000005,0.47876110000000005,FALSE,NA,FALSE,other_countries,TRUE,0
clean_controls,DZA,Algeria,35,2014,0.1402972,0.1402972,FALSE,NA,FALSE,other_countries,TRUE,0
clean_controls,DZA,Algeria,35,2015,1.0594948000000002,1.0594948000000002,FALSE,NA,FALSE,other_countries,TRUE,0
clean_controls,DZA,Algeria,35,2016,0.9316821,0.9316821,FALSE,NA,FALSE,other_countries,TRUE,0
clean_controls,DZA,Algeria,35,2017,0.6209726,0.6209726,FALSE,NA,FALSE,other_countries,TRUE,0
clean_controls,DZA,Algeria,35,2018,0.4875745,0.4875745,FALSE,NA,FALSE,other_countries,TRUE,0
clean_controls,DZA,Algeria,35,2019,0.6016581,0.6016581,FALSE,NA,FALSE,other_countries,TRUE,0
clean_controls,DZA,Algeria,35,2020,0.5059226,0.5059226,FALSE,NA,FALSE,other_countries,TRUE,0
clean_controls,DZA,Algeria,35,2021,0.6245468000000001,0.6245468000000001,FALSE,NA,FALSE,other_countries,TRUE,0
clean_controls,DZA,Algeria,35,2022,0.04044200000000009,0.04044200000000009,FALSE,NA,FALSE,other_countries,TRUE,0
clean_controls,ECU,Ecuador,36,1997,1.12175112,1.12175112,FALSE,NA,FALSE,other_countries,TRUE,0
clean_controls,ECU,Ecuador,36,1998,0.34132657,0.34132657,FALSE,NA,FALSE,other_countries,TRUE,0
clean_controls,ECU,Ecuador,36,1999,0.30705,0.30705,FALSE,NA,FALSE,other_countries,TRUE,0
clean_controls,ECU,Ecuador,36,2000,0.36849610000000005,0.36849610000000005,FALSE,NA,FALSE,other_countries,TRUE,0
clean_controls,ECU,Ecuador,36,2001,0.22842640000000003,0.22842640000000003,FALSE,NA,FALSE,other_countries,TRUE,0
clean_controls,ECU,Ecuador,36,2002,0.24798249999999994,0.24798249999999994,FALSE,NA,FALSE,other_countries,TRUE,0
clean_controls,ECU,Ecuador,36,2003,0.5073875999999999,0.5073875999999999,FALSE,NA,FALSE,other_countries,TRUE,0
clean_controls,ECU,Ecuador,36,2004,0.45758770000000004,0.45758770000000004,FALSE,NA,FALSE,other_countries,TRUE,0
clean_controls,ECU,Ecuador,36,2005,0.5001004,0.5001004,FALSE,NA,FALSE,other_countries,TRUE,0
clean_controls,ECU,Ecuador,36,2006,0.6178399,0.6178399,FALSE,NA,FALSE,other_countries,TRUE,0
clean_controls,ECU,Ecuador,36,2007,0.24558780000000008,0.24558780000000008,FALSE,NA,FALSE,other_countries,TRUE,0
clean_controls,ECU,Ecuador,36,2008,0.18099720000000002,0.18099720000000002,FALSE,NA,FALSE,other_countries,TRUE,0
clean_controls,ECU,Ecuador,36,2009,0.0745188,0.0745188,FALSE,NA,FALSE,other_countries,TRUE,0
clean_controls,ECU,Ecuador,36,2010,0.22407500000000002,0.22407500000000002,FALSE,NA,FALSE,other_countries,TRUE,0
clean_controls,ECU,Ecuador,36,2011,0.855255,0.855255,FALSE,NA,FALSE,other_countries,TRUE,0
clean_controls,ECU,Ecuador,36,2012,0.34942529999999994,0.34942529999999994,FALSE,NA,FALSE,other_countries,TRUE,0
clean_controls,ECU,Ecuador,36,2013,0.8310562000000001,0.8310562000000001,FALSE,NA,FALSE,other_countries,TRUE,0
clean_controls,ECU,Ecuador,36,2014,0.3830686,0.3830686,FALSE,NA,FALSE,other_countries,TRUE,0
clean_controls,ECU,Ecuador,36,2015,0.8817867999999999,0.8817867999999999,FALSE,NA,FALSE,other_countries,TRUE,0
clean_controls,ECU,Ecuador,36,2016,0.505984,0.505984,FALSE,NA,FALSE,other_countries,TRUE,0
clean_controls,ECU,Ecuador,36,2017,0.5368926,0.5368926,FALSE,NA,FALSE,other_countries,TRUE,0
clean_controls,ECU,Ecuador,36,2018,0.07279729999999995,0.07279729999999995,FALSE,NA,FALSE,other_countries,TRUE,0
clean_controls,ECU,Ecuador,36,2019,0.06351879999999999,0.06351879999999999,FALSE,NA,FALSE,other_countries,TRUE,0
clean_controls,ECU,Ecuador,36,2020,0.15275430000000007,0.15275430000000007,FALSE,NA,FALSE,other_countries,TRUE,0
clean_controls,ECU,Ecuador,36,2021,0.06346519999999997,0.06346519999999997,FALSE,NA,FALSE,other_countries,TRUE,0
clean_controls,ECU,Ecuador,36,2022,0.9736516,0.9736516,FALSE,NA,FALSE,other_countries,TRUE,0
clean_controls,EGY,Egypt,37,1997,0.2549992000000001,0.2549992000000001,FALSE,NA,FALSE,other_countries,TRUE,0
clean_controls,EGY,Egypt,37,1998,0.5460038,0.5460038,FALSE,NA,FALSE,other_countries,TRUE,0
clean_controls,EGY,Egypt,37,1999,0.3443292,0.3443292,FALSE,NA,FALSE,other_countries,TRUE,0
clean_controls,EGY,Egypt,37,2000,0.5634193999999999,0.5634193999999999,FALSE,NA,FALSE,other_countries,TRUE,0
clean_controls,EGY,Egypt,37,2001,0.6668786999999999,0.6668786999999999,FALSE,NA,FALSE,other_countries,TRUE,0
clean_controls,EGY,Egypt,37,2002,0.7205664,0.7205664,FALSE,NA,FALSE,other_countries,TRUE,0
clean_controls,EGY,Egypt,37,2003,0.2411388000000001,0.2411388000000001,FALSE,NA,FALSE,other_countries,TRUE,0
clean_controls,EGY,Egypt,37,2004,0.534046,0.534046,FALSE,NA,FALSE,other_countries,TRUE,0
clean_controls,EGY,Egypt,37,2005,0.9756465999999999,0.9756465999999999,FALSE,NA,FALSE,other_countries,TRUE,0
clean_controls,EGY,Egypt,37,2006,0.6672269000000001,0.6672269000000001,FALSE,NA,FALSE,other_countries,TRUE,0
clean_controls,EGY,Egypt,37,2007,0.816088,0.816088,FALSE,NA,FALSE,other_countries,TRUE,0
clean_controls,EGY,Egypt,37,2008,0.8717629,0.8717629,FALSE,NA,FALSE,other_countries,TRUE,0
clean_controls,EGY,Egypt,37,2009,0.7842507,0.7842507,FALSE,NA,FALSE,other_countries,TRUE,0
clean_controls,EGY,Egypt,37,2010,0.6263883,0.6263883,FALSE,NA,FALSE,other_countries,TRUE,0
clean_controls,EGY,Egypt,37,2011,0.2398882,0.2398882,FALSE,NA,FALSE,other_countries,TRUE,0
clean_controls,EGY,Egypt,37,2012,0.5002932999999999,0.5002932999999999,FALSE,NA,FALSE,other_countries,TRUE,0
clean_controls,EGY,Egypt,37,2013,0.7977922,0.7977922,FALSE,NA,FALSE,other_countries,TRUE,0
clean_controls,EGY,Egypt,37,2014,0.6934736,0.6934736,FALSE,NA,FALSE,other_countries,TRUE,0
clean_controls,EGY,Egypt,37,2015,1.1382328000000002,1.1382328000000002,FALSE,NA,FALSE,other_countries,TRUE,0
clean_controls,EGY,Egypt,37,2016,0.8055380999999999,0.8055380999999999,FALSE,NA,FALSE,other_countries,TRUE,0
clean_controls,EGY,Egypt,37,2017,0.6474568,0.6474568,FALSE,NA,FALSE,other_countries,TRUE,0
clean_controls,EGY,Egypt,37,2018,0.7355954,0.7355954,FALSE,NA,FALSE,other_countries,TRUE,0
clean_controls,EGY,Egypt,37,2019,0.6890326,0.6890326,FALSE,NA,FALSE,other_countries,TRUE,0
clean_controls,EGY,Egypt,37,2020,0.44445559999999984,0.44445559999999984,FALSE,NA,FALSE,other_countries,TRUE,0
clean_controls,EGY,Egypt,37,2021,0.6292712,0.6292712,FALSE,NA,FALSE,other_countries,TRUE,0
clean_controls,EGY,Egypt,37,2022,0.15966230000000003,0.15966230000000003,FALSE,NA,FALSE,other_countries,TRUE,0
clean_controls,ESP,Spain,38,1997,2.619234,2.619234,FALSE,NA,FALSE,other_countries,TRUE,0
clean_controls,ESP,Spain,38,1998,1.6098501,1.6098501,FALSE,NA,FALSE,other_countries,TRUE,0
clean_controls,ESP,Spain,38,1999,1.7788324000000002,1.7788324000000002,FALSE,NA,FALSE,other_countries,TRUE,0
clean_controls,ESP,Spain,38,2000,1.8079366000000001,1.8079366000000001,FALSE,NA,FALSE,other_countries,TRUE,0
clean_controls,ESP,Spain,38,2001,1.6704233,1.6704233,FALSE,NA,FALSE,other_countries,TRUE,0
clean_controls,ESP,Spain,38,2002,1.6635035999999999,1.6635035999999999,FALSE,NA,FALSE,other_countries,TRUE,0
clean_controls,ESP,Spain,38,2003,2.0654152,2.0654152,FALSE,NA,FALSE,other_countries,TRUE,0
clean_controls,ESP,Spain,38,2004,1.834065,1.834065,FALSE,NA,FALSE,other_countries,TRUE,0
clean_controls,ESP,Spain,38,2005,1.6545208,1.6545208,FALSE,NA,FALSE,other_countries,TRUE,0
clean_controls,ESP,Spain,38,2006,1.8819471,1.8819471,FALSE,NA,FALSE,other_countries,TRUE,0
clean_controls,ESP,Spain,38,2007,1.5392927,1.5392927,FALSE,NA,FALSE,other_countries,TRUE,0
clean_controls,ESP,Spain,38,2008,1.5692031,1.5692031,FALSE,NA,FALSE,other_countries,TRUE,0
clean_controls,ESP,Spain,38,2009,1.5520369999999999,1.5520369999999999,FALSE,NA,FALSE,other_countries,TRUE,0
clean_controls,ESP,Spain,38,2010,1.6746628000000001,1.6746628000000001,FALSE,NA,FALSE,other_countries,TRUE,0
clean_controls,ESP,Spain,38,2011,1.7145239,1.7145239,FALSE,NA,FALSE,other_countries,TRUE,0
clean_controls,ESP,Spain,38,2012,1.7936223,1.7936223,FALSE,NA,FALSE,other_countries,TRUE,0
clean_controls,ESP,Spain,38,2013,1.4228474,1.4228474,FALSE,NA,FALSE,other_countries,TRUE,0
clean_controls,ESP,Spain,38,2014,1.7347047,1.7347047,FALSE,NA,FALSE,other_countries,TRUE,0
clean_controls,ESP,Spain,38,2015,1.3354652,1.3354652,FALSE,NA,FALSE,other_countries,TRUE,0
clean_controls,ESP,Spain,38,2016,1.6379089,1.6379089,FALSE,NA,FALSE,other_countries,TRUE,0
clean_controls,ESP,Spain,38,2017,1.4205582,1.4205582,FALSE,NA,FALSE,other_countries,TRUE,0
clean_controls,ESP,Spain,38,2018,1.4982791,1.4982791,FALSE,NA,FALSE,other_countries,TRUE,0
clean_controls,ESP,Spain,38,2019,1.4676564,1.4676564,FALSE,NA,FALSE,other_countries,TRUE,0
clean_controls,ESP,Spain,38,2020,1.5560737,1.5560737,FALSE,NA,FALSE,other_countries,TRUE,0
clean_controls,ESP,Spain,38,2021,1.2148296,1.2148296,FALSE,NA,FALSE,other_countries,TRUE,0
clean_controls,ESP,Spain,38,2022,2.14525,2.14525,FALSE,NA,FALSE,other_countries,TRUE,0
clean_controls,EST,Estonia,39,1997,2.539433,2.539433,FALSE,NA,FALSE,other_countries,TRUE,0
clean_controls,EST,Estonia,39,1998,1.6547801,1.6547801,FALSE,NA,FALSE,other_countries,TRUE,0
clean_controls,EST,Estonia,39,1999,1.8863354,1.8863354,FALSE,NA,FALSE,other_countries,TRUE,0
clean_controls,EST,Estonia,39,2000,1.8678306,1.8678306,FALSE,NA,FALSE,other_countries,TRUE,0
clean_controls,EST,Estonia,39,2001,1.7223053,1.7223053,FALSE,NA,FALSE,other_countries,TRUE,0
clean_controls,EST,Estonia,39,2002,1.6181926,1.6181926,FALSE,NA,FALSE,other_countries,TRUE,0
clean_controls,EST,Estonia,39,2003,2.0801591999999998,2.0801591999999998,FALSE,NA,FALSE,other_countries,TRUE,0
clean_controls,EST,Estonia,39,2004,1.8171664,1.8171664,FALSE,NA,FALSE,other_countries,TRUE,0
clean_controls,EST,Estonia,39,2005,1.7158884,1.7158884,FALSE,NA,FALSE,other_countries,TRUE,0
clean_controls,EST,Estonia,39,2006,1.8272655,1.8272655,FALSE,NA,FALSE,other_countries,TRUE,0
clean_controls,EST,Estonia,39,2007,1.6122706,1.6122706,FALSE,NA,FALSE,other_countries,TRUE,0
clean_controls,EST,Estonia,39,2008,1.6313035,1.6313035,FALSE,NA,FALSE,other_countries,TRUE,0
clean_controls,EST,Estonia,39,2009,1.6409742999999999,1.6409742999999999,FALSE,NA,FALSE,other_countries,TRUE,0
clean_controls,EST,Estonia,39,2010,1.9434947,1.9434947,FALSE,NA,FALSE,other_countries,TRUE,0
clean_controls,EST,Estonia,39,2011,1.7902999999999998,1.7902999999999998,FALSE,NA,FALSE,other_countries,TRUE,0
clean_controls,EST,Estonia,39,2012,1.8708706999999998,1.8708706999999998,FALSE,NA,FALSE,other_countries,TRUE,0
clean_controls,EST,Estonia,39,2013,1.5379578,1.5379578,FALSE,NA,FALSE,other_countries,TRUE,0
clean_controls,EST,Estonia,39,2014,1.8784234,1.8784234,FALSE,NA,FALSE,other_countries,TRUE,0
clean_controls,EST,Estonia,39,2015,1.3641931999999999,1.3641931999999999,FALSE,NA,FALSE,other_countries,TRUE,0
clean_controls,EST,Estonia,39,2016,1.5993549,1.5993549,FALSE,NA,FALSE,other_countries,TRUE,0
clean_controls,EST,Estonia,39,2017,1.4488482,1.4488482,FALSE,NA,FALSE,other_countries,TRUE,0
clean_controls,EST,Estonia,39,2018,1.6535966,1.6535966,FALSE,NA,FALSE,other_countries,TRUE,0
clean_controls,EST,Estonia,39,2019,1.5388704,1.5388704,FALSE,NA,FALSE,other_countries,TRUE,0
clean_controls,EST,Estonia,39,2020,1.8258814,1.8258814,FALSE,NA,FALSE,other_countries,TRUE,0
clean_controls,EST,Estonia,39,2021,1.4698771,1.4698771,FALSE,NA,FALSE,other_countries,TRUE,0
clean_controls,EST,Estonia,39,2022,2.4130700000000003,2.4130700000000003,FALSE,NA,FALSE,other_countries,TRUE,0
clean_controls,FIN,Finland,40,1997,2.7025230000000002,2.7025230000000002,FALSE,NA,FALSE,other_countries,TRUE,0
clean_controls,FIN,Finland,40,1998,1.6473491,1.6473491,FALSE,NA,FALSE,other_countries,TRUE,0
clean_controls,FIN,Finland,40,1999,1.7861653999999998,1.7861653999999998,FALSE,NA,FALSE,other_countries,TRUE,0
clean_controls,FIN,Finland,40,2000,1.9184246,1.9184246,FALSE,NA,FALSE,other_countries,TRUE,0
clean_controls,FIN,Finland,40,2001,1.7130903000000002,1.7130903000000002,FALSE,NA,FALSE,other_countries,TRUE,0
clean_controls,FIN,Finland,40,2002,1.5643976,1.5643976,FALSE,NA,FALSE,other_countries,TRUE,0
clean_controls,FIN,Finland,40,2003,2.0355042,2.0355042,FALSE,NA,FALSE,other_countries,TRUE,0
clean_controls,FIN,Finland,40,2004,1.8134215,1.8134215,FALSE,NA,FALSE,other_countries,TRUE,0
clean_controls,FIN,Finland,40,2005,1.7427904,1.7427904,FALSE,NA,FALSE,other_countries,TRUE,0
clean_controls,FIN,Finland,40,2006,1.8262327,1.8262327,FALSE,NA,FALSE,other_countries,TRUE,0
clean_controls,FIN,Finland,40,2007,1.5602798,1.5602798,FALSE,NA,FALSE,other_countries,TRUE,0
clean_controls,FIN,Finland,40,2008,1.5474461000000002,1.5474461000000002,FALSE,NA,FALSE,other_countries,TRUE,0
clean_controls,FIN,Finland,40,2009,1.5296037,1.5296037,FALSE,NA,FALSE,other_countries,TRUE,0
clean_controls,FIN,Finland,40,2010,1.7156023,1.7156023,FALSE,NA,FALSE,other_countries,TRUE,0
clean_controls,FIN,Finland,40,2011,1.6972624,1.6972624,FALSE,NA,FALSE,other_countries,TRUE,0
clean_controls,FIN,Finland,40,2012,1.7549563,1.7549563,FALSE,NA,FALSE,other_countries,TRUE,0
clean_controls,FIN,Finland,40,2013,1.5375408,1.5375408,FALSE,NA,FALSE,other_countries,TRUE,0
clean_controls,FIN,Finland,40,2014,1.8201515000000001,1.8201515000000001,FALSE,NA,FALSE,other_countries,TRUE,0
clean_controls,FIN,Finland,40,2015,1.1382762,1.1382762,FALSE,NA,FALSE,other_countries,TRUE,0
clean_controls,FIN,Finland,40,2016,1.3828782,1.3828782,FALSE,NA,FALSE,other_countries,TRUE,0
clean_controls,FIN,Finland,40,2017,1.2744768,1.2744768,FALSE,NA,FALSE,other_countries,TRUE,0
clean_controls,FIN,Finland,40,2018,1.422445,1.422445,FALSE,NA,FALSE,other_countries,TRUE,0
clean_controls,FIN,Finland,40,2019,1.2838775,1.2838775,FALSE,NA,FALSE,other_countries,TRUE,0
clean_controls,FIN,Finland,40,2020,1.5067956,1.5067956,FALSE,NA,FALSE,other_countries,TRUE,0
clean_controls,FIN,Finland,40,2021,1.2039796999999999,1.2039796999999999,FALSE,NA,FALSE,other_countries,TRUE,0
clean_controls,FIN,Finland,40,2022,2.227353,2.227353,FALSE,NA,FALSE,other_countries,TRUE,0
clean_controls,FJI,Fiji,41,1997,0.7101029000000001,0.7101029000000001,FALSE,NA,FALSE,other_countries,TRUE,0
clean_controls,FJI,Fiji,41,1998,0.10225979999999996,0.10225979999999996,FALSE,NA,FALSE,other_countries,TRUE,0
clean_controls,FJI,Fiji,41,1999,0.008717900000000056,0.008717900000000056,FALSE,NA,FALSE,other_countries,TRUE,0
clean_controls,FJI,Fiji,41,2000,0.5794807000000001,0.5794807000000001,FALSE,NA,FALSE,other_countries,TRUE,0
clean_controls,FJI,Fiji,41,2001,0.3923074,0.3923074,FALSE,NA,FALSE,other_countries,TRUE,0
clean_controls,FJI,Fiji,41,2002,0.6454042,0.6454042,FALSE,NA,FALSE,other_countries,TRUE,0
clean_controls,FJI,Fiji,41,2003,0.84594038,0.84594038,FALSE,NA,FALSE,other_countries,TRUE,0
clean_controls,FJI,Fiji,41,2004,0.7860836600000001,0.7860836600000001,FALSE,NA,FALSE,other_countries,TRUE,0
clean_controls,FJI,Fiji,41,2005,0.5696607,0.5696607,FALSE,NA,FALSE,other_countries,TRUE,0
clean_controls,FJI,Fiji,41,2006,1.0254573,1.0254573,FALSE,NA,FALSE,other_countries,TRUE,0
clean_controls,FJI,Fiji,41,2007,0.603629088,0.603629088,FALSE,NA,FALSE,other_countries,TRUE,0
clean_controls,FJI,Fiji,41,2008,0.8651224,0.8651224,FALSE,NA,FALSE,other_countries,TRUE,0
clean_controls,FJI,Fiji,41,2009,0.8948617,0.8948617,FALSE,NA,FALSE,other_countries,TRUE,0
clean_controls,FJI,Fiji,41,2010,0.83635221,0.83635221,FALSE,NA,FALSE,other_countries,TRUE,0
clean_controls,FJI,Fiji,41,2011,0.6208564,0.6208564,FALSE,NA,FALSE,other_countries,TRUE,0
clean_controls,FJI,Fiji,41,2012,0.7749069,0.7749069,FALSE,NA,FALSE,other_countries,TRUE,0
clean_controls,FJI,Fiji,41,2013,0.012948499999999974,0.012948499999999974,FALSE,NA,FALSE,other_countries,TRUE,0
clean_controls,FJI,Fiji,41,2014,0.4810896,0.4810896,FALSE,NA,FALSE,other_countries,TRUE,0
clean_controls,FJI,Fiji,41,2015,0.372656,0.372656,FALSE,NA,FALSE,other_countries,TRUE,0
clean_controls,FJI,Fiji,41,2016,0.015312099999999995,0.015312099999999995,FALSE,NA,FALSE,other_countries,TRUE,0
clean_controls,FJI,Fiji,41,2017,0.04924130000000004,0.04924130000000004,FALSE,NA,FALSE,other_countries,TRUE,0
clean_controls,FJI,Fiji,41,2018,0.6103191,0.6103191,FALSE,NA,FALSE,other_countries,TRUE,0
clean_controls,FJI,Fiji,41,2019,0.2348951,0.2348951,FALSE,NA,FALSE,other_countries,TRUE,0
clean_controls,FJI,Fiji,41,2020,0.5709943500000001,0.5709943500000001,FALSE,NA,FALSE,other_countries,TRUE,0
clean_controls,FJI,Fiji,41,2021,0.03603039999999999,0.03603039999999999,FALSE,NA,FALSE,other_countries,TRUE,0
clean_controls,FJI,Fiji,41,2022,0.9568006,0.9568006,FALSE,NA,FALSE,other_countries,TRUE,0
clean_controls,FRA,France,42,1997,3.187485,3.187485,FALSE,NA,FALSE,other_countries,TRUE,0
clean_controls,FRA,France,42,1998,2.0365951,2.0365951,FALSE,NA,FALSE,other_countries,TRUE,0
clean_controls,FRA,France,42,1999,2.2296724,2.2296724,FALSE,NA,FALSE,other_countries,TRUE,0
clean_controls,FRA,France,42,2000,2.2218646,2.2218646,FALSE,NA,FALSE,other_countries,TRUE,0
clean_controls,FRA,France,42,2001,2.1188253,2.1188253,FALSE,NA,FALSE,other_countries,TRUE,0
clean_controls,FRA,France,42,2002,2.1355886,2.1355886,FALSE,NA,FALSE,other_countries,TRUE,0
clean_controls,FRA,France,42,2003,2.4339322,2.4339322,FALSE,NA,FALSE,other_countries,TRUE,0
clean_controls,FRA,France,42,2004,2.254487,2.254487,FALSE,NA,FALSE,other_countries,TRUE,0
clean_controls,FRA,France,42,2005,2.2909504,2.2909504,FALSE,NA,FALSE,other_countries,TRUE,0
clean_controls,FRA,France,42,2006,2.3582621,2.3582621,FALSE,NA,FALSE,other_countries,TRUE,0
clean_controls,FRA,France,42,2007,2.1587840000000003,2.1587840000000003,FALSE,NA,FALSE,other_countries,TRUE,0
clean_controls,FRA,France,42,2008,2.1019671,2.1019671,FALSE,NA,FALSE,other_countries,TRUE,0
clean_controls,FRA,France,42,2009,1.9776823000000001,1.9776823000000001,FALSE,NA,FALSE,other_countries,TRUE,0
clean_controls,FRA,France,42,2010,2.2906277,2.2906277,FALSE,NA,FALSE,other_countries,TRUE,0
clean_controls,FRA,France,42,2011,2.0540599999999998,2.0540599999999998,FALSE,NA,FALSE,other_countries,TRUE,0
clean_controls,FRA,France,42,2012,2.3193027,2.3193027,FALSE,NA,FALSE,other_countries,TRUE,0
clean_controls,FRA,France,42,2013,1.9116298,1.9116298,FALSE,NA,FALSE,other_countries,TRUE,0
clean_controls,FRA,France,42,2014,2.2560724,2.2560724,FALSE,NA,FALSE,other_countries,TRUE,0
clean_controls,FRA,France,42,2015,1.7624422,1.7624422,FALSE,NA,FALSE,other_countries,TRUE,0
clean_controls,FRA,France,42,2016,1.9309489,1.9309489,FALSE,NA,FALSE,other_countries,TRUE,0
clean_controls,FRA,France,42,2017,1.9097292000000001,1.9097292000000001,FALSE,NA,FALSE,other_countries,TRUE,0
clean_controls,FRA,France,42,2018,1.9980756,1.9980756,FALSE,NA,FALSE,other_countries,TRUE,0
clean_controls,FRA,France,42,2019,1.8051024,1.8051024,FALSE,NA,FALSE,other_countries,TRUE,0
clean_controls,FRA,France,42,2020,2.0429104000000002,2.0429104000000002,FALSE,NA,FALSE,other_countries,TRUE,0
clean_controls,FRA,France,42,2021,1.8124911,1.8124911,FALSE,NA,FALSE,other_countries,TRUE,0
clean_controls,FRA,France,42,2022,2.572063,2.572063,FALSE,NA,FALSE,other_countries,TRUE,0
clean_controls,FSM,Micronesia (Federated States of),43,1997,2.739812,2.739812,FALSE,NA,FALSE,other_countries,TRUE,0
clean_controls,FSM,Micronesia (Federated States of),43,1998,2.4725081,2.4725081,FALSE,NA,FALSE,other_countries,TRUE,0
clean_controls,FSM,Micronesia (Federated States of),43,1999,2.6144424,2.6144424,FALSE,NA,FALSE,other_countries,TRUE,0
clean_controls,FSM,Micronesia (Federated States of),43,2000,2.6647195999999997,2.6647195999999997,FALSE,NA,FALSE,other_countries,TRUE,0
clean_controls,FSM,Micronesia (Federated States of),43,2001,2.6741573,2.6741573,FALSE,NA,FALSE,other_countries,TRUE,0
clean_controls,FSM,Micronesia (Federated States of),43,2002,2.8503836,2.8503836,FALSE,NA,FALSE,other_countries,TRUE,0
clean_controls,FSM,Micronesia (Federated States of),43,2003,3.1954512,3.1954512,FALSE,NA,FALSE,other_countries,TRUE,0
clean_controls,FSM,Micronesia (Federated States of),43,2004,2.789764,2.789764,FALSE,NA,FALSE,other_countries,TRUE,0
clean_controls,FSM,Micronesia (Federated States of),43,2005,2.5586824000000004,2.5586824000000004,FALSE,NA,FALSE,other_countries,TRUE,0
clean_controls,FSM,Micronesia (Federated States of),43,2006,2.6152901,2.6152901,FALSE,NA,FALSE,other_countries,TRUE,0
clean_controls,FSM,Micronesia (Federated States of),43,2007,2.346199,2.346199,FALSE,NA,FALSE,other_countries,TRUE,0
clean_controls,FSM,Micronesia (Federated States of),43,2008,2.5906551,2.5906551,FALSE,NA,FALSE,other_countries,TRUE,0
clean_controls,FSM,Micronesia (Federated States of),43,2009,2.6585223,2.6585223,FALSE,NA,FALSE,other_countries,TRUE,0
clean_controls,FSM,Micronesia (Federated States of),43,2010,2.8410787,2.8410787,FALSE,NA,FALSE,other_countries,TRUE,0
clean_controls,FSM,Micronesia (Federated States of),43,2011,2.881362,2.881362,FALSE,NA,FALSE,other_countries,TRUE,0
clean_controls,FSM,Micronesia (Federated States of),43,2012,2.7346447,2.7346447,FALSE,NA,FALSE,other_countries,TRUE,0
clean_controls,FSM,Micronesia (Federated States of),43,2013,2.6412348,2.6412348,FALSE,NA,FALSE,other_countries,TRUE,0
clean_controls,FSM,Micronesia (Federated States of),43,2014,2.2734184,2.2734184,FALSE,NA,FALSE,other_countries,TRUE,0
clean_controls,FSM,Micronesia (Federated States of),43,2015,2.2789872,2.2789872,FALSE,NA,FALSE,other_countries,TRUE,0
clean_controls,FSM,Micronesia (Federated States of),43,2016,1.9888069,1.9888069,FALSE,NA,FALSE,other_countries,TRUE,0
clean_controls,FSM,Micronesia (Federated States of),43,2017,1.9137372000000001,1.9137372000000001,FALSE,NA,FALSE,other_countries,TRUE,0
clean_controls,FSM,Micronesia (Federated States of),43,2018,1.9980206,1.9980206,FALSE,NA,FALSE,other_countries,TRUE,0
clean_controls,FSM,Micronesia (Federated States of),43,2019,1.6424904,1.6424904,FALSE,NA,FALSE,other_countries,TRUE,0
clean_controls,FSM,Micronesia (Federated States of),43,2020,2.0445684,2.0445684,FALSE,NA,FALSE,other_countries,TRUE,0
clean_controls,FSM,Micronesia (Federated States of),43,2021,2.0123941,2.0123941,FALSE,NA,FALSE,other_countries,TRUE,0
clean_controls,FSM,Micronesia (Federated States of),43,2022,2.628468,2.628468,FALSE,NA,FALSE,other_countries,TRUE,0
clean_controls,GAB,Gabon,44,1997,0.4199096,0.4199096,FALSE,2017,TRUE,selected_public_cue,FALSE,0
clean_controls,GAB,Gabon,44,1998,0.2696423,0.2696423,FALSE,2017,TRUE,selected_public_cue,FALSE,0
clean_controls,GAB,Gabon,44,1999,0.10807450000000007,0.10807450000000007,FALSE,2017,TRUE,selected_public_cue,FALSE,0
clean_controls,GAB,Gabon,44,2000,0.005151900000000098,0.005151900000000098,FALSE,2017,TRUE,selected_public_cue,FALSE,0
clean_controls,GAB,Gabon,44,2001,0.008862600000000054,0.008862600000000054,FALSE,2017,TRUE,selected_public_cue,FALSE,0
clean_controls,GAB,Gabon,44,2002,0.09844910000000007,0.09844910000000007,FALSE,2017,TRUE,selected_public_cue,FALSE,0
clean_controls,GAB,Gabon,44,2003,0.13223850000000004,0.13223850000000004,FALSE,2017,TRUE,selected_public_cue,FALSE,0
clean_controls,GAB,Gabon,44,2004,0.1601357,0.1601357,FALSE,2017,TRUE,selected_public_cue,FALSE,0
clean_controls,GAB,Gabon,44,2005,0.07448520000000003,0.07448520000000003,FALSE,2017,TRUE,selected_public_cue,FALSE,0
clean_controls,GAB,Gabon,44,2006,0.053731799999999996,0.053731799999999996,FALSE,2017,TRUE,selected_public_cue,FALSE,0
clean_controls,GAB,Gabon,44,2007,0.0979968,0.0979968,FALSE,2017,TRUE,selected_public_cue,FALSE,0
clean_controls,GAB,Gabon,44,2008,0.02870589999999995,0.02870589999999995,FALSE,2017,TRUE,selected_public_cue,FALSE,0
clean_controls,GAB,Gabon,44,2009,0.08768790000000004,0.08768790000000004,FALSE,2017,TRUE,selected_public_cue,FALSE,0
clean_controls,GAB,Gabon,44,2010,0.3029256,0.3029256,FALSE,2017,TRUE,selected_public_cue,FALSE,0
clean_controls,GAB,Gabon,44,2011,0.2774028,0.2774028,FALSE,2017,TRUE,selected_public_cue,FALSE,0
clean_controls,GAB,Gabon,44,2012,0.5832341999999999,0.5832341999999999,FALSE,2017,TRUE,selected_public_cue,FALSE,0
clean_controls,GAB,Gabon,44,2013,0.07306370000000006,0.07306370000000006,FALSE,2017,TRUE,selected_public_cue,FALSE,0
clean_controls,GAB,Gabon,44,2014,0.5358839,0.5358839,FALSE,2017,TRUE,selected_public_cue,FALSE,0
clean_controls,GAB,Gabon,44,2015,0.23459330000000003,0.23459330000000003,FALSE,2017,TRUE,selected_public_cue,FALSE,0
clean_controls,GAB,Gabon,44,2016,0.08517980000000003,0.08517980000000003,FALSE,2017,TRUE,selected_public_cue,FALSE,0
clean_controls,GAB,Gabon,44,2017,0.021965500000000027,0.021965500000000027,TRUE,2017,TRUE,selected_public_cue,FALSE,1
clean_controls,GAB,Gabon,44,2018,0.1971444,0.1971444,TRUE,2017,TRUE,selected_public_cue,FALSE,1
clean_controls,GAB,Gabon,44,2019,0.32573889999999994,0.32573889999999994,TRUE,2017,TRUE,selected_public_cue,FALSE,1
clean_controls,GAB,Gabon,44,2020,0.06409750000000003,0.06409750000000003,TRUE,2017,TRUE,selected_public_cue,FALSE,1
clean_controls,GAB,Gabon,44,2021,0.05780189999999999,0.05780189999999999,TRUE,2017,TRUE,selected_public_cue,FALSE,1
clean_controls,GAB,Gabon,44,2022,0.4785199,0.4785199,TRUE,2017,TRUE,selected_public_cue,FALSE,1
clean_controls,GBR,United Kingdom,45,1997,3.3835830000000002,3.3835830000000002,FALSE,NA,FALSE,other_countries,TRUE,0
clean_controls,GBR,United Kingdom,45,1998,2.1730331,2.1730331,FALSE,NA,FALSE,other_countries,TRUE,0
clean_controls,GBR,United Kingdom,45,1999,2.4010964,2.4010964,FALSE,NA,FALSE,other_countries,TRUE,0
clean_controls,GBR,United Kingdom,45,2000,2.4744376,2.4744376,FALSE,NA,FALSE,other_countries,TRUE,0
clean_controls,GBR,United Kingdom,45,2001,2.2749843,2.2749843,FALSE,NA,FALSE,other_countries,TRUE,0
clean_controls,GBR,United Kingdom,45,2002,2.3352796,2.3352796,FALSE,NA,FALSE,other_countries,TRUE,0
clean_controls,GBR,United Kingdom,45,2003,2.6748871999999997,2.6748871999999997,FALSE,NA,FALSE,other_countries,TRUE,0
clean_controls,GBR,United Kingdom,45,2004,2.394941,2.394941,FALSE,NA,FALSE,other_countries,TRUE,0
clean_controls,GBR,United Kingdom,45,2005,2.4021724,2.4021724,FALSE,NA,FALSE,other_countries,TRUE,0
clean_controls,GBR,United Kingdom,45,2006,2.3694371,2.3694371,FALSE,NA,FALSE,other_countries,TRUE,0
clean_controls,GBR,United Kingdom,45,2007,2.285425,2.285425,FALSE,NA,FALSE,other_countries,TRUE,0
clean_controls,GBR,United Kingdom,45,2008,2.2469821000000003,2.2469821000000003,FALSE,NA,FALSE,other_countries,TRUE,0
clean_controls,GBR,United Kingdom,45,2009,2.1374123,2.1374123,FALSE,NA,FALSE,other_countries,TRUE,0
clean_controls,GBR,United Kingdom,45,2010,2.5466647,2.5466647,FALSE,NA,FALSE,other_countries,TRUE,0
clean_controls,GBR,United Kingdom,45,2011,2.283999,2.283999,FALSE,NA,FALSE,other_countries,TRUE,0
clean_controls,GBR,United Kingdom,45,2012,2.4133797,2.4133797,FALSE,NA,FALSE,other_countries,TRUE,0
clean_controls,GBR,United Kingdom,45,2013,2.1746058,2.1746058,FALSE,NA,FALSE,other_countries,TRUE,0
clean_controls,GBR,United Kingdom,45,2014,2.5339264,2.5339264,FALSE,NA,FALSE,other_countries,TRUE,0
clean_controls,GBR,United Kingdom,45,2015,1.9106712,1.9106712,FALSE,NA,FALSE,other_countries,TRUE,0
clean_controls,GBR,United Kingdom,45,2016,2.1890459,2.1890459,FALSE,NA,FALSE,other_countries,TRUE,0
clean_controls,GBR,United Kingdom,45,2017,2.0407402,2.0407402,FALSE,NA,FALSE,other_countries,TRUE,0
clean_controls,GBR,United Kingdom,45,2018,2.1603326000000003,2.1603326000000003,FALSE,NA,FALSE,other_countries,TRUE,0
clean_controls,GBR,United Kingdom,45,2019,2.0405284,2.0405284,FALSE,NA,FALSE,other_countries,TRUE,0
clean_controls,GBR,United Kingdom,45,2020,2.2545054,2.2545054,FALSE,NA,FALSE,other_countries,TRUE,0
clean_controls,GBR,United Kingdom,45,2021,2.2098431,2.2098431,FALSE,NA,FALSE,other_countries,TRUE,0
clean_controls,GBR,United Kingdom,45,2022,2.9529449999999997,2.9529449999999997,FALSE,NA,FALSE,other_countries,TRUE,0
clean_controls,GEO,Georgia,46,1997,1.9960137,1.9960137,FALSE,NA,FALSE,other_countries,TRUE,0
clean_controls,GEO,Georgia,46,1998,0.9138234999999999,0.9138234999999999,FALSE,NA,FALSE,other_countries,TRUE,0
clean_controls,GEO,Georgia,46,1999,1.5227659,1.5227659,FALSE,NA,FALSE,other_countries,TRUE,0
clean_controls,GEO,Georgia,46,2000,1.6311944,1.6311944,FALSE,NA,FALSE,other_countries,TRUE,0
clean_controls,GEO,Georgia,46,2001,1.4636576,1.4636576,FALSE,NA,FALSE,other_countries,TRUE,0
clean_controls,GEO,Georgia,46,2002,1.3382546,1.3382546,FALSE,NA,FALSE,other_countries,TRUE,0
clean_controls,GEO,Georgia,46,2003,1.8005247,1.8005247,FALSE,NA,FALSE,other_countries,TRUE,0
clean_controls,GEO,Georgia,46,2004,1.6308761,1.6308761,FALSE,NA,FALSE,other_countries,TRUE,0
clean_controls,GEO,Georgia,46,2005,1.7449584,1.7449584,FALSE,NA,FALSE,other_countries,TRUE,0
clean_controls,GEO,Georgia,46,2006,1.7113806999999999,1.7113806999999999,FALSE,NA,FALSE,other_countries,TRUE,0
clean_controls,GEO,Georgia,46,2007,1.3065914,1.3065914,FALSE,NA,FALSE,other_countries,TRUE,0
clean_controls,GEO,Georgia,46,2008,1.4235351,1.4235351,FALSE,NA,FALSE,other_countries,TRUE,0
clean_controls,GEO,Georgia,46,2009,1.5589404,1.5589404,FALSE,NA,FALSE,other_countries,TRUE,0
clean_controls,GEO,Georgia,46,2010,1.7419104,1.7419104,FALSE,NA,FALSE,other_countries,TRUE,0
clean_controls,GEO,Georgia,46,2011,1.5930404999999999,1.5930404999999999,FALSE,NA,FALSE,other_countries,TRUE,0
clean_controls,GEO,Georgia,46,2012,1.6759300000000001,1.6759300000000001,FALSE,NA,FALSE,other_countries,TRUE,0
clean_controls,GEO,Georgia,46,2013,1.2986022,1.2986022,FALSE,NA,FALSE,other_countries,TRUE,0
clean_controls,GEO,Georgia,46,2014,1.6972626,1.6972626,FALSE,NA,FALSE,other_countries,TRUE,0
clean_controls,GEO,Georgia,46,2015,1.0760445,1.0760445,FALSE,NA,FALSE,other_countries,TRUE,0
clean_controls,GEO,Georgia,46,2016,1.3791904000000001,1.3791904000000001,FALSE,NA,FALSE,other_countries,TRUE,0
clean_controls,GEO,Georgia,46,2017,1.2697635999999999,1.2697635999999999,FALSE,NA,FALSE,other_countries,TRUE,0
clean_controls,GEO,Georgia,46,2018,1.4005554,1.4005554,FALSE,NA,FALSE,other_countries,TRUE,0
clean_controls,GEO,Georgia,46,2019,1.2822175,1.2822175,FALSE,NA,FALSE,other_countries,TRUE,0
clean_controls,GEO,Georgia,46,2020,1.5289782,1.5289782,FALSE,NA,FALSE,other_countries,TRUE,0
clean_controls,GEO,Georgia,46,2021,1.081888,1.081888,FALSE,NA,FALSE,other_countries,TRUE,0
clean_controls,GEO,Georgia,46,2022,2.0437894,2.0437894,FALSE,NA,FALSE,other_countries,TRUE,0
clean_controls,GRC,Greece,47,1997,2.592476,2.592476,FALSE,NA,FALSE,other_countries,TRUE,0
clean_controls,GRC,Greece,47,1998,1.5981841,1.5981841,FALSE,NA,FALSE,other_countries,TRUE,0
clean_controls,GRC,Greece,47,1999,1.7809854,1.7809854,FALSE,NA,FALSE,other_countries,TRUE,0
clean_controls,GRC,Greece,47,2000,1.8585116000000002,1.8585116000000002,FALSE,NA,FALSE,other_countries,TRUE,0
clean_controls,GRC,Greece,47,2001,1.6987633,1.6987633,FALSE,NA,FALSE,other_countries,TRUE,0
clean_controls,GRC,Greece,47,2002,1.5703666,1.5703666,FALSE,NA,FALSE,other_countries,TRUE,0
clean_controls,GRC,Greece,47,2003,1.9814162,1.9814162,FALSE,NA,FALSE,other_countries,TRUE,0
clean_controls,GRC,Greece,47,2004,1.7394981,1.7394981,FALSE,NA,FALSE,other_countries,TRUE,0
clean_controls,GRC,Greece,47,2005,1.6995147,1.6995147,FALSE,NA,FALSE,other_countries,TRUE,0
clean_controls,GRC,Greece,47,2006,1.8730641000000001,1.8730641000000001,FALSE,NA,FALSE,other_countries,TRUE,0
clean_controls,GRC,Greece,47,2007,1.6494170000000001,1.6494170000000001,FALSE,NA,FALSE,other_countries,TRUE,0
clean_controls,GRC,Greece,47,2008,1.6109946000000002,1.6109946000000002,FALSE,NA,FALSE,other_countries,TRUE,0
clean_controls,GRC,Greece,47,2009,1.5740034,1.5740034,FALSE,NA,FALSE,other_countries,TRUE,0
clean_controls,GRC,Greece,47,2010,0.49818490000000004,0.49818490000000004,FALSE,NA,FALSE,other_countries,TRUE,0
clean_controls,GRC,Greece,47,2011,1.6178766,1.6178766,FALSE,NA,FALSE,other_countries,TRUE,0
clean_controls,GRC,Greece,47,2012,1.7337276,1.7337276,FALSE,NA,FALSE,other_countries,TRUE,0
clean_controls,GRC,Greece,47,2013,1.4235302,1.4235302,FALSE,NA,FALSE,other_countries,TRUE,0
clean_controls,GRC,Greece,47,2014,1.7173976,1.7173976,FALSE,NA,FALSE,other_countries,TRUE,0
clean_controls,GRC,Greece,47,2015,1.0534454,1.0534454,FALSE,NA,FALSE,other_countries,TRUE,0
clean_controls,GRC,Greece,47,2016,1.2154489000000002,1.2154489000000002,FALSE,NA,FALSE,other_countries,TRUE,0
clean_controls,GRC,Greece,47,2017,1.2812887,1.2812887,FALSE,NA,FALSE,other_countries,TRUE,0
clean_controls,GRC,Greece,47,2018,1.3855903,1.3855903,FALSE,NA,FALSE,other_countries,TRUE,0
clean_controls,GRC,Greece,47,2019,1.3991524,1.3991524,FALSE,NA,FALSE,other_countries,TRUE,0
clean_controls,GRC,Greece,47,2020,1.5347886000000002,1.5347886000000002,FALSE,NA,FALSE,other_countries,TRUE,0
clean_controls,GRC,Greece,47,2021,1.1982755,1.1982755,FALSE,NA,FALSE,other_countries,TRUE,0
clean_controls,GRC,Greece,47,2022,2.131459,2.131459,FALSE,NA,FALSE,other_countries,TRUE,0
clean_controls,GRD,Grenada,48,1997,0.8280964000000001,0.8280964000000001,FALSE,NA,FALSE,other_countries,TRUE,0
clean_controls,GRD,Grenada,48,1998,0.2100644,0.2100644,FALSE,NA,FALSE,other_countries,TRUE,0
clean_controls,GRD,Grenada,48,1999,0.33637469999999997,0.33637469999999997,FALSE,NA,FALSE,other_countries,TRUE,0
clean_controls,GRD,Grenada,48,2000,0.37566960000000005,0.37566960000000005,FALSE,NA,FALSE,other_countries,TRUE,0
clean_controls,GRD,Grenada,48,2001,0.2586391,0.2586391,FALSE,NA,FALSE,other_countries,TRUE,0
clean_controls,GRD,Grenada,48,2002,0.08129529999999996,0.08129529999999996,FALSE,NA,FALSE,other_countries,TRUE,0
clean_controls,GRD,Grenada,48,2003,0.3461212,0.3461212,FALSE,NA,FALSE,other_countries,TRUE,0
clean_controls,GRD,Grenada,48,2004,1.0748137,1.0748137,FALSE,NA,FALSE,other_countries,TRUE,0
clean_controls,GRD,Grenada,48,2005,0.74631064,0.74631064,FALSE,NA,FALSE,other_countries,TRUE,0
clean_controls,GRD,Grenada,48,2006,0.21263739999999998,0.21263739999999998,FALSE,NA,FALSE,other_countries,TRUE,0
clean_controls,GRD,Grenada,48,2007,0.39413220000000004,0.39413220000000004,FALSE,NA,FALSE,other_countries,TRUE,0
clean_controls,GRD,Grenada,48,2008,0.19737120000000002,0.19737120000000002,FALSE,NA,FALSE,other_countries,TRUE,0
clean_controls,GRD,Grenada,48,2009,0.1320812,0.1320812,FALSE,NA,FALSE,other_countries,TRUE,0
clean_controls,GRD,Grenada,48,2010,1.6187305,1.6187305,FALSE,NA,FALSE,other_countries,TRUE,0
clean_controls,GRD,Grenada,48,2011,0.31717039999999996,0.31717039999999996,FALSE,NA,FALSE,other_countries,TRUE,0
clean_controls,GRD,Grenada,48,2012,0.30104620000000004,0.30104620000000004,FALSE,NA,FALSE,other_countries,TRUE,0
clean_controls,GRD,Grenada,48,2013,0.26527579999999995,0.26527579999999995,FALSE,NA,FALSE,other_countries,TRUE,0
clean_controls,GRD,Grenada,48,2014,0.31586939999999997,0.31586939999999997,FALSE,NA,FALSE,other_countries,TRUE,0
clean_controls,GRD,Grenada,48,2015,0.28174029999999994,0.28174029999999994,FALSE,NA,FALSE,other_countries,TRUE,0
clean_controls,GRD,Grenada,48,2016,0.0032300000000000106,0.0032300000000000106,FALSE,NA,FALSE,other_countries,TRUE,0
clean_controls,GRD,Grenada,48,2017,0.18174400000000007,0.18174400000000007,FALSE,NA,FALSE,other_countries,TRUE,0
clean_controls,GRD,Grenada,48,2018,0.0918021,0.0918021,FALSE,NA,FALSE,other_countries,TRUE,0
clean_controls,GRD,Grenada,48,2019,0.1728052,0.1728052,FALSE,NA,FALSE,other_countries,TRUE,0
clean_controls,GRD,Grenada,48,2020,0.036158899999999994,0.036158899999999994,FALSE,NA,FALSE,other_countries,TRUE,0
clean_controls,GRD,Grenada,48,2021,0.31339480000000003,0.31339480000000003,FALSE,NA,FALSE,other_countries,TRUE,0
clean_controls,GRD,Grenada,48,2022,0.5801528,0.5801528,FALSE,NA,FALSE,other_countries,TRUE,0
clean_controls,GTM,Guatemala,49,1997,1.16292228,1.16292228,FALSE,NA,FALSE,other_countries,TRUE,0
clean_controls,GTM,Guatemala,49,1998,0.396454479,0.396454479,FALSE,NA,FALSE,other_countries,TRUE,0
clean_controls,GTM,Guatemala,49,1999,0.7694082999999999,0.7694082999999999,FALSE,NA,FALSE,other_countries,TRUE,0
clean_controls,GTM,Guatemala,49,2000,0.7764695100000001,0.7764695100000001,FALSE,NA,FALSE,other_countries,TRUE,0
clean_controls,GTM,Guatemala,49,2001,0.548959698,0.548959698,FALSE,NA,FALSE,other_countries,TRUE,0
clean_controls,GTM,Guatemala,49,2002,0.5517091599999999,0.5517091599999999,FALSE,NA,FALSE,other_countries,TRUE,0
clean_controls,GTM,Guatemala,49,2003,1.0705356,1.0705356,FALSE,NA,FALSE,other_countries,TRUE,0
clean_controls,GTM,Guatemala,49,2004,0.8589340200000001,0.8589340200000001,FALSE,NA,FALSE,other_countries,TRUE,0
clean_controls,GTM,Guatemala,49,2005,0.72960706,0.72960706,FALSE,NA,FALSE,other_countries,TRUE,0
clean_controls,GTM,Guatemala,49,2006,0.8225768,0.8225768,FALSE,NA,FALSE,other_countries,TRUE,0
clean_controls,GTM,Guatemala,49,2007,0.4906016000000001,0.4906016000000001,FALSE,NA,FALSE,other_countries,TRUE,0
clean_controls,GTM,Guatemala,49,2008,0.4870449,0.4870449,FALSE,NA,FALSE,other_countries,TRUE,0
clean_controls,GTM,Guatemala,49,2009,0.4263842,0.4263842,FALSE,NA,FALSE,other_countries,TRUE,0
clean_controls,GTM,Guatemala,49,2010,0.6669720000000001,0.6669720000000001,FALSE,NA,FALSE,other_countries,TRUE,0
clean_controls,GTM,Guatemala,49,2011,0.5457869,0.5457869,FALSE,NA,FALSE,other_countries,TRUE,0
clean_controls,GTM,Guatemala,49,2012,0.7272235,0.7272235,FALSE,NA,FALSE,other_countries,TRUE,0
clean_controls,GTM,Guatemala,49,2013,0.34250499999999995,0.34250499999999995,FALSE,NA,FALSE,other_countries,TRUE,0
clean_controls,GTM,Guatemala,49,2014,0.6668882,0.6668882,FALSE,NA,FALSE,other_countries,TRUE,0
clean_controls,GTM,Guatemala,49,2015,0.0071330000000000005,0.0071330000000000005,FALSE,NA,FALSE,other_countries,TRUE,0
clean_controls,GTM,Guatemala,49,2016,0.42946392,0.42946392,FALSE,NA,FALSE,other_countries,TRUE,0
clean_controls,GTM,Guatemala,49,2017,0.39338762,0.39338762,FALSE,NA,FALSE,other_countries,TRUE,0
clean_controls,GTM,Guatemala,49,2018,0.7066826,0.7066826,FALSE,NA,FALSE,other_countries,TRUE,0
clean_controls,GTM,Guatemala,49,2019,0.4781248,0.4781248,FALSE,NA,FALSE,other_countries,TRUE,0
clean_controls,GTM,Guatemala,49,2020,0.7101685000000001,0.7101685000000001,FALSE,NA,FALSE,other_countries,TRUE,0
clean_controls,GTM,Guatemala,49,2021,0.24665500999999998,0.24665500999999998,FALSE,NA,FALSE,other_countries,TRUE,0
clean_controls,GTM,Guatemala,49,2022,1.2931181,1.2931181,FALSE,NA,FALSE,other_countries,TRUE,0
clean_controls,GUY,Guyana,50,1997,0.7694946,0.7694946,FALSE,NA,FALSE,other_countries,TRUE,0
clean_controls,GUY,Guyana,50,1998,0.0751542,0.0751542,FALSE,NA,FALSE,other_countries,TRUE,0
clean_controls,GUY,Guyana,50,1999,0.22407459999999996,0.22407459999999996,FALSE,NA,FALSE,other_countries,TRUE,0
clean_controls,GUY,Guyana,50,2000,0.26694640000000003,0.26694640000000003,FALSE,NA,FALSE,other_countries,TRUE,0
clean_controls,GUY,Guyana,50,2001,0.1063539,0.1063539,FALSE,NA,FALSE,other_countries,TRUE,0
clean_controls,GUY,Guyana,50,2002,0.046618599999999955,0.046618599999999955,FALSE,NA,FALSE,other_countries,TRUE,0
clean_controls,GUY,Guyana,50,2003,0.3186432,0.3186432,FALSE,NA,FALSE,other_countries,TRUE,0
clean_controls,GUY,Guyana,50,2004,0.1752884,0.1752884,FALSE,NA,FALSE,other_countries,TRUE,0
clean_controls,GUY,Guyana,50,2005,0.11123340000000004,0.11123340000000004,FALSE,NA,FALSE,other_countries,TRUE,0
clean_controls,GUY,Guyana,50,2006,0.4050745,0.4050745,FALSE,NA,FALSE,other_countries,TRUE,0
clean_controls,GUY,Guyana,50,2007,0.15108100000000008,0.15108100000000008,FALSE,NA,FALSE,other_countries,TRUE,0
clean_controls,GUY,Guyana,50,2008,0.112977,0.112977,FALSE,NA,FALSE,other_countries,TRUE,0
clean_controls,GUY,Guyana,50,2009,0.09744870000000005,0.09744870000000005,FALSE,NA,FALSE,other_countries,TRUE,0
clean_controls,GUY,Guyana,50,2010,0.05889260000000007,0.05889260000000007,FALSE,NA,FALSE,other_countries,TRUE,0
clean_controls,GUY,Guyana,50,2011,0.12512619999999997,0.12512619999999997,FALSE,NA,FALSE,other_countries,TRUE,0
clean_controls,GUY,Guyana,50,2012,0.14452279999999995,0.14452279999999995,FALSE,NA,FALSE,other_countries,TRUE,0
clean_controls,GUY,Guyana,50,2013,0.2239234,0.2239234,FALSE,NA,FALSE,other_countries,TRUE,0
clean_controls,GUY,Guyana,50,2014,0.07053960000000004,0.07053960000000004,FALSE,NA,FALSE,other_countries,TRUE,0
clean_controls,GUY,Guyana,50,2015,0.4952305,0.4952305,FALSE,NA,FALSE,other_countries,TRUE,0
clean_controls,GUY,Guyana,50,2016,0.09728519999999996,0.09728519999999996,FALSE,NA,FALSE,other_countries,TRUE,0
clean_controls,GUY,Guyana,50,2017,0.3238142,0.3238142,FALSE,NA,FALSE,other_countries,TRUE,0
clean_controls,GUY,Guyana,50,2018,0.2510947,0.2510947,FALSE,NA,FALSE,other_countries,TRUE,0
clean_controls,GUY,Guyana,50,2019,0.1261441,0.1261441,FALSE,NA,FALSE,other_countries,TRUE,0
clean_controls,GUY,Guyana,50,2020,0.4798760000000001,0.4798760000000001,FALSE,NA,FALSE,other_countries,TRUE,0
clean_controls,GUY,Guyana,50,2021,0.021911299999999967,0.021911299999999967,FALSE,NA,FALSE,other_countries,TRUE,0
clean_controls,GUY,Guyana,50,2022,0.9126812,0.9126812,FALSE,NA,FALSE,other_countries,TRUE,0
clean_controls,HND,Honduras,51,1997,1.0224655,1.0224655,FALSE,NA,FALSE,other_countries,TRUE,0
clean_controls,HND,Honduras,51,1998,0.48284726,0.48284726,FALSE,NA,FALSE,other_countries,TRUE,0
clean_controls,HND,Honduras,51,1999,0.14073999999999998,0.14073999999999998,FALSE,NA,FALSE,other_countries,TRUE,0
clean_controls,HND,Honduras,51,2000,0.46154340000000005,0.46154340000000005,FALSE,NA,FALSE,other_countries,TRUE,0
clean_controls,HND,Honduras,51,2001,0.3520433,0.3520433,FALSE,NA,FALSE,other_countries,TRUE,0
clean_controls,HND,Honduras,51,2002,0.3350841,0.3350841,FALSE,NA,FALSE,other_countries,TRUE,0
clean_controls,HND,Honduras,51,2003,1.2009274,1.2009274,FALSE,NA,FALSE,other_countries,TRUE,0
clean_controls,HND,Honduras,51,2004,0.91320903,0.91320903,FALSE,NA,FALSE,other_countries,TRUE,0
clean_controls,HND,Honduras,51,2005,0.76544456,0.76544456,FALSE,NA,FALSE,other_countries,TRUE,0
clean_controls,HND,Honduras,51,2006,0.83450136,0.83450136,FALSE,NA,FALSE,other_countries,TRUE,0
clean_controls,HND,Honduras,51,2007,0.49326470000000006,0.49326470000000006,FALSE,NA,FALSE,other_countries,TRUE,0
clean_controls,HND,Honduras,51,2008,0.5187511,0.5187511,FALSE,NA,FALSE,other_countries,TRUE,0
clean_controls,HND,Honduras,51,2009,0.4248325,0.4248325,FALSE,NA,FALSE,other_countries,TRUE,0
clean_controls,HND,Honduras,51,2010,0.6725094,0.6725094,FALSE,NA,FALSE,other_countries,TRUE,0
clean_controls,HND,Honduras,51,2011,0.67233159,0.67233159,FALSE,NA,FALSE,other_countries,TRUE,0
clean_controls,HND,Honduras,51,2012,0.9517442,0.9517442,FALSE,NA,FALSE,other_countries,TRUE,0
clean_controls,HND,Honduras,51,2013,0.44444329,0.44444329,FALSE,NA,FALSE,other_countries,TRUE,0
clean_controls,HND,Honduras,51,2014,0.82381925,0.82381925,FALSE,NA,FALSE,other_countries,TRUE,0
clean_controls,HND,Honduras,51,2015,0.19882645,0.19882645,FALSE,NA,FALSE,other_countries,TRUE,0
clean_controls,HND,Honduras,51,2016,0.4928016,0.4928016,FALSE,NA,FALSE,other_countries,TRUE,0
clean_controls,HND,Honduras,51,2017,0.45497329,0.45497329,FALSE,NA,FALSE,other_countries,TRUE,0
clean_controls,HND,Honduras,51,2018,0.6878628,0.6878628,FALSE,NA,FALSE,other_countries,TRUE,0
clean_controls,HND,Honduras,51,2019,0.46793222,0.46793222,FALSE,NA,FALSE,other_countries,TRUE,0
clean_controls,HND,Honduras,51,2020,0.6760457500000001,0.6760457500000001,FALSE,NA,FALSE,other_countries,TRUE,0
clean_controls,HND,Honduras,51,2021,0.28092162,0.28092162,FALSE,NA,FALSE,other_countries,TRUE,0
clean_controls,HND,Honduras,51,2022,1.05264451,1.05264451,FALSE,NA,FALSE,other_countries,TRUE,0
clean_controls,HRV,Croatia,52,1997,2.3674030000000004,2.3674030000000004,FALSE,NA,FALSE,other_countries,TRUE,0
clean_controls,HRV,Croatia,52,1998,1.3866197,1.3866197,FALSE,NA,FALSE,other_countries,TRUE,0
clean_controls,HRV,Croatia,52,1999,1.5657761,1.5657761,FALSE,NA,FALSE,other_countries,TRUE,0
clean_controls,HRV,Croatia,52,2000,1.8120856,1.8120856,FALSE,NA,FALSE,other_countries,TRUE,0
clean_controls,HRV,Croatia,52,2001,1.4446972,1.4446972,FALSE,NA,FALSE,other_countries,TRUE,0
clean_controls,HRV,Croatia,52,2002,1.4801061,1.4801061,FALSE,NA,FALSE,other_countries,TRUE,0
clean_controls,HRV,Croatia,52,2003,1.9715002,1.9715002,FALSE,NA,FALSE,other_countries,TRUE,0
clean_controls,HRV,Croatia,52,2004,1.7771307,1.7771307,FALSE,NA,FALSE,other_countries,TRUE,0
clean_controls,HRV,Croatia,52,2005,1.7041997,1.7041997,FALSE,NA,FALSE,other_countries,TRUE,0
clean_controls,HRV,Croatia,52,2006,1.8266694,1.8266694,FALSE,NA,FALSE,other_countries,TRUE,0
clean_controls,HRV,Croatia,52,2007,1.5953581,1.5953581,FALSE,NA,FALSE,other_countries,TRUE,0
clean_controls,HRV,Croatia,52,2008,1.636533,1.636533,FALSE,NA,FALSE,other_countries,TRUE,0
clean_controls,HRV,Croatia,52,2009,1.563018,1.563018,FALSE,NA,FALSE,other_countries,TRUE,0
clean_controls,HRV,Croatia,52,2010,1.8320502,1.8320502,FALSE,NA,FALSE,other_countries,TRUE,0
clean_controls,HRV,Croatia,52,2011,1.7230467,1.7230467,FALSE,NA,FALSE,other_countries,TRUE,0
clean_controls,HRV,Croatia,52,2012,1.834736,1.834736,FALSE,NA,FALSE,other_countries,TRUE,0
clean_controls,HRV,Croatia,52,2013,1.4733635999999999,1.4733635999999999,FALSE,NA,FALSE,other_countries,TRUE,0
clean_controls,HRV,Croatia,52,2014,1.7682605,1.7682605,FALSE,NA,FALSE,other_countries,TRUE,0
clean_controls,HRV,Croatia,52,2015,1.2684841999999998,1.2684841999999998,FALSE,NA,FALSE,other_countries,TRUE,0
clean_controls,HRV,Croatia,52,2016,1.5938049,1.5938049,FALSE,NA,FALSE,other_countries,TRUE,0
clean_controls,HRV,Croatia,52,2017,1.4255462,1.4255462,FALSE,NA,FALSE,other_countries,TRUE,0
clean_controls,HRV,Croatia,52,2018,1.5938326,1.5938326,FALSE,NA,FALSE,other_countries,TRUE,0
clean_controls,HRV,Croatia,52,2019,1.4185524,1.4185524,FALSE,NA,FALSE,other_countries,TRUE,0
clean_controls,HRV,Croatia,52,2020,1.7512014000000002,1.7512014000000002,FALSE,NA,FALSE,other_countries,TRUE,0
clean_controls,HRV,Croatia,52,2021,1.4565841,1.4565841,FALSE,NA,FALSE,other_countries,TRUE,0
clean_controls,HRV,Croatia,52,2022,2.437907,2.437907,FALSE,NA,FALSE,other_countries,TRUE,0
clean_controls,HTI,Haiti,53,1997,0.9159113000000001,0.9159113000000001,FALSE,NA,FALSE,other_countries,TRUE,0
clean_controls,HTI,Haiti,53,1998,0.001954100000000014,0.001954100000000014,FALSE,NA,FALSE,other_countries,TRUE,0
clean_controls,HTI,Haiti,53,1999,0.27687219999999996,0.27687219999999996,FALSE,NA,FALSE,other_countries,TRUE,0
clean_controls,HTI,Haiti,53,2000,0.33272320000000005,0.33272320000000005,FALSE,NA,FALSE,other_countries,TRUE,0
clean_controls,HTI,Haiti,53,2001,0.11317250000000001,0.11317250000000001,FALSE,NA,FALSE,other_countries,TRUE,0
clean_controls,HTI,Haiti,53,2002,0.2900575000000001,0.2900575000000001,FALSE,NA,FALSE,other_countries,TRUE,0
clean_controls,HTI,Haiti,53,2003,0.15577530000000006,0.15577530000000006,FALSE,NA,FALSE,other_countries,TRUE,0
clean_controls,HTI,Haiti,53,2004,1.2744146,1.2744146,FALSE,NA,FALSE,other_countries,TRUE,0
clean_controls,HTI,Haiti,53,2005,0.5771761,0.5771761,FALSE,NA,FALSE,other_countries,TRUE,0
clean_controls,HTI,Haiti,53,2006,0.77118434,0.77118434,FALSE,NA,FALSE,other_countries,TRUE,0
clean_controls,HTI,Haiti,53,2007,0.18003790000000003,0.18003790000000003,FALSE,NA,FALSE,other_countries,TRUE,0
clean_controls,HTI,Haiti,53,2008,0.40580170000000004,0.40580170000000004,FALSE,NA,FALSE,other_countries,TRUE,0
clean_controls,HTI,Haiti,53,2009,0.1766108,0.1766108,FALSE,NA,FALSE,other_countries,TRUE,0
clean_controls,HTI,Haiti,53,2010,0.23401020000000006,0.23401020000000006,FALSE,NA,FALSE,other_countries,TRUE,0
clean_controls,HTI,Haiti,53,2011,0.6002602,0.6002602,FALSE,NA,FALSE,other_countries,TRUE,0
clean_controls,HTI,Haiti,53,2012,0.4837494,0.4837494,FALSE,NA,FALSE,other_countries,TRUE,0
clean_controls,HTI,Haiti,53,2013,0.19332789999999994,0.19332789999999994,FALSE,NA,FALSE,other_countries,TRUE,0
clean_controls,HTI,Haiti,53,2014,0.5340461000000001,0.5340461000000001,FALSE,NA,FALSE,other_countries,TRUE,0
clean_controls,HTI,Haiti,53,2015,0.07975770000000001,0.07975770000000001,FALSE,NA,FALSE,other_countries,TRUE,0
clean_controls,HTI,Haiti,53,2016,0.2045379,0.2045379,FALSE,NA,FALSE,other_countries,TRUE,0
clean_controls,HTI,Haiti,53,2017,0.11270229999999998,0.11270229999999998,FALSE,NA,FALSE,other_countries,TRUE,0
clean_controls,HTI,Haiti,53,2018,0.60197809,0.60197809,FALSE,NA,FALSE,other_countries,TRUE,0
clean_controls,HTI,Haiti,53,2019,0.5939225,0.5939225,FALSE,NA,FALSE,other_countries,TRUE,0
clean_controls,HTI,Haiti,53,2020,0.7480171,0.7480171,FALSE,NA,FALSE,other_countries,TRUE,0
clean_controls,HTI,Haiti,53,2021,0.20688868,0.20688868,FALSE,NA,FALSE,other_countries,TRUE,0
clean_controls,HTI,Haiti,53,2022,0.9392045,0.9392045,FALSE,NA,FALSE,other_countries,TRUE,0
clean_controls,HUN,Hungary,54,1997,2.588744,2.588744,FALSE,NA,FALSE,other_countries,TRUE,0
clean_controls,HUN,Hungary,54,1998,1.7487241,1.7487241,FALSE,NA,FALSE,other_countries,TRUE,0
clean_controls,HUN,Hungary,54,1999,2.0125204,2.0125204,FALSE,NA,FALSE,other_countries,TRUE,0
clean_controls,HUN,Hungary,54,2000,1.9980326000000002,1.9980326000000002,FALSE,NA,FALSE,other_countries,TRUE,0
clean_controls,HUN,Hungary,54,2001,1.8123022999999998,1.8123022999999998,FALSE,NA,FALSE,other_countries,TRUE,0
clean_controls,HUN,Hungary,54,2002,1.7184096,1.7184096,FALSE,NA,FALSE,other_countries,TRUE,0
clean_controls,HUN,Hungary,54,2003,2.0831932,2.0831932,FALSE,NA,FALSE,other_countries,TRUE,0
clean_controls,HUN,Hungary,54,2004,1.850074,1.850074,FALSE,NA,FALSE,other_countries,TRUE,0
clean_controls,HUN,Hungary,54,2005,1.7553534,1.7553534,FALSE,NA,FALSE,other_countries,TRUE,0
clean_controls,HUN,Hungary,54,2006,1.8681470999999998,1.8681470999999998,FALSE,NA,FALSE,other_countries,TRUE,0
clean_controls,HUN,Hungary,54,2007,1.6974209999999998,1.6974209999999998,FALSE,NA,FALSE,other_countries,TRUE,0
clean_controls,HUN,Hungary,54,2008,1.6465551,1.6465551,FALSE,NA,FALSE,other_countries,TRUE,0
clean_controls,HUN,Hungary,54,2009,1.6812613,1.6812613,FALSE,NA,FALSE,other_countries,TRUE,0
clean_controls,HUN,Hungary,54,2010,1.8984737000000003,1.8984737000000003,FALSE,NA,FALSE,other_countries,TRUE,0
clean_controls,HUN,Hungary,54,2011,1.6677389,1.6677389,FALSE,NA,FALSE,other_countries,TRUE,0
clean_controls,HUN,Hungary,54,2012,1.8840957,1.8840957,FALSE,NA,FALSE,other_countries,TRUE,0
clean_controls,HUN,Hungary,54,2013,1.5927248,1.5927248,FALSE,NA,FALSE,other_countries,TRUE,0
clean_controls,HUN,Hungary,54,2014,1.9518064000000002,1.9518064000000002,FALSE,NA,FALSE,other_countries,TRUE,0
clean_controls,HUN,Hungary,54,2015,1.3993512,1.3993512,FALSE,NA,FALSE,other_countries,TRUE,0
clean_controls,HUN,Hungary,54,2016,1.6770619,1.6770619,FALSE,NA,FALSE,other_countries,TRUE,0
clean_controls,HUN,Hungary,54,2017,1.4723252,1.4723252,FALSE,NA,FALSE,other_countries,TRUE,0
clean_controls,HUN,Hungary,54,2018,1.8648966,1.8648966,FALSE,NA,FALSE,other_countries,TRUE,0
clean_controls,HUN,Hungary,54,2019,1.5885894,1.5885894,FALSE,NA,FALSE,other_countries,TRUE,0
clean_controls,HUN,Hungary,54,2020,1.8561854000000002,1.8561854000000002,FALSE,NA,FALSE,other_countries,TRUE,0
clean_controls,HUN,Hungary,54,2021,1.4706591,1.4706591,FALSE,NA,FALSE,other_countries,TRUE,0
clean_controls,HUN,Hungary,54,2022,2.588111,2.588111,FALSE,NA,FALSE,other_countries,TRUE,0
clean_controls,IND,India,55,1997,0.009406999999999943,0.009406999999999943,FALSE,NA,FALSE,other_countries,TRUE,0
clean_controls,IND,India,55,1998,0.2556688,0.2556688,FALSE,NA,FALSE,other_countries,TRUE,0
clean_controls,IND,India,55,1999,0.04075050000000002,0.04075050000000002,FALSE,NA,FALSE,other_countries,TRUE,0
clean_controls,IND,India,55,2000,0.1203065000000001,0.1203065000000001,FALSE,NA,FALSE,other_countries,TRUE,0
clean_controls,IND,India,55,2001,0.04120489999999999,0.04120489999999999,FALSE,NA,FALSE,other_countries,TRUE,0
clean_controls,IND,India,55,2002,0.39665399999999995,0.39665399999999995,FALSE,NA,FALSE,other_countries,TRUE,0
clean_controls,IND,India,55,2003,0.8258437,0.8258437,FALSE,NA,FALSE,other_countries,TRUE,0
clean_controls,IND,India,55,2004,0.4217131,0.4217131,FALSE,NA,FALSE,other_countries,TRUE,0
clean_controls,IND,India,55,2005,0.4870114,0.4870114,FALSE,NA,FALSE,other_countries,TRUE,0
clean_controls,IND,India,55,2006,0.30295190000000005,0.30295190000000005,FALSE,NA,FALSE,other_countries,TRUE,0
clean_controls,IND,India,55,2007,0.13208380000000003,0.13208380000000003,FALSE,NA,FALSE,other_countries,TRUE,0
clean_controls,IND,India,55,2008,0.020133900000000038,0.020133900000000038,FALSE,NA,FALSE,other_countries,TRUE,0
clean_controls,IND,India,55,2009,0.1448683,0.1448683,FALSE,NA,FALSE,other_countries,TRUE,0
clean_controls,IND,India,55,2010,0.2959423000000001,0.2959423000000001,FALSE,NA,FALSE,other_countries,TRUE,0
clean_controls,IND,India,55,2011,0.22344869999999994,0.22344869999999994,FALSE,NA,FALSE,other_countries,TRUE,0
clean_controls,IND,India,55,2012,0.18552979999999997,0.18552979999999997,FALSE,NA,FALSE,other_countries,TRUE,0
clean_controls,IND,India,55,2013,0.1037074,0.1037074,FALSE,NA,FALSE,other_countries,TRUE,0
clean_controls,IND,India,55,2014,0.0204164,0.0204164,FALSE,NA,FALSE,other_countries,TRUE,0
clean_controls,IND,India,55,2015,0.0690286,0.0690286,FALSE,NA,FALSE,other_countries,TRUE,0
clean_controls,IND,India,55,2016,0.1454647,0.1454647,FALSE,NA,FALSE,other_countries,TRUE,0
clean_controls,IND,India,55,2017,0.16902569999999997,0.16902569999999997,FALSE,NA,FALSE,other_countries,TRUE,0
clean_controls,IND,India,55,2018,0.2215341,0.2215341,FALSE,NA,FALSE,other_countries,TRUE,0
clean_controls,IND,India,55,2019,0.1751165,0.1751165,FALSE,NA,FALSE,other_countries,TRUE,0
clean_controls,IND,India,55,2020,0.46121710000000005,0.46121710000000005,FALSE,NA,FALSE,other_countries,TRUE,0
clean_controls,IND,India,55,2021,0.18648266999999996,0.18648266999999996,FALSE,NA,FALSE,other_countries,TRUE,0
clean_controls,IND,India,55,2022,0.7930421000000001,0.7930421000000001,FALSE,NA,FALSE,other_countries,TRUE,0
clean_controls,IRL,Ireland,56,1997,2.39704,2.39704,FALSE,NA,FALSE,other_countries,TRUE,0
clean_controls,IRL,Ireland,56,1998,1.4561061,1.4561061,FALSE,NA,FALSE,other_countries,TRUE,0
clean_controls,IRL,Ireland,56,1999,1.5490843,1.5490843,FALSE,NA,FALSE,other_countries,TRUE,0
clean_controls,IRL,Ireland,56,2000,1.5939026,1.5939026,FALSE,NA,FALSE,other_countries,TRUE,0
clean_controls,IRL,Ireland,56,2001,1.4801465999999999,1.4801465999999999,FALSE,NA,FALSE,other_countries,TRUE,0
clean_controls,IRL,Ireland,56,2002,1.3701938,1.3701938,FALSE,NA,FALSE,other_countries,TRUE,0
clean_controls,IRL,Ireland,56,2003,1.7079165,1.7079165,FALSE,NA,FALSE,other_countries,TRUE,0
clean_controls,IRL,Ireland,56,2004,1.6950013,1.6950013,FALSE,NA,FALSE,other_countries,TRUE,0
clean_controls,IRL,Ireland,56,2005,1.5550687,1.5550687,FALSE,NA,FALSE,other_countries,TRUE,0
clean_controls,IRL,Ireland,56,2006,1.7045573,1.7045573,FALSE,NA,FALSE,other_countries,TRUE,0
clean_controls,IRL,Ireland,56,2007,1.4459799000000002,1.4459799000000002,FALSE,NA,FALSE,other_countries,TRUE,0
clean_controls,IRL,Ireland,56,2008,1.4536584000000001,1.4536584000000001,FALSE,NA,FALSE,other_countries,TRUE,0
clean_controls,IRL,Ireland,56,2009,1.4521582,1.4521582,FALSE,NA,FALSE,other_countries,TRUE,0
clean_controls,IRL,Ireland,56,2010,1.6012136,1.6012136,FALSE,NA,FALSE,other_countries,TRUE,0
clean_controls,IRL,Ireland,56,2011,1.5926046999999999,1.5926046999999999,FALSE,NA,FALSE,other_countries,TRUE,0
clean_controls,IRL,Ireland,56,2012,1.5692781999999998,1.5692781999999998,FALSE,NA,FALSE,other_countries,TRUE,0
clean_controls,IRL,Ireland,56,2013,1.3144983,1.3144983,FALSE,NA,FALSE,other_countries,TRUE,0
clean_controls,IRL,Ireland,56,2014,1.6856455000000001,1.6856455000000001,FALSE,NA,FALSE,other_countries,TRUE,0
clean_controls,IRL,Ireland,56,2015,0.9214549,0.9214549,FALSE,NA,FALSE,other_countries,TRUE,0
clean_controls,IRL,Ireland,56,2016,1.222034,1.222034,FALSE,NA,FALSE,other_countries,TRUE,0
clean_controls,IRL,Ireland,56,2017,1.0990328999999999,1.0990328999999999,FALSE,NA,FALSE,other_countries,TRUE,0
clean_controls,IRL,Ireland,56,2018,1.2230344,1.2230344,FALSE,NA,FALSE,other_countries,TRUE,0
clean_controls,IRL,Ireland,56,2019,1.1494012,1.1494012,FALSE,NA,FALSE,other_countries,TRUE,0
clean_controls,IRL,Ireland,56,2020,1.283339,1.283339,FALSE,NA,FALSE,other_countries,TRUE,0
clean_controls,IRL,Ireland,56,2021,0.9654875,0.9654875,FALSE,NA,FALSE,other_countries,TRUE,0
clean_controls,IRL,Ireland,56,2022,1.9352488,1.9352488,FALSE,NA,FALSE,other_countries,TRUE,0
clean_controls,ISL,Iceland,57,1997,2.687452,2.687452,FALSE,NA,FALSE,other_countries,TRUE,0
clean_controls,ISL,Iceland,57,1998,1.6114151,1.6114151,FALSE,NA,FALSE,other_countries,TRUE,0
clean_controls,ISL,Iceland,57,1999,1.9088094,1.9088094,FALSE,NA,FALSE,other_countries,TRUE,0
clean_controls,ISL,Iceland,57,2000,1.9212206,1.9212206,FALSE,NA,FALSE,other_countries,TRUE,0
clean_controls,ISL,Iceland,57,2001,1.7450523000000002,1.7450523000000002,FALSE,NA,FALSE,other_countries,TRUE,0
clean_controls,ISL,Iceland,57,2002,1.6787816,1.6787816,FALSE,NA,FALSE,other_countries,TRUE,0
clean_controls,ISL,Iceland,57,2003,2.1094382,2.1094382,FALSE,NA,FALSE,other_countries,TRUE,0
clean_controls,ISL,Iceland,57,2004,1.864994,1.864994,FALSE,NA,FALSE,other_countries,TRUE,0
clean_controls,ISL,Iceland,57,2005,1.7616884,1.7616884,FALSE,NA,FALSE,other_countries,TRUE,0
clean_controls,ISL,Iceland,57,2006,1.8671381,1.8671381,FALSE,NA,FALSE,other_countries,TRUE,0
clean_controls,ISL,Iceland,57,2007,1.5900873,1.5900873,FALSE,NA,FALSE,other_countries,TRUE,0
clean_controls,ISL,Iceland,57,2008,1.4685907,1.4685907,FALSE,NA,FALSE,other_countries,TRUE,0
clean_controls,ISL,Iceland,57,2009,1.5688134,1.5688134,FALSE,NA,FALSE,other_countries,TRUE,0
clean_controls,ISL,Iceland,57,2010,1.7141366,1.7141366,FALSE,NA,FALSE,other_countries,TRUE,0
clean_controls,ISL,Iceland,57,2011,1.6040179,1.6040179,FALSE,NA,FALSE,other_countries,TRUE,0
clean_controls,ISL,Iceland,57,2012,1.6685586,1.6685586,FALSE,NA,FALSE,other_countries,TRUE,0
clean_controls,ISL,Iceland,57,2013,1.385781,1.385781,FALSE,NA,FALSE,other_countries,TRUE,0
clean_controls,ISL,Iceland,57,2014,1.697519,1.697519,FALSE,NA,FALSE,other_countries,TRUE,0
clean_controls,ISL,Iceland,57,2015,1.1456724,1.1456724,FALSE,NA,FALSE,other_countries,TRUE,0
clean_controls,ISL,Iceland,57,2016,1.32277,1.32277,FALSE,NA,FALSE,other_countries,TRUE,0
clean_controls,ISL,Iceland,57,2017,1.2865304,1.2865304,FALSE,NA,FALSE,other_countries,TRUE,0
clean_controls,ISL,Iceland,57,2018,1.3942862,1.3942862,FALSE,NA,FALSE,other_countries,TRUE,0
clean_controls,ISL,Iceland,57,2019,1.3452107,1.3452107,FALSE,NA,FALSE,other_countries,TRUE,0
clean_controls,ISL,Iceland,57,2020,1.5391699,1.5391699,FALSE,NA,FALSE,other_countries,TRUE,0
clean_controls,ISL,Iceland,57,2021,1.2736371,1.2736371,FALSE,NA,FALSE,other_countries,TRUE,0
clean_controls,ISL,Iceland,57,2022,2.147506,2.147506,FALSE,NA,FALSE,other_countries,TRUE,0
clean_controls,ISR,Israel,58,1997,3.754083,3.754083,FALSE,NA,FALSE,other_countries,TRUE,0
clean_controls,ISR,Israel,58,1998,2.7472261000000002,2.7472261000000002,FALSE,NA,FALSE,other_countries,TRUE,0
clean_controls,ISR,Israel,58,1999,2.8707203999999997,2.8707203999999997,FALSE,NA,FALSE,other_countries,TRUE,0
clean_controls,ISR,Israel,58,2000,3.0276806,3.0276806,FALSE,NA,FALSE,other_countries,TRUE,0
clean_controls,ISR,Israel,58,2001,2.9832503,2.9832503,FALSE,NA,FALSE,other_countries,TRUE,0
clean_controls,ISR,Israel,58,2002,2.7827076,2.7827076,FALSE,NA,FALSE,other_countries,TRUE,0
clean_controls,ISR,Israel,58,2003,3.3311512,3.3311512,FALSE,NA,FALSE,other_countries,TRUE,0
clean_controls,ISR,Israel,58,2004,3.2890430000000004,3.2890430000000004,FALSE,NA,FALSE,other_countries,TRUE,0
clean_controls,ISR,Israel,58,2005,3.1732064,3.1732064,FALSE,NA,FALSE,other_countries,TRUE,0
clean_controls,ISR,Israel,58,2006,3.2863831,3.2863831,FALSE,NA,FALSE,other_countries,TRUE,0
clean_controls,ISR,Israel,58,2007,2.9211460000000002,2.9211460000000002,FALSE,NA,FALSE,other_countries,TRUE,0
clean_controls,ISR,Israel,58,2008,2.9778271,2.9778271,FALSE,NA,FALSE,other_countries,TRUE,0
clean_controls,ISR,Israel,58,2009,2.9407453,2.9407453,FALSE,NA,FALSE,other_countries,TRUE,0
clean_controls,ISR,Israel,58,2010,3.2707127,3.2707127,FALSE,NA,FALSE,other_countries,TRUE,0
clean_controls,ISR,Israel,58,2011,3.111346,3.111346,FALSE,NA,FALSE,other_countries,TRUE,0
clean_controls,ISR,Israel,58,2012,3.2143697,3.2143697,FALSE,NA,FALSE,other_countries,TRUE,0
clean_controls,ISR,Israel,58,2013,3.0277238,3.0277238,FALSE,NA,FALSE,other_countries,TRUE,0
clean_controls,ISR,Israel,58,2014,3.2821314,3.2821314,FALSE,NA,FALSE,other_countries,TRUE,0
clean_controls,ISR,Israel,58,2015,2.6231822,2.6231822,FALSE,NA,FALSE,other_countries,TRUE,0
clean_controls,ISR,Israel,58,2016,2.8222749,2.8222749,FALSE,NA,FALSE,other_countries,TRUE,0
clean_controls,ISR,Israel,58,2017,2.8555132,2.8555132,FALSE,NA,FALSE,other_countries,TRUE,0
clean_controls,ISR,Israel,58,2018,3.0253916,3.0253916,FALSE,NA,FALSE,other_countries,TRUE,0
clean_controls,ISR,Israel,58,2019,2.8732444,2.8732444,FALSE,NA,FALSE,other_countries,TRUE,0
clean_controls,ISR,Israel,58,2020,3.1807854,3.1807854,FALSE,NA,FALSE,other_countries,TRUE,0
clean_controls,ISR,Israel,58,2021,2.6488781,2.6488781,FALSE,NA,FALSE,other_countries,TRUE,0
clean_controls,ISR,Israel,58,2022,3.3649060000000004,3.3649060000000004,FALSE,NA,FALSE,other_countries,TRUE,0
clean_controls,ITA,Italy,59,1997,2.694127,2.694127,FALSE,NA,FALSE,other_countries,TRUE,0
clean_controls,ITA,Italy,59,1998,1.6623101,1.6623101,FALSE,NA,FALSE,other_countries,TRUE,0
clean_controls,ITA,Italy,59,1999,1.7872514000000002,1.7872514000000002,FALSE,NA,FALSE,other_countries,TRUE,0
clean_controls,ITA,Italy,59,2000,1.8488276000000001,1.8488276000000001,FALSE,NA,FALSE,other_countries,TRUE,0
clean_controls,ITA,Italy,59,2001,1.7217483000000002,1.7217483000000002,FALSE,NA,FALSE,other_countries,TRUE,0
clean_controls,ITA,Italy,59,2002,1.7502866,1.7502866,FALSE,NA,FALSE,other_countries,TRUE,0
clean_controls,ITA,Italy,59,2003,2.0547082000000003,2.0547082000000003,FALSE,NA,FALSE,other_countries,TRUE,0
clean_controls,ITA,Italy,59,2004,1.8028218,1.8028218,FALSE,NA,FALSE,other_countries,TRUE,0
clean_controls,ITA,Italy,59,2005,1.7293464,1.7293464,FALSE,NA,FALSE,other_countries,TRUE,0
clean_controls,ITA,Italy,59,2006,1.722343,1.722343,FALSE,NA,FALSE,other_countries,TRUE,0
clean_controls,ITA,Italy,59,2007,1.5442437,1.5442437,FALSE,NA,FALSE,other_countries,TRUE,0
clean_controls,ITA,Italy,59,2008,1.5471355,1.5471355,FALSE,NA,FALSE,other_countries,TRUE,0
clean_controls,ITA,Italy,59,2009,1.6762633,1.6762633,FALSE,NA,FALSE,other_countries,TRUE,0
clean_controls,ITA,Italy,59,2010,1.7434056,1.7434056,FALSE,NA,FALSE,other_countries,TRUE,0
clean_controls,ITA,Italy,59,2011,1.7317288,1.7317288,FALSE,NA,FALSE,other_countries,TRUE,0
clean_controls,ITA,Italy,59,2012,1.7346093,1.7346093,FALSE,NA,FALSE,other_countries,TRUE,0
clean_controls,ITA,Italy,59,2013,1.4704787,1.4704787,FALSE,NA,FALSE,other_countries,TRUE,0
clean_controls,ITA,Italy,59,2014,1.773658,1.773658,FALSE,NA,FALSE,other_countries,TRUE,0
clean_controls,ITA,Italy,59,2015,1.2050726,1.2050726,FALSE,NA,FALSE,other_countries,TRUE,0
clean_controls,ITA,Italy,59,2016,1.4064222,1.4064222,FALSE,NA,FALSE,other_countries,TRUE,0
clean_controls,ITA,Italy,59,2017,1.3696792,1.3696792,FALSE,NA,FALSE,other_countries,TRUE,0
clean_controls,ITA,Italy,59,2018,1.5891736,1.5891736,FALSE,NA,FALSE,other_countries,TRUE,0
clean_controls,ITA,Italy,59,2019,1.4333834,1.4333834,FALSE,NA,FALSE,other_countries,TRUE,0
clean_controls,ITA,Italy,59,2020,1.5631817,1.5631817,FALSE,NA,FALSE,other_countries,TRUE,0
clean_controls,ITA,Italy,59,2021,1.3681721,1.3681721,FALSE,NA,FALSE,other_countries,TRUE,0
clean_controls,ITA,Italy,59,2022,2.330756,2.330756,FALSE,NA,FALSE,other_countries,TRUE,0
clean_controls,JAM,Jamaica,60,1997,0.9308148,0.9308148,FALSE,NA,FALSE,other_countries,TRUE,0
clean_controls,JAM,Jamaica,60,1998,0.1875316,0.1875316,FALSE,NA,FALSE,other_countries,TRUE,0
clean_controls,JAM,Jamaica,60,1999,0.30969349999999995,0.30969349999999995,FALSE,NA,FALSE,other_countries,TRUE,0
clean_controls,JAM,Jamaica,60,2000,0.39385190000000003,0.39385190000000003,FALSE,NA,FALSE,other_countries,TRUE,0
clean_controls,JAM,Jamaica,60,2001,0.11131240000000003,0.11131240000000003,FALSE,NA,FALSE,other_countries,TRUE,0
clean_controls,JAM,Jamaica,60,2002,0.06739199999999995,0.06739199999999995,FALSE,NA,FALSE,other_countries,TRUE,0
clean_controls,JAM,Jamaica,60,2003,0.40809720000000005,0.40809720000000005,FALSE,NA,FALSE,other_countries,TRUE,0
clean_controls,JAM,Jamaica,60,2004,0.28282930000000006,0.28282930000000006,FALSE,NA,FALSE,other_countries,TRUE,0
clean_controls,JAM,Jamaica,60,2005,0.094337,0.094337,FALSE,NA,FALSE,other_countries,TRUE,0
clean_controls,JAM,Jamaica,60,2006,0.3995826,0.3995826,FALSE,NA,FALSE,other_countries,TRUE,0
clean_controls,JAM,Jamaica,60,2007,0.08679230000000004,0.08679230000000004,FALSE,NA,FALSE,other_countries,TRUE,0
clean_controls,JAM,Jamaica,60,2008,0.11202250000000002,0.11202250000000002,FALSE,NA,FALSE,other_countries,TRUE,0
clean_controls,JAM,Jamaica,60,2009,0.18408010000000002,0.18408010000000002,FALSE,NA,FALSE,other_countries,TRUE,0
clean_controls,JAM,Jamaica,60,2010,0.2875620000000001,0.2875620000000001,FALSE,NA,FALSE,other_countries,TRUE,0
clean_controls,JAM,Jamaica,60,2011,0.34538189999999996,0.34538189999999996,FALSE,NA,FALSE,other_countries,TRUE,0
clean_controls,JAM,Jamaica,60,2012,0.3136137,0.3136137,FALSE,NA,FALSE,other_countries,TRUE,0
clean_controls,JAM,Jamaica,60,2013,0.03393659999999998,0.03393659999999998,FALSE,NA,FALSE,other_countries,TRUE,0
clean_controls,JAM,Jamaica,60,2014,0.25788940000000005,0.25788940000000005,FALSE,NA,FALSE,other_countries,TRUE,0
clean_controls,JAM,Jamaica,60,2015,0.2335107,0.2335107,FALSE,NA,FALSE,other_countries,TRUE,0
clean_controls,JAM,Jamaica,60,2016,0.08715100000000003,0.08715100000000003,FALSE,NA,FALSE,other_countries,TRUE,0
clean_controls,JAM,Jamaica,60,2017,0.12952410000000003,0.12952410000000003,FALSE,NA,FALSE,other_countries,TRUE,0
clean_controls,JAM,Jamaica,60,2018,0.014546500000000018,0.014546500000000018,FALSE,NA,FALSE,other_countries,TRUE,0
clean_controls,JAM,Jamaica,60,2019,0.10465269999999999,0.10465269999999999,FALSE,NA,FALSE,other_countries,TRUE,0
clean_controls,JAM,Jamaica,60,2020,0.14672320000000005,0.14672320000000005,FALSE,NA,FALSE,other_countries,TRUE,0
clean_controls,JAM,Jamaica,60,2021,0.0824587,0.0824587,FALSE,NA,FALSE,other_countries,TRUE,0
clean_controls,JAM,Jamaica,60,2022,0.7318207999999999,0.7318207999999999,FALSE,NA,FALSE,other_countries,TRUE,0
clean_controls,JOR,Jordan,61,1997,0.5834816,0.5834816,FALSE,NA,FALSE,other_countries,TRUE,0
clean_controls,JOR,Jordan,61,1998,0.5401449,0.5401449,FALSE,NA,FALSE,other_countries,TRUE,0
clean_controls,JOR,Jordan,61,1999,0.15493710000000005,0.15493710000000005,FALSE,NA,FALSE,other_countries,TRUE,0
clean_controls,JOR,Jordan,61,2000,0.48471739999999985,0.48471739999999985,FALSE,NA,FALSE,other_countries,TRUE,0
clean_controls,JOR,Jordan,61,2001,0.6498327,0.6498327,FALSE,NA,FALSE,other_countries,TRUE,0
clean_controls,JOR,Jordan,61,2002,0.7393884,0.7393884,FALSE,NA,FALSE,other_countries,TRUE,0
clean_controls,JOR,Jordan,61,2003,0.3452138,0.3452138,FALSE,NA,FALSE,other_countries,TRUE,0
clean_controls,JOR,Jordan,61,2004,0.1365889,0.1365889,FALSE,NA,FALSE,other_countries,TRUE,0
clean_controls,JOR,Jordan,61,2005,0.20090509999999995,0.20090509999999995,FALSE,NA,FALSE,other_countries,TRUE,0
clean_controls,JOR,Jordan,61,2006,0.3710589,0.3710589,FALSE,NA,FALSE,other_countries,TRUE,0
clean_controls,JOR,Jordan,61,2007,0.08789669999999994,0.08789669999999994,FALSE,NA,FALSE,other_countries,TRUE,0
clean_controls,JOR,Jordan,61,2008,0.061964200000000025,0.061964200000000025,FALSE,NA,FALSE,other_countries,TRUE,0
clean_controls,JOR,Jordan,61,2009,0.05724879999999999,0.05724879999999999,FALSE,NA,FALSE,other_countries,TRUE,0
clean_controls,JOR,Jordan,61,2010,0.20202730000000002,0.20202730000000002,FALSE,NA,FALSE,other_countries,TRUE,0
clean_controls,JOR,Jordan,61,2011,0.12718209999999996,0.12718209999999996,FALSE,NA,FALSE,other_countries,TRUE,0
clean_controls,JOR,Jordan,61,2012,0.13790499999999994,0.13790499999999994,FALSE,NA,FALSE,other_countries,TRUE,0
clean_controls,JOR,Jordan,61,2013,0.12620569999999998,0.12620569999999998,FALSE,NA,FALSE,other_countries,TRUE,0
clean_controls,JOR,Jordan,61,2014,0.1396946,0.1396946,FALSE,NA,FALSE,other_countries,TRUE,0
clean_controls,JOR,Jordan,61,2015,0.3994478,0.3994478,FALSE,NA,FALSE,other_countries,TRUE,0
clean_controls,JOR,Jordan,61,2016,0.43375469999999994,0.43375469999999994,FALSE,NA,FALSE,other_countries,TRUE,0
clean_controls,JOR,Jordan,61,2017,0.37766530000000004,0.37766530000000004,FALSE,NA,FALSE,other_countries,TRUE,0
clean_controls,JOR,Jordan,61,2018,0.12296379999999996,0.12296379999999996,FALSE,NA,FALSE,other_countries,TRUE,0
clean_controls,JOR,Jordan,61,2019,0.3710306,0.3710306,FALSE,NA,FALSE,other_countries,TRUE,0
clean_controls,JOR,Jordan,61,2020,0.04006310000000002,0.04006310000000002,FALSE,NA,FALSE,other_countries,TRUE,0
clean_controls,JOR,Jordan,61,2021,0.311595,0.311595,FALSE,NA,FALSE,other_countries,TRUE,0
clean_controls,JOR,Jordan,61,2022,0.5067602,0.5067602,FALSE,NA,FALSE,other_countries,TRUE,0
clean_controls,KEN,Kenya,62,1997,0.5506341,0.5506341,FALSE,NA,FALSE,other_countries,TRUE,0
clean_controls,KEN,Kenya,62,1998,0.0789048,0.0789048,FALSE,NA,FALSE,other_countries,TRUE,0
clean_controls,KEN,Kenya,62,1999,0.10373290000000002,0.10373290000000002,FALSE,NA,FALSE,other_countries,TRUE,0
clean_controls,KEN,Kenya,62,2000,0.26860670000000003,0.26860670000000003,FALSE,NA,FALSE,other_countries,TRUE,0
clean_controls,KEN,Kenya,62,2001,0.05311160000000004,0.05311160000000004,FALSE,NA,FALSE,other_countries,TRUE,0
clean_controls,KEN,Kenya,62,2002,0.03659100000000004,0.03659100000000004,FALSE,NA,FALSE,other_countries,TRUE,0
clean_controls,KEN,Kenya,62,2003,0.2210548,0.2210548,FALSE,NA,FALSE,other_countries,TRUE,0
clean_controls,KEN,Kenya,62,2004,0.6892425,0.6892425,FALSE,NA,FALSE,other_countries,TRUE,0
clean_controls,KEN,Kenya,62,2005,0.23036110000000004,0.23036110000000004,FALSE,NA,FALSE,other_countries,TRUE,0
clean_controls,KEN,Kenya,62,2006,0.516312,0.516312,FALSE,NA,FALSE,other_countries,TRUE,0
clean_controls,KEN,Kenya,62,2007,0.19352920000000007,0.19352920000000007,FALSE,NA,FALSE,other_countries,TRUE,0
clean_controls,KEN,Kenya,62,2008,0.1054695,0.1054695,FALSE,NA,FALSE,other_countries,TRUE,0
clean_controls,KEN,Kenya,62,2009,0.2030596,0.2030596,FALSE,NA,FALSE,other_countries,TRUE,0
clean_controls,KEN,Kenya,62,2010,0.27780420000000006,0.27780420000000006,FALSE,NA,FALSE,other_countries,TRUE,0
clean_controls,KEN,Kenya,62,2011,0.0039261000000000434,0.0039261000000000434,FALSE,NA,FALSE,other_countries,TRUE,0
clean_controls,KEN,Kenya,62,2012,0.23835099999999998,0.23835099999999998,FALSE,NA,FALSE,other_countries,TRUE,0
clean_controls,KEN,Kenya,62,2013,0.0030521999999999494,0.0030521999999999494,FALSE,NA,FALSE,other_countries,TRUE,0
clean_controls,KEN,Kenya,62,2014,0.339082,0.339082,FALSE,NA,FALSE,other_countries,TRUE,0
clean_controls,KEN,Kenya,62,2015,0.3046337,0.3046337,FALSE,NA,FALSE,other_countries,TRUE,0
clean_controls,KEN,Kenya,62,2016,0.34867919999999997,0.34867919999999997,FALSE,NA,FALSE,other_countries,TRUE,0
clean_controls,KEN,Kenya,62,2017,0.3791473,0.3791473,FALSE,NA,FALSE,other_countries,TRUE,0
clean_controls,KEN,Kenya,62,2018,0.23691529999999994,0.23691529999999994,FALSE,NA,FALSE,other_countries,TRUE,0
clean_controls,KEN,Kenya,62,2019,0.077206,0.077206,FALSE,NA,FALSE,other_countries,TRUE,0
clean_controls,KEN,Kenya,62,2020,0.01622839999999992,0.01622839999999992,FALSE,NA,FALSE,other_countries,TRUE,0
clean_controls,KEN,Kenya,62,2021,0.04393210000000003,0.04393210000000003,FALSE,NA,FALSE,other_countries,TRUE,0
clean_controls,KEN,Kenya,62,2022,0.6296381,0.6296381,FALSE,NA,FALSE,other_countries,TRUE,0
clean_controls,KNA,St. Kitts & Nevis,63,1997,0.6240208,0.6240208,FALSE,NA,FALSE,other_countries,TRUE,0
clean_controls,KNA,St. Kitts & Nevis,63,1998,0.08286939999999998,0.08286939999999998,FALSE,NA,FALSE,other_countries,TRUE,0
clean_controls,KNA,St. Kitts & Nevis,63,1999,0.009234300000000029,0.009234300000000029,FALSE,NA,FALSE,other_countries,TRUE,0
clean_controls,KNA,St. Kitts & Nevis,63,2000,0.037136600000000075,0.037136600000000075,FALSE,NA,FALSE,other_countries,TRUE,0
clean_controls,KNA,St. Kitts & Nevis,63,2001,0.012849499999999958,0.012849499999999958,FALSE,NA,FALSE,other_countries,TRUE,0
clean_controls,KNA,St. Kitts & Nevis,63,2002,0.10416740000000002,0.10416740000000002,FALSE,NA,FALSE,other_countries,TRUE,0
clean_controls,KNA,St. Kitts & Nevis,63,2003,0.3948058,0.3948058,FALSE,NA,FALSE,other_countries,TRUE,0
clean_controls,KNA,St. Kitts & Nevis,63,2004,0.20473580000000002,0.20473580000000002,FALSE,NA,FALSE,other_countries,TRUE,0
clean_controls,KNA,St. Kitts & Nevis,63,2005,0.4166265,0.4166265,FALSE,NA,FALSE,other_countries,TRUE,0
clean_controls,KNA,St. Kitts & Nevis,63,2006,0.25619610000000004,0.25619610000000004,FALSE,NA,FALSE,other_countries,TRUE,0
clean_controls,KNA,St. Kitts & Nevis,63,2007,0.09925050000000002,0.09925050000000002,FALSE,NA,FALSE,other_countries,TRUE,0
clean_controls,KNA,St. Kitts & Nevis,63,2008,0.25978260000000003,0.25978260000000003,FALSE,NA,FALSE,other_countries,TRUE,0
clean_controls,KNA,St. Kitts & Nevis,63,2009,0.15283570000000002,0.15283570000000002,FALSE,NA,FALSE,other_countries,TRUE,0
clean_controls,KNA,St. Kitts & Nevis,63,2010,0.24777150000000003,0.24777150000000003,FALSE,NA,FALSE,other_countries,TRUE,0
clean_controls,KNA,St. Kitts & Nevis,63,2011,0.10633519999999996,0.10633519999999996,FALSE,NA,FALSE,other_countries,TRUE,0
clean_controls,KNA,St. Kitts & Nevis,63,2012,0.3339037,0.3339037,FALSE,NA,FALSE,other_countries,TRUE,0
clean_controls,KNA,St. Kitts & Nevis,63,2013,0.06992569999999998,0.06992569999999998,FALSE,NA,FALSE,other_countries,TRUE,0
clean_controls,KNA,St. Kitts & Nevis,63,2014,0.3581236,0.3581236,FALSE,NA,FALSE,other_countries,TRUE,0
clean_controls,KNA,St. Kitts & Nevis,63,2015,0.33532129999999993,0.33532129999999993,FALSE,NA,FALSE,other_countries,TRUE,0
clean_controls,KNA,St. Kitts & Nevis,63,2016,0.19602220000000004,0.19602220000000004,FALSE,NA,FALSE,other_countries,TRUE,0
clean_controls,KNA,St. Kitts & Nevis,63,2017,0.16277930000000002,0.16277930000000002,FALSE,NA,FALSE,other_countries,TRUE,0
clean_controls,KNA,St. Kitts & Nevis,63,2018,0.0177408,0.0177408,FALSE,NA,FALSE,other_countries,TRUE,0
clean_controls,KNA,St. Kitts & Nevis,63,2019,0.07062689999999999,0.07062689999999999,FALSE,NA,FALSE,other_countries,TRUE,0
clean_controls,KNA,St. Kitts & Nevis,63,2020,0.21564300000000003,0.21564300000000003,FALSE,NA,FALSE,other_countries,TRUE,0
clean_controls,KNA,St. Kitts & Nevis,63,2021,0.2757578,0.2757578,FALSE,NA,FALSE,other_countries,TRUE,0
clean_controls,KNA,St. Kitts & Nevis,63,2022,0.6411697000000001,0.6411697000000001,FALSE,NA,FALSE,other_countries,TRUE,0
clean_controls,LBN,Lebanon,64,1997,0.0961510000000001,0.0961510000000001,FALSE,NA,FALSE,other_countries,TRUE,0
clean_controls,LBN,Lebanon,64,1998,0.9272719,0.9272719,FALSE,NA,FALSE,other_countries,TRUE,0
clean_controls,LBN,Lebanon,64,1999,0.45714960000000004,0.45714960000000004,FALSE,NA,FALSE,other_countries,TRUE,0
clean_controls,LBN,Lebanon,64,2000,0.2982654,0.2982654,FALSE,NA,FALSE,other_countries,TRUE,0
clean_controls,LBN,Lebanon,64,2001,0.6399567,0.6399567,FALSE,NA,FALSE,other_countries,TRUE,0
clean_controls,LBN,Lebanon,64,2002,0.5752094000000001,0.5752094000000001,FALSE,NA,FALSE,other_countries,TRUE,0
clean_controls,LBN,Lebanon,64,2003,0.33328479999999994,0.33328479999999994,FALSE,NA,FALSE,other_countries,TRUE,0
clean_controls,LBN,Lebanon,64,2004,0.34592200000000006,0.34592200000000006,FALSE,NA,FALSE,other_countries,TRUE,0
clean_controls,LBN,Lebanon,64,2005,0.012153799999999992,0.012153799999999992,FALSE,NA,FALSE,other_countries,TRUE,0
clean_controls,LBN,Lebanon,64,2006,0.18520380000000003,0.18520380000000003,FALSE,NA,FALSE,other_countries,TRUE,0
clean_controls,LBN,Lebanon,64,2007,0.1657422999999999,0.1657422999999999,FALSE,NA,FALSE,other_countries,TRUE,0
clean_controls,LBN,Lebanon,64,2008,0.1607271,0.1607271,FALSE,NA,FALSE,other_countries,TRUE,0
clean_controls,LBN,Lebanon,64,2009,0.2299333,0.2299333,FALSE,NA,FALSE,other_countries,TRUE,0
clean_controls,LBN,Lebanon,64,2010,0.2252002999999999,0.2252002999999999,FALSE,NA,FALSE,other_countries,TRUE,0
clean_controls,LBN,Lebanon,64,2011,0.278655,0.278655,FALSE,NA,FALSE,other_countries,TRUE,0
clean_controls,LBN,Lebanon,64,2012,0.2924433000000001,0.2924433000000001,FALSE,NA,FALSE,other_countries,TRUE,0
clean_controls,LBN,Lebanon,64,2013,0.5132062,0.5132062,FALSE,NA,FALSE,other_countries,TRUE,0
clean_controls,LBN,Lebanon,64,2014,0.24870559999999997,0.24870559999999997,FALSE,NA,FALSE,other_countries,TRUE,0
clean_controls,LBN,Lebanon,64,2015,0.615873,0.615873,FALSE,NA,FALSE,other_countries,TRUE,0
clean_controls,LBN,Lebanon,64,2016,0.8230820999999999,0.8230820999999999,FALSE,NA,FALSE,other_countries,TRUE,0
clean_controls,LBN,Lebanon,64,2017,0.6964378,0.6964378,FALSE,NA,FALSE,other_countries,TRUE,0
clean_controls,LBN,Lebanon,64,2018,0.45785319999999996,0.45785319999999996,FALSE,NA,FALSE,other_countries,TRUE,0
clean_controls,LBN,Lebanon,64,2019,0.7559776,0.7559776,FALSE,NA,FALSE,other_countries,TRUE,0
clean_controls,LBN,Lebanon,64,2020,0.4431746,0.4431746,FALSE,NA,FALSE,other_countries,TRUE,0
clean_controls,LBN,Lebanon,64,2021,0.44308830000000005,0.44308830000000005,FALSE,NA,FALSE,other_countries,TRUE,0
clean_controls,LBN,Lebanon,64,2022,0.22115890000000005,0.22115890000000005,FALSE,NA,FALSE,other_countries,TRUE,0
clean_controls,LBY,Libya,65,1997,0.846352,0.846352,FALSE,NA,FALSE,other_countries,TRUE,0
clean_controls,LBY,Libya,65,1998,1.2582229,1.2582229,FALSE,NA,FALSE,other_countries,TRUE,0
clean_controls,LBY,Libya,65,1999,0.7954996,0.7954996,FALSE,NA,FALSE,other_countries,TRUE,0
clean_controls,LBY,Libya,65,2000,1.0392763999999999,1.0392763999999999,FALSE,NA,FALSE,other_countries,TRUE,0
clean_controls,LBY,Libya,65,2001,1.1840487,1.1840487,FALSE,NA,FALSE,other_countries,TRUE,0
clean_controls,LBY,Libya,65,2002,1.1499824,1.1499824,FALSE,NA,FALSE,other_countries,TRUE,0
clean_controls,LBY,Libya,65,2003,0.6481288000000001,0.6481288000000001,FALSE,NA,FALSE,other_countries,TRUE,0
clean_controls,LBY,Libya,65,2004,0.4925649999999999,0.4925649999999999,FALSE,NA,FALSE,other_countries,TRUE,0
clean_controls,LBY,Libya,65,2005,0.5103586,0.5103586,FALSE,NA,FALSE,other_countries,TRUE,0
clean_controls,LBY,Libya,65,2006,0.6397628999999999,0.6397628999999999,FALSE,NA,FALSE,other_countries,TRUE,0
clean_controls,LBY,Libya,65,2007,0.91894,0.91894,FALSE,NA,FALSE,other_countries,TRUE,0
clean_controls,LBY,Libya,65,2008,0.9321119,0.9321119,FALSE,NA,FALSE,other_countries,TRUE,0
clean_controls,LBY,Libya,65,2009,0.6849976999999999,0.6849976999999999,FALSE,NA,FALSE,other_countries,TRUE,0
clean_controls,LBY,Libya,65,2010,0.4973112999999999,0.4973112999999999,FALSE,NA,FALSE,other_countries,TRUE,0
clean_controls,LBY,Libya,65,2011,0.1962927,0.1962927,FALSE,NA,FALSE,other_countries,TRUE,0
clean_controls,LBY,Libya,65,2012,0.1445172,0.1445172,FALSE,NA,FALSE,other_countries,TRUE,0
clean_controls,LBY,Libya,65,2013,0.2627796,0.2627796,FALSE,NA,FALSE,other_countries,TRUE,0
clean_controls,LBY,Libya,65,2014,0.2473955,0.2473955,FALSE,NA,FALSE,other_countries,TRUE,0
clean_controls,LBY,Libya,65,2015,0.5644042,0.5644042,FALSE,NA,FALSE,other_countries,TRUE,0
clean_controls,LBY,Libya,65,2016,0.41016549999999996,0.41016549999999996,FALSE,NA,FALSE,other_countries,TRUE,0
clean_controls,LBY,Libya,65,2017,0.4601122,0.4601122,FALSE,NA,FALSE,other_countries,TRUE,0
clean_controls,LBY,Libya,65,2018,0.08267709999999995,0.08267709999999995,FALSE,NA,FALSE,other_countries,TRUE,0
clean_controls,LBY,Libya,65,2019,0.44623290000000004,0.44623290000000004,FALSE,NA,FALSE,other_countries,TRUE,0
clean_controls,LBY,Libya,65,2020,0.049528100000000075,0.049528100000000075,FALSE,NA,FALSE,other_countries,TRUE,0
clean_controls,LBY,Libya,65,2021,0.4058711,0.4058711,FALSE,NA,FALSE,other_countries,TRUE,0
clean_controls,LBY,Libya,65,2022,0.2718726,0.2718726,FALSE,NA,FALSE,other_countries,TRUE,0
clean_controls,LCA,St. Lucia,66,1997,0.5256642,0.5256642,FALSE,NA,FALSE,other_countries,TRUE,0
clean_controls,LCA,St. Lucia,66,1998,0.1693923,0.1693923,FALSE,NA,FALSE,other_countries,TRUE,0
clean_controls,LCA,St. Lucia,66,1999,0.17206830000000006,0.17206830000000006,FALSE,NA,FALSE,other_countries,TRUE,0
clean_controls,LCA,St. Lucia,66,2000,0.010851999999999973,0.010851999999999973,FALSE,NA,FALSE,other_countries,TRUE,0
clean_controls,LCA,St. Lucia,66,2001,0.22525030000000001,0.22525030000000001,FALSE,NA,FALSE,other_countries,TRUE,0
clean_controls,LCA,St. Lucia,66,2002,0.34196650000000006,0.34196650000000006,FALSE,NA,FALSE,other_countries,TRUE,0
clean_controls,LCA,St. Lucia,66,2003,0.14216950000000006,0.14216950000000006,FALSE,NA,FALSE,other_countries,TRUE,0
clean_controls,LCA,St. Lucia,66,2004,0.2624139,0.2624139,FALSE,NA,FALSE,other_countries,TRUE,0
clean_controls,LCA,St. Lucia,66,2005,0.020637899999999987,0.020637899999999987,FALSE,NA,FALSE,other_countries,TRUE,0
clean_controls,LCA,St. Lucia,66,2006,0.029038499999999967,0.029038499999999967,FALSE,NA,FALSE,other_countries,TRUE,0
clean_controls,LCA,St. Lucia,66,2007,0.12364850000000005,0.12364850000000005,FALSE,NA,FALSE,other_countries,TRUE,0
clean_controls,LCA,St. Lucia,66,2008,0.415752,0.415752,FALSE,NA,FALSE,other_countries,TRUE,0
clean_controls,LCA,St. Lucia,66,2009,0.3555664,0.3555664,FALSE,NA,FALSE,other_countries,TRUE,0
clean_controls,LCA,St. Lucia,66,2010,0.47717880000000007,0.47717880000000007,FALSE,NA,FALSE,other_countries,TRUE,0
clean_controls,LCA,St. Lucia,66,2011,0.5085705,0.5085705,FALSE,NA,FALSE,other_countries,TRUE,0
clean_controls,LCA,St. Lucia,66,2012,0.21466850000000004,0.21466850000000004,FALSE,NA,FALSE,other_countries,TRUE,0
clean_controls,LCA,St. Lucia,66,2013,0.15135330000000002,0.15135330000000002,FALSE,NA,FALSE,other_countries,TRUE,0
clean_controls,LCA,St. Lucia,66,2014,0.11750020000000005,0.11750020000000005,FALSE,NA,FALSE,other_countries,TRUE,0
clean_controls,LCA,St. Lucia,66,2015,0.47725799999999996,0.47725799999999996,FALSE,NA,FALSE,other_countries,TRUE,0
clean_controls,LCA,St. Lucia,66,2016,0.030164499999999983,0.030164499999999983,FALSE,NA,FALSE,other_countries,TRUE,0
clean_controls,LCA,St. Lucia,66,2017,0.15081899999999998,0.15081899999999998,FALSE,NA,FALSE,other_countries,TRUE,0
clean_controls,LCA,St. Lucia,66,2018,0.006022599999999989,0.006022599999999989,FALSE,NA,FALSE,other_countries,TRUE,0
clean_controls,LCA,St. Lucia,66,2019,0.11330800000000002,0.11330800000000002,FALSE,NA,FALSE,other_countries,TRUE,0
clean_controls,LCA,St. Lucia,66,2020,0.16217070000000006,0.16217070000000006,FALSE,NA,FALSE,other_countries,TRUE,0
clean_controls,LCA,St. Lucia,66,2021,0.19697170000000003,0.19697170000000003,FALSE,NA,FALSE,other_countries,TRUE,0
clean_controls,LCA,St. Lucia,66,2022,0.6609537999999999,0.6609537999999999,FALSE,NA,FALSE,other_countries,TRUE,0
clean_controls,LKA,Sri Lanka,67,1997,0.3135918000000001,0.3135918000000001,FALSE,NA,FALSE,other_countries,TRUE,0
clean_controls,LKA,Sri Lanka,67,1998,0.3382707,0.3382707,FALSE,NA,FALSE,other_countries,TRUE,0
clean_controls,LKA,Sri Lanka,67,1999,0.18153229999999998,0.18153229999999998,FALSE,NA,FALSE,other_countries,TRUE,0
clean_controls,LKA,Sri Lanka,67,2000,0.12810959999999993,0.12810959999999993,FALSE,NA,FALSE,other_countries,TRUE,0
clean_controls,LKA,Sri Lanka,67,2001,0.16214099999999998,0.16214099999999998,FALSE,NA,FALSE,other_countries,TRUE,0
clean_controls,LKA,Sri Lanka,67,2002,0.2386062,0.2386062,FALSE,NA,FALSE,other_countries,TRUE,0
clean_controls,LKA,Sri Lanka,67,2003,0.34627600000000003,0.34627600000000003,FALSE,NA,FALSE,other_countries,TRUE,0
clean_controls,LKA,Sri Lanka,67,2004,0.12807460000000004,0.12807460000000004,FALSE,NA,FALSE,other_countries,TRUE,0
clean_controls,LKA,Sri Lanka,67,2005,0.22435280000000002,0.22435280000000002,FALSE,NA,FALSE,other_countries,TRUE,0
clean_controls,LKA,Sri Lanka,67,2006,0.1677674,0.1677674,FALSE,NA,FALSE,other_countries,TRUE,0
clean_controls,LKA,Sri Lanka,67,2007,0.0561391,0.0561391,FALSE,NA,FALSE,other_countries,TRUE,0
clean_controls,LKA,Sri Lanka,67,2008,0.3815849,0.3815849,FALSE,NA,FALSE,other_countries,TRUE,0
clean_controls,LKA,Sri Lanka,67,2009,0.35194539999999996,0.35194539999999996,FALSE,NA,FALSE,other_countries,TRUE,0
clean_controls,LKA,Sri Lanka,67,2010,0.08179789999999998,0.08179789999999998,FALSE,NA,FALSE,other_countries,TRUE,0
clean_controls,LKA,Sri Lanka,67,2011,0.21519719999999998,0.21519719999999998,FALSE,NA,FALSE,other_countries,TRUE,0
clean_controls,LKA,Sri Lanka,67,2012,0.002720399999999956,0.002720399999999956,FALSE,NA,FALSE,other_countries,TRUE,0
clean_controls,LKA,Sri Lanka,67,2013,0.5755872,0.5755872,FALSE,NA,FALSE,other_countries,TRUE,0
clean_controls,LKA,Sri Lanka,67,2014,0.2996346,0.2996346,FALSE,NA,FALSE,other_countries,TRUE,0
clean_controls,LKA,Sri Lanka,67,2015,0.4527635,0.4527635,FALSE,NA,FALSE,other_countries,TRUE,0
clean_controls,LKA,Sri Lanka,67,2016,0.19234839999999997,0.19234839999999997,FALSE,NA,FALSE,other_countries,TRUE,0
clean_controls,LKA,Sri Lanka,67,2017,0.32381260000000006,0.32381260000000006,FALSE,NA,FALSE,other_countries,TRUE,0
clean_controls,LKA,Sri Lanka,67,2018,0.06027260000000001,0.06027260000000001,FALSE,NA,FALSE,other_countries,TRUE,0
clean_controls,LKA,Sri Lanka,67,2019,0.29186619999999996,0.29186619999999996,FALSE,NA,FALSE,other_countries,TRUE,0
clean_controls,LKA,Sri Lanka,67,2020,0.1688890999999999,0.1688890999999999,FALSE,NA,FALSE,other_countries,TRUE,0
clean_controls,LKA,Sri Lanka,67,2021,0.7017202,0.7017202,FALSE,NA,FALSE,other_countries,TRUE,0
clean_controls,LKA,Sri Lanka,67,2022,0.22678350000000003,0.22678350000000003,FALSE,NA,FALSE,other_countries,TRUE,0
clean_controls,LSO,Lesotho,68,1997,0.32043030000000006,0.32043030000000006,FALSE,NA,FALSE,other_countries,TRUE,0
clean_controls,LSO,Lesotho,68,1998,0.018680799999999997,0.018680799999999997,FALSE,NA,FALSE,other_countries,TRUE,0
clean_controls,LSO,Lesotho,68,1999,0.23643509999999995,0.23643509999999995,FALSE,NA,FALSE,other_countries,TRUE,0
clean_controls,LSO,Lesotho,68,2000,0.051756000000000024,0.051756000000000024,FALSE,NA,FALSE,other_countries,TRUE,0
clean_controls,LSO,Lesotho,68,2001,0.021164900000000042,0.021164900000000042,FALSE,NA,FALSE,other_countries,TRUE,0
clean_controls,LSO,Lesotho,68,2002,0.009481800000000096,0.009481800000000096,FALSE,NA,FALSE,other_countries,TRUE,0
clean_controls,LSO,Lesotho,68,2003,0.25405259999999996,0.25405259999999996,FALSE,NA,FALSE,other_countries,TRUE,0
clean_controls,LSO,Lesotho,68,2004,0.26229840000000004,0.26229840000000004,FALSE,NA,FALSE,other_countries,TRUE,0
clean_controls,LSO,Lesotho,68,2005,0.18488320000000003,0.18488320000000003,FALSE,NA,FALSE,other_countries,TRUE,0
clean_controls,LSO,Lesotho,68,2006,0.27677830000000003,0.27677830000000003,FALSE,NA,FALSE,other_countries,TRUE,0
clean_controls,LSO,Lesotho,68,2007,0.10090460000000001,0.10090460000000001,FALSE,NA,FALSE,other_countries,TRUE,0
clean_controls,LSO,Lesotho,68,2008,0.11066799999999999,0.11066799999999999,FALSE,NA,FALSE,other_countries,TRUE,0
clean_controls,LSO,Lesotho,68,2009,0.144799,0.144799,FALSE,NA,FALSE,other_countries,TRUE,0
clean_controls,LSO,Lesotho,68,2010,0.2341506000000001,0.2341506000000001,FALSE,NA,FALSE,other_countries,TRUE,0
clean_controls,LSO,Lesotho,68,2011,0.005212500000000064,0.005212500000000064,FALSE,NA,FALSE,other_countries,TRUE,0
clean_controls,LSO,Lesotho,68,2012,0.3395954,0.3395954,FALSE,NA,FALSE,other_countries,TRUE,0
clean_controls,LSO,Lesotho,68,2013,0.20428820000000003,0.20428820000000003,FALSE,NA,FALSE,other_countries,TRUE,0
clean_controls,LSO,Lesotho,68,2014,0.04988239999999999,0.04988239999999999,FALSE,NA,FALSE,other_countries,TRUE,0
clean_controls,LSO,Lesotho,68,2015,0.2885656,0.2885656,FALSE,NA,FALSE,other_countries,TRUE,0
clean_controls,LSO,Lesotho,68,2016,0.29089889999999996,0.29089889999999996,FALSE,NA,FALSE,other_countries,TRUE,0
clean_controls,LSO,Lesotho,68,2017,0.37314430000000004,0.37314430000000004,FALSE,NA,FALSE,other_countries,TRUE,0
clean_controls,LSO,Lesotho,68,2018,0.1184174,0.1184174,FALSE,NA,FALSE,other_countries,TRUE,0
clean_controls,LSO,Lesotho,68,2019,0.05544260000000001,0.05544260000000001,FALSE,NA,FALSE,other_countries,TRUE,0
clean_controls,LSO,Lesotho,68,2020,0.29776280000000005,0.29776280000000005,FALSE,NA,FALSE,other_countries,TRUE,0
clean_controls,LSO,Lesotho,68,2021,0.06363730000000001,0.06363730000000001,FALSE,NA,FALSE,other_countries,TRUE,0
clean_controls,LSO,Lesotho,68,2022,0.7194484999999999,0.7194484999999999,FALSE,NA,FALSE,other_countries,TRUE,0
clean_controls,LTU,Lithuania,69,1997,2.59283,2.59283,FALSE,NA,FALSE,other_countries,TRUE,0
clean_controls,LTU,Lithuania,69,1998,1.6364581,1.6364581,FALSE,NA,FALSE,other_countries,TRUE,0
clean_controls,LTU,Lithuania,69,1999,1.8344424,1.8344424,FALSE,NA,FALSE,other_countries,TRUE,0
clean_controls,LTU,Lithuania,69,2000,1.9238536,1.9238536,FALSE,NA,FALSE,other_countries,TRUE,0
clean_controls,LTU,Lithuania,69,2001,1.7080223,1.7080223,FALSE,NA,FALSE,other_countries,TRUE,0
clean_controls,LTU,Lithuania,69,2002,1.6588436,1.6588436,FALSE,NA,FALSE,other_countries,TRUE,0
clean_controls,LTU,Lithuania,69,2003,2.1524012,2.1524012,FALSE,NA,FALSE,other_countries,TRUE,0
clean_controls,LTU,Lithuania,69,2004,1.8166982,1.8166982,FALSE,NA,FALSE,other_countries,TRUE,0
clean_controls,LTU,Lithuania,69,2005,1.7420664000000001,1.7420664000000001,FALSE,NA,FALSE,other_countries,TRUE,0
clean_controls,LTU,Lithuania,69,2006,1.8546211000000001,1.8546211000000001,FALSE,NA,FALSE,other_countries,TRUE,0
clean_controls,LTU,Lithuania,69,2007,1.64432,1.64432,FALSE,NA,FALSE,other_countries,TRUE,0
clean_controls,LTU,Lithuania,69,2008,1.6319328,1.6319328,FALSE,NA,FALSE,other_countries,TRUE,0
clean_controls,LTU,Lithuania,69,2009,1.6927553,1.6927553,FALSE,NA,FALSE,other_countries,TRUE,0
clean_controls,LTU,Lithuania,69,2010,1.9470307,1.9470307,FALSE,NA,FALSE,other_countries,TRUE,0
clean_controls,LTU,Lithuania,69,2011,1.7903630000000001,1.7903630000000001,FALSE,NA,FALSE,other_countries,TRUE,0
clean_controls,LTU,Lithuania,69,2012,1.8997766999999999,1.8997766999999999,FALSE,NA,FALSE,other_countries,TRUE,0
clean_controls,LTU,Lithuania,69,2013,1.5205358,1.5205358,FALSE,NA,FALSE,other_countries,TRUE,0
clean_controls,LTU,Lithuania,69,2014,1.8910494,1.8910494,FALSE,NA,FALSE,other_countries,TRUE,0
clean_controls,LTU,Lithuania,69,2015,1.3998902,1.3998902,FALSE,NA,FALSE,other_countries,TRUE,0
clean_controls,LTU,Lithuania,69,2016,1.6711169,1.6711169,FALSE,NA,FALSE,other_countries,TRUE,0
clean_controls,LTU,Lithuania,69,2017,1.4708972,1.4708972,FALSE,NA,FALSE,other_countries,TRUE,0
clean_controls,LTU,Lithuania,69,2018,1.7133936,1.7133936,FALSE,NA,FALSE,other_countries,TRUE,0
clean_controls,LTU,Lithuania,69,2019,1.5865404,1.5865404,FALSE,NA,FALSE,other_countries,TRUE,0
clean_controls,LTU,Lithuania,69,2020,1.8199784,1.8199784,FALSE,NA,FALSE,other_countries,TRUE,0
clean_controls,LTU,Lithuania,69,2021,1.5001981,1.5001981,FALSE,NA,FALSE,other_countries,TRUE,0
clean_controls,LTU,Lithuania,69,2022,2.4513879999999997,2.4513879999999997,FALSE,NA,FALSE,other_countries,TRUE,0
clean_controls,LVA,Latvia,70,1997,2.6212660000000003,2.6212660000000003,FALSE,NA,FALSE,other_countries,TRUE,0
clean_controls,LVA,Latvia,70,1998,1.6451091,1.6451091,FALSE,NA,FALSE,other_countries,TRUE,0
clean_controls,LVA,Latvia,70,1999,1.8053634,1.8053634,FALSE,NA,FALSE,other_countries,TRUE,0
clean_controls,LVA,Latvia,70,2000,1.9415626000000001,1.9415626000000001,FALSE,NA,FALSE,other_countries,TRUE,0
clean_controls,LVA,Latvia,70,2001,1.7515782999999998,1.7515782999999998,FALSE,NA,FALSE,other_countries,TRUE,0
clean_controls,LVA,Latvia,70,2002,1.6593806,1.6593806,FALSE,NA,FALSE,other_countries,TRUE,0
clean_controls,LVA,Latvia,70,2003,2.0645442000000003,2.0645442000000003,FALSE,NA,FALSE,other_countries,TRUE,0
clean_controls,LVA,Latvia,70,2004,1.998843,1.998843,FALSE,NA,FALSE,other_countries,TRUE,0
clean_controls,LVA,Latvia,70,2005,1.8719834,1.8719834,FALSE,NA,FALSE,other_countries,TRUE,0
clean_controls,LVA,Latvia,70,2006,1.8781330999999999,1.8781330999999999,FALSE,NA,FALSE,other_countries,TRUE,0
clean_controls,LVA,Latvia,70,2007,1.657581,1.657581,FALSE,NA,FALSE,other_countries,TRUE,0
clean_controls,LVA,Latvia,70,2008,1.6544051,1.6544051,FALSE,NA,FALSE,other_countries,TRUE,0
clean_controls,LVA,Latvia,70,2009,1.5896089,1.5896089,FALSE,NA,FALSE,other_countries,TRUE,0
clean_controls,LVA,Latvia,70,2010,1.9541617000000002,1.9541617000000002,FALSE,NA,FALSE,other_countries,TRUE,0
clean_controls,LVA,Latvia,70,2011,1.7983989999999999,1.7983989999999999,FALSE,NA,FALSE,other_countries,TRUE,0
clean_controls,LVA,Latvia,70,2012,1.9004207000000002,1.9004207000000002,FALSE,NA,FALSE,other_countries,TRUE,0
clean_controls,LVA,Latvia,70,2013,1.5300988,1.5300988,FALSE,NA,FALSE,other_countries,TRUE,0
clean_controls,LVA,Latvia,70,2014,1.8908754,1.8908754,FALSE,NA,FALSE,other_countries,TRUE,0
clean_controls,LVA,Latvia,70,2015,1.3775502,1.3775502,FALSE,NA,FALSE,other_countries,TRUE,0
clean_controls,LVA,Latvia,70,2016,1.6326509,1.6326509,FALSE,NA,FALSE,other_countries,TRUE,0
clean_controls,LVA,Latvia,70,2017,1.4526342,1.4526342,FALSE,NA,FALSE,other_countries,TRUE,0
clean_controls,LVA,Latvia,70,2018,1.6929396,1.6929396,FALSE,NA,FALSE,other_countries,TRUE,0
clean_controls,LVA,Latvia,70,2019,1.5356974,1.5356974,FALSE,NA,FALSE,other_countries,TRUE,0
clean_controls,LVA,Latvia,70,2020,1.7632143999999998,1.7632143999999998,FALSE,NA,FALSE,other_countries,TRUE,0
clean_controls,LVA,Latvia,70,2021,1.4771111,1.4771111,FALSE,NA,FALSE,other_countries,TRUE,0
clean_controls,LVA,Latvia,70,2022,2.345435,2.345435,FALSE,NA,FALSE,other_countries,TRUE,0
clean_controls,MAR,Morocco,71,1997,0.4036873000000001,0.4036873000000001,FALSE,NA,FALSE,other_countries,TRUE,0
clean_controls,MAR,Morocco,71,1998,0.36229720000000004,0.36229720000000004,FALSE,NA,FALSE,other_countries,TRUE,0
clean_controls,MAR,Morocco,71,1999,0.1492808,0.1492808,FALSE,NA,FALSE,other_countries,TRUE,0
clean_controls,MAR,Morocco,71,2000,0.22433110000000006,0.22433110000000006,FALSE,NA,FALSE,other_countries,TRUE,0
clean_controls,MAR,Morocco,71,2001,0.40551079999999995,0.40551079999999995,FALSE,NA,FALSE,other_countries,TRUE,0
clean_controls,MAR,Morocco,71,2002,0.5459784000000001,0.5459784000000001,FALSE,NA,FALSE,other_countries,TRUE,0
clean_controls,MAR,Morocco,71,2003,0.20651780000000008,0.20651780000000008,FALSE,NA,FALSE,other_countries,TRUE,0
clean_controls,MAR,Morocco,71,2004,0.19292299999999996,0.19292299999999996,FALSE,NA,FALSE,other_countries,TRUE,0
clean_controls,MAR,Morocco,71,2005,0.2855394,0.2855394,FALSE,NA,FALSE,other_countries,TRUE,0
clean_controls,MAR,Morocco,71,2006,0.18885470000000004,0.18885470000000004,FALSE,NA,FALSE,other_countries,TRUE,0
clean_controls,MAR,Morocco,71,2007,0.09028939999999996,0.09028939999999996,FALSE,NA,FALSE,other_countries,TRUE,0
clean_controls,MAR,Morocco,71,2008,0.0067030000000000145,0.0067030000000000145,FALSE,NA,FALSE,other_countries,TRUE,0
clean_controls,MAR,Morocco,71,2009,0.10374070000000002,0.10374070000000002,FALSE,NA,FALSE,other_countries,TRUE,0
clean_controls,MAR,Morocco,71,2010,0.20151200000000002,0.20151200000000002,FALSE,NA,FALSE,other_countries,TRUE,0
clean_controls,MAR,Morocco,71,2011,0.16447259999999997,0.16447259999999997,FALSE,NA,FALSE,other_countries,TRUE,0
clean_controls,MAR,Morocco,71,2012,0.17186409999999996,0.17186409999999996,FALSE,NA,FALSE,other_countries,TRUE,0
clean_controls,MAR,Morocco,71,2013,0.1982444,0.1982444,FALSE,NA,FALSE,other_countries,TRUE,0
clean_controls,MAR,Morocco,71,2014,0.1290633,0.1290633,FALSE,NA,FALSE,other_countries,TRUE,0
clean_controls,MAR,Morocco,71,2015,0.30510329999999997,0.30510329999999997,FALSE,NA,FALSE,other_countries,TRUE,0
clean_controls,MAR,Morocco,71,2016,0.1975051,0.1975051,FALSE,NA,FALSE,other_countries,TRUE,0
clean_controls,MAR,Morocco,71,2017,0.005771000000000026,0.005771000000000026,FALSE,NA,FALSE,other_countries,TRUE,0
clean_controls,MAR,Morocco,71,2018,0.062136899999999995,0.062136899999999995,FALSE,NA,FALSE,other_countries,TRUE,0
clean_controls,MAR,Morocco,71,2019,0.26376009999999994,0.26376009999999994,FALSE,NA,FALSE,other_countries,TRUE,0
clean_controls,MAR,Morocco,71,2020,0.047123899999999996,0.047123899999999996,FALSE,NA,FALSE,other_countries,TRUE,0
clean_controls,MAR,Morocco,71,2021,0.15053860000000002,0.15053860000000002,FALSE,NA,FALSE,other_countries,TRUE,0
clean_controls,MAR,Morocco,71,2022,0.6223428,0.6223428,FALSE,NA,FALSE,other_countries,TRUE,0
clean_controls,MDA,Moldova,72,1997,2.311083,2.311083,FALSE,NA,FALSE,other_countries,TRUE,0
clean_controls,MDA,Moldova,72,1998,1.4133481,1.4133481,FALSE,NA,FALSE,other_countries,TRUE,0
clean_controls,MDA,Moldova,72,1999,1.6469136,1.6469136,FALSE,NA,FALSE,other_countries,TRUE,0
clean_controls,MDA,Moldova,72,2000,1.643318,1.643318,FALSE,NA,FALSE,other_countries,TRUE,0
clean_controls,MDA,Moldova,72,2001,1.4803267,1.4803267,FALSE,NA,FALSE,other_countries,TRUE,0
clean_controls,MDA,Moldova,72,2002,1.4018061,1.4018061,FALSE,NA,FALSE,other_countries,TRUE,0
clean_controls,MDA,Moldova,72,2003,1.6688102,1.6688102,FALSE,NA,FALSE,other_countries,TRUE,0
clean_controls,MDA,Moldova,72,2004,1.5235926000000002,1.5235926000000002,FALSE,NA,FALSE,other_countries,TRUE,0
clean_controls,MDA,Moldova,72,2005,1.5192373,1.5192373,FALSE,NA,FALSE,other_countries,TRUE,0
clean_controls,MDA,Moldova,72,2006,1.9063291000000002,1.9063291000000002,FALSE,NA,FALSE,other_countries,TRUE,0
clean_controls,MDA,Moldova,72,2007,1.5134669,1.5134669,FALSE,NA,FALSE,other_countries,TRUE,0
clean_controls,MDA,Moldova,72,2008,1.5199981,1.5199981,FALSE,NA,FALSE,other_countries,TRUE,0
clean_controls,MDA,Moldova,72,2009,1.5601601999999999,1.5601601999999999,FALSE,NA,FALSE,other_countries,TRUE,0
clean_controls,MDA,Moldova,72,2010,1.7495895,1.7495895,FALSE,NA,FALSE,other_countries,TRUE,0
clean_controls,MDA,Moldova,72,2011,1.6924104,1.6924104,FALSE,NA,FALSE,other_countries,TRUE,0
clean_controls,MDA,Moldova,72,2012,1.7928682,1.7928682,FALSE,NA,FALSE,other_countries,TRUE,0
clean_controls,MDA,Moldova,72,2013,1.4385710999999999,1.4385710999999999,FALSE,NA,FALSE,other_countries,TRUE,0
clean_controls,MDA,Moldova,72,2014,1.7685222999999999,1.7685222999999999,FALSE,NA,FALSE,other_countries,TRUE,0
clean_controls,MDA,Moldova,72,2015,1.1324148,1.1324148,FALSE,NA,FALSE,other_countries,TRUE,0
clean_controls,MDA,Moldova,72,2016,1.3095926,1.3095926,FALSE,NA,FALSE,other_countries,TRUE,0
clean_controls,MDA,Moldova,72,2017,1.1391867,1.1391867,FALSE,NA,FALSE,other_countries,TRUE,0
clean_controls,MDA,Moldova,72,2018,1.2574719,1.2574719,FALSE,NA,FALSE,other_countries,TRUE,0
clean_controls,MDA,Moldova,72,2019,1.0590072,1.0590072,FALSE,NA,FALSE,other_countries,TRUE,0
clean_controls,MDA,Moldova,72,2020,1.2161478,1.2161478,FALSE,NA,FALSE,other_countries,TRUE,0
clean_controls,MDA,Moldova,72,2021,0.9705431,0.9705431,FALSE,NA,FALSE,other_countries,TRUE,0
clean_controls,MDA,Moldova,72,2022,1.9642732999999999,1.9642732999999999,FALSE,NA,FALSE,other_countries,TRUE,0
clean_controls,MDG,Madagascar,73,1997,0.8859692,0.8859692,FALSE,NA,FALSE,other_countries,TRUE,0
clean_controls,MDG,Madagascar,73,1998,0.2007176,0.2007176,FALSE,NA,FALSE,other_countries,TRUE,0
clean_controls,MDG,Madagascar,73,1999,0.22661399999999998,0.22661399999999998,FALSE,NA,FALSE,other_countries,TRUE,0
clean_controls,MDG,Madagascar,73,2000,0.018265099999999923,0.018265099999999923,FALSE,NA,FALSE,other_countries,TRUE,0
clean_controls,MDG,Madagascar,73,2001,0.09581050000000002,0.09581050000000002,FALSE,NA,FALSE,other_countries,TRUE,0
clean_controls,MDG,Madagascar,73,2002,0.32777309999999993,0.32777309999999993,FALSE,NA,FALSE,other_countries,TRUE,0
clean_controls,MDG,Madagascar,73,2003,0.393571,0.393571,FALSE,NA,FALSE,other_countries,TRUE,0
clean_controls,MDG,Madagascar,73,2004,0.28256520000000007,0.28256520000000007,FALSE,NA,FALSE,other_countries,TRUE,0
clean_controls,MDG,Madagascar,73,2005,0.3116759,0.3116759,FALSE,NA,FALSE,other_countries,TRUE,0
clean_controls,MDG,Madagascar,73,2006,0.5562913,0.5562913,FALSE,NA,FALSE,other_countries,TRUE,0
clean_controls,MDG,Madagascar,73,2007,0.36246210000000006,0.36246210000000006,FALSE,NA,FALSE,other_countries,TRUE,0
clean_controls,MDG,Madagascar,73,2008,0.26630950000000003,0.26630950000000003,FALSE,NA,FALSE,other_countries,TRUE,0
clean_controls,MDG,Madagascar,73,2009,0.2229774,0.2229774,FALSE,NA,FALSE,other_countries,TRUE,0
clean_controls,MDG,Madagascar,73,2010,0.43968760000000007,0.43968760000000007,FALSE,NA,FALSE,other_countries,TRUE,0
clean_controls,MDG,Madagascar,73,2011,0.3618357,0.3618357,FALSE,NA,FALSE,other_countries,TRUE,0
clean_controls,MDG,Madagascar,73,2012,0.4145688,0.4145688,FALSE,NA,FALSE,other_countries,TRUE,0
clean_controls,MDG,Madagascar,73,2013,1.5609999999999236e-4,1.5609999999999236e-4,FALSE,NA,FALSE,other_countries,TRUE,0
clean_controls,MDG,Madagascar,73,2014,0.86475986,0.86475986,FALSE,NA,FALSE,other_countries,TRUE,0
clean_controls,MDG,Madagascar,73,2015,0.19701130000000003,0.19701130000000003,FALSE,NA,FALSE,other_countries,TRUE,0
clean_controls,MDG,Madagascar,73,2016,0.13730869999999995,0.13730869999999995,FALSE,NA,FALSE,other_countries,TRUE,0
clean_controls,MDG,Madagascar,73,2017,0.17115819999999998,0.17115819999999998,FALSE,NA,FALSE,other_countries,TRUE,0
clean_controls,MDG,Madagascar,73,2018,0.16566439999999993,0.16566439999999993,FALSE,NA,FALSE,other_countries,TRUE,0
clean_controls,MDG,Madagascar,73,2019,0.19928860000000004,0.19928860000000004,FALSE,NA,FALSE,other_countries,TRUE,0
clean_controls,MDG,Madagascar,73,2020,0.47699500000000006,0.47699500000000006,FALSE,NA,FALSE,other_countries,TRUE,0
clean_controls,MDG,Madagascar,73,2021,0.09495819999999996,0.09495819999999996,FALSE,NA,FALSE,other_countries,TRUE,0
clean_controls,MDG,Madagascar,73,2022,0.6279352,0.6279352,FALSE,NA,FALSE,other_countries,TRUE,0
clean_controls,MDV,Maldives,74,1997,0.6028813000000001,0.6028813000000001,FALSE,NA,FALSE,other_countries,TRUE,0
clean_controls,MDV,Maldives,74,1998,0.014467300000000016,0.014467300000000016,FALSE,NA,FALSE,other_countries,TRUE,0
clean_controls,MDV,Maldives,74,1999,0.24554359999999997,0.24554359999999997,FALSE,NA,FALSE,other_countries,TRUE,0
clean_controls,MDV,Maldives,74,2000,0.19069760000000002,0.19069760000000002,FALSE,NA,FALSE,other_countries,TRUE,0
clean_controls,MDV,Maldives,74,2001,0.05726039999999999,0.05726039999999999,FALSE,NA,FALSE,other_countries,TRUE,0
clean_controls,MDV,Maldives,74,2002,0.038417799999999946,0.038417799999999946,FALSE,NA,FALSE,other_countries,TRUE,0
clean_controls,MDV,Maldives,74,2003,0.26529270000000005,0.26529270000000005,FALSE,NA,FALSE,other_countries,TRUE,0
clean_controls,MDV,Maldives,74,2004,0.12707069999999998,0.12707069999999998,FALSE,NA,FALSE,other_countries,TRUE,0
clean_controls,MDV,Maldives,74,2005,0.13111929999999994,0.13111929999999994,FALSE,NA,FALSE,other_countries,TRUE,0
clean_controls,MDV,Maldives,74,2006,0.28541890000000003,0.28541890000000003,FALSE,NA,FALSE,other_countries,TRUE,0
clean_controls,MDV,Maldives,74,2007,0.15505269999999993,0.15505269999999993,FALSE,NA,FALSE,other_countries,TRUE,0
clean_controls,MDV,Maldives,74,2008,0.11411539999999998,0.11411539999999998,FALSE,NA,FALSE,other_countries,TRUE,0
clean_controls,MDV,Maldives,74,2009,0.26503350000000003,0.26503350000000003,FALSE,NA,FALSE,other_countries,TRUE,0
clean_controls,MDV,Maldives,74,2010,0.46227470000000004,0.46227470000000004,FALSE,NA,FALSE,other_countries,TRUE,0
clean_controls,MDV,Maldives,74,2011,0.4521959,0.4521959,FALSE,NA,FALSE,other_countries,TRUE,0
clean_controls,MDV,Maldives,74,2012,0.2580743,0.2580743,FALSE,NA,FALSE,other_countries,TRUE,0
clean_controls,MDV,Maldives,74,2013,0.03914769999999995,0.03914769999999995,FALSE,NA,FALSE,other_countries,TRUE,0
clean_controls,MDV,Maldives,74,2014,0.1318182,0.1318182,FALSE,NA,FALSE,other_countries,TRUE,0
clean_controls,MDV,Maldives,74,2015,0.41958419999999996,0.41958419999999996,FALSE,NA,FALSE,other_countries,TRUE,0
clean_controls,MDV,Maldives,74,2016,0.048275999999999986,0.048275999999999986,FALSE,NA,FALSE,other_countries,TRUE,0
clean_controls,MDV,Maldives,74,2017,0.25205610000000006,0.25205610000000006,FALSE,NA,FALSE,other_countries,TRUE,0
clean_controls,MDV,Maldives,74,2018,0.006947099999999984,0.006947099999999984,FALSE,NA,FALSE,other_countries,TRUE,0
clean_controls,MDV,Maldives,74,2019,0.1885829,0.1885829,FALSE,NA,FALSE,other_countries,TRUE,0
clean_controls,MDV,Maldives,74,2020,0.18264070000000004,0.18264070000000004,FALSE,NA,FALSE,other_countries,TRUE,0
clean_controls,MDV,Maldives,74,2021,0.1266101,0.1266101,FALSE,NA,FALSE,other_countries,TRUE,0
clean_controls,MDV,Maldives,74,2022,0.8153629,0.8153629,FALSE,NA,FALSE,other_countries,TRUE,0
clean_controls,MEX,Mexico,75,1997,0.7232045,0.7232045,FALSE,NA,FALSE,other_countries,TRUE,0
clean_controls,MEX,Mexico,75,1998,0.2505808,0.2505808,FALSE,NA,FALSE,other_countries,TRUE,0
clean_controls,MEX,Mexico,75,1999,0.16845099999999996,0.16845099999999996,FALSE,NA,FALSE,other_countries,TRUE,0
clean_controls,MEX,Mexico,75,2000,0.26890890000000006,0.26890890000000006,FALSE,NA,FALSE,other_countries,TRUE,0
clean_controls,MEX,Mexico,75,2001,0.014081499999999969,0.014081499999999969,FALSE,NA,FALSE,other_countries,TRUE,0
clean_controls,MEX,Mexico,75,2002,0.18265789999999998,0.18265789999999998,FALSE,NA,FALSE,other_countries,TRUE,0
clean_controls,MEX,Mexico,75,2003,0.6239745999999999,0.6239745999999999,FALSE,NA,FALSE,other_countries,TRUE,0
clean_controls,MEX,Mexico,75,2004,0.6907697,0.6907697,FALSE,NA,FALSE,other_countries,TRUE,0
clean_controls,MEX,Mexico,75,2005,0.62685822,0.62685822,FALSE,NA,FALSE,other_countries,TRUE,0
clean_controls,MEX,Mexico,75,2006,0.79630007,0.79630007,FALSE,NA,FALSE,other_countries,TRUE,0
clean_controls,MEX,Mexico,75,2007,0.5432840600000001,0.5432840600000001,FALSE,NA,FALSE,other_countries,TRUE,0
clean_controls,MEX,Mexico,75,2008,0.56328893,0.56328893,FALSE,NA,FALSE,other_countries,TRUE,0
clean_controls,MEX,Mexico,75,2009,0.53485892,0.53485892,FALSE,NA,FALSE,other_countries,TRUE,0
clean_controls,MEX,Mexico,75,2010,0.8046958700000001,0.8046958700000001,FALSE,NA,FALSE,other_countries,TRUE,0
clean_controls,MEX,Mexico,75,2011,0.72252589,0.72252589,FALSE,NA,FALSE,other_countries,TRUE,0
clean_controls,MEX,Mexico,75,2012,0.78599713,0.78599713,FALSE,NA,FALSE,other_countries,TRUE,0
clean_controls,MEX,Mexico,75,2013,0.3956556,0.3956556,FALSE,NA,FALSE,other_countries,TRUE,0
clean_controls,MEX,Mexico,75,2014,0.7258891000000001,0.7258891000000001,FALSE,NA,FALSE,other_countries,TRUE,0
clean_controls,MEX,Mexico,75,2015,0.00581520000000002,0.00581520000000002,FALSE,NA,FALSE,other_countries,TRUE,0
clean_controls,MEX,Mexico,75,2016,0.3418918,0.3418918,FALSE,NA,FALSE,other_countries,TRUE,0
clean_controls,MEX,Mexico,75,2017,0.39676906,0.39676906,FALSE,NA,FALSE,other_countries,TRUE,0
clean_controls,MEX,Mexico,75,2018,0.49414736000000004,0.49414736000000004,FALSE,NA,FALSE,other_countries,TRUE,0
clean_controls,MEX,Mexico,75,2019,0.33702702,0.33702702,FALSE,NA,FALSE,other_countries,TRUE,0
clean_controls,MEX,Mexico,75,2020,0.584839816,0.584839816,FALSE,NA,FALSE,other_countries,TRUE,0
clean_controls,MEX,Mexico,75,2021,0.21812862,0.21812862,FALSE,NA,FALSE,other_countries,TRUE,0
clean_controls,MEX,Mexico,75,2022,1.12768553,1.12768553,FALSE,NA,FALSE,other_countries,TRUE,0
clean_controls,MHL,Marshall Islands,76,1997,2.0443319,2.0443319,FALSE,NA,FALSE,other_countries,TRUE,0
clean_controls,MHL,Marshall Islands,76,1998,1.6065041,1.6065041,FALSE,NA,FALSE,other_countries,TRUE,0
clean_controls,MHL,Marshall Islands,76,1999,2.0042304,2.0042304,FALSE,NA,FALSE,other_countries,TRUE,0
clean_controls,MHL,Marshall Islands,76,2000,2.1173436,2.1173436,FALSE,NA,FALSE,other_countries,TRUE,0
clean_controls,MHL,Marshall Islands,76,2001,2.9586193,2.9586193,FALSE,NA,FALSE,other_countries,TRUE,0
clean_controls,MHL,Marshall Islands,76,2002,3.2073266,3.2073266,FALSE,NA,FALSE,other_countries,TRUE,0
clean_controls,MHL,Marshall Islands,76,2003,2.8542492,2.8542492,FALSE,NA,FALSE,other_countries,TRUE,0
clean_controls,MHL,Marshall Islands,76,2004,2.049776,2.049776,FALSE,NA,FALSE,other_countries,TRUE,0
clean_controls,MHL,Marshall Islands,76,2005,2.6152904,2.6152904,FALSE,NA,FALSE,other_countries,TRUE,0
clean_controls,MHL,Marshall Islands,76,2006,2.8305011,2.8305011,FALSE,NA,FALSE,other_countries,TRUE,0
clean_controls,MHL,Marshall Islands,76,2007,2.384991,2.384991,FALSE,NA,FALSE,other_countries,TRUE,0
clean_controls,MHL,Marshall Islands,76,2008,2.0009101,2.0009101,FALSE,NA,FALSE,other_countries,TRUE,0
clean_controls,MHL,Marshall Islands,76,2009,1.8610063000000001,1.8610063000000001,FALSE,NA,FALSE,other_countries,TRUE,0
clean_controls,MHL,Marshall Islands,76,2010,2.1642067000000003,2.1642067000000003,FALSE,NA,FALSE,other_countries,TRUE,0
clean_controls,MHL,Marshall Islands,76,2011,2.081834,2.081834,FALSE,NA,FALSE,other_countries,TRUE,0
clean_controls,MHL,Marshall Islands,76,2012,2.1517917,2.1517917,FALSE,NA,FALSE,other_countries,TRUE,0
clean_controls,MHL,Marshall Islands,76,2013,1.463763,1.463763,FALSE,NA,FALSE,other_countries,TRUE,0
clean_controls,MHL,Marshall Islands,76,2014,1.675183,1.675183,FALSE,NA,FALSE,other_countries,TRUE,0
clean_controls,MHL,Marshall Islands,76,2015,0.9481751,0.9481751,FALSE,NA,FALSE,other_countries,TRUE,0
clean_controls,MHL,Marshall Islands,76,2016,1.2167303999999999,1.2167303999999999,FALSE,NA,FALSE,other_countries,TRUE,0
clean_controls,MHL,Marshall Islands,76,2017,1.312871,1.312871,FALSE,NA,FALSE,other_countries,TRUE,0
clean_controls,MHL,Marshall Islands,76,2018,1.3606733,1.3606733,FALSE,NA,FALSE,other_countries,TRUE,0
clean_controls,MHL,Marshall Islands,76,2019,1.3929434,1.3929434,FALSE,NA,FALSE,other_countries,TRUE,0
clean_controls,MHL,Marshall Islands,76,2020,1.4913288,1.4913288,FALSE,NA,FALSE,other_countries,TRUE,0
clean_controls,MHL,Marshall Islands,76,2021,1.1180055,1.1180055,FALSE,NA,FALSE,other_countries,TRUE,0
clean_controls,MHL,Marshall Islands,76,2022,2.2221130000000002,2.2221130000000002,FALSE,NA,FALSE,other_countries,TRUE,0
clean_controls,MKD,North Macedonia,77,1997,2.3537689999999998,2.3537689999999998,FALSE,NA,FALSE,other_countries,TRUE,0
clean_controls,MKD,North Macedonia,77,1998,1.3466534000000001,1.3466534000000001,FALSE,NA,FALSE,other_countries,TRUE,0
clean_controls,MKD,North Macedonia,77,1999,1.5526901,1.5526901,FALSE,NA,FALSE,other_countries,TRUE,0
clean_controls,MKD,North Macedonia,77,2000,1.7410606,1.7410606,FALSE,NA,FALSE,other_countries,TRUE,0
clean_controls,MKD,North Macedonia,77,2001,1.5794142999999998,1.5794142999999998,FALSE,NA,FALSE,other_countries,TRUE,0
clean_controls,MKD,North Macedonia,77,2002,1.5107966,1.5107966,FALSE,NA,FALSE,other_countries,TRUE,0
clean_controls,MKD,North Macedonia,77,2003,1.9427402,1.9427402,FALSE,NA,FALSE,other_countries,TRUE,0
clean_controls,MKD,North Macedonia,77,2004,1.7830858,1.7830858,FALSE,NA,FALSE,other_countries,TRUE,0
clean_controls,MKD,North Macedonia,77,2005,1.6772438,1.6772438,FALSE,NA,FALSE,other_countries,TRUE,0
clean_controls,MKD,North Macedonia,77,2006,1.8234865,1.8234865,FALSE,NA,FALSE,other_countries,TRUE,0
clean_controls,MKD,North Macedonia,77,2007,1.5780658,1.5780658,FALSE,NA,FALSE,other_countries,TRUE,0
clean_controls,MKD,North Macedonia,77,2008,1.6308003,1.6308003,FALSE,NA,FALSE,other_countries,TRUE,0
clean_controls,MKD,North Macedonia,77,2009,1.6611422999999998,1.6611422999999998,FALSE,NA,FALSE,other_countries,TRUE,0
clean_controls,MKD,North Macedonia,77,2010,1.7064885,1.7064885,FALSE,NA,FALSE,other_countries,TRUE,0
clean_controls,MKD,North Macedonia,77,2011,1.6853524,1.6853524,FALSE,NA,FALSE,other_countries,TRUE,0
clean_controls,MKD,North Macedonia,77,2012,1.7869376,1.7869376,FALSE,NA,FALSE,other_countries,TRUE,0
clean_controls,MKD,North Macedonia,77,2013,1.3463883,1.3463883,FALSE,NA,FALSE,other_countries,TRUE,0
clean_controls,MKD,North Macedonia,77,2014,1.7324218,1.7324218,FALSE,NA,FALSE,other_countries,TRUE,0
clean_controls,MKD,North Macedonia,77,2015,1.056278,1.056278,FALSE,NA,FALSE,other_countries,TRUE,0
clean_controls,MKD,North Macedonia,77,2016,1.2801338,1.2801338,FALSE,NA,FALSE,other_countries,TRUE,0
clean_controls,MKD,North Macedonia,77,2017,1.2460326,1.2460326,FALSE,NA,FALSE,other_countries,TRUE,0
clean_controls,MKD,North Macedonia,77,2018,1.4021886000000001,1.4021886000000001,FALSE,NA,FALSE,other_countries,TRUE,0
clean_controls,MKD,North Macedonia,77,2019,1.3996674,1.3996674,FALSE,NA,FALSE,other_countries,TRUE,0
clean_controls,MKD,North Macedonia,77,2020,1.6085344,1.6085344,FALSE,NA,FALSE,other_countries,TRUE,0
clean_controls,MKD,North Macedonia,77,2021,1.3393921,1.3393921,FALSE,NA,FALSE,other_countries,TRUE,0
clean_controls,MKD,North Macedonia,77,2022,2.167413,2.167413,FALSE,NA,FALSE,other_countries,TRUE,0
clean_controls,MUS,Mauritius,78,1997,1.0695664,1.0695664,FALSE,NA,FALSE,other_countries,TRUE,0
clean_controls,MUS,Mauritius,78,1998,0.14084429999999998,0.14084429999999998,FALSE,NA,FALSE,other_countries,TRUE,0
clean_controls,MUS,Mauritius,78,1999,0.31862429999999997,0.31862429999999997,FALSE,NA,FALSE,other_countries,TRUE,0
clean_controls,MUS,Mauritius,78,2000,0.35416410000000004,0.35416410000000004,FALSE,NA,FALSE,other_countries,TRUE,0
clean_controls,MUS,Mauritius,78,2001,0.2924098,0.2924098,FALSE,NA,FALSE,other_countries,TRUE,0
clean_controls,MUS,Mauritius,78,2002,0.25913839999999994,0.25913839999999994,FALSE,NA,FALSE,other_countries,TRUE,0
clean_controls,MUS,Mauritius,78,2003,0.6519571,0.6519571,FALSE,NA,FALSE,other_countries,TRUE,0
clean_controls,MUS,Mauritius,78,2004,0.32192370000000003,0.32192370000000003,FALSE,NA,FALSE,other_countries,TRUE,0
clean_controls,MUS,Mauritius,78,2005,0.2158717,0.2158717,FALSE,NA,FALSE,other_countries,TRUE,0
clean_controls,MUS,Mauritius,78,2006,0.5237887999999999,0.5237887999999999,FALSE,NA,FALSE,other_countries,TRUE,0
clean_controls,MUS,Mauritius,78,2007,0.24293700000000007,0.24293700000000007,FALSE,NA,FALSE,other_countries,TRUE,0
clean_controls,MUS,Mauritius,78,2008,0.2640772,0.2640772,FALSE,NA,FALSE,other_countries,TRUE,0
clean_controls,MUS,Mauritius,78,2009,0.18619760000000002,0.18619760000000002,FALSE,NA,FALSE,other_countries,TRUE,0
clean_controls,MUS,Mauritius,78,2010,0.33030590000000004,0.33030590000000004,FALSE,NA,FALSE,other_countries,TRUE,0
clean_controls,MUS,Mauritius,78,2011,0.3749222,0.3749222,FALSE,NA,FALSE,other_countries,TRUE,0
clean_controls,MUS,Mauritius,78,2012,0.26200120000000005,0.26200120000000005,FALSE,NA,FALSE,other_countries,TRUE,0
clean_controls,MUS,Mauritius,78,2013,0.025730399999999987,0.025730399999999987,FALSE,NA,FALSE,other_countries,TRUE,0
clean_controls,MUS,Mauritius,78,2014,0.29833370000000003,0.29833370000000003,FALSE,NA,FALSE,other_countries,TRUE,0
clean_controls,MUS,Mauritius,78,2015,0.07700550000000003,0.07700550000000003,FALSE,NA,FALSE,other_countries,TRUE,0
clean_controls,MUS,Mauritius,78,2016,0.001483000000000012,0.001483000000000012,FALSE,NA,FALSE,other_countries,TRUE,0
clean_controls,MUS,Mauritius,78,2017,0.3227357,0.3227357,FALSE,NA,FALSE,other_countries,TRUE,0
clean_controls,MUS,Mauritius,78,2018,0.041610499999999995,0.041610499999999995,FALSE,NA,FALSE,other_countries,TRUE,0
clean_controls,MUS,Mauritius,78,2019,0.15798250000000003,0.15798250000000003,FALSE,NA,FALSE,other_countries,TRUE,0
clean_controls,MUS,Mauritius,78,2020,0.03408790000000006,0.03408790000000006,FALSE,NA,FALSE,other_countries,TRUE,0
clean_controls,MUS,Mauritius,78,2021,0.35654500000000006,0.35654500000000006,FALSE,NA,FALSE,other_countries,TRUE,0
clean_controls,MUS,Mauritius,78,2022,0.5476232,0.5476232,FALSE,NA,FALSE,other_countries,TRUE,0
clean_controls,MWI,Malawi,79,1997,0.9115809,0.9115809,FALSE,NA,FALSE,other_countries,TRUE,0
clean_controls,MWI,Malawi,79,1998,0.06147449999999999,0.06147449999999999,FALSE,NA,FALSE,other_countries,TRUE,0
clean_controls,MWI,Malawi,79,1999,0.4750752,0.4750752,FALSE,NA,FALSE,other_countries,TRUE,0
clean_controls,MWI,Malawi,79,2000,0.18460220000000005,0.18460220000000005,FALSE,NA,FALSE,other_countries,TRUE,0
clean_controls,MWI,Malawi,79,2001,0.34495,0.34495,FALSE,NA,FALSE,other_countries,TRUE,0
clean_controls,MWI,Malawi,79,2002,0.02971349999999995,0.02971349999999995,FALSE,NA,FALSE,other_countries,TRUE,0
clean_controls,MWI,Malawi,79,2003,0.4813302,0.4813302,FALSE,NA,FALSE,other_countries,TRUE,0
clean_controls,MWI,Malawi,79,2004,0.86798156,0.86798156,FALSE,NA,FALSE,other_countries,TRUE,0
clean_controls,MWI,Malawi,79,2005,0.3297318,0.3297318,FALSE,NA,FALSE,other_countries,TRUE,0
clean_controls,MWI,Malawi,79,2006,0.80201358,0.80201358,FALSE,NA,FALSE,other_countries,TRUE,0
clean_controls,MWI,Malawi,79,2007,0.34837360000000006,0.34837360000000006,FALSE,NA,FALSE,other_countries,TRUE,0
clean_controls,MWI,Malawi,79,2008,0.06115599999999999,0.06115599999999999,FALSE,NA,FALSE,other_countries,TRUE,0
clean_controls,MWI,Malawi,79,2009,0.2745073,0.2745073,FALSE,NA,FALSE,other_countries,TRUE,0
clean_controls,MWI,Malawi,79,2010,0.40492940000000005,0.40492940000000005,FALSE,NA,FALSE,other_countries,TRUE,0
clean_controls,MWI,Malawi,79,2011,0.39127629999999997,0.39127629999999997,FALSE,NA,FALSE,other_countries,TRUE,0
clean_controls,MWI,Malawi,79,2012,0.6258874,0.6258874,FALSE,NA,FALSE,other_countries,TRUE,0
clean_controls,MWI,Malawi,79,2013,0.41226894999999997,0.41226894999999997,FALSE,NA,FALSE,other_countries,TRUE,0
clean_controls,MWI,Malawi,79,2014,0.5213639,0.5213639,FALSE,NA,FALSE,other_countries,TRUE,0
clean_controls,MWI,Malawi,79,2015,0.2580291,0.2580291,FALSE,NA,FALSE,other_countries,TRUE,0
clean_controls,MWI,Malawi,79,2016,0.144279,0.144279,FALSE,NA,FALSE,other_countries,TRUE,0
clean_controls,MWI,Malawi,79,2017,0.10022050000000005,0.10022050000000005,FALSE,NA,FALSE,other_countries,TRUE,0
clean_controls,MWI,Malawi,79,2018,0.19942940000000003,0.19942940000000003,FALSE,NA,FALSE,other_countries,TRUE,0
clean_controls,MWI,Malawi,79,2019,0.03372019999999998,0.03372019999999998,FALSE,NA,FALSE,other_countries,TRUE,0
clean_controls,MWI,Malawi,79,2020,0.48640250000000007,0.48640250000000007,FALSE,NA,FALSE,other_countries,TRUE,0
clean_controls,MWI,Malawi,79,2021,0.07744379999999998,0.07744379999999998,FALSE,NA,FALSE,other_countries,TRUE,0
clean_controls,MWI,Malawi,79,2022,1.248531,1.248531,FALSE,NA,FALSE,other_countries,TRUE,0
clean_controls,NAM,Namibia,80,1997,0.24688350000000003,0.24688350000000003,FALSE,NA,FALSE,other_countries,TRUE,0
clean_controls,NAM,Namibia,80,1998,0.1739171,0.1739171,FALSE,NA,FALSE,other_countries,TRUE,0
clean_controls,NAM,Namibia,80,1999,0.09258640000000007,0.09258640000000007,FALSE,NA,FALSE,other_countries,TRUE,0
clean_controls,NAM,Namibia,80,2000,0.06160960000000004,0.06160960000000004,FALSE,NA,FALSE,other_countries,TRUE,0
clean_controls,NAM,Namibia,80,2001,0.08464309999999997,0.08464309999999997,FALSE,NA,FALSE,other_countries,TRUE,0
clean_controls,NAM,Namibia,80,2002,0.09512510000000007,0.09512510000000007,FALSE,NA,FALSE,other_countries,TRUE,0
clean_controls,NAM,Namibia,80,2003,0.2983127,0.2983127,FALSE,NA,FALSE,other_countries,TRUE,0
clean_controls,NAM,Namibia,80,2004,0.2682261,0.2682261,FALSE,NA,FALSE,other_countries,TRUE,0
clean_controls,NAM,Namibia,80,2005,0.27792140000000004,0.27792140000000004,FALSE,NA,FALSE,other_countries,TRUE,0
clean_controls,NAM,Namibia,80,2006,0.2217597,0.2217597,FALSE,NA,FALSE,other_countries,TRUE,0
clean_controls,NAM,Namibia,80,2007,0.12342190000000003,0.12342190000000003,FALSE,NA,FALSE,other_countries,TRUE,0
clean_controls,NAM,Namibia,80,2008,0.005499299999999985,0.005499299999999985,FALSE,NA,FALSE,other_countries,TRUE,0
clean_controls,NAM,Namibia,80,2009,0.34965159999999995,0.34965159999999995,FALSE,NA,FALSE,other_countries,TRUE,0
clean_controls,NAM,Namibia,80,2010,0.1303974000000001,0.1303974000000001,FALSE,NA,FALSE,other_countries,TRUE,0
clean_controls,NAM,Namibia,80,2011,0.00754100000000002,0.00754100000000002,FALSE,NA,FALSE,other_countries,TRUE,0
clean_controls,NAM,Namibia,80,2012,0.09727459999999999,0.09727459999999999,FALSE,NA,FALSE,other_countries,TRUE,0
clean_controls,NAM,Namibia,80,2013,0.3360831000000001,0.3360831000000001,FALSE,NA,FALSE,other_countries,TRUE,0
clean_controls,NAM,Namibia,80,2014,0.03669869999999997,0.03669869999999997,FALSE,NA,FALSE,other_countries,TRUE,0
clean_controls,NAM,Namibia,80,2015,0.8277008,0.8277008,FALSE,NA,FALSE,other_countries,TRUE,0
clean_controls,NAM,Namibia,80,2016,0.31708040000000004,0.31708040000000004,FALSE,NA,FALSE,other_countries,TRUE,0
clean_controls,NAM,Namibia,80,2017,0.4150308,0.4150308,FALSE,NA,FALSE,other_countries,TRUE,0
clean_controls,NAM,Namibia,80,2018,0.13687320000000003,0.13687320000000003,FALSE,NA,FALSE,other_countries,TRUE,0
clean_controls,NAM,Namibia,80,2019,0.10137039999999997,0.10137039999999997,FALSE,NA,FALSE,other_countries,TRUE,0
clean_controls,NAM,Namibia,80,2020,0.0035658999999998997,0.0035658999999998997,FALSE,NA,FALSE,other_countries,TRUE,0
clean_controls,NAM,Namibia,80,2021,0.23940509999999998,0.23940509999999998,FALSE,NA,FALSE,other_countries,TRUE,0
clean_controls,NAM,Namibia,80,2022,0.5111021,0.5111021,FALSE,NA,FALSE,other_countries,TRUE,0
clean_controls,NGA,Nigeria,81,1997,0.420428,0.420428,FALSE,NA,FALSE,other_countries,TRUE,0
clean_controls,NGA,Nigeria,81,1998,0.7736869,0.7736869,FALSE,NA,FALSE,other_countries,TRUE,0
clean_controls,NGA,Nigeria,81,1999,0.19653499999999996,0.19653499999999996,FALSE,NA,FALSE,other_countries,TRUE,0
clean_controls,NGA,Nigeria,81,2000,0.03421150000000006,0.03421150000000006,FALSE,NA,FALSE,other_countries,TRUE,0
clean_controls,NGA,Nigeria,81,2001,0.07693419999999995,0.07693419999999995,FALSE,NA,FALSE,other_countries,TRUE,0
clean_controls,NGA,Nigeria,81,2002,0.21293040000000008,0.21293040000000008,FALSE,NA,FALSE,other_countries,TRUE,0
clean_controls,NGA,Nigeria,81,2003,0.36018890000000003,0.36018890000000003,FALSE,NA,FALSE,other_countries,TRUE,0
clean_controls,NGA,Nigeria,81,2004,0.04611109999999996,0.04611109999999996,FALSE,NA,FALSE,other_countries,TRUE,0
clean_controls,NGA,Nigeria,81,2005,0.2589405,0.2589405,FALSE,NA,FALSE,other_countries,TRUE,0
clean_controls,NGA,Nigeria,81,2006,0.555669,0.555669,FALSE,NA,FALSE,other_countries,TRUE,0
clean_controls,NGA,Nigeria,81,2007,0.21480250000000006,0.21480250000000006,FALSE,NA,FALSE,other_countries,TRUE,0
clean_controls,NGA,Nigeria,81,2008,0.19059510000000002,0.19059510000000002,FALSE,NA,FALSE,other_countries,TRUE,0
clean_controls,NGA,Nigeria,81,2009,0.04879979999999995,0.04879979999999995,FALSE,NA,FALSE,other_countries,TRUE,0
clean_controls,NGA,Nigeria,81,2010,0.36566990000000005,0.36566990000000005,FALSE,NA,FALSE,other_countries,TRUE,0
clean_controls,NGA,Nigeria,81,2011,0.25642149999999997,0.25642149999999997,FALSE,NA,FALSE,other_countries,TRUE,0
clean_controls,NGA,Nigeria,81,2012,0.24464229999999998,0.24464229999999998,FALSE,NA,FALSE,other_countries,TRUE,0
clean_controls,NGA,Nigeria,81,2013,0.14425920000000003,0.14425920000000003,FALSE,NA,FALSE,other_countries,TRUE,0
clean_controls,NGA,Nigeria,81,2014,0.11844120000000002,0.11844120000000002,FALSE,NA,FALSE,other_countries,TRUE,0
clean_controls,NGA,Nigeria,81,2015,0.6954383,0.6954383,FALSE,NA,FALSE,other_countries,TRUE,0
clean_controls,NGA,Nigeria,81,2016,0.3347226,0.3347226,FALSE,NA,FALSE,other_countries,TRUE,0
clean_controls,NGA,Nigeria,81,2017,0.11679280000000003,0.11679280000000003,FALSE,NA,FALSE,other_countries,TRUE,0
clean_controls,NGA,Nigeria,81,2018,0.08277650000000003,0.08277650000000003,FALSE,NA,FALSE,other_countries,TRUE,0
clean_controls,NGA,Nigeria,81,2019,0.017444100000000018,0.017444100000000018,FALSE,NA,FALSE,other_countries,TRUE,0
clean_controls,NGA,Nigeria,81,2020,0.30736460000000004,0.30736460000000004,FALSE,NA,FALSE,other_countries,TRUE,0
clean_controls,NGA,Nigeria,81,2021,0.3333202,0.3333202,FALSE,NA,FALSE,other_countries,TRUE,0
clean_controls,NGA,Nigeria,81,2022,0.3771725,0.3771725,FALSE,NA,FALSE,other_countries,TRUE,0
clean_controls,NIC,Nicaragua,82,1997,1.179372356,1.179372356,FALSE,NA,FALSE,other_countries,TRUE,0
clean_controls,NIC,Nicaragua,82,1998,0.6058507,0.6058507,FALSE,NA,FALSE,other_countries,TRUE,0
clean_controls,NIC,Nicaragua,82,1999,0.59716428,0.59716428,FALSE,NA,FALSE,other_countries,TRUE,0
clean_controls,NIC,Nicaragua,82,2000,0.6149329,0.6149329,FALSE,NA,FALSE,other_countries,TRUE,0
clean_controls,NIC,Nicaragua,82,2001,0.8606453000000001,0.8606453000000001,FALSE,NA,FALSE,other_countries,TRUE,0
clean_controls,NIC,Nicaragua,82,2002,0.27348949999999994,0.27348949999999994,FALSE,NA,FALSE,other_countries,TRUE,0
clean_controls,NIC,Nicaragua,82,2003,0.91292083,0.91292083,FALSE,NA,FALSE,other_countries,TRUE,0
clean_controls,NIC,Nicaragua,82,2004,0.8516597100000001,0.8516597100000001,FALSE,NA,FALSE,other_countries,TRUE,0
clean_controls,NIC,Nicaragua,82,2005,0.66895956,0.66895956,FALSE,NA,FALSE,other_countries,TRUE,0
clean_controls,NIC,Nicaragua,82,2006,0.82057458,0.82057458,FALSE,NA,FALSE,other_countries,TRUE,0
clean_controls,NIC,Nicaragua,82,2007,0.16395969999999993,0.16395969999999993,FALSE,NA,FALSE,other_countries,TRUE,0
clean_controls,NIC,Nicaragua,82,2008,0.36945589999999995,0.36945589999999995,FALSE,NA,FALSE,other_countries,TRUE,0
clean_controls,NIC,Nicaragua,82,2009,0.5921267,0.5921267,FALSE,NA,FALSE,other_countries,TRUE,0
clean_controls,NIC,Nicaragua,82,2010,0.23342030000000002,0.23342030000000002,FALSE,NA,FALSE,other_countries,TRUE,0
clean_controls,NIC,Nicaragua,82,2011,0.823705,0.823705,FALSE,NA,FALSE,other_countries,TRUE,0
clean_controls,NIC,Nicaragua,82,2012,0.8150343000000001,0.8150343000000001,FALSE,NA,FALSE,other_countries,TRUE,0
clean_controls,NIC,Nicaragua,82,2013,1.0876252,1.0876252,FALSE,NA,FALSE,other_countries,TRUE,0
clean_controls,NIC,Nicaragua,82,2014,0.4332105999999999,0.4332105999999999,FALSE,NA,FALSE,other_countries,TRUE,0
clean_controls,NIC,Nicaragua,82,2015,1.3165988000000002,1.3165988000000002,FALSE,NA,FALSE,other_countries,TRUE,0
clean_controls,NIC,Nicaragua,82,2016,1.0269741,1.0269741,FALSE,NA,FALSE,other_countries,TRUE,0
clean_controls,NIC,Nicaragua,82,2017,0.9288318,0.9288318,FALSE,NA,FALSE,other_countries,TRUE,0
clean_controls,NIC,Nicaragua,82,2018,0.9925594,0.9925594,FALSE,NA,FALSE,other_countries,TRUE,0
clean_controls,NIC,Nicaragua,82,2019,1.1361606,1.1361606,FALSE,NA,FALSE,other_countries,TRUE,0
clean_controls,NIC,Nicaragua,82,2020,0.9602866,0.9602866,FALSE,NA,FALSE,other_countries,TRUE,0
clean_controls,NIC,Nicaragua,82,2021,1.3214979,1.3214979,FALSE,NA,FALSE,other_countries,TRUE,0
clean_controls,NIC,Nicaragua,82,2022,0.625983,0.625983,FALSE,NA,FALSE,other_countries,TRUE,0
clean_controls,NLD,Netherlands,83,1997,2.82172,2.82172,FALSE,NA,FALSE,other_countries,TRUE,0
clean_controls,NLD,Netherlands,83,1998,1.7261461,1.7261461,FALSE,NA,FALSE,other_countries,TRUE,0
clean_controls,NLD,Netherlands,83,1999,1.9697404,1.9697404,FALSE,NA,FALSE,other_countries,TRUE,0
clean_controls,NLD,Netherlands,83,2000,1.9796136,1.9796136,FALSE,NA,FALSE,other_countries,TRUE,0
clean_controls,NLD,Netherlands,83,2001,1.8049373000000002,1.8049373000000002,FALSE,NA,FALSE,other_countries,TRUE,0
clean_controls,NLD,Netherlands,83,2002,1.8312476,1.8312476,FALSE,NA,FALSE,other_countries,TRUE,0
clean_controls,NLD,Netherlands,83,2003,2.0670722,2.0670722,FALSE,NA,FALSE,other_countries,TRUE,0
clean_controls,NLD,Netherlands,83,2004,1.822731,1.822731,FALSE,NA,FALSE,other_countries,TRUE,0
clean_controls,NLD,Netherlands,83,2005,1.7870064,1.7870064,FALSE,NA,FALSE,other_countries,TRUE,0
clean_controls,NLD,Netherlands,83,2006,1.8556691,1.8556691,FALSE,NA,FALSE,other_countries,TRUE,0
clean_controls,NLD,Netherlands,83,2007,1.682089,1.682089,FALSE,NA,FALSE,other_countries,TRUE,0
clean_controls,NLD,Netherlands,83,2008,1.6544971,1.6544971,FALSE,NA,FALSE,other_countries,TRUE,0
clean_controls,NLD,Netherlands,83,2009,1.7739533,1.7739533,FALSE,NA,FALSE,other_countries,TRUE,0
clean_controls,NLD,Netherlands,83,2010,1.9177587000000003,1.9177587000000003,FALSE,NA,FALSE,other_countries,TRUE,0
clean_controls,NLD,Netherlands,83,2011,1.865608,1.865608,FALSE,NA,FALSE,other_countries,TRUE,0
clean_controls,NLD,Netherlands,83,2012,1.8415807,1.8415807,FALSE,NA,FALSE,other_countries,TRUE,0
clean_controls,NLD,Netherlands,83,2013,1.5142928,1.5142928,FALSE,NA,FALSE,other_countries,TRUE,0
clean_controls,NLD,Netherlands,83,2014,1.9047614,1.9047614,FALSE,NA,FALSE,other_countries,TRUE,0
clean_controls,NLD,Netherlands,83,2015,1.3377712,1.3377712,FALSE,NA,FALSE,other_countries,TRUE,0
clean_controls,NLD,Netherlands,83,2016,1.5294609,1.5294609,FALSE,NA,FALSE,other_countries,TRUE,0
clean_controls,NLD,Netherlands,83,2017,1.3885262,1.3885262,FALSE,NA,FALSE,other_countries,TRUE,0
clean_controls,NLD,Netherlands,83,2018,1.6007326,1.6007326,FALSE,NA,FALSE,other_countries,TRUE,0
clean_controls,NLD,Netherlands,83,2019,1.4363774,1.4363774,FALSE,NA,FALSE,other_countries,TRUE,0
clean_controls,NLD,Netherlands,83,2020,1.7886444,1.7886444,FALSE,NA,FALSE,other_countries,TRUE,0
clean_controls,NLD,Netherlands,83,2021,1.4025021,1.4025021,FALSE,NA,FALSE,other_countries,TRUE,0
clean_controls,NLD,Netherlands,83,2022,2.359448,2.359448,FALSE,NA,FALSE,other_countries,TRUE,0
clean_controls,NOR,Norway,84,1997,2.651444,2.651444,FALSE,NA,FALSE,other_countries,TRUE,0
clean_controls,NOR,Norway,84,1998,1.6199421,1.6199421,FALSE,NA,FALSE,other_countries,TRUE,0
clean_controls,NOR,Norway,84,1999,1.8060564000000001,1.8060564000000001,FALSE,NA,FALSE,other_countries,TRUE,0
clean_controls,NOR,Norway,84,2000,1.8745536,1.8745536,FALSE,NA,FALSE,other_countries,TRUE,0
clean_controls,NOR,Norway,84,2001,1.7836433,1.7836433,FALSE,NA,FALSE,other_countries,TRUE,0
clean_controls,NOR,Norway,84,2002,1.6801076,1.6801076,FALSE,NA,FALSE,other_countries,TRUE,0
clean_controls,NOR,Norway,84,2003,2.1107152,2.1107152,FALSE,NA,FALSE,other_countries,TRUE,0
clean_controls,NOR,Norway,84,2004,1.826492,1.826492,FALSE,NA,FALSE,other_countries,TRUE,0
clean_controls,NOR,Norway,84,2005,1.6563406999999999,1.6563406999999999,FALSE,NA,FALSE,other_countries,TRUE,0
clean_controls,NOR,Norway,84,2006,1.8613971,1.8613971,FALSE,NA,FALSE,other_countries,TRUE,0
clean_controls,NOR,Norway,84,2007,1.5465647,1.5465647,FALSE,NA,FALSE,other_countries,TRUE,0
clean_controls,NOR,Norway,84,2008,1.4197232,1.4197232,FALSE,NA,FALSE,other_countries,TRUE,0
clean_controls,NOR,Norway,84,2009,1.4759457999999999,1.4759457999999999,FALSE,NA,FALSE,other_countries,TRUE,0
clean_controls,NOR,Norway,84,2010,1.7151384,1.7151384,FALSE,NA,FALSE,other_countries,TRUE,0
clean_controls,NOR,Norway,84,2011,1.6134226,1.6134226,FALSE,NA,FALSE,other_countries,TRUE,0
clean_controls,NOR,Norway,84,2012,1.7483811999999999,1.7483811999999999,FALSE,NA,FALSE,other_countries,TRUE,0
clean_controls,NOR,Norway,84,2013,1.4198791,1.4198791,FALSE,NA,FALSE,other_countries,TRUE,0
clean_controls,NOR,Norway,84,2014,1.807272,1.807272,FALSE,NA,FALSE,other_countries,TRUE,0
clean_controls,NOR,Norway,84,2015,1.1645638999999999,1.1645638999999999,FALSE,NA,FALSE,other_countries,TRUE,0
clean_controls,NOR,Norway,84,2016,1.3962742000000001,1.3962742000000001,FALSE,NA,FALSE,other_countries,TRUE,0
clean_controls,NOR,Norway,84,2017,1.3008809,1.3008809,FALSE,NA,FALSE,other_countries,TRUE,0
clean_controls,NOR,Norway,84,2018,1.4320548,1.4320548,FALSE,NA,FALSE,other_countries,TRUE,0
clean_controls,NOR,Norway,84,2019,1.3179913,1.3179913,FALSE,NA,FALSE,other_countries,TRUE,0
clean_controls,NOR,Norway,84,2020,1.5874454,1.5874454,FALSE,NA,FALSE,other_countries,TRUE,0
clean_controls,NOR,Norway,84,2021,1.3366300999999998,1.3366300999999998,FALSE,NA,FALSE,other_countries,TRUE,0
clean_controls,NOR,Norway,84,2022,2.131724,2.131724,FALSE,NA,FALSE,other_countries,TRUE,0
clean_controls,NPL,Nepal,85,1997,0.5080823,0.5080823,FALSE,NA,FALSE,other_countries,TRUE,0
clean_controls,NPL,Nepal,85,1998,0.13502379999999997,0.13502379999999997,FALSE,NA,FALSE,other_countries,TRUE,0
clean_controls,NPL,Nepal,85,1999,0.21116630000000003,0.21116630000000003,FALSE,NA,FALSE,other_countries,TRUE,0
clean_controls,NPL,Nepal,85,2000,0.09409330000000005,0.09409330000000005,FALSE,NA,FALSE,other_countries,TRUE,0
clean_controls,NPL,Nepal,85,2001,0.16625219999999996,0.16625219999999996,FALSE,NA,FALSE,other_countries,TRUE,0
clean_controls,NPL,Nepal,85,2002,0.2506733,0.2506733,FALSE,NA,FALSE,other_countries,TRUE,0
clean_controls,NPL,Nepal,85,2003,0.42974840000000003,0.42974840000000003,FALSE,NA,FALSE,other_countries,TRUE,0
clean_controls,NPL,Nepal,85,2004,0.13330430000000004,0.13330430000000004,FALSE,NA,FALSE,other_countries,TRUE,0
clean_controls,NPL,Nepal,85,2005,0.28080330000000003,0.28080330000000003,FALSE,NA,FALSE,other_countries,TRUE,0
clean_controls,NPL,Nepal,85,2006,0.4965276,0.4965276,FALSE,NA,FALSE,other_countries,TRUE,0
clean_controls,NPL,Nepal,85,2007,0.20754570000000006,0.20754570000000006,FALSE,NA,FALSE,other_countries,TRUE,0
clean_controls,NPL,Nepal,85,2008,0.2197055,0.2197055,FALSE,NA,FALSE,other_countries,TRUE,0
clean_controls,NPL,Nepal,85,2009,0.09345749999999997,0.09345749999999997,FALSE,NA,FALSE,other_countries,TRUE,0
clean_controls,NPL,Nepal,85,2010,0.31720780000000004,0.31720780000000004,FALSE,NA,FALSE,other_countries,TRUE,0
clean_controls,NPL,Nepal,85,2011,0.024126700000000056,0.024126700000000056,FALSE,NA,FALSE,other_countries,TRUE,0
clean_controls,NPL,Nepal,85,2012,0.2892076,0.2892076,FALSE,NA,FALSE,other_countries,TRUE,0
clean_controls,NPL,Nepal,85,2013,0.23031040000000003,0.23031040000000003,FALSE,NA,FALSE,other_countries,TRUE,0
clean_controls,NPL,Nepal,85,2014,0.15124559999999998,0.15124559999999998,FALSE,NA,FALSE,other_countries,TRUE,0
clean_controls,NPL,Nepal,85,2015,0.49665799999999993,0.49665799999999993,FALSE,NA,FALSE,other_countries,TRUE,0
clean_controls,NPL,Nepal,85,2016,0.25648269999999995,0.25648269999999995,FALSE,NA,FALSE,other_countries,TRUE,0
clean_controls,NPL,Nepal,85,2017,0.4111206,0.4111206,FALSE,NA,FALSE,other_countries,TRUE,0
clean_controls,NPL,Nepal,85,2018,0.08033009999999996,0.08033009999999996,FALSE,NA,FALSE,other_countries,TRUE,0
clean_controls,NPL,Nepal,85,2019,0.246251,0.246251,FALSE,NA,FALSE,other_countries,TRUE,0
clean_controls,NPL,Nepal,85,2020,0.020195800000000097,0.020195800000000097,FALSE,NA,FALSE,other_countries,TRUE,0
clean_controls,NPL,Nepal,85,2021,0.3188387,0.3188387,FALSE,NA,FALSE,other_countries,TRUE,0
clean_controls,NPL,Nepal,85,2022,0.5755416,0.5755416,FALSE,NA,FALSE,other_countries,TRUE,0
clean_controls,PAK,Pakistan,86,1997,0.2732779000000001,0.2732779000000001,FALSE,NA,FALSE,other_countries,TRUE,0
clean_controls,PAK,Pakistan,86,1998,0.28798019999999996,0.28798019999999996,FALSE,NA,FALSE,other_countries,TRUE,0
clean_controls,PAK,Pakistan,86,1999,0.050212399999999935,0.050212399999999935,FALSE,NA,FALSE,other_countries,TRUE,0
clean_controls,PAK,Pakistan,86,2000,0.160709,0.160709,FALSE,NA,FALSE,other_countries,TRUE,0
clean_controls,PAK,Pakistan,86,2001,0.16982819999999998,0.16982819999999998,FALSE,NA,FALSE,other_countries,TRUE,0
clean_controls,PAK,Pakistan,86,2002,0.19705879999999998,0.19705879999999998,FALSE,NA,FALSE,other_countries,TRUE,0
clean_controls,PAK,Pakistan,86,2003,0.5179462,0.5179462,FALSE,NA,FALSE,other_countries,TRUE,0
clean_controls,PAK,Pakistan,86,2004,0.18262109999999998,0.18262109999999998,FALSE,NA,FALSE,other_countries,TRUE,0
clean_controls,PAK,Pakistan,86,2005,0.10119089999999997,0.10119089999999997,FALSE,NA,FALSE,other_countries,TRUE,0
clean_controls,PAK,Pakistan,86,2006,0.1993853,0.1993853,FALSE,NA,FALSE,other_countries,TRUE,0
clean_controls,PAK,Pakistan,86,2007,0.010112800000000033,0.010112800000000033,FALSE,NA,FALSE,other_countries,TRUE,0
clean_controls,PAK,Pakistan,86,2008,0.11168999999999996,0.11168999999999996,FALSE,NA,FALSE,other_countries,TRUE,0
clean_controls,PAK,Pakistan,86,2009,0.08020640000000001,0.08020640000000001,FALSE,NA,FALSE,other_countries,TRUE,0
clean_controls,PAK,Pakistan,86,2010,0.03302959999999999,0.03302959999999999,FALSE,NA,FALSE,other_countries,TRUE,0
clean_controls,PAK,Pakistan,86,2011,0.03848039999999997,0.03848039999999997,FALSE,NA,FALSE,other_countries,TRUE,0
clean_controls,PAK,Pakistan,86,2012,0.05213559999999995,0.05213559999999995,FALSE,NA,FALSE,other_countries,TRUE,0
clean_controls,PAK,Pakistan,86,2013,0.05859389999999998,0.05859389999999998,FALSE,NA,FALSE,other_countries,TRUE,0
clean_controls,PAK,Pakistan,86,2014,0.15243410000000002,0.15243410000000002,FALSE,NA,FALSE,other_countries,TRUE,0
clean_controls,PAK,Pakistan,86,2015,0.035895099999999985,0.035895099999999985,FALSE,NA,FALSE,other_countries,TRUE,0
clean_controls,PAK,Pakistan,86,2016,0.10999200000000003,0.10999200000000003,FALSE,NA,FALSE,other_countries,TRUE,0
clean_controls,PAK,Pakistan,86,2017,0.13997339999999997,0.13997339999999997,FALSE,NA,FALSE,other_countries,TRUE,0
clean_controls,PAK,Pakistan,86,2018,0.14186500000000002,0.14186500000000002,FALSE,NA,FALSE,other_countries,TRUE,0
clean_controls,PAK,Pakistan,86,2019,0.24523,0.24523,FALSE,NA,FALSE,other_countries,TRUE,0
clean_controls,PAK,Pakistan,86,2020,0.43252860000000004,0.43252860000000004,FALSE,NA,FALSE,other_countries,TRUE,0
clean_controls,PAK,Pakistan,86,2021,0.20067953,0.20067953,FALSE,NA,FALSE,other_countries,TRUE,0
clean_controls,PAK,Pakistan,86,2022,0.5843087,0.5843087,FALSE,NA,FALSE,other_countries,TRUE,0
clean_controls,POL,Poland,87,1997,2.624425,2.624425,FALSE,NA,FALSE,other_countries,TRUE,0
clean_controls,POL,Poland,87,1998,1.6308001,1.6308001,FALSE,NA,FALSE,other_countries,TRUE,0
clean_controls,POL,Poland,87,1999,1.8175634,1.8175634,FALSE,NA,FALSE,other_countries,TRUE,0
clean_controls,POL,Poland,87,2000,1.9121546,1.9121546,FALSE,NA,FALSE,other_countries,TRUE,0
clean_controls,POL,Poland,87,2001,1.7428473000000002,1.7428473000000002,FALSE,NA,FALSE,other_countries,TRUE,0
clean_controls,POL,Poland,87,2002,1.6610306,1.6610306,FALSE,NA,FALSE,other_countries,TRUE,0
clean_controls,POL,Poland,87,2003,2.1948962,2.1948962,FALSE,NA,FALSE,other_countries,TRUE,0
clean_controls,POL,Poland,87,2004,1.9388910000000001,1.9388910000000001,FALSE,NA,FALSE,other_countries,TRUE,0
clean_controls,POL,Poland,87,2005,1.7533684,1.7533684,FALSE,NA,FALSE,other_countries,TRUE,0
clean_controls,POL,Poland,87,2006,1.8830041,1.8830041,FALSE,NA,FALSE,other_countries,TRUE,0
clean_controls,POL,Poland,87,2007,1.659141,1.659141,FALSE,NA,FALSE,other_countries,TRUE,0
clean_controls,POL,Poland,87,2008,1.7047151,1.7047151,FALSE,NA,FALSE,other_countries,TRUE,0
clean_controls,POL,Poland,87,2009,1.8175853000000002,1.8175853000000002,FALSE,NA,FALSE,other_countries,TRUE,0
clean_controls,POL,Poland,87,2010,1.9217247,1.9217247,FALSE,NA,FALSE,other_countries,TRUE,0
clean_controls,POL,Poland,87,2011,1.7882889999999998,1.7882889999999998,FALSE,NA,FALSE,other_countries,TRUE,0
clean_controls,POL,Poland,87,2012,1.8676466999999999,1.8676466999999999,FALSE,NA,FALSE,other_countries,TRUE,0
clean_controls,POL,Poland,87,2013,1.5189858,1.5189858,FALSE,NA,FALSE,other_countries,TRUE,0
clean_controls,POL,Poland,87,2014,1.8509844000000002,1.8509844000000002,FALSE,NA,FALSE,other_countries,TRUE,0
clean_controls,POL,Poland,87,2015,1.3856982,1.3856982,FALSE,NA,FALSE,other_countries,TRUE,0
clean_controls,POL,Poland,87,2016,1.5832659,1.5832659,FALSE,NA,FALSE,other_countries,TRUE,0
clean_controls,POL,Poland,87,2017,1.4701512,1.4701512,FALSE,NA,FALSE,other_countries,TRUE,0
clean_controls,POL,Poland,87,2018,1.7205106000000001,1.7205106000000001,FALSE,NA,FALSE,other_countries,TRUE,0
clean_controls,POL,Poland,87,2019,1.5552244,1.5552244,FALSE,NA,FALSE,other_countries,TRUE,0
clean_controls,POL,Poland,87,2020,1.7775484000000001,1.7775484000000001,FALSE,NA,FALSE,other_countries,TRUE,0
clean_controls,POL,Poland,87,2021,1.4690751,1.4690751,FALSE,NA,FALSE,other_countries,TRUE,0
clean_controls,POL,Poland,87,2022,2.360588,2.360588,FALSE,NA,FALSE,other_countries,TRUE,0
clean_controls,PRT,Portugal,88,1997,2.634891,2.634891,FALSE,NA,FALSE,other_countries,TRUE,0
clean_controls,PRT,Portugal,88,1998,1.6102061,1.6102061,FALSE,NA,FALSE,other_countries,TRUE,0
clean_controls,PRT,Portugal,88,1999,1.7706714,1.7706714,FALSE,NA,FALSE,other_countries,TRUE,0
clean_controls,PRT,Portugal,88,2000,1.7804916,1.7804916,FALSE,NA,FALSE,other_countries,TRUE,0
clean_controls,PRT,Portugal,88,2001,1.6500993,1.6500993,FALSE,NA,FALSE,other_countries,TRUE,0
clean_controls,PRT,Portugal,88,2002,1.6921625999999999,1.6921625999999999,FALSE,NA,FALSE,other_countries,TRUE,0
clean_controls,PRT,Portugal,88,2003,2.0287362,2.0287362,FALSE,NA,FALSE,other_countries,TRUE,0
clean_controls,PRT,Portugal,88,2004,1.8044318000000001,1.8044318000000001,FALSE,NA,FALSE,other_countries,TRUE,0
clean_controls,PRT,Portugal,88,2005,1.6425509,1.6425509,FALSE,NA,FALSE,other_countries,TRUE,0
clean_controls,PRT,Portugal,88,2006,1.8538081000000002,1.8538081000000002,FALSE,NA,FALSE,other_countries,TRUE,0
clean_controls,PRT,Portugal,88,2007,1.5942192,1.5942192,FALSE,NA,FALSE,other_countries,TRUE,0
clean_controls,PRT,Portugal,88,2008,1.5840307,1.5840307,FALSE,NA,FALSE,other_countries,TRUE,0
clean_controls,PRT,Portugal,88,2009,1.5142196,1.5142196,FALSE,NA,FALSE,other_countries,TRUE,0
clean_controls,PRT,Portugal,88,2010,1.7841812,1.7841812,FALSE,NA,FALSE,other_countries,TRUE,0
clean_controls,PRT,Portugal,88,2011,1.6624439,1.6624439,FALSE,NA,FALSE,other_countries,TRUE,0
clean_controls,PRT,Portugal,88,2012,1.7678878,1.7678878,FALSE,NA,FALSE,other_countries,TRUE,0
clean_controls,PRT,Portugal,88,2013,1.4210951,1.4210951,FALSE,NA,FALSE,other_countries,TRUE,0
clean_controls,PRT,Portugal,88,2014,1.7861878,1.7861878,FALSE,NA,FALSE,other_countries,TRUE,0
clean_controls,PRT,Portugal,88,2015,1.1397978,1.1397978,FALSE,NA,FALSE,other_countries,TRUE,0
clean_controls,PRT,Portugal,88,2016,1.392827,1.392827,FALSE,NA,FALSE,other_countries,TRUE,0
clean_controls,PRT,Portugal,88,2017,1.3830072,1.3830072,FALSE,NA,FALSE,other_countries,TRUE,0
clean_controls,PRT,Portugal,88,2018,1.4182415000000002,1.4182415000000002,FALSE,NA,FALSE,other_countries,TRUE,0
clean_controls,PRT,Portugal,88,2019,1.4181604,1.4181604,FALSE,NA,FALSE,other_countries,TRUE,0
clean_controls,PRT,Portugal,88,2020,1.5882133999999999,1.5882133999999999,FALSE,NA,FALSE,other_countries,TRUE,0
clean_controls,PRT,Portugal,88,2021,1.2720101,1.2720101,FALSE,NA,FALSE,other_countries,TRUE,0
clean_controls,PRT,Portugal,88,2022,2.196842,2.196842,FALSE,NA,FALSE,other_countries,TRUE,0
clean_controls,PRY,Paraguay,89,1997,1.12863308,1.12863308,FALSE,NA,FALSE,other_countries,TRUE,0
clean_controls,PRY,Paraguay,89,1998,0.39209131,0.39209131,FALSE,NA,FALSE,other_countries,TRUE,0
clean_controls,PRY,Paraguay,89,1999,0.69688425,0.69688425,FALSE,NA,FALSE,other_countries,TRUE,0
clean_controls,PRY,Paraguay,89,2000,0.8448021000000001,0.8448021000000001,FALSE,NA,FALSE,other_countries,TRUE,0
clean_controls,PRY,Paraguay,89,2001,0.7468447,0.7468447,FALSE,NA,FALSE,other_countries,TRUE,0
clean_controls,PRY,Paraguay,89,2002,0.49246064999999994,0.49246064999999994,FALSE,NA,FALSE,other_countries,TRUE,0
clean_controls,PRY,Paraguay,89,2003,0.86290705,0.86290705,FALSE,NA,FALSE,other_countries,TRUE,0
clean_controls,PRY,Paraguay,89,2004,0.819471367,0.819471367,FALSE,NA,FALSE,other_countries,TRUE,0
clean_controls,PRY,Paraguay,89,2005,0.6154039,0.6154039,FALSE,NA,FALSE,other_countries,TRUE,0
clean_controls,PRY,Paraguay,89,2006,0.7244987,0.7244987,FALSE,NA,FALSE,other_countries,TRUE,0
clean_controls,PRY,Paraguay,89,2007,0.52281091,0.52281091,FALSE,NA,FALSE,other_countries,TRUE,0
clean_controls,PRY,Paraguay,89,2008,0.4174374,0.4174374,FALSE,NA,FALSE,other_countries,TRUE,0
clean_controls,PRY,Paraguay,89,2009,0.2970097,0.2970097,FALSE,NA,FALSE,other_countries,TRUE,0
clean_controls,PRY,Paraguay,89,2010,0.5046456,0.5046456,FALSE,NA,FALSE,other_countries,TRUE,0
clean_controls,PRY,Paraguay,89,2011,0.4073113,0.4073113,FALSE,NA,FALSE,other_countries,TRUE,0
clean_controls,PRY,Paraguay,89,2012,0.661427,0.661427,FALSE,NA,FALSE,other_countries,TRUE,0
clean_controls,PRY,Paraguay,89,2013,0.6403455,0.6403455,FALSE,NA,FALSE,other_countries,TRUE,0
clean_controls,PRY,Paraguay,89,2014,0.90241003,0.90241003,FALSE,NA,FALSE,other_countries,TRUE,0
clean_controls,PRY,Paraguay,89,2015,0.24732723299999998,0.24732723299999998,FALSE,NA,FALSE,other_countries,TRUE,0
clean_controls,PRY,Paraguay,89,2016,0.40297315,0.40297315,FALSE,NA,FALSE,other_countries,TRUE,0
clean_controls,PRY,Paraguay,89,2017,0.31870303,0.31870303,FALSE,NA,FALSE,other_countries,TRUE,0
clean_controls,PRY,Paraguay,89,2018,0.3530459,0.3530459,FALSE,NA,FALSE,other_countries,TRUE,0
clean_controls,PRY,Paraguay,89,2019,0.18215800000000001,0.18215800000000001,FALSE,NA,FALSE,other_countries,TRUE,0
clean_controls,PRY,Paraguay,89,2020,0.37394460000000007,0.37394460000000007,FALSE,NA,FALSE,other_countries,TRUE,0
clean_controls,PRY,Paraguay,89,2021,1.1249999999995985e-4,1.1249999999995985e-4,FALSE,NA,FALSE,other_countries,TRUE,0
clean_controls,PRY,Paraguay,89,2022,0.9114291,0.9114291,FALSE,NA,FALSE,other_countries,TRUE,0
clean_controls,QAT,Qatar,90,1997,0.15783400000000003,0.15783400000000003,FALSE,2021,TRUE,selected_public_cue,FALSE,0
clean_controls,QAT,Qatar,90,1998,0.5243993,0.5243993,FALSE,2021,TRUE,selected_public_cue,FALSE,0
clean_controls,QAT,Qatar,90,1999,0.20954430000000002,0.20954430000000002,FALSE,2021,TRUE,selected_public_cue,FALSE,0
clean_controls,QAT,Qatar,90,2000,0.4310673999999999,0.4310673999999999,FALSE,2021,TRUE,selected_public_cue,FALSE,0
clean_controls,QAT,Qatar,90,2001,0.6191127,0.6191127,FALSE,2021,TRUE,selected_public_cue,FALSE,0
clean_controls,QAT,Qatar,90,2002,0.7295664,0.7295664,FALSE,2021,TRUE,selected_public_cue,FALSE,0
clean_controls,QAT,Qatar,90,2003,0.3559698,0.3559698,FALSE,2021,TRUE,selected_public_cue,FALSE,0
clean_controls,QAT,Qatar,90,2004,0.2529109999999999,0.2529109999999999,FALSE,2021,TRUE,selected_public_cue,FALSE,0
clean_controls,QAT,Qatar,90,2005,0.3661155999999999,0.3661155999999999,FALSE,2021,TRUE,selected_public_cue,FALSE,0
clean_controls,QAT,Qatar,90,2006,0.013601899999999945,0.013601899999999945,FALSE,2021,TRUE,selected_public_cue,FALSE,0
clean_controls,QAT,Qatar,90,2007,0.4152509999999999,0.4152509999999999,FALSE,2021,TRUE,selected_public_cue,FALSE,0
clean_controls,QAT,Qatar,90,2008,0.4724739,0.4724739,FALSE,2021,TRUE,selected_public_cue,FALSE,0
clean_controls,QAT,Qatar,90,2009,0.5104646999999999,0.5104646999999999,FALSE,2021,TRUE,selected_public_cue,FALSE,0
clean_controls,QAT,Qatar,90,2010,0.34150230000000004,0.34150230000000004,FALSE,2021,TRUE,selected_public_cue,FALSE,0
clean_controls,QAT,Qatar,90,2011,0.21940020000000005,0.21940020000000005,FALSE,2021,TRUE,selected_public_cue,FALSE,0
clean_controls,QAT,Qatar,90,2012,0.4648093000000001,0.4648093000000001,FALSE,2021,TRUE,selected_public_cue,FALSE,0
clean_controls,QAT,Qatar,90,2013,0.44802110000000006,0.44802110000000006,FALSE,2021,TRUE,selected_public_cue,FALSE,0
clean_controls,QAT,Qatar,90,2014,0.09795039999999999,0.09795039999999999,FALSE,2021,TRUE,selected_public_cue,FALSE,0
clean_controls,QAT,Qatar,90,2015,0.7559252,0.7559252,FALSE,2021,TRUE,selected_public_cue,FALSE,0
clean_controls,QAT,Qatar,90,2016,0.3819226,0.3819226,FALSE,2021,TRUE,selected_public_cue,FALSE,0
clean_controls,QAT,Qatar,90,2017,0.2358284,0.2358284,FALSE,2021,TRUE,selected_public_cue,FALSE,0
clean_controls,QAT,Qatar,90,2018,0.17589109999999997,0.17589109999999997,FALSE,2021,TRUE,selected_public_cue,FALSE,0
clean_controls,QAT,Qatar,90,2019,0.3881521,0.3881521,FALSE,2021,TRUE,selected_public_cue,FALSE,0
clean_controls,QAT,Qatar,90,2020,0.07563219999999993,0.07563219999999993,FALSE,2021,TRUE,selected_public_cue,FALSE,0
clean_controls,QAT,Qatar,90,2021,0.35098460000000004,0.35098460000000004,TRUE,2021,TRUE,selected_public_cue,FALSE,1
clean_controls,QAT,Qatar,90,2022,0.5546736,0.5546736,TRUE,2021,TRUE,selected_public_cue,FALSE,1
clean_controls,ROU,Romania,91,1997,2.522212,2.522212,FALSE,NA,FALSE,other_countries,TRUE,0
clean_controls,ROU,Romania,91,1998,1.6261281,1.6261281,FALSE,NA,FALSE,other_countries,TRUE,0
clean_controls,ROU,Romania,91,1999,1.8144703999999998,1.8144703999999998,FALSE,NA,FALSE,other_countries,TRUE,0
clean_controls,ROU,Romania,91,2000,1.8444136,1.8444136,FALSE,NA,FALSE,other_countries,TRUE,0
clean_controls,ROU,Romania,91,2001,1.7204853,1.7204853,FALSE,NA,FALSE,other_countries,TRUE,0
clean_controls,ROU,Romania,91,2002,1.6862405999999999,1.6862405999999999,FALSE,NA,FALSE,other_countries,TRUE,0
clean_controls,ROU,Romania,91,2003,1.9279008,1.9279008,FALSE,NA,FALSE,other_countries,TRUE,0
clean_controls,ROU,Romania,91,2004,1.841881,1.841881,FALSE,NA,FALSE,other_countries,TRUE,0
clean_controls,ROU,Romania,91,2005,1.6895189,1.6895189,FALSE,NA,FALSE,other_countries,TRUE,0
clean_controls,ROU,Romania,91,2006,1.8481036,1.8481036,FALSE,NA,FALSE,other_countries,TRUE,0
clean_controls,ROU,Romania,91,2007,1.6017698,1.6017698,FALSE,NA,FALSE,other_countries,TRUE,0
clean_controls,ROU,Romania,91,2008,1.6824001,1.6824001,FALSE,NA,FALSE,other_countries,TRUE,0
clean_controls,ROU,Romania,91,2009,1.6358453000000002,1.6358453000000002,FALSE,NA,FALSE,other_countries,TRUE,0
clean_controls,ROU,Romania,91,2010,1.8409029000000001,1.8409029000000001,FALSE,NA,FALSE,other_countries,TRUE,0
clean_controls,ROU,Romania,91,2011,1.7464882,1.7464882,FALSE,NA,FALSE,other_countries,TRUE,0
clean_controls,ROU,Romania,91,2012,1.8589346999999998,1.8589346999999998,FALSE,NA,FALSE,other_countries,TRUE,0
clean_controls,ROU,Romania,91,2013,1.4400716999999998,1.4400716999999998,FALSE,NA,FALSE,other_countries,TRUE,0
clean_controls,ROU,Romania,91,2014,1.8028723,1.8028723,FALSE,NA,FALSE,other_countries,TRUE,0
clean_controls,ROU,Romania,91,2015,1.2175132,1.2175132,FALSE,NA,FALSE,other_countries,TRUE,0
clean_controls,ROU,Romania,91,2016,1.6228089,1.6228089,FALSE,NA,FALSE,other_countries,TRUE,0
clean_controls,ROU,Romania,91,2017,1.4755992,1.4755992,FALSE,NA,FALSE,other_countries,TRUE,0
clean_controls,ROU,Romania,91,2018,1.5948636,1.5948636,FALSE,NA,FALSE,other_countries,TRUE,0
clean_controls,ROU,Romania,91,2019,1.5380514,1.5380514,FALSE,NA,FALSE,other_countries,TRUE,0
clean_controls,ROU,Romania,91,2020,1.7334874,1.7334874,FALSE,NA,FALSE,other_countries,TRUE,0
clean_controls,ROU,Romania,91,2021,1.3949931,1.3949931,FALSE,NA,FALSE,other_countries,TRUE,0
clean_controls,ROU,Romania,91,2022,2.342447,2.342447,FALSE,NA,FALSE,other_countries,TRUE,0
clean_controls,RWA,Rwanda,92,1997,1.5024664,1.5024664,FALSE,NA,FALSE,other_countries,TRUE,0
clean_controls,RWA,Rwanda,92,1998,0.34676931,0.34676931,FALSE,NA,FALSE,other_countries,TRUE,0
clean_controls,RWA,Rwanda,92,1999,0.13719099999999995,0.13719099999999995,FALSE,NA,FALSE,other_countries,TRUE,0
clean_controls,RWA,Rwanda,92,2000,0.08801880000000006,0.08801880000000006,FALSE,NA,FALSE,other_countries,TRUE,0
clean_controls,RWA,Rwanda,92,2001,0.287992,0.287992,FALSE,NA,FALSE,other_countries,TRUE,0
clean_controls,RWA,Rwanda,92,2002,0.18216619999999994,0.18216619999999994,FALSE,NA,FALSE,other_countries,TRUE,0
clean_controls,RWA,Rwanda,92,2003,1.0785241,1.0785241,FALSE,NA,FALSE,other_countries,TRUE,0
clean_controls,RWA,Rwanda,92,2004,0.21994120000000006,0.21994120000000006,FALSE,NA,FALSE,other_countries,TRUE,0
clean_controls,RWA,Rwanda,92,2005,0.05322990000000005,0.05322990000000005,FALSE,NA,FALSE,other_countries,TRUE,0
clean_controls,RWA,Rwanda,92,2006,0.38162240000000003,0.38162240000000003,FALSE,NA,FALSE,other_countries,TRUE,0
clean_controls,RWA,Rwanda,92,2007,0.373055,0.373055,FALSE,NA,FALSE,other_countries,TRUE,0
clean_controls,RWA,Rwanda,92,2008,0.2541483,0.2541483,FALSE,NA,FALSE,other_countries,TRUE,0
clean_controls,RWA,Rwanda,92,2009,0.19934010000000002,0.19934010000000002,FALSE,NA,FALSE,other_countries,TRUE,0
clean_controls,RWA,Rwanda,92,2010,0.47061700000000006,0.47061700000000006,FALSE,NA,FALSE,other_countries,TRUE,0
clean_controls,RWA,Rwanda,92,2011,0.5519068,0.5519068,FALSE,NA,FALSE,other_countries,TRUE,0
clean_controls,RWA,Rwanda,92,2012,0.6936905,0.6936905,FALSE,NA,FALSE,other_countries,TRUE,0
clean_controls,RWA,Rwanda,92,2013,0.1151103,0.1151103,FALSE,NA,FALSE,other_countries,TRUE,0
clean_controls,RWA,Rwanda,92,2014,0.46093870000000003,0.46093870000000003,FALSE,NA,FALSE,other_countries,TRUE,0
clean_controls,RWA,Rwanda,92,2015,0.18802870000000002,0.18802870000000002,FALSE,NA,FALSE,other_countries,TRUE,0
clean_controls,RWA,Rwanda,92,2016,0.07842670000000002,0.07842670000000002,FALSE,NA,FALSE,other_countries,TRUE,0
clean_controls,RWA,Rwanda,92,2017,0.19850929999999997,0.19850929999999997,FALSE,NA,FALSE,other_countries,TRUE,0
clean_controls,RWA,Rwanda,92,2018,0.48281073,0.48281073,FALSE,NA,FALSE,other_countries,TRUE,0
clean_controls,RWA,Rwanda,92,2019,0.2353503,0.2353503,FALSE,NA,FALSE,other_countries,TRUE,0
clean_controls,RWA,Rwanda,92,2020,0.43126290000000006,0.43126290000000006,FALSE,NA,FALSE,other_countries,TRUE,0
clean_controls,RWA,Rwanda,92,2021,0.15068909999999996,0.15068909999999996,FALSE,NA,FALSE,other_countries,TRUE,0
clean_controls,RWA,Rwanda,92,2022,1.00334639,1.00334639,FALSE,NA,FALSE,other_countries,TRUE,0
clean_controls,SEN,Senegal,93,1997,0.8199721,0.8199721,FALSE,NA,FALSE,other_countries,TRUE,0
clean_controls,SEN,Senegal,93,1998,0.048490299999999986,0.048490299999999986,FALSE,NA,FALSE,other_countries,TRUE,0
clean_controls,SEN,Senegal,93,1999,0.3061193,0.3061193,FALSE,NA,FALSE,other_countries,TRUE,0
clean_controls,SEN,Senegal,93,2000,0.34074970000000004,0.34074970000000004,FALSE,NA,FALSE,other_countries,TRUE,0
clean_controls,SEN,Senegal,93,2001,0.07473160000000001,0.07473160000000001,FALSE,NA,FALSE,other_countries,TRUE,0
clean_controls,SEN,Senegal,93,2002,0.026920799999999967,0.026920799999999967,FALSE,NA,FALSE,other_countries,TRUE,0
clean_controls,SEN,Senegal,93,2003,0.12701759999999995,0.12701759999999995,FALSE,NA,FALSE,other_countries,TRUE,0
clean_controls,SEN,Senegal,93,2004,0.0061373999999999596,0.0061373999999999596,FALSE,NA,FALSE,other_countries,TRUE,0
clean_controls,SEN,Senegal,93,2005,0.006896200000000019,0.006896200000000019,FALSE,NA,FALSE,other_countries,TRUE,0
clean_controls,SEN,Senegal,93,2006,0.10117399999999999,0.10117399999999999,FALSE,NA,FALSE,other_countries,TRUE,0
clean_controls,SEN,Senegal,93,2007,0.1861889,0.1861889,FALSE,NA,FALSE,other_countries,TRUE,0
clean_controls,SEN,Senegal,93,2008,0.15023750000000002,0.15023750000000002,FALSE,NA,FALSE,other_countries,TRUE,0
clean_controls,SEN,Senegal,93,2009,0.13226059999999995,0.13226059999999995,FALSE,NA,FALSE,other_countries,TRUE,0
clean_controls,SEN,Senegal,93,2010,0.09022780000000008,0.09022780000000008,FALSE,NA,FALSE,other_countries,TRUE,0
clean_controls,SEN,Senegal,93,2011,0.342144,0.342144,FALSE,NA,FALSE,other_countries,TRUE,0
clean_controls,SEN,Senegal,93,2012,0.3581484,0.3581484,FALSE,NA,FALSE,other_countries,TRUE,0
clean_controls,SEN,Senegal,93,2013,0.14194289999999998,0.14194289999999998,FALSE,NA,FALSE,other_countries,TRUE,0
clean_controls,SEN,Senegal,93,2014,0.16719700000000004,0.16719700000000004,FALSE,NA,FALSE,other_countries,TRUE,0
clean_controls,SEN,Senegal,93,2015,0.46975009999999995,0.46975009999999995,FALSE,NA,FALSE,other_countries,TRUE,0
clean_controls,SEN,Senegal,93,2016,0.14639539999999995,0.14639539999999995,FALSE,NA,FALSE,other_countries,TRUE,0
clean_controls,SEN,Senegal,93,2017,0.1836526,0.1836526,FALSE,NA,FALSE,other_countries,TRUE,0
clean_controls,SEN,Senegal,93,2018,0.18419760000000002,0.18419760000000002,FALSE,NA,FALSE,other_countries,TRUE,0
clean_controls,SEN,Senegal,93,2019,0.15772240000000004,0.15772240000000004,FALSE,NA,FALSE,other_countries,TRUE,0
clean_controls,SEN,Senegal,93,2020,0.0770569000000001,0.0770569000000001,FALSE,NA,FALSE,other_countries,TRUE,0
clean_controls,SEN,Senegal,93,2021,0.23421490000000006,0.23421490000000006,FALSE,NA,FALSE,other_countries,TRUE,0
clean_controls,SEN,Senegal,93,2022,0.5765091,0.5765091,FALSE,NA,FALSE,other_countries,TRUE,0
clean_controls,SGP,Singapore,94,1997,0.5771084000000001,0.5771084000000001,FALSE,NA,FALSE,other_countries,TRUE,0
clean_controls,SGP,Singapore,94,1998,0.1620364,0.1620364,FALSE,NA,FALSE,other_countries,TRUE,0
clean_controls,SGP,Singapore,94,1999,0.3122179,0.3122179,FALSE,NA,FALSE,other_countries,TRUE,0
clean_controls,SGP,Singapore,94,2000,0.5349430000000001,0.5349430000000001,FALSE,NA,FALSE,other_countries,TRUE,0
clean_controls,SGP,Singapore,94,2001,0.292161,0.292161,FALSE,NA,FALSE,other_countries,TRUE,0
clean_controls,SGP,Singapore,94,2002,0.3602358,0.3602358,FALSE,NA,FALSE,other_countries,TRUE,0
clean_controls,SGP,Singapore,94,2003,0.7688696,0.7688696,FALSE,NA,FALSE,other_countries,TRUE,0
clean_controls,SGP,Singapore,94,2004,0.6256120000000001,0.6256120000000001,FALSE,NA,FALSE,other_countries,TRUE,0
clean_controls,SGP,Singapore,94,2005,0.40912990000000005,0.40912990000000005,FALSE,NA,FALSE,other_countries,TRUE,0
clean_controls,SGP,Singapore,94,2006,0.6134593,0.6134593,FALSE,NA,FALSE,other_countries,TRUE,0
clean_controls,SGP,Singapore,94,2007,0.35610500000000006,0.35610500000000006,FALSE,NA,FALSE,other_countries,TRUE,0
clean_controls,SGP,Singapore,94,2008,0.2692756,0.2692756,FALSE,NA,FALSE,other_countries,TRUE,0
clean_controls,SGP,Singapore,94,2009,0.2019302,0.2019302,FALSE,NA,FALSE,other_countries,TRUE,0
clean_controls,SGP,Singapore,94,2010,0.3689758000000001,0.3689758000000001,FALSE,NA,FALSE,other_countries,TRUE,0
clean_controls,SGP,Singapore,94,2011,0.03829019999999994,0.03829019999999994,FALSE,NA,FALSE,other_countries,TRUE,0
clean_controls,SGP,Singapore,94,2012,0.4676437,0.4676437,FALSE,NA,FALSE,other_countries,TRUE,0
clean_controls,SGP,Singapore,94,2013,0.13784649999999998,0.13784649999999998,FALSE,NA,FALSE,other_countries,TRUE,0
clean_controls,SGP,Singapore,94,2014,0.3932781,0.3932781,FALSE,NA,FALSE,other_countries,TRUE,0
clean_controls,SGP,Singapore,94,2015,0.4506411,0.4506411,FALSE,NA,FALSE,other_countries,TRUE,0
clean_controls,SGP,Singapore,94,2016,0.17514759999999996,0.17514759999999996,FALSE,NA,FALSE,other_countries,TRUE,0
clean_controls,SGP,Singapore,94,2017,0.3828944,0.3828944,FALSE,NA,FALSE,other_countries,TRUE,0
clean_controls,SGP,Singapore,94,2018,0.10038150000000001,0.10038150000000001,FALSE,NA,FALSE,other_countries,TRUE,0
clean_controls,SGP,Singapore,94,2019,0.09514459999999997,0.09514459999999997,FALSE,NA,FALSE,other_countries,TRUE,0
clean_controls,SGP,Singapore,94,2020,0.23837740000000007,0.23837740000000007,FALSE,NA,FALSE,other_countries,TRUE,0
clean_controls,SGP,Singapore,94,2021,0.1104794,0.1104794,FALSE,NA,FALSE,other_countries,TRUE,0
clean_controls,SGP,Singapore,94,2022,0.7916297,0.7916297,FALSE,NA,FALSE,other_countries,TRUE,0
clean_controls,SLV,El Salvador,95,1997,0.9704172,0.9704172,FALSE,NA,FALSE,other_countries,TRUE,0
clean_controls,SLV,El Salvador,95,1998,0.14706740000000001,0.14706740000000001,FALSE,NA,FALSE,other_countries,TRUE,0
clean_controls,SLV,El Salvador,95,1999,0.3196733,0.3196733,FALSE,NA,FALSE,other_countries,TRUE,0
clean_controls,SLV,El Salvador,95,2000,0.44521180000000005,0.44521180000000005,FALSE,NA,FALSE,other_countries,TRUE,0
clean_controls,SLV,El Salvador,95,2001,0.25792390000000004,0.25792390000000004,FALSE,NA,FALSE,other_countries,TRUE,0
clean_controls,SLV,El Salvador,95,2002,0.20417539999999995,0.20417539999999995,FALSE,NA,FALSE,other_countries,TRUE,0
clean_controls,SLV,El Salvador,95,2003,0.94805249,0.94805249,FALSE,NA,FALSE,other_countries,TRUE,0
clean_controls,SLV,El Salvador,95,2004,0.7188371800000001,0.7188371800000001,FALSE,NA,FALSE,other_countries,TRUE,0
clean_controls,SLV,El Salvador,95,2005,0.6307054200000001,0.6307054200000001,FALSE,NA,FALSE,other_countries,TRUE,0
clean_controls,SLV,El Salvador,95,2006,0.7034747,0.7034747,FALSE,NA,FALSE,other_countries,TRUE,0
clean_controls,SLV,El Salvador,95,2007,0.45197230000000005,0.45197230000000005,FALSE,NA,FALSE,other_countries,TRUE,0
clean_controls,SLV,El Salvador,95,2008,0.60251973,0.60251973,FALSE,NA,FALSE,other_countries,TRUE,0
clean_controls,SLV,El Salvador,95,2009,0.40285400000000005,0.40285400000000005,FALSE,NA,FALSE,other_countries,TRUE,0
clean_controls,SLV,El Salvador,95,2010,0.6955760000000001,0.6955760000000001,FALSE,NA,FALSE,other_countries,TRUE,0
clean_controls,SLV,El Salvador,95,2011,0.6879997099999999,0.6879997099999999,FALSE,NA,FALSE,other_countries,TRUE,0
clean_controls,SLV,El Salvador,95,2012,0.83575973,0.83575973,FALSE,NA,FALSE,other_countries,TRUE,0
clean_controls,SLV,El Salvador,95,2013,0.12618069999999998,0.12618069999999998,FALSE,NA,FALSE,other_countries,TRUE,0
clean_controls,SLV,El Salvador,95,2014,0.356837,0.356837,FALSE,NA,FALSE,other_countries,TRUE,0
clean_controls,SLV,El Salvador,95,2015,0.27671729999999994,0.27671729999999994,FALSE,NA,FALSE,other_countries,TRUE,0
clean_controls,SLV,El Salvador,95,2016,0.06930619999999998,0.06930619999999998,FALSE,NA,FALSE,other_countries,TRUE,0
clean_controls,SLV,El Salvador,95,2017,0.10953980000000002,0.10953980000000002,FALSE,NA,FALSE,other_countries,TRUE,0
clean_controls,SLV,El Salvador,95,2018,0.022956699999999997,0.022956699999999997,FALSE,NA,FALSE,other_countries,TRUE,0
clean_controls,SLV,El Salvador,95,2019,0.00438369999999999,0.00438369999999999,FALSE,NA,FALSE,other_countries,TRUE,0
clean_controls,SLV,El Salvador,95,2020,0.19732410000000006,0.19732410000000006,FALSE,NA,FALSE,other_countries,TRUE,0
clean_controls,SLV,El Salvador,95,2021,0.1724546,0.1724546,FALSE,NA,FALSE,other_countries,TRUE,0
clean_controls,SLV,El Salvador,95,2022,0.7069175,0.7069175,FALSE,NA,FALSE,other_countries,TRUE,0
clean_controls,SUR,Suriname,96,1997,0.48723700000000003,0.48723700000000003,FALSE,NA,FALSE,other_countries,TRUE,0
clean_controls,SUR,Suriname,96,1998,0.28830930000000005,0.28830930000000005,FALSE,NA,FALSE,other_countries,TRUE,0
clean_controls,SUR,Suriname,96,1999,0.238024,0.238024,FALSE,NA,FALSE,other_countries,TRUE,0
clean_controls,SUR,Suriname,96,2000,0.30652690000000005,0.30652690000000005,FALSE,NA,FALSE,other_countries,TRUE,0
clean_controls,SUR,Suriname,96,2001,0.27746380000000004,0.27746380000000004,FALSE,NA,FALSE,other_countries,TRUE,0
clean_controls,SUR,Suriname,96,2002,0.1688206,0.1688206,FALSE,NA,FALSE,other_countries,TRUE,0
clean_controls,SUR,Suriname,96,2003,0.40656840000000005,0.40656840000000005,FALSE,NA,FALSE,other_countries,TRUE,0
clean_controls,SUR,Suriname,96,2004,0.19495720000000005,0.19495720000000005,FALSE,NA,FALSE,other_countries,TRUE,0
clean_controls,SUR,Suriname,96,2005,0.10503390000000001,0.10503390000000001,FALSE,NA,FALSE,other_countries,TRUE,0
clean_controls,SUR,Suriname,96,2006,0.20687069999999996,0.20687069999999996,FALSE,NA,FALSE,other_countries,TRUE,0
clean_controls,SUR,Suriname,96,2007,0.021700700000000017,0.021700700000000017,FALSE,NA,FALSE,other_countries,TRUE,0
clean_controls,SUR,Suriname,96,2008,0.13783279999999998,0.13783279999999998,FALSE,NA,FALSE,other_countries,TRUE,0
clean_controls,SUR,Suriname,96,2009,0.010372700000000012,0.010372700000000012,FALSE,NA,FALSE,other_countries,TRUE,0
clean_controls,SUR,Suriname,96,2010,0.13981790000000005,0.13981790000000005,FALSE,NA,FALSE,other_countries,TRUE,0
clean_controls,SUR,Suriname,96,2011,0.07965310000000003,0.07965310000000003,FALSE,NA,FALSE,other_countries,TRUE,0
clean_controls,SUR,Suriname,96,2012,0.21038210000000002,0.21038210000000002,FALSE,NA,FALSE,other_countries,TRUE,0
clean_controls,SUR,Suriname,96,2013,0.22923090000000002,0.22923090000000002,FALSE,NA,FALSE,other_countries,TRUE,0
clean_controls,SUR,Suriname,96,2014,0.12484660000000003,0.12484660000000003,FALSE,NA,FALSE,other_countries,TRUE,0
clean_controls,SUR,Suriname,96,2015,0.41551839999999995,0.41551839999999995,FALSE,NA,FALSE,other_countries,TRUE,0
clean_controls,SUR,Suriname,96,2016,0.2898784,0.2898784,FALSE,NA,FALSE,other_countries,TRUE,0
clean_controls,SUR,Suriname,96,2017,0.11438130000000002,0.11438130000000002,FALSE,NA,FALSE,other_countries,TRUE,0
clean_controls,SUR,Suriname,96,2018,0.1383784,0.1383784,FALSE,NA,FALSE,other_countries,TRUE,0
clean_controls,SUR,Suriname,96,2019,0.31495059999999997,0.31495059999999997,FALSE,NA,FALSE,other_countries,TRUE,0
clean_controls,SUR,Suriname,96,2020,0.02880870000000002,0.02880870000000002,FALSE,NA,FALSE,other_countries,TRUE,0
clean_controls,SUR,Suriname,96,2021,0.1336212,0.1336212,FALSE,NA,FALSE,other_countries,TRUE,0
clean_controls,SUR,Suriname,96,2022,0.9374028,0.9374028,FALSE,NA,FALSE,other_countries,TRUE,0
clean_controls,SVK,Slovakia,97,1997,2.57332,2.57332,FALSE,NA,FALSE,other_countries,TRUE,0
clean_controls,SVK,Slovakia,97,1998,1.6332741,1.6332741,FALSE,NA,FALSE,other_countries,TRUE,0
clean_controls,SVK,Slovakia,97,1999,1.7789014,1.7789014,FALSE,NA,FALSE,other_countries,TRUE,0
clean_controls,SVK,Slovakia,97,2000,1.8451246000000001,1.8451246000000001,FALSE,NA,FALSE,other_countries,TRUE,0
clean_controls,SVK,Slovakia,97,2001,1.6006623000000002,1.6006623000000002,FALSE,NA,FALSE,other_countries,TRUE,0
clean_controls,SVK,Slovakia,97,2002,1.5663586,1.5663586,FALSE,NA,FALSE,other_countries,TRUE,0
clean_controls,SVK,Slovakia,97,2003,1.9875792,1.9875792,FALSE,NA,FALSE,other_countries,TRUE,0
clean_controls,SVK,Slovakia,97,2004,1.8095821,1.8095821,FALSE,NA,FALSE,other_countries,TRUE,0
clean_controls,SVK,Slovakia,97,2005,1.6967542,1.6967542,FALSE,NA,FALSE,other_countries,TRUE,0
clean_controls,SVK,Slovakia,97,2006,1.8597961,1.8597961,FALSE,NA,FALSE,other_countries,TRUE,0
clean_controls,SVK,Slovakia,97,2007,1.6470890000000002,1.6470890000000002,FALSE,NA,FALSE,other_countries,TRUE,0
clean_controls,SVK,Slovakia,97,2008,1.6153221,1.6153221,FALSE,NA,FALSE,other_countries,TRUE,0
clean_controls,SVK,Slovakia,97,2009,1.7004622999999999,1.7004622999999999,FALSE,NA,FALSE,other_countries,TRUE,0
clean_controls,SVK,Slovakia,97,2010,1.8706897000000002,1.8706897000000002,FALSE,NA,FALSE,other_countries,TRUE,0
clean_controls,SVK,Slovakia,97,2011,1.79236,1.79236,FALSE,NA,FALSE,other_countries,TRUE,0
clean_controls,SVK,Slovakia,97,2012,1.8756667,1.8756667,FALSE,NA,FALSE,other_countries,TRUE,0
clean_controls,SVK,Slovakia,97,2013,1.5104768,1.5104768,FALSE,NA,FALSE,other_countries,TRUE,0
clean_controls,SVK,Slovakia,97,2014,1.8567733999999998,1.8567733999999998,FALSE,NA,FALSE,other_countries,TRUE,0
clean_controls,SVK,Slovakia,97,2015,1.3138002,1.3138002,FALSE,NA,FALSE,other_countries,TRUE,0
clean_controls,SVK,Slovakia,97,2016,1.6027019,1.6027019,FALSE,NA,FALSE,other_countries,TRUE,0
clean_controls,SVK,Slovakia,97,2017,1.4237262,1.4237262,FALSE,NA,FALSE,other_countries,TRUE,0
clean_controls,SVK,Slovakia,97,2018,1.5994886,1.5994886,FALSE,NA,FALSE,other_countries,TRUE,0
clean_controls,SVK,Slovakia,97,2019,1.4931724,1.4931724,FALSE,NA,FALSE,other_countries,TRUE,0
clean_controls,SVK,Slovakia,97,2020,1.7728934,1.7728934,FALSE,NA,FALSE,other_countries,TRUE,0
clean_controls,SVK,Slovakia,97,2021,1.4779590999999999,1.4779590999999999,FALSE,NA,FALSE,other_countries,TRUE,0
clean_controls,SVK,Slovakia,97,2022,2.4328190000000003,2.4328190000000003,FALSE,NA,FALSE,other_countries,TRUE,0
clean_controls,SVN,Slovenia,98,1997,2.533752,2.533752,FALSE,NA,FALSE,other_countries,TRUE,0
clean_controls,SVN,Slovenia,98,1998,1.5935131,1.5935131,FALSE,NA,FALSE,other_countries,TRUE,0
clean_controls,SVN,Slovenia,98,1999,1.7879644,1.7879644,FALSE,NA,FALSE,other_countries,TRUE,0
clean_controls,SVN,Slovenia,98,2000,1.8509496,1.8509496,FALSE,NA,FALSE,other_countries,TRUE,0
clean_controls,SVN,Slovenia,98,2001,1.7367303,1.7367303,FALSE,NA,FALSE,other_countries,TRUE,0
clean_controls,SVN,Slovenia,98,2002,1.6627935999999999,1.6627935999999999,FALSE,NA,FALSE,other_countries,TRUE,0
clean_controls,SVN,Slovenia,98,2003,1.9691382,1.9691382,FALSE,NA,FALSE,other_countries,TRUE,0
clean_controls,SVN,Slovenia,98,2004,1.83998,1.83998,FALSE,NA,FALSE,other_countries,TRUE,0
clean_controls,SVN,Slovenia,98,2005,1.7557644000000001,1.7557644000000001,FALSE,NA,FALSE,other_countries,TRUE,0
clean_controls,SVN,Slovenia,98,2006,1.8726221,1.8726221,FALSE,NA,FALSE,other_countries,TRUE,0
clean_controls,SVN,Slovenia,98,2007,1.6333540000000002,1.6333540000000002,FALSE,NA,FALSE,other_countries,TRUE,0
clean_controls,SVN,Slovenia,98,2008,1.6231807,1.6231807,FALSE,NA,FALSE,other_countries,TRUE,0
clean_controls,SVN,Slovenia,98,2009,1.5197910000000001,1.5197910000000001,FALSE,NA,FALSE,other_countries,TRUE,0
clean_controls,SVN,Slovenia,98,2010,1.736747,1.736747,FALSE,NA,FALSE,other_countries,TRUE,0
clean_controls,SVN,Slovenia,98,2011,1.6621435,1.6621435,FALSE,NA,FALSE,other_countries,TRUE,0
clean_controls,SVN,Slovenia,98,2012,1.744977,1.744977,FALSE,NA,FALSE,other_countries,TRUE,0
clean_controls,SVN,Slovenia,98,2013,1.4085850999999998,1.4085850999999998,FALSE,NA,FALSE,other_countries,TRUE,0
clean_controls,SVN,Slovenia,98,2014,1.7326487,1.7326487,FALSE,NA,FALSE,other_countries,TRUE,0
clean_controls,SVN,Slovenia,98,2015,1.2528032,1.2528032,FALSE,NA,FALSE,other_countries,TRUE,0
clean_controls,SVN,Slovenia,98,2016,1.5593249,1.5593249,FALSE,NA,FALSE,other_countries,TRUE,0
clean_controls,SVN,Slovenia,98,2017,1.4179442,1.4179442,FALSE,NA,FALSE,other_countries,TRUE,0
clean_controls,SVN,Slovenia,98,2018,1.5384896,1.5384896,FALSE,NA,FALSE,other_countries,TRUE,0
clean_controls,SVN,Slovenia,98,2019,1.3871744,1.3871744,FALSE,NA,FALSE,other_countries,TRUE,0
clean_controls,SVN,Slovenia,98,2020,1.7148854,1.7148854,FALSE,NA,FALSE,other_countries,TRUE,0
clean_controls,SVN,Slovenia,98,2021,1.4393240999999999,1.4393240999999999,FALSE,NA,FALSE,other_countries,TRUE,0
clean_controls,SVN,Slovenia,98,2022,2.1596580000000003,2.1596580000000003,FALSE,NA,FALSE,other_countries,TRUE,0
clean_controls,SWE,Sweden,99,1997,2.5157499999999997,2.5157499999999997,FALSE,NA,FALSE,other_countries,TRUE,0
clean_controls,SWE,Sweden,99,1998,1.5119831000000001,1.5119831000000001,FALSE,NA,FALSE,other_countries,TRUE,0
clean_controls,SWE,Sweden,99,1999,1.6923613999999998,1.6923613999999998,FALSE,NA,FALSE,other_countries,TRUE,0
clean_controls,SWE,Sweden,99,2000,1.7466156000000002,1.7466156000000002,FALSE,NA,FALSE,other_countries,TRUE,0
clean_controls,SWE,Sweden,99,2001,1.6126073,1.6126073,FALSE,NA,FALSE,other_countries,TRUE,0
clean_controls,SWE,Sweden,99,2002,1.4157652,1.4157652,FALSE,NA,FALSE,other_countries,TRUE,0
clean_controls,SWE,Sweden,99,2003,1.9179803,1.9179803,FALSE,NA,FALSE,other_countries,TRUE,0
clean_controls,SWE,Sweden,99,2004,1.7781128000000002,1.7781128000000002,FALSE,NA,FALSE,other_countries,TRUE,0
clean_controls,SWE,Sweden,99,2005,1.6539806000000001,1.6539806000000001,FALSE,NA,FALSE,other_countries,TRUE,0
clean_controls,SWE,Sweden,99,2006,1.7138955,1.7138955,FALSE,NA,FALSE,other_countries,TRUE,0
clean_controls,SWE,Sweden,99,2007,1.4897550000000002,1.4897550000000002,FALSE,NA,FALSE,other_countries,TRUE,0
clean_controls,SWE,Sweden,99,2008,1.4873612,1.4873612,FALSE,NA,FALSE,other_countries,TRUE,0
clean_controls,SWE,Sweden,99,2009,1.543583,1.543583,FALSE,NA,FALSE,other_countries,TRUE,0
clean_controls,SWE,Sweden,99,2010,1.7365027,1.7365027,FALSE,NA,FALSE,other_countries,TRUE,0
clean_controls,SWE,Sweden,99,2011,1.65822,1.65822,FALSE,NA,FALSE,other_countries,TRUE,0
clean_controls,SWE,Sweden,99,2012,1.6549768,1.6549768,FALSE,NA,FALSE,other_countries,TRUE,0
clean_controls,SWE,Sweden,99,2013,1.4116678999999999,1.4116678999999999,FALSE,NA,FALSE,other_countries,TRUE,0
clean_controls,SWE,Sweden,99,2014,1.6537255,1.6537255,FALSE,NA,FALSE,other_countries,TRUE,0
clean_controls,SWE,Sweden,99,2015,0.9084092,0.9084092,FALSE,NA,FALSE,other_countries,TRUE,0
clean_controls,SWE,Sweden,99,2016,1.202721,1.202721,FALSE,NA,FALSE,other_countries,TRUE,0
clean_controls,SWE,Sweden,99,2017,1.1640618,1.1640618,FALSE,NA,FALSE,other_countries,TRUE,0
clean_controls,SWE,Sweden,99,2018,1.361338,1.361338,FALSE,NA,FALSE,other_countries,TRUE,0
clean_controls,SWE,Sweden,99,2019,1.2354839,1.2354839,FALSE,NA,FALSE,other_countries,TRUE,0
clean_controls,SWE,Sweden,99,2020,1.4508137,1.4508137,FALSE,NA,FALSE,other_countries,TRUE,0
clean_controls,SWE,Sweden,99,2021,1.1108155,1.1108155,FALSE,NA,FALSE,other_countries,TRUE,0
clean_controls,SWE,Sweden,99,2022,2.2639880000000003,2.2639880000000003,FALSE,NA,FALSE,other_countries,TRUE,0
clean_controls,SWZ,Eswatini,100,1997,1.2436972,1.2436972,FALSE,NA,FALSE,other_countries,TRUE,0
clean_controls,SWZ,Eswatini,100,1998,0.37804357,0.37804357,FALSE,NA,FALSE,other_countries,TRUE,0
clean_controls,SWZ,Eswatini,100,1999,0.4633947,0.4633947,FALSE,NA,FALSE,other_countries,TRUE,0
clean_controls,SWZ,Eswatini,100,2000,0.09530100000000008,0.09530100000000008,FALSE,NA,FALSE,other_countries,TRUE,0
clean_controls,SWZ,Eswatini,100,2001,0.20797719999999997,0.20797719999999997,FALSE,NA,FALSE,other_countries,TRUE,0
clean_controls,SWZ,Eswatini,100,2002,0.10371390000000003,0.10371390000000003,FALSE,NA,FALSE,other_countries,TRUE,0
clean_controls,SWZ,Eswatini,100,2003,0.38263539999999996,0.38263539999999996,FALSE,NA,FALSE,other_countries,TRUE,0
clean_controls,SWZ,Eswatini,100,2004,0.3419996,0.3419996,FALSE,NA,FALSE,other_countries,TRUE,0
clean_controls,SWZ,Eswatini,100,2005,0.09849490000000005,0.09849490000000005,FALSE,NA,FALSE,other_countries,TRUE,0
clean_controls,SWZ,Eswatini,100,2006,0.37752610000000003,0.37752610000000003,FALSE,NA,FALSE,other_countries,TRUE,0
clean_controls,SWZ,Eswatini,100,2007,0.05192319999999995,0.05192319999999995,FALSE,NA,FALSE,other_countries,TRUE,0
clean_controls,SWZ,Eswatini,100,2008,7.47500000000012e-4,7.47500000000012e-4,FALSE,NA,FALSE,other_countries,TRUE,0
clean_controls,SWZ,Eswatini,100,2009,0.012068199999999973,0.012068199999999973,FALSE,NA,FALSE,other_countries,TRUE,0
clean_controls,SWZ,Eswatini,100,2010,0.015744700000000056,0.015744700000000056,FALSE,NA,FALSE,other_countries,TRUE,0
clean_controls,SWZ,Eswatini,100,2011,0.26599399999999995,0.26599399999999995,FALSE,NA,FALSE,other_countries,TRUE,0
clean_controls,SWZ,Eswatini,100,2012,0.059536799999999945,0.059536799999999945,FALSE,NA,FALSE,other_countries,TRUE,0
clean_controls,SWZ,Eswatini,100,2013,0.2541570000000001,0.2541570000000001,FALSE,NA,FALSE,other_countries,TRUE,0
clean_controls,SWZ,Eswatini,100,2014,0.21446869999999996,0.21446869999999996,FALSE,NA,FALSE,other_countries,TRUE,0
clean_controls,SWZ,Eswatini,100,2015,0.43352749999999995,0.43352749999999995,FALSE,NA,FALSE,other_countries,TRUE,0
clean_controls,SWZ,Eswatini,100,2016,0.23986339999999995,0.23986339999999995,FALSE,NA,FALSE,other_countries,TRUE,0
clean_controls,SWZ,Eswatini,100,2017,0.35667,0.35667,FALSE,NA,FALSE,other_countries,TRUE,0
clean_controls,SWZ,Eswatini,100,2018,0.3996078,0.3996078,FALSE,NA,FALSE,other_countries,TRUE,0
clean_controls,SWZ,Eswatini,100,2019,0.1486064,0.1486064,FALSE,NA,FALSE,other_countries,TRUE,0
clean_controls,SWZ,Eswatini,100,2020,0.13655340000000005,0.13655340000000005,FALSE,NA,FALSE,other_countries,TRUE,0
clean_controls,SWZ,Eswatini,100,2021,0.2572366,0.2572366,FALSE,NA,FALSE,other_countries,TRUE,0
clean_controls,SWZ,Eswatini,100,2022,0.7837223,0.7837223,FALSE,NA,FALSE,other_countries,TRUE,0
clean_controls,SYR,Syria,101,1997,0.5464180000000001,0.5464180000000001,FALSE,NA,FALSE,other_countries,TRUE,0
clean_controls,SYR,Syria,101,1998,1.1633539,1.1633539,FALSE,NA,FALSE,other_countries,TRUE,0
clean_controls,SYR,Syria,101,1999,0.8664105999999999,0.8664105999999999,FALSE,NA,FALSE,other_countries,TRUE,0
clean_controls,SYR,Syria,101,2000,1.0187743999999999,1.0187743999999999,FALSE,NA,FALSE,other_countries,TRUE,0
clean_controls,SYR,Syria,101,2001,0.7137577,0.7137577,FALSE,NA,FALSE,other_countries,TRUE,0
clean_controls,SYR,Syria,101,2002,0.9427194000000001,0.9427194000000001,FALSE,NA,FALSE,other_countries,TRUE,0
clean_controls,SYR,Syria,101,2003,0.17139379999999993,0.17139379999999993,FALSE,NA,FALSE,other_countries,TRUE,0
clean_controls,SYR,Syria,101,2004,0.044709200000000004,0.044709200000000004,FALSE,NA,FALSE,other_countries,TRUE,0
clean_controls,SYR,Syria,101,2005,0.3965896,0.3965896,FALSE,NA,FALSE,other_countries,TRUE,0
clean_controls,SYR,Syria,101,2006,0.5752289,0.5752289,FALSE,NA,FALSE,other_countries,TRUE,0
clean_controls,SYR,Syria,101,2007,0.873025,0.873025,FALSE,NA,FALSE,other_countries,TRUE,0
clean_controls,SYR,Syria,101,2008,1.0353729,1.0353729,FALSE,NA,FALSE,other_countries,TRUE,0
clean_controls,SYR,Syria,101,2009,1.1206757,1.1206757,FALSE,NA,FALSE,other_countries,TRUE,0
clean_controls,SYR,Syria,101,2010,1.2158552999999999,1.2158552999999999,FALSE,NA,FALSE,other_countries,TRUE,0
clean_controls,SYR,Syria,101,2011,0.9014669999999999,0.9014669999999999,FALSE,NA,FALSE,other_countries,TRUE,0
clean_controls,SYR,Syria,101,2012,1.0855213,1.0855213,FALSE,NA,FALSE,other_countries,TRUE,0
clean_controls,SYR,Syria,101,2013,1.2653242,1.2653242,FALSE,NA,FALSE,other_countries,TRUE,0
clean_controls,SYR,Syria,101,2014,0.8373145999999999,0.8373145999999999,FALSE,NA,FALSE,other_countries,TRUE,0
clean_controls,SYR,Syria,101,2015,1.3423018,1.3423018,FALSE,NA,FALSE,other_countries,TRUE,0
clean_controls,SYR,Syria,101,2016,1.5896141000000001,1.5896141000000001,FALSE,NA,FALSE,other_countries,TRUE,0
clean_controls,SYR,Syria,101,2017,1.5252307999999999,1.5252307999999999,FALSE,NA,FALSE,other_countries,TRUE,0
clean_controls,SYR,Syria,101,2018,1.3478744,1.3478744,FALSE,NA,FALSE,other_countries,TRUE,0
clean_controls,SYR,Syria,101,2019,1.6168126,1.6168126,FALSE,NA,FALSE,other_countries,TRUE,0
clean_controls,SYR,Syria,101,2020,1.3132706,1.3132706,FALSE,NA,FALSE,other_countries,TRUE,0
clean_controls,SYR,Syria,101,2021,1.8308509,1.8308509,FALSE,NA,FALSE,other_countries,TRUE,0
clean_controls,SYR,Syria,101,2022,0.9934649999999998,0.9934649999999998,FALSE,NA,FALSE,other_countries,TRUE,0
clean_controls,TGO,Togo,102,1997,0.37683690000000003,0.37683690000000003,FALSE,NA,FALSE,other_countries,TRUE,0
clean_controls,TGO,Togo,102,1998,0.15722799999999998,0.15722799999999998,FALSE,NA,FALSE,other_countries,TRUE,0
clean_controls,TGO,Togo,102,1999,0.24442519999999995,0.24442519999999995,FALSE,NA,FALSE,other_countries,TRUE,0
clean_controls,TGO,Togo,102,2000,0.12359989999999998,0.12359989999999998,FALSE,NA,FALSE,other_countries,TRUE,0
clean_controls,TGO,Togo,102,2001,0.2619119,0.2619119,FALSE,NA,FALSE,other_countries,TRUE,0
clean_controls,TGO,Togo,102,2002,0.441991,0.441991,FALSE,NA,FALSE,other_countries,TRUE,0
clean_controls,TGO,Togo,102,2003,0.08426659999999997,0.08426659999999997,FALSE,NA,FALSE,other_countries,TRUE,0
clean_controls,TGO,Togo,102,2004,0.10139160000000003,0.10139160000000003,FALSE,NA,FALSE,other_countries,TRUE,0
clean_controls,TGO,Togo,102,2005,0.03160439999999998,0.03160439999999998,FALSE,NA,FALSE,other_countries,TRUE,0
clean_controls,TGO,Togo,102,2006,0.07334740000000006,0.07334740000000006,FALSE,NA,FALSE,other_countries,TRUE,0
clean_controls,TGO,Togo,102,2007,0.1528584999999999,0.1528584999999999,FALSE,NA,FALSE,other_countries,TRUE,0
clean_controls,TGO,Togo,102,2008,0.037116600000000055,0.037116600000000055,FALSE,NA,FALSE,other_countries,TRUE,0
clean_controls,TGO,Togo,102,2009,0.11534330000000004,0.11534330000000004,FALSE,NA,FALSE,other_countries,TRUE,0
clean_controls,TGO,Togo,102,2010,0.39356040000000003,0.39356040000000003,FALSE,NA,FALSE,other_countries,TRUE,0
clean_controls,TGO,Togo,102,2011,0.30142949999999996,0.30142949999999996,FALSE,NA,FALSE,other_countries,TRUE,0
clean_controls,TGO,Togo,102,2012,0.86865148,0.86865148,FALSE,NA,FALSE,other_countries,TRUE,0
clean_controls,TGO,Togo,102,2013,0.42995743999999997,0.42995743999999997,FALSE,NA,FALSE,other_countries,TRUE,0
clean_controls,TGO,Togo,102,2014,0.6571472,0.6571472,FALSE,NA,FALSE,other_countries,TRUE,0
clean_controls,TGO,Togo,102,2015,0.06793349999999998,0.06793349999999998,FALSE,NA,FALSE,other_countries,TRUE,0
clean_controls,TGO,Togo,102,2016,0.48274031,0.48274031,FALSE,NA,FALSE,other_countries,TRUE,0
clean_controls,TGO,Togo,102,2017,0.3946879,0.3946879,FALSE,NA,FALSE,other_countries,TRUE,0
clean_controls,TGO,Togo,102,2018,0.48433304,0.48433304,FALSE,NA,FALSE,other_countries,TRUE,0
clean_controls,TGO,Togo,102,2019,0.349354,0.349354,FALSE,NA,FALSE,other_countries,TRUE,0
clean_controls,TGO,Togo,102,2020,0.55177779,0.55177779,FALSE,NA,FALSE,other_countries,TRUE,0
clean_controls,TGO,Togo,102,2021,0.21969598999999998,0.21969598999999998,FALSE,NA,FALSE,other_countries,TRUE,0
clean_controls,TGO,Togo,102,2022,0.8442845,0.8442845,FALSE,NA,FALSE,other_countries,TRUE,0
clean_controls,TTO,Trinidad & Tobago,103,1997,0.9230198000000001,0.9230198000000001,FALSE,NA,FALSE,other_countries,TRUE,0
clean_controls,TTO,Trinidad & Tobago,103,1998,0.1881563,0.1881563,FALSE,NA,FALSE,other_countries,TRUE,0
clean_controls,TTO,Trinidad & Tobago,103,1999,0.3338021,0.3338021,FALSE,NA,FALSE,other_countries,TRUE,0
clean_controls,TTO,Trinidad & Tobago,103,2000,0.46995200000000004,0.46995200000000004,FALSE,NA,FALSE,other_countries,TRUE,0
clean_controls,TTO,Trinidad & Tobago,103,2001,0.3096918,0.3096918,FALSE,NA,FALSE,other_countries,TRUE,0
clean_controls,TTO,Trinidad & Tobago,103,2002,0.11196939999999994,0.11196939999999994,FALSE,NA,FALSE,other_countries,TRUE,0
clean_controls,TTO,Trinidad & Tobago,103,2003,0.3928205,0.3928205,FALSE,NA,FALSE,other_countries,TRUE,0
clean_controls,TTO,Trinidad & Tobago,103,2004,0.27711850000000005,0.27711850000000005,FALSE,NA,FALSE,other_countries,TRUE,0
clean_controls,TTO,Trinidad & Tobago,103,2005,0.1911868,0.1911868,FALSE,NA,FALSE,other_countries,TRUE,0
clean_controls,TTO,Trinidad & Tobago,103,2006,0.3770856,0.3770856,FALSE,NA,FALSE,other_countries,TRUE,0
clean_controls,TTO,Trinidad & Tobago,103,2007,0.0975106,0.0975106,FALSE,NA,FALSE,other_countries,TRUE,0
clean_controls,TTO,Trinidad & Tobago,103,2008,0.12297780000000003,0.12297780000000003,FALSE,NA,FALSE,other_countries,TRUE,0
clean_controls,TTO,Trinidad & Tobago,103,2009,0.14388499999999999,0.14388499999999999,FALSE,NA,FALSE,other_countries,TRUE,0
clean_controls,TTO,Trinidad & Tobago,103,2010,0.20192010000000005,0.20192010000000005,FALSE,NA,FALSE,other_countries,TRUE,0
clean_controls,TTO,Trinidad & Tobago,103,2011,0.10642509999999994,0.10642509999999994,FALSE,NA,FALSE,other_countries,TRUE,0
clean_controls,TTO,Trinidad & Tobago,103,2012,0.30171780000000004,0.30171780000000004,FALSE,NA,FALSE,other_countries,TRUE,0
clean_controls,TTO,Trinidad & Tobago,103,2013,0.06844629999999996,0.06844629999999996,FALSE,NA,FALSE,other_countries,TRUE,0
clean_controls,TTO,Trinidad & Tobago,103,2014,0.3651958,0.3651958,FALSE,NA,FALSE,other_countries,TRUE,0
clean_controls,TTO,Trinidad & Tobago,103,2015,0.4589546,0.4589546,FALSE,NA,FALSE,other_countries,TRUE,0
clean_controls,TTO,Trinidad & Tobago,103,2016,0.1314037,0.1314037,FALSE,NA,FALSE,other_countries,TRUE,0
clean_controls,TTO,Trinidad & Tobago,103,2017,0.29280810000000007,0.29280810000000007,FALSE,NA,FALSE,other_countries,TRUE,0
clean_controls,TTO,Trinidad & Tobago,103,2018,0.11107860000000003,0.11107860000000003,FALSE,NA,FALSE,other_countries,TRUE,0
clean_controls,TTO,Trinidad & Tobago,103,2019,0.09657460000000001,0.09657460000000001,FALSE,NA,FALSE,other_countries,TRUE,0
clean_controls,TTO,Trinidad & Tobago,103,2020,0.12675230000000004,0.12675230000000004,FALSE,NA,FALSE,other_countries,TRUE,0
clean_controls,TTO,Trinidad & Tobago,103,2021,0.1960791,0.1960791,FALSE,NA,FALSE,other_countries,TRUE,0
clean_controls,TTO,Trinidad & Tobago,103,2022,0.5832284,0.5832284,FALSE,NA,FALSE,other_countries,TRUE,0
clean_controls,TUN,Tunisia,104,1997,0.3728614,0.3728614,FALSE,NA,FALSE,other_countries,TRUE,0
clean_controls,TUN,Tunisia,104,1998,0.5172912000000001,0.5172912000000001,FALSE,NA,FALSE,other_countries,TRUE,0
clean_controls,TUN,Tunisia,104,1999,0.1728345,0.1728345,FALSE,NA,FALSE,other_countries,TRUE,0
clean_controls,TUN,Tunisia,104,2000,0.36236239999999986,0.36236239999999986,FALSE,NA,FALSE,other_countries,TRUE,0
clean_controls,TUN,Tunisia,104,2001,0.6846537,0.6846537,FALSE,NA,FALSE,other_countries,TRUE,0
clean_controls,TUN,Tunisia,104,2002,0.6707494,0.6707494,FALSE,NA,FALSE,other_countries,TRUE,0
clean_controls,TUN,Tunisia,104,2003,0.3436687999999999,0.3436687999999999,FALSE,NA,FALSE,other_countries,TRUE,0
clean_controls,TUN,Tunisia,104,2004,0.28058399999999994,0.28058399999999994,FALSE,NA,FALSE,other_countries,TRUE,0
clean_controls,TUN,Tunisia,104,2005,0.06869360000000002,0.06869360000000002,FALSE,NA,FALSE,other_countries,TRUE,0
clean_controls,TUN,Tunisia,104,2006,0.20497890000000007,0.20497890000000007,FALSE,NA,FALSE,other_countries,TRUE,0
clean_controls,TUN,Tunisia,104,2007,0.00469749999999991,0.00469749999999991,FALSE,NA,FALSE,other_countries,TRUE,0
clean_controls,TUN,Tunisia,104,2008,0.3209883,0.3209883,FALSE,NA,FALSE,other_countries,TRUE,0
clean_controls,TUN,Tunisia,104,2009,0.5242397,0.5242397,FALSE,NA,FALSE,other_countries,TRUE,0
clean_controls,TUN,Tunisia,104,2010,0.12848549999999992,0.12848549999999992,FALSE,NA,FALSE,other_countries,TRUE,0
clean_controls,TUN,Tunisia,104,2011,0.24193029999999993,0.24193029999999993,FALSE,NA,FALSE,other_countries,TRUE,0
clean_controls,TUN,Tunisia,104,2012,0.12442390000000003,0.12442390000000003,FALSE,NA,FALSE,other_countries,TRUE,0
clean_controls,TUN,Tunisia,104,2013,0.27011490000000005,0.27011490000000005,FALSE,NA,FALSE,other_countries,TRUE,0
clean_controls,TUN,Tunisia,104,2014,0.1681933,0.1681933,FALSE,NA,FALSE,other_countries,TRUE,0
clean_controls,TUN,Tunisia,104,2015,0.4071519,0.4071519,FALSE,NA,FALSE,other_countries,TRUE,0
clean_controls,TUN,Tunisia,104,2016,0.25936230000000005,0.25936230000000005,FALSE,NA,FALSE,other_countries,TRUE,0
clean_controls,TUN,Tunisia,104,2017,0.3447216,0.3447216,FALSE,NA,FALSE,other_countries,TRUE,0
clean_controls,TUN,Tunisia,104,2018,0.04658390000000001,0.04658390000000001,FALSE,NA,FALSE,other_countries,TRUE,0
clean_controls,TUN,Tunisia,104,2019,0.3611038,0.3611038,FALSE,NA,FALSE,other_countries,TRUE,0
clean_controls,TUN,Tunisia,104,2020,0.051872199999999924,0.051872199999999924,FALSE,NA,FALSE,other_countries,TRUE,0
clean_controls,TUN,Tunisia,104,2021,0.3166655,0.3166655,FALSE,NA,FALSE,other_countries,TRUE,0
clean_controls,TUN,Tunisia,104,2022,0.39511110000000005,0.39511110000000005,FALSE,NA,FALSE,other_countries,TRUE,0
clean_controls,TUR,Turkey,105,1997,1.8411745000000002,1.8411745000000002,FALSE,NA,FALSE,other_countries,TRUE,0
clean_controls,TUR,Turkey,105,1998,1.0474799,1.0474799,FALSE,NA,FALSE,other_countries,TRUE,0
clean_controls,TUR,Turkey,105,1999,1.3163086,1.3163086,FALSE,NA,FALSE,other_countries,TRUE,0
clean_controls,TUR,Turkey,105,2000,1.4206922,1.4206922,FALSE,NA,FALSE,other_countries,TRUE,0
clean_controls,TUR,Turkey,105,2001,1.2389601,1.2389601,FALSE,NA,FALSE,other_countries,TRUE,0
clean_controls,TUR,Turkey,105,2002,1.2881304,1.2881304,FALSE,NA,FALSE,other_countries,TRUE,0
clean_controls,TUR,Turkey,105,2003,1.5660124,1.5660124,FALSE,NA,FALSE,other_countries,TRUE,0
clean_controls,TUR,Turkey,105,2004,1.3961635000000001,1.3961635000000001,FALSE,NA,FALSE,other_countries,TRUE,0
clean_controls,TUR,Turkey,105,2005,1.3870567,1.3870567,FALSE,NA,FALSE,other_countries,TRUE,0
clean_controls,TUR,Turkey,105,2006,1.4064283,1.4064283,FALSE,NA,FALSE,other_countries,TRUE,0
clean_controls,TUR,Turkey,105,2007,1.1563201,1.1563201,FALSE,NA,FALSE,other_countries,TRUE,0
clean_controls,TUR,Turkey,105,2008,1.1077223,1.1077223,FALSE,NA,FALSE,other_countries,TRUE,0
clean_controls,TUR,Turkey,105,2009,1.1122559,1.1122559,FALSE,NA,FALSE,other_countries,TRUE,0
clean_controls,TUR,Turkey,105,2010,1.3070169,1.3070169,FALSE,NA,FALSE,other_countries,TRUE,0
clean_controls,TUR,Turkey,105,2011,1.2884045,1.2884045,FALSE,NA,FALSE,other_countries,TRUE,0
clean_controls,TUR,Turkey,105,2012,1.2762433,1.2762433,FALSE,NA,FALSE,other_countries,TRUE,0
clean_controls,TUR,Turkey,105,2013,0.9493883999999999,0.9493883999999999,FALSE,NA,FALSE,other_countries,TRUE,0
clean_controls,TUR,Turkey,105,2014,1.3165843,1.3165843,FALSE,NA,FALSE,other_countries,TRUE,0
clean_controls,TUR,Turkey,105,2015,0.8310319,0.8310319,FALSE,NA,FALSE,other_countries,TRUE,0
clean_controls,TUR,Turkey,105,2016,1.1054674,1.1054674,FALSE,NA,FALSE,other_countries,TRUE,0
clean_controls,TUR,Turkey,105,2017,1.0351649,1.0351649,FALSE,NA,FALSE,other_countries,TRUE,0
clean_controls,TUR,Turkey,105,2018,1.1050323,1.1050323,FALSE,NA,FALSE,other_countries,TRUE,0
clean_controls,TUR,Turkey,105,2019,0.9678039,0.9678039,FALSE,NA,FALSE,other_countries,TRUE,0
clean_controls,TUR,Turkey,105,2020,1.1944364,1.1944364,FALSE,NA,FALSE,other_countries,TRUE,0
clean_controls,TUR,Turkey,105,2021,0.9665645,0.9665645,FALSE,NA,FALSE,other_countries,TRUE,0
clean_controls,TUR,Turkey,105,2022,1.6672634,1.6672634,FALSE,NA,FALSE,other_countries,TRUE,0
clean_controls,UGA,Uganda,106,1997,0.21523900000000007,0.21523900000000007,FALSE,NA,FALSE,other_countries,TRUE,0
clean_controls,UGA,Uganda,106,1998,0.3911107,0.3911107,FALSE,NA,FALSE,other_countries,TRUE,0
clean_controls,UGA,Uganda,106,1999,0.06727650000000007,0.06727650000000007,FALSE,NA,FALSE,other_countries,TRUE,0
clean_controls,UGA,Uganda,106,2000,0.053710500000000105,0.053710500000000105,FALSE,NA,FALSE,other_countries,TRUE,0
clean_controls,UGA,Uganda,106,2001,0.17814339999999995,0.17814339999999995,FALSE,NA,FALSE,other_countries,TRUE,0
clean_controls,UGA,Uganda,106,2002,0.2271398,0.2271398,FALSE,NA,FALSE,other_countries,TRUE,0
clean_controls,UGA,Uganda,106,2003,0.6118013,0.6118013,FALSE,NA,FALSE,other_countries,TRUE,0
clean_controls,UGA,Uganda,106,2004,0.590623,0.590623,FALSE,NA,FALSE,other_countries,TRUE,0
clean_controls,UGA,Uganda,106,2005,0.6731513,0.6731513,FALSE,NA,FALSE,other_countries,TRUE,0
clean_controls,UGA,Uganda,106,2006,0.85985269,0.85985269,FALSE,NA,FALSE,other_countries,TRUE,0
clean_controls,UGA,Uganda,106,2007,0.0327656999999999,0.0327656999999999,FALSE,NA,FALSE,other_countries,TRUE,0
clean_controls,UGA,Uganda,106,2008,0.08875719999999998,0.08875719999999998,FALSE,NA,FALSE,other_countries,TRUE,0
clean_controls,UGA,Uganda,106,2009,0.3306693,0.3306693,FALSE,NA,FALSE,other_countries,TRUE,0
clean_controls,UGA,Uganda,106,2010,0.010450300000000023,0.010450300000000023,FALSE,NA,FALSE,other_countries,TRUE,0
clean_controls,UGA,Uganda,106,2011,0.0261363,0.0261363,FALSE,NA,FALSE,other_countries,TRUE,0
clean_controls,UGA,Uganda,106,2012,0.17907240000000002,0.17907240000000002,FALSE,NA,FALSE,other_countries,TRUE,0
clean_controls,UGA,Uganda,106,2013,0.5900052,0.5900052,FALSE,NA,FALSE,other_countries,TRUE,0
clean_controls,UGA,Uganda,106,2014,0.09265069999999997,0.09265069999999997,FALSE,NA,FALSE,other_countries,TRUE,0
clean_controls,UGA,Uganda,106,2015,0.7948357999999999,0.7948357999999999,FALSE,NA,FALSE,other_countries,TRUE,0
clean_controls,UGA,Uganda,106,2016,0.6760221,0.6760221,FALSE,NA,FALSE,other_countries,TRUE,0
clean_controls,UGA,Uganda,106,2017,0.7024998,0.7024998,FALSE,NA,FALSE,other_countries,TRUE,0
clean_controls,UGA,Uganda,106,2018,0.4579674,0.4579674,FALSE,NA,FALSE,other_countries,TRUE,0
clean_controls,UGA,Uganda,106,2019,0.4520273,0.4520273,FALSE,NA,FALSE,other_countries,TRUE,0
clean_controls,UGA,Uganda,106,2020,0.1554302999999999,0.1554302999999999,FALSE,NA,FALSE,other_countries,TRUE,0
clean_controls,UGA,Uganda,106,2021,0.4896268,0.4896268,FALSE,NA,FALSE,other_countries,TRUE,0
clean_controls,UGA,Uganda,106,2022,0.3928726,0.3928726,FALSE,NA,FALSE,other_countries,TRUE,0
clean_controls,URY,Uruguay,107,1997,1.2065858,1.2065858,FALSE,2013,TRUE,selected_public_cue,FALSE,0
clean_controls,URY,Uruguay,107,1998,0.3325448,0.3325448,FALSE,2013,TRUE,selected_public_cue,FALSE,0
clean_controls,URY,Uruguay,107,1999,0.6909689999999999,0.6909689999999999,FALSE,2013,TRUE,selected_public_cue,FALSE,0
clean_controls,URY,Uruguay,107,2000,0.7858203500000001,0.7858203500000001,FALSE,2013,TRUE,selected_public_cue,FALSE,0
clean_controls,URY,Uruguay,107,2001,0.62132703,0.62132703,FALSE,2013,TRUE,selected_public_cue,FALSE,0
clean_controls,URY,Uruguay,107,2002,0.5783484099999999,0.5783484099999999,FALSE,2013,TRUE,selected_public_cue,FALSE,0
clean_controls,URY,Uruguay,107,2003,0.98553017,0.98553017,FALSE,2013,TRUE,selected_public_cue,FALSE,0
clean_controls,URY,Uruguay,107,2004,0.86683102,0.86683102,FALSE,2013,TRUE,selected_public_cue,FALSE,0
clean_controls,URY,Uruguay,107,2005,0.64641358,0.64641358,FALSE,2013,TRUE,selected_public_cue,FALSE,0
clean_controls,URY,Uruguay,107,2006,0.79494204,0.79494204,FALSE,2013,TRUE,selected_public_cue,FALSE,0
clean_controls,URY,Uruguay,107,2007,0.4695768,0.4695768,FALSE,2013,TRUE,selected_public_cue,FALSE,0
clean_controls,URY,Uruguay,107,2008,0.5295094,0.5295094,FALSE,2013,TRUE,selected_public_cue,FALSE,0
clean_controls,URY,Uruguay,107,2009,0.45463600000000004,0.45463600000000004,FALSE,2013,TRUE,selected_public_cue,FALSE,0
clean_controls,URY,Uruguay,107,2010,0.7159659,0.7159659,FALSE,2013,TRUE,selected_public_cue,FALSE,0
clean_controls,URY,Uruguay,107,2011,0.42254769999999997,0.42254769999999997,FALSE,2013,TRUE,selected_public_cue,FALSE,0
clean_controls,URY,Uruguay,107,2012,0.4654799,0.4654799,FALSE,2013,TRUE,selected_public_cue,FALSE,0
clean_controls,URY,Uruguay,107,2013,0.08691069999999995,0.08691069999999995,TRUE,2013,TRUE,selected_public_cue,FALSE,1
clean_controls,URY,Uruguay,107,2014,0.39755840000000003,0.39755840000000003,TRUE,2013,TRUE,selected_public_cue,FALSE,1
clean_controls,URY,Uruguay,107,2015,0.2240421,0.2240421,TRUE,2013,TRUE,selected_public_cue,FALSE,1
clean_controls,URY,Uruguay,107,2016,0.034775500000000015,0.034775500000000015,TRUE,2013,TRUE,selected_public_cue,FALSE,1
clean_controls,URY,Uruguay,107,2017,0.09822810000000004,0.09822810000000004,TRUE,2013,TRUE,selected_public_cue,FALSE,1
clean_controls,URY,Uruguay,107,2018,0.14917810000000004,0.14917810000000004,TRUE,2013,TRUE,selected_public_cue,FALSE,1
clean_controls,URY,Uruguay,107,2019,0.025385800000000014,0.025385800000000014,TRUE,2013,TRUE,selected_public_cue,FALSE,1
clean_controls,URY,Uruguay,107,2020,0.52820467,0.52820467,TRUE,2013,TRUE,selected_public_cue,FALSE,1
clean_controls,URY,Uruguay,107,2021,0.17964964,0.17964964,TRUE,2013,TRUE,selected_public_cue,FALSE,1
clean_controls,URY,Uruguay,107,2022,1.15221168,1.15221168,TRUE,2013,TRUE,selected_public_cue,FALSE,1
clean_controls,USA,United States,108,1997,4.216035,4.216035,FALSE,NA,FALSE,other_countries,TRUE,0
clean_controls,USA,United States,108,1998,3.2389021000000002,3.2389021000000002,FALSE,NA,FALSE,other_countries,TRUE,0
clean_controls,USA,United States,108,1999,3.3477764,3.3477764,FALSE,NA,FALSE,other_countries,TRUE,0
clean_controls,USA,United States,108,2000,3.4001176,3.4001176,FALSE,NA,FALSE,other_countries,TRUE,0
clean_controls,USA,United States,108,2001,3.2258353,3.2258353,FALSE,NA,FALSE,other_countries,TRUE,0
clean_controls,USA,United States,108,2002,3.2516036,3.2516036,FALSE,NA,FALSE,other_countries,TRUE,0
clean_controls,USA,United States,108,2003,3.8556932,3.8556932,FALSE,NA,FALSE,other_countries,TRUE,0
clean_controls,USA,United States,108,2004,3.646167,3.646167,FALSE,NA,FALSE,other_countries,TRUE,0
clean_controls,USA,United States,108,2005,3.6194004,3.6194004,FALSE,NA,FALSE,other_countries,TRUE,0
clean_controls,USA,United States,108,2006,3.6647191,3.6647191,FALSE,NA,FALSE,other_countries,TRUE,0
clean_controls,USA,United States,108,2007,3.3727620000000003,3.3727620000000003,FALSE,NA,FALSE,other_countries,TRUE,0
clean_controls,USA,United States,108,2008,3.4033591,3.4033591,FALSE,NA,FALSE,other_countries,TRUE,0
clean_controls,USA,United States,108,2009,3.1834503,3.1834503,FALSE,NA,FALSE,other_countries,TRUE,0
clean_controls,USA,United States,108,2010,3.3835457,3.3835457,FALSE,NA,FALSE,other_countries,TRUE,0
clean_controls,USA,United States,108,2011,3.242031,3.242031,FALSE,NA,FALSE,other_countries,TRUE,0
clean_controls,USA,United States,108,2012,3.4119257000000003,3.4119257000000003,FALSE,NA,FALSE,other_countries,TRUE,0
clean_controls,USA,United States,108,2013,3.1598088,3.1598088,FALSE,NA,FALSE,other_countries,TRUE,0
clean_controls,USA,United States,108,2014,3.4940754,3.4940754,FALSE,NA,FALSE,other_countries,TRUE,0
clean_controls,USA,United States,108,2015,2.7868572,2.7868572,FALSE,NA,FALSE,other_countries,TRUE,0
clean_controls,USA,United States,108,2016,2.9816738999999997,2.9816738999999997,FALSE,NA,FALSE,other_countries,TRUE,0
clean_controls,USA,United States,108,2017,2.9994442,2.9994442,FALSE,NA,FALSE,other_countries,TRUE,0
clean_controls,USA,United States,108,2018,3.1922726,3.1922726,FALSE,NA,FALSE,other_countries,TRUE,0
clean_controls,USA,United States,108,2019,2.9773644,2.9773644,FALSE,NA,FALSE,other_countries,TRUE,0
clean_controls,USA,United States,108,2020,3.2959064,3.2959064,FALSE,NA,FALSE,other_countries,TRUE,0
clean_controls,USA,United States,108,2021,2.8922671,2.8922671,FALSE,NA,FALSE,other_countries,TRUE,0
clean_controls,USA,United States,108,2022,3.596451,3.596451,FALSE,NA,FALSE,other_countries,TRUE,0
clean_controls,VCT,St. Vincent & Grenadines,109,1997,1.0505501000000002,1.0505501000000002,FALSE,NA,FALSE,other_countries,TRUE,0
clean_controls,VCT,St. Vincent & Grenadines,109,1998,0.049152099999999976,0.049152099999999976,FALSE,NA,FALSE,other_countries,TRUE,0
clean_controls,VCT,St. Vincent & Grenadines,109,1999,0.648863832,0.648863832,FALSE,NA,FALSE,other_countries,TRUE,0
clean_controls,VCT,St. Vincent & Grenadines,109,2000,0.33752570000000004,0.33752570000000004,FALSE,NA,FALSE,other_countries,TRUE,0
clean_controls,VCT,St. Vincent & Grenadines,109,2001,0.15588190000000002,0.15588190000000002,FALSE,NA,FALSE,other_countries,TRUE,0
clean_controls,VCT,St. Vincent & Grenadines,109,2002,0.6496959999999999,0.6496959999999999,FALSE,NA,FALSE,other_countries,TRUE,0
clean_controls,VCT,St. Vincent & Grenadines,109,2003,0.95009368,0.95009368,FALSE,NA,FALSE,other_countries,TRUE,0
clean_controls,VCT,St. Vincent & Grenadines,109,2004,0.5734052000000001,0.5734052000000001,FALSE,NA,FALSE,other_countries,TRUE,0
clean_controls,VCT,St. Vincent & Grenadines,109,2005,0.4395177,0.4395177,FALSE,NA,FALSE,other_countries,TRUE,0
clean_controls,VCT,St. Vincent & Grenadines,109,2006,0.4727368,0.4727368,FALSE,NA,FALSE,other_countries,TRUE,0
clean_controls,VCT,St. Vincent & Grenadines,109,2007,0.15532290000000004,0.15532290000000004,FALSE,NA,FALSE,other_countries,TRUE,0
clean_controls,VCT,St. Vincent & Grenadines,109,2008,0.159908,0.159908,FALSE,NA,FALSE,other_countries,TRUE,0
clean_controls,VCT,St. Vincent & Grenadines,109,2009,0.013665000000000038,0.013665000000000038,FALSE,NA,FALSE,other_countries,TRUE,0
clean_controls,VCT,St. Vincent & Grenadines,109,2010,0.13675340000000002,0.13675340000000002,FALSE,NA,FALSE,other_countries,TRUE,0
clean_controls,VCT,St. Vincent & Grenadines,109,2011,0.05454760000000003,0.05454760000000003,FALSE,NA,FALSE,other_countries,TRUE,0
clean_controls,VCT,St. Vincent & Grenadines,109,2012,0.15897530000000004,0.15897530000000004,FALSE,NA,FALSE,other_countries,TRUE,0
clean_controls,VCT,St. Vincent & Grenadines,109,2013,0.17571440000000005,0.17571440000000005,FALSE,NA,FALSE,other_countries,TRUE,0
clean_controls,VCT,St. Vincent & Grenadines,109,2014,0.1680568,0.1680568,FALSE,NA,FALSE,other_countries,TRUE,0
clean_controls,VCT,St. Vincent & Grenadines,109,2015,0.4604015,0.4604015,FALSE,NA,FALSE,other_countries,TRUE,0
clean_controls,VCT,St. Vincent & Grenadines,109,2016,0.07805689999999998,0.07805689999999998,FALSE,NA,FALSE,other_countries,TRUE,0
clean_controls,VCT,St. Vincent & Grenadines,109,2017,0.3343004,0.3343004,FALSE,NA,FALSE,other_countries,TRUE,0
clean_controls,VCT,St. Vincent & Grenadines,109,2018,0.1352356,0.1352356,FALSE,NA,FALSE,other_countries,TRUE,0
clean_controls,VCT,St. Vincent & Grenadines,109,2019,0.2474615,0.2474615,FALSE,NA,FALSE,other_countries,TRUE,0
clean_controls,VCT,St. Vincent & Grenadines,109,2020,0.0016534999999999744,0.0016534999999999744,FALSE,NA,FALSE,other_countries,TRUE,0
clean_controls,VCT,St. Vincent & Grenadines,109,2021,0.21206600000000003,0.21206600000000003,FALSE,NA,FALSE,other_countries,TRUE,0
clean_controls,VCT,St. Vincent & Grenadines,109,2022,0.6177779,0.6177779,FALSE,NA,FALSE,other_countries,TRUE,0
clean_controls,WSM,Samoa,110,1997,1.5004282,1.5004282,FALSE,NA,FALSE,other_countries,TRUE,0
clean_controls,WSM,Samoa,110,1998,0.5513736,0.5513736,FALSE,NA,FALSE,other_countries,TRUE,0
clean_controls,WSM,Samoa,110,1999,0.9803725,0.9803725,FALSE,NA,FALSE,other_countries,TRUE,0
clean_controls,WSM,Samoa,110,2000,1.0855256,1.0855256,FALSE,NA,FALSE,other_countries,TRUE,0
clean_controls,WSM,Samoa,110,2001,0.853399,0.853399,FALSE,NA,FALSE,other_countries,TRUE,0
clean_controls,WSM,Samoa,110,2002,0.7608431999999999,0.7608431999999999,FALSE,NA,FALSE,other_countries,TRUE,0
clean_controls,WSM,Samoa,110,2003,1.1901138,1.1901138,FALSE,NA,FALSE,other_countries,TRUE,0
clean_controls,WSM,Samoa,110,2004,1.1539842,1.1539842,FALSE,NA,FALSE,other_countries,TRUE,0
clean_controls,WSM,Samoa,110,2005,0.9773786,0.9773786,FALSE,NA,FALSE,other_countries,TRUE,0
clean_controls,WSM,Samoa,110,2006,1.211852,1.211852,FALSE,NA,FALSE,other_countries,TRUE,0
clean_controls,WSM,Samoa,110,2007,0.7948497000000001,0.7948497000000001,FALSE,NA,FALSE,other_countries,TRUE,0
clean_controls,WSM,Samoa,110,2008,0.8745229999999999,0.8745229999999999,FALSE,NA,FALSE,other_countries,TRUE,0
clean_controls,WSM,Samoa,110,2009,0.8752071,0.8752071,FALSE,NA,FALSE,other_countries,TRUE,0
clean_controls,WSM,Samoa,110,2010,1.0925735,1.0925735,FALSE,NA,FALSE,other_countries,TRUE,0
clean_controls,WSM,Samoa,110,2011,1.004413,1.004413,FALSE,NA,FALSE,other_countries,TRUE,0
clean_controls,WSM,Samoa,110,2012,1.0754462,1.0754462,FALSE,NA,FALSE,other_countries,TRUE,0
clean_controls,WSM,Samoa,110,2013,0.6521143,0.6521143,FALSE,NA,FALSE,other_countries,TRUE,0
clean_controls,WSM,Samoa,110,2014,0.9734261,0.9734261,FALSE,NA,FALSE,other_countries,TRUE,0
clean_controls,WSM,Samoa,110,2015,0.233215456,0.233215456,FALSE,NA,FALSE,other_countries,TRUE,0
clean_controls,WSM,Samoa,110,2016,0.3185522,0.3185522,FALSE,NA,FALSE,other_countries,TRUE,0
clean_controls,WSM,Samoa,110,2017,0.240973,0.240973,FALSE,NA,FALSE,other_countries,TRUE,0
clean_controls,WSM,Samoa,110,2018,0.58313097,0.58313097,FALSE,NA,FALSE,other_countries,TRUE,0
clean_controls,WSM,Samoa,110,2019,0.38420981,0.38420981,FALSE,NA,FALSE,other_countries,TRUE,0
clean_controls,WSM,Samoa,110,2020,0.6189707000000001,0.6189707000000001,FALSE,NA,FALSE,other_countries,TRUE,0
clean_controls,WSM,Samoa,110,2021,0.23794732,0.23794732,FALSE,NA,FALSE,other_countries,TRUE,0
clean_controls,WSM,Samoa,110,2022,1.1339038,1.1339038,FALSE,NA,FALSE,other_countries,TRUE,0
