metric,iso3c,country_name,year,partner_iso3,partner_name,value_musd,partner_rank,top_partner_iso3,top_partner_name,top_value_musd
goods_two_way_supplemental_public_metric_check,AUS,Australia,2005,JPN,Japan,38382.242322,1,JPN,Japan,38382.242322
goods_two_way_supplemental_public_metric_check,AUS,Australia,2005,CHN,China,32347.457087000003,2,JPN,Japan,38382.242322
goods_two_way_supplemental_public_metric_check,AUS,Australia,2005,USA,United States,24266.05413700001,3,JPN,Japan,38382.242322
goods_two_way_supplemental_public_metric_check,AUS,Australia,2005,KOR,South Korea,13754.615755,4,JPN,Japan,38382.242322
goods_two_way_supplemental_public_metric_check,AUS,Australia,2005,NZL,New Zealand,9611.806258999999,5,JPN,Japan,38382.242322
goods_two_way_supplemental_public_metric_check,AUS,Australia,2005,SGP,Singapore,9488.211391,6,JPN,Japan,38382.242322
goods_two_way_supplemental_public_metric_check,AUS,Australia,2005,GBR,United Kingdom,8758.198429,7,JPN,Japan,38382.242322
goods_two_way_supplemental_public_metric_check,AUS,Australia,2005,DEU,Germany,8228.389024999999,8,JPN,Japan,38382.242322
goods_two_way_supplemental_public_metric_check,AUS,Australia,2005,TWN,Taiwan,7435.241022,9,JPN,Japan,38382.242322
goods_two_way_supplemental_public_metric_check,AUS,Australia,2005,THA,Thailand,7037.060107999999,10,JPN,Japan,38382.242322
goods_two_way_supplemental_public_metric_check,AUS,Australia,2005,MYS,Malaysia,6732.361072,11,JPN,Japan,38382.242322
goods_two_way_supplemental_public_metric_check,AUS,Australia,2005,IND,India,5797.365029999995,12,JPN,Japan,38382.242322
goods_two_way_supplemental_public_metric_check,AUS,Australia,2005,IDN,Indonesia,5351.0654650000015,13,JPN,Japan,38382.242322
goods_two_way_supplemental_public_metric_check,AUS,Australia,2005,FRA,France,5164.356657000001,14,JPN,Japan,38382.242322
goods_two_way_supplemental_public_metric_check,AUS,Australia,2005,ITA,Italy,4780.416861999999,15,JPN,Japan,38382.242322
goods_two_way_supplemental_public_metric_check,AUS,Australia,2005,VNM,Vietnam,3199.398359,16,JPN,Japan,38382.242322
goods_two_way_supplemental_public_metric_check,AUS,Australia,2005,CAN,Canada,2961.4566429999995,17,JPN,Japan,38382.242322
goods_two_way_supplemental_public_metric_check,AUS,Australia,2005,HKG,Hong Kong,2787.9691829999992,18,JPN,Japan,38382.242322
goods_two_way_supplemental_public_metric_check,AUS,Australia,2005,SAU,Saudi Arabia,2678.0502479999996,19,JPN,Japan,38382.242322
goods_two_way_supplemental_public_metric_check,AUS,Australia,2005,ZAF,South Africa,2497.424513,20,JPN,Japan,38382.242322
goods_two_way_supplemental_public_metric_check,AUS,Australia,2005,PNG,Papua New Guinea,2469.5722459999997,21,JPN,Japan,38382.242322
goods_two_way_supplemental_public_metric_check,AUS,Australia,2005,BEL,Belgium,2143.9200330000003,22,JPN,Japan,38382.242322
goods_two_way_supplemental_public_metric_check,AUS,Australia,2005,SWE,Sweden,1921.6473270000001,23,JPN,Japan,38382.242322
goods_two_way_supplemental_public_metric_check,AUS,Australia,2005,ESP,Spain,1838.5194529999999,24,JPN,Japan,38382.242322
goods_two_way_supplemental_public_metric_check,AUS,Australia,2005,IRL,Ireland,1678.130804,25,JPN,Japan,38382.242322
goods_two_way_supplemental_public_metric_check,AUS,Australia,2005,NLD,Netherlands,1595.1821739999996,26,JPN,Japan,38382.242322
goods_two_way_supplemental_public_metric_check,AUS,Australia,2005,MEX,Mexico,1480.8527450000001,27,JPN,Japan,38382.242322
goods_two_way_supplemental_public_metric_check,AUS,Australia,2005,BRA,Brazil,1358.6523329999998,28,JPN,Japan,38382.242322
goods_two_way_supplemental_public_metric_check,AUS,Australia,2005,CHE,Switzerland,1298.42618,29,JPN,Japan,38382.242322
goods_two_way_supplemental_public_metric_check,AUS,Australia,2005,ARE,United Arab Emirates,1273.6664690000002,30,JPN,Japan,38382.242322
goods_two_way_supplemental_public_metric_check,AUS,Australia,2005,PHL,Philippines,1138.68377,31,JPN,Japan,38382.242322
goods_two_way_supplemental_public_metric_check,AUS,Australia,2005,FIN,Finland,1096.6864369999998,32,JPN,Japan,38382.242322
goods_two_way_supplemental_public_metric_check,AUS,Australia,2005,DNK,Denmark,891.0759029999999,33,JPN,Japan,38382.242322
goods_two_way_supplemental_public_metric_check,AUS,Australia,2005,AUT,Austria,833.567242,34,JPN,Japan,38382.242322
goods_two_way_supplemental_public_metric_check,AUS,Australia,2005,PAK,Pakistan,636.9360660000001,35,JPN,Japan,38382.242322
goods_two_way_supplemental_public_metric_check,AUS,Australia,2005,ISR,Israel,592.2677399999999,36,JPN,Japan,38382.242322
goods_two_way_supplemental_public_metric_check,AUS,Australia,2005,TUR,Turkey,580.938875,37,JPN,Japan,38382.242322
goods_two_way_supplemental_public_metric_check,AUS,Australia,2005,BRN,Brunei,569.585159,38,JPN,Japan,38382.242322
goods_two_way_supplemental_public_metric_check,AUS,Australia,2005,FJI,Fiji,548.288951,39,JPN,Japan,38382.242322
goods_two_way_supplemental_public_metric_check,AUS,Australia,2005,BHR,Bahrain,530.02378,40,JPN,Japan,38382.242322
goods_two_way_supplemental_public_metric_check,AUS,Australia,2005,KWT,Kuwait,407.511788,41,JPN,Japan,38382.242322
goods_two_way_supplemental_public_metric_check,AUS,Australia,2005,EGY,Egypt,389.992221,42,JPN,Japan,38382.242322
goods_two_way_supplemental_public_metric_check,AUS,Australia,2005,POL,Poland,367.74593799999997,43,JPN,Japan,38382.242322
goods_two_way_supplemental_public_metric_check,AUS,Australia,2005,RUS,Russia,321.81794899999994,44,JPN,Japan,38382.242322
goods_two_way_supplemental_public_metric_check,AUS,Australia,2005,NOR,Norway,303.694624,45,JPN,Japan,38382.242322
goods_two_way_supplemental_public_metric_check,AUS,Australia,2005,ARG,Argentina,300.90712599999995,46,JPN,Japan,38382.242322
goods_two_way_supplemental_public_metric_check,AUS,Australia,2005,QAT,Qatar,298.71903100000003,47,JPN,Japan,38382.242322
goods_two_way_supplemental_public_metric_check,AUS,Australia,2005,CHL,Chile,291.0238139999999,48,JPN,Japan,38382.242322
goods_two_way_supplemental_public_metric_check,AUS,Australia,2005,BGD,Bangladesh,252.225156,49,JPN,Japan,38382.242322
goods_two_way_supplemental_public_metric_check,AUS,Australia,2005,CZE,Czechia,225.70974099999995,50,JPN,Japan,38382.242322
goods_two_way_supplemental_public_metric_check,AUS,Australia,2005,NCL,New Caledonia,225.36509700000002,51,JPN,Japan,38382.242322
goods_two_way_supplemental_public_metric_check,AUS,Australia,2005,IRQ,Iraq,204.393525,52,JPN,Japan,38382.242322
goods_two_way_supplemental_public_metric_check,AUS,Australia,2005,OMN,Oman,185.32856699999996,53,JPN,Japan,38382.242322
goods_two_way_supplemental_public_metric_check,AUS,Australia,2005,HUN,Hungary,180.043232,54,JPN,Japan,38382.242322
goods_two_way_supplemental_public_metric_check,AUS,Australia,2005,SDN,Sudan,175.92421699999994,55,JPN,Japan,38382.242322
goods_two_way_supplemental_public_metric_check,AUS,Australia,2005,LKA,Sri Lanka,169.545573,56,JPN,Japan,38382.242322
goods_two_way_supplemental_public_metric_check,AUS,Australia,2005,PRT,Portugal,158.83152899999996,57,JPN,Japan,38382.242322
goods_two_way_supplemental_public_metric_check,AUS,Australia,2005,IRN,Iran,157.82097500000003,58,JPN,Japan,38382.242322
goods_two_way_supplemental_public_metric_check,AUS,Australia,2005,GRC,Greece,147.82953700000002,59,JPN,Japan,38382.242322
goods_two_way_supplemental_public_metric_check,AUS,Australia,2005,GHA,Ghana,144.94907300000003,60,JPN,Japan,38382.242322
goods_two_way_supplemental_public_metric_check,AUS,Australia,2005,PER,Peru,113.178679,61,JPN,Japan,38382.242322
goods_two_way_supplemental_public_metric_check,AUS,Australia,2005,GAB,Gabon,109.127528,62,JPN,Japan,38382.242322
goods_two_way_supplemental_public_metric_check,AUS,Australia,2005,UKR,Ukraine,103.56608099999998,63,JPN,Japan,38382.242322
goods_two_way_supplemental_public_metric_check,AUS,Australia,2005,MAR,Morocco,102.64293299999999,64,JPN,Japan,38382.242322
goods_two_way_supplemental_public_metric_check,AUS,Australia,2005,MUS,Mauritius,95.92234099999999,65,JPN,Japan,38382.242322
goods_two_way_supplemental_public_metric_check,AUS,Australia,2005,BGR,Bulgaria,92.43710999999999,66,JPN,Japan,38382.242322
goods_two_way_supplemental_public_metric_check,AUS,Australia,2005,YEM,Yemen,88.993784,67,JPN,Japan,38382.242322
goods_two_way_supplemental_public_metric_check,AUS,Australia,2005,DZA,Algeria,88.486401,68,JPN,Japan,38382.242322
goods_two_way_supplemental_public_metric_check,AUS,Australia,2005,ROU,Romania,79.55692599999999,69,JPN,Japan,38382.242322
goods_two_way_supplemental_public_metric_check,AUS,Australia,2005,SVN,Slovenia,69.46753700000001,70,JPN,Japan,38382.242322
goods_two_way_supplemental_public_metric_check,AUS,Australia,2005,WSM,Samoa,64.365004,71,JPN,Japan,38382.242322
goods_two_way_supplemental_public_metric_check,AUS,Australia,2005,PYF,French Polynesia,58.18246899999999,72,JPN,Japan,38382.242322
goods_two_way_supplemental_public_metric_check,AUS,Australia,2005,SWZ,Eswatini,56.028588,73,JPN,Japan,38382.242322
goods_two_way_supplemental_public_metric_check,AUS,Australia,2005,MAC,Macao,55.935460000000006,74,JPN,Japan,38382.242322
goods_two_way_supplemental_public_metric_check,AUS,Australia,2005,SVK,Slovakia,55.81988999999999,75,JPN,Japan,38382.242322
goods_two_way_supplemental_public_metric_check,AUS,Australia,2005,TZA,Tanzania,50.44273799999998,76,JPN,Japan,38382.242322
goods_two_way_supplemental_public_metric_check,AUS,Australia,2005,JOR,Jordan,49.27445800000002,77,JPN,Japan,38382.242322
goods_two_way_supplemental_public_metric_check,AUS,Australia,2005,MMR,Myanmar (Burma),41.351262000000006,78,JPN,Japan,38382.242322
goods_two_way_supplemental_public_metric_check,AUS,Australia,2005,LBY,Libya,41.315336,79,JPN,Japan,38382.242322
goods_two_way_supplemental_public_metric_check,AUS,Australia,2005,COL,Colombia,40.86707999999999,80,JPN,Japan,38382.242322
goods_two_way_supplemental_public_metric_check,AUS,Australia,2005,SLB,Solomon Islands,40.02134,81,JPN,Japan,38382.242322
goods_two_way_supplemental_public_metric_check,AUS,Australia,2005,KAZ,Kazakhstan,38.091831000000006,82,JPN,Japan,38382.242322
goods_two_way_supplemental_public_metric_check,AUS,Australia,2005,TLS,Timor-Leste,36.761347,83,JPN,Japan,38382.242322
goods_two_way_supplemental_public_metric_check,AUS,Australia,2005,LBN,Lebanon,33.773427999999996,84,JPN,Japan,38382.242322
goods_two_way_supplemental_public_metric_check,AUS,Australia,2005,VUT,Vanuatu,31.96436,85,JPN,Japan,38382.242322
goods_two_way_supplemental_public_metric_check,AUS,Australia,2005,KIR,Kiribati,31.941623000000003,86,JPN,Japan,38382.242322
goods_two_way_supplemental_public_metric_check,AUS,Australia,2005,KEN,Kenya,31.058493,87,JPN,Japan,38382.242322
goods_two_way_supplemental_public_metric_check,AUS,Australia,2005,ZMB,Zambia,29.905414,88,JPN,Japan,38382.242322
goods_two_way_supplemental_public_metric_check,AUS,Australia,2005,MNG,Mongolia,28.703466,89,JPN,Japan,38382.242322
goods_two_way_supplemental_public_metric_check,AUS,Australia,2005,CRI,Costa Rica,28.128697000000003,90,JPN,Japan,38382.242322
goods_two_way_supplemental_public_metric_check,AUS,Australia,2005,LTU,Lithuania,26.616962,91,JPN,Japan,38382.242322
goods_two_way_supplemental_public_metric_check,AUS,Australia,2005,HRV,Croatia,25.747644,92,JPN,Japan,38382.242322
goods_two_way_supplemental_public_metric_check,AUS,Australia,2005,KHM,Cambodia,22.931793,93,JPN,Japan,38382.242322
goods_two_way_supplemental_public_metric_check,AUS,Australia,2005,LAO,Laos,22.894164000000007,94,JPN,Japan,38382.242322
goods_two_way_supplemental_public_metric_check,AUS,Australia,2005,EST,Estonia,22.151232,95,JPN,Japan,38382.242322
goods_two_way_supplemental_public_metric_check,AUS,Australia,2005,JAM,Jamaica,21.972333,96,JPN,Japan,38382.242322
goods_two_way_supplemental_public_metric_check,AUS,Australia,2005,MLI,Mali,20.993517,97,JPN,Japan,38382.242322
goods_two_way_supplemental_public_metric_check,AUS,Australia,2005,UGA,Uganda,20.605204999999998,98,JPN,Japan,38382.242322
goods_two_way_supplemental_public_metric_check,AUS,Australia,2005,NGA,Nigeria,18.953664,99,JPN,Japan,38382.242322
goods_two_way_supplemental_public_metric_check,AUS,Australia,2005,CXR,Christmas Island,18.142940000000003,100,JPN,Japan,38382.242322
goods_two_way_supplemental_public_metric_check,AUS,Australia,2005,GTM,Guatemala,17.584474999999998,101,JPN,Japan,38382.242322
goods_two_way_supplemental_public_metric_check,AUS,Australia,2005,NAM,Namibia,16.558369,102,JPN,Japan,38382.242322
goods_two_way_supplemental_public_metric_check,AUS,Australia,2005,MDV,Maldives,16.022032,103,JPN,Japan,38382.242322
goods_two_way_supplemental_public_metric_check,AUS,Australia,2005,URY,Uruguay,15.661946999999998,104,JPN,Japan,38382.242322
goods_two_way_supplemental_public_metric_check,AUS,Australia,2005,VEN,Venezuela,15.417895000000001,105,JPN,Japan,38382.242322
goods_two_way_supplemental_public_metric_check,AUS,Australia,2005,HND,Honduras,14.682218,106,JPN,Japan,38382.242322
goods_two_way_supplemental_public_metric_check,AUS,Australia,2005,MLT,Malta,14.676471000000001,107,JPN,Japan,38382.242322
goods_two_way_supplemental_public_metric_check,AUS,Australia,2005,TTO,Trinidad & Tobago,14.086844999999999,108,JPN,Japan,38382.242322
goods_two_way_supplemental_public_metric_check,AUS,Australia,2005,SYC,Seychelles,14.065864999999997,109,JPN,Japan,38382.242322
goods_two_way_supplemental_public_metric_check,AUS,Australia,2005,CIV,Côte d'Ivoire,14.020188999999998,110,JPN,Japan,38382.242322
goods_two_way_supplemental_public_metric_check,AUS,Australia,2005,ASM,American Samoa,13.934405,111,JPN,Japan,38382.242322
goods_two_way_supplemental_public_metric_check,AUS,Australia,2005,SYR,Syria,13.568483999999998,112,JPN,Japan,38382.242322
goods_two_way_supplemental_public_metric_check,AUS,Australia,2005,TON,Tonga,13.384014,113,JPN,Japan,38382.242322
goods_two_way_supplemental_public_metric_check,AUS,Australia,2005,CUB,Cuba,13.301948999999997,114,JPN,Japan,38382.242322
goods_two_way_supplemental_public_metric_check,AUS,Australia,2005,MOZ,Mozambique,13.174044000000002,115,JPN,Japan,38382.242322
goods_two_way_supplemental_public_metric_check,AUS,Australia,2005,LUX,Luxembourg,12.949626,116,JPN,Japan,38382.242322
goods_two_way_supplemental_public_metric_check,AUS,Australia,2005,ISL,Iceland,12.710488,117,JPN,Japan,38382.242322
goods_two_way_supplemental_public_metric_check,AUS,Australia,2005,SLV,El Salvador,12.224527999999996,118,JPN,Japan,38382.242322
goods_two_way_supplemental_public_metric_check,AUS,Australia,2005,DOM,Dominican Republic,12.153893000000002,119,JPN,Japan,38382.242322
goods_two_way_supplemental_public_metric_check,AUS,Australia,2005,ATA,Antarctica,11.70777,120,JPN,Japan,38382.242322
goods_two_way_supplemental_public_metric_check,AUS,Australia,2005,CYP,Cyprus,11.51958,121,JPN,Japan,38382.242322
goods_two_way_supplemental_public_metric_check,AUS,Australia,2005,ECU,Ecuador,11.388643000000002,122,JPN,Japan,38382.242322
goods_two_way_supplemental_public_metric_check,AUS,Australia,2005,WLF,Wallis & Futuna,11.107925000000003,123,JPN,Japan,38382.242322
goods_two_way_supplemental_public_metric_check,AUS,Australia,2005,ETH,Ethiopia,10.99117,124,JPN,Japan,38382.242322
goods_two_way_supplemental_public_metric_check,AUS,Australia,2005,TUN,Tunisia,10.903748999999998,125,JPN,Japan,38382.242322
goods_two_way_supplemental_public_metric_check,AUS,Australia,2005,COK,Cook Islands,10.823079999999997,126,JPN,Japan,38382.242322
goods_two_way_supplemental_public_metric_check,AUS,Australia,2005,GUM,Guam,10.478654,127,JPN,Japan,38382.242322
goods_two_way_supplemental_public_metric_check,AUS,Australia,2005,CMR,Cameroon,10.377200000000002,128,JPN,Japan,38382.242322
goods_two_way_supplemental_public_metric_check,AUS,Australia,2005,PRK,North Korea,10.319966,129,JPN,Japan,38382.242322
goods_two_way_supplemental_public_metric_check,AUS,Australia,2005,ANT,Netherlands Antilles,10.105131,130,JPN,Japan,38382.242322
goods_two_way_supplemental_public_metric_check,AUS,Australia,2005,MRT,Mauritania,9.966364,131,JPN,Japan,38382.242322
goods_two_way_supplemental_public_metric_check,AUS,Australia,2005,MWI,Malawi,9.876301000000002,132,JPN,Japan,38382.242322
goods_two_way_supplemental_public_metric_check,AUS,Australia,2005,AZE,Azerbaijan,8.457415000000001,133,JPN,Japan,38382.242322
goods_two_way_supplemental_public_metric_check,AUS,Australia,2005,SEN,Senegal,7.803331,134,JPN,Japan,38382.242322
goods_two_way_supplemental_public_metric_check,AUS,Australia,2005,NPL,Nepal,7.639640000000001,135,JPN,Japan,38382.242322
goods_two_way_supplemental_public_metric_check,AUS,Australia,2005,BLR,Belarus,7.625798000000001,136,JPN,Japan,38382.242322
goods_two_way_supplemental_public_metric_check,AUS,Australia,2005,GIN,Guinea,7.498779000000001,137,JPN,Japan,38382.242322
goods_two_way_supplemental_public_metric_check,AUS,Australia,2005,MDG,Madagascar,6.821439999999998,138,JPN,Japan,38382.242322
goods_two_way_supplemental_public_metric_check,AUS,Australia,2005,ZWE,Zimbabwe,6.704407,139,JPN,Japan,38382.242322
goods_two_way_supplemental_public_metric_check,AUS,Australia,2005,MKD,North Macedonia,6.543636999999999,140,JPN,Japan,38382.242322
goods_two_way_supplemental_public_metric_check,AUS,Australia,2005,GEO,Georgia,6.506482999999999,141,JPN,Japan,38382.242322
goods_two_way_supplemental_public_metric_check,AUS,Australia,2005,PAN,Panama,6.357125000000001,142,JPN,Japan,38382.242322
goods_two_way_supplemental_public_metric_check,AUS,Australia,2005,BHS,Bahamas,6.104567,143,JPN,Japan,38382.242322
goods_two_way_supplemental_public_metric_check,AUS,Australia,2005,LVA,Latvia,5.953987000000001,144,JPN,Japan,38382.242322
goods_two_way_supplemental_public_metric_check,AUS,Australia,2005,NFK,Norfolk Island,5.386991000000001,145,JPN,Japan,38382.242322
goods_two_way_supplemental_public_metric_check,AUS,Australia,2005,BOL,Bolivia,5.167451,146,JPN,Japan,38382.242322
goods_two_way_supplemental_public_metric_check,AUS,Australia,2005,FSM,Micronesia (Federated States of),5.074313999999999,147,JPN,Japan,38382.242322
goods_two_way_supplemental_public_metric_check,AUS,Australia,2005,GMB,Gambia,4.802464,148,JPN,Japan,38382.242322
goods_two_way_supplemental_public_metric_check,AUS,Australia,2005,TUV,Tuvalu,4.467381999999999,149,JPN,Japan,38382.242322
goods_two_way_supplemental_public_metric_check,AUS,Australia,2005,NRU,Nauru,4.323678999999999,150,JPN,Japan,38382.242322
goods_two_way_supplemental_public_metric_check,AUS,Australia,2005,BRB,Barbados,4.235427,151,JPN,Japan,38382.242322
goods_two_way_supplemental_public_metric_check,AUS,Australia,2005,BMU,Bermuda,3.9733479999999997,152,JPN,Japan,38382.242322
goods_two_way_supplemental_public_metric_check,AUS,Australia,2005,BIH,Bosnia & Herzegovina,3.7572,153,JPN,Japan,38382.242322
goods_two_way_supplemental_public_metric_check,AUS,Australia,2005,SCG,Serbia and Montenegro,3.554591,154,JPN,Japan,38382.242322
goods_two_way_supplemental_public_metric_check,AUS,Australia,2005,CCK,Cocos (Keeling) Islands,3.4429589999999997,155,JPN,Japan,38382.242322
goods_two_way_supplemental_public_metric_check,AUS,Australia,2005,SUR,Suriname,3.4338549999999994,156,JPN,Japan,38382.242322
goods_two_way_supplemental_public_metric_check,AUS,Australia,2005,COG,Congo - Brazzaville,3.4216640000000003,157,JPN,Japan,38382.242322
goods_two_way_supplemental_public_metric_check,AUS,Australia,2005,NIC,Nicaragua,3.3207319999999996,158,JPN,Japan,38382.242322
goods_two_way_supplemental_public_metric_check,AUS,Australia,2005,BWA,Botswana,3.2846689999999996,159,JPN,Japan,38382.242322
goods_two_way_supplemental_public_metric_check,AUS,Australia,2005,NER,Niger,3.051578,160,JPN,Japan,38382.242322
goods_two_way_supplemental_public_metric_check,AUS,Australia,2005,ARM,Armenia,2.9416959999999994,161,JPN,Japan,38382.242322
goods_two_way_supplemental_public_metric_check,AUS,Australia,2005,SLE,Sierra Leone,2.7570799999999998,162,JPN,Japan,38382.242322
goods_two_way_supplemental_public_metric_check,AUS,Australia,2005,LBR,Liberia,2.613946,163,JPN,Japan,38382.242322
goods_two_way_supplemental_public_metric_check,AUS,Australia,2005,KGZ,Kyrgyzstan,2.550218,164,JPN,Japan,38382.242322
goods_two_way_supplemental_public_metric_check,AUS,Australia,2005,BFA,Burkina Faso,2.4822489999999995,165,JPN,Japan,38382.242322
goods_two_way_supplemental_public_metric_check,AUS,Australia,2005,MNP,Northern Mariana Islands,2.298772,166,JPN,Japan,38382.242322
goods_two_way_supplemental_public_metric_check,AUS,Australia,2005,TGO,Togo,2.280286,167,JPN,Japan,38382.242322
goods_two_way_supplemental_public_metric_check,AUS,Australia,2005,GUY,Guyana,2.144919,168,JPN,Japan,38382.242322
goods_two_way_supplemental_public_metric_check,AUS,Australia,2005,PRY,Paraguay,1.9745309999999998,169,JPN,Japan,38382.242322
goods_two_way_supplemental_public_metric_check,AUS,Australia,2005,VCT,St. Vincent & Grenadines,1.848175,170,JPN,Japan,38382.242322
goods_two_way_supplemental_public_metric_check,AUS,Australia,2005,MHL,Marshall Islands,1.8443850000000006,171,JPN,Japan,38382.242322
goods_two_way_supplemental_public_metric_check,AUS,Australia,2005,VGB,British Virgin Islands,1.5587339999999998,172,JPN,Japan,38382.242322
goods_two_way_supplemental_public_metric_check,AUS,Australia,2005,ALB,Albania,1.5206559999999998,173,JPN,Japan,38382.242322
goods_two_way_supplemental_public_metric_check,AUS,Australia,2005,HTI,Haiti,1.494666,174,JPN,Japan,38382.242322
goods_two_way_supplemental_public_metric_check,AUS,Australia,2005,DJI,Djibouti,1.4336389999999999,175,JPN,Japan,38382.242322
goods_two_way_supplemental_public_metric_check,AUS,Australia,2005,PLW,Palau,1.4045430000000003,176,JPN,Japan,38382.242322
goods_two_way_supplemental_public_metric_check,AUS,Australia,2005,LCA,St. Lucia,1.346965,177,JPN,Japan,38382.242322
goods_two_way_supplemental_public_metric_check,AUS,Australia,2005,TCD,Chad,1.1888990000000002,178,JPN,Japan,38382.242322
goods_two_way_supplemental_public_metric_check,AUS,Australia,2005,AFG,Afghanistan,1.105767,179,JPN,Japan,38382.242322
goods_two_way_supplemental_public_metric_check,AUS,Australia,2005,MDA,Moldova,0.9647349999999998,180,JPN,Japan,38382.242322
goods_two_way_supplemental_public_metric_check,AUS,Australia,2005,BLZ,Belize,0.921466,181,JPN,Japan,38382.242322
goods_two_way_supplemental_public_metric_check,AUS,Australia,2005,CYM,Cayman Islands,0.8422759999999998,182,JPN,Japan,38382.242322
goods_two_way_supplemental_public_metric_check,AUS,Australia,2005,COD,Congo - Kinshasa,0.816117,183,JPN,Japan,38382.242322
goods_two_way_supplemental_public_metric_check,AUS,Australia,2005,UZB,Uzbekistan,0.8153969999999999,184,JPN,Japan,38382.242322
goods_two_way_supplemental_public_metric_check,AUS,Australia,2005,SHN,St. Helena,0.8110470000000001,185,JPN,Japan,38382.242322
goods_two_way_supplemental_public_metric_check,AUS,Australia,2005,AGO,Angola,0.6068319999999999,186,JPN,Japan,38382.242322
goods_two_way_supplemental_public_metric_check,AUS,Australia,2005,RWA,Rwanda,0.595578,187,JPN,Japan,38382.242322
goods_two_way_supplemental_public_metric_check,AUS,Australia,2005,ERI,Eritrea,0.570419,188,JPN,Japan,38382.242322
goods_two_way_supplemental_public_metric_check,AUS,Australia,2005,UMI,United States Minor Outlying Islands (the),0.450272,189,JPN,Japan,38382.242322
goods_two_way_supplemental_public_metric_check,AUS,Australia,2005,PCN,Pitcairn Islands,0.444207,190,JPN,Japan,38382.242322
goods_two_way_supplemental_public_metric_check,AUS,Australia,2005,BEN,Benin,0.42372399999999993,191,JPN,Japan,38382.242322
goods_two_way_supplemental_public_metric_check,AUS,Australia,2005,MYT,Mayotte,0.41264,192,JPN,Japan,38382.242322
goods_two_way_supplemental_public_metric_check,AUS,Australia,2005,GRD,Grenada,0.3929790000000001,193,JPN,Japan,38382.242322
goods_two_way_supplemental_public_metric_check,AUS,Australia,2005,TJK,Tajikistan,0.392052,194,JPN,Japan,38382.242322
goods_two_way_supplemental_public_metric_check,AUS,Australia,2005,TKM,Turkmenistan,0.371359,195,JPN,Japan,38382.242322
goods_two_way_supplemental_public_metric_check,AUS,Australia,2005,KNA,St. Kitts & Nevis,0.369534,196,JPN,Japan,38382.242322
goods_two_way_supplemental_public_metric_check,AUS,Australia,2005,BTN,Bhutan,0.35700400000000004,197,JPN,Japan,38382.242322
goods_two_way_supplemental_public_metric_check,AUS,Australia,2005,BDI,Burundi,0.326839,198,JPN,Japan,38382.242322
goods_two_way_supplemental_public_metric_check,AUS,Australia,2005,CPV,Cape Verde,0.326294,199,JPN,Japan,38382.242322
goods_two_way_supplemental_public_metric_check,AUS,Australia,2005,DMA,Dominica,0.26692499999999997,200,JPN,Japan,38382.242322
goods_two_way_supplemental_public_metric_check,AUS,Australia,2005,LSO,Lesotho,0.23210800000000004,201,JPN,Japan,38382.242322
goods_two_way_supplemental_public_metric_check,AUS,Australia,2005,ATG,Antigua & Barbuda,0.22089499999999998,202,JPN,Japan,38382.242322
goods_two_way_supplemental_public_metric_check,AUS,Australia,2005,FRO,Faroe Islands,0.192541,203,JPN,Japan,38382.242322
goods_two_way_supplemental_public_metric_check,AUS,Australia,2005,FLK,Falkland Islands,0.189618,204,JPN,Japan,38382.242322
goods_two_way_supplemental_public_metric_check,AUS,Australia,2005,MSR,Montserrat,0.173271,205,JPN,Japan,38382.242322
goods_two_way_supplemental_public_metric_check,AUS,Australia,2005,CAF,Central African Republic,0.167842,206,JPN,Japan,38382.242322
goods_two_way_supplemental_public_metric_check,AUS,Australia,2005,GIB,Gibraltar,0.16439099999999998,207,JPN,Japan,38382.242322
goods_two_way_supplemental_public_metric_check,AUS,Australia,2005,NIU,Niue,0.094585,208,JPN,Japan,38382.242322
goods_two_way_supplemental_public_metric_check,AUS,Australia,2005,STP,São Tomé & Príncipe,0.075431,209,JPN,Japan,38382.242322
goods_two_way_supplemental_public_metric_check,AUS,Australia,2005,ABW,Aruba,0.046312000000000006,210,JPN,Japan,38382.242322
goods_two_way_supplemental_public_metric_check,AUS,Australia,2005,GNQ,Equatorial Guinea,0.036284,211,JPN,Japan,38382.242322
goods_two_way_supplemental_public_metric_check,AUS,Australia,2005,TCA,Turks & Caicos Islands,0.032885,212,JPN,Japan,38382.242322
goods_two_way_supplemental_public_metric_check,AUS,Australia,2005,SOM,Somalia,0.019978999999999997,213,JPN,Japan,38382.242322
goods_two_way_supplemental_public_metric_check,AUS,Australia,2005,AND,Andorra,0.009468,214,JPN,Japan,38382.242322
goods_two_way_supplemental_public_metric_check,AUS,Australia,2005,GNB,Guinea-Bissau,0.002404,215,JPN,Japan,38382.242322
goods_two_way_supplemental_public_metric_check,AUS,Australia,2005,SPM,St. Pierre & Miquelon,5.47e-4,216,JPN,Japan,38382.242322
goods_two_way_supplemental_public_metric_check,AUS,Australia,2005,GRL,Greenland,2.43e-4,217,JPN,Japan,38382.242322
goods_two_way_supplemental_public_metric_check,AUS,Australia,2006,JPN,Japan,41601.432746999984,1,JPN,Japan,41601.432746999984
goods_two_way_supplemental_public_metric_check,AUS,Australia,2006,CHN,China,38000.17941,2,JPN,Japan,41601.432746999984
goods_two_way_supplemental_public_metric_check,AUS,Australia,2006,USA,United States,27292.192829000003,3,JPN,Japan,41601.432746999984
goods_two_way_supplemental_public_metric_check,AUS,Australia,2006,KOR,South Korea,16476.333017999998,4,JPN,Japan,41601.432746999984
goods_two_way_supplemental_public_metric_check,AUS,Australia,2006,SGP,Singapore,11647.4259,5,JPN,Japan,41601.432746999984
goods_two_way_supplemental_public_metric_check,AUS,Australia,2006,NZL,New Zealand,9613.562591,6,JPN,Japan,41601.432746999984
goods_two_way_supplemental_public_metric_check,AUS,Australia,2006,GBR,United Kingdom,8856.218820999999,7,JPN,Japan,41601.432746999984
goods_two_way_supplemental_public_metric_check,AUS,Australia,2006,DEU,Germany,8802.994698,8,JPN,Japan,41601.432746999984
goods_two_way_supplemental_public_metric_check,AUS,Australia,2006,TWN,Taiwan,8247.805424000002,9,JPN,Japan,41601.432746999984
goods_two_way_supplemental_public_metric_check,AUS,Australia,2006,THA,Thailand,8156.394181,10,JPN,Japan,41601.432746999984
goods_two_way_supplemental_public_metric_check,AUS,Australia,2006,IND,India,7603.076155000002,11,JPN,Japan,41601.432746999984
goods_two_way_supplemental_public_metric_check,AUS,Australia,2006,MYS,Malaysia,7364.63032,12,JPN,Japan,41601.432746999984
goods_two_way_supplemental_public_metric_check,AUS,Australia,2006,IDN,Indonesia,6339.248582,13,JPN,Japan,41601.432746999984
goods_two_way_supplemental_public_metric_check,AUS,Australia,2006,ITA,Italy,5091.681857,14,JPN,Japan,41601.432746999984
goods_two_way_supplemental_public_metric_check,AUS,Australia,2006,VNM,Vietnam,5005.032325999999,15,JPN,Japan,41601.432746999984
goods_two_way_supplemental_public_metric_check,AUS,Australia,2006,FRA,France,4647.658337999999,16,JPN,Japan,41601.432746999984
goods_two_way_supplemental_public_metric_check,AUS,Australia,2006,HKG,Hong Kong,3423.931970999999,17,JPN,Japan,41601.432746999984
goods_two_way_supplemental_public_metric_check,AUS,Australia,2006,CAN,Canada,3176.254484,18,JPN,Japan,41601.432746999984
goods_two_way_supplemental_public_metric_check,AUS,Australia,2006,SAU,Saudi Arabia,2970.561651,19,JPN,Japan,41601.432746999984
goods_two_way_supplemental_public_metric_check,AUS,Australia,2006,BEL,Belgium,2760.657349,20,JPN,Japan,41601.432746999984
goods_two_way_supplemental_public_metric_check,AUS,Australia,2006,PNG,Papua New Guinea,2754.7877769999996,21,JPN,Japan,41601.432746999984
goods_two_way_supplemental_public_metric_check,AUS,Australia,2006,ZAF,South Africa,2712.1215380000003,22,JPN,Japan,41601.432746999984
goods_two_way_supplemental_public_metric_check,AUS,Australia,2006,SWE,Sweden,2284.837666,23,JPN,Japan,41601.432746999984
goods_two_way_supplemental_public_metric_check,AUS,Australia,2006,ESP,Spain,2145.0529519999996,24,JPN,Japan,41601.432746999984
goods_two_way_supplemental_public_metric_check,AUS,Australia,2006,ARE,United Arab Emirates,1928.4882369999998,25,JPN,Japan,41601.432746999984
goods_two_way_supplemental_public_metric_check,AUS,Australia,2006,NLD,Netherlands,1694.3412320000002,26,JPN,Japan,41601.432746999984
goods_two_way_supplemental_public_metric_check,AUS,Australia,2006,MEX,Mexico,1688.8567229999999,27,JPN,Japan,41601.432746999984
goods_two_way_supplemental_public_metric_check,AUS,Australia,2006,IRL,Ireland,1585.5041219999998,28,JPN,Japan,41601.432746999984
goods_two_way_supplemental_public_metric_check,AUS,Australia,2006,FIN,Finland,1544.2399810000002,29,JPN,Japan,41601.432746999984
goods_two_way_supplemental_public_metric_check,AUS,Australia,2006,CHE,Switzerland,1527.5851470000002,30,JPN,Japan,41601.432746999984
goods_two_way_supplemental_public_metric_check,AUS,Australia,2006,BRA,Brazil,1521.9204459999999,31,JPN,Japan,41601.432746999984
goods_two_way_supplemental_public_metric_check,AUS,Australia,2006,PHL,Philippines,1245.0676809999995,32,JPN,Japan,41601.432746999984
goods_two_way_supplemental_public_metric_check,AUS,Australia,2006,DNK,Denmark,957.1536500000001,33,JPN,Japan,41601.432746999984
goods_two_way_supplemental_public_metric_check,AUS,Australia,2006,BRN,Brunei,911.903496,34,JPN,Japan,41601.432746999984
goods_two_way_supplemental_public_metric_check,AUS,Australia,2006,AUT,Austria,888.3324520000003,35,JPN,Japan,41601.432746999984
goods_two_way_supplemental_public_metric_check,AUS,Australia,2006,TUR,Turkey,683.593183,36,JPN,Japan,41601.432746999984
goods_two_way_supplemental_public_metric_check,AUS,Australia,2006,ISR,Israel,626.261048,37,JPN,Japan,41601.432746999984
goods_two_way_supplemental_public_metric_check,AUS,Australia,2006,RUS,Russia,570.2765529999999,38,JPN,Japan,41601.432746999984
goods_two_way_supplemental_public_metric_check,AUS,Australia,2006,FJI,Fiji,533.3840140000001,39,JPN,Japan,41601.432746999984
goods_two_way_supplemental_public_metric_check,AUS,Australia,2006,KWT,Kuwait,464.61614000000014,40,JPN,Japan,41601.432746999984
goods_two_way_supplemental_public_metric_check,AUS,Australia,2006,BHR,Bahrain,434.6946909999999,41,JPN,Japan,41601.432746999984
goods_two_way_supplemental_public_metric_check,AUS,Australia,2006,PAK,Pakistan,416.76501800000005,42,JPN,Japan,41601.432746999984
goods_two_way_supplemental_public_metric_check,AUS,Australia,2006,NGA,Nigeria,366.46226400000006,43,JPN,Japan,41601.432746999984
goods_two_way_supplemental_public_metric_check,AUS,Australia,2006,QAT,Qatar,357.2530069999999,44,JPN,Japan,41601.432746999984
goods_two_way_supplemental_public_metric_check,AUS,Australia,2006,NCL,New Caledonia,350.206941,45,JPN,Japan,41601.432746999984
goods_two_way_supplemental_public_metric_check,AUS,Australia,2006,CHL,Chile,338.26375900000005,46,JPN,Japan,41601.432746999984
goods_two_way_supplemental_public_metric_check,AUS,Australia,2006,EGY,Egypt,304.45922399999995,47,JPN,Japan,41601.432746999984
goods_two_way_supplemental_public_metric_check,AUS,Australia,2006,POL,Poland,289.949839,48,JPN,Japan,41601.432746999984
goods_two_way_supplemental_public_metric_check,AUS,Australia,2006,NOR,Norway,277.24934500000006,49,JPN,Japan,41601.432746999984
goods_two_way_supplemental_public_metric_check,AUS,Australia,2006,ARG,Argentina,269.10501,50,JPN,Japan,41601.432746999984
goods_two_way_supplemental_public_metric_check,AUS,Australia,2006,CZE,Czechia,258.840538,51,JPN,Japan,41601.432746999984
goods_two_way_supplemental_public_metric_check,AUS,Australia,2006,OMN,Oman,222.41147499999994,52,JPN,Japan,41601.432746999984
goods_two_way_supplemental_public_metric_check,AUS,Australia,2006,BGD,Bangladesh,219.988159,53,JPN,Japan,41601.432746999984
goods_two_way_supplemental_public_metric_check,AUS,Australia,2006,IRN,Iran,210.67049099999997,54,JPN,Japan,41601.432746999984
goods_two_way_supplemental_public_metric_check,AUS,Australia,2006,HUN,Hungary,200.97348199999996,55,JPN,Japan,41601.432746999984
goods_two_way_supplemental_public_metric_check,AUS,Australia,2006,SDN,Sudan,198.18967700000007,56,JPN,Japan,41601.432746999984
goods_two_way_supplemental_public_metric_check,AUS,Australia,2006,LKA,Sri Lanka,190.74625100000003,57,JPN,Japan,41601.432746999984
goods_two_way_supplemental_public_metric_check,AUS,Australia,2006,YEM,Yemen,159.257642,58,JPN,Japan,41601.432746999984
goods_two_way_supplemental_public_metric_check,AUS,Australia,2006,GRC,Greece,159.216654,59,JPN,Japan,41601.432746999984
goods_two_way_supplemental_public_metric_check,AUS,Australia,2006,PRT,Portugal,150.467254,60,JPN,Japan,41601.432746999984
goods_two_way_supplemental_public_metric_check,AUS,Australia,2006,DZA,Algeria,136.89521599999998,61,JPN,Japan,41601.432746999984
goods_two_way_supplemental_public_metric_check,AUS,Australia,2006,ROU,Romania,113.471488,62,JPN,Japan,41601.432746999984
goods_two_way_supplemental_public_metric_check,AUS,Australia,2006,PER,Peru,112.561496,63,JPN,Japan,41601.432746999984
goods_two_way_supplemental_public_metric_check,AUS,Australia,2006,UKR,Ukraine,111.50306200000001,64,JPN,Japan,41601.432746999984
goods_two_way_supplemental_public_metric_check,AUS,Australia,2006,IRQ,Iraq,109.87069,65,JPN,Japan,41601.432746999984
goods_two_way_supplemental_public_metric_check,AUS,Australia,2006,MUS,Mauritius,102.79610900000002,66,JPN,Japan,41601.432746999984
goods_two_way_supplemental_public_metric_check,AUS,Australia,2006,WSM,Samoa,93.83522500000001,67,JPN,Japan,41601.432746999984
goods_two_way_supplemental_public_metric_check,AUS,Australia,2006,BGR,Bulgaria,87.15851099999998,68,JPN,Japan,41601.432746999984
goods_two_way_supplemental_public_metric_check,AUS,Australia,2006,MAR,Morocco,83.249823,69,JPN,Japan,41601.432746999984
goods_two_way_supplemental_public_metric_check,AUS,Australia,2006,MAC,Macao,81.108727,70,JPN,Japan,41601.432746999984
goods_two_way_supplemental_public_metric_check,AUS,Australia,2006,GHA,Ghana,77.76974200000002,71,JPN,Japan,41601.432746999984
goods_two_way_supplemental_public_metric_check,AUS,Australia,2006,JOR,Jordan,76.75838800000001,72,JPN,Japan,41601.432746999984
goods_two_way_supplemental_public_metric_check,AUS,Australia,2006,VUT,Vanuatu,73.76266399999999,73,JPN,Japan,41601.432746999984
goods_two_way_supplemental_public_metric_check,AUS,Australia,2006,SVN,Slovenia,64.89277700000001,74,JPN,Japan,41601.432746999984
goods_two_way_supplemental_public_metric_check,AUS,Australia,2006,SVK,Slovakia,59.85593,75,JPN,Japan,41601.432746999984
goods_two_way_supplemental_public_metric_check,AUS,Australia,2006,PYF,French Polynesia,55.738929000000006,76,JPN,Japan,41601.432746999984
goods_two_way_supplemental_public_metric_check,AUS,Australia,2006,SLB,Solomon Islands,52.252914000000004,77,JPN,Japan,41601.432746999984
goods_two_way_supplemental_public_metric_check,AUS,Australia,2006,MLT,Malta,50.672698000000004,78,JPN,Japan,41601.432746999984
goods_two_way_supplemental_public_metric_check,AUS,Australia,2006,KEN,Kenya,50.099197,79,JPN,Japan,41601.432746999984
goods_two_way_supplemental_public_metric_check,AUS,Australia,2006,CRI,Costa Rica,46.818805999999995,80,JPN,Japan,41601.432746999984
goods_two_way_supplemental_public_metric_check,AUS,Australia,2006,KAZ,Kazakhstan,45.737047,81,JPN,Japan,41601.432746999984
goods_two_way_supplemental_public_metric_check,AUS,Australia,2006,COL,Colombia,43.224749999999986,82,JPN,Japan,41601.432746999984
goods_two_way_supplemental_public_metric_check,AUS,Australia,2006,MMR,Myanmar (Burma),42.061009,83,JPN,Japan,41601.432746999984
goods_two_way_supplemental_public_metric_check,AUS,Australia,2006,TZA,Tanzania,41.61604300000001,84,JPN,Japan,41601.432746999984
goods_two_way_supplemental_public_metric_check,AUS,Australia,2006,MOZ,Mozambique,37.51505299999999,85,JPN,Japan,41601.432746999984
goods_two_way_supplemental_public_metric_check,AUS,Australia,2006,BLR,Belarus,34.885619,86,JPN,Japan,41601.432746999984
goods_two_way_supplemental_public_metric_check,AUS,Australia,2006,SWZ,Eswatini,33.86771000000001,87,JPN,Japan,41601.432746999984
goods_two_way_supplemental_public_metric_check,AUS,Australia,2006,LAO,Laos,33.637687,88,JPN,Japan,41601.432746999984
goods_two_way_supplemental_public_metric_check,AUS,Australia,2006,HRV,Croatia,32.950042,89,JPN,Japan,41601.432746999984
goods_two_way_supplemental_public_metric_check,AUS,Australia,2006,LBN,Lebanon,32.298694999999995,90,JPN,Japan,41601.432746999984
goods_two_way_supplemental_public_metric_check,AUS,Australia,2006,LTU,Lithuania,29.835897000000003,91,JPN,Japan,41601.432746999984
goods_two_way_supplemental_public_metric_check,AUS,Australia,2006,ZMB,Zambia,28.384358000000002,92,JPN,Japan,41601.432746999984
goods_two_way_supplemental_public_metric_check,AUS,Australia,2006,MLI,Mali,28.223189,93,JPN,Japan,41601.432746999984
goods_two_way_supplemental_public_metric_check,AUS,Australia,2006,ISL,Iceland,25.921239999999997,94,JPN,Japan,41601.432746999984
goods_two_way_supplemental_public_metric_check,AUS,Australia,2006,KHM,Cambodia,25.098300000000002,95,JPN,Japan,41601.432746999984
goods_two_way_supplemental_public_metric_check,AUS,Australia,2006,JAM,Jamaica,25.076784999999997,96,JPN,Japan,41601.432746999984
goods_two_way_supplemental_public_metric_check,AUS,Australia,2006,KIR,Kiribati,23.46406,97,JPN,Japan,41601.432746999984
goods_two_way_supplemental_public_metric_check,AUS,Australia,2006,URY,Uruguay,23.45104299999999,98,JPN,Japan,41601.432746999984
goods_two_way_supplemental_public_metric_check,AUS,Australia,2006,SLV,El Salvador,22.491353,99,JPN,Japan,41601.432746999984
goods_two_way_supplemental_public_metric_check,AUS,Australia,2006,UGA,Uganda,22.190519000000002,100,JPN,Japan,41601.432746999984
goods_two_way_supplemental_public_metric_check,AUS,Australia,2006,MDV,Maldives,21.415355000000005,101,JPN,Japan,41601.432746999984
goods_two_way_supplemental_public_metric_check,AUS,Australia,2006,DOM,Dominican Republic,20.566497000000002,102,JPN,Japan,41601.432746999984
goods_two_way_supplemental_public_metric_check,AUS,Australia,2006,GTM,Guatemala,20.561682,103,JPN,Japan,41601.432746999984
goods_two_way_supplemental_public_metric_check,AUS,Australia,2006,TTO,Trinidad & Tobago,20.153661,104,JPN,Japan,41601.432746999984
goods_two_way_supplemental_public_metric_check,AUS,Australia,2006,CXR,Christmas Island,19.738544,105,JPN,Japan,41601.432746999984
goods_two_way_supplemental_public_metric_check,AUS,Australia,2006,SYC,Seychelles,18.564915,106,JPN,Japan,41601.432746999984
goods_two_way_supplemental_public_metric_check,AUS,Australia,2006,MNG,Mongolia,18.372818999999996,107,JPN,Japan,41601.432746999984
goods_two_way_supplemental_public_metric_check,AUS,Australia,2006,EST,Estonia,17.255221000000006,108,JPN,Japan,41601.432746999984
goods_two_way_supplemental_public_metric_check,AUS,Australia,2006,TLS,Timor-Leste,17.182916000000002,109,JPN,Japan,41601.432746999984
goods_two_way_supplemental_public_metric_check,AUS,Australia,2006,HND,Honduras,16.496886,110,JPN,Japan,41601.432746999984
goods_two_way_supplemental_public_metric_check,AUS,Australia,2006,CYP,Cyprus,16.338138,111,JPN,Japan,41601.432746999984
goods_two_way_supplemental_public_metric_check,AUS,Australia,2006,ECU,Ecuador,16.188609000000007,112,JPN,Japan,41601.432746999984
goods_two_way_supplemental_public_metric_check,AUS,Australia,2006,TUN,Tunisia,15.866662,113,JPN,Japan,41601.432746999984
goods_two_way_supplemental_public_metric_check,AUS,Australia,2006,CUB,Cuba,14.862925,114,JPN,Japan,41601.432746999984
goods_two_way_supplemental_public_metric_check,AUS,Australia,2006,VEN,Venezuela,14.643293,115,JPN,Japan,41601.432746999984
goods_two_way_supplemental_public_metric_check,AUS,Australia,2006,ETH,Ethiopia,14.572981999999998,116,JPN,Japan,41601.432746999984
goods_two_way_supplemental_public_metric_check,AUS,Australia,2006,ANT,Netherlands Antilles,13.557692,117,JPN,Japan,41601.432746999984
goods_two_way_supplemental_public_metric_check,AUS,Australia,2006,AZE,Azerbaijan,13.452366,118,JPN,Japan,41601.432746999984
goods_two_way_supplemental_public_metric_check,AUS,Australia,2006,NAM,Namibia,13.406881999999996,119,JPN,Japan,41601.432746999984
goods_two_way_supplemental_public_metric_check,AUS,Australia,2006,LUX,Luxembourg,13.306031999999998,120,JPN,Japan,41601.432746999984
goods_two_way_supplemental_public_metric_check,AUS,Australia,2006,SYR,Syria,13.285142,121,JPN,Japan,41601.432746999984
goods_two_way_supplemental_public_metric_check,AUS,Australia,2006,GIN,Guinea,12.605017,122,JPN,Japan,41601.432746999984
goods_two_way_supplemental_public_metric_check,AUS,Australia,2006,PRK,North Korea,12.076038000000002,123,JPN,Japan,41601.432746999984
goods_two_way_supplemental_public_metric_check,AUS,Australia,2006,CIV,Côte d'Ivoire,11.855278999999998,124,JPN,Japan,41601.432746999984
goods_two_way_supplemental_public_metric_check,AUS,Australia,2006,TON,Tonga,11.348587000000004,125,JPN,Japan,41601.432746999984
goods_two_way_supplemental_public_metric_check,AUS,Australia,2006,ASM,American Samoa,11.295852,126,JPN,Japan,41601.432746999984
goods_two_way_supplemental_public_metric_check,AUS,Australia,2006,LVA,Latvia,10.17962,127,JPN,Japan,41601.432746999984
goods_two_way_supplemental_public_metric_check,AUS,Australia,2006,GUM,Guam,10.000232999999998,128,JPN,Japan,41601.432746999984
goods_two_way_supplemental_public_metric_check,AUS,Australia,2006,MWI,Malawi,9.919947,129,JPN,Japan,41601.432746999984
goods_two_way_supplemental_public_metric_check,AUS,Australia,2006,SRB,Serbia,9.243088,130,JPN,Japan,41601.432746999984
goods_two_way_supplemental_public_metric_check,AUS,Australia,2006,FSM,Micronesia (Federated States of),8.878038,131,JPN,Japan,41601.432746999984
goods_two_way_supplemental_public_metric_check,AUS,Australia,2006,ZWE,Zimbabwe,8.810779,132,JPN,Japan,41601.432746999984
goods_two_way_supplemental_public_metric_check,AUS,Australia,2006,SEN,Senegal,8.652936,133,JPN,Japan,41601.432746999984
goods_two_way_supplemental_public_metric_check,AUS,Australia,2006,NRU,Nauru,8.144917,134,JPN,Japan,41601.432746999984
goods_two_way_supplemental_public_metric_check,AUS,Australia,2006,BOL,Bolivia,7.9798659999999995,135,JPN,Japan,41601.432746999984
goods_two_way_supplemental_public_metric_check,AUS,Australia,2006,LBY,Libya,7.97429,136,JPN,Japan,41601.432746999984
goods_two_way_supplemental_public_metric_check,AUS,Australia,2006,MDG,Madagascar,7.796538999999999,137,JPN,Japan,41601.432746999984
goods_two_way_supplemental_public_metric_check,AUS,Australia,2006,NPL,Nepal,7.397122000000001,138,JPN,Japan,41601.432746999984
goods_two_way_supplemental_public_metric_check,AUS,Australia,2006,PAN,Panama,7.27643,139,JPN,Japan,41601.432746999984
goods_two_way_supplemental_public_metric_check,AUS,Australia,2006,GEO,Georgia,7.1410029999999995,140,JPN,Japan,41601.432746999984
goods_two_way_supplemental_public_metric_check,AUS,Australia,2006,NER,Niger,6.9790160000000006,141,JPN,Japan,41601.432746999984
goods_two_way_supplemental_public_metric_check,AUS,Australia,2006,BWA,Botswana,6.623659999999999,142,JPN,Japan,41601.432746999984
goods_two_way_supplemental_public_metric_check,AUS,Australia,2006,NIC,Nicaragua,6.554425999999999,143,JPN,Japan,41601.432746999984
goods_two_way_supplemental_public_metric_check,AUS,Australia,2006,NFK,Norfolk Island,6.505526000000003,144,JPN,Japan,41601.432746999984
goods_two_way_supplemental_public_metric_check,AUS,Australia,2006,SLE,Sierra Leone,6.040624,145,JPN,Japan,41601.432746999984
goods_two_way_supplemental_public_metric_check,AUS,Australia,2006,BIH,Bosnia & Herzegovina,5.874917000000002,146,JPN,Japan,41601.432746999984
goods_two_way_supplemental_public_metric_check,AUS,Australia,2006,WLF,Wallis & Futuna,5.846221999999999,147,JPN,Japan,41601.432746999984
goods_two_way_supplemental_public_metric_check,AUS,Australia,2006,BRB,Barbados,5.6744210000000015,148,JPN,Japan,41601.432746999984
goods_two_way_supplemental_public_metric_check,AUS,Australia,2006,AFG,Afghanistan,5.38845,149,JPN,Japan,41601.432746999984
goods_two_way_supplemental_public_metric_check,AUS,Australia,2006,BHS,Bahamas,4.771971,150,JPN,Japan,41601.432746999984
goods_two_way_supplemental_public_metric_check,AUS,Australia,2006,KGZ,Kyrgyzstan,4.627802999999999,151,JPN,Japan,41601.432746999984
goods_two_way_supplemental_public_metric_check,AUS,Australia,2006,ATA,Antarctica,4.555084,152,JPN,Japan,41601.432746999984
goods_two_way_supplemental_public_metric_check,AUS,Australia,2006,MRT,Mauritania,4.521886000000001,153,JPN,Japan,41601.432746999984
goods_two_way_supplemental_public_metric_check,AUS,Australia,2006,COK,Cook Islands,4.380388000000001,154,JPN,Japan,41601.432746999984
goods_two_way_supplemental_public_metric_check,AUS,Australia,2006,TGO,Togo,4.332833,155,JPN,Japan,41601.432746999984
goods_two_way_supplemental_public_metric_check,AUS,Australia,2006,VGB,British Virgin Islands,4.291044,156,JPN,Japan,41601.432746999984
goods_two_way_supplemental_public_metric_check,AUS,Australia,2006,MKD,North Macedonia,3.987599999999999,157,JPN,Japan,41601.432746999984
goods_two_way_supplemental_public_metric_check,AUS,Australia,2006,BFA,Burkina Faso,3.8416979999999996,158,JPN,Japan,41601.432746999984
goods_two_way_supplemental_public_metric_check,AUS,Australia,2006,TUV,Tuvalu,3.7665739999999985,159,JPN,Japan,41601.432746999984
goods_two_way_supplemental_public_metric_check,AUS,Australia,2006,CCK,Cocos (Keeling) Islands,3.3734249999999997,160,JPN,Japan,41601.432746999984
goods_two_way_supplemental_public_metric_check,AUS,Australia,2006,GUY,Guyana,2.6072770000000003,161,JPN,Japan,41601.432746999984
goods_two_way_supplemental_public_metric_check,AUS,Australia,2006,SUR,Suriname,2.315729,162,JPN,Japan,41601.432746999984
goods_two_way_supplemental_public_metric_check,AUS,Australia,2006,TCD,Chad,2.216772,163,JPN,Japan,41601.432746999984
goods_two_way_supplemental_public_metric_check,AUS,Australia,2006,BLZ,Belize,2.2081040000000005,164,JPN,Japan,41601.432746999984
goods_two_way_supplemental_public_metric_check,AUS,Australia,2006,ARM,Armenia,2.176739,165,JPN,Japan,41601.432746999984
goods_two_way_supplemental_public_metric_check,AUS,Australia,2006,MHL,Marshall Islands,2.133088,166,JPN,Japan,41601.432746999984
goods_two_way_supplemental_public_metric_check,AUS,Australia,2006,FRO,Faroe Islands,2.039701,167,JPN,Japan,41601.432746999984
goods_two_way_supplemental_public_metric_check,AUS,Australia,2006,CMR,Cameroon,2.0317969999999996,168,JPN,Japan,41601.432746999984
goods_two_way_supplemental_public_metric_check,AUS,Australia,2006,LCA,St. Lucia,2.0179340000000003,169,JPN,Japan,41601.432746999984
goods_two_way_supplemental_public_metric_check,AUS,Australia,2006,PRY,Paraguay,1.921007,170,JPN,Japan,41601.432746999984
goods_two_way_supplemental_public_metric_check,AUS,Australia,2006,VCT,St. Vincent & Grenadines,1.599534,171,JPN,Japan,41601.432746999984
goods_two_way_supplemental_public_metric_check,AUS,Australia,2006,ALB,Albania,1.457288,172,JPN,Japan,41601.432746999984
goods_two_way_supplemental_public_metric_check,AUS,Australia,2006,UMI,United States Minor Outlying Islands (the),1.4026049999999999,173,JPN,Japan,41601.432746999984
goods_two_way_supplemental_public_metric_check,AUS,Australia,2006,DJI,Djibouti,1.382365,174,JPN,Japan,41601.432746999984
goods_two_way_supplemental_public_metric_check,AUS,Australia,2006,MNP,Northern Mariana Islands,1.3534199999999998,175,JPN,Japan,41601.432746999984
goods_two_way_supplemental_public_metric_check,AUS,Australia,2006,GAB,Gabon,1.29298,176,JPN,Japan,41601.432746999984
goods_two_way_supplemental_public_metric_check,AUS,Australia,2006,BEN,Benin,1.287827,177,JPN,Japan,41601.432746999984
goods_two_way_supplemental_public_metric_check,AUS,Australia,2006,ERI,Eritrea,1.231303,178,JPN,Japan,41601.432746999984
goods_two_way_supplemental_public_metric_check,AUS,Australia,2006,RWA,Rwanda,1.2208479999999997,179,JPN,Japan,41601.432746999984
goods_two_way_supplemental_public_metric_check,AUS,Australia,2006,HTI,Haiti,1.203236,180,JPN,Japan,41601.432746999984
goods_two_way_supplemental_public_metric_check,AUS,Australia,2006,MDA,Moldova,1.198081,181,JPN,Japan,41601.432746999984
goods_two_way_supplemental_public_metric_check,AUS,Australia,2006,BMU,Bermuda,1.167287,182,JPN,Japan,41601.432746999984
goods_two_way_supplemental_public_metric_check,AUS,Australia,2006,STP,São Tomé & Príncipe,1.099127,183,JPN,Japan,41601.432746999984
goods_two_way_supplemental_public_metric_check,AUS,Australia,2006,DMA,Dominica,0.9874649999999999,184,JPN,Japan,41601.432746999984
goods_two_way_supplemental_public_metric_check,AUS,Australia,2006,AGO,Angola,0.9538300000000001,185,JPN,Japan,41601.432746999984
goods_two_way_supplemental_public_metric_check,AUS,Australia,2006,COG,Congo - Brazzaville,0.760807,186,JPN,Japan,41601.432746999984
goods_two_way_supplemental_public_metric_check,AUS,Australia,2006,BDI,Burundi,0.6826479999999999,187,JPN,Japan,41601.432746999984
goods_two_way_supplemental_public_metric_check,AUS,Australia,2006,COD,Congo - Kinshasa,0.6634720000000001,188,JPN,Japan,41601.432746999984
goods_two_way_supplemental_public_metric_check,AUS,Australia,2006,ATG,Antigua & Barbuda,0.6532050000000003,189,JPN,Japan,41601.432746999984
goods_two_way_supplemental_public_metric_check,AUS,Australia,2006,GNQ,Equatorial Guinea,0.601877,190,JPN,Japan,41601.432746999984
goods_two_way_supplemental_public_metric_check,AUS,Australia,2006,GNB,Guinea-Bissau,0.587514,191,JPN,Japan,41601.432746999984
goods_two_way_supplemental_public_metric_check,AUS,Australia,2006,UZB,Uzbekistan,0.534921,192,JPN,Japan,41601.432746999984
goods_two_way_supplemental_public_metric_check,AUS,Australia,2006,TKM,Turkmenistan,0.515904,193,JPN,Japan,41601.432746999984
goods_two_way_supplemental_public_metric_check,AUS,Australia,2006,TJK,Tajikistan,0.5000610000000001,194,JPN,Japan,41601.432746999984
goods_two_way_supplemental_public_metric_check,AUS,Australia,2006,PLW,Palau,0.4799949999999999,195,JPN,Japan,41601.432746999984
goods_two_way_supplemental_public_metric_check,AUS,Australia,2006,PCN,Pitcairn Islands,0.42857499999999993,196,JPN,Japan,41601.432746999984
goods_two_way_supplemental_public_metric_check,AUS,Australia,2006,GMB,Gambia,0.42151,197,JPN,Japan,41601.432746999984
goods_two_way_supplemental_public_metric_check,AUS,Australia,2006,KNA,St. Kitts & Nevis,0.403032,198,JPN,Japan,41601.432746999984
goods_two_way_supplemental_public_metric_check,AUS,Australia,2006,BTN,Bhutan,0.36817399999999995,199,JPN,Japan,41601.432746999984
goods_two_way_supplemental_public_metric_check,AUS,Australia,2006,GRL,Greenland,0.35506599999999994,200,JPN,Japan,41601.432746999984
goods_two_way_supplemental_public_metric_check,AUS,Australia,2006,CYM,Cayman Islands,0.34031100000000003,201,JPN,Japan,41601.432746999984
goods_two_way_supplemental_public_metric_check,AUS,Australia,2006,MYT,Mayotte,0.33438499999999993,202,JPN,Japan,41601.432746999984
goods_two_way_supplemental_public_metric_check,AUS,Australia,2006,GIB,Gibraltar,0.258714,203,JPN,Japan,41601.432746999984
goods_two_way_supplemental_public_metric_check,AUS,Australia,2006,MNE,Montenegro,0.24256300000000003,204,JPN,Japan,41601.432746999984
goods_two_way_supplemental_public_metric_check,AUS,Australia,2006,SHN,St. Helena,0.214885,205,JPN,Japan,41601.432746999984
goods_two_way_supplemental_public_metric_check,AUS,Australia,2006,LBR,Liberia,0.185664,206,JPN,Japan,41601.432746999984
goods_two_way_supplemental_public_metric_check,AUS,Australia,2006,GRD,Grenada,0.18113299999999996,207,JPN,Japan,41601.432746999984
goods_two_way_supplemental_public_metric_check,AUS,Australia,2006,SOM,Somalia,0.17108,208,JPN,Japan,41601.432746999984
goods_two_way_supplemental_public_metric_check,AUS,Australia,2006,LSO,Lesotho,0.127152,209,JPN,Japan,41601.432746999984
goods_two_way_supplemental_public_metric_check,AUS,Australia,2006,FLK,Falkland Islands,0.12263299999999999,210,JPN,Japan,41601.432746999984
goods_two_way_supplemental_public_metric_check,AUS,Australia,2006,NIU,Niue,0.105653,211,JPN,Japan,41601.432746999984
goods_two_way_supplemental_public_metric_check,AUS,Australia,2006,CAF,Central African Republic,0.088282,212,JPN,Japan,41601.432746999984
goods_two_way_supplemental_public_metric_check,AUS,Australia,2006,CPV,Cape Verde,0.069426,213,JPN,Japan,41601.432746999984
goods_two_way_supplemental_public_metric_check,AUS,Australia,2006,MSR,Montserrat,0.05931700000000001,214,JPN,Japan,41601.432746999984
goods_two_way_supplemental_public_metric_check,AUS,Australia,2006,TCA,Turks & Caicos Islands,0.034235,215,JPN,Japan,41601.432746999984
goods_two_way_supplemental_public_metric_check,AUS,Australia,2006,AND,Andorra,0.022634000000000005,216,JPN,Japan,41601.432746999984
goods_two_way_supplemental_public_metric_check,AUS,Australia,2006,COM,Comoros,0.009919,217,JPN,Japan,41601.432746999984
goods_two_way_supplemental_public_metric_check,AUS,Australia,2006,AIA,Anguilla,0.008712000000000001,218,JPN,Japan,41601.432746999984
goods_two_way_supplemental_public_metric_check,AUS,Australia,2007,CHN,China,50147.506202000004,1,CHN,China,50147.506202000004
goods_two_way_supplemental_public_metric_check,AUS,Australia,2007,JPN,Japan,46997.486622,2,CHN,China,50147.506202000004
goods_two_way_supplemental_public_metric_check,AUS,Australia,2007,USA,United States,29271.735719,3,CHN,China,50147.506202000004
goods_two_way_supplemental_public_metric_check,AUS,Australia,2007,KOR,South Korea,18072.551762,4,CHN,China,50147.506202000004
goods_two_way_supplemental_public_metric_check,AUS,Australia,2007,SGP,Singapore,11775.361680999998,5,CHN,China,50147.506202000004
goods_two_way_supplemental_public_metric_check,AUS,Australia,2007,NZL,New Zealand,11688.161538000002,6,CHN,China,50147.506202000004
goods_two_way_supplemental_public_metric_check,AUS,Australia,2007,GBR,United Kingdom,11623.561769,7,CHN,China,50147.506202000004
goods_two_way_supplemental_public_metric_check,AUS,Australia,2007,THA,Thailand,10582.998162,8,CHN,China,50147.506202000004
goods_two_way_supplemental_public_metric_check,AUS,Australia,2007,DEU,Germany,10409.851586,9,CHN,China,50147.506202000004
goods_two_way_supplemental_public_metric_check,AUS,Australia,2007,TWN,Taiwan,9412.743245999998,10,CHN,China,50147.506202000004
goods_two_way_supplemental_public_metric_check,AUS,Australia,2007,MYS,Malaysia,8875.766529,11,CHN,China,50147.506202000004
goods_two_way_supplemental_public_metric_check,AUS,Australia,2007,IND,India,8677.902816000003,12,CHN,China,50147.506202000004
goods_two_way_supplemental_public_metric_check,AUS,Australia,2007,IDN,Indonesia,6983.6999909999995,13,CHN,China,50147.506202000004
goods_two_way_supplemental_public_metric_check,AUS,Australia,2007,ITA,Italy,5927.268046000001,14,CHN,China,50147.506202000004
goods_two_way_supplemental_public_metric_check,AUS,Australia,2007,FRA,France,5565.173680999999,15,CHN,China,50147.506202000004
goods_two_way_supplemental_public_metric_check,AUS,Australia,2007,VNM,Vietnam,4997.977908999999,16,CHN,China,50147.506202000004
goods_two_way_supplemental_public_metric_check,AUS,Australia,2007,ARE,United Arab Emirates,4478.178402999999,17,CHN,China,50147.506202000004
goods_two_way_supplemental_public_metric_check,AUS,Australia,2007,CAN,Canada,3471.1131030000006,18,CHN,China,50147.506202000004
goods_two_way_supplemental_public_metric_check,AUS,Australia,2007,PNG,Papua New Guinea,3436.1135750000003,19,CHN,China,50147.506202000004
goods_two_way_supplemental_public_metric_check,AUS,Australia,2007,HKG,Hong Kong,3284.4405730000008,20,CHN,China,50147.506202000004
goods_two_way_supplemental_public_metric_check,AUS,Australia,2007,BEL,Belgium,3074.6960820000004,21,CHN,China,50147.506202000004
goods_two_way_supplemental_public_metric_check,AUS,Australia,2007,SAU,Saudi Arabia,2744.648848,22,CHN,China,50147.506202000004
goods_two_way_supplemental_public_metric_check,AUS,Australia,2007,ESP,Spain,2701.9169119999997,23,CHN,China,50147.506202000004
goods_two_way_supplemental_public_metric_check,AUS,Australia,2007,ZAF,South Africa,2608.9783589999997,24,CHN,China,50147.506202000004
goods_two_way_supplemental_public_metric_check,AUS,Australia,2007,SWE,Sweden,2354.5778899999996,25,CHN,China,50147.506202000004
goods_two_way_supplemental_public_metric_check,AUS,Australia,2007,FIN,Finland,2137.6311589999996,26,CHN,China,50147.506202000004
goods_two_way_supplemental_public_metric_check,AUS,Australia,2007,IRL,Ireland,2043.2624500000002,27,CHN,China,50147.506202000004
goods_two_way_supplemental_public_metric_check,AUS,Australia,2007,NLD,Netherlands,1939.2406680000001,28,CHN,China,50147.506202000004
goods_two_way_supplemental_public_metric_check,AUS,Australia,2007,CHE,Switzerland,1847.494429,29,CHN,China,50147.506202000004
goods_two_way_supplemental_public_metric_check,AUS,Australia,2007,MEX,Mexico,1769.0276990000007,30,CHN,China,50147.506202000004
goods_two_way_supplemental_public_metric_check,AUS,Australia,2007,BRA,Brazil,1739.8729539999997,31,CHN,China,50147.506202000004
goods_two_way_supplemental_public_metric_check,AUS,Australia,2007,PHL,Philippines,1439.2898840000003,32,CHN,China,50147.506202000004
goods_two_way_supplemental_public_metric_check,AUS,Australia,2007,BRN,Brunei,1010.054627,33,CHN,China,50147.506202000004
goods_two_way_supplemental_public_metric_check,AUS,Australia,2007,AUT,Austria,1009.1427870000003,34,CHN,China,50147.506202000004
goods_two_way_supplemental_public_metric_check,AUS,Australia,2007,DNK,Denmark,1002.868172,35,CHN,China,50147.506202000004
goods_two_way_supplemental_public_metric_check,AUS,Australia,2007,TUR,Turkey,975.3890720000002,36,CHN,China,50147.506202000004
goods_two_way_supplemental_public_metric_check,AUS,Australia,2007,BHR,Bahrain,858.6034149999998,37,CHN,China,50147.506202000004
goods_two_way_supplemental_public_metric_check,AUS,Australia,2007,RUS,Russia,783.0447340000001,38,CHN,China,50147.506202000004
goods_two_way_supplemental_public_metric_check,AUS,Australia,2007,ISR,Israel,664.7449929999999,39,CHN,China,50147.506202000004
goods_two_way_supplemental_public_metric_check,AUS,Australia,2007,KWT,Kuwait,603.8192220000001,40,CHN,China,50147.506202000004
goods_two_way_supplemental_public_metric_check,AUS,Australia,2007,PAK,Pakistan,573.8318130000001,41,CHN,China,50147.506202000004
goods_two_way_supplemental_public_metric_check,AUS,Australia,2007,NOR,Norway,514.524455,42,CHN,China,50147.506202000004
goods_two_way_supplemental_public_metric_check,AUS,Australia,2007,CHL,Chile,507.09205700000007,43,CHN,China,50147.506202000004
goods_two_way_supplemental_public_metric_check,AUS,Australia,2007,FJI,Fiji,502.4255030000001,44,CHN,China,50147.506202000004
goods_two_way_supplemental_public_metric_check,AUS,Australia,2007,POL,Poland,406.972224,45,CHN,China,50147.506202000004
goods_two_way_supplemental_public_metric_check,AUS,Australia,2007,ARG,Argentina,406.75312299999996,46,CHN,China,50147.506202000004
goods_two_way_supplemental_public_metric_check,AUS,Australia,2007,QAT,Qatar,374.94360500000005,47,CHN,China,50147.506202000004
goods_two_way_supplemental_public_metric_check,AUS,Australia,2007,OMN,Oman,320.036517,48,CHN,China,50147.506202000004
goods_two_way_supplemental_public_metric_check,AUS,Australia,2007,NCL,New Caledonia,305.953148,49,CHN,China,50147.506202000004
goods_two_way_supplemental_public_metric_check,AUS,Australia,2007,CZE,Czechia,305.5366880000001,50,CHN,China,50147.506202000004
goods_two_way_supplemental_public_metric_check,AUS,Australia,2007,HUN,Hungary,298.636503,51,CHN,China,50147.506202000004
goods_two_way_supplemental_public_metric_check,AUS,Australia,2007,EGY,Egypt,252.69272900000004,52,CHN,China,50147.506202000004
goods_two_way_supplemental_public_metric_check,AUS,Australia,2007,GRC,Greece,244.65733300000002,53,CHN,China,50147.506202000004
goods_two_way_supplemental_public_metric_check,AUS,Australia,2007,PRT,Portugal,206.34171999999998,54,CHN,China,50147.506202000004
goods_two_way_supplemental_public_metric_check,AUS,Australia,2007,BGD,Bangladesh,196.319554,55,CHN,China,50147.506202000004
goods_two_way_supplemental_public_metric_check,AUS,Australia,2007,DZA,Algeria,193.823864,56,CHN,China,50147.506202000004
goods_two_way_supplemental_public_metric_check,AUS,Australia,2007,LKA,Sri Lanka,193.40509500000005,57,CHN,China,50147.506202000004
goods_two_way_supplemental_public_metric_check,AUS,Australia,2007,WSM,Samoa,191.53448399999996,58,CHN,China,50147.506202000004
goods_two_way_supplemental_public_metric_check,AUS,Australia,2007,ROU,Romania,190.48030700000004,59,CHN,China,50147.506202000004
goods_two_way_supplemental_public_metric_check,AUS,Australia,2007,PER,Peru,186.18611099999998,60,CHN,China,50147.506202000004
goods_two_way_supplemental_public_metric_check,AUS,Australia,2007,IRN,Iran,168.62658399999998,61,CHN,China,50147.506202000004
goods_two_way_supplemental_public_metric_check,AUS,Australia,2007,UKR,Ukraine,147.47967600000004,62,CHN,China,50147.506202000004
goods_two_way_supplemental_public_metric_check,AUS,Australia,2007,NGA,Nigeria,143.94734600000004,63,CHN,China,50147.506202000004
goods_two_way_supplemental_public_metric_check,AUS,Australia,2007,SVK,Slovakia,138.83731799999998,64,CHN,China,50147.506202000004
goods_two_way_supplemental_public_metric_check,AUS,Australia,2007,SDN,Sudan,124.67252599999998,65,CHN,China,50147.506202000004
goods_two_way_supplemental_public_metric_check,AUS,Australia,2007,GHA,Ghana,114.60195300000001,66,CHN,China,50147.506202000004
goods_two_way_supplemental_public_metric_check,AUS,Australia,2007,MUS,Mauritius,94.129476,67,CHN,China,50147.506202000004
goods_two_way_supplemental_public_metric_check,AUS,Australia,2007,JOR,Jordan,86.53806400000002,68,CHN,China,50147.506202000004
goods_two_way_supplemental_public_metric_check,AUS,Australia,2007,MAR,Morocco,85.11216900000002,69,CHN,China,50147.506202000004
goods_two_way_supplemental_public_metric_check,AUS,Australia,2007,MAC,Macao,83.697929,70,CHN,China,50147.506202000004
goods_two_way_supplemental_public_metric_check,AUS,Australia,2007,YEM,Yemen,79.09574299999998,71,CHN,China,50147.506202000004
goods_two_way_supplemental_public_metric_check,AUS,Australia,2007,BEN,Benin,77.887563,72,CHN,China,50147.506202000004
goods_two_way_supplemental_public_metric_check,AUS,Australia,2007,SLB,Solomon Islands,76.148803,73,CHN,China,50147.506202000004
goods_two_way_supplemental_public_metric_check,AUS,Australia,2007,CRI,Costa Rica,75.60650799999999,74,CHN,China,50147.506202000004
goods_two_way_supplemental_public_metric_check,AUS,Australia,2007,ISL,Iceland,72.734857,75,CHN,China,50147.506202000004
goods_two_way_supplemental_public_metric_check,AUS,Australia,2007,SVN,Slovenia,72.372873,76,CHN,China,50147.506202000004
goods_two_way_supplemental_public_metric_check,AUS,Australia,2007,BGR,Bulgaria,70.449665,77,CHN,China,50147.506202000004
goods_two_way_supplemental_public_metric_check,AUS,Australia,2007,KAZ,Kazakhstan,69.07088200000001,78,CHN,China,50147.506202000004
goods_two_way_supplemental_public_metric_check,AUS,Australia,2007,VUT,Vanuatu,68.77115900000004,79,CHN,China,50147.506202000004
goods_two_way_supplemental_public_metric_check,AUS,Australia,2007,PYF,French Polynesia,67.54627099999999,80,CHN,China,50147.506202000004
goods_two_way_supplemental_public_metric_check,AUS,Australia,2007,COG,Congo - Brazzaville,67.06945300000001,81,CHN,China,50147.506202000004
goods_two_way_supplemental_public_metric_check,AUS,Australia,2007,SWZ,Eswatini,49.34732,82,CHN,China,50147.506202000004
goods_two_way_supplemental_public_metric_check,AUS,Australia,2007,MMR,Myanmar (Burma),47.25087200000001,83,CHN,China,50147.506202000004
goods_two_way_supplemental_public_metric_check,AUS,Australia,2007,COL,Colombia,46.428423,84,CHN,China,50147.506202000004
goods_two_way_supplemental_public_metric_check,AUS,Australia,2007,SYC,Seychelles,44.578984000000005,85,CHN,China,50147.506202000004
goods_two_way_supplemental_public_metric_check,AUS,Australia,2007,GUM,Guam,43.360072,86,CHN,China,50147.506202000004
goods_two_way_supplemental_public_metric_check,AUS,Australia,2007,SYR,Syria,40.264289000000005,87,CHN,China,50147.506202000004
goods_two_way_supplemental_public_metric_check,AUS,Australia,2007,LBN,Lebanon,38.088739000000004,88,CHN,China,50147.506202000004
goods_two_way_supplemental_public_metric_check,AUS,Australia,2007,SLV,El Salvador,37.510606,89,CHN,China,50147.506202000004
goods_two_way_supplemental_public_metric_check,AUS,Australia,2007,KEN,Kenya,36.74663799999999,90,CHN,China,50147.506202000004
goods_two_way_supplemental_public_metric_check,AUS,Australia,2007,KHM,Cambodia,35.68856699999999,91,CHN,China,50147.506202000004
goods_two_way_supplemental_public_metric_check,AUS,Australia,2007,GTM,Guatemala,34.255375,92,CHN,China,50147.506202000004
goods_two_way_supplemental_public_metric_check,AUS,Australia,2007,JAM,Jamaica,33.565768000000006,93,CHN,China,50147.506202000004
goods_two_way_supplemental_public_metric_check,AUS,Australia,2007,LTU,Lithuania,33.074904,94,CHN,China,50147.506202000004
goods_two_way_supplemental_public_metric_check,AUS,Australia,2007,URY,Uruguay,32.997509,95,CHN,China,50147.506202000004
goods_two_way_supplemental_public_metric_check,AUS,Australia,2007,MDG,Madagascar,32.851898000000006,96,CHN,China,50147.506202000004
goods_two_way_supplemental_public_metric_check,AUS,Australia,2007,MLI,Mali,31.96132,97,CHN,China,50147.506202000004
goods_two_way_supplemental_public_metric_check,AUS,Australia,2007,TZA,Tanzania,31.019261000000004,98,CHN,China,50147.506202000004
goods_two_way_supplemental_public_metric_check,AUS,Australia,2007,NPL,Nepal,30.627002999999988,99,CHN,China,50147.506202000004
goods_two_way_supplemental_public_metric_check,AUS,Australia,2007,HND,Honduras,30.516777999999995,100,CHN,China,50147.506202000004
goods_two_way_supplemental_public_metric_check,AUS,Australia,2007,HRV,Croatia,30.403058000000005,101,CHN,China,50147.506202000004
goods_two_way_supplemental_public_metric_check,AUS,Australia,2007,TUN,Tunisia,29.810439999999993,102,CHN,China,50147.506202000004
goods_two_way_supplemental_public_metric_check,AUS,Australia,2007,DOM,Dominican Republic,27.816282,103,CHN,China,50147.506202000004
goods_two_way_supplemental_public_metric_check,AUS,Australia,2007,ZMB,Zambia,26.713256000000005,104,CHN,China,50147.506202000004
goods_two_way_supplemental_public_metric_check,AUS,Australia,2007,MDV,Maldives,26.280676999999994,105,CHN,China,50147.506202000004
goods_two_way_supplemental_public_metric_check,AUS,Australia,2007,KIR,Kiribati,23.943804000000007,106,CHN,China,50147.506202000004
goods_two_way_supplemental_public_metric_check,AUS,Australia,2007,LAO,Laos,23.787883999999995,107,CHN,China,50147.506202000004
goods_two_way_supplemental_public_metric_check,AUS,Australia,2007,TTO,Trinidad & Tobago,23.216491000000005,108,CHN,China,50147.506202000004
goods_two_way_supplemental_public_metric_check,AUS,Australia,2007,TLS,Timor-Leste,22.183688999999994,109,CHN,China,50147.506202000004
goods_two_way_supplemental_public_metric_check,AUS,Australia,2007,CXR,Christmas Island,22.126393999999998,110,CHN,China,50147.506202000004
goods_two_way_supplemental_public_metric_check,AUS,Australia,2007,CYP,Cyprus,22.002133,111,CHN,China,50147.506202000004
goods_two_way_supplemental_public_metric_check,AUS,Australia,2007,ECU,Ecuador,21.596200999999994,112,CHN,China,50147.506202000004
goods_two_way_supplemental_public_metric_check,AUS,Australia,2007,LUX,Luxembourg,20.17125,113,CHN,China,50147.506202000004
goods_two_way_supplemental_public_metric_check,AUS,Australia,2007,GIN,Guinea,20.122895000000003,114,CHN,China,50147.506202000004
goods_two_way_supplemental_public_metric_check,AUS,Australia,2007,MNG,Mongolia,20.106357000000003,115,CHN,China,50147.506202000004
goods_two_way_supplemental_public_metric_check,AUS,Australia,2007,CIV,Côte d'Ivoire,19.446607,116,CHN,China,50147.506202000004
goods_two_way_supplemental_public_metric_check,AUS,Australia,2007,CUB,Cuba,19.304561,117,CHN,China,50147.506202000004
goods_two_way_supplemental_public_metric_check,AUS,Australia,2007,MLT,Malta,18.479401,118,CHN,China,50147.506202000004
goods_two_way_supplemental_public_metric_check,AUS,Australia,2007,VEN,Venezuela,16.985108999999998,119,CHN,China,50147.506202000004
goods_two_way_supplemental_public_metric_check,AUS,Australia,2007,BWA,Botswana,16.694629,120,CHN,China,50147.506202000004
goods_two_way_supplemental_public_metric_check,AUS,Australia,2007,NRU,Nauru,16.445252000000004,121,CHN,China,50147.506202000004
goods_two_way_supplemental_public_metric_check,AUS,Australia,2007,SRB,Serbia,15.814168000000002,122,CHN,China,50147.506202000004
goods_two_way_supplemental_public_metric_check,AUS,Australia,2007,SEN,Senegal,15.55996,123,CHN,China,50147.506202000004
goods_two_way_supplemental_public_metric_check,AUS,Australia,2007,EST,Estonia,15.194984000000005,124,CHN,China,50147.506202000004
goods_two_way_supplemental_public_metric_check,AUS,Australia,2007,ETH,Ethiopia,14.799029999999998,125,CHN,China,50147.506202000004
goods_two_way_supplemental_public_metric_check,AUS,Australia,2007,ZWE,Zimbabwe,14.791420000000002,126,CHN,China,50147.506202000004
goods_two_way_supplemental_public_metric_check,AUS,Australia,2007,ASM,American Samoa,14.477844000000001,127,CHN,China,50147.506202000004
goods_two_way_supplemental_public_metric_check,AUS,Australia,2007,BLR,Belarus,13.26771,128,CHN,China,50147.506202000004
goods_two_way_supplemental_public_metric_check,AUS,Australia,2007,NAM,Namibia,12.416725,129,CHN,China,50147.506202000004
goods_two_way_supplemental_public_metric_check,AUS,Australia,2007,ANT,Netherlands Antilles,11.922159,130,CHN,China,50147.506202000004
goods_two_way_supplemental_public_metric_check,AUS,Australia,2007,TON,Tonga,11.818651999999998,131,CHN,China,50147.506202000004
goods_two_way_supplemental_public_metric_check,AUS,Australia,2007,LVA,Latvia,11.320018000000001,132,CHN,China,50147.506202000004
goods_two_way_supplemental_public_metric_check,AUS,Australia,2007,LBY,Libya,11.274384999999999,133,CHN,China,50147.506202000004
goods_two_way_supplemental_public_metric_check,AUS,Australia,2007,PAN,Panama,10.492386,134,CHN,China,50147.506202000004
goods_two_way_supplemental_public_metric_check,AUS,Australia,2007,UGA,Uganda,10.121421999999999,135,CHN,China,50147.506202000004
goods_two_way_supplemental_public_metric_check,AUS,Australia,2007,COK,Cook Islands,10.025572000000002,136,CHN,China,50147.506202000004
goods_two_way_supplemental_public_metric_check,AUS,Australia,2007,NIC,Nicaragua,9.465135,137,CHN,China,50147.506202000004
goods_two_way_supplemental_public_metric_check,AUS,Australia,2007,BOL,Bolivia,8.906689999999998,138,CHN,China,50147.506202000004
goods_two_way_supplemental_public_metric_check,AUS,Australia,2007,ARM,Armenia,8.578889,139,CHN,China,50147.506202000004
goods_two_way_supplemental_public_metric_check,AUS,Australia,2007,MOZ,Mozambique,8.164896,140,CHN,China,50147.506202000004
goods_two_way_supplemental_public_metric_check,AUS,Australia,2007,MWI,Malawi,8.029510000000002,141,CHN,China,50147.506202000004
goods_two_way_supplemental_public_metric_check,AUS,Australia,2007,NER,Niger,7.906665000000002,142,CHN,China,50147.506202000004
goods_two_way_supplemental_public_metric_check,AUS,Australia,2007,PRK,North Korea,7.851139,143,CHN,China,50147.506202000004
goods_two_way_supplemental_public_metric_check,AUS,Australia,2007,AFG,Afghanistan,7.6596660000000005,144,CHN,China,50147.506202000004
goods_two_way_supplemental_public_metric_check,AUS,Australia,2007,FSM,Micronesia (Federated States of),7.610885999999999,145,CHN,China,50147.506202000004
goods_two_way_supplemental_public_metric_check,AUS,Australia,2007,BFA,Burkina Faso,7.607815,146,CHN,China,50147.506202000004
goods_two_way_supplemental_public_metric_check,AUS,Australia,2007,GUY,Guyana,7.316017000000001,147,CHN,China,50147.506202000004
goods_two_way_supplemental_public_metric_check,AUS,Australia,2007,AGO,Angola,7.2706050000000015,148,CHN,China,50147.506202000004
goods_two_way_supplemental_public_metric_check,AUS,Australia,2007,MKD,North Macedonia,7.1891099999999994,149,CHN,China,50147.506202000004
goods_two_way_supplemental_public_metric_check,AUS,Australia,2007,AZE,Azerbaijan,7.162628000000001,150,CHN,China,50147.506202000004
goods_two_way_supplemental_public_metric_check,AUS,Australia,2007,CMR,Cameroon,6.864480999999998,151,CHN,China,50147.506202000004
goods_two_way_supplemental_public_metric_check,AUS,Australia,2007,BRB,Barbados,6.5736789999999985,152,CHN,China,50147.506202000004
goods_two_way_supplemental_public_metric_check,AUS,Australia,2007,IRQ,Iraq,6.317089,153,CHN,China,50147.506202000004
goods_two_way_supplemental_public_metric_check,AUS,Australia,2007,SLE,Sierra Leone,6.298450000000001,154,CHN,China,50147.506202000004
goods_two_way_supplemental_public_metric_check,AUS,Australia,2007,GEO,Georgia,5.609736,155,CHN,China,50147.506202000004
goods_two_way_supplemental_public_metric_check,AUS,Australia,2007,COD,Congo - Kinshasa,5.573078000000001,156,CHN,China,50147.506202000004
goods_two_way_supplemental_public_metric_check,AUS,Australia,2007,NFK,Norfolk Island,5.185963,157,CHN,China,50147.506202000004
goods_two_way_supplemental_public_metric_check,AUS,Australia,2007,BIH,Bosnia & Herzegovina,4.9290780000000005,158,CHN,China,50147.506202000004
goods_two_way_supplemental_public_metric_check,AUS,Australia,2007,VGB,British Virgin Islands,4.455774,159,CHN,China,50147.506202000004
goods_two_way_supplemental_public_metric_check,AUS,Australia,2007,KGZ,Kyrgyzstan,4.162977000000001,160,CHN,China,50147.506202000004
goods_two_way_supplemental_public_metric_check,AUS,Australia,2007,WLF,Wallis & Futuna,4.070829000000001,161,CHN,China,50147.506202000004
goods_two_way_supplemental_public_metric_check,AUS,Australia,2007,BHS,Bahamas,4.044049,162,CHN,China,50147.506202000004
goods_two_way_supplemental_public_metric_check,AUS,Australia,2007,MRT,Mauritania,3.621088,163,CHN,China,50147.506202000004
goods_two_way_supplemental_public_metric_check,AUS,Australia,2007,ALB,Albania,3.6173840000000004,164,CHN,China,50147.506202000004
goods_two_way_supplemental_public_metric_check,AUS,Australia,2007,CCK,Cocos (Keeling) Islands,3.419052999999999,165,CHN,China,50147.506202000004
goods_two_way_supplemental_public_metric_check,AUS,Australia,2007,MHL,Marshall Islands,3.1186529999999997,166,CHN,China,50147.506202000004
goods_two_way_supplemental_public_metric_check,AUS,Australia,2007,BLZ,Belize,2.967174,167,CHN,China,50147.506202000004
goods_two_way_supplemental_public_metric_check,AUS,Australia,2007,NIU,Niue,2.928114,168,CHN,China,50147.506202000004
goods_two_way_supplemental_public_metric_check,AUS,Australia,2007,HTI,Haiti,2.777166,169,CHN,China,50147.506202000004
goods_two_way_supplemental_public_metric_check,AUS,Australia,2007,ATA,Antarctica,2.6110909999999996,170,CHN,China,50147.506202000004
goods_two_way_supplemental_public_metric_check,AUS,Australia,2007,TUV,Tuvalu,2.2822059999999995,171,CHN,China,50147.506202000004
goods_two_way_supplemental_public_metric_check,AUS,Australia,2007,DJI,Djibouti,2.169291,172,CHN,China,50147.506202000004
goods_two_way_supplemental_public_metric_check,AUS,Australia,2007,PCN,Pitcairn Islands,2.113493,173,CHN,China,50147.506202000004
goods_two_way_supplemental_public_metric_check,AUS,Australia,2007,PSE,Palestine,2.057748,174,CHN,China,50147.506202000004
goods_two_way_supplemental_public_metric_check,AUS,Australia,2007,BMU,Bermuda,1.9265120000000002,175,CHN,China,50147.506202000004
goods_two_way_supplemental_public_metric_check,AUS,Australia,2007,VCT,St. Vincent & Grenadines,1.830484,176,CHN,China,50147.506202000004
goods_two_way_supplemental_public_metric_check,AUS,Australia,2007,LBR,Liberia,1.7338049999999998,177,CHN,China,50147.506202000004
goods_two_way_supplemental_public_metric_check,AUS,Australia,2007,SUR,Suriname,1.6110120000000001,178,CHN,China,50147.506202000004
goods_two_way_supplemental_public_metric_check,AUS,Australia,2007,ATG,Antigua & Barbuda,1.6064100000000001,179,CHN,China,50147.506202000004
goods_two_way_supplemental_public_metric_check,AUS,Australia,2007,PRY,Paraguay,1.413037,180,CHN,China,50147.506202000004
goods_two_way_supplemental_public_metric_check,AUS,Australia,2007,GAB,Gabon,1.2158630000000001,181,CHN,China,50147.506202000004
goods_two_way_supplemental_public_metric_check,AUS,Australia,2007,UMI,United States Minor Outlying Islands (the),1.1341240000000001,182,CHN,China,50147.506202000004
goods_two_way_supplemental_public_metric_check,AUS,Australia,2007,AND,Andorra,1.0379409999999998,183,CHN,China,50147.506202000004
goods_two_way_supplemental_public_metric_check,AUS,Australia,2007,TGO,Togo,0.9956530000000001,184,CHN,China,50147.506202000004
goods_two_way_supplemental_public_metric_check,AUS,Australia,2007,PLW,Palau,0.9554039999999999,185,CHN,China,50147.506202000004
goods_two_way_supplemental_public_metric_check,AUS,Australia,2007,MDA,Moldova,0.868055,186,CHN,China,50147.506202000004
goods_two_way_supplemental_public_metric_check,AUS,Australia,2007,MNP,Northern Mariana Islands,0.8378760000000001,187,CHN,China,50147.506202000004
goods_two_way_supplemental_public_metric_check,AUS,Australia,2007,IOT,British Indian Ocean Territory,0.79205,188,CHN,China,50147.506202000004
goods_two_way_supplemental_public_metric_check,AUS,Australia,2007,RWA,Rwanda,0.782578,189,CHN,China,50147.506202000004
goods_two_way_supplemental_public_metric_check,AUS,Australia,2007,ERI,Eritrea,0.7258249999999999,190,CHN,China,50147.506202000004
goods_two_way_supplemental_public_metric_check,AUS,Australia,2007,TKM,Turkmenistan,0.7242430000000001,191,CHN,China,50147.506202000004
goods_two_way_supplemental_public_metric_check,AUS,Australia,2007,LCA,St. Lucia,0.6069079999999999,192,CHN,China,50147.506202000004
goods_two_way_supplemental_public_metric_check,AUS,Australia,2007,MNE,Montenegro,0.604417,193,CHN,China,50147.506202000004
goods_two_way_supplemental_public_metric_check,AUS,Australia,2007,FRO,Faroe Islands,0.5683139999999999,194,CHN,China,50147.506202000004
goods_two_way_supplemental_public_metric_check,AUS,Australia,2007,DMA,Dominica,0.549364,195,CHN,China,50147.506202000004
goods_two_way_supplemental_public_metric_check,AUS,Australia,2007,CYM,Cayman Islands,0.441091,196,CHN,China,50147.506202000004
goods_two_way_supplemental_public_metric_check,AUS,Australia,2007,CAF,Central African Republic,0.437356,197,CHN,China,50147.506202000004
goods_two_way_supplemental_public_metric_check,AUS,Australia,2007,FLK,Falkland Islands,0.39380100000000007,198,CHN,China,50147.506202000004
goods_two_way_supplemental_public_metric_check,AUS,Australia,2007,UZB,Uzbekistan,0.311034,199,CHN,China,50147.506202000004
goods_two_way_supplemental_public_metric_check,AUS,Australia,2007,KNA,St. Kitts & Nevis,0.299712,200,CHN,China,50147.506202000004
goods_two_way_supplemental_public_metric_check,AUS,Australia,2007,MYT,Mayotte,0.292453,201,CHN,China,50147.506202000004
goods_two_way_supplemental_public_metric_check,AUS,Australia,2007,GRD,Grenada,0.26842799999999994,202,CHN,China,50147.506202000004
goods_two_way_supplemental_public_metric_check,AUS,Australia,2007,BTN,Bhutan,0.267225,203,CHN,China,50147.506202000004
goods_two_way_supplemental_public_metric_check,AUS,Australia,2007,TJK,Tajikistan,0.239777,204,CHN,China,50147.506202000004
goods_two_way_supplemental_public_metric_check,AUS,Australia,2007,SOM,Somalia,0.224096,205,CHN,China,50147.506202000004
goods_two_way_supplemental_public_metric_check,AUS,Australia,2007,MSR,Montserrat,0.198912,206,CHN,China,50147.506202000004
goods_two_way_supplemental_public_metric_check,AUS,Australia,2007,LSO,Lesotho,0.17828100000000002,207,CHN,China,50147.506202000004
goods_two_way_supplemental_public_metric_check,AUS,Australia,2007,GNQ,Equatorial Guinea,0.174634,208,CHN,China,50147.506202000004
goods_two_way_supplemental_public_metric_check,AUS,Australia,2007,TCD,Chad,0.15237399999999998,209,CHN,China,50147.506202000004
goods_two_way_supplemental_public_metric_check,AUS,Australia,2007,GNB,Guinea-Bissau,0.121457,210,CHN,China,50147.506202000004
goods_two_way_supplemental_public_metric_check,AUS,Australia,2007,BDI,Burundi,0.10190200000000002,211,CHN,China,50147.506202000004
goods_two_way_supplemental_public_metric_check,AUS,Australia,2007,GMB,Gambia,0.08301900000000001,212,CHN,China,50147.506202000004
goods_two_way_supplemental_public_metric_check,AUS,Australia,2007,SHN,St. Helena,0.080024,213,CHN,China,50147.506202000004
goods_two_way_supplemental_public_metric_check,AUS,Australia,2007,GIB,Gibraltar,0.079378,214,CHN,China,50147.506202000004
goods_two_way_supplemental_public_metric_check,AUS,Australia,2007,STP,São Tomé & Príncipe,0.056629,215,CHN,China,50147.506202000004
goods_two_way_supplemental_public_metric_check,AUS,Australia,2007,COM,Comoros,0.048296,216,CHN,China,50147.506202000004
goods_two_way_supplemental_public_metric_check,AUS,Australia,2007,SPM,St. Pierre & Miquelon,0.043523,217,CHN,China,50147.506202000004
goods_two_way_supplemental_public_metric_check,AUS,Australia,2007,GRL,Greenland,0.038247,218,CHN,China,50147.506202000004
goods_two_way_supplemental_public_metric_check,AUS,Australia,2007,CPV,Cape Verde,0.034124999999999996,219,CHN,China,50147.506202000004
goods_two_way_supplemental_public_metric_check,AUS,Australia,2007,AIA,Anguilla,0.029495999999999998,220,CHN,China,50147.506202000004
goods_two_way_supplemental_public_metric_check,AUS,Australia,2007,TCA,Turks & Caicos Islands,0.00791,221,CHN,China,50147.506202000004
goods_two_way_supplemental_public_metric_check,AUS,Australia,2008,CHN,China,67097.00104799999,1,CHN,China,67097.00104799999
goods_two_way_supplemental_public_metric_check,AUS,Australia,2008,JPN,Japan,65357.802425999995,2,CHN,China,67097.00104799999
goods_two_way_supplemental_public_metric_check,AUS,Australia,2008,USA,United States,34167.25034300001,3,CHN,China,67097.00104799999
goods_two_way_supplemental_public_metric_check,AUS,Australia,2008,KOR,South Korea,23235.931335000012,4,CHN,China,67097.00104799999
goods_two_way_supplemental_public_metric_check,AUS,Australia,2008,SGP,Singapore,18286.354482000002,5,CHN,China,67097.00104799999
goods_two_way_supplemental_public_metric_check,AUS,Australia,2008,THA,Thailand,13764.488278,6,CHN,China,67097.00104799999
goods_two_way_supplemental_public_metric_check,AUS,Australia,2008,GBR,United Kingdom,13159.273927999999,7,CHN,China,67097.00104799999
goods_two_way_supplemental_public_metric_check,AUS,Australia,2008,NZL,New Zealand,12768.003202999998,8,CHN,China,67097.00104799999
goods_two_way_supplemental_public_metric_check,AUS,Australia,2008,DEU,Germany,12279.980795999996,9,CHN,China,67097.00104799999
goods_two_way_supplemental_public_metric_check,AUS,Australia,2008,TWN,Taiwan,11582.297415000001,10,CHN,China,67097.00104799999
goods_two_way_supplemental_public_metric_check,AUS,Australia,2008,IND,India,11093.040184000001,11,CHN,China,67097.00104799999
goods_two_way_supplemental_public_metric_check,AUS,Australia,2008,MYS,Malaysia,10878.881747,12,CHN,China,67097.00104799999
goods_two_way_supplemental_public_metric_check,AUS,Australia,2008,IDN,Indonesia,8188.415812000003,13,CHN,China,67097.00104799999
goods_two_way_supplemental_public_metric_check,AUS,Australia,2008,FRA,France,6423.2181200000005,14,CHN,China,67097.00104799999
goods_two_way_supplemental_public_metric_check,AUS,Australia,2008,ITA,Italy,6371.123959999999,15,CHN,China,67097.00104799999
goods_two_way_supplemental_public_metric_check,AUS,Australia,2008,VNM,Vietnam,5867.301055,16,CHN,China,67097.00104799999
goods_two_way_supplemental_public_metric_check,AUS,Australia,2008,ARE,United Arab Emirates,5321.987672000001,17,CHN,China,67097.00104799999
goods_two_way_supplemental_public_metric_check,AUS,Australia,2008,CAN,Canada,3855.5979070000003,18,CHN,China,67097.00104799999
goods_two_way_supplemental_public_metric_check,AUS,Australia,2008,PNG,Papua New Guinea,3679.9920260000004,19,CHN,China,67097.00104799999
goods_two_way_supplemental_public_metric_check,AUS,Australia,2008,HKG,Hong Kong,3373.2259520000002,20,CHN,China,67097.00104799999
goods_two_way_supplemental_public_metric_check,AUS,Australia,2008,BEL,Belgium,3032.2901090000005,21,CHN,China,67097.00104799999
goods_two_way_supplemental_public_metric_check,AUS,Australia,2008,ZAF,South Africa,3014.2705889999993,22,CHN,China,67097.00104799999
goods_two_way_supplemental_public_metric_check,AUS,Australia,2008,ESP,Spain,2972.7499050000006,23,CHN,China,67097.00104799999
goods_two_way_supplemental_public_metric_check,AUS,Australia,2008,SAU,Saudi Arabia,2895.361733,24,CHN,China,67097.00104799999
goods_two_way_supplemental_public_metric_check,AUS,Australia,2008,SWE,Sweden,2842.2847810000003,25,CHN,China,67097.00104799999
goods_two_way_supplemental_public_metric_check,AUS,Australia,2008,BRA,Brazil,2677.8104840000005,26,CHN,China,67097.00104799999
goods_two_way_supplemental_public_metric_check,AUS,Australia,2008,NLD,Netherlands,2365.1731010000008,27,CHN,China,67097.00104799999
goods_two_way_supplemental_public_metric_check,AUS,Australia,2008,CHE,Switzerland,2156.164947,28,CHN,China,67097.00104799999
goods_two_way_supplemental_public_metric_check,AUS,Australia,2008,IRL,Ireland,2102.171725,29,CHN,China,67097.00104799999
goods_two_way_supplemental_public_metric_check,AUS,Australia,2008,MEX,Mexico,2007.362743,30,CHN,China,67097.00104799999
goods_two_way_supplemental_public_metric_check,AUS,Australia,2008,FIN,Finland,1870.442206,31,CHN,China,67097.00104799999
goods_two_way_supplemental_public_metric_check,AUS,Australia,2008,RUS,Russia,1595.110552,32,CHN,China,67097.00104799999
goods_two_way_supplemental_public_metric_check,AUS,Australia,2008,PHL,Philippines,1575.3402769999998,33,CHN,China,67097.00104799999
goods_two_way_supplemental_public_metric_check,AUS,Australia,2008,TUR,Turkey,1241.6392349999996,34,CHN,China,67097.00104799999
goods_two_way_supplemental_public_metric_check,AUS,Australia,2008,BRN,Brunei,1143.1782609999998,35,CHN,China,67097.00104799999
goods_two_way_supplemental_public_metric_check,AUS,Australia,2008,AUT,Austria,1093.761995,36,CHN,China,67097.00104799999
goods_two_way_supplemental_public_metric_check,AUS,Australia,2008,DNK,Denmark,1053.130636,37,CHN,China,67097.00104799999
goods_two_way_supplemental_public_metric_check,AUS,Australia,2008,BHR,Bahrain,1039.8510789999998,38,CHN,China,67097.00104799999
goods_two_way_supplemental_public_metric_check,AUS,Australia,2008,ISR,Israel,977.6294979999999,39,CHN,China,67097.00104799999
goods_two_way_supplemental_public_metric_check,AUS,Australia,2008,CHL,Chile,931.6869239999999,40,CHN,China,67097.00104799999
goods_two_way_supplemental_public_metric_check,AUS,Australia,2008,PAK,Pakistan,666.0782800000002,41,CHN,China,67097.00104799999
goods_two_way_supplemental_public_metric_check,AUS,Australia,2008,ARG,Argentina,627.626771,42,CHN,China,67097.00104799999
goods_two_way_supplemental_public_metric_check,AUS,Australia,2008,NOR,Norway,622.6457389999999,43,CHN,China,67097.00104799999
goods_two_way_supplemental_public_metric_check,AUS,Australia,2008,KWT,Kuwait,604.1416480000001,44,CHN,China,67097.00104799999
goods_two_way_supplemental_public_metric_check,AUS,Australia,2008,FJI,Fiji,574.5747170000001,45,CHN,China,67097.00104799999
goods_two_way_supplemental_public_metric_check,AUS,Australia,2008,QAT,Qatar,547.233897,46,CHN,China,67097.00104799999
goods_two_way_supplemental_public_metric_check,AUS,Australia,2008,UKR,Ukraine,527.4009230000001,47,CHN,China,67097.00104799999
goods_two_way_supplemental_public_metric_check,AUS,Australia,2008,POL,Poland,488.294223,48,CHN,China,67097.00104799999
goods_two_way_supplemental_public_metric_check,AUS,Australia,2008,CZE,Czechia,461.92750499999994,49,CHN,China,67097.00104799999
goods_two_way_supplemental_public_metric_check,AUS,Australia,2008,OMN,Oman,419.44070400000015,50,CHN,China,67097.00104799999
goods_two_way_supplemental_public_metric_check,AUS,Australia,2008,HUN,Hungary,380.16516800000005,51,CHN,China,67097.00104799999
goods_two_way_supplemental_public_metric_check,AUS,Australia,2008,NCL,New Caledonia,350.9022940000001,52,CHN,China,67097.00104799999
goods_two_way_supplemental_public_metric_check,AUS,Australia,2008,DZA,Algeria,312.402618,53,CHN,China,67097.00104799999
goods_two_way_supplemental_public_metric_check,AUS,Australia,2008,YEM,Yemen,308.2836089999999,54,CHN,China,67097.00104799999
goods_two_way_supplemental_public_metric_check,AUS,Australia,2008,MAR,Morocco,298.718172,55,CHN,China,67097.00104799999
goods_two_way_supplemental_public_metric_check,AUS,Australia,2008,EGY,Egypt,295.78288900000007,56,CHN,China,67097.00104799999
goods_two_way_supplemental_public_metric_check,AUS,Australia,2008,ISL,Iceland,294.88459200000005,57,CHN,China,67097.00104799999
goods_two_way_supplemental_public_metric_check,AUS,Australia,2008,LKA,Sri Lanka,293.69176600000003,58,CHN,China,67097.00104799999
goods_two_way_supplemental_public_metric_check,AUS,Australia,2008,SDN,Sudan,278.10212,59,CHN,China,67097.00104799999
goods_two_way_supplemental_public_metric_check,AUS,Australia,2008,IRN,Iran,265.255109,60,CHN,China,67097.00104799999
goods_two_way_supplemental_public_metric_check,AUS,Australia,2008,ROU,Romania,258.96103400000004,61,CHN,China,67097.00104799999
goods_two_way_supplemental_public_metric_check,AUS,Australia,2008,BGD,Bangladesh,235.75824899999998,62,CHN,China,67097.00104799999
goods_two_way_supplemental_public_metric_check,AUS,Australia,2008,GRC,Greece,216.91470999999999,63,CHN,China,67097.00104799999
goods_two_way_supplemental_public_metric_check,AUS,Australia,2008,SVK,Slovakia,211.91347400000004,64,CHN,China,67097.00104799999
goods_two_way_supplemental_public_metric_check,AUS,Australia,2008,PRT,Portugal,172.37217099999998,65,CHN,China,67097.00104799999
goods_two_way_supplemental_public_metric_check,AUS,Australia,2008,PER,Peru,168.691489,66,CHN,China,67097.00104799999
goods_two_way_supplemental_public_metric_check,AUS,Australia,2008,IRQ,Iraq,146.59615900000003,67,CHN,China,67097.00104799999
goods_two_way_supplemental_public_metric_check,AUS,Australia,2008,NGA,Nigeria,140.28944800000002,68,CHN,China,67097.00104799999
goods_two_way_supplemental_public_metric_check,AUS,Australia,2008,GHA,Ghana,134.78228900000002,69,CHN,China,67097.00104799999
goods_two_way_supplemental_public_metric_check,AUS,Australia,2008,WSM,Samoa,129.74084800000003,70,CHN,China,67097.00104799999
goods_two_way_supplemental_public_metric_check,AUS,Australia,2008,MUS,Mauritius,124.929372,71,CHN,China,67097.00104799999
goods_two_way_supplemental_public_metric_check,AUS,Australia,2008,CRI,Costa Rica,116.415957,72,CHN,China,67097.00104799999
goods_two_way_supplemental_public_metric_check,AUS,Australia,2008,JOR,Jordan,109.08443499999998,73,CHN,China,67097.00104799999
goods_two_way_supplemental_public_metric_check,AUS,Australia,2008,BGR,Bulgaria,107.15004399999998,74,CHN,China,67097.00104799999
goods_two_way_supplemental_public_metric_check,AUS,Australia,2008,TZA,Tanzania,107.11305099999998,75,CHN,China,67097.00104799999
goods_two_way_supplemental_public_metric_check,AUS,Australia,2008,KAZ,Kazakhstan,82.29782600000001,76,CHN,China,67097.00104799999
goods_two_way_supplemental_public_metric_check,AUS,Australia,2008,COL,Colombia,79.44857200000001,77,CHN,China,67097.00104799999
goods_two_way_supplemental_public_metric_check,AUS,Australia,2008,PYF,French Polynesia,77.67672200000001,78,CHN,China,67097.00104799999
goods_two_way_supplemental_public_metric_check,AUS,Australia,2008,GIN,Guinea,73.08157899999999,79,CHN,China,67097.00104799999
goods_two_way_supplemental_public_metric_check,AUS,Australia,2008,SVN,Slovenia,69.34654699999999,80,CHN,China,67097.00104799999
goods_two_way_supplemental_public_metric_check,AUS,Australia,2008,MAC,Macao,63.31577,81,CHN,China,67097.00104799999
goods_two_way_supplemental_public_metric_check,AUS,Australia,2008,VUT,Vanuatu,57.37442899999999,82,CHN,China,67097.00104799999
goods_two_way_supplemental_public_metric_check,AUS,Australia,2008,TUN,Tunisia,52.942187,83,CHN,China,67097.00104799999
goods_two_way_supplemental_public_metric_check,AUS,Australia,2008,SWZ,Eswatini,52.36424600000001,84,CHN,China,67097.00104799999
goods_two_way_supplemental_public_metric_check,AUS,Australia,2008,ZMB,Zambia,49.980587,85,CHN,China,67097.00104799999
goods_two_way_supplemental_public_metric_check,AUS,Australia,2008,SLB,Solomon Islands,48.85178299999999,86,CHN,China,67097.00104799999
goods_two_way_supplemental_public_metric_check,AUS,Australia,2008,MMR,Myanmar (Burma),45.229704,87,CHN,China,67097.00104799999
goods_two_way_supplemental_public_metric_check,AUS,Australia,2008,LBN,Lebanon,44.465101000000004,88,CHN,China,67097.00104799999
goods_two_way_supplemental_public_metric_check,AUS,Australia,2008,GTM,Guatemala,44.34723099999999,89,CHN,China,67097.00104799999
goods_two_way_supplemental_public_metric_check,AUS,Australia,2008,LTU,Lithuania,41.77357,90,CHN,China,67097.00104799999
goods_two_way_supplemental_public_metric_check,AUS,Australia,2008,SYR,Syria,41.580045,91,CHN,China,67097.00104799999
goods_two_way_supplemental_public_metric_check,AUS,Australia,2008,TTO,Trinidad & Tobago,41.227186,92,CHN,China,67097.00104799999
goods_two_way_supplemental_public_metric_check,AUS,Australia,2008,VEN,Venezuela,38.432233000000004,93,CHN,China,67097.00104799999
goods_two_way_supplemental_public_metric_check,AUS,Australia,2008,SLV,El Salvador,36.632234999999994,94,CHN,China,67097.00104799999
goods_two_way_supplemental_public_metric_check,AUS,Australia,2008,NPL,Nepal,34.683195,95,CHN,China,67097.00104799999
goods_two_way_supplemental_public_metric_check,AUS,Australia,2008,LBY,Libya,34.290017,96,CHN,China,67097.00104799999
goods_two_way_supplemental_public_metric_check,AUS,Australia,2008,KHM,Cambodia,33.76874,97,CHN,China,67097.00104799999
goods_two_way_supplemental_public_metric_check,AUS,Australia,2008,CXR,Christmas Island,31.355471999999992,98,CHN,China,67097.00104799999
goods_two_way_supplemental_public_metric_check,AUS,Australia,2008,TLS,Timor-Leste,30.91224699999999,99,CHN,China,67097.00104799999
goods_two_way_supplemental_public_metric_check,AUS,Australia,2008,URY,Uruguay,30.519484000000006,100,CHN,China,67097.00104799999
goods_two_way_supplemental_public_metric_check,AUS,Australia,2008,CIV,Côte d'Ivoire,29.955727999999997,101,CHN,China,67097.00104799999
goods_two_way_supplemental_public_metric_check,AUS,Australia,2008,HRV,Croatia,29.825279000000002,102,CHN,China,67097.00104799999
goods_two_way_supplemental_public_metric_check,AUS,Australia,2008,EST,Estonia,29.336973000000004,103,CHN,China,67097.00104799999
goods_two_way_supplemental_public_metric_check,AUS,Australia,2008,KEN,Kenya,29.104279,104,CHN,China,67097.00104799999
goods_two_way_supplemental_public_metric_check,AUS,Australia,2008,NRU,Nauru,28.744452999999993,105,CHN,China,67097.00104799999
goods_two_way_supplemental_public_metric_check,AUS,Australia,2008,DOM,Dominican Republic,28.546237999999995,106,CHN,China,67097.00104799999
goods_two_way_supplemental_public_metric_check,AUS,Australia,2008,MDV,Maldives,27.204769999999996,107,CHN,China,67097.00104799999
goods_two_way_supplemental_public_metric_check,AUS,Australia,2008,KIR,Kiribati,26.440248999999998,108,CHN,China,67097.00104799999
goods_two_way_supplemental_public_metric_check,AUS,Australia,2008,LUX,Luxembourg,25.839530000000003,109,CHN,China,67097.00104799999
goods_two_way_supplemental_public_metric_check,AUS,Australia,2008,ECU,Ecuador,24.824630999999997,110,CHN,China,67097.00104799999
goods_two_way_supplemental_public_metric_check,AUS,Australia,2008,SEN,Senegal,23.992088,111,CHN,China,67097.00104799999
goods_two_way_supplemental_public_metric_check,AUS,Australia,2008,SYC,Seychelles,22.794275,112,CHN,China,67097.00104799999
goods_two_way_supplemental_public_metric_check,AUS,Australia,2008,JAM,Jamaica,22.571975999999996,113,CHN,China,67097.00104799999
goods_two_way_supplemental_public_metric_check,AUS,Australia,2008,CYP,Cyprus,22.413360999999995,114,CHN,China,67097.00104799999
goods_two_way_supplemental_public_metric_check,AUS,Australia,2008,MLI,Mali,21.603948000000003,115,CHN,China,67097.00104799999
goods_two_way_supplemental_public_metric_check,AUS,Australia,2008,NAM,Namibia,21.007534,116,CHN,China,67097.00104799999
goods_two_way_supplemental_public_metric_check,AUS,Australia,2008,ETH,Ethiopia,20.779061,117,CHN,China,67097.00104799999
goods_two_way_supplemental_public_metric_check,AUS,Australia,2008,MLT,Malta,20.590981,118,CHN,China,67097.00104799999
goods_two_way_supplemental_public_metric_check,AUS,Australia,2008,BLR,Belarus,20.546638,119,CHN,China,67097.00104799999
goods_two_way_supplemental_public_metric_check,AUS,Australia,2008,BFA,Burkina Faso,20.018420000000006,120,CHN,China,67097.00104799999
goods_two_way_supplemental_public_metric_check,AUS,Australia,2008,MDG,Madagascar,19.059697999999997,121,CHN,China,67097.00104799999
goods_two_way_supplemental_public_metric_check,AUS,Australia,2008,CMR,Cameroon,17.237007,122,CHN,China,67097.00104799999
goods_two_way_supplemental_public_metric_check,AUS,Australia,2008,TON,Tonga,16.933243,123,CHN,China,67097.00104799999
goods_two_way_supplemental_public_metric_check,AUS,Australia,2008,PAN,Panama,16.559954,124,CHN,China,67097.00104799999
goods_two_way_supplemental_public_metric_check,AUS,Australia,2008,ASM,American Samoa,14.8462,125,CHN,China,67097.00104799999
goods_two_way_supplemental_public_metric_check,AUS,Australia,2008,MNG,Mongolia,14.593370999999996,126,CHN,China,67097.00104799999
goods_two_way_supplemental_public_metric_check,AUS,Australia,2008,KGZ,Kyrgyzstan,14.432048000000002,127,CHN,China,67097.00104799999
goods_two_way_supplemental_public_metric_check,AUS,Australia,2008,HND,Honduras,13.996813,128,CHN,China,67097.00104799999
goods_two_way_supplemental_public_metric_check,AUS,Australia,2008,SRB,Serbia,13.076045,129,CHN,China,67097.00104799999
goods_two_way_supplemental_public_metric_check,AUS,Australia,2008,LAO,Laos,12.800832,130,CHN,China,67097.00104799999
goods_two_way_supplemental_public_metric_check,AUS,Australia,2008,BOL,Bolivia,12.717999,131,CHN,China,67097.00104799999
goods_two_way_supplemental_public_metric_check,AUS,Australia,2008,BRB,Barbados,11.639875000000002,132,CHN,China,67097.00104799999
goods_two_way_supplemental_public_metric_check,AUS,Australia,2008,CUB,Cuba,11.164093,133,CHN,China,67097.00104799999
goods_two_way_supplemental_public_metric_check,AUS,Australia,2008,AFG,Afghanistan,9.607641999999998,134,CHN,China,67097.00104799999
goods_two_way_supplemental_public_metric_check,AUS,Australia,2008,AGO,Angola,9.332768999999999,135,CHN,China,67097.00104799999
goods_two_way_supplemental_public_metric_check,AUS,Australia,2008,BHS,Bahamas,9.234128,136,CHN,China,67097.00104799999
goods_two_way_supplemental_public_metric_check,AUS,Australia,2008,GUM,Guam,8.705845000000002,137,CHN,China,67097.00104799999
goods_two_way_supplemental_public_metric_check,AUS,Australia,2008,COK,Cook Islands,8.334139000000002,138,CHN,China,67097.00104799999
goods_two_way_supplemental_public_metric_check,AUS,Australia,2008,NIC,Nicaragua,8.290993999999998,139,CHN,China,67097.00104799999
goods_two_way_supplemental_public_metric_check,AUS,Australia,2008,MHL,Marshall Islands,7.454162,140,CHN,China,67097.00104799999
goods_two_way_supplemental_public_metric_check,AUS,Australia,2008,MOZ,Mozambique,7.407109999999999,141,CHN,China,67097.00104799999
goods_two_way_supplemental_public_metric_check,AUS,Australia,2008,GEO,Georgia,7.403585,142,CHN,China,67097.00104799999
goods_two_way_supplemental_public_metric_check,AUS,Australia,2008,MKD,North Macedonia,7.372529,143,CHN,China,67097.00104799999
goods_two_way_supplemental_public_metric_check,AUS,Australia,2008,NER,Niger,7.273882999999999,144,CHN,China,67097.00104799999
goods_two_way_supplemental_public_metric_check,AUS,Australia,2008,BWA,Botswana,7.0010069999999995,145,CHN,China,67097.00104799999
goods_two_way_supplemental_public_metric_check,AUS,Australia,2008,UGA,Uganda,6.825932000000001,146,CHN,China,67097.00104799999
goods_two_way_supplemental_public_metric_check,AUS,Australia,2008,MRT,Mauritania,6.802772,147,CHN,China,67097.00104799999
goods_two_way_supplemental_public_metric_check,AUS,Australia,2008,LVA,Latvia,6.539785,148,CHN,China,67097.00104799999
goods_two_way_supplemental_public_metric_check,AUS,Australia,2008,PRK,North Korea,6.445638000000001,149,CHN,China,67097.00104799999
goods_two_way_supplemental_public_metric_check,AUS,Australia,2008,ARM,Armenia,6.331579,150,CHN,China,67097.00104799999
goods_two_way_supplemental_public_metric_check,AUS,Australia,2008,FSM,Micronesia (Federated States of),6.247082999999999,151,CHN,China,67097.00104799999
goods_two_way_supplemental_public_metric_check,AUS,Australia,2008,NFK,Norfolk Island,5.989918000000001,152,CHN,China,67097.00104799999
goods_two_way_supplemental_public_metric_check,AUS,Australia,2008,BIH,Bosnia & Herzegovina,5.332086999999999,153,CHN,China,67097.00104799999
goods_two_way_supplemental_public_metric_check,AUS,Australia,2008,ATA,Antarctica,5.048506000000001,154,CHN,China,67097.00104799999
goods_two_way_supplemental_public_metric_check,AUS,Australia,2008,TUV,Tuvalu,5.043556000000001,155,CHN,China,67097.00104799999
goods_two_way_supplemental_public_metric_check,AUS,Australia,2008,ZWE,Zimbabwe,4.992785,156,CHN,China,67097.00104799999
goods_two_way_supplemental_public_metric_check,AUS,Australia,2008,AZE,Azerbaijan,4.579002,157,CHN,China,67097.00104799999
goods_two_way_supplemental_public_metric_check,AUS,Australia,2008,CCK,Cocos (Keeling) Islands,4.506297,158,CHN,China,67097.00104799999
goods_two_way_supplemental_public_metric_check,AUS,Australia,2008,WLF,Wallis & Futuna,4.359450000000001,159,CHN,China,67097.00104799999
goods_two_way_supplemental_public_metric_check,AUS,Australia,2008,MWI,Malawi,4.280196999999999,160,CHN,China,67097.00104799999
goods_two_way_supplemental_public_metric_check,AUS,Australia,2008,SLE,Sierra Leone,4.225181,161,CHN,China,67097.00104799999
goods_two_way_supplemental_public_metric_check,AUS,Australia,2008,DMA,Dominica,3.538366,162,CHN,China,67097.00104799999
goods_two_way_supplemental_public_metric_check,AUS,Australia,2008,HTI,Haiti,3.270538,163,CHN,China,67097.00104799999
goods_two_way_supplemental_public_metric_check,AUS,Australia,2008,RWA,Rwanda,3.1278919999999997,164,CHN,China,67097.00104799999
goods_two_way_supplemental_public_metric_check,AUS,Australia,2008,DJI,Djibouti,2.8950400000000003,165,CHN,China,67097.00104799999
goods_two_way_supplemental_public_metric_check,AUS,Australia,2008,ALB,Albania,2.8232320000000004,166,CHN,China,67097.00104799999
goods_two_way_supplemental_public_metric_check,AUS,Australia,2008,ANT,Netherlands Antilles,2.754638,167,CHN,China,67097.00104799999
goods_two_way_supplemental_public_metric_check,AUS,Australia,2008,LCA,St. Lucia,2.754318,168,CHN,China,67097.00104799999
goods_two_way_supplemental_public_metric_check,AUS,Australia,2008,GAB,Gabon,2.5784789999999997,169,CHN,China,67097.00104799999
goods_two_way_supplemental_public_metric_check,AUS,Australia,2008,VCT,St. Vincent & Grenadines,2.4165389999999998,170,CHN,China,67097.00104799999
goods_two_way_supplemental_public_metric_check,AUS,Australia,2008,GUY,Guyana,2.3511000000000006,171,CHN,China,67097.00104799999
goods_two_way_supplemental_public_metric_check,AUS,Australia,2008,VGB,British Virgin Islands,2.2551710000000007,172,CHN,China,67097.00104799999
goods_two_way_supplemental_public_metric_check,AUS,Australia,2008,BLZ,Belize,1.999293,173,CHN,China,67097.00104799999
goods_two_way_supplemental_public_metric_check,AUS,Australia,2008,PRY,Paraguay,1.983544,174,CHN,China,67097.00104799999
goods_two_way_supplemental_public_metric_check,AUS,Australia,2008,PSE,Palestine,1.8148900000000001,175,CHN,China,67097.00104799999
goods_two_way_supplemental_public_metric_check,AUS,Australia,2008,BMU,Bermuda,1.6804910000000002,176,CHN,China,67097.00104799999
goods_two_way_supplemental_public_metric_check,AUS,Australia,2008,PLW,Palau,1.6792100000000003,177,CHN,China,67097.00104799999
goods_two_way_supplemental_public_metric_check,AUS,Australia,2008,MNP,Northern Mariana Islands,1.644434,178,CHN,China,67097.00104799999
goods_two_way_supplemental_public_metric_check,AUS,Australia,2008,TGO,Togo,1.6028859999999998,179,CHN,China,67097.00104799999
goods_two_way_supplemental_public_metric_check,AUS,Australia,2008,BEN,Benin,1.566847,180,CHN,China,67097.00104799999
goods_two_way_supplemental_public_metric_check,AUS,Australia,2008,COG,Congo - Brazzaville,1.5382289999999998,181,CHN,China,67097.00104799999
goods_two_way_supplemental_public_metric_check,AUS,Australia,2008,MDA,Moldova,1.450381,182,CHN,China,67097.00104799999
goods_two_way_supplemental_public_metric_check,AUS,Australia,2008,MYT,Mayotte,1.247351,183,CHN,China,67097.00104799999
goods_two_way_supplemental_public_metric_check,AUS,Australia,2008,ATG,Antigua & Barbuda,1.240391,184,CHN,China,67097.00104799999
goods_two_way_supplemental_public_metric_check,AUS,Australia,2008,COD,Congo - Kinshasa,1.0339559999999999,185,CHN,China,67097.00104799999
goods_two_way_supplemental_public_metric_check,AUS,Australia,2008,SUR,Suriname,1.012452,186,CHN,China,67097.00104799999
goods_two_way_supplemental_public_metric_check,AUS,Australia,2008,TJK,Tajikistan,0.865335,187,CHN,China,67097.00104799999
goods_two_way_supplemental_public_metric_check,AUS,Australia,2008,PCN,Pitcairn Islands,0.7675589999999999,188,CHN,China,67097.00104799999
goods_two_way_supplemental_public_metric_check,AUS,Australia,2008,LBR,Liberia,0.741907,189,CHN,China,67097.00104799999
goods_two_way_supplemental_public_metric_check,AUS,Australia,2008,FRO,Faroe Islands,0.7418010000000002,190,CHN,China,67097.00104799999
goods_two_way_supplemental_public_metric_check,AUS,Australia,2008,GRL,Greenland,0.7373569999999999,191,CHN,China,67097.00104799999
goods_two_way_supplemental_public_metric_check,AUS,Australia,2008,ERI,Eritrea,0.598957,192,CHN,China,67097.00104799999
goods_two_way_supplemental_public_metric_check,AUS,Australia,2008,UZB,Uzbekistan,0.5989019999999999,193,CHN,China,67097.00104799999
goods_two_way_supplemental_public_metric_check,AUS,Australia,2008,GNQ,Equatorial Guinea,0.5733060000000001,194,CHN,China,67097.00104799999
goods_two_way_supplemental_public_metric_check,AUS,Australia,2008,MSR,Montserrat,0.515194,195,CHN,China,67097.00104799999
goods_two_way_supplemental_public_metric_check,AUS,Australia,2008,BTN,Bhutan,0.44452200000000003,196,CHN,China,67097.00104799999
goods_two_way_supplemental_public_metric_check,AUS,Australia,2008,CYM,Cayman Islands,0.419084,197,CHN,China,67097.00104799999
goods_two_way_supplemental_public_metric_check,AUS,Australia,2008,SOM,Somalia,0.38356,198,CHN,China,67097.00104799999
goods_two_way_supplemental_public_metric_check,AUS,Australia,2008,IOT,British Indian Ocean Territory,0.370525,199,CHN,China,67097.00104799999
goods_two_way_supplemental_public_metric_check,AUS,Australia,2008,GMB,Gambia,0.33121999999999996,200,CHN,China,67097.00104799999
goods_two_way_supplemental_public_metric_check,AUS,Australia,2008,GRD,Grenada,0.31839399999999995,201,CHN,China,67097.00104799999
goods_two_way_supplemental_public_metric_check,AUS,Australia,2008,CAF,Central African Republic,0.307247,202,CHN,China,67097.00104799999
goods_two_way_supplemental_public_metric_check,AUS,Australia,2008,TKM,Turkmenistan,0.28327100000000005,203,CHN,China,67097.00104799999
goods_two_way_supplemental_public_metric_check,AUS,Australia,2008,BDI,Burundi,0.255806,204,CHN,China,67097.00104799999
goods_two_way_supplemental_public_metric_check,AUS,Australia,2008,SHN,St. Helena,0.24850300000000003,205,CHN,China,67097.00104799999
goods_two_way_supplemental_public_metric_check,AUS,Australia,2008,MNE,Montenegro,0.193785,206,CHN,China,67097.00104799999
goods_two_way_supplemental_public_metric_check,AUS,Australia,2008,UMI,United States Minor Outlying Islands (the),0.18024099999999998,207,CHN,China,67097.00104799999
goods_two_way_supplemental_public_metric_check,AUS,Australia,2008,FLK,Falkland Islands,0.178233,208,CHN,China,67097.00104799999
goods_two_way_supplemental_public_metric_check,AUS,Australia,2008,TCD,Chad,0.162388,209,CHN,China,67097.00104799999
goods_two_way_supplemental_public_metric_check,AUS,Australia,2008,STP,São Tomé & Príncipe,0.131325,210,CHN,China,67097.00104799999
goods_two_way_supplemental_public_metric_check,AUS,Australia,2008,LSO,Lesotho,0.130403,211,CHN,China,67097.00104799999
goods_two_way_supplemental_public_metric_check,AUS,Australia,2008,KNA,St. Kitts & Nevis,0.115726,212,CHN,China,67097.00104799999
goods_two_way_supplemental_public_metric_check,AUS,Australia,2008,ESH,Western Sahara,0.114663,213,CHN,China,67097.00104799999
goods_two_way_supplemental_public_metric_check,AUS,Australia,2008,NIU,Niue,0.089183,214,CHN,China,67097.00104799999
goods_two_way_supplemental_public_metric_check,AUS,Australia,2008,COM,Comoros,0.059891,215,CHN,China,67097.00104799999
goods_two_way_supplemental_public_metric_check,AUS,Australia,2008,GIB,Gibraltar,0.050016000000000005,216,CHN,China,67097.00104799999
goods_two_way_supplemental_public_metric_check,AUS,Australia,2008,SPM,St. Pierre & Miquelon,0.049284999999999995,217,CHN,China,67097.00104799999
goods_two_way_supplemental_public_metric_check,AUS,Australia,2008,AND,Andorra,0.042125,218,CHN,China,67097.00104799999
goods_two_way_supplemental_public_metric_check,AUS,Australia,2008,AIA,Anguilla,0.039014999999999994,219,CHN,China,67097.00104799999
goods_two_way_supplemental_public_metric_check,AUS,Australia,2008,CPV,Cape Verde,0.029239,220,CHN,China,67097.00104799999
goods_two_way_supplemental_public_metric_check,AUS,Australia,2008,TCA,Turks & Caicos Islands,0.028997000000000002,221,CHN,China,67097.00104799999
goods_two_way_supplemental_public_metric_check,AUS,Australia,2008,GNB,Guinea-Bissau,0.019547000000000002,222,CHN,China,67097.00104799999
goods_two_way_supplemental_public_metric_check,AUS,Australia,2009,CHN,China,66904.563162,1,CHN,China,66904.563162
goods_two_way_supplemental_public_metric_check,AUS,Australia,2009,JPN,Japan,48615.661731,2,CHN,China,66904.563162
goods_two_way_supplemental_public_metric_check,AUS,Australia,2009,USA,United States,26331.632625,3,CHN,China,66904.563162
goods_two_way_supplemental_public_metric_check,AUS,Australia,2009,KOR,South Korea,20058.274006,4,CHN,China,66904.563162
goods_two_way_supplemental_public_metric_check,AUS,Australia,2009,IND,India,13751.986261,5,CHN,China,66904.563162
goods_two_way_supplemental_public_metric_check,AUS,Australia,2009,THA,Thailand,13179.736015999999,6,CHN,China,66904.563162
goods_two_way_supplemental_public_metric_check,AUS,Australia,2009,SGP,Singapore,12837.498332,7,CHN,China,66904.563162
goods_two_way_supplemental_public_metric_check,AUS,Australia,2009,DEU,Germany,10873.378877000001,8,CHN,China,66904.563162
goods_two_way_supplemental_public_metric_check,AUS,Australia,2009,NZL,New Zealand,9984.167598,9,CHN,China,66904.563162
goods_two_way_supplemental_public_metric_check,AUS,Australia,2009,MYS,Malaysia,8536.055112,10,CHN,China,66904.563162
goods_two_way_supplemental_public_metric_check,AUS,Australia,2009,TWN,Taiwan,8378.006232999998,11,CHN,China,66904.563162
goods_two_way_supplemental_public_metric_check,AUS,Australia,2009,GBR,United Kingdom,8357.150293,12,CHN,China,66904.563162
goods_two_way_supplemental_public_metric_check,AUS,Australia,2009,IDN,Indonesia,7039.004786,13,CHN,China,66904.563162
goods_two_way_supplemental_public_metric_check,AUS,Australia,2009,ITA,Italy,4924.379804000001,14,CHN,China,66904.563162
goods_two_way_supplemental_public_metric_check,AUS,Australia,2009,FRA,France,4708.995220999999,15,CHN,China,66904.563162
goods_two_way_supplemental_public_metric_check,AUS,Australia,2009,PNG,Papua New Guinea,3630.8496160000004,16,CHN,China,66904.563162
goods_two_way_supplemental_public_metric_check,AUS,Australia,2009,VNM,Vietnam,3501.040658,17,CHN,China,66904.563162
goods_two_way_supplemental_public_metric_check,AUS,Australia,2009,HKG,Hong Kong,3098.305265,18,CHN,China,66904.563162
goods_two_way_supplemental_public_metric_check,AUS,Australia,2009,CAN,Canada,2980.891653,19,CHN,China,66904.563162
goods_two_way_supplemental_public_metric_check,AUS,Australia,2009,ARE,United Arab Emirates,2878.821425,20,CHN,China,66904.563162
goods_two_way_supplemental_public_metric_check,AUS,Australia,2009,CHE,Switzerland,2250.5022789999994,21,CHN,China,66904.563162
goods_two_way_supplemental_public_metric_check,AUS,Australia,2009,BEL,Belgium,2135.6171050000003,22,CHN,China,66904.563162
goods_two_way_supplemental_public_metric_check,AUS,Australia,2009,SAU,Saudi Arabia,2129.4446789999993,23,CHN,China,66904.563162
goods_two_way_supplemental_public_metric_check,AUS,Australia,2009,SWE,Sweden,2062.7645270000003,24,CHN,China,66904.563162
goods_two_way_supplemental_public_metric_check,AUS,Australia,2009,IRL,Ireland,1999.774698,25,CHN,China,66904.563162
goods_two_way_supplemental_public_metric_check,AUS,Australia,2009,NLD,Netherlands,1956.9357639999996,26,CHN,China,66904.563162
goods_two_way_supplemental_public_metric_check,AUS,Australia,2009,ESP,Spain,1898.33984,27,CHN,China,66904.563162
goods_two_way_supplemental_public_metric_check,AUS,Australia,2009,ZAF,South Africa,1830.2184399999996,28,CHN,China,66904.563162
goods_two_way_supplemental_public_metric_check,AUS,Australia,2009,MEX,Mexico,1737.4936249999996,29,CHN,China,66904.563162
goods_two_way_supplemental_public_metric_check,AUS,Australia,2009,BRA,Brazil,1480.901658,30,CHN,China,66904.563162
goods_two_way_supplemental_public_metric_check,AUS,Australia,2009,PHL,Philippines,1166.0314040000003,31,CHN,China,66904.563162
goods_two_way_supplemental_public_metric_check,AUS,Australia,2009,DNK,Denmark,1030.9891099999998,32,CHN,China,66904.563162
goods_two_way_supplemental_public_metric_check,AUS,Australia,2009,TUR,Turkey,999.1138219999999,33,CHN,China,66904.563162
goods_two_way_supplemental_public_metric_check,AUS,Australia,2009,FIN,Finland,914.9714350000002,34,CHN,China,66904.563162
goods_two_way_supplemental_public_metric_check,AUS,Australia,2009,RUS,Russia,907.5694200000003,35,CHN,China,66904.563162
goods_two_way_supplemental_public_metric_check,AUS,Australia,2009,AUT,Austria,901.218206,36,CHN,China,66904.563162
goods_two_way_supplemental_public_metric_check,AUS,Australia,2009,CHL,Chile,744.9549309999999,37,CHN,China,66904.563162
goods_two_way_supplemental_public_metric_check,AUS,Australia,2009,BHR,Bahrain,680.1383430000001,38,CHN,China,66904.563162
goods_two_way_supplemental_public_metric_check,AUS,Australia,2009,ISR,Israel,656.527497,39,CHN,China,66904.563162
goods_two_way_supplemental_public_metric_check,AUS,Australia,2009,PAK,Pakistan,655.3994819999998,40,CHN,China,66904.563162
goods_two_way_supplemental_public_metric_check,AUS,Australia,2009,BRN,Brunei,624.0209820000001,41,CHN,China,66904.563162
goods_two_way_supplemental_public_metric_check,AUS,Australia,2009,NGA,Nigeria,545.7907210000001,42,CHN,China,66904.563162
goods_two_way_supplemental_public_metric_check,AUS,Australia,2009,IRN,Iran,528.545314,43,CHN,China,66904.563162
goods_two_way_supplemental_public_metric_check,AUS,Australia,2009,ARG,Argentina,497.510966,44,CHN,China,66904.563162
goods_two_way_supplemental_public_metric_check,AUS,Australia,2009,OMN,Oman,448.1763,45,CHN,China,66904.563162
goods_two_way_supplemental_public_metric_check,AUS,Australia,2009,BGD,Bangladesh,442.52034000000003,46,CHN,China,66904.563162
goods_two_way_supplemental_public_metric_check,AUS,Australia,2009,FJI,Fiji,442.24987,47,CHN,China,66904.563162
goods_two_way_supplemental_public_metric_check,AUS,Australia,2009,QAT,Qatar,426.997118,48,CHN,China,66904.563162
goods_two_way_supplemental_public_metric_check,AUS,Australia,2009,NOR,Norway,422.58613099999997,49,CHN,China,66904.563162
goods_two_way_supplemental_public_metric_check,AUS,Australia,2009,KWT,Kuwait,412.72745900000007,50,CHN,China,66904.563162
goods_two_way_supplemental_public_metric_check,AUS,Australia,2009,POL,Poland,395.82999699999993,51,CHN,China,66904.563162
goods_two_way_supplemental_public_metric_check,AUS,Australia,2009,NCL,New Caledonia,375.742316,52,CHN,China,66904.563162
goods_two_way_supplemental_public_metric_check,AUS,Australia,2009,HUN,Hungary,365.07277999999997,53,CHN,China,66904.563162
goods_two_way_supplemental_public_metric_check,AUS,Australia,2009,EGY,Egypt,340.23659399999985,54,CHN,China,66904.563162
goods_two_way_supplemental_public_metric_check,AUS,Australia,2009,YEM,Yemen,324.2843960000001,55,CHN,China,66904.563162
goods_two_way_supplemental_public_metric_check,AUS,Australia,2009,CZE,Czechia,295.822988,56,CHN,China,66904.563162
goods_two_way_supplemental_public_metric_check,AUS,Australia,2009,LKA,Sri Lanka,222.89725700000002,57,CHN,China,66904.563162
goods_two_way_supplemental_public_metric_check,AUS,Australia,2009,IRQ,Iraq,204.24598999999998,58,CHN,China,66904.563162
goods_two_way_supplemental_public_metric_check,AUS,Australia,2009,PER,Peru,190.363828,59,CHN,China,66904.563162
goods_two_way_supplemental_public_metric_check,AUS,Australia,2009,GRC,Greece,180.041357,60,CHN,China,66904.563162
goods_two_way_supplemental_public_metric_check,AUS,Australia,2009,DZA,Algeria,175.757689,61,CHN,China,66904.563162
goods_two_way_supplemental_public_metric_check,AUS,Australia,2009,UKR,Ukraine,173.28420199999996,62,CHN,China,66904.563162
goods_two_way_supplemental_public_metric_check,AUS,Australia,2009,SDN,Sudan,171.08510399999994,63,CHN,China,66904.563162
goods_two_way_supplemental_public_metric_check,AUS,Australia,2009,TZA,Tanzania,128.89578999999998,64,CHN,China,66904.563162
goods_two_way_supplemental_public_metric_check,AUS,Australia,2009,AZE,Azerbaijan,126.791278,65,CHN,China,66904.563162
goods_two_way_supplemental_public_metric_check,AUS,Australia,2009,PRT,Portugal,121.40808399999999,66,CHN,China,66904.563162
goods_two_way_supplemental_public_metric_check,AUS,Australia,2009,SVK,Slovakia,115.994672,67,CHN,China,66904.563162
goods_two_way_supplemental_public_metric_check,AUS,Australia,2009,MUS,Mauritius,114.327318,68,CHN,China,66904.563162
goods_two_way_supplemental_public_metric_check,AUS,Australia,2009,JOR,Jordan,104.713579,69,CHN,China,66904.563162
goods_two_way_supplemental_public_metric_check,AUS,Australia,2009,GHA,Ghana,96.76317099999999,70,CHN,China,66904.563162
goods_two_way_supplemental_public_metric_check,AUS,Australia,2009,CRI,Costa Rica,89.86647900000001,71,CHN,China,66904.563162
goods_two_way_supplemental_public_metric_check,AUS,Australia,2009,VUT,Vanuatu,84.463098,72,CHN,China,66904.563162
goods_two_way_supplemental_public_metric_check,AUS,Australia,2009,WSM,Samoa,80.80519399999999,73,CHN,China,66904.563162
goods_two_way_supplemental_public_metric_check,AUS,Australia,2009,COL,Colombia,79.500337,74,CHN,China,66904.563162
goods_two_way_supplemental_public_metric_check,AUS,Australia,2009,MAR,Morocco,78.700335,75,CHN,China,66904.563162
goods_two_way_supplemental_public_metric_check,AUS,Australia,2009,MAC,Macao,76.37281300000001,76,CHN,China,66904.563162
goods_two_way_supplemental_public_metric_check,AUS,Australia,2009,SWZ,Eswatini,75.487362,77,CHN,China,66904.563162
goods_two_way_supplemental_public_metric_check,AUS,Australia,2009,ROU,Romania,68.889497,78,CHN,China,66904.563162
goods_two_way_supplemental_public_metric_check,AUS,Australia,2009,ISL,Iceland,67.541339,79,CHN,China,66904.563162
goods_two_way_supplemental_public_metric_check,AUS,Australia,2009,MMR,Myanmar (Burma),66.96440899999999,80,CHN,China,66904.563162
goods_two_way_supplemental_public_metric_check,AUS,Australia,2009,PYF,French Polynesia,65.807845,81,CHN,China,66904.563162
goods_two_way_supplemental_public_metric_check,AUS,Australia,2009,LBN,Lebanon,63.25370799999999,82,CHN,China,66904.563162
goods_two_way_supplemental_public_metric_check,AUS,Australia,2009,LBY,Libya,57.69665,83,CHN,China,66904.563162
goods_two_way_supplemental_public_metric_check,AUS,Australia,2009,KHM,Cambodia,55.214072000000016,84,CHN,China,66904.563162
goods_two_way_supplemental_public_metric_check,AUS,Australia,2009,KAZ,Kazakhstan,49.3436,85,CHN,China,66904.563162
goods_two_way_supplemental_public_metric_check,AUS,Australia,2009,HRV,Croatia,49.22644100000001,86,CHN,China,66904.563162
goods_two_way_supplemental_public_metric_check,AUS,Australia,2009,SVN,Slovenia,45.22633999999999,87,CHN,China,66904.563162
goods_two_way_supplemental_public_metric_check,AUS,Australia,2009,VEN,Venezuela,43.681053000000006,88,CHN,China,66904.563162
goods_two_way_supplemental_public_metric_check,AUS,Australia,2009,BGR,Bulgaria,41.814662,89,CHN,China,66904.563162
goods_two_way_supplemental_public_metric_check,AUS,Australia,2009,KEN,Kenya,37.417102,90,CHN,China,66904.563162
goods_two_way_supplemental_public_metric_check,AUS,Australia,2009,LUX,Luxembourg,36.85601,91,CHN,China,66904.563162
goods_two_way_supplemental_public_metric_check,AUS,Australia,2009,TLS,Timor-Leste,30.507483000000008,92,CHN,China,66904.563162
goods_two_way_supplemental_public_metric_check,AUS,Australia,2009,CIV,Côte d'Ivoire,30.392617,93,CHN,China,66904.563162
goods_two_way_supplemental_public_metric_check,AUS,Australia,2009,NPL,Nepal,29.998669,94,CHN,China,66904.563162
goods_two_way_supplemental_public_metric_check,AUS,Australia,2009,SYR,Syria,29.003338,95,CHN,China,66904.563162
goods_two_way_supplemental_public_metric_check,AUS,Australia,2009,GTM,Guatemala,27.902364,96,CHN,China,66904.563162
goods_two_way_supplemental_public_metric_check,AUS,Australia,2009,TTO,Trinidad & Tobago,26.972287,97,CHN,China,66904.563162
goods_two_way_supplemental_public_metric_check,AUS,Australia,2009,SLV,El Salvador,25.994232999999994,98,CHN,China,66904.563162
goods_two_way_supplemental_public_metric_check,AUS,Australia,2009,DOM,Dominican Republic,25.819941,99,CHN,China,66904.563162
goods_two_way_supplemental_public_metric_check,AUS,Australia,2009,SLB,Solomon Islands,25.718445000000006,100,CHN,China,66904.563162
goods_two_way_supplemental_public_metric_check,AUS,Australia,2009,JAM,Jamaica,25.048538000000004,101,CHN,China,66904.563162
goods_two_way_supplemental_public_metric_check,AUS,Australia,2009,LTU,Lithuania,24.179204,102,CHN,China,66904.563162
goods_two_way_supplemental_public_metric_check,AUS,Australia,2009,URY,Uruguay,24.016874,103,CHN,China,66904.563162
goods_two_way_supplemental_public_metric_check,AUS,Australia,2009,MDV,Maldives,23.49968999999999,104,CHN,China,66904.563162
goods_two_way_supplemental_public_metric_check,AUS,Australia,2009,TUN,Tunisia,23.319741,105,CHN,China,66904.563162
goods_two_way_supplemental_public_metric_check,AUS,Australia,2009,EST,Estonia,22.235156999999997,106,CHN,China,66904.563162
goods_two_way_supplemental_public_metric_check,AUS,Australia,2009,CXR,Christmas Island,21.913621000000006,107,CHN,China,66904.563162
goods_two_way_supplemental_public_metric_check,AUS,Australia,2009,KIR,Kiribati,21.390333,108,CHN,China,66904.563162
goods_two_way_supplemental_public_metric_check,AUS,Australia,2009,MLT,Malta,19.579936,109,CHN,China,66904.563162
goods_two_way_supplemental_public_metric_check,AUS,Australia,2009,MDG,Madagascar,18.505955999999994,110,CHN,China,66904.563162
goods_two_way_supplemental_public_metric_check,AUS,Australia,2009,ZMB,Zambia,18.484319999999997,111,CHN,China,66904.563162
goods_two_way_supplemental_public_metric_check,AUS,Australia,2009,CYP,Cyprus,18.158217,112,CHN,China,66904.563162
goods_two_way_supplemental_public_metric_check,AUS,Australia,2009,ETH,Ethiopia,17.708578,113,CHN,China,66904.563162
goods_two_way_supplemental_public_metric_check,AUS,Australia,2009,SYC,Seychelles,16.9384,114,CHN,China,66904.563162
goods_two_way_supplemental_public_metric_check,AUS,Australia,2009,HND,Honduras,16.912975000000003,115,CHN,China,66904.563162
goods_two_way_supplemental_public_metric_check,AUS,Australia,2009,ECU,Ecuador,16.860277999999994,116,CHN,China,66904.563162
goods_two_way_supplemental_public_metric_check,AUS,Australia,2009,TON,Tonga,16.666356999999994,117,CHN,China,66904.563162
goods_two_way_supplemental_public_metric_check,AUS,Australia,2009,BLR,Belarus,15.366792,118,CHN,China,66904.563162
goods_two_way_supplemental_public_metric_check,AUS,Australia,2009,NAM,Namibia,14.864540000000002,119,CHN,China,66904.563162
goods_two_way_supplemental_public_metric_check,AUS,Australia,2009,BFA,Burkina Faso,14.690346999999996,120,CHN,China,66904.563162
goods_two_way_supplemental_public_metric_check,AUS,Australia,2009,MOZ,Mozambique,14.652082999999998,121,CHN,China,66904.563162
goods_two_way_supplemental_public_metric_check,AUS,Australia,2009,BOL,Bolivia,14.328102999999999,122,CHN,China,66904.563162
goods_two_way_supplemental_public_metric_check,AUS,Australia,2009,SEN,Senegal,13.444846000000002,123,CHN,China,66904.563162
goods_two_way_supplemental_public_metric_check,AUS,Australia,2009,NRU,Nauru,13.233561000000005,124,CHN,China,66904.563162
goods_two_way_supplemental_public_metric_check,AUS,Australia,2009,ZWE,Zimbabwe,13.226172,125,CHN,China,66904.563162
goods_two_way_supplemental_public_metric_check,AUS,Australia,2009,ASM,American Samoa,12.140732000000002,126,CHN,China,66904.563162
goods_two_way_supplemental_public_metric_check,AUS,Australia,2009,AGO,Angola,11.839131,127,CHN,China,66904.563162
goods_two_way_supplemental_public_metric_check,AUS,Australia,2009,AFG,Afghanistan,11.478820999999996,128,CHN,China,66904.563162
goods_two_way_supplemental_public_metric_check,AUS,Australia,2009,BWA,Botswana,11.129358,129,CHN,China,66904.563162
goods_two_way_supplemental_public_metric_check,AUS,Australia,2009,PAN,Panama,11.090404999999999,130,CHN,China,66904.563162
goods_two_way_supplemental_public_metric_check,AUS,Australia,2009,GIN,Guinea,10.812011,131,CHN,China,66904.563162
goods_two_way_supplemental_public_metric_check,AUS,Australia,2009,UGA,Uganda,10.567909,132,CHN,China,66904.563162
goods_two_way_supplemental_public_metric_check,AUS,Australia,2009,SRB,Serbia,10.542528,133,CHN,China,66904.563162
goods_two_way_supplemental_public_metric_check,AUS,Australia,2009,CCK,Cocos (Keeling) Islands,10.199097000000002,134,CHN,China,66904.563162
goods_two_way_supplemental_public_metric_check,AUS,Australia,2009,COG,Congo - Brazzaville,10.066183999999998,135,CHN,China,66904.563162
goods_two_way_supplemental_public_metric_check,AUS,Australia,2009,NIC,Nicaragua,9.472349,136,CHN,China,66904.563162
goods_two_way_supplemental_public_metric_check,AUS,Australia,2009,GUM,Guam,9.267681000000001,137,CHN,China,66904.563162
goods_two_way_supplemental_public_metric_check,AUS,Australia,2009,MLI,Mali,7.984715,138,CHN,China,66904.563162
goods_two_way_supplemental_public_metric_check,AUS,Australia,2009,CUB,Cuba,7.765670999999999,139,CHN,China,66904.563162
goods_two_way_supplemental_public_metric_check,AUS,Australia,2009,MKD,North Macedonia,7.652274,140,CHN,China,66904.563162
goods_two_way_supplemental_public_metric_check,AUS,Australia,2009,GEO,Georgia,7.599831999999998,141,CHN,China,66904.563162
goods_two_way_supplemental_public_metric_check,AUS,Australia,2009,KGZ,Kyrgyzstan,7.360837999999998,142,CHN,China,66904.563162
goods_two_way_supplemental_public_metric_check,AUS,Australia,2009,GIB,Gibraltar,7.32298,143,CHN,China,66904.563162
goods_two_way_supplemental_public_metric_check,AUS,Australia,2009,MRT,Mauritania,7.273983,144,CHN,China,66904.563162
goods_two_way_supplemental_public_metric_check,AUS,Australia,2009,BRB,Barbados,7.156253,145,CHN,China,66904.563162
goods_two_way_supplemental_public_metric_check,AUS,Australia,2009,MNG,Mongolia,7.103199,146,CHN,China,66904.563162
goods_two_way_supplemental_public_metric_check,AUS,Australia,2009,LAO,Laos,7.03608,147,CHN,China,66904.563162
goods_two_way_supplemental_public_metric_check,AUS,Australia,2009,ATA,Antarctica,6.883591999999998,148,CHN,China,66904.563162
goods_two_way_supplemental_public_metric_check,AUS,Australia,2009,BIH,Bosnia & Herzegovina,6.360804999999999,149,CHN,China,66904.563162
goods_two_way_supplemental_public_metric_check,AUS,Australia,2009,SLE,Sierra Leone,6.254554,150,CHN,China,66904.563162
goods_two_way_supplemental_public_metric_check,AUS,Australia,2009,MWI,Malawi,6.045334,151,CHN,China,66904.563162
goods_two_way_supplemental_public_metric_check,AUS,Australia,2009,COK,Cook Islands,5.626727,152,CHN,China,66904.563162
goods_two_way_supplemental_public_metric_check,AUS,Australia,2009,NFK,Norfolk Island,5.114242999999999,153,CHN,China,66904.563162
goods_two_way_supplemental_public_metric_check,AUS,Australia,2009,LVA,Latvia,4.9603399999999995,154,CHN,China,66904.563162
goods_two_way_supplemental_public_metric_check,AUS,Australia,2009,WLF,Wallis & Futuna,4.856057,155,CHN,China,66904.563162
goods_two_way_supplemental_public_metric_check,AUS,Australia,2009,BHS,Bahamas,4.483324,156,CHN,China,66904.563162
goods_two_way_supplemental_public_metric_check,AUS,Australia,2009,CMR,Cameroon,4.238985,157,CHN,China,66904.563162
goods_two_way_supplemental_public_metric_check,AUS,Australia,2009,PRK,North Korea,4.1959990000000005,158,CHN,China,66904.563162
goods_two_way_supplemental_public_metric_check,AUS,Australia,2009,FSM,Micronesia (Federated States of),4.044236000000001,159,CHN,China,66904.563162
goods_two_way_supplemental_public_metric_check,AUS,Australia,2009,ARM,Armenia,3.9327949999999996,160,CHN,China,66904.563162
goods_two_way_supplemental_public_metric_check,AUS,Australia,2009,MHL,Marshall Islands,3.7442030000000006,161,CHN,China,66904.563162
goods_two_way_supplemental_public_metric_check,AUS,Australia,2009,GUY,Guyana,3.242312,162,CHN,China,66904.563162
goods_two_way_supplemental_public_metric_check,AUS,Australia,2009,GAB,Gabon,3.1820340000000003,163,CHN,China,66904.563162
goods_two_way_supplemental_public_metric_check,AUS,Australia,2009,VGB,British Virgin Islands,3.120234000000001,164,CHN,China,66904.563162
goods_two_way_supplemental_public_metric_check,AUS,Australia,2009,TKM,Turkmenistan,3.0210760000000003,165,CHN,China,66904.563162
goods_two_way_supplemental_public_metric_check,AUS,Australia,2009,NER,Niger,3.004288999999999,166,CHN,China,66904.563162
goods_two_way_supplemental_public_metric_check,AUS,Australia,2009,TUV,Tuvalu,2.6919269999999997,167,CHN,China,66904.563162
goods_two_way_supplemental_public_metric_check,AUS,Australia,2009,BLZ,Belize,2.5650839999999993,168,CHN,China,66904.563162
goods_two_way_supplemental_public_metric_check,AUS,Australia,2009,SUR,Suriname,2.296817,169,CHN,China,66904.563162
goods_two_way_supplemental_public_metric_check,AUS,Australia,2009,DJI,Djibouti,2.146422,170,CHN,China,66904.563162
goods_two_way_supplemental_public_metric_check,AUS,Australia,2009,PSE,Palestine,2.071581,171,CHN,China,66904.563162
goods_two_way_supplemental_public_metric_check,AUS,Australia,2009,VCT,St. Vincent & Grenadines,2.038386,172,CHN,China,66904.563162
goods_two_way_supplemental_public_metric_check,AUS,Australia,2009,PRY,Paraguay,2.0043799999999994,173,CHN,China,66904.563162
goods_two_way_supplemental_public_metric_check,AUS,Australia,2009,ANT,Netherlands Antilles,1.8704359999999998,174,CHN,China,66904.563162
goods_two_way_supplemental_public_metric_check,AUS,Australia,2009,ALB,Albania,1.807649,175,CHN,China,66904.563162
goods_two_way_supplemental_public_metric_check,AUS,Australia,2009,HTI,Haiti,1.79927,176,CHN,China,66904.563162
goods_two_way_supplemental_public_metric_check,AUS,Australia,2009,BMU,Bermuda,1.796681,177,CHN,China,66904.563162
goods_two_way_supplemental_public_metric_check,AUS,Australia,2009,TJK,Tajikistan,1.6472580000000001,178,CHN,China,66904.563162
goods_two_way_supplemental_public_metric_check,AUS,Australia,2009,COD,Congo - Kinshasa,1.6119729999999999,179,CHN,China,66904.563162
goods_two_way_supplemental_public_metric_check,AUS,Australia,2009,TGO,Togo,1.5226870000000001,180,CHN,China,66904.563162
goods_two_way_supplemental_public_metric_check,AUS,Australia,2009,LCA,St. Lucia,1.521469,181,CHN,China,66904.563162
goods_two_way_supplemental_public_metric_check,AUS,Australia,2009,MYT,Mayotte,1.3837450000000002,182,CHN,China,66904.563162
goods_two_way_supplemental_public_metric_check,AUS,Australia,2009,UZB,Uzbekistan,1.35607,183,CHN,China,66904.563162
goods_two_way_supplemental_public_metric_check,AUS,Australia,2009,MDA,Moldova,1.270915,184,CHN,China,66904.563162
goods_two_way_supplemental_public_metric_check,AUS,Australia,2009,LBR,Liberia,1.21004,185,CHN,China,66904.563162
goods_two_way_supplemental_public_metric_check,AUS,Australia,2009,CYM,Cayman Islands,1.081824,186,CHN,China,66904.563162
goods_two_way_supplemental_public_metric_check,AUS,Australia,2009,LSO,Lesotho,1.005267,187,CHN,China,66904.563162
goods_two_way_supplemental_public_metric_check,AUS,Australia,2009,MNP,Northern Mariana Islands,0.9960599999999997,188,CHN,China,66904.563162
goods_two_way_supplemental_public_metric_check,AUS,Australia,2009,ATG,Antigua & Barbuda,0.9249689999999999,189,CHN,China,66904.563162
goods_two_way_supplemental_public_metric_check,AUS,Australia,2009,PLW,Palau,0.825442,190,CHN,China,66904.563162
goods_two_way_supplemental_public_metric_check,AUS,Australia,2009,RWA,Rwanda,0.7697860000000001,191,CHN,China,66904.563162
goods_two_way_supplemental_public_metric_check,AUS,Australia,2009,BEN,Benin,0.7117509999999999,192,CHN,China,66904.563162
goods_two_way_supplemental_public_metric_check,AUS,Australia,2009,FRO,Faroe Islands,0.6206089999999999,193,CHN,China,66904.563162
goods_two_way_supplemental_public_metric_check,AUS,Australia,2009,MSR,Montserrat,0.484902,194,CHN,China,66904.563162
goods_two_way_supplemental_public_metric_check,AUS,Australia,2009,GRL,Greenland,0.419784,195,CHN,China,66904.563162
goods_two_way_supplemental_public_metric_check,AUS,Australia,2009,GNQ,Equatorial Guinea,0.415437,196,CHN,China,66904.563162
goods_two_way_supplemental_public_metric_check,AUS,Australia,2009,BDI,Burundi,0.3810569999999999,197,CHN,China,66904.563162
goods_two_way_supplemental_public_metric_check,AUS,Australia,2009,DMA,Dominica,0.380007,198,CHN,China,66904.563162
goods_two_way_supplemental_public_metric_check,AUS,Australia,2009,BTN,Bhutan,0.35413400000000006,199,CHN,China,66904.563162
goods_two_way_supplemental_public_metric_check,AUS,Australia,2009,MNE,Montenegro,0.346288,200,CHN,China,66904.563162
goods_two_way_supplemental_public_metric_check,AUS,Australia,2009,ERI,Eritrea,0.33298599999999995,201,CHN,China,66904.563162
goods_two_way_supplemental_public_metric_check,AUS,Australia,2009,GRD,Grenada,0.32937299999999997,202,CHN,China,66904.563162
goods_two_way_supplemental_public_metric_check,AUS,Australia,2009,CAF,Central African Republic,0.270738,203,CHN,China,66904.563162
goods_two_way_supplemental_public_metric_check,AUS,Australia,2009,CPV,Cape Verde,0.26939799999999997,204,CHN,China,66904.563162
goods_two_way_supplemental_public_metric_check,AUS,Australia,2009,SOM,Somalia,0.25313399999999997,205,CHN,China,66904.563162
goods_two_way_supplemental_public_metric_check,AUS,Australia,2009,TCD,Chad,0.229354,206,CHN,China,66904.563162
goods_two_way_supplemental_public_metric_check,AUS,Australia,2009,IOT,British Indian Ocean Territory,0.205421,207,CHN,China,66904.563162
goods_two_way_supplemental_public_metric_check,AUS,Australia,2009,GMB,Gambia,0.162786,208,CHN,China,66904.563162
goods_two_way_supplemental_public_metric_check,AUS,Australia,2009,FLK,Falkland Islands,0.137992,209,CHN,China,66904.563162
goods_two_way_supplemental_public_metric_check,AUS,Australia,2009,AND,Andorra,0.12070399999999999,210,CHN,China,66904.563162
goods_two_way_supplemental_public_metric_check,AUS,Australia,2009,KNA,St. Kitts & Nevis,0.11742000000000002,211,CHN,China,66904.563162
goods_two_way_supplemental_public_metric_check,AUS,Australia,2009,PCN,Pitcairn Islands,0.075132,212,CHN,China,66904.563162
goods_two_way_supplemental_public_metric_check,AUS,Australia,2009,NIU,Niue,0.074443,213,CHN,China,66904.563162
goods_two_way_supplemental_public_metric_check,AUS,Australia,2009,UMI,United States Minor Outlying Islands (the),0.062123,214,CHN,China,66904.563162
goods_two_way_supplemental_public_metric_check,AUS,Australia,2009,TCA,Turks & Caicos Islands,0.049847999999999996,215,CHN,China,66904.563162
goods_two_way_supplemental_public_metric_check,AUS,Australia,2009,AIA,Anguilla,0.035703,216,CHN,China,66904.563162
goods_two_way_supplemental_public_metric_check,AUS,Australia,2009,SHN,St. Helena,0.029286,217,CHN,China,66904.563162
goods_two_way_supplemental_public_metric_check,AUS,Australia,2009,GNB,Guinea-Bissau,0.027392,218,CHN,China,66904.563162
goods_two_way_supplemental_public_metric_check,AUS,Australia,2009,COM,Comoros,0.025508,219,CHN,China,66904.563162
goods_two_way_supplemental_public_metric_check,AUS,Australia,2009,STP,São Tomé & Príncipe,0.002662,220,CHN,China,66904.563162
goods_two_way_supplemental_public_metric_check,AUS,Australia,2010,CHN,China,95348.73051599998,1,CHN,China,95348.73051599998
goods_two_way_supplemental_public_metric_check,AUS,Australia,2010,JPN,Japan,62348.234344,2,CHN,China,95348.73051599998
goods_two_way_supplemental_public_metric_check,AUS,Australia,2010,USA,United States,30569.763761000002,3,CHN,China,95348.73051599998
goods_two_way_supplemental_public_metric_check,AUS,Australia,2010,KOR,South Korea,26986.604069000005,4,CHN,China,95348.73051599998
goods_two_way_supplemental_public_metric_check,AUS,Australia,2010,THA,Thailand,16132.31641000001,5,CHN,China,95348.73051599998
goods_two_way_supplemental_public_metric_check,AUS,Australia,2010,IND,India,13769.149066999997,6,CHN,China,95348.73051599998
goods_two_way_supplemental_public_metric_check,AUS,Australia,2010,SGP,Singapore,13169.355531999998,7,CHN,China,95348.73051599998
goods_two_way_supplemental_public_metric_check,AUS,Australia,2010,DEU,Germany,12412.294053999998,8,CHN,China,95348.73051599998
goods_two_way_supplemental_public_metric_check,AUS,Australia,2010,NZL,New Zealand,12302.981306000005,9,CHN,China,95348.73051599998
goods_two_way_supplemental_public_metric_check,AUS,Australia,2010,TWN,Taiwan,11956.245126000002,10,CHN,China,95348.73051599998
goods_two_way_supplemental_public_metric_check,AUS,Australia,2010,MYS,Malaysia,11340.613269999998,11,CHN,China,95348.73051599998
goods_two_way_supplemental_public_metric_check,AUS,Australia,2010,IDN,Indonesia,9061.451509,12,CHN,China,95348.73051599998
goods_two_way_supplemental_public_metric_check,AUS,Australia,2010,GBR,United Kingdom,8874.205987000001,13,CHN,China,95348.73051599998
goods_two_way_supplemental_public_metric_check,AUS,Australia,2010,ITA,Italy,5734.0398700000005,14,CHN,China,95348.73051599998
goods_two_way_supplemental_public_metric_check,AUS,Australia,2010,FRA,France,5257.769082,15,CHN,China,95348.73051599998
goods_two_way_supplemental_public_metric_check,AUS,Australia,2010,PNG,Papua New Guinea,4486.655836,16,CHN,China,95348.73051599998
goods_two_way_supplemental_public_metric_check,AUS,Australia,2010,VNM,Vietnam,4290.9404890000005,17,CHN,China,95348.73051599998
goods_two_way_supplemental_public_metric_check,AUS,Australia,2010,HKG,Hong Kong,3354.840421,18,CHN,China,95348.73051599998
goods_two_way_supplemental_public_metric_check,AUS,Australia,2010,CAN,Canada,3289.7060550000006,19,CHN,China,95348.73051599998
goods_two_way_supplemental_public_metric_check,AUS,Australia,2010,ARE,United Arab Emirates,3143.109805,20,CHN,China,95348.73051599998
goods_two_way_supplemental_public_metric_check,AUS,Australia,2010,SWE,Sweden,2561.1848339999997,21,CHN,China,95348.73051599998
goods_two_way_supplemental_public_metric_check,AUS,Australia,2010,ESP,Spain,2435.7894610000003,22,CHN,China,95348.73051599998
goods_two_way_supplemental_public_metric_check,AUS,Australia,2010,CHE,Switzerland,2366.667454,23,CHN,China,95348.73051599998
goods_two_way_supplemental_public_metric_check,AUS,Australia,2010,ZAF,South Africa,2349.5585420000007,24,CHN,China,95348.73051599998
goods_two_way_supplemental_public_metric_check,AUS,Australia,2010,IRL,Ireland,2315.780817,25,CHN,China,95348.73051599998
goods_two_way_supplemental_public_metric_check,AUS,Australia,2010,BEL,Belgium,2305.4389440000004,26,CHN,China,95348.73051599998
goods_two_way_supplemental_public_metric_check,AUS,Australia,2010,BRA,Brazil,2283.333291,27,CHN,China,95348.73051599998
goods_two_way_supplemental_public_metric_check,AUS,Australia,2010,MEX,Mexico,2119.9736070000004,28,CHN,China,95348.73051599998
goods_two_way_supplemental_public_metric_check,AUS,Australia,2010,SAU,Saudi Arabia,1985.1645110000004,29,CHN,China,95348.73051599998
goods_two_way_supplemental_public_metric_check,AUS,Australia,2010,NLD,Netherlands,1950.353412,30,CHN,China,95348.73051599998
goods_two_way_supplemental_public_metric_check,AUS,Australia,2010,NGA,Nigeria,1442.572851,31,CHN,China,95348.73051599998
goods_two_way_supplemental_public_metric_check,AUS,Australia,2010,PHL,Philippines,1341.493531,32,CHN,China,95348.73051599998
goods_two_way_supplemental_public_metric_check,AUS,Australia,2010,CHL,Chile,1217.208527,33,CHN,China,95348.73051599998
goods_two_way_supplemental_public_metric_check,AUS,Australia,2010,RUS,Russia,1132.8334469999998,34,CHN,China,95348.73051599998
goods_two_way_supplemental_public_metric_check,AUS,Australia,2010,DNK,Denmark,1095.785166,35,CHN,China,95348.73051599998
goods_two_way_supplemental_public_metric_check,AUS,Australia,2010,FIN,Finland,1050.970418,36,CHN,China,95348.73051599998
goods_two_way_supplemental_public_metric_check,AUS,Australia,2010,BRN,Brunei,1042.885966,37,CHN,China,95348.73051599998
goods_two_way_supplemental_public_metric_check,AUS,Australia,2010,AUT,Austria,936.5488080000001,38,CHN,China,95348.73051599998
goods_two_way_supplemental_public_metric_check,AUS,Australia,2010,QAT,Qatar,914.958012,39,CHN,China,95348.73051599998
goods_two_way_supplemental_public_metric_check,AUS,Australia,2010,TUR,Turkey,910.4324280000002,40,CHN,China,95348.73051599998
goods_two_way_supplemental_public_metric_check,AUS,Australia,2010,BGD,Bangladesh,762.6693590000001,41,CHN,China,95348.73051599998
goods_two_way_supplemental_public_metric_check,AUS,Australia,2010,ISR,Israel,757.8025319999999,42,CHN,China,95348.73051599998
goods_two_way_supplemental_public_metric_check,AUS,Australia,2010,BHR,Bahrain,672.095082,43,CHN,China,95348.73051599998
goods_two_way_supplemental_public_metric_check,AUS,Australia,2010,PAK,Pakistan,614.7663130000001,44,CHN,China,95348.73051599998
goods_two_way_supplemental_public_metric_check,AUS,Australia,2010,ARG,Argentina,609.8527379999999,45,CHN,China,95348.73051599998
goods_two_way_supplemental_public_metric_check,AUS,Australia,2010,FJI,Fiji,554.5187050000001,46,CHN,China,95348.73051599998
goods_two_way_supplemental_public_metric_check,AUS,Australia,2010,NCL,New Caledonia,536.174184,47,CHN,China,95348.73051599998
goods_two_way_supplemental_public_metric_check,AUS,Australia,2010,KWT,Kuwait,530.395849,48,CHN,China,95348.73051599998
goods_two_way_supplemental_public_metric_check,AUS,Australia,2010,EGY,Egypt,514.2964619999999,49,CHN,China,95348.73051599998
goods_two_way_supplemental_public_metric_check,AUS,Australia,2010,POL,Poland,490.673791,50,CHN,China,95348.73051599998
goods_two_way_supplemental_public_metric_check,AUS,Australia,2010,NOR,Norway,485.2720320000001,51,CHN,China,95348.73051599998
goods_two_way_supplemental_public_metric_check,AUS,Australia,2010,OMN,Oman,450.690876,52,CHN,China,95348.73051599998
goods_two_way_supplemental_public_metric_check,AUS,Australia,2010,HUN,Hungary,438.50155799999993,53,CHN,China,95348.73051599998
goods_two_way_supplemental_public_metric_check,AUS,Australia,2010,LBY,Libya,416.504522,54,CHN,China,95348.73051599998
goods_two_way_supplemental_public_metric_check,AUS,Australia,2010,GAB,Gabon,384.758482,55,CHN,China,95348.73051599998
goods_two_way_supplemental_public_metric_check,AUS,Australia,2010,CZE,Czechia,365.134815,56,CHN,China,95348.73051599998
goods_two_way_supplemental_public_metric_check,AUS,Australia,2010,LKA,Sri Lanka,301.8211339999999,57,CHN,China,95348.73051599998
goods_two_way_supplemental_public_metric_check,AUS,Australia,2010,LAO,Laos,290.5317400000001,58,CHN,China,95348.73051599998
goods_two_way_supplemental_public_metric_check,AUS,Australia,2010,UKR,Ukraine,281.0167930000001,59,CHN,China,95348.73051599998
goods_two_way_supplemental_public_metric_check,AUS,Australia,2010,IRN,Iran,280.24902299999997,60,CHN,China,95348.73051599998
goods_two_way_supplemental_public_metric_check,AUS,Australia,2010,YEM,Yemen,244.93985799999996,61,CHN,China,95348.73051599998
goods_two_way_supplemental_public_metric_check,AUS,Australia,2010,PER,Peru,237.221777,62,CHN,China,95348.73051599998
goods_two_way_supplemental_public_metric_check,AUS,Australia,2010,COG,Congo - Brazzaville,203.428002,63,CHN,China,95348.73051599998
goods_two_way_supplemental_public_metric_check,AUS,Australia,2010,DZA,Algeria,200.262642,64,CHN,China,95348.73051599998
goods_two_way_supplemental_public_metric_check,AUS,Australia,2010,GRC,Greece,189.257933,65,CHN,China,95348.73051599998
goods_two_way_supplemental_public_metric_check,AUS,Australia,2010,SVK,Slovakia,174.34772700000005,66,CHN,China,95348.73051599998
goods_two_way_supplemental_public_metric_check,AUS,Australia,2010,SDN,Sudan,172.6169960000001,67,CHN,China,95348.73051599998
goods_two_way_supplemental_public_metric_check,AUS,Australia,2010,TZA,Tanzania,166.63312800000003,68,CHN,China,95348.73051599998
goods_two_way_supplemental_public_metric_check,AUS,Australia,2010,MUS,Mauritius,150.866884,69,CHN,China,95348.73051599998
goods_two_way_supplemental_public_metric_check,AUS,Australia,2010,PRT,Portugal,146.928225,70,CHN,China,95348.73051599998
goods_two_way_supplemental_public_metric_check,AUS,Australia,2010,MMR,Myanmar (Burma),143.44731199999995,71,CHN,China,95348.73051599998
goods_two_way_supplemental_public_metric_check,AUS,Australia,2010,AZE,Azerbaijan,141.65858199999997,72,CHN,China,95348.73051599998
goods_two_way_supplemental_public_metric_check,AUS,Australia,2010,JOR,Jordan,133.88988200000003,73,CHN,China,95348.73051599998
goods_two_way_supplemental_public_metric_check,AUS,Australia,2010,MLT,Malta,119.78748999999995,74,CHN,China,95348.73051599998
goods_two_way_supplemental_public_metric_check,AUS,Australia,2010,GHA,Ghana,119.630339,75,CHN,China,95348.73051599998
goods_two_way_supplemental_public_metric_check,AUS,Australia,2010,CRI,Costa Rica,117.61502700000001,76,CHN,China,95348.73051599998
goods_two_way_supplemental_public_metric_check,AUS,Australia,2010,TTO,Trinidad & Tobago,117.402362,77,CHN,China,95348.73051599998
goods_two_way_supplemental_public_metric_check,AUS,Australia,2010,WSM,Samoa,114.14523700000001,78,CHN,China,95348.73051599998
goods_two_way_supplemental_public_metric_check,AUS,Australia,2010,MAR,Morocco,109.18569900000001,79,CHN,China,95348.73051599998
goods_two_way_supplemental_public_metric_check,AUS,Australia,2010,SWZ,Eswatini,92.88399199999999,80,CHN,China,95348.73051599998
goods_two_way_supplemental_public_metric_check,AUS,Australia,2010,VUT,Vanuatu,87.41141700000004,81,CHN,China,95348.73051599998
goods_two_way_supplemental_public_metric_check,AUS,Australia,2010,SLB,Solomon Islands,82.23605599999998,82,CHN,China,95348.73051599998
goods_two_way_supplemental_public_metric_check,AUS,Australia,2010,ROU,Romania,74.803251,83,CHN,China,95348.73051599998
goods_two_way_supplemental_public_metric_check,AUS,Australia,2010,COL,Colombia,74.53018700000001,84,CHN,China,95348.73051599998
goods_two_way_supplemental_public_metric_check,AUS,Australia,2010,IRQ,Iraq,72.70595299999998,85,CHN,China,95348.73051599998
goods_two_way_supplemental_public_metric_check,AUS,Australia,2010,HRV,Croatia,69.20423200000002,86,CHN,China,95348.73051599998
goods_two_way_supplemental_public_metric_check,AUS,Australia,2010,LBN,Lebanon,68.672412,87,CHN,China,95348.73051599998
goods_two_way_supplemental_public_metric_check,AUS,Australia,2010,KAZ,Kazakhstan,64.93460999999999,88,CHN,China,95348.73051599998
goods_two_way_supplemental_public_metric_check,AUS,Australia,2010,PYF,French Polynesia,61.234483999999995,89,CHN,China,95348.73051599998
goods_two_way_supplemental_public_metric_check,AUS,Australia,2010,SVN,Slovenia,59.980776,90,CHN,China,95348.73051599998
goods_two_way_supplemental_public_metric_check,AUS,Australia,2010,MLI,Mali,59.25075500000001,91,CHN,China,95348.73051599998
goods_two_way_supplemental_public_metric_check,AUS,Australia,2010,MAC,Macao,59.18822900000001,92,CHN,China,95348.73051599998
goods_two_way_supplemental_public_metric_check,AUS,Australia,2010,KEN,Kenya,56.015988,93,CHN,China,95348.73051599998
goods_two_way_supplemental_public_metric_check,AUS,Australia,2010,ZMB,Zambia,52.262203000000014,94,CHN,China,95348.73051599998
goods_two_way_supplemental_public_metric_check,AUS,Australia,2010,BGR,Bulgaria,48.56954099999999,95,CHN,China,95348.73051599998
goods_two_way_supplemental_public_metric_check,AUS,Australia,2010,TLS,Timor-Leste,47.698053,96,CHN,China,95348.73051599998
goods_two_way_supplemental_public_metric_check,AUS,Australia,2010,EST,Estonia,47.45619700000002,97,CHN,China,95348.73051599998
goods_two_way_supplemental_public_metric_check,AUS,Australia,2010,MOZ,Mozambique,45.305946,98,CHN,China,95348.73051599998
goods_two_way_supplemental_public_metric_check,AUS,Australia,2010,KHM,Cambodia,44.792539,99,CHN,China,95348.73051599998
goods_two_way_supplemental_public_metric_check,AUS,Australia,2010,CXR,Christmas Island,42.714723,100,CHN,China,95348.73051599998
goods_two_way_supplemental_public_metric_check,AUS,Australia,2010,BIH,Bosnia & Herzegovina,40.56112599999998,101,CHN,China,95348.73051599998
goods_two_way_supplemental_public_metric_check,AUS,Australia,2010,ISL,Iceland,38.403962,102,CHN,China,95348.73051599998
goods_two_way_supplemental_public_metric_check,AUS,Australia,2010,CIV,Côte d'Ivoire,37.633712,103,CHN,China,95348.73051599998
goods_two_way_supplemental_public_metric_check,AUS,Australia,2010,DOM,Dominican Republic,36.36444000000001,104,CHN,China,95348.73051599998
goods_two_way_supplemental_public_metric_check,AUS,Australia,2010,NPL,Nepal,35.49107,105,CHN,China,95348.73051599998
goods_two_way_supplemental_public_metric_check,AUS,Australia,2010,SLV,El Salvador,35.16253999999999,106,CHN,China,95348.73051599998
goods_two_way_supplemental_public_metric_check,AUS,Australia,2010,MWI,Malawi,34.05392099999999,107,CHN,China,95348.73051599998
goods_two_way_supplemental_public_metric_check,AUS,Australia,2010,ETH,Ethiopia,33.185388,108,CHN,China,95348.73051599998
goods_two_way_supplemental_public_metric_check,AUS,Australia,2010,GEO,Georgia,32.935235000000006,109,CHN,China,95348.73051599998
goods_two_way_supplemental_public_metric_check,AUS,Australia,2010,MDV,Maldives,31.356658000000003,110,CHN,China,95348.73051599998
goods_two_way_supplemental_public_metric_check,AUS,Australia,2010,LUX,Luxembourg,29.313496000000004,111,CHN,China,95348.73051599998
goods_two_way_supplemental_public_metric_check,AUS,Australia,2010,SYC,Seychelles,26.151327000000002,112,CHN,China,95348.73051599998
goods_two_way_supplemental_public_metric_check,AUS,Australia,2010,TUN,Tunisia,25.585775999999996,113,CHN,China,95348.73051599998
goods_two_way_supplemental_public_metric_check,AUS,Australia,2010,URY,Uruguay,24.579586000000003,114,CHN,China,95348.73051599998
goods_two_way_supplemental_public_metric_check,AUS,Australia,2010,ECU,Ecuador,24.364990999999996,115,CHN,China,95348.73051599998
goods_two_way_supplemental_public_metric_check,AUS,Australia,2010,JAM,Jamaica,23.215374999999998,116,CHN,China,95348.73051599998
goods_two_way_supplemental_public_metric_check,AUS,Australia,2010,HND,Honduras,23.095423000000004,117,CHN,China,95348.73051599998
goods_two_way_supplemental_public_metric_check,AUS,Australia,2010,LTU,Lithuania,22.48208,118,CHN,China,95348.73051599998
goods_two_way_supplemental_public_metric_check,AUS,Australia,2010,MNG,Mongolia,21.286275999999997,119,CHN,China,95348.73051599998
goods_two_way_supplemental_public_metric_check,AUS,Australia,2010,KIR,Kiribati,21.098563,120,CHN,China,95348.73051599998
goods_two_way_supplemental_public_metric_check,AUS,Australia,2010,GTM,Guatemala,19.804828999999998,121,CHN,China,95348.73051599998
goods_two_way_supplemental_public_metric_check,AUS,Australia,2010,CYP,Cyprus,18.351777,122,CHN,China,95348.73051599998
goods_two_way_supplemental_public_metric_check,AUS,Australia,2010,NAM,Namibia,18.186224999999997,123,CHN,China,95348.73051599998
goods_two_way_supplemental_public_metric_check,AUS,Australia,2010,VEN,Venezuela,17.566129,124,CHN,China,95348.73051599998
goods_two_way_supplemental_public_metric_check,AUS,Australia,2010,GIN,Guinea,17.458102,125,CHN,China,95348.73051599998
goods_two_way_supplemental_public_metric_check,AUS,Australia,2010,GIB,Gibraltar,15.772418,126,CHN,China,95348.73051599998
goods_two_way_supplemental_public_metric_check,AUS,Australia,2010,GUM,Guam,15.129316,127,CHN,China,95348.73051599998
goods_two_way_supplemental_public_metric_check,AUS,Australia,2010,TON,Tonga,14.994512000000006,128,CHN,China,95348.73051599998
goods_two_way_supplemental_public_metric_check,AUS,Australia,2010,CUB,Cuba,14.708423999999999,129,CHN,China,95348.73051599998
goods_two_way_supplemental_public_metric_check,AUS,Australia,2010,PAN,Panama,14.643029999999998,130,CHN,China,95348.73051599998
goods_two_way_supplemental_public_metric_check,AUS,Australia,2010,SEN,Senegal,14.371037000000001,131,CHN,China,95348.73051599998
goods_two_way_supplemental_public_metric_check,AUS,Australia,2010,BOL,Bolivia,14.086535000000003,132,CHN,China,95348.73051599998
goods_two_way_supplemental_public_metric_check,AUS,Australia,2010,MRT,Mauritania,13.682127000000001,133,CHN,China,95348.73051599998
goods_two_way_supplemental_public_metric_check,AUS,Australia,2010,NRU,Nauru,13.483378000000002,134,CHN,China,95348.73051599998
goods_two_way_supplemental_public_metric_check,AUS,Australia,2010,SLE,Sierra Leone,13.378847,135,CHN,China,95348.73051599998
goods_two_way_supplemental_public_metric_check,AUS,Australia,2010,ZWE,Zimbabwe,13.179490999999995,136,CHN,China,95348.73051599998
goods_two_way_supplemental_public_metric_check,AUS,Australia,2010,COD,Congo - Kinshasa,12.580064,137,CHN,China,95348.73051599998
goods_two_way_supplemental_public_metric_check,AUS,Australia,2010,ARM,Armenia,12.393329,138,CHN,China,95348.73051599998
goods_two_way_supplemental_public_metric_check,AUS,Australia,2010,ASM,American Samoa,12.235870999999998,139,CHN,China,95348.73051599998
goods_two_way_supplemental_public_metric_check,AUS,Australia,2010,MDG,Madagascar,12.130507999999999,140,CHN,China,95348.73051599998
goods_two_way_supplemental_public_metric_check,AUS,Australia,2010,SRB,Serbia,11.553172,141,CHN,China,95348.73051599998
goods_two_way_supplemental_public_metric_check,AUS,Australia,2010,SYR,Syria,11.41529,142,CHN,China,95348.73051599998
goods_two_way_supplemental_public_metric_check,AUS,Australia,2010,NIC,Nicaragua,10.208785000000002,143,CHN,China,95348.73051599998
goods_two_way_supplemental_public_metric_check,AUS,Australia,2010,AFG,Afghanistan,9.373984,144,CHN,China,95348.73051599998
goods_two_way_supplemental_public_metric_check,AUS,Australia,2010,CCK,Cocos (Keeling) Islands,8.889677999999996,145,CHN,China,95348.73051599998
goods_two_way_supplemental_public_metric_check,AUS,Australia,2010,BLR,Belarus,8.730805,146,CHN,China,95348.73051599998
goods_two_way_supplemental_public_metric_check,AUS,Australia,2010,AGO,Angola,8.42549,147,CHN,China,95348.73051599998
goods_two_way_supplemental_public_metric_check,AUS,Australia,2010,UGA,Uganda,8.216034999999998,148,CHN,China,95348.73051599998
goods_two_way_supplemental_public_metric_check,AUS,Australia,2010,BFA,Burkina Faso,8.109727000000001,149,CHN,China,95348.73051599998
goods_two_way_supplemental_public_metric_check,AUS,Australia,2010,CMR,Cameroon,7.862056000000001,150,CHN,China,95348.73051599998
goods_two_way_supplemental_public_metric_check,AUS,Australia,2010,PRK,North Korea,7.620011,151,CHN,China,95348.73051599998
goods_two_way_supplemental_public_metric_check,AUS,Australia,2010,MKD,North Macedonia,7.126456999999999,152,CHN,China,95348.73051599998
goods_two_way_supplemental_public_metric_check,AUS,Australia,2010,BRB,Barbados,7.031572000000001,153,CHN,China,95348.73051599998
goods_two_way_supplemental_public_metric_check,AUS,Australia,2010,ATA,Antarctica,6.459179,154,CHN,China,95348.73051599998
goods_two_way_supplemental_public_metric_check,AUS,Australia,2010,DJI,Djibouti,6.290065000000001,155,CHN,China,95348.73051599998
goods_two_way_supplemental_public_metric_check,AUS,Australia,2010,NFK,Norfolk Island,5.795442000000001,156,CHN,China,95348.73051599998
goods_two_way_supplemental_public_metric_check,AUS,Australia,2010,KGZ,Kyrgyzstan,5.6019120000000004,157,CHN,China,95348.73051599998
goods_two_way_supplemental_public_metric_check,AUS,Australia,2010,LVA,Latvia,5.568715999999999,158,CHN,China,95348.73051599998
goods_two_way_supplemental_public_metric_check,AUS,Australia,2010,BWA,Botswana,5.4735499999999995,159,CHN,China,95348.73051599998
goods_two_way_supplemental_public_metric_check,AUS,Australia,2010,WLF,Wallis & Futuna,4.614890999999999,160,CHN,China,95348.73051599998
goods_two_way_supplemental_public_metric_check,AUS,Australia,2010,FSM,Micronesia (Federated States of),4.129434,161,CHN,China,95348.73051599998
goods_two_way_supplemental_public_metric_check,AUS,Australia,2010,NER,Niger,3.9996379999999996,162,CHN,China,95348.73051599998
goods_two_way_supplemental_public_metric_check,AUS,Australia,2010,BHS,Bahamas,3.7607809999999997,163,CHN,China,95348.73051599998
goods_two_way_supplemental_public_metric_check,AUS,Australia,2010,TJK,Tajikistan,3.627355,164,CHN,China,95348.73051599998
goods_two_way_supplemental_public_metric_check,AUS,Australia,2010,VGB,British Virgin Islands,3.6073910000000002,165,CHN,China,95348.73051599998
goods_two_way_supplemental_public_metric_check,AUS,Australia,2010,BMU,Bermuda,3.576581,166,CHN,China,95348.73051599998
goods_two_way_supplemental_public_metric_check,AUS,Australia,2010,COK,Cook Islands,3.4904629999999996,167,CHN,China,95348.73051599998
goods_two_way_supplemental_public_metric_check,AUS,Australia,2010,PSE,Palestine,3.3423109999999996,168,CHN,China,95348.73051599998
goods_two_way_supplemental_public_metric_check,AUS,Australia,2010,LSO,Lesotho,2.300283,169,CHN,China,95348.73051599998
goods_two_way_supplemental_public_metric_check,AUS,Australia,2010,ANT,Netherlands Antilles,2.270478,170,CHN,China,95348.73051599998
goods_two_way_supplemental_public_metric_check,AUS,Australia,2010,LBR,Liberia,2.228842,171,CHN,China,95348.73051599998
goods_two_way_supplemental_public_metric_check,AUS,Australia,2010,MHL,Marshall Islands,2.181602,172,CHN,China,95348.73051599998
goods_two_way_supplemental_public_metric_check,AUS,Australia,2010,ERI,Eritrea,2.1785110000000003,173,CHN,China,95348.73051599998
goods_two_way_supplemental_public_metric_check,AUS,Australia,2010,PRY,Paraguay,2.1649849999999997,174,CHN,China,95348.73051599998
goods_two_way_supplemental_public_metric_check,AUS,Australia,2010,LCA,St. Lucia,2.085309,175,CHN,China,95348.73051599998
goods_two_way_supplemental_public_metric_check,AUS,Australia,2010,VCT,St. Vincent & Grenadines,1.984788,176,CHN,China,95348.73051599998
goods_two_way_supplemental_public_metric_check,AUS,Australia,2010,GUY,Guyana,1.8956990000000002,177,CHN,China,95348.73051599998
goods_two_way_supplemental_public_metric_check,AUS,Australia,2010,BLZ,Belize,1.8544539999999998,178,CHN,China,95348.73051599998
goods_two_way_supplemental_public_metric_check,AUS,Australia,2010,TUV,Tuvalu,1.7614589999999999,179,CHN,China,95348.73051599998
goods_two_way_supplemental_public_metric_check,AUS,Australia,2010,HTI,Haiti,1.75475,180,CHN,China,95348.73051599998
goods_two_way_supplemental_public_metric_check,AUS,Australia,2010,TGO,Togo,1.5352219999999999,181,CHN,China,95348.73051599998
goods_two_way_supplemental_public_metric_check,AUS,Australia,2010,MDA,Moldova,1.405877,182,CHN,China,95348.73051599998
goods_two_way_supplemental_public_metric_check,AUS,Australia,2010,ALB,Albania,1.3821119999999998,183,CHN,China,95348.73051599998
goods_two_way_supplemental_public_metric_check,AUS,Australia,2010,PLW,Palau,1.376816,184,CHN,China,95348.73051599998
goods_two_way_supplemental_public_metric_check,AUS,Australia,2010,MNE,Montenegro,1.2715969999999996,185,CHN,China,95348.73051599998
goods_two_way_supplemental_public_metric_check,AUS,Australia,2010,TKM,Turkmenistan,1.2088540000000003,186,CHN,China,95348.73051599998
goods_two_way_supplemental_public_metric_check,AUS,Australia,2010,UZB,Uzbekistan,1.148906,187,CHN,China,95348.73051599998
goods_two_way_supplemental_public_metric_check,AUS,Australia,2010,MNP,Northern Mariana Islands,1.145183,188,CHN,China,95348.73051599998
goods_two_way_supplemental_public_metric_check,AUS,Australia,2010,SUR,Suriname,0.9320269999999999,189,CHN,China,95348.73051599998
goods_two_way_supplemental_public_metric_check,AUS,Australia,2010,BTN,Bhutan,0.9293370000000001,190,CHN,China,95348.73051599998
goods_two_way_supplemental_public_metric_check,AUS,Australia,2010,ATG,Antigua & Barbuda,0.775354,191,CHN,China,95348.73051599998
goods_two_way_supplemental_public_metric_check,AUS,Australia,2010,PCN,Pitcairn Islands,0.7403879999999999,192,CHN,China,95348.73051599998
goods_two_way_supplemental_public_metric_check,AUS,Australia,2010,RWA,Rwanda,0.696461,193,CHN,China,95348.73051599998
goods_two_way_supplemental_public_metric_check,AUS,Australia,2010,DMA,Dominica,0.577296,194,CHN,China,95348.73051599998
goods_two_way_supplemental_public_metric_check,AUS,Australia,2010,BEN,Benin,0.5293640000000002,195,CHN,China,95348.73051599998
goods_two_way_supplemental_public_metric_check,AUS,Australia,2010,SOM,Somalia,0.526858,196,CHN,China,95348.73051599998
goods_two_way_supplemental_public_metric_check,AUS,Australia,2010,CYM,Cayman Islands,0.47792399999999996,197,CHN,China,95348.73051599998
goods_two_way_supplemental_public_metric_check,AUS,Australia,2010,GRL,Greenland,0.399195,198,CHN,China,95348.73051599998
goods_two_way_supplemental_public_metric_check,AUS,Australia,2010,MSR,Montserrat,0.35745899999999997,199,CHN,China,95348.73051599998
goods_two_way_supplemental_public_metric_check,AUS,Australia,2010,TCD,Chad,0.31758499999999995,200,CHN,China,95348.73051599998
goods_two_way_supplemental_public_metric_check,AUS,Australia,2010,GNQ,Equatorial Guinea,0.268173,201,CHN,China,95348.73051599998
goods_two_way_supplemental_public_metric_check,AUS,Australia,2010,COM,Comoros,0.232636,202,CHN,China,95348.73051599998
goods_two_way_supplemental_public_metric_check,AUS,Australia,2010,CAF,Central African Republic,0.21181099999999997,203,CHN,China,95348.73051599998
goods_two_way_supplemental_public_metric_check,AUS,Australia,2010,GMB,Gambia,0.20469999999999997,204,CHN,China,95348.73051599998
goods_two_way_supplemental_public_metric_check,AUS,Australia,2010,KNA,St. Kitts & Nevis,0.189755,205,CHN,China,95348.73051599998
goods_two_way_supplemental_public_metric_check,AUS,Australia,2010,BDI,Burundi,0.179723,206,CHN,China,95348.73051599998
goods_two_way_supplemental_public_metric_check,AUS,Australia,2010,NIU,Niue,0.174038,207,CHN,China,95348.73051599998
goods_two_way_supplemental_public_metric_check,AUS,Australia,2010,AND,Andorra,0.156451,208,CHN,China,95348.73051599998
goods_two_way_supplemental_public_metric_check,AUS,Australia,2010,CPV,Cape Verde,0.148137,209,CHN,China,95348.73051599998
goods_two_way_supplemental_public_metric_check,AUS,Australia,2010,SHN,St. Helena,0.137395,210,CHN,China,95348.73051599998
goods_two_way_supplemental_public_metric_check,AUS,Australia,2010,GRD,Grenada,0.135883,211,CHN,China,95348.73051599998
goods_two_way_supplemental_public_metric_check,AUS,Australia,2010,IOT,British Indian Ocean Territory,0.126144,212,CHN,China,95348.73051599998
goods_two_way_supplemental_public_metric_check,AUS,Australia,2010,FLK,Falkland Islands,0.06633800000000001,213,CHN,China,95348.73051599998
goods_two_way_supplemental_public_metric_check,AUS,Australia,2010,GNB,Guinea-Bissau,0.061156999999999996,214,CHN,China,95348.73051599998
goods_two_way_supplemental_public_metric_check,AUS,Australia,2010,STP,São Tomé & Príncipe,0.047229,215,CHN,China,95348.73051599998
goods_two_way_supplemental_public_metric_check,AUS,Australia,2010,AIA,Anguilla,0.030813000000000004,216,CHN,China,95348.73051599998
goods_two_way_supplemental_public_metric_check,AUS,Australia,2010,UMI,United States Minor Outlying Islands (the),0.020744,217,CHN,China,95348.73051599998
goods_two_way_supplemental_public_metric_check,AUS,Australia,2010,SPM,St. Pierre & Miquelon,0.005098,218,CHN,China,95348.73051599998
goods_two_way_supplemental_public_metric_check,AUS,Australia,2011,CHN,China,121025.28833799998,1,CHN,China,121025.28833799998
goods_two_way_supplemental_public_metric_check,AUS,Australia,2011,JPN,Japan,75292.715038,2,CHN,China,121025.28833799998
goods_two_way_supplemental_public_metric_check,AUS,Australia,2011,USA,United States,36102.635486,3,CHN,China,121025.28833799998
goods_two_way_supplemental_public_metric_check,AUS,Australia,2011,KOR,South Korea,33181.891804000006,4,CHN,China,121025.28833799998
goods_two_way_supplemental_public_metric_check,AUS,Australia,2011,SGP,Singapore,17893.250328000002,5,CHN,China,121025.28833799998
goods_two_way_supplemental_public_metric_check,AUS,Australia,2011,THA,Thailand,16333.390035000008,6,CHN,China,121025.28833799998
goods_two_way_supplemental_public_metric_check,AUS,Australia,2011,IND,India,15600.100534,7,CHN,China,121025.28833799998
goods_two_way_supplemental_public_metric_check,AUS,Australia,2011,NZL,New Zealand,14727.592317999997,8,CHN,China,121025.28833799998
goods_two_way_supplemental_public_metric_check,AUS,Australia,2011,DEU,Germany,14350.652119,9,CHN,China,121025.28833799998
goods_two_way_supplemental_public_metric_check,AUS,Australia,2011,TWN,Taiwan,14304.541064000006,10,CHN,China,121025.28833799998
goods_two_way_supplemental_public_metric_check,AUS,Australia,2011,MYS,Malaysia,12671.643128,11,CHN,China,121025.28833799998
goods_two_way_supplemental_public_metric_check,AUS,Australia,2011,IDN,Indonesia,11797.017656000004,12,CHN,China,121025.28833799998
goods_two_way_supplemental_public_metric_check,AUS,Australia,2011,GBR,United Kingdom,10681.298015,13,CHN,China,121025.28833799998
goods_two_way_supplemental_public_metric_check,AUS,Australia,2011,ITA,Italy,6637.140572999999,14,CHN,China,121025.28833799998
goods_two_way_supplemental_public_metric_check,AUS,Australia,2011,PNG,Papua New Guinea,6146.769129,15,CHN,China,121025.28833799998
goods_two_way_supplemental_public_metric_check,AUS,Australia,2011,FRA,France,5390.4954099999995,16,CHN,China,121025.28833799998
goods_two_way_supplemental_public_metric_check,AUS,Australia,2011,ARE,United Arab Emirates,5368.520334000001,17,CHN,China,121025.28833799998
goods_two_way_supplemental_public_metric_check,AUS,Australia,2011,VNM,Vietnam,4882.705835000001,18,CHN,China,121025.28833799998
goods_two_way_supplemental_public_metric_check,AUS,Australia,2011,HKG,Hong Kong,3836.0956510000005,19,CHN,China,121025.28833799998
goods_two_way_supplemental_public_metric_check,AUS,Australia,2011,CHE,Switzerland,3605.379418,20,CHN,China,121025.28833799998
goods_two_way_supplemental_public_metric_check,AUS,Australia,2011,NGA,Nigeria,3535.6297459999996,21,CHN,China,121025.28833799998
goods_two_way_supplemental_public_metric_check,AUS,Australia,2011,CAN,Canada,3518.9750419999987,22,CHN,China,121025.28833799998
goods_two_way_supplemental_public_metric_check,AUS,Australia,2011,SWE,Sweden,3035.458932,23,CHN,China,121025.28833799998
goods_two_way_supplemental_public_metric_check,AUS,Australia,2011,ESP,Spain,3004.1880610000007,24,CHN,China,121025.28833799998
goods_two_way_supplemental_public_metric_check,AUS,Australia,2011,BEL,Belgium,2976.7050939999995,25,CHN,China,121025.28833799998
goods_two_way_supplemental_public_metric_check,AUS,Australia,2011,BRA,Brazil,2930.7003209999993,26,CHN,China,121025.28833799998
goods_two_way_supplemental_public_metric_check,AUS,Australia,2011,MEX,Mexico,2802.401633,27,CHN,China,121025.28833799998
goods_two_way_supplemental_public_metric_check,AUS,Australia,2011,NLD,Netherlands,2799.8770409999997,28,CHN,China,121025.28833799998
goods_two_way_supplemental_public_metric_check,AUS,Australia,2011,ZAF,South Africa,2442.466055000001,29,CHN,China,121025.28833799998
goods_two_way_supplemental_public_metric_check,AUS,Australia,2011,IRL,Ireland,2337.942543,30,CHN,China,121025.28833799998
goods_two_way_supplemental_public_metric_check,AUS,Australia,2011,RUS,Russia,2061.266971,31,CHN,China,121025.28833799998
goods_two_way_supplemental_public_metric_check,AUS,Australia,2011,SAU,Saudi Arabia,2056.5478270000003,32,CHN,China,121025.28833799998
goods_two_way_supplemental_public_metric_check,AUS,Australia,2011,PHL,Philippines,1575.2423890000005,33,CHN,China,121025.28833799998
goods_two_way_supplemental_public_metric_check,AUS,Australia,2011,CHL,Chile,1498.4273050000002,34,CHN,China,121025.28833799998
goods_two_way_supplemental_public_metric_check,AUS,Australia,2011,BRN,Brunei,1355.375473,35,CHN,China,121025.28833799998
goods_two_way_supplemental_public_metric_check,AUS,Australia,2011,FIN,Finland,1263.326451,36,CHN,China,121025.28833799998
goods_two_way_supplemental_public_metric_check,AUS,Australia,2011,DNK,Denmark,1262.1016759999998,37,CHN,China,121025.28833799998
goods_two_way_supplemental_public_metric_check,AUS,Australia,2011,TUR,Turkey,1187.0458279999993,38,CHN,China,121025.28833799998
goods_two_way_supplemental_public_metric_check,AUS,Australia,2011,ARG,Argentina,968.1241699999998,39,CHN,China,121025.28833799998
goods_two_way_supplemental_public_metric_check,AUS,Australia,2011,GAB,Gabon,941.0393379999999,40,CHN,China,121025.28833799998
goods_two_way_supplemental_public_metric_check,AUS,Australia,2011,AUT,Austria,927.0334240000002,41,CHN,China,121025.28833799998
goods_two_way_supplemental_public_metric_check,AUS,Australia,2011,ISR,Israel,871.993487,42,CHN,China,121025.28833799998
goods_two_way_supplemental_public_metric_check,AUS,Australia,2011,BGD,Bangladesh,782.1820909999998,43,CHN,China,121025.28833799998
goods_two_way_supplemental_public_metric_check,AUS,Australia,2011,COG,Congo - Brazzaville,710.396937,44,CHN,China,121025.28833799998
goods_two_way_supplemental_public_metric_check,AUS,Australia,2011,FJI,Fiji,633.546527,45,CHN,China,121025.28833799998
goods_two_way_supplemental_public_metric_check,AUS,Australia,2011,PAK,Pakistan,629.1929550000001,46,CHN,China,121025.28833799998
goods_two_way_supplemental_public_metric_check,AUS,Australia,2011,NCL,New Caledonia,626.062682,47,CHN,China,121025.28833799998
goods_two_way_supplemental_public_metric_check,AUS,Australia,2011,NOR,Norway,617.035008,48,CHN,China,121025.28833799998
goods_two_way_supplemental_public_metric_check,AUS,Australia,2011,KWT,Kuwait,602.0163910000001,49,CHN,China,121025.28833799998
goods_two_way_supplemental_public_metric_check,AUS,Australia,2011,QAT,Qatar,596.683198,50,CHN,China,121025.28833799998
goods_two_way_supplemental_public_metric_check,AUS,Australia,2011,EGY,Egypt,576.6826999999998,51,CHN,China,121025.28833799998
goods_two_way_supplemental_public_metric_check,AUS,Australia,2011,POL,Poland,565.9829719999999,52,CHN,China,121025.28833799998
goods_two_way_supplemental_public_metric_check,AUS,Australia,2011,BHR,Bahrain,536.245575,53,CHN,China,121025.28833799998
goods_two_way_supplemental_public_metric_check,AUS,Australia,2011,CZE,Czechia,523.706618,54,CHN,China,121025.28833799998
goods_two_way_supplemental_public_metric_check,AUS,Australia,2011,OMN,Oman,466.50432699999993,55,CHN,China,121025.28833799998
goods_two_way_supplemental_public_metric_check,AUS,Australia,2011,HUN,Hungary,441.68263,56,CHN,China,121025.28833799998
goods_two_way_supplemental_public_metric_check,AUS,Australia,2011,LKA,Sri Lanka,397.44156699999996,57,CHN,China,121025.28833799998
goods_two_way_supplemental_public_metric_check,AUS,Australia,2011,IRQ,Iraq,392.5016600000001,58,CHN,China,121025.28833799998
goods_two_way_supplemental_public_metric_check,AUS,Australia,2011,DZA,Algeria,335.23591300000004,59,CHN,China,121025.28833799998
goods_two_way_supplemental_public_metric_check,AUS,Australia,2011,YEM,Yemen,289.677148,60,CHN,China,121025.28833799998
goods_two_way_supplemental_public_metric_check,AUS,Australia,2011,PER,Peru,219.68571199999997,61,CHN,China,121025.28833799998
goods_two_way_supplemental_public_metric_check,AUS,Australia,2011,LBY,Libya,208.744317,62,CHN,China,121025.28833799998
goods_two_way_supplemental_public_metric_check,AUS,Australia,2011,UKR,Ukraine,207.513508,63,CHN,China,121025.28833799998
goods_two_way_supplemental_public_metric_check,AUS,Australia,2011,SVK,Slovakia,206.113773,64,CHN,China,121025.28833799998
goods_two_way_supplemental_public_metric_check,AUS,Australia,2011,JOR,Jordan,190.42317,65,CHN,China,121025.28833799998
goods_two_way_supplemental_public_metric_check,AUS,Australia,2011,GRC,Greece,187.25565699999999,66,CHN,China,121025.28833799998
goods_two_way_supplemental_public_metric_check,AUS,Australia,2011,SDN,Sudan,174.08,67,CHN,China,121025.28833799998
goods_two_way_supplemental_public_metric_check,AUS,Australia,2011,SLB,Solomon Islands,172.184383,68,CHN,China,121025.28833799998
goods_two_way_supplemental_public_metric_check,AUS,Australia,2011,PRT,Portugal,172.15175999999997,69,CHN,China,121025.28833799998
goods_two_way_supplemental_public_metric_check,AUS,Australia,2011,GHA,Ghana,168.11070499999997,70,CHN,China,121025.28833799998
goods_two_way_supplemental_public_metric_check,AUS,Australia,2011,CRI,Costa Rica,156.17275499999997,71,CHN,China,121025.28833799998
goods_two_way_supplemental_public_metric_check,AUS,Australia,2011,TZA,Tanzania,151.271517,72,CHN,China,121025.28833799998
goods_two_way_supplemental_public_metric_check,AUS,Australia,2011,IRN,Iran,147.994279,73,CHN,China,121025.28833799998
goods_two_way_supplemental_public_metric_check,AUS,Australia,2011,MUS,Mauritius,145.59365999999994,74,CHN,China,121025.28833799998
goods_two_way_supplemental_public_metric_check,AUS,Australia,2011,BOL,Bolivia,131.535683,75,CHN,China,121025.28833799998
goods_two_way_supplemental_public_metric_check,AUS,Australia,2011,LAO,Laos,127.03516100000002,76,CHN,China,121025.28833799998
goods_two_way_supplemental_public_metric_check,AUS,Australia,2011,MMR,Myanmar (Burma),119.45880600000005,77,CHN,China,121025.28833799998
goods_two_way_supplemental_public_metric_check,AUS,Australia,2011,MAR,Morocco,114.95636400000002,78,CHN,China,121025.28833799998
goods_two_way_supplemental_public_metric_check,AUS,Australia,2011,MOZ,Mozambique,106.85373499999999,79,CHN,China,121025.28833799998
goods_two_way_supplemental_public_metric_check,AUS,Australia,2011,COL,Colombia,104.22458600000002,80,CHN,China,121025.28833799998
goods_two_way_supplemental_public_metric_check,AUS,Australia,2011,SVN,Slovenia,94.93472499999997,81,CHN,China,121025.28833799998
goods_two_way_supplemental_public_metric_check,AUS,Australia,2011,AZE,Azerbaijan,93.201274,82,CHN,China,121025.28833799998
goods_two_way_supplemental_public_metric_check,AUS,Australia,2011,VUT,Vanuatu,88.71409999999999,83,CHN,China,121025.28833799998
goods_two_way_supplemental_public_metric_check,AUS,Australia,2011,MAC,Macao,81.857599,84,CHN,China,121025.28833799998
goods_two_way_supplemental_public_metric_check,AUS,Australia,2011,ROU,Romania,80.77044200000002,85,CHN,China,121025.28833799998
goods_two_way_supplemental_public_metric_check,AUS,Australia,2011,EST,Estonia,72.99642199999997,86,CHN,China,121025.28833799998
goods_two_way_supplemental_public_metric_check,AUS,Australia,2011,LBN,Lebanon,67.07123,87,CHN,China,121025.28833799998
goods_two_way_supplemental_public_metric_check,AUS,Australia,2011,WSM,Samoa,66.335156,88,CHN,China,121025.28833799998
goods_two_way_supplemental_public_metric_check,AUS,Australia,2011,KEN,Kenya,65.325442,89,CHN,China,121025.28833799998
goods_two_way_supplemental_public_metric_check,AUS,Australia,2011,SWZ,Eswatini,62.768466,90,CHN,China,121025.28833799998
goods_two_way_supplemental_public_metric_check,AUS,Australia,2011,KHM,Cambodia,56.906941,91,CHN,China,121025.28833799998
goods_two_way_supplemental_public_metric_check,AUS,Australia,2011,MLI,Mali,55.177951,92,CHN,China,121025.28833799998
goods_two_way_supplemental_public_metric_check,AUS,Australia,2011,KAZ,Kazakhstan,54.781435,93,CHN,China,121025.28833799998
goods_two_way_supplemental_public_metric_check,AUS,Australia,2011,PYF,French Polynesia,54.29114800000002,94,CHN,China,121025.28833799998
goods_two_way_supplemental_public_metric_check,AUS,Australia,2011,BGR,Bulgaria,51.69705900000001,95,CHN,China,121025.28833799998
goods_two_way_supplemental_public_metric_check,AUS,Australia,2011,LTU,Lithuania,48.29446499999999,96,CHN,China,121025.28833799998
goods_two_way_supplemental_public_metric_check,AUS,Australia,2011,MRT,Mauritania,46.744361,97,CHN,China,121025.28833799998
goods_two_way_supplemental_public_metric_check,AUS,Australia,2011,ZMB,Zambia,46.42257099999999,98,CHN,China,121025.28833799998
goods_two_way_supplemental_public_metric_check,AUS,Australia,2011,CXR,Christmas Island,46.01853999999999,99,CHN,China,121025.28833799998
goods_two_way_supplemental_public_metric_check,AUS,Australia,2011,MNG,Mongolia,43.76124600000001,100,CHN,China,121025.28833799998
goods_two_way_supplemental_public_metric_check,AUS,Australia,2011,BMU,Bermuda,43.043576,101,CHN,China,121025.28833799998
goods_two_way_supplemental_public_metric_check,AUS,Australia,2011,CIV,Côte d'Ivoire,42.477036000000005,102,CHN,China,121025.28833799998
goods_two_way_supplemental_public_metric_check,AUS,Australia,2011,KIR,Kiribati,40.979513,103,CHN,China,121025.28833799998
goods_two_way_supplemental_public_metric_check,AUS,Australia,2011,SLV,El Salvador,40.073705,104,CHN,China,121025.28833799998
goods_two_way_supplemental_public_metric_check,AUS,Australia,2011,SYC,Seychelles,39.847471,105,CHN,China,121025.28833799998
goods_two_way_supplemental_public_metric_check,AUS,Australia,2011,SEN,Senegal,39.23086800000001,106,CHN,China,121025.28833799998
goods_two_way_supplemental_public_metric_check,AUS,Australia,2011,UGA,Uganda,38.778619000000006,107,CHN,China,121025.28833799998
goods_two_way_supplemental_public_metric_check,AUS,Australia,2011,MDG,Madagascar,38.667013999999995,108,CHN,China,121025.28833799998
goods_two_way_supplemental_public_metric_check,AUS,Australia,2011,DOM,Dominican Republic,34.34078600000001,109,CHN,China,121025.28833799998
goods_two_way_supplemental_public_metric_check,AUS,Australia,2011,ECU,Ecuador,33.74750399999999,110,CHN,China,121025.28833799998
goods_two_way_supplemental_public_metric_check,AUS,Australia,2011,HRV,Croatia,33.50568500000001,111,CHN,China,121025.28833799998
goods_two_way_supplemental_public_metric_check,AUS,Australia,2011,ETH,Ethiopia,33.26153899999999,112,CHN,China,121025.28833799998
goods_two_way_supplemental_public_metric_check,AUS,Australia,2011,LUX,Luxembourg,32.138133,113,CHN,China,121025.28833799998
goods_two_way_supplemental_public_metric_check,AUS,Australia,2011,GTM,Guatemala,31.695122999999995,114,CHN,China,121025.28833799998
goods_two_way_supplemental_public_metric_check,AUS,Australia,2011,MDV,Maldives,31.39416200000001,115,CHN,China,121025.28833799998
goods_two_way_supplemental_public_metric_check,AUS,Australia,2011,TTO,Trinidad & Tobago,30.537929000000002,116,CHN,China,121025.28833799998
goods_two_way_supplemental_public_metric_check,AUS,Australia,2011,BIH,Bosnia & Herzegovina,30.13947700000001,117,CHN,China,121025.28833799998
goods_two_way_supplemental_public_metric_check,AUS,Australia,2011,URY,Uruguay,29.239266000000004,118,CHN,China,121025.28833799998
goods_two_way_supplemental_public_metric_check,AUS,Australia,2011,HND,Honduras,28.25715,119,CHN,China,121025.28833799998
goods_two_way_supplemental_public_metric_check,AUS,Australia,2011,SLE,Sierra Leone,28.196151999999994,120,CHN,China,121025.28833799998
goods_two_way_supplemental_public_metric_check,AUS,Australia,2011,BFA,Burkina Faso,27.896749,121,CHN,China,121025.28833799998
goods_two_way_supplemental_public_metric_check,AUS,Australia,2011,TUN,Tunisia,24.943554999999996,122,CHN,China,121025.28833799998
goods_two_way_supplemental_public_metric_check,AUS,Australia,2011,GIB,Gibraltar,24.936894,123,CHN,China,121025.28833799998
goods_two_way_supplemental_public_metric_check,AUS,Australia,2011,GIN,Guinea,24.812177999999996,124,CHN,China,121025.28833799998
goods_two_way_supplemental_public_metric_check,AUS,Australia,2011,NPL,Nepal,24.450108999999994,125,CHN,China,121025.28833799998
goods_two_way_supplemental_public_metric_check,AUS,Australia,2011,TLS,Timor-Leste,24.055856999999996,126,CHN,China,121025.28833799998
goods_two_way_supplemental_public_metric_check,AUS,Australia,2011,ZWE,Zimbabwe,22.507125999999996,127,CHN,China,121025.28833799998
goods_two_way_supplemental_public_metric_check,AUS,Australia,2011,GEO,Georgia,20.804117,128,CHN,China,121025.28833799998
goods_two_way_supplemental_public_metric_check,AUS,Australia,2011,CYP,Cyprus,20.345534999999998,129,CHN,China,121025.28833799998
goods_two_way_supplemental_public_metric_check,AUS,Australia,2011,NRU,Nauru,20.345034,130,CHN,China,121025.28833799998
goods_two_way_supplemental_public_metric_check,AUS,Australia,2011,ISL,Iceland,19.949594,131,CHN,China,121025.28833799998
goods_two_way_supplemental_public_metric_check,AUS,Australia,2011,SRB,Serbia,19.287682,132,CHN,China,121025.28833799998
goods_two_way_supplemental_public_metric_check,AUS,Australia,2011,MLT,Malta,18.67572,133,CHN,China,121025.28833799998
goods_two_way_supplemental_public_metric_check,AUS,Australia,2011,BWA,Botswana,18.118498000000006,134,CHN,China,121025.28833799998
goods_two_way_supplemental_public_metric_check,AUS,Australia,2011,JAM,Jamaica,18.089766,135,CHN,China,121025.28833799998
goods_two_way_supplemental_public_metric_check,AUS,Australia,2011,NAM,Namibia,17.350168,136,CHN,China,121025.28833799998
goods_two_way_supplemental_public_metric_check,AUS,Australia,2011,PAN,Panama,17.245620000000002,137,CHN,China,121025.28833799998
goods_two_way_supplemental_public_metric_check,AUS,Australia,2011,VEN,Venezuela,16.324589,138,CHN,China,121025.28833799998
goods_two_way_supplemental_public_metric_check,AUS,Australia,2011,MWI,Malawi,16.288017,139,CHN,China,121025.28833799998
goods_two_way_supplemental_public_metric_check,AUS,Australia,2011,AGO,Angola,15.381231,140,CHN,China,121025.28833799998
goods_two_way_supplemental_public_metric_check,AUS,Australia,2011,GUM,Guam,14.172125000000003,141,CHN,China,121025.28833799998
goods_two_way_supplemental_public_metric_check,AUS,Australia,2011,TON,Tonga,13.806756000000002,142,CHN,China,121025.28833799998
goods_two_way_supplemental_public_metric_check,AUS,Australia,2011,PRK,North Korea,13.528098,143,CHN,China,121025.28833799998
goods_two_way_supplemental_public_metric_check,AUS,Australia,2011,NIC,Nicaragua,13.255607000000001,144,CHN,China,121025.28833799998
goods_two_way_supplemental_public_metric_check,AUS,Australia,2011,CMR,Cameroon,13.201761999999999,145,CHN,China,121025.28833799998
goods_two_way_supplemental_public_metric_check,AUS,Australia,2011,CUB,Cuba,13.19458,146,CHN,China,121025.28833799998
goods_two_way_supplemental_public_metric_check,AUS,Australia,2011,ASM,American Samoa,13.082454,147,CHN,China,121025.28833799998
goods_two_way_supplemental_public_metric_check,AUS,Australia,2011,CCK,Cocos (Keeling) Islands,11.52643,148,CHN,China,121025.28833799998
goods_two_way_supplemental_public_metric_check,AUS,Australia,2011,BRB,Barbados,10.099654000000001,149,CHN,China,121025.28833799998
goods_two_way_supplemental_public_metric_check,AUS,Australia,2011,MKD,North Macedonia,9.221476,150,CHN,China,121025.28833799998
goods_two_way_supplemental_public_metric_check,AUS,Australia,2011,RWA,Rwanda,8.896260000000002,151,CHN,China,121025.28833799998
goods_two_way_supplemental_public_metric_check,AUS,Australia,2011,AFG,Afghanistan,8.847451,152,CHN,China,121025.28833799998
goods_two_way_supplemental_public_metric_check,AUS,Australia,2011,SYR,Syria,7.912985999999999,153,CHN,China,121025.28833799998
goods_two_way_supplemental_public_metric_check,AUS,Australia,2011,BLR,Belarus,7.731045,154,CHN,China,121025.28833799998
goods_two_way_supplemental_public_metric_check,AUS,Australia,2011,LVA,Latvia,7.409656999999999,155,CHN,China,121025.28833799998
goods_two_way_supplemental_public_metric_check,AUS,Australia,2011,FSM,Micronesia (Federated States of),6.911301,156,CHN,China,121025.28833799998
goods_two_way_supplemental_public_metric_check,AUS,Australia,2011,ALB,Albania,6.198740000000001,157,CHN,China,121025.28833799998
goods_two_way_supplemental_public_metric_check,AUS,Australia,2011,NFK,Norfolk Island,5.825215,158,CHN,China,121025.28833799998
goods_two_way_supplemental_public_metric_check,AUS,Australia,2011,ATA,Antarctica,5.323650000000002,159,CHN,China,121025.28833799998
goods_two_way_supplemental_public_metric_check,AUS,Australia,2011,ARM,Armenia,4.858355999999999,160,CHN,China,121025.28833799998
goods_two_way_supplemental_public_metric_check,AUS,Australia,2011,DJI,Djibouti,4.819161,161,CHN,China,121025.28833799998
goods_two_way_supplemental_public_metric_check,AUS,Australia,2011,NER,Niger,4.602882000000001,162,CHN,China,121025.28833799998
goods_two_way_supplemental_public_metric_check,AUS,Australia,2011,GUY,Guyana,4.574757,163,CHN,China,121025.28833799998
goods_two_way_supplemental_public_metric_check,AUS,Australia,2011,TJK,Tajikistan,4.486287,164,CHN,China,121025.28833799998
goods_two_way_supplemental_public_metric_check,AUS,Australia,2011,BHS,Bahamas,4.308975,165,CHN,China,121025.28833799998
goods_two_way_supplemental_public_metric_check,AUS,Australia,2011,MNE,Montenegro,4.295463000000001,166,CHN,China,121025.28833799998
goods_two_way_supplemental_public_metric_check,AUS,Australia,2011,KGZ,Kyrgyzstan,4.19746,167,CHN,China,121025.28833799998
goods_two_way_supplemental_public_metric_check,AUS,Australia,2011,WLF,Wallis & Futuna,4.039305000000001,168,CHN,China,121025.28833799998
goods_two_way_supplemental_public_metric_check,AUS,Australia,2011,VGB,British Virgin Islands,3.588616,169,CHN,China,121025.28833799998
goods_two_way_supplemental_public_metric_check,AUS,Australia,2011,PSE,Palestine,3.550965,170,CHN,China,121025.28833799998
goods_two_way_supplemental_public_metric_check,AUS,Australia,2011,BLZ,Belize,3.389322,171,CHN,China,121025.28833799998
goods_two_way_supplemental_public_metric_check,AUS,Australia,2011,COK,Cook Islands,3.2253750000000005,172,CHN,China,121025.28833799998
goods_two_way_supplemental_public_metric_check,AUS,Australia,2011,ERI,Eritrea,3.134975,173,CHN,China,121025.28833799998
goods_two_way_supplemental_public_metric_check,AUS,Australia,2011,HTI,Haiti,3.0039670000000003,174,CHN,China,121025.28833799998
goods_two_way_supplemental_public_metric_check,AUS,Australia,2011,PRY,Paraguay,2.7808560000000004,175,CHN,China,121025.28833799998
goods_two_way_supplemental_public_metric_check,AUS,Australia,2011,LBR,Liberia,2.697994,176,CHN,China,121025.28833799998
goods_two_way_supplemental_public_metric_check,AUS,Australia,2011,VCT,St. Vincent & Grenadines,2.629654,177,CHN,China,121025.28833799998
goods_two_way_supplemental_public_metric_check,AUS,Australia,2011,TGO,Togo,2.3587380000000007,178,CHN,China,121025.28833799998
goods_two_way_supplemental_public_metric_check,AUS,Australia,2011,UZB,Uzbekistan,2.296442,179,CHN,China,121025.28833799998
goods_two_way_supplemental_public_metric_check,AUS,Australia,2011,CYM,Cayman Islands,2.2523720000000003,180,CHN,China,121025.28833799998
goods_two_way_supplemental_public_metric_check,AUS,Australia,2011,LSO,Lesotho,2.077234,181,CHN,China,121025.28833799998
goods_two_way_supplemental_public_metric_check,AUS,Australia,2011,LCA,St. Lucia,1.91866,182,CHN,China,121025.28833799998
goods_two_way_supplemental_public_metric_check,AUS,Australia,2011,COD,Congo - Kinshasa,1.837693,183,CHN,China,121025.28833799998
goods_two_way_supplemental_public_metric_check,AUS,Australia,2011,MHL,Marshall Islands,1.8196910000000002,184,CHN,China,121025.28833799998
goods_two_way_supplemental_public_metric_check,AUS,Australia,2011,CUW,Curaçao,1.682172,185,CHN,China,121025.28833799998
goods_two_way_supplemental_public_metric_check,AUS,Australia,2011,ATG,Antigua & Barbuda,1.5604080000000002,186,CHN,China,121025.28833799998
goods_two_way_supplemental_public_metric_check,AUS,Australia,2011,SUR,Suriname,1.4822699999999998,187,CHN,China,121025.28833799998
goods_two_way_supplemental_public_metric_check,AUS,Australia,2011,TUV,Tuvalu,1.3839009999999996,188,CHN,China,121025.28833799998
goods_two_way_supplemental_public_metric_check,AUS,Australia,2011,MDA,Moldova,1.313349,189,CHN,China,121025.28833799998
goods_two_way_supplemental_public_metric_check,AUS,Australia,2011,PLW,Palau,1.2736910000000004,190,CHN,China,121025.28833799998
goods_two_way_supplemental_public_metric_check,AUS,Australia,2011,BDI,Burundi,1.1360649999999999,191,CHN,China,121025.28833799998
goods_two_way_supplemental_public_metric_check,AUS,Australia,2011,GNQ,Equatorial Guinea,1.005334,192,CHN,China,121025.28833799998
goods_two_way_supplemental_public_metric_check,AUS,Australia,2011,DMA,Dominica,0.7848799999999999,193,CHN,China,121025.28833799998
goods_two_way_supplemental_public_metric_check,AUS,Australia,2011,SOM,Somalia,0.7714540000000001,194,CHN,China,121025.28833799998
goods_two_way_supplemental_public_metric_check,AUS,Australia,2011,CPV,Cape Verde,0.758977,195,CHN,China,121025.28833799998
goods_two_way_supplemental_public_metric_check,AUS,Australia,2011,SHN,St. Helena,0.740854,196,CHN,China,121025.28833799998
goods_two_way_supplemental_public_metric_check,AUS,Australia,2011,MNP,Northern Mariana Islands,0.6667479999999999,197,CHN,China,121025.28833799998
goods_two_way_supplemental_public_metric_check,AUS,Australia,2011,GMB,Gambia,0.6430969999999999,198,CHN,China,121025.28833799998
goods_two_way_supplemental_public_metric_check,AUS,Australia,2011,BTN,Bhutan,0.576521,199,CHN,China,121025.28833799998
goods_two_way_supplemental_public_metric_check,AUS,Australia,2011,BEN,Benin,0.5699840000000002,200,CHN,China,121025.28833799998
goods_two_way_supplemental_public_metric_check,AUS,Australia,2011,GRL,Greenland,0.5043160000000001,201,CHN,China,121025.28833799998
goods_two_way_supplemental_public_metric_check,AUS,Australia,2011,TCD,Chad,0.46108000000000005,202,CHN,China,121025.28833799998
goods_two_way_supplemental_public_metric_check,AUS,Australia,2011,NIU,Niue,0.42700099999999996,203,CHN,China,121025.28833799998
goods_two_way_supplemental_public_metric_check,AUS,Australia,2011,GRD,Grenada,0.41482899999999995,204,CHN,China,121025.28833799998
goods_two_way_supplemental_public_metric_check,AUS,Australia,2011,TKM,Turkmenistan,0.38348099999999996,205,CHN,China,121025.28833799998
goods_two_way_supplemental_public_metric_check,AUS,Australia,2011,AND,Andorra,0.32838100000000003,206,CHN,China,121025.28833799998
goods_two_way_supplemental_public_metric_check,AUS,Australia,2011,PCN,Pitcairn Islands,0.26329600000000003,207,CHN,China,121025.28833799998
goods_two_way_supplemental_public_metric_check,AUS,Australia,2011,GNB,Guinea-Bissau,0.182461,208,CHN,China,121025.28833799998
goods_two_way_supplemental_public_metric_check,AUS,Australia,2011,KNA,St. Kitts & Nevis,0.111614,209,CHN,China,121025.28833799998
goods_two_way_supplemental_public_metric_check,AUS,Australia,2011,FLK,Falkland Islands,0.08570499999999999,210,CHN,China,121025.28833799998
goods_two_way_supplemental_public_metric_check,AUS,Australia,2011,STP,São Tomé & Príncipe,0.079156,211,CHN,China,121025.28833799998
goods_two_way_supplemental_public_metric_check,AUS,Australia,2011,COM,Comoros,0.06893200000000001,212,CHN,China,121025.28833799998
goods_two_way_supplemental_public_metric_check,AUS,Australia,2011,MSR,Montserrat,0.068162,213,CHN,China,121025.28833799998
goods_two_way_supplemental_public_metric_check,AUS,Australia,2011,AIA,Anguilla,0.06435099999999999,214,CHN,China,121025.28833799998
goods_two_way_supplemental_public_metric_check,AUS,Australia,2011,CAF,Central African Republic,0.032649,215,CHN,China,121025.28833799998
goods_two_way_supplemental_public_metric_check,AUS,Australia,2011,UMI,United States Minor Outlying Islands (the),0.028156,216,CHN,China,121025.28833799998
goods_two_way_supplemental_public_metric_check,AUS,Australia,2011,TCA,Turks & Caicos Islands,0.027118000000000003,217,CHN,China,121025.28833799998
goods_two_way_supplemental_public_metric_check,AUS,Australia,2011,SPM,St. Pierre & Miquelon,0.01346,218,CHN,China,121025.28833799998
goods_two_way_supplemental_public_metric_check,AUS,Australia,2011,IOT,British Indian Ocean Territory,0.006794,219,CHN,China,121025.28833799998
goods_two_way_supplemental_public_metric_check,AUS,Australia,2012,CHN,China,123493.46381600003,1,CHN,China,123493.46381600003
goods_two_way_supplemental_public_metric_check,AUS,Australia,2012,JPN,Japan,76237.081443,2,CHN,China,123493.46381600003
goods_two_way_supplemental_public_metric_check,AUS,Australia,2012,USA,United States,37967.189443999996,3,CHN,China,123493.46381600003
goods_two_way_supplemental_public_metric_check,AUS,Australia,2012,KOR,South Korea,32845.93868799999,4,CHN,China,123493.46381600003
goods_two_way_supplemental_public_metric_check,AUS,Australia,2012,SGP,Singapore,19862.321579,5,CHN,China,123493.46381600003
goods_two_way_supplemental_public_metric_check,AUS,Australia,2012,THA,Thailand,15670.946879000003,6,CHN,China,123493.46381600003
goods_two_way_supplemental_public_metric_check,AUS,Australia,2012,IND,India,15489.385623000002,7,CHN,China,123493.46381600003
goods_two_way_supplemental_public_metric_check,AUS,Australia,2012,DEU,Germany,14885.612355,8,CHN,China,123493.46381600003
goods_two_way_supplemental_public_metric_check,AUS,Australia,2012,MYS,Malaysia,14263.612787999999,9,CHN,China,123493.46381600003
goods_two_way_supplemental_public_metric_check,AUS,Australia,2012,NZL,New Zealand,13031.73455,10,CHN,China,123493.46381600003
goods_two_way_supplemental_public_metric_check,AUS,Australia,2012,TWN,Taiwan,12613.832994999999,11,CHN,China,123493.46381600003
goods_two_way_supplemental_public_metric_check,AUS,Australia,2012,IDN,Indonesia,11677.009459999997,12,CHN,China,123493.46381600003
goods_two_way_supplemental_public_metric_check,AUS,Australia,2012,GBR,United Kingdom,10157.504169000003,13,CHN,China,123493.46381600003
goods_two_way_supplemental_public_metric_check,AUS,Australia,2012,HKG,Hong Kong,7753.948646999999,14,CHN,China,123493.46381600003
goods_two_way_supplemental_public_metric_check,AUS,Australia,2012,ITA,Italy,6456.207209,15,CHN,China,123493.46381600003
goods_two_way_supplemental_public_metric_check,AUS,Australia,2012,PNG,Papua New Guinea,6357.174956999999,16,CHN,China,123493.46381600003
goods_two_way_supplemental_public_metric_check,AUS,Australia,2012,FRA,France,5601.852282,17,CHN,China,123493.46381600003
goods_two_way_supplemental_public_metric_check,AUS,Australia,2012,ARE,United Arab Emirates,5470.164827999999,18,CHN,China,123493.46381600003
goods_two_way_supplemental_public_metric_check,AUS,Australia,2012,VNM,Vietnam,5102.330301000001,19,CHN,China,123493.46381600003
goods_two_way_supplemental_public_metric_check,AUS,Australia,2012,CAN,Canada,4451.966144999999,20,CHN,China,123493.46381600003
goods_two_way_supplemental_public_metric_check,AUS,Australia,2012,CHE,Switzerland,3805.536873,21,CHN,China,123493.46381600003
goods_two_way_supplemental_public_metric_check,AUS,Australia,2012,ESP,Spain,3678.3043559999987,22,CHN,China,123493.46381600003
goods_two_way_supplemental_public_metric_check,AUS,Australia,2012,BEL,Belgium,3213.4077859999993,23,CHN,China,123493.46381600003
goods_two_way_supplemental_public_metric_check,AUS,Australia,2012,NGA,Nigeria,3150.1266699999996,24,CHN,China,123493.46381600003
goods_two_way_supplemental_public_metric_check,AUS,Australia,2012,NLD,Netherlands,3068.525007,25,CHN,China,123493.46381600003
goods_two_way_supplemental_public_metric_check,AUS,Australia,2012,MEX,Mexico,2985.9562659999997,26,CHN,China,123493.46381600003
goods_two_way_supplemental_public_metric_check,AUS,Australia,2012,SWE,Sweden,2768.2000630000007,27,CHN,China,123493.46381600003
goods_two_way_supplemental_public_metric_check,AUS,Australia,2012,SAU,Saudi Arabia,2587.5726240000013,28,CHN,China,123493.46381600003
goods_two_way_supplemental_public_metric_check,AUS,Australia,2012,ZAF,South Africa,2330.7621129999998,29,CHN,China,123493.46381600003
goods_two_way_supplemental_public_metric_check,AUS,Australia,2012,BRA,Brazil,2016.5192470000002,30,CHN,China,123493.46381600003
goods_two_way_supplemental_public_metric_check,AUS,Australia,2012,PHL,Philippines,1923.7140580000005,31,CHN,China,123493.46381600003
goods_two_way_supplemental_public_metric_check,AUS,Australia,2012,RUS,Russia,1815.079051,32,CHN,China,123493.46381600003
goods_two_way_supplemental_public_metric_check,AUS,Australia,2012,IRL,Ireland,1777.5587670000002,33,CHN,China,123493.46381600003
goods_two_way_supplemental_public_metric_check,AUS,Australia,2012,CHL,Chile,1717.8040270000001,34,CHN,China,123493.46381600003
goods_two_way_supplemental_public_metric_check,AUS,Australia,2012,TUR,Turkey,1339.3688200000004,35,CHN,China,123493.46381600003
goods_two_way_supplemental_public_metric_check,AUS,Australia,2012,DNK,Denmark,1321.0403529999999,36,CHN,China,123493.46381600003
goods_two_way_supplemental_public_metric_check,AUS,Australia,2012,QAT,Qatar,1240.0919700000004,37,CHN,China,123493.46381600003
goods_two_way_supplemental_public_metric_check,AUS,Australia,2012,GAB,Gabon,1197.053794,38,CHN,China,123493.46381600003
goods_two_way_supplemental_public_metric_check,AUS,Australia,2012,LBY,Libya,1182.3544459999998,39,CHN,China,123493.46381600003
goods_two_way_supplemental_public_metric_check,AUS,Australia,2012,BRN,Brunei,1139.567989,40,CHN,China,123493.46381600003
goods_two_way_supplemental_public_metric_check,AUS,Australia,2012,FIN,Finland,1086.771558,41,CHN,China,123493.46381600003
goods_two_way_supplemental_public_metric_check,AUS,Australia,2012,AUT,Austria,964.320978,42,CHN,China,123493.46381600003
goods_two_way_supplemental_public_metric_check,AUS,Australia,2012,COG,Congo - Brazzaville,931.7596189999999,43,CHN,China,123493.46381600003
goods_two_way_supplemental_public_metric_check,AUS,Australia,2012,ARG,Argentina,927.6744990000002,44,CHN,China,123493.46381600003
goods_two_way_supplemental_public_metric_check,AUS,Australia,2012,BGD,Bangladesh,883.830561,45,CHN,China,123493.46381600003
goods_two_way_supplemental_public_metric_check,AUS,Australia,2012,PAK,Pakistan,848.1880199999997,46,CHN,China,123493.46381600003
goods_two_way_supplemental_public_metric_check,AUS,Australia,2012,ISR,Israel,842.3528499999998,47,CHN,China,123493.46381600003
goods_two_way_supplemental_public_metric_check,AUS,Australia,2012,POL,Poland,710.0244390000001,48,CHN,China,123493.46381600003
goods_two_way_supplemental_public_metric_check,AUS,Australia,2012,FJI,Fiji,610.483719,49,CHN,China,123493.46381600003
goods_two_way_supplemental_public_metric_check,AUS,Australia,2012,BHR,Bahrain,579.778499,50,CHN,China,123493.46381600003
goods_two_way_supplemental_public_metric_check,AUS,Australia,2012,EGY,Egypt,567.03863,51,CHN,China,123493.46381600003
goods_two_way_supplemental_public_metric_check,AUS,Australia,2012,YEM,Yemen,554.2968839999997,52,CHN,China,123493.46381600003
goods_two_way_supplemental_public_metric_check,AUS,Australia,2012,KWT,Kuwait,523.362134,53,CHN,China,123493.46381600003
goods_two_way_supplemental_public_metric_check,AUS,Australia,2012,CZE,Czechia,510.26375700000006,54,CHN,China,123493.46381600003
goods_two_way_supplemental_public_metric_check,AUS,Australia,2012,IRN,Iran,451.4638800000001,55,CHN,China,123493.46381600003
goods_two_way_supplemental_public_metric_check,AUS,Australia,2012,NCL,New Caledonia,437.15161599999993,56,CHN,China,123493.46381600003
goods_two_way_supplemental_public_metric_check,AUS,Australia,2012,NOR,Norway,416.28117899999995,57,CHN,China,123493.46381600003
goods_two_way_supplemental_public_metric_check,AUS,Australia,2012,HUN,Hungary,356.250985,58,CHN,China,123493.46381600003
goods_two_way_supplemental_public_metric_check,AUS,Australia,2012,LKA,Sri Lanka,352.3696709999999,59,CHN,China,123493.46381600003
goods_two_way_supplemental_public_metric_check,AUS,Australia,2012,OMN,Oman,350.696364,60,CHN,China,123493.46381600003
goods_two_way_supplemental_public_metric_check,AUS,Australia,2012,SVK,Slovakia,282.17415900000003,61,CHN,China,123493.46381600003
goods_two_way_supplemental_public_metric_check,AUS,Australia,2012,SLB,Solomon Islands,268.775191,62,CHN,China,123493.46381600003
goods_two_way_supplemental_public_metric_check,AUS,Australia,2012,SDN,Sudan,267.3575249999999,63,CHN,China,123493.46381600003
goods_two_way_supplemental_public_metric_check,AUS,Australia,2012,PER,Peru,237.830702,64,CHN,China,123493.46381600003
goods_two_way_supplemental_public_metric_check,AUS,Australia,2012,JOR,Jordan,237.38682199999997,65,CHN,China,123493.46381600003
goods_two_way_supplemental_public_metric_check,AUS,Australia,2012,GHA,Ghana,219.2964499999999,66,CHN,China,123493.46381600003
goods_two_way_supplemental_public_metric_check,AUS,Australia,2012,UKR,Ukraine,204.60824699999984,67,CHN,China,123493.46381600003
goods_two_way_supplemental_public_metric_check,AUS,Australia,2012,GRC,Greece,185.72987600000002,68,CHN,China,123493.46381600003
goods_two_way_supplemental_public_metric_check,AUS,Australia,2012,PRT,Portugal,174.93305399999997,69,CHN,China,123493.46381600003
goods_two_way_supplemental_public_metric_check,AUS,Australia,2012,IRQ,Iraq,170.715094,70,CHN,China,123493.46381600003
goods_two_way_supplemental_public_metric_check,AUS,Australia,2012,CRI,Costa Rica,167.49932800000005,71,CHN,China,123493.46381600003
goods_two_way_supplemental_public_metric_check,AUS,Australia,2012,MMR,Myanmar (Burma),146.98675699999998,72,CHN,China,123493.46381600003
goods_two_way_supplemental_public_metric_check,AUS,Australia,2012,MUS,Mauritius,143.87846700000003,73,CHN,China,123493.46381600003
goods_two_way_supplemental_public_metric_check,AUS,Australia,2012,TZA,Tanzania,131.925223,74,CHN,China,123493.46381600003
goods_two_way_supplemental_public_metric_check,AUS,Australia,2012,COL,Colombia,102.87474399999999,75,CHN,China,123493.46381600003
goods_two_way_supplemental_public_metric_check,AUS,Australia,2012,ROU,Romania,94.20884099999998,76,CHN,China,123493.46381600003
goods_two_way_supplemental_public_metric_check,AUS,Australia,2012,AZE,Azerbaijan,94.173055,77,CHN,China,123493.46381600003
goods_two_way_supplemental_public_metric_check,AUS,Australia,2012,BMU,Bermuda,88.481769,78,CHN,China,123493.46381600003
goods_two_way_supplemental_public_metric_check,AUS,Australia,2012,MAC,Macao,81.20319599999999,79,CHN,China,123493.46381600003
goods_two_way_supplemental_public_metric_check,AUS,Australia,2012,PYF,French Polynesia,74.90755799999998,80,CHN,China,123493.46381600003
goods_two_way_supplemental_public_metric_check,AUS,Australia,2012,KHM,Cambodia,74.285635,81,CHN,China,123493.46381600003
goods_two_way_supplemental_public_metric_check,AUS,Australia,2012,SEN,Senegal,72.26867399999999,82,CHN,China,123493.46381600003
goods_two_way_supplemental_public_metric_check,AUS,Australia,2012,MAR,Morocco,72.195462,83,CHN,China,123493.46381600003
goods_two_way_supplemental_public_metric_check,AUS,Australia,2012,SVN,Slovenia,72.11183199999998,84,CHN,China,123493.46381600003
goods_two_way_supplemental_public_metric_check,AUS,Australia,2012,KAZ,Kazakhstan,69.16086300000002,85,CHN,China,123493.46381600003
goods_two_way_supplemental_public_metric_check,AUS,Australia,2012,KEN,Kenya,62.528977,86,CHN,China,123493.46381600003
goods_two_way_supplemental_public_metric_check,AUS,Australia,2012,LAO,Laos,62.062894,87,CHN,China,123493.46381600003
goods_two_way_supplemental_public_metric_check,AUS,Australia,2012,ZMB,Zambia,60.34276800000002,88,CHN,China,123493.46381600003
goods_two_way_supplemental_public_metric_check,AUS,Australia,2012,LTU,Lithuania,59.620636999999995,89,CHN,China,123493.46381600003
goods_two_way_supplemental_public_metric_check,AUS,Australia,2012,BGR,Bulgaria,58.80909700000001,90,CHN,China,123493.46381600003
goods_two_way_supplemental_public_metric_check,AUS,Australia,2012,LBN,Lebanon,57.413596999999996,91,CHN,China,123493.46381600003
goods_two_way_supplemental_public_metric_check,AUS,Australia,2012,MLI,Mali,55.800709999999995,92,CHN,China,123493.46381600003
goods_two_way_supplemental_public_metric_check,AUS,Australia,2012,MOZ,Mozambique,53.28357,93,CHN,China,123493.46381600003
goods_two_way_supplemental_public_metric_check,AUS,Australia,2012,DZA,Algeria,51.69051,94,CHN,China,123493.46381600003
goods_two_way_supplemental_public_metric_check,AUS,Australia,2012,MLT,Malta,51.34044399999999,95,CHN,China,123493.46381600003
goods_two_way_supplemental_public_metric_check,AUS,Australia,2012,BFA,Burkina Faso,50.894479999999994,96,CHN,China,123493.46381600003
goods_two_way_supplemental_public_metric_check,AUS,Australia,2012,CIV,Côte d'Ivoire,50.056472,97,CHN,China,123493.46381600003
goods_two_way_supplemental_public_metric_check,AUS,Australia,2012,WSM,Samoa,48.30336200000001,98,CHN,China,123493.46381600003
goods_two_way_supplemental_public_metric_check,AUS,Australia,2012,VUT,Vanuatu,46.436307000000014,99,CHN,China,123493.46381600003
goods_two_way_supplemental_public_metric_check,AUS,Australia,2012,EST,Estonia,46.05185900000001,100,CHN,China,123493.46381600003
goods_two_way_supplemental_public_metric_check,AUS,Australia,2012,TUN,Tunisia,42.69430799999999,101,CHN,China,123493.46381600003
goods_two_way_supplemental_public_metric_check,AUS,Australia,2012,ETH,Ethiopia,42.402891000000004,102,CHN,China,123493.46381600003
goods_two_way_supplemental_public_metric_check,AUS,Australia,2012,CXR,Christmas Island,42.32637199999999,103,CHN,China,123493.46381600003
goods_two_way_supplemental_public_metric_check,AUS,Australia,2012,SLV,El Salvador,39.879832,104,CHN,China,123493.46381600003
goods_two_way_supplemental_public_metric_check,AUS,Australia,2012,HRV,Croatia,39.539266000000005,105,CHN,China,123493.46381600003
goods_two_way_supplemental_public_metric_check,AUS,Australia,2012,DOM,Dominican Republic,35.736093,106,CHN,China,123493.46381600003
goods_two_way_supplemental_public_metric_check,AUS,Australia,2012,MNG,Mongolia,34.89848299999999,107,CHN,China,123493.46381600003
goods_two_way_supplemental_public_metric_check,AUS,Australia,2012,KIR,Kiribati,34.128506,108,CHN,China,123493.46381600003
goods_two_way_supplemental_public_metric_check,AUS,Australia,2012,LUX,Luxembourg,33.29527600000001,109,CHN,China,123493.46381600003
goods_two_way_supplemental_public_metric_check,AUS,Australia,2012,ECU,Ecuador,33.114086,110,CHN,China,123493.46381600003
goods_two_way_supplemental_public_metric_check,AUS,Australia,2012,SYC,Seychelles,32.817615,111,CHN,China,123493.46381600003
goods_two_way_supplemental_public_metric_check,AUS,Australia,2012,MDV,Maldives,32.389308,112,CHN,China,123493.46381600003
goods_two_way_supplemental_public_metric_check,AUS,Australia,2012,GEO,Georgia,27.716171000000003,113,CHN,China,123493.46381600003
goods_two_way_supplemental_public_metric_check,AUS,Australia,2012,GTM,Guatemala,27.31346,114,CHN,China,123493.46381600003
goods_two_way_supplemental_public_metric_check,AUS,Australia,2012,NAM,Namibia,25.890133,115,CHN,China,123493.46381600003
goods_two_way_supplemental_public_metric_check,AUS,Australia,2012,HND,Honduras,25.706321000000003,116,CHN,China,123493.46381600003
goods_two_way_supplemental_public_metric_check,AUS,Australia,2012,TTO,Trinidad & Tobago,25.642400999999996,117,CHN,China,123493.46381600003
goods_two_way_supplemental_public_metric_check,AUS,Australia,2012,URY,Uruguay,25.50666800000001,118,CHN,China,123493.46381600003
goods_two_way_supplemental_public_metric_check,AUS,Australia,2012,NPL,Nepal,25.299784000000002,119,CHN,China,123493.46381600003
goods_two_way_supplemental_public_metric_check,AUS,Australia,2012,NRU,Nauru,25.294872999999995,120,CHN,China,123493.46381600003
goods_two_way_supplemental_public_metric_check,AUS,Australia,2012,MRT,Mauritania,24.425911999999997,121,CHN,China,123493.46381600003
goods_two_way_supplemental_public_metric_check,AUS,Australia,2012,UGA,Uganda,21.822376999999992,122,CHN,China,123493.46381600003
goods_two_way_supplemental_public_metric_check,AUS,Australia,2012,PAN,Panama,21.626987999999997,123,CHN,China,123493.46381600003
goods_two_way_supplemental_public_metric_check,AUS,Australia,2012,VEN,Venezuela,21.073324,124,CHN,China,123493.46381600003
goods_two_way_supplemental_public_metric_check,AUS,Australia,2012,TLS,Timor-Leste,20.711733999999996,125,CHN,China,123493.46381600003
goods_two_way_supplemental_public_metric_check,AUS,Australia,2012,VGB,British Virgin Islands,20.443889,126,CHN,China,123493.46381600003
goods_two_way_supplemental_public_metric_check,AUS,Australia,2012,CYP,Cyprus,20.169198,127,CHN,China,123493.46381600003
goods_two_way_supplemental_public_metric_check,AUS,Australia,2012,ASM,American Samoa,19.355992999999998,128,CHN,China,123493.46381600003
goods_two_way_supplemental_public_metric_check,AUS,Australia,2012,GIN,Guinea,18.540317000000005,129,CHN,China,123493.46381600003
goods_two_way_supplemental_public_metric_check,AUS,Australia,2012,BOL,Bolivia,18.403007000000006,130,CHN,China,123493.46381600003
goods_two_way_supplemental_public_metric_check,AUS,Australia,2012,NIC,Nicaragua,18.235705000000003,131,CHN,China,123493.46381600003
goods_two_way_supplemental_public_metric_check,AUS,Australia,2012,SRB,Serbia,18.085198999999996,132,CHN,China,123493.46381600003
goods_two_way_supplemental_public_metric_check,AUS,Australia,2012,MDG,Madagascar,16.82145699999999,133,CHN,China,123493.46381600003
goods_two_way_supplemental_public_metric_check,AUS,Australia,2012,GUM,Guam,15.499583000000001,134,CHN,China,123493.46381600003
goods_two_way_supplemental_public_metric_check,AUS,Australia,2012,BLR,Belarus,15.288012000000002,135,CHN,China,123493.46381600003
goods_two_way_supplemental_public_metric_check,AUS,Australia,2012,CCK,Cocos (Keeling) Islands,15.006042,136,CHN,China,123493.46381600003
goods_two_way_supplemental_public_metric_check,AUS,Australia,2012,CUB,Cuba,14.998521000000002,137,CHN,China,123493.46381600003
goods_two_way_supplemental_public_metric_check,AUS,Australia,2012,JAM,Jamaica,14.637482999999998,138,CHN,China,123493.46381600003
goods_two_way_supplemental_public_metric_check,AUS,Australia,2012,ISL,Iceland,14.402042999999999,139,CHN,China,123493.46381600003
goods_two_way_supplemental_public_metric_check,AUS,Australia,2012,BWA,Botswana,13.827806000000002,140,CHN,China,123493.46381600003
goods_two_way_supplemental_public_metric_check,AUS,Australia,2012,SLE,Sierra Leone,13.329365,141,CHN,China,123493.46381600003
goods_two_way_supplemental_public_metric_check,AUS,Australia,2012,TON,Tonga,12.585461999999996,142,CHN,China,123493.46381600003
goods_two_way_supplemental_public_metric_check,AUS,Australia,2012,COD,Congo - Kinshasa,12.049696999999998,143,CHN,China,123493.46381600003
goods_two_way_supplemental_public_metric_check,AUS,Australia,2012,PSE,Palestine,12.041545000000001,144,CHN,China,123493.46381600003
goods_two_way_supplemental_public_metric_check,AUS,Australia,2012,BIH,Bosnia & Herzegovina,11.517793000000005,145,CHN,China,123493.46381600003
goods_two_way_supplemental_public_metric_check,AUS,Australia,2012,ZWE,Zimbabwe,10.497221999999997,146,CHN,China,123493.46381600003
goods_two_way_supplemental_public_metric_check,AUS,Australia,2012,AGO,Angola,10.388411999999997,147,CHN,China,123493.46381600003
goods_two_way_supplemental_public_metric_check,AUS,Australia,2012,AFG,Afghanistan,10.372526999999998,148,CHN,China,123493.46381600003
goods_two_way_supplemental_public_metric_check,AUS,Australia,2012,NER,Niger,9.380087,149,CHN,China,123493.46381600003
goods_two_way_supplemental_public_metric_check,AUS,Australia,2012,LVA,Latvia,9.259097,150,CHN,China,123493.46381600003
goods_two_way_supplemental_public_metric_check,AUS,Australia,2012,MKD,North Macedonia,8.844202,151,CHN,China,123493.46381600003
goods_two_way_supplemental_public_metric_check,AUS,Australia,2012,FSM,Micronesia (Federated States of),8.665928000000001,152,CHN,China,123493.46381600003
goods_two_way_supplemental_public_metric_check,AUS,Australia,2012,PRK,North Korea,8.45238,153,CHN,China,123493.46381600003
goods_two_way_supplemental_public_metric_check,AUS,Australia,2012,KGZ,Kyrgyzstan,6.011015,154,CHN,China,123493.46381600003
goods_two_way_supplemental_public_metric_check,AUS,Australia,2012,RWA,Rwanda,5.614094,155,CHN,China,123493.46381600003
goods_two_way_supplemental_public_metric_check,AUS,Australia,2012,COK,Cook Islands,5.054723,156,CHN,China,123493.46381600003
goods_two_way_supplemental_public_metric_check,AUS,Australia,2012,BHS,Bahamas,4.967966,157,CHN,China,123493.46381600003
goods_two_way_supplemental_public_metric_check,AUS,Australia,2012,NFK,Norfolk Island,4.754935000000001,158,CHN,China,123493.46381600003
goods_two_way_supplemental_public_metric_check,AUS,Australia,2012,ATA,Antarctica,4.664764,159,CHN,China,123493.46381600003
goods_two_way_supplemental_public_metric_check,AUS,Australia,2012,PRY,Paraguay,4.647189999999999,160,CHN,China,123493.46381600003
goods_two_way_supplemental_public_metric_check,AUS,Australia,2012,ARM,Armenia,4.483916000000001,161,CHN,China,123493.46381600003
goods_two_way_supplemental_public_metric_check,AUS,Australia,2012,SYR,Syria,4.424973,162,CHN,China,123493.46381600003
goods_two_way_supplemental_public_metric_check,AUS,Australia,2012,DJI,Djibouti,4.257531,163,CHN,China,123493.46381600003
goods_two_way_supplemental_public_metric_check,AUS,Australia,2012,SWZ,Eswatini,4.093814,164,CHN,China,123493.46381600003
goods_two_way_supplemental_public_metric_check,AUS,Australia,2012,CMR,Cameroon,3.9718080000000002,165,CHN,China,123493.46381600003
goods_two_way_supplemental_public_metric_check,AUS,Australia,2012,BRB,Barbados,3.48614,166,CHN,China,123493.46381600003
goods_two_way_supplemental_public_metric_check,AUS,Australia,2012,ALB,Albania,2.899328,167,CHN,China,123493.46381600003
goods_two_way_supplemental_public_metric_check,AUS,Australia,2012,MWI,Malawi,2.8489579999999997,168,CHN,China,123493.46381600003
goods_two_way_supplemental_public_metric_check,AUS,Australia,2012,UZB,Uzbekistan,2.7980009999999997,169,CHN,China,123493.46381600003
goods_two_way_supplemental_public_metric_check,AUS,Australia,2012,CUW,Curaçao,2.749391,170,CHN,China,123493.46381600003
goods_two_way_supplemental_public_metric_check,AUS,Australia,2012,WLF,Wallis & Futuna,2.7112789999999998,171,CHN,China,123493.46381600003
goods_two_way_supplemental_public_metric_check,AUS,Australia,2012,MHL,Marshall Islands,2.708452,172,CHN,China,123493.46381600003
goods_two_way_supplemental_public_metric_check,AUS,Australia,2012,LSO,Lesotho,2.625024,173,CHN,China,123493.46381600003
goods_two_way_supplemental_public_metric_check,AUS,Australia,2012,SUR,Suriname,2.6155819999999994,174,CHN,China,123493.46381600003
goods_two_way_supplemental_public_metric_check,AUS,Australia,2012,GUY,Guyana,2.606052,175,CHN,China,123493.46381600003
goods_two_way_supplemental_public_metric_check,AUS,Australia,2012,LBR,Liberia,2.572304,176,CHN,China,123493.46381600003
goods_two_way_supplemental_public_metric_check,AUS,Australia,2012,MDA,Moldova,2.38011,177,CHN,China,123493.46381600003
goods_two_way_supplemental_public_metric_check,AUS,Australia,2012,TGO,Togo,1.8192739999999998,178,CHN,China,123493.46381600003
goods_two_way_supplemental_public_metric_check,AUS,Australia,2012,BLZ,Belize,1.795908,179,CHN,China,123493.46381600003
goods_two_way_supplemental_public_metric_check,AUS,Australia,2012,PLW,Palau,1.735284,180,CHN,China,123493.46381600003
goods_two_way_supplemental_public_metric_check,AUS,Australia,2012,ATG,Antigua & Barbuda,1.718133,181,CHN,China,123493.46381600003
goods_two_way_supplemental_public_metric_check,AUS,Australia,2012,ERI,Eritrea,1.635803,182,CHN,China,123493.46381600003
goods_two_way_supplemental_public_metric_check,AUS,Australia,2012,MNE,Montenegro,1.4904579999999998,183,CHN,China,123493.46381600003
goods_two_way_supplemental_public_metric_check,AUS,Australia,2012,HTI,Haiti,1.410197,184,CHN,China,123493.46381600003
goods_two_way_supplemental_public_metric_check,AUS,Australia,2012,MNP,Northern Mariana Islands,1.396611,185,CHN,China,123493.46381600003
goods_two_way_supplemental_public_metric_check,AUS,Australia,2012,TUV,Tuvalu,1.322173,186,CHN,China,123493.46381600003
goods_two_way_supplemental_public_metric_check,AUS,Australia,2012,VCT,St. Vincent & Grenadines,1.2118429999999998,187,CHN,China,123493.46381600003
goods_two_way_supplemental_public_metric_check,AUS,Australia,2012,LCA,St. Lucia,1.137331,188,CHN,China,123493.46381600003
goods_two_way_supplemental_public_metric_check,AUS,Australia,2012,BTN,Bhutan,1.0749659999999999,189,CHN,China,123493.46381600003
goods_two_way_supplemental_public_metric_check,AUS,Australia,2012,BEN,Benin,0.9652870000000001,190,CHN,China,123493.46381600003
goods_two_way_supplemental_public_metric_check,AUS,Australia,2012,TJK,Tajikistan,0.959866,191,CHN,China,123493.46381600003
goods_two_way_supplemental_public_metric_check,AUS,Australia,2012,SHN,St. Helena,0.924353,192,CHN,China,123493.46381600003
goods_two_way_supplemental_public_metric_check,AUS,Australia,2012,GIB,Gibraltar,0.8905679999999999,193,CHN,China,123493.46381600003
goods_two_way_supplemental_public_metric_check,AUS,Australia,2012,CYM,Cayman Islands,0.843029,194,CHN,China,123493.46381600003
goods_two_way_supplemental_public_metric_check,AUS,Australia,2012,CPV,Cape Verde,0.815763,195,CHN,China,123493.46381600003
goods_two_way_supplemental_public_metric_check,AUS,Australia,2012,DMA,Dominica,0.745526,196,CHN,China,123493.46381600003
goods_two_way_supplemental_public_metric_check,AUS,Australia,2012,BDI,Burundi,0.6791339999999999,197,CHN,China,123493.46381600003
goods_two_way_supplemental_public_metric_check,AUS,Australia,2012,GNQ,Equatorial Guinea,0.665799,198,CHN,China,123493.46381600003
goods_two_way_supplemental_public_metric_check,AUS,Australia,2012,PCN,Pitcairn Islands,0.657049,199,CHN,China,123493.46381600003
goods_two_way_supplemental_public_metric_check,AUS,Australia,2012,TKM,Turkmenistan,0.564786,200,CHN,China,123493.46381600003
goods_two_way_supplemental_public_metric_check,AUS,Australia,2012,GRD,Grenada,0.43765699999999996,201,CHN,China,123493.46381600003
goods_two_way_supplemental_public_metric_check,AUS,Australia,2012,GRL,Greenland,0.409243,202,CHN,China,123493.46381600003
goods_two_way_supplemental_public_metric_check,AUS,Australia,2012,AND,Andorra,0.379854,203,CHN,China,123493.46381600003
goods_two_way_supplemental_public_metric_check,AUS,Australia,2012,KNA,St. Kitts & Nevis,0.367113,204,CHN,China,123493.46381600003
goods_two_way_supplemental_public_metric_check,AUS,Australia,2012,TCD,Chad,0.316348,205,CHN,China,123493.46381600003
goods_two_way_supplemental_public_metric_check,AUS,Australia,2012,NIU,Niue,0.222386,206,CHN,China,123493.46381600003
goods_two_way_supplemental_public_metric_check,AUS,Australia,2012,SSD,South Sudan,0.19414399999999998,207,CHN,China,123493.46381600003
goods_two_way_supplemental_public_metric_check,AUS,Australia,2012,GMB,Gambia,0.174486,208,CHN,China,123493.46381600003
goods_two_way_supplemental_public_metric_check,AUS,Australia,2012,SPM,St. Pierre & Miquelon,0.154843,209,CHN,China,123493.46381600003
goods_two_way_supplemental_public_metric_check,AUS,Australia,2012,COM,Comoros,0.11248499999999999,210,CHN,China,123493.46381600003
goods_two_way_supplemental_public_metric_check,AUS,Australia,2012,SOM,Somalia,0.082191,211,CHN,China,123493.46381600003
goods_two_way_supplemental_public_metric_check,AUS,Australia,2012,FLK,Falkland Islands,0.069227,212,CHN,China,123493.46381600003
goods_two_way_supplemental_public_metric_check,AUS,Australia,2012,MSR,Montserrat,0.04209600000000001,213,CHN,China,123493.46381600003
goods_two_way_supplemental_public_metric_check,AUS,Australia,2012,AIA,Anguilla,0.038242,214,CHN,China,123493.46381600003
goods_two_way_supplemental_public_metric_check,AUS,Australia,2012,CAF,Central African Republic,0.036027000000000003,215,CHN,China,123493.46381600003
goods_two_way_supplemental_public_metric_check,AUS,Australia,2012,STP,São Tomé & Príncipe,0.026003000000000002,216,CHN,China,123493.46381600003
goods_two_way_supplemental_public_metric_check,AUS,Australia,2012,TCA,Turks & Caicos Islands,0.024152,217,CHN,China,123493.46381600003
goods_two_way_supplemental_public_metric_check,AUS,Australia,2012,IOT,British Indian Ocean Territory,0.004523,218,CHN,China,123493.46381600003
goods_two_way_supplemental_public_metric_check,AUS,Australia,2012,ESH,Western Sahara,0.0018600000000000001,219,CHN,China,123493.46381600003
goods_two_way_supplemental_public_metric_check,AUS,Australia,2012,UMI,United States Minor Outlying Islands (the),0.001414,220,CHN,China,123493.46381600003
goods_two_way_supplemental_public_metric_check,AUS,Australia,2013,CHN,China,136703.96504100005,1,CHN,China,136703.96504100005
goods_two_way_supplemental_public_metric_check,AUS,Australia,2013,JPN,Japan,69252.929162,2,CHN,China,136703.96504100005
goods_two_way_supplemental_public_metric_check,AUS,Australia,2013,USA,United States,32425.463812999995,3,CHN,China,136703.96504100005
goods_two_way_supplemental_public_metric_check,AUS,Australia,2013,KOR,South Korea,30320.830421000006,4,CHN,China,136703.96504100005
goods_two_way_supplemental_public_metric_check,AUS,Australia,2013,SGP,Singapore,17185.715789,5,CHN,China,136703.96504100005
goods_two_way_supplemental_public_metric_check,AUS,Australia,2013,THA,Thailand,16220.923284999993,6,CHN,China,136703.96504100005
goods_two_way_supplemental_public_metric_check,AUS,Australia,2013,MYS,Malaysia,14043.132387000001,7,CHN,China,136703.96504100005
goods_two_way_supplemental_public_metric_check,AUS,Australia,2013,DEU,Germany,13584.049847,8,CHN,China,136703.96504100005
goods_two_way_supplemental_public_metric_check,AUS,Australia,2013,IND,India,13177.565454000001,9,CHN,China,136703.96504100005
goods_two_way_supplemental_public_metric_check,AUS,Australia,2013,NZL,New Zealand,12180.416273,10,CHN,China,136703.96504100005
goods_two_way_supplemental_public_metric_check,AUS,Australia,2013,HKG,Hong Kong,11319.160628000001,11,CHN,China,136703.96504100005
goods_two_way_supplemental_public_metric_check,AUS,Australia,2013,TWN,Taiwan,11316.969169000002,12,CHN,China,136703.96504100005
goods_two_way_supplemental_public_metric_check,AUS,Australia,2013,IDN,Indonesia,10708.179564000002,13,CHN,China,136703.96504100005
goods_two_way_supplemental_public_metric_check,AUS,Australia,2013,GBR,United Kingdom,9353.777523,14,CHN,China,136703.96504100005
goods_two_way_supplemental_public_metric_check,AUS,Australia,2013,ITA,Italy,6317.941424000002,15,CHN,China,136703.96504100005
goods_two_way_supplemental_public_metric_check,AUS,Australia,2013,ARE,United Arab Emirates,6039.042882,16,CHN,China,136703.96504100005
goods_two_way_supplemental_public_metric_check,AUS,Australia,2013,VNM,Vietnam,5303.01638,17,CHN,China,136703.96504100005
goods_two_way_supplemental_public_metric_check,AUS,Australia,2013,FRA,France,5187.107368000001,18,CHN,China,136703.96504100005
goods_two_way_supplemental_public_metric_check,AUS,Australia,2013,PNG,Papua New Guinea,5005.4492519999985,19,CHN,China,136703.96504100005
goods_two_way_supplemental_public_metric_check,AUS,Australia,2013,CAN,Canada,3661.151269000001,20,CHN,China,136703.96504100005
goods_two_way_supplemental_public_metric_check,AUS,Australia,2013,CHE,Switzerland,3643.1871389999997,21,CHN,China,136703.96504100005
goods_two_way_supplemental_public_metric_check,AUS,Australia,2013,ESP,Spain,2914.6315979999995,22,CHN,China,136703.96504100005
goods_two_way_supplemental_public_metric_check,AUS,Australia,2013,BEL,Belgium,2799.952622,23,CHN,China,136703.96504100005
goods_two_way_supplemental_public_metric_check,AUS,Australia,2013,NLD,Netherlands,2693.0978880000002,24,CHN,China,136703.96504100005
goods_two_way_supplemental_public_metric_check,AUS,Australia,2013,SAU,Saudi Arabia,2572.2391559999996,25,CHN,China,136703.96504100005
goods_two_way_supplemental_public_metric_check,AUS,Australia,2013,MEX,Mexico,2545.956234,26,CHN,China,136703.96504100005
goods_two_way_supplemental_public_metric_check,AUS,Australia,2013,SWE,Sweden,2387.492586,27,CHN,China,136703.96504100005
goods_two_way_supplemental_public_metric_check,AUS,Australia,2013,ZAF,South Africa,2204.6953320000002,28,CHN,China,136703.96504100005
goods_two_way_supplemental_public_metric_check,AUS,Australia,2013,NGA,Nigeria,2192.94192,29,CHN,China,136703.96504100005
goods_two_way_supplemental_public_metric_check,AUS,Australia,2013,RUS,Russia,1829.8144979999997,30,CHN,China,136703.96504100005
goods_two_way_supplemental_public_metric_check,AUS,Australia,2013,TUR,Turkey,1822.7472710000006,31,CHN,China,136703.96504100005
goods_two_way_supplemental_public_metric_check,AUS,Australia,2013,BRA,Brazil,1789.6191310000004,32,CHN,China,136703.96504100005
goods_two_way_supplemental_public_metric_check,AUS,Australia,2013,PHL,Philippines,1767.5752389999998,33,CHN,China,136703.96504100005
goods_two_way_supplemental_public_metric_check,AUS,Australia,2013,IRL,Ireland,1584.9498010000002,34,CHN,China,136703.96504100005
goods_two_way_supplemental_public_metric_check,AUS,Australia,2013,CHL,Chile,1380.958188,35,CHN,China,136703.96504100005
goods_two_way_supplemental_public_metric_check,AUS,Australia,2013,QAT,Qatar,1242.3558969999997,36,CHN,China,136703.96504100005
goods_two_way_supplemental_public_metric_check,AUS,Australia,2013,DNK,Denmark,1241.862457,37,CHN,China,136703.96504100005
goods_two_way_supplemental_public_metric_check,AUS,Australia,2013,BGD,Bangladesh,1000.1071149999999,38,CHN,China,136703.96504100005
goods_two_way_supplemental_public_metric_check,AUS,Australia,2013,ARG,Argentina,986.9679140000001,39,CHN,China,136703.96504100005
goods_two_way_supplemental_public_metric_check,AUS,Australia,2013,GAB,Gabon,947.3530039999999,40,CHN,China,136703.96504100005
goods_two_way_supplemental_public_metric_check,AUS,Australia,2013,AUT,Austria,935.0842490000002,41,CHN,China,136703.96504100005
goods_two_way_supplemental_public_metric_check,AUS,Australia,2013,FIN,Finland,924.950791,42,CHN,China,136703.96504100005
goods_two_way_supplemental_public_metric_check,AUS,Australia,2013,COG,Congo - Brazzaville,913.3140569999999,43,CHN,China,136703.96504100005
goods_two_way_supplemental_public_metric_check,AUS,Australia,2013,BRN,Brunei,878.18177,44,CHN,China,136703.96504100005
goods_two_way_supplemental_public_metric_check,AUS,Australia,2013,POL,Poland,875.2161659999999,45,CHN,China,136703.96504100005
goods_two_way_supplemental_public_metric_check,AUS,Australia,2013,ISR,Israel,832.5884040000001,46,CHN,China,136703.96504100005
goods_two_way_supplemental_public_metric_check,AUS,Australia,2013,CZE,Czechia,759.1894370000001,47,CHN,China,136703.96504100005
goods_two_way_supplemental_public_metric_check,AUS,Australia,2013,LBY,Libya,745.9067729999999,48,CHN,China,136703.96504100005
goods_two_way_supplemental_public_metric_check,AUS,Australia,2013,KWT,Kuwait,679.1053459999999,49,CHN,China,136703.96504100005
goods_two_way_supplemental_public_metric_check,AUS,Australia,2013,PAK,Pakistan,655.642541,50,CHN,China,136703.96504100005
goods_two_way_supplemental_public_metric_check,AUS,Australia,2013,IRQ,Iraq,577.362962,51,CHN,China,136703.96504100005
goods_two_way_supplemental_public_metric_check,AUS,Australia,2013,FJI,Fiji,538.6383519999999,52,CHN,China,136703.96504100005
goods_two_way_supplemental_public_metric_check,AUS,Australia,2013,BHR,Bahrain,527.990484,53,CHN,China,136703.96504100005
goods_two_way_supplemental_public_metric_check,AUS,Australia,2013,NOR,Norway,522.8389159999999,54,CHN,China,136703.96504100005
goods_two_way_supplemental_public_metric_check,AUS,Australia,2013,NCL,New Caledonia,479.34406599999977,55,CHN,China,136703.96504100005
goods_two_way_supplemental_public_metric_check,AUS,Australia,2013,EGY,Egypt,445.0734030000001,56,CHN,China,136703.96504100005
goods_two_way_supplemental_public_metric_check,AUS,Australia,2013,OMN,Oman,414.032823,57,CHN,China,136703.96504100005
goods_two_way_supplemental_public_metric_check,AUS,Australia,2013,LKA,Sri Lanka,368.84259700000007,58,CHN,China,136703.96504100005
goods_two_way_supplemental_public_metric_check,AUS,Australia,2013,SVK,Slovakia,356.994854,59,CHN,China,136703.96504100005
goods_two_way_supplemental_public_metric_check,AUS,Australia,2013,YEM,Yemen,328.5103220000001,60,CHN,China,136703.96504100005
goods_two_way_supplemental_public_metric_check,AUS,Australia,2013,HUN,Hungary,325.6067069999999,61,CHN,China,136703.96504100005
goods_two_way_supplemental_public_metric_check,AUS,Australia,2013,AZE,Azerbaijan,288.819451,62,CHN,China,136703.96504100005
goods_two_way_supplemental_public_metric_check,AUS,Australia,2013,SDN,Sudan,287.699921,63,CHN,China,136703.96504100005
goods_two_way_supplemental_public_metric_check,AUS,Australia,2013,IRN,Iran,275.29981399999997,64,CHN,China,136703.96504100005
goods_two_way_supplemental_public_metric_check,AUS,Australia,2013,JOR,Jordan,265.27563,65,CHN,China,136703.96504100005
goods_two_way_supplemental_public_metric_check,AUS,Australia,2013,PER,Peru,261.47407,66,CHN,China,136703.96504100005
goods_two_way_supplemental_public_metric_check,AUS,Australia,2013,BGR,Bulgaria,251.25030600000002,67,CHN,China,136703.96504100005
goods_two_way_supplemental_public_metric_check,AUS,Australia,2013,SLB,Solomon Islands,237.18431000000004,68,CHN,China,136703.96504100005
goods_two_way_supplemental_public_metric_check,AUS,Australia,2013,GRC,Greece,174.948082,69,CHN,China,136703.96504100005
goods_two_way_supplemental_public_metric_check,AUS,Australia,2013,TZA,Tanzania,172.56587699999997,70,CHN,China,136703.96504100005
goods_two_way_supplemental_public_metric_check,AUS,Australia,2013,KEN,Kenya,172.202056,71,CHN,China,136703.96504100005
goods_two_way_supplemental_public_metric_check,AUS,Australia,2013,GHA,Ghana,171.026025,72,CHN,China,136703.96504100005
goods_two_way_supplemental_public_metric_check,AUS,Australia,2013,PRT,Portugal,152.60573100000002,73,CHN,China,136703.96504100005
goods_two_way_supplemental_public_metric_check,AUS,Australia,2013,MUS,Mauritius,150.49340499999994,74,CHN,China,136703.96504100005
goods_two_way_supplemental_public_metric_check,AUS,Australia,2013,MMR,Myanmar (Burma),149.114655,75,CHN,China,136703.96504100005
goods_two_way_supplemental_public_metric_check,AUS,Australia,2013,CRI,Costa Rica,137.82391,76,CHN,China,136703.96504100005
goods_two_way_supplemental_public_metric_check,AUS,Australia,2013,SVN,Slovenia,135.943284,77,CHN,China,136703.96504100005
goods_two_way_supplemental_public_metric_check,AUS,Australia,2013,NRU,Nauru,119.81640699999998,78,CHN,China,136703.96504100005
goods_two_way_supplemental_public_metric_check,AUS,Australia,2013,COL,Colombia,116.07997900000004,79,CHN,China,136703.96504100005
goods_two_way_supplemental_public_metric_check,AUS,Australia,2013,MOZ,Mozambique,108.84358900000001,80,CHN,China,136703.96504100005
goods_two_way_supplemental_public_metric_check,AUS,Australia,2013,KAZ,Kazakhstan,102.59579799999999,81,CHN,China,136703.96504100005
goods_two_way_supplemental_public_metric_check,AUS,Australia,2013,KHM,Cambodia,97.64196700000002,82,CHN,China,136703.96504100005
goods_two_way_supplemental_public_metric_check,AUS,Australia,2013,ROU,Romania,97.28005999999998,83,CHN,China,136703.96504100005
goods_two_way_supplemental_public_metric_check,AUS,Australia,2013,UKR,Ukraine,94.94204500000001,84,CHN,China,136703.96504100005
goods_two_way_supplemental_public_metric_check,AUS,Australia,2013,ZMB,Zambia,93.63326900000001,85,CHN,China,136703.96504100005
goods_two_way_supplemental_public_metric_check,AUS,Australia,2013,DZA,Algeria,92.07978700000001,86,CHN,China,136703.96504100005
goods_two_way_supplemental_public_metric_check,AUS,Australia,2013,MAC,Macao,79.57013200000002,87,CHN,China,136703.96504100005
goods_two_way_supplemental_public_metric_check,AUS,Australia,2013,LAO,Laos,70.836049,88,CHN,China,136703.96504100005
goods_two_way_supplemental_public_metric_check,AUS,Australia,2013,MAR,Morocco,68.89214600000001,89,CHN,China,136703.96504100005
goods_two_way_supplemental_public_metric_check,AUS,Australia,2013,LBN,Lebanon,66.26469900000001,90,CHN,China,136703.96504100005
goods_two_way_supplemental_public_metric_check,AUS,Australia,2013,PYF,French Polynesia,57.78444700000001,91,CHN,China,136703.96504100005
goods_two_way_supplemental_public_metric_check,AUS,Australia,2013,LUX,Luxembourg,56.17663100000001,92,CHN,China,136703.96504100005
goods_two_way_supplemental_public_metric_check,AUS,Australia,2013,SEN,Senegal,55.62714400000001,93,CHN,China,136703.96504100005
goods_two_way_supplemental_public_metric_check,AUS,Australia,2013,AGO,Angola,54.988305,94,CHN,China,136703.96504100005
goods_two_way_supplemental_public_metric_check,AUS,Australia,2013,MNG,Mongolia,51.578801999999996,95,CHN,China,136703.96504100005
goods_two_way_supplemental_public_metric_check,AUS,Australia,2013,EST,Estonia,51.224488,96,CHN,China,136703.96504100005
goods_two_way_supplemental_public_metric_check,AUS,Australia,2013,LTU,Lithuania,50.74713,97,CHN,China,136703.96504100005
goods_two_way_supplemental_public_metric_check,AUS,Australia,2013,VUT,Vanuatu,42.814089,98,CHN,China,136703.96504100005
goods_two_way_supplemental_public_metric_check,AUS,Australia,2013,SYC,Seychelles,41.66864499999999,99,CHN,China,136703.96504100005
goods_two_way_supplemental_public_metric_check,AUS,Australia,2013,CIV,Côte d'Ivoire,41.333692000000006,100,CHN,China,136703.96504100005
goods_two_way_supplemental_public_metric_check,AUS,Australia,2013,ECU,Ecuador,40.78198900000001,101,CHN,China,136703.96504100005
goods_two_way_supplemental_public_metric_check,AUS,Australia,2013,CXR,Christmas Island,40.44147000000001,102,CHN,China,136703.96504100005
goods_two_way_supplemental_public_metric_check,AUS,Australia,2013,ETH,Ethiopia,40.20131700000001,103,CHN,China,136703.96504100005
goods_two_way_supplemental_public_metric_check,AUS,Australia,2013,URY,Uruguay,39.989858999999996,104,CHN,China,136703.96504100005
goods_two_way_supplemental_public_metric_check,AUS,Australia,2013,DOM,Dominican Republic,38.628482,105,CHN,China,136703.96504100005
goods_two_way_supplemental_public_metric_check,AUS,Australia,2013,SLV,El Salvador,36.86605200000001,106,CHN,China,136703.96504100005
goods_two_way_supplemental_public_metric_check,AUS,Australia,2013,MLT,Malta,35.765535,107,CHN,China,136703.96504100005
goods_two_way_supplemental_public_metric_check,AUS,Australia,2013,GEO,Georgia,35.182365,108,CHN,China,136703.96504100005
goods_two_way_supplemental_public_metric_check,AUS,Australia,2013,BFA,Burkina Faso,34.35560000000001,109,CHN,China,136703.96504100005
goods_two_way_supplemental_public_metric_check,AUS,Australia,2013,MLI,Mali,34.321827,110,CHN,China,136703.96504100005
goods_two_way_supplemental_public_metric_check,AUS,Australia,2013,ZWE,Zimbabwe,32.960350000000005,111,CHN,China,136703.96504100005
goods_two_way_supplemental_public_metric_check,AUS,Australia,2013,HND,Honduras,32.679868,112,CHN,China,136703.96504100005
goods_two_way_supplemental_public_metric_check,AUS,Australia,2013,MDV,Maldives,32.36469900000001,113,CHN,China,136703.96504100005
goods_two_way_supplemental_public_metric_check,AUS,Australia,2013,TTO,Trinidad & Tobago,31.879649,114,CHN,China,136703.96504100005
goods_two_way_supplemental_public_metric_check,AUS,Australia,2013,WSM,Samoa,29.606231999999995,115,CHN,China,136703.96504100005
goods_two_way_supplemental_public_metric_check,AUS,Australia,2013,GNQ,Equatorial Guinea,29.462489,116,CHN,China,136703.96504100005
goods_two_way_supplemental_public_metric_check,AUS,Australia,2013,UGA,Uganda,28.360961999999986,117,CHN,China,136703.96504100005
goods_two_way_supplemental_public_metric_check,AUS,Australia,2013,NPL,Nepal,28.349898000000003,118,CHN,China,136703.96504100005
goods_two_way_supplemental_public_metric_check,AUS,Australia,2013,MWI,Malawi,28.196856999999998,119,CHN,China,136703.96504100005
goods_two_way_supplemental_public_metric_check,AUS,Australia,2013,NAM,Namibia,28.055169,120,CHN,China,136703.96504100005
goods_two_way_supplemental_public_metric_check,AUS,Australia,2013,PAN,Panama,27.992445999999987,121,CHN,China,136703.96504100005
goods_two_way_supplemental_public_metric_check,AUS,Australia,2013,MRT,Mauritania,27.937548,122,CHN,China,136703.96504100005
goods_two_way_supplemental_public_metric_check,AUS,Australia,2013,BOL,Bolivia,27.289802,123,CHN,China,136703.96504100005
goods_two_way_supplemental_public_metric_check,AUS,Australia,2013,HRV,Croatia,26.244832,124,CHN,China,136703.96504100005
goods_two_way_supplemental_public_metric_check,AUS,Australia,2013,TUN,Tunisia,26.211705999999996,125,CHN,China,136703.96504100005
goods_two_way_supplemental_public_metric_check,AUS,Australia,2013,KIR,Kiribati,26.019192000000004,126,CHN,China,136703.96504100005
goods_two_way_supplemental_public_metric_check,AUS,Australia,2013,GTM,Guatemala,23.325561,127,CHN,China,136703.96504100005
goods_two_way_supplemental_public_metric_check,AUS,Australia,2013,SLE,Sierra Leone,23.154961999999998,128,CHN,China,136703.96504100005
goods_two_way_supplemental_public_metric_check,AUS,Australia,2013,CYP,Cyprus,22.312521000000004,129,CHN,China,136703.96504100005
goods_two_way_supplemental_public_metric_check,AUS,Australia,2013,BMU,Bermuda,21.357734999999998,130,CHN,China,136703.96504100005
goods_two_way_supplemental_public_metric_check,AUS,Australia,2013,GIN,Guinea,20.550404,131,CHN,China,136703.96504100005
goods_two_way_supplemental_public_metric_check,AUS,Australia,2013,COD,Congo - Kinshasa,20.513938,132,CHN,China,136703.96504100005
goods_two_way_supplemental_public_metric_check,AUS,Australia,2013,RWA,Rwanda,19.771198999999992,133,CHN,China,136703.96504100005
goods_two_way_supplemental_public_metric_check,AUS,Australia,2013,MDG,Madagascar,17.975727,134,CHN,China,136703.96504100005
goods_two_way_supplemental_public_metric_check,AUS,Australia,2013,SRB,Serbia,17.940455,135,CHN,China,136703.96504100005
goods_two_way_supplemental_public_metric_check,AUS,Australia,2013,BWA,Botswana,17.905375999999997,136,CHN,China,136703.96504100005
goods_two_way_supplemental_public_metric_check,AUS,Australia,2013,TLS,Timor-Leste,17.205168999999998,137,CHN,China,136703.96504100005
goods_two_way_supplemental_public_metric_check,AUS,Australia,2013,NIC,Nicaragua,15.944157,138,CHN,China,136703.96504100005
goods_two_way_supplemental_public_metric_check,AUS,Australia,2013,LVA,Latvia,15.753458000000002,139,CHN,China,136703.96504100005
goods_two_way_supplemental_public_metric_check,AUS,Australia,2013,BIH,Bosnia & Herzegovina,15.530435,140,CHN,China,136703.96504100005
goods_two_way_supplemental_public_metric_check,AUS,Australia,2013,ISL,Iceland,15.512668999999999,141,CHN,China,136703.96504100005
goods_two_way_supplemental_public_metric_check,AUS,Australia,2013,BLR,Belarus,13.55252,142,CHN,China,136703.96504100005
goods_two_way_supplemental_public_metric_check,AUS,Australia,2013,JAM,Jamaica,13.503267000000001,143,CHN,China,136703.96504100005
goods_two_way_supplemental_public_metric_check,AUS,Australia,2013,TON,Tonga,13.227622999999998,144,CHN,China,136703.96504100005
goods_two_way_supplemental_public_metric_check,AUS,Australia,2013,GUM,Guam,12.37414,145,CHN,China,136703.96504100005
goods_two_way_supplemental_public_metric_check,AUS,Australia,2013,VEN,Venezuela,12.025598999999998,146,CHN,China,136703.96504100005
goods_two_way_supplemental_public_metric_check,AUS,Australia,2013,FSM,Micronesia (Federated States of),12.003018999999993,147,CHN,China,136703.96504100005
goods_two_way_supplemental_public_metric_check,AUS,Australia,2013,ASM,American Samoa,10.261290000000002,148,CHN,China,136703.96504100005
goods_two_way_supplemental_public_metric_check,AUS,Australia,2013,CUB,Cuba,9.976258000000001,149,CHN,China,136703.96504100005
goods_two_way_supplemental_public_metric_check,AUS,Australia,2013,BHS,Bahamas,9.731147,150,CHN,China,136703.96504100005
goods_two_way_supplemental_public_metric_check,AUS,Australia,2013,CMR,Cameroon,8.761671999999999,151,CHN,China,136703.96504100005
goods_two_way_supplemental_public_metric_check,AUS,Australia,2013,ATA,Antarctica,8.583297999999996,152,CHN,China,136703.96504100005
goods_two_way_supplemental_public_metric_check,AUS,Australia,2013,MKD,North Macedonia,8.178248,153,CHN,China,136703.96504100005
goods_two_way_supplemental_public_metric_check,AUS,Australia,2013,BRB,Barbados,7.736946,154,CHN,China,136703.96504100005
goods_two_way_supplemental_public_metric_check,AUS,Australia,2013,AFG,Afghanistan,7.575826,155,CHN,China,136703.96504100005
goods_two_way_supplemental_public_metric_check,AUS,Australia,2013,SUR,Suriname,6.895673000000001,156,CHN,China,136703.96504100005
goods_two_way_supplemental_public_metric_check,AUS,Australia,2013,ARM,Armenia,6.381372,157,CHN,China,136703.96504100005
goods_two_way_supplemental_public_metric_check,AUS,Australia,2013,COK,Cook Islands,5.490721999999999,158,CHN,China,136703.96504100005
goods_two_way_supplemental_public_metric_check,AUS,Australia,2013,VGB,British Virgin Islands,4.9611220000000005,159,CHN,China,136703.96504100005
goods_two_way_supplemental_public_metric_check,AUS,Australia,2013,PSE,Palestine,4.794903,160,CHN,China,136703.96504100005
goods_two_way_supplemental_public_metric_check,AUS,Australia,2013,CCK,Cocos (Keeling) Islands,4.792509,161,CHN,China,136703.96504100005
goods_two_way_supplemental_public_metric_check,AUS,Australia,2013,UZB,Uzbekistan,4.601502,162,CHN,China,136703.96504100005
goods_two_way_supplemental_public_metric_check,AUS,Australia,2013,SWZ,Eswatini,4.3401369999999995,163,CHN,China,136703.96504100005
goods_two_way_supplemental_public_metric_check,AUS,Australia,2013,BDI,Burundi,4.180472,164,CHN,China,136703.96504100005
goods_two_way_supplemental_public_metric_check,AUS,Australia,2013,PRY,Paraguay,3.991642000000001,165,CHN,China,136703.96504100005
goods_two_way_supplemental_public_metric_check,AUS,Australia,2013,NFK,Norfolk Island,3.414949,166,CHN,China,136703.96504100005
goods_two_way_supplemental_public_metric_check,AUS,Australia,2013,NER,Niger,3.354298,167,CHN,China,136703.96504100005
goods_two_way_supplemental_public_metric_check,AUS,Australia,2013,DJI,Djibouti,3.282885,168,CHN,China,136703.96504100005
goods_two_way_supplemental_public_metric_check,AUS,Australia,2013,KGZ,Kyrgyzstan,3.236946,169,CHN,China,136703.96504100005
goods_two_way_supplemental_public_metric_check,AUS,Australia,2013,ALB,Albania,3.195925,170,CHN,China,136703.96504100005
goods_two_way_supplemental_public_metric_check,AUS,Australia,2013,WLF,Wallis & Futuna,3.0823439999999995,171,CHN,China,136703.96504100005
goods_two_way_supplemental_public_metric_check,AUS,Australia,2013,MHL,Marshall Islands,2.8859930000000005,172,CHN,China,136703.96504100005
goods_two_way_supplemental_public_metric_check,AUS,Australia,2013,LBR,Liberia,2.8800540000000003,173,CHN,China,136703.96504100005
goods_two_way_supplemental_public_metric_check,AUS,Australia,2013,BLZ,Belize,2.4263790000000003,174,CHN,China,136703.96504100005
goods_two_way_supplemental_public_metric_check,AUS,Australia,2013,LSO,Lesotho,2.377602,175,CHN,China,136703.96504100005
goods_two_way_supplemental_public_metric_check,AUS,Australia,2013,TCD,Chad,2.337392,176,CHN,China,136703.96504100005
goods_two_way_supplemental_public_metric_check,AUS,Australia,2013,ATG,Antigua & Barbuda,2.2293560000000006,177,CHN,China,136703.96504100005
goods_two_way_supplemental_public_metric_check,AUS,Australia,2013,HTI,Haiti,2.1853670000000003,178,CHN,China,136703.96504100005
goods_two_way_supplemental_public_metric_check,AUS,Australia,2013,MDA,Moldova,2.002858,179,CHN,China,136703.96504100005
goods_two_way_supplemental_public_metric_check,AUS,Australia,2013,BEN,Benin,1.972642,180,CHN,China,136703.96504100005
goods_two_way_supplemental_public_metric_check,AUS,Australia,2013,MNP,Northern Mariana Islands,1.9493000000000003,181,CHN,China,136703.96504100005
goods_two_way_supplemental_public_metric_check,AUS,Australia,2013,GUY,Guyana,1.9308759999999998,182,CHN,China,136703.96504100005
goods_two_way_supplemental_public_metric_check,AUS,Australia,2013,SYR,Syria,1.6427969999999998,183,CHN,China,136703.96504100005
goods_two_way_supplemental_public_metric_check,AUS,Australia,2013,CUW,Curaçao,1.580294,184,CHN,China,136703.96504100005
goods_two_way_supplemental_public_metric_check,AUS,Australia,2013,TGO,Togo,1.5408449999999998,185,CHN,China,136703.96504100005
goods_two_way_supplemental_public_metric_check,AUS,Australia,2013,TUV,Tuvalu,1.3853920000000002,186,CHN,China,136703.96504100005
goods_two_way_supplemental_public_metric_check,AUS,Australia,2013,LCA,St. Lucia,1.360093,187,CHN,China,136703.96504100005
goods_two_way_supplemental_public_metric_check,AUS,Australia,2013,VCT,St. Vincent & Grenadines,1.2304140000000001,188,CHN,China,136703.96504100005
goods_two_way_supplemental_public_metric_check,AUS,Australia,2013,PLW,Palau,1.0826280000000004,189,CHN,China,136703.96504100005
goods_two_way_supplemental_public_metric_check,AUS,Australia,2013,PCN,Pitcairn Islands,1.0347320000000002,190,CHN,China,136703.96504100005
goods_two_way_supplemental_public_metric_check,AUS,Australia,2013,ERI,Eritrea,1.028574,191,CHN,China,136703.96504100005
goods_two_way_supplemental_public_metric_check,AUS,Australia,2013,GIB,Gibraltar,1.0143550000000001,192,CHN,China,136703.96504100005
goods_two_way_supplemental_public_metric_check,AUS,Australia,2013,TKM,Turkmenistan,0.9203849999999999,193,CHN,China,136703.96504100005
goods_two_way_supplemental_public_metric_check,AUS,Australia,2013,CYM,Cayman Islands,0.855474,194,CHN,China,136703.96504100005
goods_two_way_supplemental_public_metric_check,AUS,Australia,2013,BTN,Bhutan,0.681878,195,CHN,China,136703.96504100005
goods_two_way_supplemental_public_metric_check,AUS,Australia,2013,TJK,Tajikistan,0.673243,196,CHN,China,136703.96504100005
goods_two_way_supplemental_public_metric_check,AUS,Australia,2013,KNA,St. Kitts & Nevis,0.49773600000000007,197,CHN,China,136703.96504100005
goods_two_way_supplemental_public_metric_check,AUS,Australia,2013,DMA,Dominica,0.45449199999999995,198,CHN,China,136703.96504100005
goods_two_way_supplemental_public_metric_check,AUS,Australia,2013,NIU,Niue,0.39608699999999997,199,CHN,China,136703.96504100005
goods_two_way_supplemental_public_metric_check,AUS,Australia,2013,MNE,Montenegro,0.374797,200,CHN,China,136703.96504100005
goods_two_way_supplemental_public_metric_check,AUS,Australia,2013,GRL,Greenland,0.30329599999999995,201,CHN,China,136703.96504100005
goods_two_way_supplemental_public_metric_check,AUS,Australia,2013,AND,Andorra,0.296123,202,CHN,China,136703.96504100005
goods_two_way_supplemental_public_metric_check,AUS,Australia,2013,STP,São Tomé & Príncipe,0.29540199999999994,203,CHN,China,136703.96504100005
goods_two_way_supplemental_public_metric_check,AUS,Australia,2013,COM,Comoros,0.294686,204,CHN,China,136703.96504100005
goods_two_way_supplemental_public_metric_check,AUS,Australia,2013,SHN,St. Helena,0.20466,205,CHN,China,136703.96504100005
goods_two_way_supplemental_public_metric_check,AUS,Australia,2013,SSD,South Sudan,0.191587,206,CHN,China,136703.96504100005
goods_two_way_supplemental_public_metric_check,AUS,Australia,2013,SOM,Somalia,0.164462,207,CHN,China,136703.96504100005
goods_two_way_supplemental_public_metric_check,AUS,Australia,2013,CPV,Cape Verde,0.149609,208,CHN,China,136703.96504100005
goods_two_way_supplemental_public_metric_check,AUS,Australia,2013,CAF,Central African Republic,0.14951399999999998,209,CHN,China,136703.96504100005
goods_two_way_supplemental_public_metric_check,AUS,Australia,2013,GRD,Grenada,0.14589599999999997,210,CHN,China,136703.96504100005
goods_two_way_supplemental_public_metric_check,AUS,Australia,2013,FLK,Falkland Islands,0.08007500000000001,211,CHN,China,136703.96504100005
goods_two_way_supplemental_public_metric_check,AUS,Australia,2013,GMB,Gambia,0.070045,212,CHN,China,136703.96504100005
goods_two_way_supplemental_public_metric_check,AUS,Australia,2013,PRK,North Korea,0.024173,213,CHN,China,136703.96504100005
goods_two_way_supplemental_public_metric_check,AUS,Australia,2013,TCA,Turks & Caicos Islands,0.015944,214,CHN,China,136703.96504100005
goods_two_way_supplemental_public_metric_check,AUS,Australia,2013,MSR,Montserrat,0.012503,215,CHN,China,136703.96504100005
goods_two_way_supplemental_public_metric_check,AUS,Australia,2013,IOT,British Indian Ocean Territory,0.008509,216,CHN,China,136703.96504100005
goods_two_way_supplemental_public_metric_check,AUS,Australia,2013,AIA,Anguilla,0.006385,217,CHN,China,136703.96504100005
goods_two_way_supplemental_public_metric_check,AUS,Australia,2013,ESH,Western Sahara,0.003164,218,CHN,China,136703.96504100005
goods_two_way_supplemental_public_metric_check,AUS,Australia,2013,UMI,United States Minor Outlying Islands (the),0.001782,219,CHN,China,136703.96504100005
goods_two_way_supplemental_public_metric_check,AUS,Australia,2014,CHN,China,135634.10372100002,1,CHN,China,135634.10372100002
goods_two_way_supplemental_public_metric_check,AUS,Australia,2014,JPN,Japan,63567.799586999994,2,CHN,China,135634.10372100002
goods_two_way_supplemental_public_metric_check,AUS,Australia,2014,USA,United States,33829.614841999995,3,CHN,China,135634.10372100002
goods_two_way_supplemental_public_metric_check,AUS,Australia,2014,KOR,South Korea,30789.134072,4,CHN,China,135634.10372100002
goods_two_way_supplemental_public_metric_check,AUS,Australia,2014,SGP,Singapore,18661.400304000003,5,CHN,China,135634.10372100002
goods_two_way_supplemental_public_metric_check,AUS,Australia,2014,MYS,Malaysia,16032.184119000001,6,CHN,China,135634.10372100002
goods_two_way_supplemental_public_metric_check,AUS,Australia,2014,THA,Thailand,14972.455154999998,7,CHN,China,135634.10372100002
goods_two_way_supplemental_public_metric_check,AUS,Australia,2014,DEU,Germany,12861.603758000001,8,CHN,China,135634.10372100002
goods_two_way_supplemental_public_metric_check,AUS,Australia,2014,IND,India,12654.503169000005,9,CHN,China,135634.10372100002
goods_two_way_supplemental_public_metric_check,AUS,Australia,2014,NZL,New Zealand,12113.990813999997,10,CHN,China,135634.10372100002
goods_two_way_supplemental_public_metric_check,AUS,Australia,2014,IDN,Indonesia,11044.457285,11,CHN,China,135634.10372100002
goods_two_way_supplemental_public_metric_check,AUS,Australia,2014,TWN,Taiwan,11000.799867999998,12,CHN,China,135634.10372100002
goods_two_way_supplemental_public_metric_check,AUS,Australia,2014,HKG,Hong Kong,9539.270871,13,CHN,China,135634.10372100002
goods_two_way_supplemental_public_metric_check,AUS,Australia,2014,GBR,United Kingdom,8579.43879,14,CHN,China,135634.10372100002
goods_two_way_supplemental_public_metric_check,AUS,Australia,2014,VNM,Vietnam,6523.557381,15,CHN,China,135634.10372100002
goods_two_way_supplemental_public_metric_check,AUS,Australia,2014,ITA,Italy,6055.348533,16,CHN,China,135634.10372100002
goods_two_way_supplemental_public_metric_check,AUS,Australia,2014,PNG,Papua New Guinea,5057.500513,17,CHN,China,135634.10372100002
goods_two_way_supplemental_public_metric_check,AUS,Australia,2014,FRA,France,4910.257387,18,CHN,China,135634.10372100002
goods_two_way_supplemental_public_metric_check,AUS,Australia,2014,ARE,United Arab Emirates,4895.175926000001,19,CHN,China,135634.10372100002
goods_two_way_supplemental_public_metric_check,AUS,Australia,2014,ESP,Spain,3550.6935999999996,20,CHN,China,135634.10372100002
goods_two_way_supplemental_public_metric_check,AUS,Australia,2014,CHE,Switzerland,3133.4582099999993,21,CHN,China,135634.10372100002
goods_two_way_supplemental_public_metric_check,AUS,Australia,2014,CAN,Canada,3114.684004,22,CHN,China,135634.10372100002
goods_two_way_supplemental_public_metric_check,AUS,Australia,2014,NLD,Netherlands,2879.703431,23,CHN,China,135634.10372100002
goods_two_way_supplemental_public_metric_check,AUS,Australia,2014,SAU,Saudi Arabia,2627.846399000001,24,CHN,China,135634.10372100002
goods_two_way_supplemental_public_metric_check,AUS,Australia,2014,BEL,Belgium,2516.2424599999995,25,CHN,China,135634.10372100002
goods_two_way_supplemental_public_metric_check,AUS,Australia,2014,MEX,Mexico,2266.330443,26,CHN,China,135634.10372100002
goods_two_way_supplemental_public_metric_check,AUS,Australia,2014,SWE,Sweden,2108.0321259999996,27,CHN,China,135634.10372100002
goods_two_way_supplemental_public_metric_check,AUS,Australia,2014,ZAF,South Africa,1910.4219200000002,28,CHN,China,135634.10372100002
goods_two_way_supplemental_public_metric_check,AUS,Australia,2014,PHL,Philippines,1899.6156409999999,29,CHN,China,135634.10372100002
goods_two_way_supplemental_public_metric_check,AUS,Australia,2014,RUS,Russia,1852.1354509999996,30,CHN,China,135634.10372100002
goods_two_way_supplemental_public_metric_check,AUS,Australia,2014,BRA,Brazil,1712.93862,31,CHN,China,135634.10372100002
goods_two_way_supplemental_public_metric_check,AUS,Australia,2014,NGA,Nigeria,1675.4349300000001,32,CHN,China,135634.10372100002
goods_two_way_supplemental_public_metric_check,AUS,Australia,2014,IRL,Ireland,1525.7000199999998,33,CHN,China,135634.10372100002
goods_two_way_supplemental_public_metric_check,AUS,Australia,2014,TUR,Turkey,1181.894573,34,CHN,China,135634.10372100002
goods_two_way_supplemental_public_metric_check,AUS,Australia,2014,QAT,Qatar,1162.0955200000003,35,CHN,China,135634.10372100002
goods_two_way_supplemental_public_metric_check,AUS,Australia,2014,CHL,Chile,1138.003167,36,CHN,China,135634.10372100002
goods_two_way_supplemental_public_metric_check,AUS,Australia,2014,GAB,Gabon,1075.34161,37,CHN,China,135634.10372100002
goods_two_way_supplemental_public_metric_check,AUS,Australia,2014,POL,Poland,1071.0474470000001,38,CHN,China,135634.10372100002
goods_two_way_supplemental_public_metric_check,AUS,Australia,2014,DNK,Denmark,1049.37316,39,CHN,China,135634.10372100002
goods_two_way_supplemental_public_metric_check,AUS,Australia,2014,AUT,Austria,1031.8317489999997,40,CHN,China,135634.10372100002
goods_two_way_supplemental_public_metric_check,AUS,Australia,2014,BGD,Bangladesh,1023.8152369999998,41,CHN,China,135634.10372100002
goods_two_way_supplemental_public_metric_check,AUS,Australia,2014,BHR,Bahrain,999.7623729999999,42,CHN,China,135634.10372100002
goods_two_way_supplemental_public_metric_check,AUS,Australia,2014,BRN,Brunei,967.854656,43,CHN,China,135634.10372100002
goods_two_way_supplemental_public_metric_check,AUS,Australia,2014,ARG,Argentina,847.9060619999999,44,CHN,China,135634.10372100002
goods_two_way_supplemental_public_metric_check,AUS,Australia,2014,ISR,Israel,824.4698010000002,45,CHN,China,135634.10372100002
goods_two_way_supplemental_public_metric_check,AUS,Australia,2014,COG,Congo - Brazzaville,787.4946199999999,46,CHN,China,135634.10372100002
goods_two_way_supplemental_public_metric_check,AUS,Australia,2014,FIN,Finland,753.085903,47,CHN,China,135634.10372100002
goods_two_way_supplemental_public_metric_check,AUS,Australia,2014,CZE,Czechia,691.555885,48,CHN,China,135634.10372100002
goods_two_way_supplemental_public_metric_check,AUS,Australia,2014,KWT,Kuwait,669.9632019999998,49,CHN,China,135634.10372100002
goods_two_way_supplemental_public_metric_check,AUS,Australia,2014,FJI,Fiji,612.474399,50,CHN,China,135634.10372100002
goods_two_way_supplemental_public_metric_check,AUS,Australia,2014,NCL,New Caledonia,587.47886,51,CHN,China,135634.10372100002
goods_two_way_supplemental_public_metric_check,AUS,Australia,2014,PAK,Pakistan,546.2483119999999,52,CHN,China,135634.10372100002
goods_two_way_supplemental_public_metric_check,AUS,Australia,2014,NOR,Norway,534.2888070000001,53,CHN,China,135634.10372100002
goods_two_way_supplemental_public_metric_check,AUS,Australia,2014,ZMB,Zambia,482.0354269999998,54,CHN,China,135634.10372100002
goods_two_way_supplemental_public_metric_check,AUS,Australia,2014,EGY,Egypt,465.5692820000001,55,CHN,China,135634.10372100002
goods_two_way_supplemental_public_metric_check,AUS,Australia,2014,HUN,Hungary,451.3934719999999,56,CHN,China,135634.10372100002
goods_two_way_supplemental_public_metric_check,AUS,Australia,2014,LKA,Sri Lanka,401.399413,57,CHN,China,135634.10372100002
goods_two_way_supplemental_public_metric_check,AUS,Australia,2014,SVK,Slovakia,400.75768400000004,58,CHN,China,135634.10372100002
goods_two_way_supplemental_public_metric_check,AUS,Australia,2014,YEM,Yemen,385.2065000000002,59,CHN,China,135634.10372100002
goods_two_way_supplemental_public_metric_check,AUS,Australia,2014,OMN,Oman,371.1039789999999,60,CHN,China,135634.10372100002
goods_two_way_supplemental_public_metric_check,AUS,Australia,2014,IRQ,Iraq,281.954066,61,CHN,China,135634.10372100002
goods_two_way_supplemental_public_metric_check,AUS,Australia,2014,PER,Peru,257.071484,62,CHN,China,135634.10372100002
goods_two_way_supplemental_public_metric_check,AUS,Australia,2014,JOR,Jordan,238.91187100000005,63,CHN,China,135634.10372100002
goods_two_way_supplemental_public_metric_check,AUS,Australia,2014,GHA,Ghana,203.63834099999997,64,CHN,China,135634.10372100002
goods_two_way_supplemental_public_metric_check,AUS,Australia,2014,GRC,Greece,197.999389,65,CHN,China,135634.10372100002
goods_two_way_supplemental_public_metric_check,AUS,Australia,2014,IRN,Iran,190.06321599999998,66,CHN,China,135634.10372100002
goods_two_way_supplemental_public_metric_check,AUS,Australia,2014,SDN,Sudan,177.82348899999997,67,CHN,China,135634.10372100002
goods_two_way_supplemental_public_metric_check,AUS,Australia,2014,TZA,Tanzania,170.58783200000002,68,CHN,China,135634.10372100002
goods_two_way_supplemental_public_metric_check,AUS,Australia,2014,UKR,Ukraine,169.56785000000008,69,CHN,China,135634.10372100002
goods_two_way_supplemental_public_metric_check,AUS,Australia,2014,PRT,Portugal,155.32768099999998,70,CHN,China,135634.10372100002
goods_two_way_supplemental_public_metric_check,AUS,Australia,2014,MUS,Mauritius,151.751713,71,CHN,China,135634.10372100002
goods_two_way_supplemental_public_metric_check,AUS,Australia,2014,KHM,Cambodia,139.77696,72,CHN,China,135634.10372100002
goods_two_way_supplemental_public_metric_check,AUS,Australia,2014,SLB,Solomon Islands,138.14646600000006,73,CHN,China,135634.10372100002
goods_two_way_supplemental_public_metric_check,AUS,Australia,2014,MAR,Morocco,135.77678000000003,74,CHN,China,135634.10372100002
goods_two_way_supplemental_public_metric_check,AUS,Australia,2014,CRI,Costa Rica,130.860279,75,CHN,China,135634.10372100002
goods_two_way_supplemental_public_metric_check,AUS,Australia,2014,LAO,Laos,124.83240099999999,76,CHN,China,135634.10372100002
goods_two_way_supplemental_public_metric_check,AUS,Australia,2014,ROU,Romania,119.90711400000002,77,CHN,China,135634.10372100002
goods_two_way_supplemental_public_metric_check,AUS,Australia,2014,AGO,Angola,117.78419499999998,78,CHN,China,135634.10372100002
goods_two_way_supplemental_public_metric_check,AUS,Australia,2014,SVN,Slovenia,117.68440799999999,79,CHN,China,135634.10372100002
goods_two_way_supplemental_public_metric_check,AUS,Australia,2014,KEN,Kenya,112.813797,80,CHN,China,135634.10372100002
goods_two_way_supplemental_public_metric_check,AUS,Australia,2014,MMR,Myanmar (Burma),107.53989900000002,81,CHN,China,135634.10372100002
goods_two_way_supplemental_public_metric_check,AUS,Australia,2014,COL,Colombia,107.18586099999997,82,CHN,China,135634.10372100002
goods_two_way_supplemental_public_metric_check,AUS,Australia,2014,MAC,Macao,95.68426199999999,83,CHN,China,135634.10372100002
goods_two_way_supplemental_public_metric_check,AUS,Australia,2014,KAZ,Kazakhstan,92.05082800000001,84,CHN,China,135634.10372100002
goods_two_way_supplemental_public_metric_check,AUS,Australia,2014,AZE,Azerbaijan,81.55611900000001,85,CHN,China,135634.10372100002
goods_two_way_supplemental_public_metric_check,AUS,Australia,2014,DZA,Algeria,74.39319100000002,86,CHN,China,135634.10372100002
goods_two_way_supplemental_public_metric_check,AUS,Australia,2014,NRU,Nauru,69.101858000000007,87,CHN,China,135634.10372100002
goods_two_way_supplemental_public_metric_check,AUS,Australia,2014,LBN,Lebanon,68.90485699999999,88,CHN,China,135634.10372100002
goods_two_way_supplemental_public_metric_check,AUS,Australia,2014,MOZ,Mozambique,62.44883899999999,89,CHN,China,135634.10372100002
goods_two_way_supplemental_public_metric_check,AUS,Australia,2014,PYF,French Polynesia,57.80872099999999,90,CHN,China,135634.10372100002
goods_two_way_supplemental_public_metric_check,AUS,Australia,2014,HND,Honduras,57.288907000000016,91,CHN,China,135634.10372100002
goods_two_way_supplemental_public_metric_check,AUS,Australia,2014,BGR,Bulgaria,53.13541900000001,92,CHN,China,135634.10372100002
goods_two_way_supplemental_public_metric_check,AUS,Australia,2014,SLV,El Salvador,50.177682999999995,93,CHN,China,135634.10372100002
goods_two_way_supplemental_public_metric_check,AUS,Australia,2014,VUT,Vanuatu,46.68901999999999,94,CHN,China,135634.10372100002
goods_two_way_supplemental_public_metric_check,AUS,Australia,2014,ISL,Iceland,45.193824000000006,95,CHN,China,135634.10372100002
goods_two_way_supplemental_public_metric_check,AUS,Australia,2014,WSM,Samoa,44.153587,96,CHN,China,135634.10372100002
goods_two_way_supplemental_public_metric_check,AUS,Australia,2014,DOM,Dominican Republic,42.89233,97,CHN,China,135634.10372100002
goods_two_way_supplemental_public_metric_check,AUS,Australia,2014,EST,Estonia,41.14068300000001,98,CHN,China,135634.10372100002
goods_two_way_supplemental_public_metric_check,AUS,Australia,2014,ETH,Ethiopia,37.514437,99,CHN,China,135634.10372100002
goods_two_way_supplemental_public_metric_check,AUS,Australia,2014,ECU,Ecuador,37.318679,100,CHN,China,135634.10372100002
goods_two_way_supplemental_public_metric_check,AUS,Australia,2014,MDV,Maldives,36.35691800000002,101,CHN,China,135634.10372100002
goods_two_way_supplemental_public_metric_check,AUS,Australia,2014,CXR,Christmas Island,35.333402,102,CHN,China,135634.10372100002
goods_two_way_supplemental_public_metric_check,AUS,Australia,2014,LTU,Lithuania,34.374976000000004,103,CHN,China,135634.10372100002
goods_two_way_supplemental_public_metric_check,AUS,Australia,2014,CYP,Cyprus,34.105754000000005,104,CHN,China,135634.10372100002
goods_two_way_supplemental_public_metric_check,AUS,Australia,2014,MLT,Malta,33.824738,105,CHN,China,135634.10372100002
goods_two_way_supplemental_public_metric_check,AUS,Australia,2014,KIR,Kiribati,33.63725,106,CHN,China,135634.10372100002
goods_two_way_supplemental_public_metric_check,AUS,Australia,2014,CIV,Côte d'Ivoire,33.633296,107,CHN,China,135634.10372100002
goods_two_way_supplemental_public_metric_check,AUS,Australia,2014,TTO,Trinidad & Tobago,33.00484899999999,108,CHN,China,135634.10372100002
goods_two_way_supplemental_public_metric_check,AUS,Australia,2014,BOL,Bolivia,32.82234700000001,109,CHN,China,135634.10372100002
goods_two_way_supplemental_public_metric_check,AUS,Australia,2014,NPL,Nepal,32.451662,110,CHN,China,135634.10372100002
goods_two_way_supplemental_public_metric_check,AUS,Australia,2014,URY,Uruguay,32.267184,111,CHN,China,135634.10372100002
goods_two_way_supplemental_public_metric_check,AUS,Australia,2014,GNQ,Equatorial Guinea,32.013227,112,CHN,China,135634.10372100002
goods_two_way_supplemental_public_metric_check,AUS,Australia,2014,MLI,Mali,31.977583999999993,113,CHN,China,135634.10372100002
goods_two_way_supplemental_public_metric_check,AUS,Australia,2014,TLS,Timor-Leste,30.978112999999993,114,CHN,China,135634.10372100002
goods_two_way_supplemental_public_metric_check,AUS,Australia,2014,NAM,Namibia,27.625699000000004,115,CHN,China,135634.10372100002
goods_two_way_supplemental_public_metric_check,AUS,Australia,2014,TUN,Tunisia,26.974416000000005,116,CHN,China,135634.10372100002
goods_two_way_supplemental_public_metric_check,AUS,Australia,2014,HRV,Croatia,24.702929999999995,117,CHN,China,135634.10372100002
goods_two_way_supplemental_public_metric_check,AUS,Australia,2014,MRT,Mauritania,22.75071,118,CHN,China,135634.10372100002
goods_two_way_supplemental_public_metric_check,AUS,Australia,2014,UGA,Uganda,21.635867,119,CHN,China,135634.10372100002
goods_two_way_supplemental_public_metric_check,AUS,Australia,2014,PAN,Panama,21.291417000000003,120,CHN,China,135634.10372100002
goods_two_way_supplemental_public_metric_check,AUS,Australia,2014,LUX,Luxembourg,20.695002999999993,121,CHN,China,135634.10372100002
goods_two_way_supplemental_public_metric_check,AUS,Australia,2014,LBY,Libya,19.995284,122,CHN,China,135634.10372100002
goods_two_way_supplemental_public_metric_check,AUS,Australia,2014,GTM,Guatemala,19.660936000000003,123,CHN,China,135634.10372100002
goods_two_way_supplemental_public_metric_check,AUS,Australia,2014,MDG,Madagascar,19.214778000000003,124,CHN,China,135634.10372100002
goods_two_way_supplemental_public_metric_check,AUS,Australia,2014,SYC,Seychelles,17.592723999999997,125,CHN,China,135634.10372100002
goods_two_way_supplemental_public_metric_check,AUS,Australia,2014,LVA,Latvia,17.501872,126,CHN,China,135634.10372100002
goods_two_way_supplemental_public_metric_check,AUS,Australia,2014,SLE,Sierra Leone,17.394152000000002,127,CHN,China,135634.10372100002
goods_two_way_supplemental_public_metric_check,AUS,Australia,2014,ASM,American Samoa,17.298504,128,CHN,China,135634.10372100002
goods_two_way_supplemental_public_metric_check,AUS,Australia,2014,NIC,Nicaragua,17.216767,129,CHN,China,135634.10372100002
goods_two_way_supplemental_public_metric_check,AUS,Australia,2014,MNG,Mongolia,15.916637999999999,130,CHN,China,135634.10372100002
goods_two_way_supplemental_public_metric_check,AUS,Australia,2014,JAM,Jamaica,15.740008000000001,131,CHN,China,135634.10372100002
goods_two_way_supplemental_public_metric_check,AUS,Australia,2014,GUY,Guyana,15.014963999999997,132,CHN,China,135634.10372100002
goods_two_way_supplemental_public_metric_check,AUS,Australia,2014,SRB,Serbia,14.591338999999998,133,CHN,China,135634.10372100002
goods_two_way_supplemental_public_metric_check,AUS,Australia,2014,MWI,Malawi,14.532784000000003,134,CHN,China,135634.10372100002
goods_two_way_supplemental_public_metric_check,AUS,Australia,2014,LBR,Liberia,12.945558000000002,135,CHN,China,135634.10372100002
goods_two_way_supplemental_public_metric_check,AUS,Australia,2014,TON,Tonga,12.788657000000002,136,CHN,China,135634.10372100002
goods_two_way_supplemental_public_metric_check,AUS,Australia,2014,CUB,Cuba,12.247627999999999,137,CHN,China,135634.10372100002
goods_two_way_supplemental_public_metric_check,AUS,Australia,2014,BIH,Bosnia & Herzegovina,11.695464,138,CHN,China,135634.10372100002
goods_two_way_supplemental_public_metric_check,AUS,Australia,2014,GRL,Greenland,11.561371000000001,139,CHN,China,135634.10372100002
goods_two_way_supplemental_public_metric_check,AUS,Australia,2014,BFA,Burkina Faso,11.300475999999998,140,CHN,China,135634.10372100002
goods_two_way_supplemental_public_metric_check,AUS,Australia,2014,COD,Congo - Kinshasa,10.278245000000002,141,CHN,China,135634.10372100002
goods_two_way_supplemental_public_metric_check,AUS,Australia,2014,GEO,Georgia,10.031293000000002,142,CHN,China,135634.10372100002
goods_two_way_supplemental_public_metric_check,AUS,Australia,2014,SEN,Senegal,9.656378,143,CHN,China,135634.10372100002
goods_two_way_supplemental_public_metric_check,AUS,Australia,2014,BMU,Bermuda,9.536146,144,CHN,China,135634.10372100002
goods_two_way_supplemental_public_metric_check,AUS,Australia,2014,GIN,Guinea,9.387718,145,CHN,China,135634.10372100002
goods_two_way_supplemental_public_metric_check,AUS,Australia,2014,GUM,Guam,9.360044,146,CHN,China,135634.10372100002
goods_two_way_supplemental_public_metric_check,AUS,Australia,2014,BWA,Botswana,8.715125,147,CHN,China,135634.10372100002
goods_two_way_supplemental_public_metric_check,AUS,Australia,2014,ARM,Armenia,8.603003999999999,148,CHN,China,135634.10372100002
goods_two_way_supplemental_public_metric_check,AUS,Australia,2014,TGO,Togo,8.432703,149,CHN,China,135634.10372100002
goods_two_way_supplemental_public_metric_check,AUS,Australia,2014,BRB,Barbados,8.155791,150,CHN,China,135634.10372100002
goods_two_way_supplemental_public_metric_check,AUS,Australia,2014,MKD,North Macedonia,8.144676,151,CHN,China,135634.10372100002
goods_two_way_supplemental_public_metric_check,AUS,Australia,2014,BHS,Bahamas,7.822353999999999,152,CHN,China,135634.10372100002
goods_two_way_supplemental_public_metric_check,AUS,Australia,2014,VEN,Venezuela,7.711659000000001,153,CHN,China,135634.10372100002
goods_two_way_supplemental_public_metric_check,AUS,Australia,2014,ZWE,Zimbabwe,7.675171,154,CHN,China,135634.10372100002
goods_two_way_supplemental_public_metric_check,AUS,Australia,2014,VGB,British Virgin Islands,6.884721999999999,155,CHN,China,135634.10372100002
goods_two_way_supplemental_public_metric_check,AUS,Australia,2014,AFG,Afghanistan,6.529685,156,CHN,China,135634.10372100002
goods_two_way_supplemental_public_metric_check,AUS,Australia,2014,COK,Cook Islands,6.209424000000001,157,CHN,China,135634.10372100002
goods_two_way_supplemental_public_metric_check,AUS,Australia,2014,ATA,Antarctica,6.094112000000002,158,CHN,China,135634.10372100002
goods_two_way_supplemental_public_metric_check,AUS,Australia,2014,CMR,Cameroon,5.7961339999999995,159,CHN,China,135634.10372100002
goods_two_way_supplemental_public_metric_check,AUS,Australia,2014,KGZ,Kyrgyzstan,5.4471289999999994,160,CHN,China,135634.10372100002
goods_two_way_supplemental_public_metric_check,AUS,Australia,2014,CCK,Cocos (Keeling) Islands,4.695244000000001,161,CHN,China,135634.10372100002
goods_two_way_supplemental_public_metric_check,AUS,Australia,2014,SUR,Suriname,4.575736000000001,162,CHN,China,135634.10372100002
goods_two_way_supplemental_public_metric_check,AUS,Australia,2014,PSE,Palestine,4.199666,163,CHN,China,135634.10372100002
goods_two_way_supplemental_public_metric_check,AUS,Australia,2014,NER,Niger,4.0886569999999995,164,CHN,China,135634.10372100002
goods_two_way_supplemental_public_metric_check,AUS,Australia,2014,BEN,Benin,3.8439739999999993,165,CHN,China,135634.10372100002
goods_two_way_supplemental_public_metric_check,AUS,Australia,2014,BLR,Belarus,3.761229,166,CHN,China,135634.10372100002
goods_two_way_supplemental_public_metric_check,AUS,Australia,2014,PRY,Paraguay,3.012584,167,CHN,China,135634.10372100002
goods_two_way_supplemental_public_metric_check,AUS,Australia,2014,WLF,Wallis & Futuna,2.985578,168,CHN,China,135634.10372100002
goods_two_way_supplemental_public_metric_check,AUS,Australia,2014,ALB,Albania,2.856229,169,CHN,China,135634.10372100002
goods_two_way_supplemental_public_metric_check,AUS,Australia,2014,BLZ,Belize,2.705719,170,CHN,China,135634.10372100002
goods_two_way_supplemental_public_metric_check,AUS,Australia,2014,UZB,Uzbekistan,2.703353,171,CHN,China,135634.10372100002
goods_two_way_supplemental_public_metric_check,AUS,Australia,2014,DJI,Djibouti,2.6130750000000003,172,CHN,China,135634.10372100002
goods_two_way_supplemental_public_metric_check,AUS,Australia,2014,RWA,Rwanda,2.5058419999999995,173,CHN,China,135634.10372100002
goods_two_way_supplemental_public_metric_check,AUS,Australia,2014,NFK,Norfolk Island,2.503202000000001,174,CHN,China,135634.10372100002
goods_two_way_supplemental_public_metric_check,AUS,Australia,2014,LSO,Lesotho,2.306812,175,CHN,China,135634.10372100002
goods_two_way_supplemental_public_metric_check,AUS,Australia,2014,MHL,Marshall Islands,2.235434,176,CHN,China,135634.10372100002
goods_two_way_supplemental_public_metric_check,AUS,Australia,2014,SWZ,Eswatini,2.202941,177,CHN,China,135634.10372100002
goods_two_way_supplemental_public_metric_check,AUS,Australia,2014,MDA,Moldova,2.159396,178,CHN,China,135634.10372100002
goods_two_way_supplemental_public_metric_check,AUS,Australia,2014,FSM,Micronesia (Federated States of),2.063261,179,CHN,China,135634.10372100002
goods_two_way_supplemental_public_metric_check,AUS,Australia,2014,FLK,Falkland Islands,1.969069,180,CHN,China,135634.10372100002
goods_two_way_supplemental_public_metric_check,AUS,Australia,2014,BDI,Burundi,1.7249979999999998,181,CHN,China,135634.10372100002
goods_two_way_supplemental_public_metric_check,AUS,Australia,2014,ERI,Eritrea,1.5983439999999998,182,CHN,China,135634.10372100002
goods_two_way_supplemental_public_metric_check,AUS,Australia,2014,PLW,Palau,1.550753,183,CHN,China,135634.10372100002
goods_two_way_supplemental_public_metric_check,AUS,Australia,2014,LCA,St. Lucia,1.471038,184,CHN,China,135634.10372100002
goods_two_way_supplemental_public_metric_check,AUS,Australia,2014,CUW,Curaçao,1.4670420000000002,185,CHN,China,135634.10372100002
goods_two_way_supplemental_public_metric_check,AUS,Australia,2014,TUV,Tuvalu,1.409256,186,CHN,China,135634.10372100002
goods_two_way_supplemental_public_metric_check,AUS,Australia,2014,CYM,Cayman Islands,1.3902610000000002,187,CHN,China,135634.10372100002
goods_two_way_supplemental_public_metric_check,AUS,Australia,2014,HTI,Haiti,1.353784,188,CHN,China,135634.10372100002
goods_two_way_supplemental_public_metric_check,AUS,Australia,2014,SYR,Syria,1.226565,189,CHN,China,135634.10372100002
goods_two_way_supplemental_public_metric_check,AUS,Australia,2014,TKM,Turkmenistan,1.1766830000000001,190,CHN,China,135634.10372100002
goods_two_way_supplemental_public_metric_check,AUS,Australia,2014,TCD,Chad,1.0883310000000002,191,CHN,China,135634.10372100002
goods_two_way_supplemental_public_metric_check,AUS,Australia,2014,VCT,St. Vincent & Grenadines,1.0251819999999998,192,CHN,China,135634.10372100002
goods_two_way_supplemental_public_metric_check,AUS,Australia,2014,CAF,Central African Republic,1.006637,193,CHN,China,135634.10372100002
goods_two_way_supplemental_public_metric_check,AUS,Australia,2014,TJK,Tajikistan,0.97087,194,CHN,China,135634.10372100002
goods_two_way_supplemental_public_metric_check,AUS,Australia,2014,ATG,Antigua & Barbuda,0.9577909999999998,195,CHN,China,135634.10372100002
goods_two_way_supplemental_public_metric_check,AUS,Australia,2014,MNP,Northern Mariana Islands,0.863835,196,CHN,China,135634.10372100002
goods_two_way_supplemental_public_metric_check,AUS,Australia,2014,SHN,St. Helena,0.8334280000000001,197,CHN,China,135634.10372100002
goods_two_way_supplemental_public_metric_check,AUS,Australia,2014,COM,Comoros,0.729357,198,CHN,China,135634.10372100002
goods_two_way_supplemental_public_metric_check,AUS,Australia,2014,MNE,Montenegro,0.607967,199,CHN,China,135634.10372100002
goods_two_way_supplemental_public_metric_check,AUS,Australia,2014,GIB,Gibraltar,0.541792,200,CHN,China,135634.10372100002
goods_two_way_supplemental_public_metric_check,AUS,Australia,2014,KNA,St. Kitts & Nevis,0.49731499999999995,201,CHN,China,135634.10372100002
goods_two_way_supplemental_public_metric_check,AUS,Australia,2014,DMA,Dominica,0.37917,202,CHN,China,135634.10372100002
goods_two_way_supplemental_public_metric_check,AUS,Australia,2014,AND,Andorra,0.296002,203,CHN,China,135634.10372100002
goods_two_way_supplemental_public_metric_check,AUS,Australia,2014,MSR,Montserrat,0.27121999999999996,204,CHN,China,135634.10372100002
goods_two_way_supplemental_public_metric_check,AUS,Australia,2014,BTN,Bhutan,0.22606300000000001,205,CHN,China,135634.10372100002
goods_two_way_supplemental_public_metric_check,AUS,Australia,2014,GMB,Gambia,0.21360600000000002,206,CHN,China,135634.10372100002
goods_two_way_supplemental_public_metric_check,AUS,Australia,2014,SOM,Somalia,0.19485400000000003,207,CHN,China,135634.10372100002
goods_two_way_supplemental_public_metric_check,AUS,Australia,2014,NIU,Niue,0.19275299999999998,208,CHN,China,135634.10372100002
goods_two_way_supplemental_public_metric_check,AUS,Australia,2014,TCA,Turks & Caicos Islands,0.18386299999999997,209,CHN,China,135634.10372100002
goods_two_way_supplemental_public_metric_check,AUS,Australia,2014,STP,São Tomé & Príncipe,0.180211,210,CHN,China,135634.10372100002
goods_two_way_supplemental_public_metric_check,AUS,Australia,2014,GRD,Grenada,0.17103800000000002,211,CHN,China,135634.10372100002
goods_two_way_supplemental_public_metric_check,AUS,Australia,2014,CPV,Cape Verde,0.15587199999999998,212,CHN,China,135634.10372100002
goods_two_way_supplemental_public_metric_check,AUS,Australia,2014,UMI,United States Minor Outlying Islands (the),0.081909,213,CHN,China,135634.10372100002
goods_two_way_supplemental_public_metric_check,AUS,Australia,2014,SSD,South Sudan,0.061662999999999996,214,CHN,China,135634.10372100002
goods_two_way_supplemental_public_metric_check,AUS,Australia,2014,PCN,Pitcairn Islands,0.039317000000000005,215,CHN,China,135634.10372100002
goods_two_way_supplemental_public_metric_check,AUS,Australia,2014,AIA,Anguilla,0.015991000000000002,216,CHN,China,135634.10372100002
goods_two_way_supplemental_public_metric_check,AUS,Australia,2014,ATF,French Southern Territories,0.004146,217,CHN,China,135634.10372100002
goods_two_way_supplemental_public_metric_check,AUS,Australia,2014,IOT,British Indian Ocean Territory,0.003785,218,CHN,China,135634.10372100002
goods_two_way_supplemental_public_metric_check,AUS,Australia,2014,ESH,Western Sahara,0.003387,219,CHN,China,135634.10372100002
goods_two_way_supplemental_public_metric_check,AUS,Australia,2014,GNB,Guinea-Bissau,0.001833,220,CHN,China,135634.10372100002
goods_two_way_supplemental_public_metric_check,AUS,Australia,2015,CHN,China,119051.703977,1,CHN,China,119051.703977
goods_two_way_supplemental_public_metric_check,AUS,Australia,2015,JPN,Japan,49562.59663299999,2,CHN,China,119051.703977
goods_two_way_supplemental_public_metric_check,AUS,Australia,2015,USA,United States,32482.542143,3,CHN,China,119051.703977
goods_two_way_supplemental_public_metric_check,AUS,Australia,2015,KOR,South Korea,27133.145131,4,CHN,China,119051.703977
goods_two_way_supplemental_public_metric_check,AUS,Australia,2015,THA,Thailand,14182.125612000003,5,CHN,China,119051.703977
goods_two_way_supplemental_public_metric_check,AUS,Australia,2015,IND,India,12987.176864000001,6,CHN,China,119051.703977
goods_two_way_supplemental_public_metric_check,AUS,Australia,2015,SGP,Singapore,11757.039519999998,7,CHN,China,119051.703977
goods_two_way_supplemental_public_metric_check,AUS,Australia,2015,MYS,Malaysia,11659.422671,8,CHN,China,119051.703977
goods_two_way_supplemental_public_metric_check,AUS,Australia,2015,DEU,Germany,11082.427670000001,9,CHN,China,119051.703977
goods_two_way_supplemental_public_metric_check,AUS,Australia,2015,NZL,New Zealand,9925.680241000002,10,CHN,China,119051.703977
goods_two_way_supplemental_public_metric_check,AUS,Australia,2015,TWN,Taiwan,8994.681055000001,11,CHN,China,119051.703977
goods_two_way_supplemental_public_metric_check,AUS,Australia,2015,IDN,Indonesia,8933.330154,12,CHN,China,119051.703977
goods_two_way_supplemental_public_metric_check,AUS,Australia,2015,GBR,United Kingdom,8057.250812000002,13,CHN,China,119051.703977
goods_two_way_supplemental_public_metric_check,AUS,Australia,2015,HKG,Hong Kong,5805.994639000002,14,CHN,China,119051.703977
goods_two_way_supplemental_public_metric_check,AUS,Australia,2015,VNM,Vietnam,5405.227985999999,15,CHN,China,119051.703977
goods_two_way_supplemental_public_metric_check,AUS,Australia,2015,ITA,Italy,4877.152442999999,16,CHN,China,119051.703977
goods_two_way_supplemental_public_metric_check,AUS,Australia,2015,FRA,France,4256.585405,17,CHN,China,119051.703977
goods_two_way_supplemental_public_metric_check,AUS,Australia,2015,ARE,United Arab Emirates,3949.841491,18,CHN,China,119051.703977
goods_two_way_supplemental_public_metric_check,AUS,Australia,2015,PNG,Papua New Guinea,3387.958408,19,CHN,China,119051.703977
goods_two_way_supplemental_public_metric_check,AUS,Australia,2015,CAN,Canada,2964.308065999999,20,CHN,China,119051.703977
goods_two_way_supplemental_public_metric_check,AUS,Australia,2015,CHE,Switzerland,2947.361411,21,CHN,China,119051.703977
goods_two_way_supplemental_public_metric_check,AUS,Australia,2015,NLD,Netherlands,2601.800831,22,CHN,China,119051.703977
goods_two_way_supplemental_public_metric_check,AUS,Australia,2015,MEX,Mexico,2319.6314330000005,23,CHN,China,119051.703977
goods_two_way_supplemental_public_metric_check,AUS,Australia,2015,SAU,Saudi Arabia,2122.6524860000004,24,CHN,China,119051.703977
goods_two_way_supplemental_public_metric_check,AUS,Australia,2015,ESP,Spain,2056.8992300000004,25,CHN,China,119051.703977
goods_two_way_supplemental_public_metric_check,AUS,Australia,2015,BEL,Belgium,1902.0100240000004,26,CHN,China,119051.703977
goods_two_way_supplemental_public_metric_check,AUS,Australia,2015,ZAF,South Africa,1877.665034,27,CHN,China,119051.703977
goods_two_way_supplemental_public_metric_check,AUS,Australia,2015,SWE,Sweden,1687.5369549999998,28,CHN,China,119051.703977
goods_two_way_supplemental_public_metric_check,AUS,Australia,2015,IRL,Ireland,1672.67884,29,CHN,China,119051.703977
goods_two_way_supplemental_public_metric_check,AUS,Australia,2015,BRA,Brazil,1610.6149209999999,30,CHN,China,119051.703977
goods_two_way_supplemental_public_metric_check,AUS,Australia,2015,PHL,Philippines,1399.9919109999994,31,CHN,China,119051.703977
goods_two_way_supplemental_public_metric_check,AUS,Australia,2015,BGD,Bangladesh,1177.552244,32,CHN,China,119051.703977
goods_two_way_supplemental_public_metric_check,AUS,Australia,2015,TUR,Turkey,1114.0993450000003,33,CHN,China,119051.703977
goods_two_way_supplemental_public_metric_check,AUS,Australia,2015,QAT,Qatar,999.9410570000001,34,CHN,China,119051.703977
goods_two_way_supplemental_public_metric_check,AUS,Australia,2015,DNK,Denmark,962.6761860000001,35,CHN,China,119051.703977
goods_two_way_supplemental_public_metric_check,AUS,Australia,2015,CHL,Chile,918.489439,36,CHN,China,119051.703977
goods_two_way_supplemental_public_metric_check,AUS,Australia,2015,AUT,Austria,905.7776650000001,37,CHN,China,119051.703977
goods_two_way_supplemental_public_metric_check,AUS,Australia,2015,POL,Poland,903.8846049999997,38,CHN,China,119051.703977
goods_two_way_supplemental_public_metric_check,AUS,Australia,2015,ARG,Argentina,885.3252810000001,39,CHN,China,119051.703977
goods_two_way_supplemental_public_metric_check,AUS,Australia,2015,RUS,Russia,860.2289950000004,40,CHN,China,119051.703977
goods_two_way_supplemental_public_metric_check,AUS,Australia,2015,BHR,Bahrain,821.004531,41,CHN,China,119051.703977
goods_two_way_supplemental_public_metric_check,AUS,Australia,2015,ISR,Israel,787.8372929999999,42,CHN,China,119051.703977
goods_two_way_supplemental_public_metric_check,AUS,Australia,2015,PAK,Pakistan,772.5435480000001,43,CHN,China,119051.703977
goods_two_way_supplemental_public_metric_check,AUS,Australia,2015,CZE,Czechia,735.944685,44,CHN,China,119051.703977
goods_two_way_supplemental_public_metric_check,AUS,Australia,2015,FIN,Finland,635.394493,45,CHN,China,119051.703977
goods_two_way_supplemental_public_metric_check,AUS,Australia,2015,KWT,Kuwait,602.323018,46,CHN,China,119051.703977
goods_two_way_supplemental_public_metric_check,AUS,Australia,2015,EGY,Egypt,524.7335270000001,47,CHN,China,119051.703977
goods_two_way_supplemental_public_metric_check,AUS,Australia,2015,FJI,Fiji,498.24601700000005,48,CHN,China,119051.703977
goods_two_way_supplemental_public_metric_check,AUS,Australia,2015,GAB,Gabon,474.890223,49,CHN,China,119051.703977
goods_two_way_supplemental_public_metric_check,AUS,Australia,2015,HUN,Hungary,448.11673600000006,50,CHN,China,119051.703977
goods_two_way_supplemental_public_metric_check,AUS,Australia,2015,LKA,Sri Lanka,430.01719399999996,51,CHN,China,119051.703977
goods_two_way_supplemental_public_metric_check,AUS,Australia,2015,SVK,Slovakia,398.91921,52,CHN,China,119051.703977
goods_two_way_supplemental_public_metric_check,AUS,Australia,2015,NCL,New Caledonia,377.44631899999985,53,CHN,China,119051.703977
goods_two_way_supplemental_public_metric_check,AUS,Australia,2015,NOR,Norway,368.99153700000005,54,CHN,China,119051.703977
goods_two_way_supplemental_public_metric_check,AUS,Australia,2015,BRN,Brunei,354.055879,55,CHN,China,119051.703977
goods_two_way_supplemental_public_metric_check,AUS,Australia,2015,OMN,Oman,353.326854,56,CHN,China,119051.703977
goods_two_way_supplemental_public_metric_check,AUS,Australia,2015,YEM,Yemen,330.8032269999999,57,CHN,China,119051.703977
goods_two_way_supplemental_public_metric_check,AUS,Australia,2015,ZMB,Zambia,258.80532300000004,58,CHN,China,119051.703977
goods_two_way_supplemental_public_metric_check,AUS,Australia,2015,JOR,Jordan,258.79599699999994,59,CHN,China,119051.703977
goods_two_way_supplemental_public_metric_check,AUS,Australia,2015,PER,Peru,234.613173,60,CHN,China,119051.703977
goods_two_way_supplemental_public_metric_check,AUS,Australia,2015,NGA,Nigeria,214.13900199999998,61,CHN,China,119051.703977
goods_two_way_supplemental_public_metric_check,AUS,Australia,2015,BGR,Bulgaria,208.93154599999997,62,CHN,China,119051.703977
goods_two_way_supplemental_public_metric_check,AUS,Australia,2015,PRT,Portugal,181.905283,63,CHN,China,119051.703977
goods_two_way_supplemental_public_metric_check,AUS,Australia,2015,UKR,Ukraine,180.05579300000008,64,CHN,China,119051.703977
goods_two_way_supplemental_public_metric_check,AUS,Australia,2015,MMR,Myanmar (Burma),177.01351499999998,65,CHN,China,119051.703977
goods_two_way_supplemental_public_metric_check,AUS,Australia,2015,GRC,Greece,161.67968000000002,66,CHN,China,119051.703977
goods_two_way_supplemental_public_metric_check,AUS,Australia,2015,KHM,Cambodia,154.98172600000004,67,CHN,China,119051.703977
goods_two_way_supplemental_public_metric_check,AUS,Australia,2015,ROU,Romania,144.942614,68,CHN,China,119051.703977
goods_two_way_supplemental_public_metric_check,AUS,Australia,2015,SLB,Solomon Islands,127.19782200000004,69,CHN,China,119051.703977
goods_two_way_supplemental_public_metric_check,AUS,Australia,2015,SVN,Slovenia,118.702204,70,CHN,China,119051.703977
goods_two_way_supplemental_public_metric_check,AUS,Australia,2015,MUS,Mauritius,116.02759400000004,71,CHN,China,119051.703977
goods_two_way_supplemental_public_metric_check,AUS,Australia,2015,TZA,Tanzania,109.52603599999999,72,CHN,China,119051.703977
goods_two_way_supplemental_public_metric_check,AUS,Australia,2015,COL,Colombia,106.07871799999998,73,CHN,China,119051.703977
goods_two_way_supplemental_public_metric_check,AUS,Australia,2015,GHA,Ghana,106.02887600000001,74,CHN,China,119051.703977
goods_two_way_supplemental_public_metric_check,AUS,Australia,2015,COG,Congo - Brazzaville,100.727429,75,CHN,China,119051.703977
goods_two_way_supplemental_public_metric_check,AUS,Australia,2015,IRN,Iran,99.65695800000003,76,CHN,China,119051.703977
goods_two_way_supplemental_public_metric_check,AUS,Australia,2015,CRI,Costa Rica,94.21947000000002,77,CHN,China,119051.703977
goods_two_way_supplemental_public_metric_check,AUS,Australia,2015,COD,Congo - Kinshasa,80.010404,78,CHN,China,119051.703977
goods_two_way_supplemental_public_metric_check,AUS,Australia,2015,KAZ,Kazakhstan,72.910952,79,CHN,China,119051.703977
goods_two_way_supplemental_public_metric_check,AUS,Australia,2015,WSM,Samoa,71.994357,80,CHN,China,119051.703977
goods_two_way_supplemental_public_metric_check,AUS,Australia,2015,KEN,Kenya,69.30514000000001,81,CHN,China,119051.703977
goods_two_way_supplemental_public_metric_check,AUS,Australia,2015,LBN,Lebanon,64.965048,82,CHN,China,119051.703977
goods_two_way_supplemental_public_metric_check,AUS,Australia,2015,SDN,Sudan,64.52835300000001,83,CHN,China,119051.703977
goods_two_way_supplemental_public_metric_check,AUS,Australia,2015,MAR,Morocco,54.83563799999999,84,CHN,China,119051.703977
goods_two_way_supplemental_public_metric_check,AUS,Australia,2015,MLT,Malta,52.78244100000001,85,CHN,China,119051.703977
goods_two_way_supplemental_public_metric_check,AUS,Australia,2015,EST,Estonia,51.660882999999984,86,CHN,China,119051.703977
goods_two_way_supplemental_public_metric_check,AUS,Australia,2015,SLV,El Salvador,51.40660799999999,87,CHN,China,119051.703977
goods_two_way_supplemental_public_metric_check,AUS,Australia,2015,PYF,French Polynesia,50.45247099999999,88,CHN,China,119051.703977
goods_two_way_supplemental_public_metric_check,AUS,Australia,2015,NRU,Nauru,45.328535,89,CHN,China,119051.703977
goods_two_way_supplemental_public_metric_check,AUS,Australia,2015,ECU,Ecuador,43.99226799999999,90,CHN,China,119051.703977
goods_two_way_supplemental_public_metric_check,AUS,Australia,2015,VUT,Vanuatu,42.285894,91,CHN,China,119051.703977
goods_two_way_supplemental_public_metric_check,AUS,Australia,2015,CIV,Côte d'Ivoire,42.262237,92,CHN,China,119051.703977
goods_two_way_supplemental_public_metric_check,AUS,Australia,2015,HND,Honduras,42.073204000000004,93,CHN,China,119051.703977
goods_two_way_supplemental_public_metric_check,AUS,Australia,2015,NPL,Nepal,42.070111000000004,94,CHN,China,119051.703977
goods_two_way_supplemental_public_metric_check,AUS,Australia,2015,ISL,Iceland,40.566187000000014,95,CHN,China,119051.703977
goods_two_way_supplemental_public_metric_check,AUS,Australia,2015,GNQ,Equatorial Guinea,40.390525,96,CHN,China,119051.703977
goods_two_way_supplemental_public_metric_check,AUS,Australia,2015,LTU,Lithuania,40.056839999999994,97,CHN,China,119051.703977
goods_two_way_supplemental_public_metric_check,AUS,Australia,2015,DOM,Dominican Republic,37.28252499999999,98,CHN,China,119051.703977
goods_two_way_supplemental_public_metric_check,AUS,Australia,2015,MAC,Macao,36.574774,99,CHN,China,119051.703977
goods_two_way_supplemental_public_metric_check,AUS,Australia,2015,TTO,Trinidad & Tobago,32.752165,100,CHN,China,119051.703977
goods_two_way_supplemental_public_metric_check,AUS,Australia,2015,GTM,Guatemala,32.47974899999999,101,CHN,China,119051.703977
goods_two_way_supplemental_public_metric_check,AUS,Australia,2015,MDV,Maldives,31.958751,102,CHN,China,119051.703977
goods_two_way_supplemental_public_metric_check,AUS,Australia,2015,MOZ,Mozambique,31.893107000000008,103,CHN,China,119051.703977
goods_two_way_supplemental_public_metric_check,AUS,Australia,2015,ETH,Ethiopia,31.18228,104,CHN,China,119051.703977
goods_two_way_supplemental_public_metric_check,AUS,Australia,2015,AGO,Angola,30.489696,105,CHN,China,119051.703977
goods_two_way_supplemental_public_metric_check,AUS,Australia,2015,TUN,Tunisia,29.359445999999995,106,CHN,China,119051.703977
goods_two_way_supplemental_public_metric_check,AUS,Australia,2015,JAM,Jamaica,28.219919000000004,107,CHN,China,119051.703977
goods_two_way_supplemental_public_metric_check,AUS,Australia,2015,KIR,Kiribati,27.500063999999995,108,CHN,China,119051.703977
goods_two_way_supplemental_public_metric_check,AUS,Australia,2015,IRQ,Iraq,27.303842000000007,109,CHN,China,119051.703977
goods_two_way_supplemental_public_metric_check,AUS,Australia,2015,NAM,Namibia,26.039995000000005,110,CHN,China,119051.703977
goods_two_way_supplemental_public_metric_check,AUS,Australia,2015,VEN,Venezuela,25.102852000000002,111,CHN,China,119051.703977
goods_two_way_supplemental_public_metric_check,AUS,Australia,2015,URY,Uruguay,22.666720999999995,112,CHN,China,119051.703977
goods_two_way_supplemental_public_metric_check,AUS,Australia,2015,HRV,Croatia,22.473368999999998,113,CHN,China,119051.703977
goods_two_way_supplemental_public_metric_check,AUS,Australia,2015,BWA,Botswana,21.541457,114,CHN,China,119051.703977
goods_two_way_supplemental_public_metric_check,AUS,Australia,2015,CYP,Cyprus,21.308723,115,CHN,China,119051.703977
goods_two_way_supplemental_public_metric_check,AUS,Australia,2015,LUX,Luxembourg,21.185676,116,CHN,China,119051.703977
goods_two_way_supplemental_public_metric_check,AUS,Australia,2015,BOL,Bolivia,20.392370999999997,117,CHN,China,119051.703977
goods_two_way_supplemental_public_metric_check,AUS,Australia,2015,DZA,Algeria,20.040233999999998,118,CHN,China,119051.703977
goods_two_way_supplemental_public_metric_check,AUS,Australia,2015,NIC,Nicaragua,19.777209999999997,119,CHN,China,119051.703977
goods_two_way_supplemental_public_metric_check,AUS,Australia,2015,MNG,Mongolia,19.338979,120,CHN,China,119051.703977
goods_two_way_supplemental_public_metric_check,AUS,Australia,2015,TLS,Timor-Leste,19.174194,121,CHN,China,119051.703977
goods_two_way_supplemental_public_metric_check,AUS,Australia,2015,SEN,Senegal,18.439668,122,CHN,China,119051.703977
goods_two_way_supplemental_public_metric_check,AUS,Australia,2015,LAO,Laos,18.261916999999997,123,CHN,China,119051.703977
goods_two_way_supplemental_public_metric_check,AUS,Australia,2015,SRB,Serbia,17.510855999999997,124,CHN,China,119051.703977
goods_two_way_supplemental_public_metric_check,AUS,Australia,2015,LVA,Latvia,17.496254,125,CHN,China,119051.703977
goods_two_way_supplemental_public_metric_check,AUS,Australia,2015,PAN,Panama,17.23512,126,CHN,China,119051.703977
goods_two_way_supplemental_public_metric_check,AUS,Australia,2015,BFA,Burkina Faso,17.036686,127,CHN,China,119051.703977
goods_two_way_supplemental_public_metric_check,AUS,Australia,2015,ASM,American Samoa,16.601769999999995,128,CHN,China,119051.703977
goods_two_way_supplemental_public_metric_check,AUS,Australia,2015,CXR,Christmas Island,15.616175999999998,129,CHN,China,119051.703977
goods_two_way_supplemental_public_metric_check,AUS,Australia,2015,BHS,Bahamas,14.802915,130,CHN,China,119051.703977
goods_two_way_supplemental_public_metric_check,AUS,Australia,2015,MWI,Malawi,14.630044999999999,131,CHN,China,119051.703977
goods_two_way_supplemental_public_metric_check,AUS,Australia,2015,MDG,Madagascar,14.526828000000002,132,CHN,China,119051.703977
goods_two_way_supplemental_public_metric_check,AUS,Australia,2015,MLI,Mali,14.340011,133,CHN,China,119051.703977
goods_two_way_supplemental_public_metric_check,AUS,Australia,2015,BLR,Belarus,12.227950999999997,134,CHN,China,119051.703977
goods_two_way_supplemental_public_metric_check,AUS,Australia,2015,SYC,Seychelles,11.815086999999997,135,CHN,China,119051.703977
goods_two_way_supplemental_public_metric_check,AUS,Australia,2015,TGO,Togo,11.020740000000002,136,CHN,China,119051.703977
goods_two_way_supplemental_public_metric_check,AUS,Australia,2015,MRT,Mauritania,9.994785000000002,137,CHN,China,119051.703977
goods_two_way_supplemental_public_metric_check,AUS,Australia,2015,CUB,Cuba,9.939861,138,CHN,China,119051.703977
goods_two_way_supplemental_public_metric_check,AUS,Australia,2015,FLK,Falkland Islands,9.916326999999999,139,CHN,China,119051.703977
goods_two_way_supplemental_public_metric_check,AUS,Australia,2015,GUM,Guam,9.905626999999999,140,CHN,China,119051.703977
goods_two_way_supplemental_public_metric_check,AUS,Australia,2015,AZE,Azerbaijan,9.635183000000003,141,CHN,China,119051.703977
goods_two_way_supplemental_public_metric_check,AUS,Australia,2015,UGA,Uganda,9.481361999999997,142,CHN,China,119051.703977
goods_two_way_supplemental_public_metric_check,AUS,Australia,2015,BIH,Bosnia & Herzegovina,8.905634999999998,143,CHN,China,119051.703977
goods_two_way_supplemental_public_metric_check,AUS,Australia,2015,TON,Tonga,8.788846000000001,144,CHN,China,119051.703977
goods_two_way_supplemental_public_metric_check,AUS,Australia,2015,CYM,Cayman Islands,8.108567,145,CHN,China,119051.703977
goods_two_way_supplemental_public_metric_check,AUS,Australia,2015,VGB,British Virgin Islands,7.868668999999999,146,CHN,China,119051.703977
goods_two_way_supplemental_public_metric_check,AUS,Australia,2015,MKD,North Macedonia,7.755935000000003,147,CHN,China,119051.703977
goods_two_way_supplemental_public_metric_check,AUS,Australia,2015,GUY,Guyana,7.197697,148,CHN,China,119051.703977
goods_two_way_supplemental_public_metric_check,AUS,Australia,2015,ATA,Antarctica,6.656740000000001,149,CHN,China,119051.703977
goods_two_way_supplemental_public_metric_check,AUS,Australia,2015,ERI,Eritrea,6.182028999999998,150,CHN,China,119051.703977
goods_two_way_supplemental_public_metric_check,AUS,Australia,2015,PRY,Paraguay,5.849724,151,CHN,China,119051.703977
goods_two_way_supplemental_public_metric_check,AUS,Australia,2015,PSE,Palestine,5.643751999999999,152,CHN,China,119051.703977
goods_two_way_supplemental_public_metric_check,AUS,Australia,2015,BRB,Barbados,5.523532,153,CHN,China,119051.703977
goods_two_way_supplemental_public_metric_check,AUS,Australia,2015,CMR,Cameroon,5.319851,154,CHN,China,119051.703977
goods_two_way_supplemental_public_metric_check,AUS,Australia,2015,GEO,Georgia,5.108278,155,CHN,China,119051.703977
goods_two_way_supplemental_public_metric_check,AUS,Australia,2015,COK,Cook Islands,4.975068,156,CHN,China,119051.703977
goods_two_way_supplemental_public_metric_check,AUS,Australia,2015,SLE,Sierra Leone,4.882307999999999,157,CHN,China,119051.703977
goods_two_way_supplemental_public_metric_check,AUS,Australia,2015,TUV,Tuvalu,4.82494,158,CHN,China,119051.703977
goods_two_way_supplemental_public_metric_check,AUS,Australia,2015,NFK,Norfolk Island,4.668692,159,CHN,China,119051.703977
goods_two_way_supplemental_public_metric_check,AUS,Australia,2015,CCK,Cocos (Keeling) Islands,4.481266999999999,160,CHN,China,119051.703977
goods_two_way_supplemental_public_metric_check,AUS,Australia,2015,RWA,Rwanda,4.285999,161,CHN,China,119051.703977
goods_two_way_supplemental_public_metric_check,AUS,Australia,2015,ARM,Armenia,4.150732999999999,162,CHN,China,119051.703977
goods_two_way_supplemental_public_metric_check,AUS,Australia,2015,LBY,Libya,4.010462,163,CHN,China,119051.703977
goods_two_way_supplemental_public_metric_check,AUS,Australia,2015,PLW,Palau,3.4089429999999994,164,CHN,China,119051.703977
goods_two_way_supplemental_public_metric_check,AUS,Australia,2015,KGZ,Kyrgyzstan,3.0048630000000003,165,CHN,China,119051.703977
goods_two_way_supplemental_public_metric_check,AUS,Australia,2015,AFG,Afghanistan,2.775575,166,CHN,China,119051.703977
goods_two_way_supplemental_public_metric_check,AUS,Australia,2015,SUR,Suriname,2.7613,167,CHN,China,119051.703977
goods_two_way_supplemental_public_metric_check,AUS,Australia,2015,MHL,Marshall Islands,2.537196,168,CHN,China,119051.703977
goods_two_way_supplemental_public_metric_check,AUS,Australia,2015,ZWE,Zimbabwe,2.47657,169,CHN,China,119051.703977
goods_two_way_supplemental_public_metric_check,AUS,Australia,2015,GIN,Guinea,2.4415759999999995,170,CHN,China,119051.703977
goods_two_way_supplemental_public_metric_check,AUS,Australia,2015,ALB,Albania,2.399162,171,CHN,China,119051.703977
goods_two_way_supplemental_public_metric_check,AUS,Australia,2015,WLF,Wallis & Futuna,2.3504869999999998,172,CHN,China,119051.703977
goods_two_way_supplemental_public_metric_check,AUS,Australia,2015,DJI,Djibouti,2.336729,173,CHN,China,119051.703977
goods_two_way_supplemental_public_metric_check,AUS,Australia,2015,NER,Niger,2.2267799999999998,174,CHN,China,119051.703977
goods_two_way_supplemental_public_metric_check,AUS,Australia,2015,BMU,Bermuda,2.203372,175,CHN,China,119051.703977
goods_two_way_supplemental_public_metric_check,AUS,Australia,2015,HTI,Haiti,2.168949,176,CHN,China,119051.703977
goods_two_way_supplemental_public_metric_check,AUS,Australia,2015,UZB,Uzbekistan,2.162576,177,CHN,China,119051.703977
goods_two_way_supplemental_public_metric_check,AUS,Australia,2015,GIB,Gibraltar,2.0519359999999995,178,CHN,China,119051.703977
goods_two_way_supplemental_public_metric_check,AUS,Australia,2015,MNP,Northern Mariana Islands,2.046804,179,CHN,China,119051.703977
goods_two_way_supplemental_public_metric_check,AUS,Australia,2015,ATG,Antigua & Barbuda,2.042485,180,CHN,China,119051.703977
goods_two_way_supplemental_public_metric_check,AUS,Australia,2015,FSM,Micronesia (Federated States of),1.9375990000000003,181,CHN,China,119051.703977
goods_two_way_supplemental_public_metric_check,AUS,Australia,2015,CAF,Central African Republic,1.9321980000000003,182,CHN,China,119051.703977
goods_two_way_supplemental_public_metric_check,AUS,Australia,2015,MDA,Moldova,1.842501,183,CHN,China,119051.703977
goods_two_way_supplemental_public_metric_check,AUS,Australia,2015,SYR,Syria,1.812387,184,CHN,China,119051.703977
goods_two_way_supplemental_public_metric_check,AUS,Australia,2015,LSO,Lesotho,1.790396,185,CHN,China,119051.703977
goods_two_way_supplemental_public_metric_check,AUS,Australia,2015,SWZ,Eswatini,1.7706509999999995,186,CHN,China,119051.703977
goods_two_way_supplemental_public_metric_check,AUS,Australia,2015,BLZ,Belize,1.5656100000000002,187,CHN,China,119051.703977
goods_two_way_supplemental_public_metric_check,AUS,Australia,2015,BDI,Burundi,1.549308,188,CHN,China,119051.703977
goods_two_way_supplemental_public_metric_check,AUS,Australia,2015,TKM,Turkmenistan,1.4904490000000001,189,CHN,China,119051.703977
goods_two_way_supplemental_public_metric_check,AUS,Australia,2015,LBR,Liberia,1.345368,190,CHN,China,119051.703977
goods_two_way_supplemental_public_metric_check,AUS,Australia,2015,BEN,Benin,1.309468,191,CHN,China,119051.703977
goods_two_way_supplemental_public_metric_check,AUS,Australia,2015,CUW,Curaçao,1.298884,192,CHN,China,119051.703977
goods_two_way_supplemental_public_metric_check,AUS,Australia,2015,LCA,St. Lucia,1.055845,193,CHN,China,119051.703977
goods_two_way_supplemental_public_metric_check,AUS,Australia,2015,VCT,St. Vincent & Grenadines,1.04459,194,CHN,China,119051.703977
goods_two_way_supplemental_public_metric_check,AUS,Australia,2015,SHN,St. Helena,0.97417,195,CHN,China,119051.703977
goods_two_way_supplemental_public_metric_check,AUS,Australia,2015,MNE,Montenegro,0.7495149999999998,196,CHN,China,119051.703977
goods_two_way_supplemental_public_metric_check,AUS,Australia,2015,TCD,Chad,0.722736,197,CHN,China,119051.703977
goods_two_way_supplemental_public_metric_check,AUS,Australia,2015,DMA,Dominica,0.5969679999999999,198,CHN,China,119051.703977
goods_two_way_supplemental_public_metric_check,AUS,Australia,2015,COM,Comoros,0.522649,199,CHN,China,119051.703977
goods_two_way_supplemental_public_metric_check,AUS,Australia,2015,KNA,St. Kitts & Nevis,0.4957600000000001,200,CHN,China,119051.703977
goods_two_way_supplemental_public_metric_check,AUS,Australia,2015,BTN,Bhutan,0.36962600000000007,201,CHN,China,119051.703977
goods_two_way_supplemental_public_metric_check,AUS,Australia,2015,GRD,Grenada,0.32136699999999996,202,CHN,China,119051.703977
goods_two_way_supplemental_public_metric_check,AUS,Australia,2015,GRL,Greenland,0.260504,203,CHN,China,119051.703977
goods_two_way_supplemental_public_metric_check,AUS,Australia,2015,SSD,South Sudan,0.258592,204,CHN,China,119051.703977
goods_two_way_supplemental_public_metric_check,AUS,Australia,2015,SOM,Somalia,0.229778,205,CHN,China,119051.703977
goods_two_way_supplemental_public_metric_check,AUS,Australia,2015,CPV,Cape Verde,0.20094500000000004,206,CHN,China,119051.703977
goods_two_way_supplemental_public_metric_check,AUS,Australia,2015,AND,Andorra,0.1794,207,CHN,China,119051.703977
goods_two_way_supplemental_public_metric_check,AUS,Australia,2015,STP,São Tomé & Príncipe,0.13594099999999998,208,CHN,China,119051.703977
goods_two_way_supplemental_public_metric_check,AUS,Australia,2015,PCN,Pitcairn Islands,0.109535,209,CHN,China,119051.703977
goods_two_way_supplemental_public_metric_check,AUS,Australia,2015,NIU,Niue,0.10026500000000002,210,CHN,China,119051.703977
goods_two_way_supplemental_public_metric_check,AUS,Australia,2015,AIA,Anguilla,0.087438,211,CHN,China,119051.703977
goods_two_way_supplemental_public_metric_check,AUS,Australia,2015,MSR,Montserrat,0.079258,212,CHN,China,119051.703977
goods_two_way_supplemental_public_metric_check,AUS,Australia,2015,TCA,Turks & Caicos Islands,0.037743,213,CHN,China,119051.703977
goods_two_way_supplemental_public_metric_check,AUS,Australia,2015,TJK,Tajikistan,0.034913,214,CHN,China,119051.703977
goods_two_way_supplemental_public_metric_check,AUS,Australia,2015,GMB,Gambia,0.034622,215,CHN,China,119051.703977
goods_two_way_supplemental_public_metric_check,AUS,Australia,2015,GNB,Guinea-Bissau,0.03032,216,CHN,China,119051.703977
goods_two_way_supplemental_public_metric_check,AUS,Australia,2015,ATF,French Southern Territories,0.029979,217,CHN,China,119051.703977
goods_two_way_supplemental_public_metric_check,AUS,Australia,2015,IOT,British Indian Ocean Territory,0.006157,218,CHN,China,119051.703977
goods_two_way_supplemental_public_metric_check,AUS,Australia,2015,ESH,Western Sahara,0.003942,219,CHN,China,119051.703977
goods_two_way_supplemental_public_metric_check,AUS,Australia,2015,UMI,United States Minor Outlying Islands (the),0.00115,220,CHN,China,119051.703977
goods_two_way_supplemental_public_metric_check,AUS,Australia,2016,CHN,China,114282.62444000001,1,CHN,China,114282.62444000001
goods_two_way_supplemental_public_metric_check,AUS,Australia,2016,JPN,Japan,44994.30357599999,2,CHN,China,114282.62444000001
goods_two_way_supplemental_public_metric_check,AUS,Australia,2016,USA,United States,30108.283072999995,3,CHN,China,114282.62444000001
goods_two_way_supplemental_public_metric_check,AUS,Australia,2016,KOR,South Korea,23173.149345000005,4,CHN,China,114282.62444000001
goods_two_way_supplemental_public_metric_check,AUS,Australia,2016,THA,Thailand,14124.100771,5,CHN,China,114282.62444000001
goods_two_way_supplemental_public_metric_check,AUS,Australia,2016,GBR,United Kingdom,12249.109233,6,CHN,China,114282.62444000001
goods_two_way_supplemental_public_metric_check,AUS,Australia,2016,DEU,Germany,12016.844096000003,7,CHN,China,114282.62444000001
goods_two_way_supplemental_public_metric_check,AUS,Australia,2016,IND,India,11972.126859999997,8,CHN,China,114282.62444000001
goods_two_way_supplemental_public_metric_check,AUS,Australia,2016,MYS,Malaysia,10564.771224999999,9,CHN,China,114282.62444000001
goods_two_way_supplemental_public_metric_check,AUS,Australia,2016,NZL,New Zealand,10076.418338000003,10,CHN,China,114282.62444000001
goods_two_way_supplemental_public_metric_check,AUS,Australia,2016,TWN,Taiwan,9047.533719,11,CHN,China,114282.62444000001
goods_two_way_supplemental_public_metric_check,AUS,Australia,2016,IDN,Indonesia,8827.212701,12,CHN,China,114282.62444000001
goods_two_way_supplemental_public_metric_check,AUS,Australia,2016,SGP,Singapore,8597.309739999999,13,CHN,China,114282.62444000001
goods_two_way_supplemental_public_metric_check,AUS,Australia,2016,HKG,Hong Kong,6820.7037629999995,14,CHN,China,114282.62444000001
goods_two_way_supplemental_public_metric_check,AUS,Australia,2016,VNM,Vietnam,5783.966686000002,15,CHN,China,114282.62444000001
goods_two_way_supplemental_public_metric_check,AUS,Australia,2016,ITA,Italy,4874.574618999999,16,CHN,China,114282.62444000001
goods_two_way_supplemental_public_metric_check,AUS,Australia,2016,FRA,France,4254.797173999999,17,CHN,China,114282.62444000001
goods_two_way_supplemental_public_metric_check,AUS,Australia,2016,PNG,Papua New Guinea,3847.15615,18,CHN,China,114282.62444000001
goods_two_way_supplemental_public_metric_check,AUS,Australia,2016,ARE,United Arab Emirates,3572.800521,19,CHN,China,114282.62444000001
goods_two_way_supplemental_public_metric_check,AUS,Australia,2016,CHE,Switzerland,3244.6700009999995,20,CHN,China,114282.62444000001
goods_two_way_supplemental_public_metric_check,AUS,Australia,2016,CAN,Canada,3063.801235,21,CHN,China,114282.62444000001
goods_two_way_supplemental_public_metric_check,AUS,Australia,2016,NLD,Netherlands,2645.50843,22,CHN,China,114282.62444000001
goods_two_way_supplemental_public_metric_check,AUS,Australia,2016,IRL,Ireland,2179.194827,23,CHN,China,114282.62444000001
goods_two_way_supplemental_public_metric_check,AUS,Australia,2016,MEX,Mexico,2167.006537999999,24,CHN,China,114282.62444000001
goods_two_way_supplemental_public_metric_check,AUS,Australia,2016,ESP,Spain,2102.1875269999996,25,CHN,China,114282.62444000001
goods_two_way_supplemental_public_metric_check,AUS,Australia,2016,BEL,Belgium,1838.8512489999998,26,CHN,China,114282.62444000001
goods_two_way_supplemental_public_metric_check,AUS,Australia,2016,SWE,Sweden,1789.281074,27,CHN,China,114282.62444000001
goods_two_way_supplemental_public_metric_check,AUS,Australia,2016,SAU,Saudi Arabia,1580.3099629999997,28,CHN,China,114282.62444000001
goods_two_way_supplemental_public_metric_check,AUS,Australia,2016,PHL,Philippines,1543.6682950000004,29,CHN,China,114282.62444000001
goods_two_way_supplemental_public_metric_check,AUS,Australia,2016,ZAF,South Africa,1524.615141,30,CHN,China,114282.62444000001
goods_two_way_supplemental_public_metric_check,AUS,Australia,2016,BRA,Brazil,1439.5570659999998,31,CHN,China,114282.62444000001
goods_two_way_supplemental_public_metric_check,AUS,Australia,2016,TUR,Turkey,1333.984097,32,CHN,China,114282.62444000001
goods_two_way_supplemental_public_metric_check,AUS,Australia,2016,BGD,Bangladesh,1323.5471440000001,33,CHN,China,114282.62444000001
goods_two_way_supplemental_public_metric_check,AUS,Australia,2016,AUT,Austria,1189.9419899999998,34,CHN,China,114282.62444000001
goods_two_way_supplemental_public_metric_check,AUS,Australia,2016,POL,Poland,1011.1902329999998,35,CHN,China,114282.62444000001
goods_two_way_supplemental_public_metric_check,AUS,Australia,2016,DNK,Denmark,1004.2501319999998,36,CHN,China,114282.62444000001
goods_two_way_supplemental_public_metric_check,AUS,Australia,2016,ISR,Israel,799.8648209999999,37,CHN,China,114282.62444000001
goods_two_way_supplemental_public_metric_check,AUS,Australia,2016,CHL,Chile,747.5053270000001,38,CHN,China,114282.62444000001
goods_two_way_supplemental_public_metric_check,AUS,Australia,2016,QAT,Qatar,740.2983629999999,39,CHN,China,114282.62444000001
goods_two_way_supplemental_public_metric_check,AUS,Australia,2016,CZE,Czechia,669.8551510000001,40,CHN,China,114282.62444000001
goods_two_way_supplemental_public_metric_check,AUS,Australia,2016,RUS,Russia,651.7489040000002,41,CHN,China,114282.62444000001
goods_two_way_supplemental_public_metric_check,AUS,Australia,2016,FIN,Finland,646.545005,42,CHN,China,114282.62444000001
goods_two_way_supplemental_public_metric_check,AUS,Australia,2016,ARG,Argentina,645.8901939999998,43,CHN,China,114282.62444000001
goods_two_way_supplemental_public_metric_check,AUS,Australia,2016,BHR,Bahrain,614.050332,44,CHN,China,114282.62444000001
goods_two_way_supplemental_public_metric_check,AUS,Australia,2016,PAK,Pakistan,594.3215809999999,45,CHN,China,114282.62444000001
goods_two_way_supplemental_public_metric_check,AUS,Australia,2016,KWT,Kuwait,551.6204259999998,46,CHN,China,114282.62444000001
goods_two_way_supplemental_public_metric_check,AUS,Australia,2016,FJI,Fiji,544.6873860000002,47,CHN,China,114282.62444000001
goods_two_way_supplemental_public_metric_check,AUS,Australia,2016,HUN,Hungary,468.351694,48,CHN,China,114282.62444000001
goods_two_way_supplemental_public_metric_check,AUS,Australia,2016,GAB,Gabon,441.54377500000004,49,CHN,China,114282.62444000001
goods_two_way_supplemental_public_metric_check,AUS,Australia,2016,LKA,Sri Lanka,364.52773199999996,50,CHN,China,114282.62444000001
goods_two_way_supplemental_public_metric_check,AUS,Australia,2016,PER,Peru,361.928718,51,CHN,China,114282.62444000001
goods_two_way_supplemental_public_metric_check,AUS,Australia,2016,EGY,Egypt,351.34818600000006,52,CHN,China,114282.62444000001
goods_two_way_supplemental_public_metric_check,AUS,Australia,2016,NOR,Norway,316.07521600000007,53,CHN,China,114282.62444000001
goods_two_way_supplemental_public_metric_check,AUS,Australia,2016,OMN,Oman,292.16987400000005,54,CHN,China,114282.62444000001
goods_two_way_supplemental_public_metric_check,AUS,Australia,2016,SVK,Slovakia,279.95457500000003,55,CHN,China,114282.62444000001
goods_two_way_supplemental_public_metric_check,AUS,Australia,2016,BRN,Brunei,275.809311,56,CHN,China,114282.62444000001
goods_two_way_supplemental_public_metric_check,AUS,Australia,2016,NCL,New Caledonia,262.03574699999996,57,CHN,China,114282.62444000001
goods_two_way_supplemental_public_metric_check,AUS,Australia,2016,DZA,Algeria,254.974391,58,CHN,China,114282.62444000001
goods_two_way_supplemental_public_metric_check,AUS,Australia,2016,NGA,Nigeria,233.22843899999998,59,CHN,China,114282.62444000001
goods_two_way_supplemental_public_metric_check,AUS,Australia,2016,ROU,Romania,230.08142599999994,60,CHN,China,114282.62444000001
goods_two_way_supplemental_public_metric_check,AUS,Australia,2016,YEM,Yemen,209.677836,61,CHN,China,114282.62444000001
goods_two_way_supplemental_public_metric_check,AUS,Australia,2016,COG,Congo - Brazzaville,201.76890500000002,62,CHN,China,114282.62444000001
goods_two_way_supplemental_public_metric_check,AUS,Australia,2016,JOR,Jordan,200.38001799999998,63,CHN,China,114282.62444000001
goods_two_way_supplemental_public_metric_check,AUS,Australia,2016,KHM,Cambodia,186.36485700000003,64,CHN,China,114282.62444000001
goods_two_way_supplemental_public_metric_check,AUS,Australia,2016,PRT,Portugal,170.02741499999996,65,CHN,China,114282.62444000001
goods_two_way_supplemental_public_metric_check,AUS,Australia,2016,GRC,Greece,167.607351,66,CHN,China,114282.62444000001
goods_two_way_supplemental_public_metric_check,AUS,Australia,2016,UKR,Ukraine,144.32429399999998,67,CHN,China,114282.62444000001
goods_two_way_supplemental_public_metric_check,AUS,Australia,2016,IRN,Iran,141.90471000000002,68,CHN,China,114282.62444000001
goods_two_way_supplemental_public_metric_check,AUS,Australia,2016,ISL,Iceland,138.855717,69,CHN,China,114282.62444000001
goods_two_way_supplemental_public_metric_check,AUS,Australia,2016,MMR,Myanmar (Burma),137.71919100000002,70,CHN,China,114282.62444000001
goods_two_way_supplemental_public_metric_check,AUS,Australia,2016,SVN,Slovenia,131.269135,71,CHN,China,114282.62444000001
goods_two_way_supplemental_public_metric_check,AUS,Australia,2016,MAC,Macao,116.40560499999998,72,CHN,China,114282.62444000001
goods_two_way_supplemental_public_metric_check,AUS,Australia,2016,MUS,Mauritius,101.36384099999998,73,CHN,China,114282.62444000001
goods_two_way_supplemental_public_metric_check,AUS,Australia,2016,COL,Colombia,100.972566,74,CHN,China,114282.62444000001
goods_two_way_supplemental_public_metric_check,AUS,Australia,2016,SLB,Solomon Islands,99.67374400000004,75,CHN,China,114282.62444000001
goods_two_way_supplemental_public_metric_check,AUS,Australia,2016,GHA,Ghana,98.706595,76,CHN,China,114282.62444000001
goods_two_way_supplemental_public_metric_check,AUS,Australia,2016,CRI,Costa Rica,94.11217599999999,77,CHN,China,114282.62444000001
goods_two_way_supplemental_public_metric_check,AUS,Australia,2016,BGR,Bulgaria,89.75295999999997,78,CHN,China,114282.62444000001
goods_two_way_supplemental_public_metric_check,AUS,Australia,2016,COD,Congo - Kinshasa,81.28450600000001,79,CHN,China,114282.62444000001
goods_two_way_supplemental_public_metric_check,AUS,Australia,2016,MAR,Morocco,76.642058,80,CHN,China,114282.62444000001
goods_two_way_supplemental_public_metric_check,AUS,Australia,2016,MOZ,Mozambique,76.33904400000002,81,CHN,China,114282.62444000001
goods_two_way_supplemental_public_metric_check,AUS,Australia,2016,TZA,Tanzania,67.56624000000001,82,CHN,China,114282.62444000001
goods_two_way_supplemental_public_metric_check,AUS,Australia,2016,GNQ,Equatorial Guinea,64.664227,83,CHN,China,114282.62444000001
goods_two_way_supplemental_public_metric_check,AUS,Australia,2016,DOM,Dominican Republic,63.67346400000002,84,CHN,China,114282.62444000001
goods_two_way_supplemental_public_metric_check,AUS,Australia,2016,WSM,Samoa,63.416152000000004,85,CHN,China,114282.62444000001
goods_two_way_supplemental_public_metric_check,AUS,Australia,2016,EST,Estonia,62.11558500000001,86,CHN,China,114282.62444000001
goods_two_way_supplemental_public_metric_check,AUS,Australia,2016,LBN,Lebanon,58.94922299999999,87,CHN,China,114282.62444000001
goods_two_way_supplemental_public_metric_check,AUS,Australia,2016,NPL,Nepal,53.255568,88,CHN,China,114282.62444000001
goods_two_way_supplemental_public_metric_check,AUS,Australia,2016,BIH,Bosnia & Herzegovina,51.0085,89,CHN,China,114282.62444000001
goods_two_way_supplemental_public_metric_check,AUS,Australia,2016,VUT,Vanuatu,50.232007999999986,90,CHN,China,114282.62444000001
goods_two_way_supplemental_public_metric_check,AUS,Australia,2016,KEN,Kenya,47.991813,91,CHN,China,114282.62444000001
goods_two_way_supplemental_public_metric_check,AUS,Australia,2016,CIV,Côte d'Ivoire,47.135760000000005,92,CHN,China,114282.62444000001
goods_two_way_supplemental_public_metric_check,AUS,Australia,2016,ZMB,Zambia,45.88204399999999,93,CHN,China,114282.62444000001
goods_two_way_supplemental_public_metric_check,AUS,Australia,2016,PYF,French Polynesia,44.63415200000001,94,CHN,China,114282.62444000001
goods_two_way_supplemental_public_metric_check,AUS,Australia,2016,MLI,Mali,43.27490899999999,95,CHN,China,114282.62444000001
goods_two_way_supplemental_public_metric_check,AUS,Australia,2016,LTU,Lithuania,41.688557,96,CHN,China,114282.62444000001
goods_two_way_supplemental_public_metric_check,AUS,Australia,2016,ECU,Ecuador,35.95481100000001,97,CHN,China,114282.62444000001
goods_two_way_supplemental_public_metric_check,AUS,Australia,2016,HRV,Croatia,35.03817000000001,98,CHN,China,114282.62444000001
goods_two_way_supplemental_public_metric_check,AUS,Australia,2016,MDV,Maldives,34.649279,99,CHN,China,114282.62444000001
goods_two_way_supplemental_public_metric_check,AUS,Australia,2016,BFA,Burkina Faso,34.33575400000001,100,CHN,China,114282.62444000001
goods_two_way_supplemental_public_metric_check,AUS,Australia,2016,PAN,Panama,33.94598999999999,101,CHN,China,114282.62444000001
goods_two_way_supplemental_public_metric_check,AUS,Australia,2016,TUN,Tunisia,33.333494,102,CHN,China,114282.62444000001
goods_two_way_supplemental_public_metric_check,AUS,Australia,2016,NRU,Nauru,33.228163,103,CHN,China,114282.62444000001
goods_two_way_supplemental_public_metric_check,AUS,Australia,2016,ETH,Ethiopia,33.213589999999996,104,CHN,China,114282.62444000001
goods_two_way_supplemental_public_metric_check,AUS,Australia,2016,KIR,Kiribati,31.363823000000004,105,CHN,China,114282.62444000001
goods_two_way_supplemental_public_metric_check,AUS,Australia,2016,SLV,El Salvador,30.559983000000003,106,CHN,China,114282.62444000001
goods_two_way_supplemental_public_metric_check,AUS,Australia,2016,KAZ,Kazakhstan,29.358682,107,CHN,China,114282.62444000001
goods_two_way_supplemental_public_metric_check,AUS,Australia,2016,IRQ,Iraq,26.477875000000004,108,CHN,China,114282.62444000001
goods_two_way_supplemental_public_metric_check,AUS,Australia,2016,TTO,Trinidad & Tobago,26.182412,109,CHN,China,114282.62444000001
goods_two_way_supplemental_public_metric_check,AUS,Australia,2016,TLS,Timor-Leste,26.180473,110,CHN,China,114282.62444000001
goods_two_way_supplemental_public_metric_check,AUS,Australia,2016,LBY,Libya,24.342798000000002,111,CHN,China,114282.62444000001
goods_two_way_supplemental_public_metric_check,AUS,Australia,2016,CYP,Cyprus,24.335601000000004,112,CHN,China,114282.62444000001
goods_two_way_supplemental_public_metric_check,AUS,Australia,2016,NIC,Nicaragua,24.108573999999997,113,CHN,China,114282.62444000001
goods_two_way_supplemental_public_metric_check,AUS,Australia,2016,MNG,Mongolia,23.621014000000002,114,CHN,China,114282.62444000001
goods_two_way_supplemental_public_metric_check,AUS,Australia,2016,URY,Uruguay,23.565426000000002,115,CHN,China,114282.62444000001
goods_two_way_supplemental_public_metric_check,AUS,Australia,2016,LUX,Luxembourg,22.719869,116,CHN,China,114282.62444000001
goods_two_way_supplemental_public_metric_check,AUS,Australia,2016,CXR,Christmas Island,22.33924,117,CHN,China,114282.62444000001
goods_two_way_supplemental_public_metric_check,AUS,Australia,2016,SRB,Serbia,21.290001999999998,118,CHN,China,114282.62444000001
goods_two_way_supplemental_public_metric_check,AUS,Australia,2016,MLT,Malta,21.05151,119,CHN,China,114282.62444000001
goods_two_way_supplemental_public_metric_check,AUS,Australia,2016,NAM,Namibia,21.009415999999995,120,CHN,China,114282.62444000001
goods_two_way_supplemental_public_metric_check,AUS,Australia,2016,HND,Honduras,20.877655999999998,121,CHN,China,114282.62444000001
goods_two_way_supplemental_public_metric_check,AUS,Australia,2016,JAM,Jamaica,19.014358000000005,122,CHN,China,114282.62444000001
goods_two_way_supplemental_public_metric_check,AUS,Australia,2016,GTM,Guatemala,18.013795000000005,123,CHN,China,114282.62444000001
goods_two_way_supplemental_public_metric_check,AUS,Australia,2016,LAO,Laos,17.944124000000002,124,CHN,China,114282.62444000001
goods_two_way_supplemental_public_metric_check,AUS,Australia,2016,SDN,Sudan,16.939534,125,CHN,China,114282.62444000001
goods_two_way_supplemental_public_metric_check,AUS,Australia,2016,AGO,Angola,16.902502000000002,126,CHN,China,114282.62444000001
goods_two_way_supplemental_public_metric_check,AUS,Australia,2016,LVA,Latvia,15.830109,127,CHN,China,114282.62444000001
goods_two_way_supplemental_public_metric_check,AUS,Australia,2016,CUB,Cuba,15.774791,128,CHN,China,114282.62444000001
goods_two_way_supplemental_public_metric_check,AUS,Australia,2016,BOL,Bolivia,15.677116999999999,129,CHN,China,114282.62444000001
goods_two_way_supplemental_public_metric_check,AUS,Australia,2016,BLR,Belarus,15.211928000000007,130,CHN,China,114282.62444000001
goods_two_way_supplemental_public_metric_check,AUS,Australia,2016,TON,Tonga,15.138957999999997,131,CHN,China,114282.62444000001
goods_two_way_supplemental_public_metric_check,AUS,Australia,2016,ASM,American Samoa,14.977619,132,CHN,China,114282.62444000001
goods_two_way_supplemental_public_metric_check,AUS,Australia,2016,MWI,Malawi,14.767150999999998,133,CHN,China,114282.62444000001
goods_two_way_supplemental_public_metric_check,AUS,Australia,2016,MRT,Mauritania,14.674168000000002,134,CHN,China,114282.62444000001
goods_two_way_supplemental_public_metric_check,AUS,Australia,2016,AFG,Afghanistan,14.161806,135,CHN,China,114282.62444000001
goods_two_way_supplemental_public_metric_check,AUS,Australia,2016,MDG,Madagascar,14.153371999999997,136,CHN,China,114282.62444000001
goods_two_way_supplemental_public_metric_check,AUS,Australia,2016,ZWE,Zimbabwe,10.864577000000002,137,CHN,China,114282.62444000001
goods_two_way_supplemental_public_metric_check,AUS,Australia,2016,SYC,Seychelles,10.846301,138,CHN,China,114282.62444000001
goods_two_way_supplemental_public_metric_check,AUS,Australia,2016,VEN,Venezuela,10.604085999999997,139,CHN,China,114282.62444000001
goods_two_way_supplemental_public_metric_check,AUS,Australia,2016,SEN,Senegal,9.984161,140,CHN,China,114282.62444000001
goods_two_way_supplemental_public_metric_check,AUS,Australia,2016,MKD,North Macedonia,9.624874000000002,141,CHN,China,114282.62444000001
goods_two_way_supplemental_public_metric_check,AUS,Australia,2016,TGO,Togo,9.413397000000003,142,CHN,China,114282.62444000001
goods_two_way_supplemental_public_metric_check,AUS,Australia,2016,CMR,Cameroon,9.406273999999998,143,CHN,China,114282.62444000001
goods_two_way_supplemental_public_metric_check,AUS,Australia,2016,GUM,Guam,8.424878,144,CHN,China,114282.62444000001
goods_two_way_supplemental_public_metric_check,AUS,Australia,2016,BWA,Botswana,7.726319000000001,145,CHN,China,114282.62444000001
goods_two_way_supplemental_public_metric_check,AUS,Australia,2016,AZE,Azerbaijan,7.559085,146,CHN,China,114282.62444000001
goods_two_way_supplemental_public_metric_check,AUS,Australia,2016,BRB,Barbados,6.8974150000000005,147,CHN,China,114282.62444000001
goods_two_way_supplemental_public_metric_check,AUS,Australia,2016,FSM,Micronesia (Federated States of),6.882288999999999,148,CHN,China,114282.62444000001
goods_two_way_supplemental_public_metric_check,AUS,Australia,2016,PSE,Palestine,5.9745979999999985,149,CHN,China,114282.62444000001
goods_two_way_supplemental_public_metric_check,AUS,Australia,2016,NFK,Norfolk Island,5.876627000000001,150,CHN,China,114282.62444000001
goods_two_way_supplemental_public_metric_check,AUS,Australia,2016,COK,Cook Islands,5.722351999999999,151,CHN,China,114282.62444000001
goods_two_way_supplemental_public_metric_check,AUS,Australia,2016,GIN,Guinea,5.687935999999998,152,CHN,China,114282.62444000001
goods_two_way_supplemental_public_metric_check,AUS,Australia,2016,UGA,Uganda,5.506443999999998,153,CHN,China,114282.62444000001
goods_two_way_supplemental_public_metric_check,AUS,Australia,2016,PRY,Paraguay,5.499108,154,CHN,China,114282.62444000001
goods_two_way_supplemental_public_metric_check,AUS,Australia,2016,BHS,Bahamas,5.275494,155,CHN,China,114282.62444000001
goods_two_way_supplemental_public_metric_check,AUS,Australia,2016,VGB,British Virgin Islands,5.167190000000001,156,CHN,China,114282.62444000001
goods_two_way_supplemental_public_metric_check,AUS,Australia,2016,CCK,Cocos (Keeling) Islands,4.892968,157,CHN,China,114282.62444000001
goods_two_way_supplemental_public_metric_check,AUS,Australia,2016,ATA,Antarctica,4.840772,158,CHN,China,114282.62444000001
goods_two_way_supplemental_public_metric_check,AUS,Australia,2016,GEO,Georgia,4.695666999999999,159,CHN,China,114282.62444000001
goods_two_way_supplemental_public_metric_check,AUS,Australia,2016,SWZ,Eswatini,3.9250579999999995,160,CHN,China,114282.62444000001
goods_two_way_supplemental_public_metric_check,AUS,Australia,2016,DJI,Djibouti,3.7841199999999997,161,CHN,China,114282.62444000001
goods_two_way_supplemental_public_metric_check,AUS,Australia,2016,SLE,Sierra Leone,3.754131,162,CHN,China,114282.62444000001
goods_two_way_supplemental_public_metric_check,AUS,Australia,2016,ALB,Albania,3.669112,163,CHN,China,114282.62444000001
goods_two_way_supplemental_public_metric_check,AUS,Australia,2016,NER,Niger,3.497832,164,CHN,China,114282.62444000001
goods_two_way_supplemental_public_metric_check,AUS,Australia,2016,RWA,Rwanda,3.4742189999999997,165,CHN,China,114282.62444000001
goods_two_way_supplemental_public_metric_check,AUS,Australia,2016,MNP,Northern Mariana Islands,3.3961699999999997,166,CHN,China,114282.62444000001
goods_two_way_supplemental_public_metric_check,AUS,Australia,2016,MHL,Marshall Islands,3.388491,167,CHN,China,114282.62444000001
goods_two_way_supplemental_public_metric_check,AUS,Australia,2016,HTI,Haiti,3.1628350000000003,168,CHN,China,114282.62444000001
goods_two_way_supplemental_public_metric_check,AUS,Australia,2016,GUY,Guyana,3.114587,169,CHN,China,114282.62444000001
goods_two_way_supplemental_public_metric_check,AUS,Australia,2016,ARM,Armenia,2.7066809999999997,170,CHN,China,114282.62444000001
goods_two_way_supplemental_public_metric_check,AUS,Australia,2016,BEN,Benin,2.5846460000000002,171,CHN,China,114282.62444000001
goods_two_way_supplemental_public_metric_check,AUS,Australia,2016,TKM,Turkmenistan,2.58158,172,CHN,China,114282.62444000001
goods_two_way_supplemental_public_metric_check,AUS,Australia,2016,SUR,Suriname,2.341006,173,CHN,China,114282.62444000001
goods_two_way_supplemental_public_metric_check,AUS,Australia,2016,SHN,St. Helena,2.3348389999999997,174,CHN,China,114282.62444000001
goods_two_way_supplemental_public_metric_check,AUS,Australia,2016,WLF,Wallis & Futuna,2.28216,175,CHN,China,114282.62444000001
goods_two_way_supplemental_public_metric_check,AUS,Australia,2016,TUV,Tuvalu,1.844353,176,CHN,China,114282.62444000001
goods_two_way_supplemental_public_metric_check,AUS,Australia,2016,PLW,Palau,1.6791000000000003,177,CHN,China,114282.62444000001
goods_two_way_supplemental_public_metric_check,AUS,Australia,2016,MDA,Moldova,1.665156,178,CHN,China,114282.62444000001
goods_two_way_supplemental_public_metric_check,AUS,Australia,2016,SYR,Syria,1.5448610000000005,179,CHN,China,114282.62444000001
goods_two_way_supplemental_public_metric_check,AUS,Australia,2016,BLZ,Belize,1.4953019999999997,180,CHN,China,114282.62444000001
goods_two_way_supplemental_public_metric_check,AUS,Australia,2016,ATG,Antigua & Barbuda,1.474167,181,CHN,China,114282.62444000001
goods_two_way_supplemental_public_metric_check,AUS,Australia,2016,KGZ,Kyrgyzstan,1.437223,182,CHN,China,114282.62444000001
goods_two_way_supplemental_public_metric_check,AUS,Australia,2016,CUW,Curaçao,1.3805939999999999,183,CHN,China,114282.62444000001
goods_two_way_supplemental_public_metric_check,AUS,Australia,2016,ERI,Eritrea,1.257017,184,CHN,China,114282.62444000001
goods_two_way_supplemental_public_metric_check,AUS,Australia,2016,BMU,Bermuda,1.18232,185,CHN,China,114282.62444000001
goods_two_way_supplemental_public_metric_check,AUS,Australia,2016,CAF,Central African Republic,1.1724549999999998,186,CHN,China,114282.62444000001
goods_two_way_supplemental_public_metric_check,AUS,Australia,2016,LCA,St. Lucia,1.162665,187,CHN,China,114282.62444000001
goods_two_way_supplemental_public_metric_check,AUS,Australia,2016,TCD,Chad,1.1620970000000002,188,CHN,China,114282.62444000001
goods_two_way_supplemental_public_metric_check,AUS,Australia,2016,CYM,Cayman Islands,1.023657,189,CHN,China,114282.62444000001
goods_two_way_supplemental_public_metric_check,AUS,Australia,2016,BDI,Burundi,0.89168,190,CHN,China,114282.62444000001
goods_two_way_supplemental_public_metric_check,AUS,Australia,2016,LSO,Lesotho,0.865177,191,CHN,China,114282.62444000001
goods_two_way_supplemental_public_metric_check,AUS,Australia,2016,LBR,Liberia,0.8580909999999999,192,CHN,China,114282.62444000001
goods_two_way_supplemental_public_metric_check,AUS,Australia,2016,BTN,Bhutan,0.841846,193,CHN,China,114282.62444000001
goods_two_way_supplemental_public_metric_check,AUS,Australia,2016,SOM,Somalia,0.8172349999999999,194,CHN,China,114282.62444000001
goods_two_way_supplemental_public_metric_check,AUS,Australia,2016,VCT,St. Vincent & Grenadines,0.8113,195,CHN,China,114282.62444000001
goods_two_way_supplemental_public_metric_check,AUS,Australia,2016,KNA,St. Kitts & Nevis,0.682991,196,CHN,China,114282.62444000001
goods_two_way_supplemental_public_metric_check,AUS,Australia,2016,MNE,Montenegro,0.615003,197,CHN,China,114282.62444000001
goods_two_way_supplemental_public_metric_check,AUS,Australia,2016,DMA,Dominica,0.434707,198,CHN,China,114282.62444000001
goods_two_way_supplemental_public_metric_check,AUS,Australia,2016,CPV,Cape Verde,0.360626,199,CHN,China,114282.62444000001
goods_two_way_supplemental_public_metric_check,AUS,Australia,2016,GRL,Greenland,0.306583,200,CHN,China,114282.62444000001
goods_two_way_supplemental_public_metric_check,AUS,Australia,2016,GRD,Grenada,0.271575,201,CHN,China,114282.62444000001
goods_two_way_supplemental_public_metric_check,AUS,Australia,2016,TJK,Tajikistan,0.227804,202,CHN,China,114282.62444000001
goods_two_way_supplemental_public_metric_check,AUS,Australia,2016,GNB,Guinea-Bissau,0.22752,203,CHN,China,114282.62444000001
goods_two_way_supplemental_public_metric_check,AUS,Australia,2016,SSD,South Sudan,0.19970900000000003,204,CHN,China,114282.62444000001
goods_two_way_supplemental_public_metric_check,AUS,Australia,2016,NIU,Niue,0.173663,205,CHN,China,114282.62444000001
goods_two_way_supplemental_public_metric_check,AUS,Australia,2016,UZB,Uzbekistan,0.14579399999999998,206,CHN,China,114282.62444000001
goods_two_way_supplemental_public_metric_check,AUS,Australia,2016,AND,Andorra,0.138994,207,CHN,China,114282.62444000001
goods_two_way_supplemental_public_metric_check,AUS,Australia,2016,FLK,Falkland Islands,0.131309,208,CHN,China,114282.62444000001
goods_two_way_supplemental_public_metric_check,AUS,Australia,2016,STP,São Tomé & Príncipe,0.10868099999999999,209,CHN,China,114282.62444000001
goods_two_way_supplemental_public_metric_check,AUS,Australia,2016,PCN,Pitcairn Islands,0.06418,210,CHN,China,114282.62444000001
goods_two_way_supplemental_public_metric_check,AUS,Australia,2016,GMB,Gambia,0.045735000000000005,211,CHN,China,114282.62444000001
goods_two_way_supplemental_public_metric_check,AUS,Australia,2016,MSR,Montserrat,0.040169,212,CHN,China,114282.62444000001
goods_two_way_supplemental_public_metric_check,AUS,Australia,2016,GIB,Gibraltar,0.037435,213,CHN,China,114282.62444000001
goods_two_way_supplemental_public_metric_check,AUS,Australia,2016,UMI,United States Minor Outlying Islands (the),0.026258,214,CHN,China,114282.62444000001
goods_two_way_supplemental_public_metric_check,AUS,Australia,2016,SPM,St. Pierre & Miquelon,0.022168,215,CHN,China,114282.62444000001
goods_two_way_supplemental_public_metric_check,AUS,Australia,2016,TCA,Turks & Caicos Islands,0.01837,216,CHN,China,114282.62444000001
goods_two_way_supplemental_public_metric_check,AUS,Australia,2016,COM,Comoros,0.015544,217,CHN,China,114282.62444000001
goods_two_way_supplemental_public_metric_check,AUS,Australia,2016,IOT,British Indian Ocean Territory,0.009434,218,CHN,China,114282.62444000001
goods_two_way_supplemental_public_metric_check,AUS,Australia,2016,ESH,Western Sahara,0.007733,219,CHN,China,114282.62444000001
goods_two_way_supplemental_public_metric_check,AUS,Australia,2016,AIA,Anguilla,0.001135,220,CHN,China,114282.62444000001
goods_two_way_supplemental_public_metric_check,AUS,Australia,2017,CHN,China,144472.12055599998,1,CHN,China,144472.12055599998
goods_two_way_supplemental_public_metric_check,AUS,Australia,2017,JPN,Japan,55568.36581500001,2,CHN,China,144472.12055599998
goods_two_way_supplemental_public_metric_check,AUS,Australia,2017,KOR,South Korea,35189.686478,3,CHN,China,144472.12055599998
goods_two_way_supplemental_public_metric_check,AUS,Australia,2017,USA,United States,32856.655305,4,CHN,China,144472.12055599998
goods_two_way_supplemental_public_metric_check,AUS,Australia,2017,IND,India,18393.270986000003,5,CHN,China,144472.12055599998
goods_two_way_supplemental_public_metric_check,AUS,Australia,2017,THA,Thailand,15520.519754000004,6,CHN,China,144472.12055599998
goods_two_way_supplemental_public_metric_check,AUS,Australia,2017,DEU,Germany,13627.757179,7,CHN,China,144472.12055599998
goods_two_way_supplemental_public_metric_check,AUS,Australia,2017,MYS,Malaysia,13251.408105000002,8,CHN,China,144472.12055599998
goods_two_way_supplemental_public_metric_check,AUS,Australia,2017,TWN,Taiwan,11211.044044000004,9,CHN,China,144472.12055599998
goods_two_way_supplemental_public_metric_check,AUS,Australia,2017,NZL,New Zealand,10839.824027000002,10,CHN,China,144472.12055599998
goods_two_way_supplemental_public_metric_check,AUS,Australia,2017,SGP,Singapore,10481.358425000002,11,CHN,China,144472.12055599998
goods_two_way_supplemental_public_metric_check,AUS,Australia,2017,GBR,United Kingdom,10244.343424,12,CHN,China,144472.12055599998
goods_two_way_supplemental_public_metric_check,AUS,Australia,2017,HKG,Hong Kong,9669.142657,13,CHN,China,144472.12055599998
goods_two_way_supplemental_public_metric_check,AUS,Australia,2017,IDN,Indonesia,9320.976851000001,14,CHN,China,144472.12055599998
goods_two_way_supplemental_public_metric_check,AUS,Australia,2017,VNM,Vietnam,7186.1495220000015,15,CHN,China,144472.12055599998
goods_two_way_supplemental_public_metric_check,AUS,Australia,2017,ITA,Italy,5590.4237379999995,16,CHN,China,144472.12055599998
goods_two_way_supplemental_public_metric_check,AUS,Australia,2017,FRA,France,5103.716754000001,17,CHN,China,144472.12055599998
goods_two_way_supplemental_public_metric_check,AUS,Australia,2017,ARE,United Arab Emirates,4058.0607610000006,18,CHN,China,144472.12055599998
goods_two_way_supplemental_public_metric_check,AUS,Australia,2017,PNG,Papua New Guinea,3780.671743000001,19,CHN,China,144472.12055599998
goods_two_way_supplemental_public_metric_check,AUS,Australia,2017,CHE,Switzerland,3699.8754290000006,20,CHN,China,144472.12055599998
goods_two_way_supplemental_public_metric_check,AUS,Australia,2017,CAN,Canada,3162.1577079999997,21,CHN,China,144472.12055599998
goods_two_way_supplemental_public_metric_check,AUS,Australia,2017,NLD,Netherlands,2913.7400939999993,22,CHN,China,144472.12055599998
goods_two_way_supplemental_public_metric_check,AUS,Australia,2017,TUR,Turkey,2831.6126939999995,23,CHN,China,144472.12055599998
goods_two_way_supplemental_public_metric_check,AUS,Australia,2017,BEL,Belgium,2485.855337,24,CHN,China,144472.12055599998
goods_two_way_supplemental_public_metric_check,AUS,Australia,2017,ESP,Spain,2432.450296,25,CHN,China,144472.12055599998
goods_two_way_supplemental_public_metric_check,AUS,Australia,2017,MEX,Mexico,2424.494883,26,CHN,China,144472.12055599998
goods_two_way_supplemental_public_metric_check,AUS,Australia,2017,PHL,Philippines,2416.873698000001,27,CHN,China,144472.12055599998
goods_two_way_supplemental_public_metric_check,AUS,Australia,2017,SWE,Sweden,2092.7616,28,CHN,China,144472.12055599998
goods_two_way_supplemental_public_metric_check,AUS,Australia,2017,BRA,Brazil,2030.9953480000008,29,CHN,China,144472.12055599998
goods_two_way_supplemental_public_metric_check,AUS,Australia,2017,ZAF,South Africa,1879.6757899999993,30,CHN,China,144472.12055599998
goods_two_way_supplemental_public_metric_check,AUS,Australia,2017,BGD,Bangladesh,1655.298196,31,CHN,China,144472.12055599998
goods_two_way_supplemental_public_metric_check,AUS,Australia,2017,IRL,Ireland,1512.4820410000004,32,CHN,China,144472.12055599998
goods_two_way_supplemental_public_metric_check,AUS,Australia,2017,SAU,Saudi Arabia,1461.3151629999998,33,CHN,China,144472.12055599998
goods_two_way_supplemental_public_metric_check,AUS,Australia,2017,POL,Poland,1411.1417180000003,34,CHN,China,144472.12055599998
goods_two_way_supplemental_public_metric_check,AUS,Australia,2017,AUT,Austria,1405.592631,35,CHN,China,144472.12055599998
goods_two_way_supplemental_public_metric_check,AUS,Australia,2017,DNK,Denmark,1257.300698,36,CHN,China,144472.12055599998
goods_two_way_supplemental_public_metric_check,AUS,Australia,2017,ARG,Argentina,880.5409890000001,37,CHN,China,144472.12055599998
goods_two_way_supplemental_public_metric_check,AUS,Australia,2017,RUS,Russia,869.8157209999999,38,CHN,China,144472.12055599998
goods_two_way_supplemental_public_metric_check,AUS,Australia,2017,PAK,Pakistan,837.7009339999998,39,CHN,China,144472.12055599998
goods_two_way_supplemental_public_metric_check,AUS,Australia,2017,ISR,Israel,809.1425709999999,40,CHN,China,144472.12055599998
goods_two_way_supplemental_public_metric_check,AUS,Australia,2017,QAT,Qatar,784.2526310000003,41,CHN,China,144472.12055599998
goods_two_way_supplemental_public_metric_check,AUS,Australia,2017,FIN,Finland,745.18688399999985,42,CHN,China,144472.12055599998
goods_two_way_supplemental_public_metric_check,AUS,Australia,2017,CHL,Chile,708.0787660000001,43,CHN,China,144472.12055599998
goods_two_way_supplemental_public_metric_check,AUS,Australia,2017,CZE,Czechia,695.8381479999999,44,CHN,China,144472.12055599998
goods_two_way_supplemental_public_metric_check,AUS,Australia,2017,BHR,Bahrain,659.492912,45,CHN,China,144472.12055599998
goods_two_way_supplemental_public_metric_check,AUS,Australia,2017,NGA,Nigeria,581.2092630000002,46,CHN,China,144472.12055599998
goods_two_way_supplemental_public_metric_check,AUS,Australia,2017,KWT,Kuwait,567.759918,47,CHN,China,144472.12055599998
goods_two_way_supplemental_public_metric_check,AUS,Australia,2017,HUN,Hungary,557.2251679999999,48,CHN,China,144472.12055599998
goods_two_way_supplemental_public_metric_check,AUS,Australia,2017,FJI,Fiji,536.494616,49,CHN,China,144472.12055599998
goods_two_way_supplemental_public_metric_check,AUS,Australia,2017,GAB,Gabon,478.39572599999997,50,CHN,China,144472.12055599998
goods_two_way_supplemental_public_metric_check,AUS,Australia,2017,LKA,Sri Lanka,439.900505,51,CHN,China,144472.12055599998
goods_two_way_supplemental_public_metric_check,AUS,Australia,2017,EGY,Egypt,436.78126999999995,52,CHN,China,144472.12055599998
goods_two_way_supplemental_public_metric_check,AUS,Australia,2017,NOR,Norway,433.1640850000001,53,CHN,China,144472.12055599998
goods_two_way_supplemental_public_metric_check,AUS,Australia,2017,PER,Peru,421.71867799999984,54,CHN,China,144472.12055599998
goods_two_way_supplemental_public_metric_check,AUS,Australia,2017,DZA,Algeria,379.388265,55,CHN,China,144472.12055599998
goods_two_way_supplemental_public_metric_check,AUS,Australia,2017,NCL,New Caledonia,309.353783,56,CHN,China,144472.12055599998
goods_two_way_supplemental_public_metric_check,AUS,Australia,2017,OMN,Oman,305.66618500000004,57,CHN,China,144472.12055599998
goods_two_way_supplemental_public_metric_check,AUS,Australia,2017,SVK,Slovakia,273.41979200000003,58,CHN,China,144472.12055599998
goods_two_way_supplemental_public_metric_check,AUS,Australia,2017,BRN,Brunei,259.57958399999995,59,CHN,China,144472.12055599998
goods_two_way_supplemental_public_metric_check,AUS,Australia,2017,ISL,Iceland,258.74197000000004,60,CHN,China,144472.12055599998
goods_two_way_supplemental_public_metric_check,AUS,Australia,2017,COG,Congo - Brazzaville,255.29527,61,CHN,China,144472.12055599998
goods_two_way_supplemental_public_metric_check,AUS,Australia,2017,PRT,Portugal,237.2321819999999,62,CHN,China,144472.12055599998
goods_two_way_supplemental_public_metric_check,AUS,Australia,2017,YEM,Yemen,231.77969199999998,63,CHN,China,144472.12055599998
goods_two_way_supplemental_public_metric_check,AUS,Australia,2017,SVN,Slovenia,203.60877599999998,64,CHN,China,144472.12055599998
goods_two_way_supplemental_public_metric_check,AUS,Australia,2017,GRC,Greece,201.98866499999997,65,CHN,China,144472.12055599998
goods_two_way_supplemental_public_metric_check,AUS,Australia,2017,ROU,Romania,201.11453,66,CHN,China,144472.12055599998
goods_two_way_supplemental_public_metric_check,AUS,Australia,2017,MMR,Myanmar (Burma),193.49584799999988,67,CHN,China,144472.12055599998
goods_two_way_supplemental_public_metric_check,AUS,Australia,2017,IRN,Iran,183.966996,68,CHN,China,144472.12055599998
goods_two_way_supplemental_public_metric_check,AUS,Australia,2017,GHA,Ghana,167.84355399999998,69,CHN,China,144472.12055599998
goods_two_way_supplemental_public_metric_check,AUS,Australia,2017,UKR,Ukraine,161.22922,70,CHN,China,144472.12055599998
goods_two_way_supplemental_public_metric_check,AUS,Australia,2017,KHM,Cambodia,159.231626,71,CHN,China,144472.12055599998
goods_two_way_supplemental_public_metric_check,AUS,Australia,2017,BOL,Bolivia,156.13039500000005,72,CHN,China,144472.12055599998
goods_two_way_supplemental_public_metric_check,AUS,Australia,2017,JOR,Jordan,143.49281000000002,73,CHN,China,144472.12055599998
goods_two_way_supplemental_public_metric_check,AUS,Australia,2017,SLB,Solomon Islands,132.09198100000003,74,CHN,China,144472.12055599998
goods_two_way_supplemental_public_metric_check,AUS,Australia,2017,COL,Colombia,127.75405800000001,75,CHN,China,144472.12055599998
goods_two_way_supplemental_public_metric_check,AUS,Australia,2017,MAC,Macao,119.22060400000001,76,CHN,China,144472.12055599998
goods_two_way_supplemental_public_metric_check,AUS,Australia,2017,MUS,Mauritius,108.728714,77,CHN,China,144472.12055599998
goods_two_way_supplemental_public_metric_check,AUS,Australia,2017,CRI,Costa Rica,101.06962499999997,78,CHN,China,144472.12055599998
goods_two_way_supplemental_public_metric_check,AUS,Australia,2017,MAR,Morocco,92.76178699999997,79,CHN,China,144472.12055599998
goods_two_way_supplemental_public_metric_check,AUS,Australia,2017,EST,Estonia,89.71016400000002,80,CHN,China,144472.12055599998
goods_two_way_supplemental_public_metric_check,AUS,Australia,2017,PAN,Panama,76.50014999999999,81,CHN,China,144472.12055599998
goods_two_way_supplemental_public_metric_check,AUS,Australia,2017,KEN,Kenya,74.62731200000002,82,CHN,China,144472.12055599998
goods_two_way_supplemental_public_metric_check,AUS,Australia,2017,TZA,Tanzania,69.17139599999996,83,CHN,China,144472.12055599998
goods_two_way_supplemental_public_metric_check,AUS,Australia,2017,BGR,Bulgaria,67.78359299999998,84,CHN,China,144472.12055599998
goods_two_way_supplemental_public_metric_check,AUS,Australia,2017,IRQ,Iraq,66.97874900000001,85,CHN,China,144472.12055599998
goods_two_way_supplemental_public_metric_check,AUS,Australia,2017,DOM,Dominican Republic,64.988701,86,CHN,China,144472.12055599998
goods_two_way_supplemental_public_metric_check,AUS,Australia,2017,LBN,Lebanon,63.108337,87,CHN,China,144472.12055599998
goods_two_way_supplemental_public_metric_check,AUS,Australia,2017,LTU,Lithuania,60.197972000000014,88,CHN,China,144472.12055599998
goods_two_way_supplemental_public_metric_check,AUS,Australia,2017,WSM,Samoa,57.900904,89,CHN,China,144472.12055599998
goods_two_way_supplemental_public_metric_check,AUS,Australia,2017,NPL,Nepal,57.637711,90,CHN,China,144472.12055599998
goods_two_way_supplemental_public_metric_check,AUS,Australia,2017,BFA,Burkina Faso,53.163916999999984,91,CHN,China,144472.12055599998
goods_two_way_supplemental_public_metric_check,AUS,Australia,2017,ZMB,Zambia,52.523486,92,CHN,China,144472.12055599998
goods_two_way_supplemental_public_metric_check,AUS,Australia,2017,CIV,Côte d'Ivoire,51.18915700000001,93,CHN,China,144472.12055599998
goods_two_way_supplemental_public_metric_check,AUS,Australia,2017,COD,Congo - Kinshasa,49.60281199999999,94,CHN,China,144472.12055599998
goods_two_way_supplemental_public_metric_check,AUS,Australia,2017,PYF,French Polynesia,48.833552,95,CHN,China,144472.12055599998
goods_two_way_supplemental_public_metric_check,AUS,Australia,2017,VUT,Vanuatu,47.744756000000024,96,CHN,China,144472.12055599998
goods_two_way_supplemental_public_metric_check,AUS,Australia,2017,SEN,Senegal,46.973658,97,CHN,China,144472.12055599998
goods_two_way_supplemental_public_metric_check,AUS,Australia,2017,LBY,Libya,44.472750999999995,98,CHN,China,144472.12055599998
goods_two_way_supplemental_public_metric_check,AUS,Australia,2017,ECU,Ecuador,44.282959000000005,99,CHN,China,144472.12055599998
goods_two_way_supplemental_public_metric_check,AUS,Australia,2017,ETH,Ethiopia,43.685714000000004,100,CHN,China,144472.12055599998
goods_two_way_supplemental_public_metric_check,AUS,Australia,2017,MDV,Maldives,40.81107900000001,101,CHN,China,144472.12055599998
goods_two_way_supplemental_public_metric_check,AUS,Australia,2017,MNG,Mongolia,40.42148,102,CHN,China,144472.12055599998
goods_two_way_supplemental_public_metric_check,AUS,Australia,2017,MOZ,Mozambique,39.055765,103,CHN,China,144472.12055599998
goods_two_way_supplemental_public_metric_check,AUS,Australia,2017,TUN,Tunisia,34.986093999999994,104,CHN,China,144472.12055599998
goods_two_way_supplemental_public_metric_check,AUS,Australia,2017,MLI,Mali,33.793924000000004,105,CHN,China,144472.12055599998
goods_two_way_supplemental_public_metric_check,AUS,Australia,2017,TGO,Togo,33.277713999999996,106,CHN,China,144472.12055599998
goods_two_way_supplemental_public_metric_check,AUS,Australia,2017,HRV,Croatia,33.142706,107,CHN,China,144472.12055599998
goods_two_way_supplemental_public_metric_check,AUS,Australia,2017,HND,Honduras,32.556571999999996,108,CHN,China,144472.12055599998
goods_two_way_supplemental_public_metric_check,AUS,Australia,2017,AGO,Angola,32.251354,109,CHN,China,144472.12055599998
goods_two_way_supplemental_public_metric_check,AUS,Australia,2017,LUX,Luxembourg,31.882331,110,CHN,China,144472.12055599998
goods_two_way_supplemental_public_metric_check,AUS,Australia,2017,TTO,Trinidad & Tobago,31.512722000000004,111,CHN,China,144472.12055599998
goods_two_way_supplemental_public_metric_check,AUS,Australia,2017,NRU,Nauru,30.577605000000005,112,CHN,China,144472.12055599998
goods_two_way_supplemental_public_metric_check,AUS,Australia,2017,LAO,Laos,28.533537999999997,113,CHN,China,144472.12055599998
goods_two_way_supplemental_public_metric_check,AUS,Australia,2017,CYP,Cyprus,28.35383,114,CHN,China,144472.12055599998
goods_two_way_supplemental_public_metric_check,AUS,Australia,2017,SRB,Serbia,27.847099000000004,115,CHN,China,144472.12055599998
goods_two_way_supplemental_public_metric_check,AUS,Australia,2017,SLV,El Salvador,27.020491000000003,116,CHN,China,144472.12055599998
goods_two_way_supplemental_public_metric_check,AUS,Australia,2017,NIC,Nicaragua,26.36277,117,CHN,China,144472.12055599998
goods_two_way_supplemental_public_metric_check,AUS,Australia,2017,KAZ,Kazakhstan,24.958935,118,CHN,China,144472.12055599998
goods_two_way_supplemental_public_metric_check,AUS,Australia,2017,MDG,Madagascar,24.730954,119,CHN,China,144472.12055599998
goods_two_way_supplemental_public_metric_check,AUS,Australia,2017,SYC,Seychelles,23.533394999999995,120,CHN,China,144472.12055599998
goods_two_way_supplemental_public_metric_check,AUS,Australia,2017,URY,Uruguay,23.26055,121,CHN,China,144472.12055599998
goods_two_way_supplemental_public_metric_check,AUS,Australia,2017,KIR,Kiribati,22.366670000000003,122,CHN,China,144472.12055599998
goods_two_way_supplemental_public_metric_check,AUS,Australia,2017,GNQ,Equatorial Guinea,22.000019,123,CHN,China,144472.12055599998
goods_two_way_supplemental_public_metric_check,AUS,Australia,2017,NAM,Namibia,21.737427000000004,124,CHN,China,144472.12055599998
goods_two_way_supplemental_public_metric_check,AUS,Australia,2017,LVA,Latvia,21.109597000000004,125,CHN,China,144472.12055599998
goods_two_way_supplemental_public_metric_check,AUS,Australia,2017,MLT,Malta,20.695814,126,CHN,China,144472.12055599998
goods_two_way_supplemental_public_metric_check,AUS,Australia,2017,CUW,Curaçao,20.566266000000002,127,CHN,China,144472.12055599998
goods_two_way_supplemental_public_metric_check,AUS,Australia,2017,CXR,Christmas Island,20.343013000000013,128,CHN,China,144472.12055599998
goods_two_way_supplemental_public_metric_check,AUS,Australia,2017,GTM,Guatemala,20.330044,129,CHN,China,144472.12055599998
goods_two_way_supplemental_public_metric_check,AUS,Australia,2017,BIH,Bosnia & Herzegovina,19.993371999999997,130,CHN,China,144472.12055599998
goods_two_way_supplemental_public_metric_check,AUS,Australia,2017,TLS,Timor-Leste,18.822144999999995,131,CHN,China,144472.12055599998
goods_two_way_supplemental_public_metric_check,AUS,Australia,2017,UGA,Uganda,18.288241999999997,132,CHN,China,144472.12055599998
goods_two_way_supplemental_public_metric_check,AUS,Australia,2017,ASM,American Samoa,16.753176999999997,133,CHN,China,144472.12055599998
goods_two_way_supplemental_public_metric_check,AUS,Australia,2017,SLE,Sierra Leone,15.95588,134,CHN,China,144472.12055599998
goods_two_way_supplemental_public_metric_check,AUS,Australia,2017,MWI,Malawi,15.721422,135,CHN,China,144472.12055599998
goods_two_way_supplemental_public_metric_check,AUS,Australia,2017,JAM,Jamaica,15.654061000000002,136,CHN,China,144472.12055599998
goods_two_way_supplemental_public_metric_check,AUS,Australia,2017,CYM,Cayman Islands,14.967493,137,CHN,China,144472.12055599998
goods_two_way_supplemental_public_metric_check,AUS,Australia,2017,SDN,Sudan,13.625659,138,CHN,China,144472.12055599998
goods_two_way_supplemental_public_metric_check,AUS,Australia,2017,TON,Tonga,12.279380999999995,139,CHN,China,144472.12055599998
goods_two_way_supplemental_public_metric_check,AUS,Australia,2017,CUB,Cuba,11.588177,140,CHN,China,144472.12055599998
goods_two_way_supplemental_public_metric_check,AUS,Australia,2017,BWA,Botswana,10.757116,141,CHN,China,144472.12055599998
goods_two_way_supplemental_public_metric_check,AUS,Australia,2017,GEO,Georgia,10.190259000000001,142,CHN,China,144472.12055599998
goods_two_way_supplemental_public_metric_check,AUS,Australia,2017,BHS,Bahamas,9.939512,143,CHN,China,144472.12055599998
goods_two_way_supplemental_public_metric_check,AUS,Australia,2017,MKD,North Macedonia,9.844633000000002,144,CHN,China,144472.12055599998
goods_two_way_supplemental_public_metric_check,AUS,Australia,2017,MRT,Mauritania,8.903217000000001,145,CHN,China,144472.12055599998
goods_two_way_supplemental_public_metric_check,AUS,Australia,2017,BLR,Belarus,8.759212999999999,146,CHN,China,144472.12055599998
goods_two_way_supplemental_public_metric_check,AUS,Australia,2017,AFG,Afghanistan,8.700949,147,CHN,China,144472.12055599998
goods_two_way_supplemental_public_metric_check,AUS,Australia,2017,CMR,Cameroon,7.454519000000001,148,CHN,China,144472.12055599998
goods_two_way_supplemental_public_metric_check,AUS,Australia,2017,PSE,Palestine,6.7701590000000005,149,CHN,China,144472.12055599998
goods_two_way_supplemental_public_metric_check,AUS,Australia,2017,GUM,Guam,6.499022000000001,150,CHN,China,144472.12055599998
goods_two_way_supplemental_public_metric_check,AUS,Australia,2017,PRY,Paraguay,5.865266,151,CHN,China,144472.12055599998
goods_two_way_supplemental_public_metric_check,AUS,Australia,2017,COK,Cook Islands,5.847443000000001,152,CHN,China,144472.12055599998
goods_two_way_supplemental_public_metric_check,AUS,Australia,2017,GIN,Guinea,5.74685,153,CHN,China,144472.12055599998
goods_two_way_supplemental_public_metric_check,AUS,Australia,2017,ATA,Antarctica,5.70481,154,CHN,China,144472.12055599998
goods_two_way_supplemental_public_metric_check,AUS,Australia,2017,KGZ,Kyrgyzstan,5.5113080000000005,155,CHN,China,144472.12055599998
goods_two_way_supplemental_public_metric_check,AUS,Australia,2017,VGB,British Virgin Islands,5.356393,156,CHN,China,144472.12055599998
goods_two_way_supplemental_public_metric_check,AUS,Australia,2017,SWZ,Eswatini,5.2347719999999995,157,CHN,China,144472.12055599998
goods_two_way_supplemental_public_metric_check,AUS,Australia,2017,NFK,Norfolk Island,5.171298,158,CHN,China,144472.12055599998
goods_two_way_supplemental_public_metric_check,AUS,Australia,2017,ALB,Albania,4.988679,159,CHN,China,144472.12055599998
goods_two_way_supplemental_public_metric_check,AUS,Australia,2017,AZE,Azerbaijan,4.906093,160,CHN,China,144472.12055599998
goods_two_way_supplemental_public_metric_check,AUS,Australia,2017,ARM,Armenia,4.8627720000000005,161,CHN,China,144472.12055599998
goods_two_way_supplemental_public_metric_check,AUS,Australia,2017,CCK,Cocos (Keeling) Islands,4.856675000000003,162,CHN,China,144472.12055599998
goods_two_way_supplemental_public_metric_check,AUS,Australia,2017,GUY,Guyana,4.822379,163,CHN,China,144472.12055599998
goods_two_way_supplemental_public_metric_check,AUS,Australia,2017,DJI,Djibouti,4.638589,164,CHN,China,144472.12055599998
goods_two_way_supplemental_public_metric_check,AUS,Australia,2017,BRB,Barbados,3.8921919999999997,165,CHN,China,144472.12055599998
goods_two_way_supplemental_public_metric_check,AUS,Australia,2017,ATG,Antigua & Barbuda,3.6172670000000005,166,CHN,China,144472.12055599998
goods_two_way_supplemental_public_metric_check,AUS,Australia,2017,SUR,Suriname,3.358891,167,CHN,China,144472.12055599998
goods_two_way_supplemental_public_metric_check,AUS,Australia,2017,NER,Niger,3.0173320000000006,168,CHN,China,144472.12055599998
goods_two_way_supplemental_public_metric_check,AUS,Australia,2017,FSM,Micronesia (Federated States of),2.9485709999999994,169,CHN,China,144472.12055599998
goods_two_way_supplemental_public_metric_check,AUS,Australia,2017,BEN,Benin,2.902989,170,CHN,China,144472.12055599998
goods_two_way_supplemental_public_metric_check,AUS,Australia,2017,RWA,Rwanda,2.7734159999999997,171,CHN,China,144472.12055599998
goods_two_way_supplemental_public_metric_check,AUS,Australia,2017,WLF,Wallis & Futuna,2.750608,172,CHN,China,144472.12055599998
goods_two_way_supplemental_public_metric_check,AUS,Australia,2017,PLW,Palau,2.6607450000000004,173,CHN,China,144472.12055599998
goods_two_way_supplemental_public_metric_check,AUS,Australia,2017,TKM,Turkmenistan,2.5920520000000002,174,CHN,China,144472.12055599998
goods_two_way_supplemental_public_metric_check,AUS,Australia,2017,MDA,Moldova,2.512952,175,CHN,China,144472.12055599998
goods_two_way_supplemental_public_metric_check,AUS,Australia,2017,HTI,Haiti,2.20758,176,CHN,China,144472.12055599998
goods_two_way_supplemental_public_metric_check,AUS,Australia,2017,MHL,Marshall Islands,2.1844629999999996,177,CHN,China,144472.12055599998
goods_two_way_supplemental_public_metric_check,AUS,Australia,2017,TUV,Tuvalu,2.046584,178,CHN,China,144472.12055599998
goods_two_way_supplemental_public_metric_check,AUS,Australia,2017,VEN,Venezuela,2.03965,179,CHN,China,144472.12055599998
goods_two_way_supplemental_public_metric_check,AUS,Australia,2017,ZWE,Zimbabwe,1.9660450000000003,180,CHN,China,144472.12055599998
goods_two_way_supplemental_public_metric_check,AUS,Australia,2017,ERI,Eritrea,1.834479,181,CHN,China,144472.12055599998
goods_two_way_supplemental_public_metric_check,AUS,Australia,2017,SHN,St. Helena,1.7354640000000001,182,CHN,China,144472.12055599998
goods_two_way_supplemental_public_metric_check,AUS,Australia,2017,SYR,Syria,1.478608,183,CHN,China,144472.12055599998
goods_two_way_supplemental_public_metric_check,AUS,Australia,2017,BLZ,Belize,1.4504159999999995,184,CHN,China,144472.12055599998
goods_two_way_supplemental_public_metric_check,AUS,Australia,2017,MNP,Northern Mariana Islands,1.4141359999999996,185,CHN,China,144472.12055599998
goods_two_way_supplemental_public_metric_check,AUS,Australia,2017,LCA,St. Lucia,1.246148,186,CHN,China,144472.12055599998
goods_two_way_supplemental_public_metric_check,AUS,Australia,2017,LBR,Liberia,1.213098,187,CHN,China,144472.12055599998
goods_two_way_supplemental_public_metric_check,AUS,Australia,2017,BTN,Bhutan,1.179389,188,CHN,China,144472.12055599998
goods_two_way_supplemental_public_metric_check,AUS,Australia,2017,SOM,Somalia,1.155608,189,CHN,China,144472.12055599998
goods_two_way_supplemental_public_metric_check,AUS,Australia,2017,VCT,St. Vincent & Grenadines,1.152883,190,CHN,China,144472.12055599998
goods_two_way_supplemental_public_metric_check,AUS,Australia,2017,BMU,Bermuda,1.0221909999999998,191,CHN,China,144472.12055599998
goods_two_way_supplemental_public_metric_check,AUS,Australia,2017,GRD,Grenada,0.971012,192,CHN,China,144472.12055599998
goods_two_way_supplemental_public_metric_check,AUS,Australia,2017,MNE,Montenegro,0.955657,193,CHN,China,144472.12055599998
goods_two_way_supplemental_public_metric_check,AUS,Australia,2017,LSO,Lesotho,0.8337039999999999,194,CHN,China,144472.12055599998
goods_two_way_supplemental_public_metric_check,AUS,Australia,2017,KNA,St. Kitts & Nevis,0.7645239999999999,195,CHN,China,144472.12055599998
goods_two_way_supplemental_public_metric_check,AUS,Australia,2017,UZB,Uzbekistan,0.7222440000000001,196,CHN,China,144472.12055599998
goods_two_way_supplemental_public_metric_check,AUS,Australia,2017,TJK,Tajikistan,0.681619,197,CHN,China,144472.12055599998
goods_two_way_supplemental_public_metric_check,AUS,Australia,2017,CAF,Central African Republic,0.5218430000000001,198,CHN,China,144472.12055599998
goods_two_way_supplemental_public_metric_check,AUS,Australia,2017,GRL,Greenland,0.384277,199,CHN,China,144472.12055599998
goods_two_way_supplemental_public_metric_check,AUS,Australia,2017,BDI,Burundi,0.37987099999999996,200,CHN,China,144472.12055599998
goods_two_way_supplemental_public_metric_check,AUS,Australia,2017,CPV,Cape Verde,0.273608,201,CHN,China,144472.12055599998
goods_two_way_supplemental_public_metric_check,AUS,Australia,2017,STP,São Tomé & Príncipe,0.263309,202,CHN,China,144472.12055599998
goods_two_way_supplemental_public_metric_check,AUS,Australia,2017,AIA,Anguilla,0.20892600000000003,203,CHN,China,144472.12055599998
goods_two_way_supplemental_public_metric_check,AUS,Australia,2017,SSD,South Sudan,0.188808,204,CHN,China,144472.12055599998
goods_two_way_supplemental_public_metric_check,AUS,Australia,2017,FLK,Falkland Islands,0.188308,205,CHN,China,144472.12055599998
goods_two_way_supplemental_public_metric_check,AUS,Australia,2017,AND,Andorra,0.151244,206,CHN,China,144472.12055599998
goods_two_way_supplemental_public_metric_check,AUS,Australia,2017,DMA,Dominica,0.14232499999999998,207,CHN,China,144472.12055599998
goods_two_way_supplemental_public_metric_check,AUS,Australia,2017,TCD,Chad,0.11937799999999998,208,CHN,China,144472.12055599998
goods_two_way_supplemental_public_metric_check,AUS,Australia,2017,NIU,Niue,0.111868,209,CHN,China,144472.12055599998
goods_two_way_supplemental_public_metric_check,AUS,Australia,2017,GIB,Gibraltar,0.100451,210,CHN,China,144472.12055599998
goods_two_way_supplemental_public_metric_check,AUS,Australia,2017,TCA,Turks & Caicos Islands,0.09128800000000001,211,CHN,China,144472.12055599998
goods_two_way_supplemental_public_metric_check,AUS,Australia,2017,PCN,Pitcairn Islands,0.051639,212,CHN,China,144472.12055599998
goods_two_way_supplemental_public_metric_check,AUS,Australia,2017,GMB,Gambia,0.04866100000000001,213,CHN,China,144472.12055599998
goods_two_way_supplemental_public_metric_check,AUS,Australia,2017,MSR,Montserrat,0.047821,214,CHN,China,144472.12055599998
goods_two_way_supplemental_public_metric_check,AUS,Australia,2017,COM,Comoros,0.031225000000000003,215,CHN,China,144472.12055599998
goods_two_way_supplemental_public_metric_check,AUS,Australia,2017,GNB,Guinea-Bissau,0.012509,216,CHN,China,144472.12055599998
goods_two_way_supplemental_public_metric_check,AUS,Australia,2017,ATF,French Southern Territories,0.011486,217,CHN,China,144472.12055599998
goods_two_way_supplemental_public_metric_check,AUS,Australia,2017,SPM,St. Pierre & Miquelon,0.00116,218,CHN,China,144472.12055599998
goods_two_way_supplemental_public_metric_check,AUS,Australia,2018,CHN,China,162673.35797900002,1,CHN,China,162673.35797900002
goods_two_way_supplemental_public_metric_check,AUS,Australia,2018,JPN,Japan,63238.599507,2,CHN,China,162673.35797900002
goods_two_way_supplemental_public_metric_check,AUS,Australia,2018,USA,United States,33845.69171499999,3,CHN,China,162673.35797900002
goods_two_way_supplemental_public_metric_check,AUS,Australia,2018,KOR,South Korea,30700.491844,4,CHN,China,162673.35797900002
goods_two_way_supplemental_public_metric_check,AUS,Australia,2018,IND,India,18323.431749000003,5,CHN,China,162673.35797900002
goods_two_way_supplemental_public_metric_check,AUS,Australia,2018,THA,Thailand,17251.965891000003,6,CHN,China,162673.35797900002
goods_two_way_supplemental_public_metric_check,AUS,Australia,2018,MYS,Malaysia,15156.139960999997,7,CHN,China,162673.35797900002
goods_two_way_supplemental_public_metric_check,AUS,Australia,2018,DEU,Germany,14192.539358000002,8,CHN,China,162673.35797900002
goods_two_way_supplemental_public_metric_check,AUS,Australia,2018,SGP,Singapore,14154.98906,9,CHN,China,162673.35797900002
goods_two_way_supplemental_public_metric_check,AUS,Australia,2018,TWN,Taiwan,12819.142476,10,CHN,China,162673.35797900002
goods_two_way_supplemental_public_metric_check,AUS,Australia,2018,NZL,New Zealand,10951.820307999998,11,CHN,China,162673.35797900002
goods_two_way_supplemental_public_metric_check,AUS,Australia,2018,IDN,Indonesia,9583.839156999999,12,CHN,China,162673.35797900002
goods_two_way_supplemental_public_metric_check,AUS,Australia,2018,GBR,United Kingdom,9221.781732,13,CHN,China,162673.35797900002
goods_two_way_supplemental_public_metric_check,AUS,Australia,2018,VNM,Vietnam,8456.7927780000009,14,CHN,China,162673.35797900002
goods_two_way_supplemental_public_metric_check,AUS,Australia,2018,HKG,Hong Kong,8030.993566000001,15,CHN,China,162673.35797900002
goods_two_way_supplemental_public_metric_check,AUS,Australia,2018,ITA,Italy,6123.262556,16,CHN,China,162673.35797900002
goods_two_way_supplemental_public_metric_check,AUS,Australia,2018,FRA,France,5337.789876000001,17,CHN,China,162673.35797900002
goods_two_way_supplemental_public_metric_check,AUS,Australia,2018,ARE,United Arab Emirates,5000.950013,18,CHN,China,162673.35797900002
goods_two_way_supplemental_public_metric_check,AUS,Australia,2018,PNG,Papua New Guinea,4091.1897690000005,19,CHN,China,162673.35797900002
goods_two_way_supplemental_public_metric_check,AUS,Australia,2018,CHE,Switzerland,3876.3726420000003,20,CHN,China,162673.35797900002
goods_two_way_supplemental_public_metric_check,AUS,Australia,2018,NLD,Netherlands,3762.9311170000005,21,CHN,China,162673.35797900002
goods_two_way_supplemental_public_metric_check,AUS,Australia,2018,CAN,Canada,3310.876737,22,CHN,China,162673.35797900002
goods_two_way_supplemental_public_metric_check,AUS,Australia,2018,ESP,Spain,2751.529334,23,CHN,China,162673.35797900002
goods_two_way_supplemental_public_metric_check,AUS,Australia,2018,MEX,Mexico,2583.8608459999996,24,CHN,China,162673.35797900002
goods_two_way_supplemental_public_metric_check,AUS,Australia,2018,BEL,Belgium,2468.290984,25,CHN,China,162673.35797900002
goods_two_way_supplemental_public_metric_check,AUS,Australia,2018,SWE,Sweden,2408.5781690000003,26,CHN,China,162673.35797900002
goods_two_way_supplemental_public_metric_check,AUS,Australia,2018,ZAF,South Africa,2220.5061989999995,27,CHN,China,162673.35797900002
goods_two_way_supplemental_public_metric_check,AUS,Australia,2018,PHL,Philippines,2101.394556,28,CHN,China,162673.35797900002
goods_two_way_supplemental_public_metric_check,AUS,Australia,2018,BRA,Brazil,1842.7372059999998,29,CHN,China,162673.35797900002
goods_two_way_supplemental_public_metric_check,AUS,Australia,2018,TUR,Turkey,1785.9822550000004,30,CHN,China,162673.35797900002
goods_two_way_supplemental_public_metric_check,AUS,Australia,2018,AUT,Austria,1619.583469,31,CHN,China,162673.35797900002
goods_two_way_supplemental_public_metric_check,AUS,Australia,2018,IRL,Ireland,1603.988866,32,CHN,China,162673.35797900002
goods_two_way_supplemental_public_metric_check,AUS,Australia,2018,BGD,Bangladesh,1460.250367,33,CHN,China,162673.35797900002
goods_two_way_supplemental_public_metric_check,AUS,Australia,2018,POL,Poland,1286.09792,34,CHN,China,162673.35797900002
goods_two_way_supplemental_public_metric_check,AUS,Australia,2018,DNK,Denmark,1164.493762,35,CHN,China,162673.35797900002
goods_two_way_supplemental_public_metric_check,AUS,Australia,2018,SAU,Saudi Arabia,1104.520388,36,CHN,China,162673.35797900002
goods_two_way_supplemental_public_metric_check,AUS,Australia,2018,QAT,Qatar,1060.952142,37,CHN,China,162673.35797900002
goods_two_way_supplemental_public_metric_check,AUS,Australia,2018,BHR,Bahrain,1022.3007429999999,38,CHN,China,162673.35797900002
goods_two_way_supplemental_public_metric_check,AUS,Australia,2018,FIN,Finland,960.735085,39,CHN,China,162673.35797900002
goods_two_way_supplemental_public_metric_check,AUS,Australia,2018,ARG,Argentina,944.3439989999999,40,CHN,China,162673.35797900002
goods_two_way_supplemental_public_metric_check,AUS,Australia,2018,RUS,Russia,848.927828,41,CHN,China,162673.35797900002
goods_two_way_supplemental_public_metric_check,AUS,Australia,2018,ISR,Israel,828.925414,42,CHN,China,162673.35797900002
goods_two_way_supplemental_public_metric_check,AUS,Australia,2018,CZE,Czechia,740.0173800000002,43,CHN,China,162673.35797900002
goods_two_way_supplemental_public_metric_check,AUS,Australia,2018,PAK,Pakistan,638.8415999999999,44,CHN,China,162673.35797900002
goods_two_way_supplemental_public_metric_check,AUS,Australia,2018,BRN,Brunei,631.873272,45,CHN,China,162673.35797900002
goods_two_way_supplemental_public_metric_check,AUS,Australia,2018,CHL,Chile,624.1988119999999,46,CHN,China,162673.35797900002
goods_two_way_supplemental_public_metric_check,AUS,Australia,2018,NGA,Nigeria,594.244505,47,CHN,China,162673.35797900002
goods_two_way_supplemental_public_metric_check,AUS,Australia,2018,DZA,Algeria,571.532781,48,CHN,China,162673.35797900002
goods_two_way_supplemental_public_metric_check,AUS,Australia,2018,LBY,Libya,569.873816,49,CHN,China,162673.35797900002
goods_two_way_supplemental_public_metric_check,AUS,Australia,2018,NOR,Norway,559.7536240000001,50,CHN,China,162673.35797900002
goods_two_way_supplemental_public_metric_check,AUS,Australia,2018,FJI,Fiji,558.9116590000001,51,CHN,China,162673.35797900002
goods_two_way_supplemental_public_metric_check,AUS,Australia,2018,HUN,Hungary,535.0280249999998,52,CHN,China,162673.35797900002
goods_two_way_supplemental_public_metric_check,AUS,Australia,2018,EGY,Egypt,511.297733,53,CHN,China,162673.35797900002
goods_two_way_supplemental_public_metric_check,AUS,Australia,2018,COG,Congo - Brazzaville,404.70124599999997,54,CHN,China,162673.35797900002
goods_two_way_supplemental_public_metric_check,AUS,Australia,2018,KWT,Kuwait,404.387278,55,CHN,China,162673.35797900002
goods_two_way_supplemental_public_metric_check,AUS,Australia,2018,LKA,Sri Lanka,391.8839999999999,56,CHN,China,162673.35797900002
goods_two_way_supplemental_public_metric_check,AUS,Australia,2018,GAB,Gabon,370.158398,57,CHN,China,162673.35797900002
goods_two_way_supplemental_public_metric_check,AUS,Australia,2018,PER,Peru,366.50807,58,CHN,China,162673.35797900002
goods_two_way_supplemental_public_metric_check,AUS,Australia,2018,ISL,Iceland,365.86820299999994,59,CHN,China,162673.35797900002
goods_two_way_supplemental_public_metric_check,AUS,Australia,2018,NCL,New Caledonia,342.9248000000001,60,CHN,China,162673.35797900002
goods_two_way_supplemental_public_metric_check,AUS,Australia,2018,OMN,Oman,295.60081099999996,61,CHN,China,162673.35797900002
goods_two_way_supplemental_public_metric_check,AUS,Australia,2018,PRT,Portugal,265.90213900000003,62,CHN,China,162673.35797900002
goods_two_way_supplemental_public_metric_check,AUS,Australia,2018,GRC,Greece,227.62989499999992,63,CHN,China,162673.35797900002
goods_two_way_supplemental_public_metric_check,AUS,Australia,2018,SVK,Slovakia,206.63271799999998,64,CHN,China,162673.35797900002
goods_two_way_supplemental_public_metric_check,AUS,Australia,2018,IRQ,Iraq,204.777274,65,CHN,China,162673.35797900002
goods_two_way_supplemental_public_metric_check,AUS,Australia,2018,ROU,Romania,204.36061899999999,66,CHN,China,162673.35797900002
goods_two_way_supplemental_public_metric_check,AUS,Australia,2018,IRN,Iran,194.59207199999992,67,CHN,China,162673.35797900002
goods_two_way_supplemental_public_metric_check,AUS,Australia,2018,KHM,Cambodia,187.13038300000002,68,CHN,China,162673.35797900002
goods_two_way_supplemental_public_metric_check,AUS,Australia,2018,MMR,Myanmar (Burma),165.51294400000006,69,CHN,China,162673.35797900002
goods_two_way_supplemental_public_metric_check,AUS,Australia,2018,JOR,Jordan,160.52674199999998,70,CHN,China,162673.35797900002
goods_two_way_supplemental_public_metric_check,AUS,Australia,2018,MAC,Macao,146.896664,71,CHN,China,162673.35797900002
goods_two_way_supplemental_public_metric_check,AUS,Australia,2018,EST,Estonia,146.462281,72,CHN,China,162673.35797900002
goods_two_way_supplemental_public_metric_check,AUS,Australia,2018,SVN,Slovenia,143.080236,73,CHN,China,162673.35797900002
goods_two_way_supplemental_public_metric_check,AUS,Australia,2018,PAN,Panama,132.575539,74,CHN,China,162673.35797900002
goods_two_way_supplemental_public_metric_check,AUS,Australia,2018,SLB,Solomon Islands,132.11129799999998,75,CHN,China,162673.35797900002
goods_two_way_supplemental_public_metric_check,AUS,Australia,2018,COL,Colombia,125.69780599999999,76,CHN,China,162673.35797900002
goods_two_way_supplemental_public_metric_check,AUS,Australia,2018,BGR,Bulgaria,125.07698300000001,77,CHN,China,162673.35797900002
goods_two_way_supplemental_public_metric_check,AUS,Australia,2018,MUS,Mauritius,124.03660299999999,78,CHN,China,162673.35797900002
goods_two_way_supplemental_public_metric_check,AUS,Australia,2018,YEM,Yemen,115.52314400000002,79,CHN,China,162673.35797900002
goods_two_way_supplemental_public_metric_check,AUS,Australia,2018,UKR,Ukraine,108.24483299999997,80,CHN,China,162673.35797900002
goods_two_way_supplemental_public_metric_check,AUS,Australia,2018,CRI,Costa Rica,105.25079399999997,81,CHN,China,162673.35797900002
goods_two_way_supplemental_public_metric_check,AUS,Australia,2018,GHA,Ghana,99.283411,82,CHN,China,162673.35797900002
goods_two_way_supplemental_public_metric_check,AUS,Australia,2018,LTU,Lithuania,97.57564900000001,83,CHN,China,162673.35797900002
goods_two_way_supplemental_public_metric_check,AUS,Australia,2018,KEN,Kenya,94.646116,84,CHN,China,162673.35797900002
goods_two_way_supplemental_public_metric_check,AUS,Australia,2018,NPL,Nepal,78.52179100000001,85,CHN,China,162673.35797900002
goods_two_way_supplemental_public_metric_check,AUS,Australia,2018,TZA,Tanzania,73.037174,86,CHN,China,162673.35797900002
goods_two_way_supplemental_public_metric_check,AUS,Australia,2018,ZMB,Zambia,63.798738,87,CHN,China,162673.35797900002
goods_two_way_supplemental_public_metric_check,AUS,Australia,2018,HND,Honduras,62.30970900000001,88,CHN,China,162673.35797900002
goods_two_way_supplemental_public_metric_check,AUS,Australia,2018,AZE,Azerbaijan,61.99062299999999,89,CHN,China,162673.35797900002
goods_two_way_supplemental_public_metric_check,AUS,Australia,2018,MAR,Morocco,60.915327999999974,90,CHN,China,162673.35797900002
goods_two_way_supplemental_public_metric_check,AUS,Australia,2018,PYF,French Polynesia,58.20936000000001,91,CHN,China,162673.35797900002
goods_two_way_supplemental_public_metric_check,AUS,Australia,2018,CIV,Côte d'Ivoire,58.153666,92,CHN,China,162673.35797900002
goods_two_way_supplemental_public_metric_check,AUS,Australia,2018,LVA,Latvia,57.819444,93,CHN,China,162673.35797900002
goods_two_way_supplemental_public_metric_check,AUS,Australia,2018,NAM,Namibia,57.482537000000015,94,CHN,China,162673.35797900002
goods_two_way_supplemental_public_metric_check,AUS,Australia,2018,LBN,Lebanon,55.06517400000001,95,CHN,China,162673.35797900002
goods_two_way_supplemental_public_metric_check,AUS,Australia,2018,VUT,Vanuatu,54.02192400000001,96,CHN,China,162673.35797900002
goods_two_way_supplemental_public_metric_check,AUS,Australia,2018,BFA,Burkina Faso,53.185983000000014,97,CHN,China,162673.35797900002
goods_two_way_supplemental_public_metric_check,AUS,Australia,2018,DOM,Dominican Republic,52.88224900000001,98,CHN,China,162673.35797900002
goods_two_way_supplemental_public_metric_check,AUS,Australia,2018,MNG,Mongolia,51.64449200000001,99,CHN,China,162673.35797900002
goods_two_way_supplemental_public_metric_check,AUS,Australia,2018,AGO,Angola,51.458119999999994,100,CHN,China,162673.35797900002
goods_two_way_supplemental_public_metric_check,AUS,Australia,2018,LAO,Laos,50.936874,101,CHN,China,162673.35797900002
goods_two_way_supplemental_public_metric_check,AUS,Australia,2018,COD,Congo - Kinshasa,49.25489899999999,102,CHN,China,162673.35797900002
goods_two_way_supplemental_public_metric_check,AUS,Australia,2018,MDV,Maldives,45.253604,103,CHN,China,162673.35797900002
goods_two_way_supplemental_public_metric_check,AUS,Australia,2018,WSM,Samoa,44.428569,104,CHN,China,162673.35797900002
goods_two_way_supplemental_public_metric_check,AUS,Australia,2018,ECU,Ecuador,42.792673,105,CHN,China,162673.35797900002
goods_two_way_supplemental_public_metric_check,AUS,Australia,2018,MLI,Mali,39.717274,106,CHN,China,162673.35797900002
goods_two_way_supplemental_public_metric_check,AUS,Australia,2018,TUN,Tunisia,37.601760000000006,107,CHN,China,162673.35797900002
goods_two_way_supplemental_public_metric_check,AUS,Australia,2018,MDG,Madagascar,36.110272,108,CHN,China,162673.35797900002
goods_two_way_supplemental_public_metric_check,AUS,Australia,2018,TTO,Trinidad & Tobago,35.660101999999995,109,CHN,China,162673.35797900002
goods_two_way_supplemental_public_metric_check,AUS,Australia,2018,HRV,Croatia,34.264973,110,CHN,China,162673.35797900002
goods_two_way_supplemental_public_metric_check,AUS,Australia,2018,KAZ,Kazakhstan,33.09901100000001,111,CHN,China,162673.35797900002
goods_two_way_supplemental_public_metric_check,AUS,Australia,2018,SLV,El Salvador,32.216077,112,CHN,China,162673.35797900002
goods_two_way_supplemental_public_metric_check,AUS,Australia,2018,CYP,Cyprus,30.684015000000006,113,CHN,China,162673.35797900002
goods_two_way_supplemental_public_metric_check,AUS,Australia,2018,NRU,Nauru,29.776742,114,CHN,China,162673.35797900002
goods_two_way_supplemental_public_metric_check,AUS,Australia,2018,SRB,Serbia,29.272325999999996,115,CHN,China,162673.35797900002
goods_two_way_supplemental_public_metric_check,AUS,Australia,2018,LUX,Luxembourg,28.872005,116,CHN,China,162673.35797900002
goods_two_way_supplemental_public_metric_check,AUS,Australia,2018,ETH,Ethiopia,27.454648000000002,117,CHN,China,162673.35797900002
goods_two_way_supplemental_public_metric_check,AUS,Australia,2018,BLR,Belarus,26.964242000000002,118,CHN,China,162673.35797900002
goods_two_way_supplemental_public_metric_check,AUS,Australia,2018,TGO,Togo,26.445759000000002,119,CHN,China,162673.35797900002
goods_two_way_supplemental_public_metric_check,AUS,Australia,2018,GEO,Georgia,25.441564000000003,120,CHN,China,162673.35797900002
goods_two_way_supplemental_public_metric_check,AUS,Australia,2018,SYC,Seychelles,23.906752000000004,121,CHN,China,162673.35797900002
goods_two_way_supplemental_public_metric_check,AUS,Australia,2018,CXR,Christmas Island,22.546684999999997,122,CHN,China,162673.35797900002
goods_two_way_supplemental_public_metric_check,AUS,Australia,2018,NIC,Nicaragua,21.365758,123,CHN,China,162673.35797900002
goods_two_way_supplemental_public_metric_check,AUS,Australia,2018,SDN,Sudan,21.298928999999998,124,CHN,China,162673.35797900002
goods_two_way_supplemental_public_metric_check,AUS,Australia,2018,GTM,Guatemala,21.230889,125,CHN,China,162673.35797900002
goods_two_way_supplemental_public_metric_check,AUS,Australia,2018,JAM,Jamaica,20.486747,126,CHN,China,162673.35797900002
goods_two_way_supplemental_public_metric_check,AUS,Australia,2018,MLT,Malta,19.498396,127,CHN,China,162673.35797900002
goods_two_way_supplemental_public_metric_check,AUS,Australia,2018,KIR,Kiribati,18.383989000000003,128,CHN,China,162673.35797900002
goods_two_way_supplemental_public_metric_check,AUS,Australia,2018,BOL,Bolivia,17.522553,129,CHN,China,162673.35797900002
goods_two_way_supplemental_public_metric_check,AUS,Australia,2018,MOZ,Mozambique,17.469968999999995,130,CHN,China,162673.35797900002
goods_two_way_supplemental_public_metric_check,AUS,Australia,2018,BIH,Bosnia & Herzegovina,16.938365,131,CHN,China,162673.35797900002
goods_two_way_supplemental_public_metric_check,AUS,Australia,2018,TON,Tonga,16.905998,132,CHN,China,162673.35797900002
goods_two_way_supplemental_public_metric_check,AUS,Australia,2018,URY,Uruguay,13.985337,133,CHN,China,162673.35797900002
goods_two_way_supplemental_public_metric_check,AUS,Australia,2018,ALB,Albania,12.862744,134,CHN,China,162673.35797900002
goods_two_way_supplemental_public_metric_check,AUS,Australia,2018,MKD,North Macedonia,12.572258,135,CHN,China,162673.35797900002
goods_two_way_supplemental_public_metric_check,AUS,Australia,2018,SEN,Senegal,12.131449000000003,136,CHN,China,162673.35797900002
goods_two_way_supplemental_public_metric_check,AUS,Australia,2018,TLS,Timor-Leste,11.687373999999995,137,CHN,China,162673.35797900002
goods_two_way_supplemental_public_metric_check,AUS,Australia,2018,ASM,American Samoa,11.578305999999998,138,CHN,China,162673.35797900002
goods_two_way_supplemental_public_metric_check,AUS,Australia,2018,UGA,Uganda,11.412420000000003,139,CHN,China,162673.35797900002
goods_two_way_supplemental_public_metric_check,AUS,Australia,2018,CUB,Cuba,10.689976000000001,140,CHN,China,162673.35797900002
goods_two_way_supplemental_public_metric_check,AUS,Australia,2018,ATA,Antarctica,9.341534,141,CHN,China,162673.35797900002
goods_two_way_supplemental_public_metric_check,AUS,Australia,2018,PSE,Palestine,9.239307,142,CHN,China,162673.35797900002
goods_two_way_supplemental_public_metric_check,AUS,Australia,2018,MRT,Mauritania,8.935735000000001,143,CHN,China,162673.35797900002
goods_two_way_supplemental_public_metric_check,AUS,Australia,2018,COK,Cook Islands,8.901813,144,CHN,China,162673.35797900002
goods_two_way_supplemental_public_metric_check,AUS,Australia,2018,GIN,Guinea,8.363323999999999,145,CHN,China,162673.35797900002
goods_two_way_supplemental_public_metric_check,AUS,Australia,2018,BWA,Botswana,8.193454,146,CHN,China,162673.35797900002
goods_two_way_supplemental_public_metric_check,AUS,Australia,2018,SLE,Sierra Leone,7.4682210000000016,147,CHN,China,162673.35797900002
goods_two_way_supplemental_public_metric_check,AUS,Australia,2018,GUM,Guam,7.130058,148,CHN,China,162673.35797900002
goods_two_way_supplemental_public_metric_check,AUS,Australia,2018,ERI,Eritrea,7.097180999999999,149,CHN,China,162673.35797900002
goods_two_way_supplemental_public_metric_check,AUS,Australia,2018,BHS,Bahamas,7.031495999999999,150,CHN,China,162673.35797900002
goods_two_way_supplemental_public_metric_check,AUS,Australia,2018,MWI,Malawi,6.200185000000002,151,CHN,China,162673.35797900002
goods_two_way_supplemental_public_metric_check,AUS,Australia,2018,AFG,Afghanistan,5.648913000000001,152,CHN,China,162673.35797900002
goods_two_way_supplemental_public_metric_check,AUS,Australia,2018,RWA,Rwanda,5.307246,153,CHN,China,162673.35797900002
goods_two_way_supplemental_public_metric_check,AUS,Australia,2018,ZWE,Zimbabwe,5.1251880000000005,154,CHN,China,162673.35797900002
goods_two_way_supplemental_public_metric_check,AUS,Australia,2018,VGB,British Virgin Islands,4.991944,155,CHN,China,162673.35797900002
goods_two_way_supplemental_public_metric_check,AUS,Australia,2018,NFK,Norfolk Island,4.9538850000000005,156,CHN,China,162673.35797900002
goods_two_way_supplemental_public_metric_check,AUS,Australia,2018,VEN,Venezuela,4.906417,157,CHN,China,162673.35797900002
goods_two_way_supplemental_public_metric_check,AUS,Australia,2018,FSM,Micronesia (Federated States of),4.569113,158,CHN,China,162673.35797900002
goods_two_way_supplemental_public_metric_check,AUS,Australia,2018,CMR,Cameroon,4.260792999999999,159,CHN,China,162673.35797900002
goods_two_way_supplemental_public_metric_check,AUS,Australia,2018,ARM,Armenia,4.207133,160,CHN,China,162673.35797900002
goods_two_way_supplemental_public_metric_check,AUS,Australia,2018,BEN,Benin,4.120378,161,CHN,China,162673.35797900002
goods_two_way_supplemental_public_metric_check,AUS,Australia,2018,ATG,Antigua & Barbuda,4.112597999999999,162,CHN,China,162673.35797900002
goods_two_way_supplemental_public_metric_check,AUS,Australia,2018,MHL,Marshall Islands,3.917754,163,CHN,China,162673.35797900002
goods_two_way_supplemental_public_metric_check,AUS,Australia,2018,GUY,Guyana,3.4093950000000004,164,CHN,China,162673.35797900002
goods_two_way_supplemental_public_metric_check,AUS,Australia,2018,BRB,Barbados,3.4088400000000005,165,CHN,China,162673.35797900002
goods_two_way_supplemental_public_metric_check,AUS,Australia,2018,CCK,Cocos (Keeling) Islands,3.4031779999999996,166,CHN,China,162673.35797900002
goods_two_way_supplemental_public_metric_check,AUS,Australia,2018,SUR,Suriname,3.38183,167,CHN,China,162673.35797900002
goods_two_way_supplemental_public_metric_check,AUS,Australia,2018,DJI,Djibouti,3.2964640000000003,168,CHN,China,162673.35797900002
goods_two_way_supplemental_public_metric_check,AUS,Australia,2018,NER,Niger,3.267651999999999,169,CHN,China,162673.35797900002
goods_two_way_supplemental_public_metric_check,AUS,Australia,2018,MNP,Northern Mariana Islands,3.2194610000000004,170,CHN,China,162673.35797900002
goods_two_way_supplemental_public_metric_check,AUS,Australia,2018,SWZ,Eswatini,3.124376,171,CHN,China,162673.35797900002
goods_two_way_supplemental_public_metric_check,AUS,Australia,2018,PRY,Paraguay,3.011107000000001,172,CHN,China,162673.35797900002
goods_two_way_supplemental_public_metric_check,AUS,Australia,2018,MDA,Moldova,2.8147199999999994,173,CHN,China,162673.35797900002
goods_two_way_supplemental_public_metric_check,AUS,Australia,2018,HTI,Haiti,2.7725619999999997,174,CHN,China,162673.35797900002
goods_two_way_supplemental_public_metric_check,AUS,Australia,2018,WLF,Wallis & Futuna,2.529833,175,CHN,China,162673.35797900002
goods_two_way_supplemental_public_metric_check,AUS,Australia,2018,VCT,St. Vincent & Grenadines,2.3935410000000004,176,CHN,China,162673.35797900002
goods_two_way_supplemental_public_metric_check,AUS,Australia,2018,BLZ,Belize,2.3539630000000002,177,CHN,China,162673.35797900002
goods_two_way_supplemental_public_metric_check,AUS,Australia,2018,KGZ,Kyrgyzstan,2.20084,178,CHN,China,162673.35797900002
goods_two_way_supplemental_public_metric_check,AUS,Australia,2018,LCA,St. Lucia,2.0618440000000002,179,CHN,China,162673.35797900002
goods_two_way_supplemental_public_metric_check,AUS,Australia,2018,PLW,Palau,2.022854,180,CHN,China,162673.35797900002
goods_two_way_supplemental_public_metric_check,AUS,Australia,2018,TJK,Tajikistan,1.821628,181,CHN,China,162673.35797900002
goods_two_way_supplemental_public_metric_check,AUS,Australia,2018,BTN,Bhutan,1.712265,182,CHN,China,162673.35797900002
goods_two_way_supplemental_public_metric_check,AUS,Australia,2018,SHN,St. Helena,1.477411,183,CHN,China,162673.35797900002
goods_two_way_supplemental_public_metric_check,AUS,Australia,2018,LSO,Lesotho,1.4140409999999999,184,CHN,China,162673.35797900002
goods_two_way_supplemental_public_metric_check,AUS,Australia,2018,CYM,Cayman Islands,1.403908,185,CHN,China,162673.35797900002
goods_two_way_supplemental_public_metric_check,AUS,Australia,2018,MSR,Montserrat,1.3343729999999998,186,CHN,China,162673.35797900002
goods_two_way_supplemental_public_metric_check,AUS,Australia,2018,MNE,Montenegro,1.317606,187,CHN,China,162673.35797900002
goods_two_way_supplemental_public_metric_check,AUS,Australia,2018,TUV,Tuvalu,1.292141,188,CHN,China,162673.35797900002
goods_two_way_supplemental_public_metric_check,AUS,Australia,2018,BDI,Burundi,1.225558,189,CHN,China,162673.35797900002
goods_two_way_supplemental_public_metric_check,AUS,Australia,2018,DMA,Dominica,1.214084,190,CHN,China,162673.35797900002
goods_two_way_supplemental_public_metric_check,AUS,Australia,2018,UMI,United States Minor Outlying Islands (the),1.107855,191,CHN,China,162673.35797900002
goods_two_way_supplemental_public_metric_check,AUS,Australia,2018,LBR,Liberia,1.0945010000000002,192,CHN,China,162673.35797900002
goods_two_way_supplemental_public_metric_check,AUS,Australia,2018,CUW,Curaçao,1.02939,193,CHN,China,162673.35797900002
goods_two_way_supplemental_public_metric_check,AUS,Australia,2018,SOM,Somalia,1.027586,194,CHN,China,162673.35797900002
goods_two_way_supplemental_public_metric_check,AUS,Australia,2018,SYR,Syria,0.9711270000000001,195,CHN,China,162673.35797900002
goods_two_way_supplemental_public_metric_check,AUS,Australia,2018,BMU,Bermuda,0.852463,196,CHN,China,162673.35797900002
goods_two_way_supplemental_public_metric_check,AUS,Australia,2018,KNA,St. Kitts & Nevis,0.784443,197,CHN,China,162673.35797900002
goods_two_way_supplemental_public_metric_check,AUS,Australia,2018,CAF,Central African Republic,0.7495049999999999,198,CHN,China,162673.35797900002
goods_two_way_supplemental_public_metric_check,AUS,Australia,2018,GNQ,Equatorial Guinea,0.6747249999999999,199,CHN,China,162673.35797900002
goods_two_way_supplemental_public_metric_check,AUS,Australia,2018,UZB,Uzbekistan,0.560295,200,CHN,China,162673.35797900002
goods_two_way_supplemental_public_metric_check,AUS,Australia,2018,GRL,Greenland,0.5404610000000001,201,CHN,China,162673.35797900002
goods_two_way_supplemental_public_metric_check,AUS,Australia,2018,TKM,Turkmenistan,0.31105,202,CHN,China,162673.35797900002
goods_two_way_supplemental_public_metric_check,AUS,Australia,2018,PCN,Pitcairn Islands,0.253634,203,CHN,China,162673.35797900002
goods_two_way_supplemental_public_metric_check,AUS,Australia,2018,NIU,Niue,0.19865500000000003,204,CHN,China,162673.35797900002
goods_two_way_supplemental_public_metric_check,AUS,Australia,2018,GRD,Grenada,0.18025799999999997,205,CHN,China,162673.35797900002
goods_two_way_supplemental_public_metric_check,AUS,Australia,2018,AND,Andorra,0.173902,206,CHN,China,162673.35797900002
goods_two_way_supplemental_public_metric_check,AUS,Australia,2018,TCD,Chad,0.16897099999999998,207,CHN,China,162673.35797900002
goods_two_way_supplemental_public_metric_check,AUS,Australia,2018,AIA,Anguilla,0.148773,208,CHN,China,162673.35797900002
goods_two_way_supplemental_public_metric_check,AUS,Australia,2018,COM,Comoros,0.1015,209,CHN,China,162673.35797900002
goods_two_way_supplemental_public_metric_check,AUS,Australia,2018,GIB,Gibraltar,0.096805,210,CHN,China,162673.35797900002
goods_two_way_supplemental_public_metric_check,AUS,Australia,2018,FLK,Falkland Islands,0.09549500000000001,211,CHN,China,162673.35797900002
goods_two_way_supplemental_public_metric_check,AUS,Australia,2018,GMB,Gambia,0.079474,212,CHN,China,162673.35797900002
goods_two_way_supplemental_public_metric_check,AUS,Australia,2018,CPV,Cape Verde,0.07168899999999999,213,CHN,China,162673.35797900002
goods_two_way_supplemental_public_metric_check,AUS,Australia,2018,TCA,Turks & Caicos Islands,0.06145199999999999,214,CHN,China,162673.35797900002
goods_two_way_supplemental_public_metric_check,AUS,Australia,2018,SSD,South Sudan,0.045781999999999996,215,CHN,China,162673.35797900002
goods_two_way_supplemental_public_metric_check,AUS,Australia,2018,STP,São Tomé & Príncipe,0.038446,216,CHN,China,162673.35797900002
goods_two_way_supplemental_public_metric_check,AUS,Australia,2018,IOT,British Indian Ocean Territory,0.014169000000000001,217,CHN,China,162673.35797900002
goods_two_way_supplemental_public_metric_check,AUS,Australia,2018,GNB,Guinea-Bissau,0.002009,218,CHN,China,162673.35797900002
goods_two_way_supplemental_public_metric_check,AUS,Australia,2019,CHN,China,176526.09307699997,1,CHN,China,176526.09307699997
goods_two_way_supplemental_public_metric_check,AUS,Australia,2019,JPN,Japan,61043.02435400001,2,CHN,China,176526.09307699997
goods_two_way_supplemental_public_metric_check,AUS,Australia,2019,USA,United States,36197.30286899999,3,CHN,China,176526.09307699997
goods_two_way_supplemental_public_metric_check,AUS,Australia,2019,KOR,South Korea,29087.818819,4,CHN,China,176526.09307699997
goods_two_way_supplemental_public_metric_check,AUS,Australia,2019,GBR,United Kingdom,15899.691779,5,CHN,China,176526.09307699997
goods_two_way_supplemental_public_metric_check,AUS,Australia,2019,THA,Thailand,14148.262535000002,6,CHN,China,176526.09307699997
goods_two_way_supplemental_public_metric_check,AUS,Australia,2019,SGP,Singapore,14065.638455,7,CHN,China,176526.09307699997
goods_two_way_supplemental_public_metric_check,AUS,Australia,2019,IND,India,13945.793685999997,8,CHN,China,176526.09307699997
goods_two_way_supplemental_public_metric_check,AUS,Australia,2019,TWN,Taiwan,13538.364091999998,9,CHN,China,176526.09307699997
goods_two_way_supplemental_public_metric_check,AUS,Australia,2019,MYS,Malaysia,13339.914313000001,10,CHN,China,176526.09307699997
goods_two_way_supplemental_public_metric_check,AUS,Australia,2019,DEU,Germany,13328.632844999998,11,CHN,China,176526.09307699997
goods_two_way_supplemental_public_metric_check,AUS,Australia,2019,NZL,New Zealand,10289.819587999998,12,CHN,China,176526.09307699997
goods_two_way_supplemental_public_metric_check,AUS,Australia,2019,IDN,Indonesia,9089.145466000002,13,CHN,China,176526.09307699997
goods_two_way_supplemental_public_metric_check,AUS,Australia,2019,VNM,Vietnam,8766.940873999996,14,CHN,China,176526.09307699997
goods_two_way_supplemental_public_metric_check,AUS,Australia,2019,ITA,Italy,5642.735083,15,CHN,China,176526.09307699997
goods_two_way_supplemental_public_metric_check,AUS,Australia,2019,FRA,France,5575.7549149999995,16,CHN,China,176526.09307699997
goods_two_way_supplemental_public_metric_check,AUS,Australia,2019,HKG,Hong Kong,5212.606655,17,CHN,China,176526.09307699997
goods_two_way_supplemental_public_metric_check,AUS,Australia,2019,ARE,United Arab Emirates,5185.505326999999,18,CHN,China,176526.09307699997
goods_two_way_supplemental_public_metric_check,AUS,Australia,2019,PNG,Papua New Guinea,4683.710879999999,19,CHN,China,176526.09307699997
goods_two_way_supplemental_public_metric_check,AUS,Australia,2019,NLD,Netherlands,3913.8177389999996,20,CHN,China,176526.09307699997
goods_two_way_supplemental_public_metric_check,AUS,Australia,2019,CHE,Switzerland,3839.2626340000006,21,CHN,China,176526.09307699997
goods_two_way_supplemental_public_metric_check,AUS,Australia,2019,CAN,Canada,3700.5095929999998,22,CHN,China,176526.09307699997
goods_two_way_supplemental_public_metric_check,AUS,Australia,2019,MEX,Mexico,2440.0590320000006,23,CHN,China,176526.09307699997
goods_two_way_supplemental_public_metric_check,AUS,Australia,2019,ESP,Spain,2178.030359,24,CHN,China,176526.09307699997
goods_two_way_supplemental_public_metric_check,AUS,Australia,2019,PHL,Philippines,2034.5741830000004,25,CHN,China,176526.09307699997
goods_two_way_supplemental_public_metric_check,AUS,Australia,2019,BEL,Belgium,1953.6628430000005,26,CHN,China,176526.09307699997
goods_two_way_supplemental_public_metric_check,AUS,Australia,2019,SWE,Sweden,1869.312888,27,CHN,China,176526.09307699997
goods_two_way_supplemental_public_metric_check,AUS,Australia,2019,ZAF,South Africa,1828.7133360000003,28,CHN,China,176526.09307699997
goods_two_way_supplemental_public_metric_check,AUS,Australia,2019,TUR,Turkey,1742.6174099999994,29,CHN,China,176526.09307699997
goods_two_way_supplemental_public_metric_check,AUS,Australia,2019,BRA,Brazil,1633.4559330000002,30,CHN,China,176526.09307699997
goods_two_way_supplemental_public_metric_check,AUS,Australia,2019,BGD,Bangladesh,1469.763828,31,CHN,China,176526.09307699997
goods_two_way_supplemental_public_metric_check,AUS,Australia,2019,AUT,Austria,1461.2619229999996,32,CHN,China,176526.09307699997
goods_two_way_supplemental_public_metric_check,AUS,Australia,2019,IRL,Ireland,1455.6023500000001,33,CHN,China,176526.09307699997
goods_two_way_supplemental_public_metric_check,AUS,Australia,2019,POL,Poland,1454.175882,34,CHN,China,176526.09307699997
goods_two_way_supplemental_public_metric_check,AUS,Australia,2019,DNK,Denmark,1118.6366809999997,35,CHN,China,176526.09307699997
goods_two_way_supplemental_public_metric_check,AUS,Australia,2019,SAU,Saudi Arabia,1035.8970160000003,36,CHN,China,176526.09307699997
goods_two_way_supplemental_public_metric_check,AUS,Australia,2019,BHR,Bahrain,1021.97667,37,CHN,China,176526.09307699997
goods_two_way_supplemental_public_metric_check,AUS,Australia,2019,FIN,Finland,1017.2139560000003,38,CHN,China,176526.09307699997
goods_two_way_supplemental_public_metric_check,AUS,Australia,2019,RUS,Russia,1012.9489009999998,39,CHN,China,176526.09307699997
goods_two_way_supplemental_public_metric_check,AUS,Australia,2019,BRN,Brunei,898.745823,40,CHN,China,176526.09307699997
goods_two_way_supplemental_public_metric_check,AUS,Australia,2019,QAT,Qatar,881.4120419999999,41,CHN,China,176526.09307699997
goods_two_way_supplemental_public_metric_check,AUS,Australia,2019,ARG,Argentina,848.9316610000001,42,CHN,China,176526.09307699997
goods_two_way_supplemental_public_metric_check,AUS,Australia,2019,ISR,Israel,845.8535940000003,43,CHN,China,176526.09307699997
goods_two_way_supplemental_public_metric_check,AUS,Australia,2019,CZE,Czechia,709.4034770000001,44,CHN,China,176526.09307699997
goods_two_way_supplemental_public_metric_check,AUS,Australia,2019,DZA,Algeria,625.221032,45,CHN,China,176526.09307699997
goods_two_way_supplemental_public_metric_check,AUS,Australia,2019,CHL,Chile,624.0809949999999,46,CHN,China,176526.09307699997
goods_two_way_supplemental_public_metric_check,AUS,Australia,2019,NOR,Norway,598.25538100000006,47,CHN,China,176526.09307699997
goods_two_way_supplemental_public_metric_check,AUS,Australia,2019,HUN,Hungary,593.3836329999998,48,CHN,China,176526.09307699997
goods_two_way_supplemental_public_metric_check,AUS,Australia,2019,FJI,Fiji,517.20565,49,CHN,China,176526.09307699997
goods_two_way_supplemental_public_metric_check,AUS,Australia,2019,PAK,Pakistan,495.01893699999994,50,CHN,China,176526.09307699997
goods_two_way_supplemental_public_metric_check,AUS,Australia,2019,EGY,Egypt,488.86855299999985,51,CHN,China,176526.09307699997
goods_two_way_supplemental_public_metric_check,AUS,Australia,2019,KWT,Kuwait,416.4607199999999,52,CHN,China,176526.09307699997
goods_two_way_supplemental_public_metric_check,AUS,Australia,2019,NGA,Nigeria,380.86193,53,CHN,China,176526.09307699997
goods_two_way_supplemental_public_metric_check,AUS,Australia,2019,LKA,Sri Lanka,363.929776,54,CHN,China,176526.09307699997
goods_two_way_supplemental_public_metric_check,AUS,Australia,2019,LBY,Libya,363.665233,55,CHN,China,176526.09307699997
goods_two_way_supplemental_public_metric_check,AUS,Australia,2019,SVK,Slovakia,344.576075,56,CHN,China,176526.09307699997
goods_two_way_supplemental_public_metric_check,AUS,Australia,2019,AZE,Azerbaijan,335.64707999999996,57,CHN,China,176526.09307699997
goods_two_way_supplemental_public_metric_check,AUS,Australia,2019,NCL,New Caledonia,318.7680640000001,58,CHN,China,176526.09307699997
goods_two_way_supplemental_public_metric_check,AUS,Australia,2019,KHM,Cambodia,286.987566,59,CHN,China,176526.09307699997
goods_two_way_supplemental_public_metric_check,AUS,Australia,2019,OMN,Oman,273.048578,60,CHN,China,176526.09307699997
goods_two_way_supplemental_public_metric_check,AUS,Australia,2019,GRC,Greece,240.82281000000003,61,CHN,China,176526.09307699997
goods_two_way_supplemental_public_metric_check,AUS,Australia,2019,YEM,Yemen,231.165908,62,CHN,China,176526.09307699997
goods_two_way_supplemental_public_metric_check,AUS,Australia,2019,ISL,Iceland,227.549026,63,CHN,China,176526.09307699997
goods_two_way_supplemental_public_metric_check,AUS,Australia,2019,PER,Peru,221.88764100000006,64,CHN,China,176526.09307699997
goods_two_way_supplemental_public_metric_check,AUS,Australia,2019,EST,Estonia,217.63074899999998,65,CHN,China,176526.09307699997
goods_two_way_supplemental_public_metric_check,AUS,Australia,2019,PRT,Portugal,215.66763899999992,66,CHN,China,176526.09307699997
goods_two_way_supplemental_public_metric_check,AUS,Australia,2019,BOL,Bolivia,195.813524,67,CHN,China,176526.09307699997
goods_two_way_supplemental_public_metric_check,AUS,Australia,2019,SVN,Slovenia,182.24958700000002,68,CHN,China,176526.09307699997
goods_two_way_supplemental_public_metric_check,AUS,Australia,2019,ROU,Romania,178.43649800000003,69,CHN,China,176526.09307699997
goods_two_way_supplemental_public_metric_check,AUS,Australia,2019,JOR,Jordan,175.92634999999999,70,CHN,China,176526.09307699997
goods_two_way_supplemental_public_metric_check,AUS,Australia,2019,MMR,Myanmar (Burma),160.03686499999992,71,CHN,China,176526.09307699997
goods_two_way_supplemental_public_metric_check,AUS,Australia,2019,MAC,Macao,158.068785,72,CHN,China,176526.09307699997
goods_two_way_supplemental_public_metric_check,AUS,Australia,2019,UKR,Ukraine,156.86955099999997,73,CHN,China,176526.09307699997
goods_two_way_supplemental_public_metric_check,AUS,Australia,2019,TZA,Tanzania,156.342551,74,CHN,China,176526.09307699997
goods_two_way_supplemental_public_metric_check,AUS,Australia,2019,COL,Colombia,126.79521700000001,75,CHN,China,176526.09307699997
goods_two_way_supplemental_public_metric_check,AUS,Australia,2019,MLT,Malta,105.075405,76,CHN,China,176526.09307699997
goods_two_way_supplemental_public_metric_check,AUS,Australia,2019,GHA,Ghana,103.283324,77,CHN,China,176526.09307699997
goods_two_way_supplemental_public_metric_check,AUS,Australia,2019,CRI,Costa Rica,99.39778000000003,78,CHN,China,176526.09307699997
goods_two_way_supplemental_public_metric_check,AUS,Australia,2019,MUS,Mauritius,94.76122899999999,79,CHN,China,176526.09307699997
goods_two_way_supplemental_public_metric_check,AUS,Australia,2019,BGR,Bulgaria,93.79515099999999,80,CHN,China,176526.09307699997
goods_two_way_supplemental_public_metric_check,AUS,Australia,2019,LTU,Lithuania,84.178672999999975,81,CHN,China,176526.09307699997
goods_two_way_supplemental_public_metric_check,AUS,Australia,2019,KEN,Kenya,82.62186499999999,82,CHN,China,176526.09307699997
goods_two_way_supplemental_public_metric_check,AUS,Australia,2019,GEO,Georgia,79.61261900000002,83,CHN,China,176526.09307699997
goods_two_way_supplemental_public_metric_check,AUS,Australia,2019,MRT,Mauritania,73.220028,84,CHN,China,176526.09307699997
goods_two_way_supplemental_public_metric_check,AUS,Australia,2019,LAO,Laos,72.59028800000002,85,CHN,China,176526.09307699997
goods_two_way_supplemental_public_metric_check,AUS,Australia,2019,KAZ,Kazakhstan,70.39874000000002,86,CHN,China,176526.09307699997
goods_two_way_supplemental_public_metric_check,AUS,Australia,2019,NPL,Nepal,69.815226,87,CHN,China,176526.09307699997
goods_two_way_supplemental_public_metric_check,AUS,Australia,2019,MAR,Morocco,68.153029,88,CHN,China,176526.09307699997
goods_two_way_supplemental_public_metric_check,AUS,Australia,2019,ZMB,Zambia,66.41670199999999,89,CHN,China,176526.09307699997
goods_two_way_supplemental_public_metric_check,AUS,Australia,2019,GAB,Gabon,63.663745999999996,90,CHN,China,176526.09307699997
goods_two_way_supplemental_public_metric_check,AUS,Australia,2019,BFA,Burkina Faso,63.47463900000001,91,CHN,China,176526.09307699997
goods_two_way_supplemental_public_metric_check,AUS,Australia,2019,PAN,Panama,63.472373999999995,92,CHN,China,176526.09307699997
goods_two_way_supplemental_public_metric_check,AUS,Australia,2019,COG,Congo - Brazzaville,62.663889,93,CHN,China,176526.09307699997
goods_two_way_supplemental_public_metric_check,AUS,Australia,2019,COD,Congo - Kinshasa,60.388538999999994,94,CHN,China,176526.09307699997
goods_two_way_supplemental_public_metric_check,AUS,Australia,2019,MNG,Mongolia,59.266417,95,CHN,China,176526.09307699997
goods_two_way_supplemental_public_metric_check,AUS,Australia,2019,SLB,Solomon Islands,56.578253,96,CHN,China,176526.09307699997
goods_two_way_supplemental_public_metric_check,AUS,Australia,2019,DOM,Dominican Republic,56.170608,97,CHN,China,176526.09307699997
goods_two_way_supplemental_public_metric_check,AUS,Australia,2019,IRN,Iran,55.644533,98,CHN,China,176526.09307699997
goods_two_way_supplemental_public_metric_check,AUS,Australia,2019,HND,Honduras,53.648438,99,CHN,China,176526.09307699997
goods_two_way_supplemental_public_metric_check,AUS,Australia,2019,LBN,Lebanon,51.791911000000006,100,CHN,China,176526.09307699997
goods_two_way_supplemental_public_metric_check,AUS,Australia,2019,MDV,Maldives,48.93140699999999,101,CHN,China,176526.09307699997
goods_two_way_supplemental_public_metric_check,AUS,Australia,2019,CIV,Côte d'Ivoire,48.57805400000001,102,CHN,China,176526.09307699997
goods_two_way_supplemental_public_metric_check,AUS,Australia,2019,PYF,French Polynesia,48.543794,103,CHN,China,176526.09307699997
goods_two_way_supplemental_public_metric_check,AUS,Australia,2019,VUT,Vanuatu,47.984410000000004,104,CHN,China,176526.09307699997
goods_two_way_supplemental_public_metric_check,AUS,Australia,2019,MOZ,Mozambique,41.476706,105,CHN,China,176526.09307699997
goods_two_way_supplemental_public_metric_check,AUS,Australia,2019,MLI,Mali,40.761798,106,CHN,China,176526.09307699997
goods_two_way_supplemental_public_metric_check,AUS,Australia,2019,WSM,Samoa,40.62404500000001,107,CHN,China,176526.09307699997
goods_two_way_supplemental_public_metric_check,AUS,Australia,2019,ECU,Ecuador,38.552395000000004,108,CHN,China,176526.09307699997
goods_two_way_supplemental_public_metric_check,AUS,Australia,2019,TUN,Tunisia,37.412559,109,CHN,China,176526.09307699997
goods_two_way_supplemental_public_metric_check,AUS,Australia,2019,HRV,Croatia,34.97561,110,CHN,China,176526.09307699997
goods_two_way_supplemental_public_metric_check,AUS,Australia,2019,TTO,Trinidad & Tobago,33.910385999999995,111,CHN,China,176526.09307699997
goods_two_way_supplemental_public_metric_check,AUS,Australia,2019,LUX,Luxembourg,32.018565,112,CHN,China,176526.09307699997
goods_two_way_supplemental_public_metric_check,AUS,Australia,2019,SRB,Serbia,31.696037999999998,113,CHN,China,176526.09307699997
goods_two_way_supplemental_public_metric_check,AUS,Australia,2019,URY,Uruguay,31.336434,114,CHN,China,176526.09307699997
goods_two_way_supplemental_public_metric_check,AUS,Australia,2019,MDG,Madagascar,30.722751999999996,115,CHN,China,176526.09307699997
goods_two_way_supplemental_public_metric_check,AUS,Australia,2019,LVA,Latvia,30.617244999999997,116,CHN,China,176526.09307699997
goods_two_way_supplemental_public_metric_check,AUS,Australia,2019,CYP,Cyprus,30.314999999999998,117,CHN,China,176526.09307699997
goods_two_way_supplemental_public_metric_check,AUS,Australia,2019,NRU,Nauru,30.213998,118,CHN,China,176526.09307699997
goods_two_way_supplemental_public_metric_check,AUS,Australia,2019,BLR,Belarus,30.166395,119,CHN,China,176526.09307699997
goods_two_way_supplemental_public_metric_check,AUS,Australia,2019,JAM,Jamaica,24.764857999999997,120,CHN,China,176526.09307699997
goods_two_way_supplemental_public_metric_check,AUS,Australia,2019,ETH,Ethiopia,24.734029,121,CHN,China,176526.09307699997
goods_two_way_supplemental_public_metric_check,AUS,Australia,2019,NAM,Namibia,21.937132,122,CHN,China,176526.09307699997
goods_two_way_supplemental_public_metric_check,AUS,Australia,2019,NIC,Nicaragua,21.722242,123,CHN,China,176526.09307699997
goods_two_way_supplemental_public_metric_check,AUS,Australia,2019,GTM,Guatemala,21.490704,124,CHN,China,176526.09307699997
goods_two_way_supplemental_public_metric_check,AUS,Australia,2019,TGO,Togo,20.601162,125,CHN,China,176526.09307699997
goods_two_way_supplemental_public_metric_check,AUS,Australia,2019,SYC,Seychelles,19.264059999999997,126,CHN,China,176526.09307699997
goods_two_way_supplemental_public_metric_check,AUS,Australia,2019,CXR,Christmas Island,18.886907000000004,127,CHN,China,176526.09307699997
goods_two_way_supplemental_public_metric_check,AUS,Australia,2019,SLV,El Salvador,18.042219000000003,128,CHN,China,176526.09307699997
goods_two_way_supplemental_public_metric_check,AUS,Australia,2019,IRQ,Iraq,16.635423,129,CHN,China,176526.09307699997
goods_two_way_supplemental_public_metric_check,AUS,Australia,2019,ASM,American Samoa,16.539227999999998,130,CHN,China,176526.09307699997
goods_two_way_supplemental_public_metric_check,AUS,Australia,2019,BIH,Bosnia & Herzegovina,15.440902,131,CHN,China,176526.09307699997
goods_two_way_supplemental_public_metric_check,AUS,Australia,2019,TON,Tonga,14.832369999999997,132,CHN,China,176526.09307699997
goods_two_way_supplemental_public_metric_check,AUS,Australia,2019,SEN,Senegal,14.174961,133,CHN,China,176526.09307699997
goods_two_way_supplemental_public_metric_check,AUS,Australia,2019,TLS,Timor-Leste,12.006704,134,CHN,China,176526.09307699997
goods_two_way_supplemental_public_metric_check,AUS,Australia,2019,KIR,Kiribati,11.863253999999998,135,CHN,China,176526.09307699997
goods_two_way_supplemental_public_metric_check,AUS,Australia,2019,UGA,Uganda,9.969852000000003,136,CHN,China,176526.09307699997
goods_two_way_supplemental_public_metric_check,AUS,Australia,2019,MKD,North Macedonia,9.890483999999999,137,CHN,China,176526.09307699997
goods_two_way_supplemental_public_metric_check,AUS,Australia,2019,CUB,Cuba,9.252735,138,CHN,China,176526.09307699997
goods_two_way_supplemental_public_metric_check,AUS,Australia,2019,SUR,Suriname,8.555793,139,CHN,China,176526.09307699997
goods_two_way_supplemental_public_metric_check,AUS,Australia,2019,ALB,Albania,7.507136999999999,140,CHN,China,176526.09307699997
goods_two_way_supplemental_public_metric_check,AUS,Australia,2019,BWA,Botswana,7.1183380000000005,141,CHN,China,176526.09307699997
goods_two_way_supplemental_public_metric_check,AUS,Australia,2019,COK,Cook Islands,6.9272800000000005,142,CHN,China,176526.09307699997
goods_two_way_supplemental_public_metric_check,AUS,Australia,2019,PSE,Palestine,6.083309000000001,143,CHN,China,176526.09307699997
goods_two_way_supplemental_public_metric_check,AUS,Australia,2019,MWI,Malawi,6.079844999999999,144,CHN,China,176526.09307699997
goods_two_way_supplemental_public_metric_check,AUS,Australia,2019,AGO,Angola,6.063154999999999,145,CHN,China,176526.09307699997
goods_two_way_supplemental_public_metric_check,AUS,Australia,2019,GUM,Guam,5.781563,146,CHN,China,176526.09307699997
goods_two_way_supplemental_public_metric_check,AUS,Australia,2019,PRY,Paraguay,5.49077,147,CHN,China,176526.09307699997
goods_two_way_supplemental_public_metric_check,AUS,Australia,2019,VEN,Venezuela,5.024377,148,CHN,China,176526.09307699997
goods_two_way_supplemental_public_metric_check,AUS,Australia,2019,BRB,Barbados,4.752225,149,CHN,China,176526.09307699997
goods_two_way_supplemental_public_metric_check,AUS,Australia,2019,GUY,Guyana,4.694919,150,CHN,China,176526.09307699997
goods_two_way_supplemental_public_metric_check,AUS,Australia,2019,SDN,Sudan,4.622215999999999,151,CHN,China,176526.09307699997
goods_two_way_supplemental_public_metric_check,AUS,Australia,2019,ARM,Armenia,4.605474999999999,152,CHN,China,176526.09307699997
goods_two_way_supplemental_public_metric_check,AUS,Australia,2019,CCK,Cocos (Keeling) Islands,4.53216,153,CHN,China,176526.09307699997
goods_two_way_supplemental_public_metric_check,AUS,Australia,2019,NFK,Norfolk Island,4.4452810000000005,154,CHN,China,176526.09307699997
goods_two_way_supplemental_public_metric_check,AUS,Australia,2019,BHS,Bahamas,4.212433,155,CHN,China,176526.09307699997
goods_two_way_supplemental_public_metric_check,AUS,Australia,2019,ATA,Antarctica,4.146921999999999,156,CHN,China,176526.09307699997
goods_two_way_supplemental_public_metric_check,AUS,Australia,2019,MHL,Marshall Islands,3.692332000000001,157,CHN,China,176526.09307699997
goods_two_way_supplemental_public_metric_check,AUS,Australia,2019,ERI,Eritrea,3.599534999999999,158,CHN,China,176526.09307699997
goods_two_way_supplemental_public_metric_check,AUS,Australia,2019,GIN,Guinea,3.5048079999999997,159,CHN,China,176526.09307699997
goods_two_way_supplemental_public_metric_check,AUS,Australia,2019,ZWE,Zimbabwe,3.434563999999998,160,CHN,China,176526.09307699997
goods_two_way_supplemental_public_metric_check,AUS,Australia,2019,CMR,Cameroon,3.4310090000000004,161,CHN,China,176526.09307699997
goods_two_way_supplemental_public_metric_check,AUS,Australia,2019,MDA,Moldova,3.3306759999999995,162,CHN,China,176526.09307699997
goods_two_way_supplemental_public_metric_check,AUS,Australia,2019,UZB,Uzbekistan,3.237508999999999,163,CHN,China,176526.09307699997
goods_two_way_supplemental_public_metric_check,AUS,Australia,2019,FSM,Micronesia (Federated States of),3.1675159999999996,164,CHN,China,176526.09307699997
goods_two_way_supplemental_public_metric_check,AUS,Australia,2019,AFG,Afghanistan,2.711922,165,CHN,China,176526.09307699997
goods_two_way_supplemental_public_metric_check,AUS,Australia,2019,BLZ,Belize,2.6762499999999996,166,CHN,China,176526.09307699997
goods_two_way_supplemental_public_metric_check,AUS,Australia,2019,HTI,Haiti,2.668079,167,CHN,China,176526.09307699997
goods_two_way_supplemental_public_metric_check,AUS,Australia,2019,WLF,Wallis & Futuna,2.568728,168,CHN,China,176526.09307699997
goods_two_way_supplemental_public_metric_check,AUS,Australia,2019,DJI,Djibouti,2.553382,169,CHN,China,176526.09307699997
goods_two_way_supplemental_public_metric_check,AUS,Australia,2019,SLE,Sierra Leone,2.497542,170,CHN,China,176526.09307699997
goods_two_way_supplemental_public_metric_check,AUS,Australia,2019,KGZ,Kyrgyzstan,2.365133,171,CHN,China,176526.09307699997
goods_two_way_supplemental_public_metric_check,AUS,Australia,2019,TUV,Tuvalu,2.3314880000000002,172,CHN,China,176526.09307699997
goods_two_way_supplemental_public_metric_check,AUS,Australia,2019,LCA,St. Lucia,2.1144839999999996,173,CHN,China,176526.09307699997
goods_two_way_supplemental_public_metric_check,AUS,Australia,2019,VGB,British Virgin Islands,2.033608,174,CHN,China,176526.09307699997
goods_two_way_supplemental_public_metric_check,AUS,Australia,2019,RWA,Rwanda,1.9888279999999998,175,CHN,China,176526.09307699997
goods_two_way_supplemental_public_metric_check,AUS,Australia,2019,NER,Niger,1.9455690000000003,176,CHN,China,176526.09307699997
goods_two_way_supplemental_public_metric_check,AUS,Australia,2019,VCT,St. Vincent & Grenadines,1.868545,177,CHN,China,176526.09307699997
goods_two_way_supplemental_public_metric_check,AUS,Australia,2019,SHN,St. Helena,1.6005489999999996,178,CHN,China,176526.09307699997
goods_two_way_supplemental_public_metric_check,AUS,Australia,2019,ATG,Antigua & Barbuda,1.5952740000000003,179,CHN,China,176526.09307699997
goods_two_way_supplemental_public_metric_check,AUS,Australia,2019,MNE,Montenegro,1.5075769999999997,180,CHN,China,176526.09307699997
goods_two_way_supplemental_public_metric_check,AUS,Australia,2019,BEN,Benin,1.500827,181,CHN,China,176526.09307699997
goods_two_way_supplemental_public_metric_check,AUS,Australia,2019,SWZ,Eswatini,1.4327189999999999,182,CHN,China,176526.09307699997
goods_two_way_supplemental_public_metric_check,AUS,Australia,2019,BTN,Bhutan,1.3866150000000002,183,CHN,China,176526.09307699997
goods_two_way_supplemental_public_metric_check,AUS,Australia,2019,CAF,Central African Republic,1.3370469999999999,184,CHN,China,176526.09307699997
goods_two_way_supplemental_public_metric_check,AUS,Australia,2019,MNP,Northern Mariana Islands,1.252194,185,CHN,China,176526.09307699997
goods_two_way_supplemental_public_metric_check,AUS,Australia,2019,DMA,Dominica,1.218473,186,CHN,China,176526.09307699997
goods_two_way_supplemental_public_metric_check,AUS,Australia,2019,SYR,Syria,1.189125,187,CHN,China,176526.09307699997
goods_two_way_supplemental_public_metric_check,AUS,Australia,2019,SOM,Somalia,1.14781,188,CHN,China,176526.09307699997
goods_two_way_supplemental_public_metric_check,AUS,Australia,2019,BDI,Burundi,1.062107,189,CHN,China,176526.09307699997
goods_two_way_supplemental_public_metric_check,AUS,Australia,2019,BMU,Bermuda,1.0531159999999997,190,CHN,China,176526.09307699997
goods_two_way_supplemental_public_metric_check,AUS,Australia,2019,LSO,Lesotho,1.009633,191,CHN,China,176526.09307699997
goods_two_way_supplemental_public_metric_check,AUS,Australia,2019,PLW,Palau,0.9863339999999998,192,CHN,China,176526.09307699997
goods_two_way_supplemental_public_metric_check,AUS,Australia,2019,KNA,St. Kitts & Nevis,0.9257040000000001,193,CHN,China,176526.09307699997
goods_two_way_supplemental_public_metric_check,AUS,Australia,2019,CYM,Cayman Islands,0.779158,194,CHN,China,176526.09307699997
goods_two_way_supplemental_public_metric_check,AUS,Australia,2019,CPV,Cape Verde,0.605818,195,CHN,China,176526.09307699997
goods_two_way_supplemental_public_metric_check,AUS,Australia,2019,NIU,Niue,0.5705490000000001,196,CHN,China,176526.09307699997
goods_two_way_supplemental_public_metric_check,AUS,Australia,2019,AIA,Anguilla,0.48674300000000004,197,CHN,China,176526.09307699997
goods_two_way_supplemental_public_metric_check,AUS,Australia,2019,CUW,Curaçao,0.405521,198,CHN,China,176526.09307699997
goods_two_way_supplemental_public_metric_check,AUS,Australia,2019,TJK,Tajikistan,0.39053200000000016,199,CHN,China,176526.09307699997
goods_two_way_supplemental_public_metric_check,AUS,Australia,2019,GRD,Grenada,0.37393800000000005,200,CHN,China,176526.09307699997
goods_two_way_supplemental_public_metric_check,AUS,Australia,2019,AND,Andorra,0.35369100000000003,201,CHN,China,176526.09307699997
goods_two_way_supplemental_public_metric_check,AUS,Australia,2019,GNQ,Equatorial Guinea,0.350911,202,CHN,China,176526.09307699997
goods_two_way_supplemental_public_metric_check,AUS,Australia,2019,LBR,Liberia,0.34521,203,CHN,China,176526.09307699997
goods_two_way_supplemental_public_metric_check,AUS,Australia,2019,FLK,Falkland Islands,0.235152,204,CHN,China,176526.09307699997
goods_two_way_supplemental_public_metric_check,AUS,Australia,2019,PCN,Pitcairn Islands,0.178522,205,CHN,China,176526.09307699997
goods_two_way_supplemental_public_metric_check,AUS,Australia,2019,SSD,South Sudan,0.12637,206,CHN,China,176526.09307699997
goods_two_way_supplemental_public_metric_check,AUS,Australia,2019,GNB,Guinea-Bissau,0.120035,207,CHN,China,176526.09307699997
goods_two_way_supplemental_public_metric_check,AUS,Australia,2019,GMB,Gambia,0.10791900000000001,208,CHN,China,176526.09307699997
goods_two_way_supplemental_public_metric_check,AUS,Australia,2019,TCD,Chad,0.10081999999999999,209,CHN,China,176526.09307699997
goods_two_way_supplemental_public_metric_check,AUS,Australia,2019,GIB,Gibraltar,0.096629,210,CHN,China,176526.09307699997
goods_two_way_supplemental_public_metric_check,AUS,Australia,2019,TKM,Turkmenistan,0.052723,211,CHN,China,176526.09307699997
goods_two_way_supplemental_public_metric_check,AUS,Australia,2019,STP,São Tomé & Príncipe,0.035265000000000005,212,CHN,China,176526.09307699997
goods_two_way_supplemental_public_metric_check,AUS,Australia,2019,MSR,Montserrat,0.013083,213,CHN,China,176526.09307699997
goods_two_way_supplemental_public_metric_check,AUS,Australia,2019,COM,Comoros,0.012867,214,CHN,China,176526.09307699997
goods_two_way_supplemental_public_metric_check,AUS,Australia,2019,UMI,United States Minor Outlying Islands (the),0.011246,215,CHN,China,176526.09307699997
goods_two_way_supplemental_public_metric_check,AUS,Australia,2019,TCA,Turks & Caicos Islands,0.0069229999999999995,216,CHN,China,176526.09307699997
goods_two_way_supplemental_public_metric_check,AUS,Australia,2019,SPM,St. Pierre & Miquelon,0.002984,217,CHN,China,176526.09307699997
goods_two_way_supplemental_public_metric_check,AUS,Australia,2019,ATF,French Southern Territories,0.001653,218,CHN,China,176526.09307699997
goods_two_way_supplemental_public_metric_check,AUS,Australia,2020,CHN,China,177057.498079,1,CHN,China,177057.498079
goods_two_way_supplemental_public_metric_check,AUS,Australia,2020,JPN,Japan,48527.62199,2,CHN,China,177057.498079
goods_two_way_supplemental_public_metric_check,AUS,Australia,2020,USA,United States,38116.11151500001,3,CHN,China,177057.498079
goods_two_way_supplemental_public_metric_check,AUS,Australia,2020,KOR,South Korea,25089.294791000004,4,CHN,China,177057.498079
goods_two_way_supplemental_public_metric_check,AUS,Australia,2020,GBR,United Kingdom,14966.855521000001,5,CHN,China,177057.498079
goods_two_way_supplemental_public_metric_check,AUS,Australia,2020,THA,Thailand,13402.075778,6,CHN,China,177057.498079
goods_two_way_supplemental_public_metric_check,AUS,Australia,2020,SGP,Singapore,12522.321734,7,CHN,China,177057.498079
goods_two_way_supplemental_public_metric_check,AUS,Australia,2020,DEU,Germany,12219.423009,8,CHN,China,177057.498079
goods_two_way_supplemental_public_metric_check,AUS,Australia,2020,MYS,Malaysia,11435.300908000001,9,CHN,China,177057.498079
goods_two_way_supplemental_public_metric_check,AUS,Australia,2020,TWN,Taiwan,11312.674563,10,CHN,China,177057.498079
goods_two_way_supplemental_public_metric_check,AUS,Australia,2020,IND,India,11151.453181999997,11,CHN,China,177057.498079
goods_two_way_supplemental_public_metric_check,AUS,Australia,2020,NZL,New Zealand,9301.621227000001,12,CHN,China,177057.498079
goods_two_way_supplemental_public_metric_check,AUS,Australia,2020,VNM,Vietnam,9080.974896,13,CHN,China,177057.498079
goods_two_way_supplemental_public_metric_check,AUS,Australia,2020,IDN,Indonesia,7932.950307999999,14,CHN,China,177057.498079
goods_two_way_supplemental_public_metric_check,AUS,Australia,2020,HKG,Hong Kong,5788.371791000001,15,CHN,China,177057.498079
goods_two_way_supplemental_public_metric_check,AUS,Australia,2020,ITA,Italy,5172.040183,16,CHN,China,177057.498079
goods_two_way_supplemental_public_metric_check,AUS,Australia,2020,FRA,France,4769.923957999999,17,CHN,China,177057.498079
goods_two_way_supplemental_public_metric_check,AUS,Australia,2020,CHE,Switzerland,4255.331086,18,CHN,China,177057.498079
goods_two_way_supplemental_public_metric_check,AUS,Australia,2020,PNG,Papua New Guinea,3866.035059,19,CHN,China,177057.498079
goods_two_way_supplemental_public_metric_check,AUS,Australia,2020,CAN,Canada,3499.73563,20,CHN,China,177057.498079
goods_two_way_supplemental_public_metric_check,AUS,Australia,2020,NLD,Netherlands,3239.9964899999995,21,CHN,China,177057.498079
goods_two_way_supplemental_public_metric_check,AUS,Australia,2020,ARE,United Arab Emirates,3108.9577470000004,22,CHN,China,177057.498079
goods_two_way_supplemental_public_metric_check,AUS,Australia,2020,MEX,Mexico,2250.52925,23,CHN,China,177057.498079
goods_two_way_supplemental_public_metric_check,AUS,Australia,2020,BEL,Belgium,1935.8898170000002,24,CHN,China,177057.498079
goods_two_way_supplemental_public_metric_check,AUS,Australia,2020,ESP,Spain,1867.119934,25,CHN,China,177057.498079
goods_two_way_supplemental_public_metric_check,AUS,Australia,2020,SWE,Sweden,1578.2909219999997,26,CHN,China,177057.498079
goods_two_way_supplemental_public_metric_check,AUS,Australia,2020,IRL,Ireland,1521.5856569999999,27,CHN,China,177057.498079
goods_two_way_supplemental_public_metric_check,AUS,Australia,2020,ZAF,South Africa,1506.4468479999998,28,CHN,China,177057.498079
goods_two_way_supplemental_public_metric_check,AUS,Australia,2020,POL,Poland,1354.440146,29,CHN,China,177057.498079
goods_two_way_supplemental_public_metric_check,AUS,Australia,2020,BGD,Bangladesh,1337.3149420000002,30,CHN,China,177057.498079
goods_two_way_supplemental_public_metric_check,AUS,Australia,2020,BRN,Brunei,1297.711076,31,CHN,China,177057.498079
goods_two_way_supplemental_public_metric_check,AUS,Australia,2020,PHL,Philippines,1292.5158760000002,32,CHN,China,177057.498079
goods_two_way_supplemental_public_metric_check,AUS,Australia,2020,AUT,Austria,1261.759819,33,CHN,China,177057.498079
goods_two_way_supplemental_public_metric_check,AUS,Australia,2020,BRA,Brazil,1255.7863590000004,34,CHN,China,177057.498079
goods_two_way_supplemental_public_metric_check,AUS,Australia,2020,SAU,Saudi Arabia,1251.5039950000003,35,CHN,China,177057.498079
goods_two_way_supplemental_public_metric_check,AUS,Australia,2020,TUR,Turkey,1138.8162000000002,36,CHN,China,177057.498079
goods_two_way_supplemental_public_metric_check,AUS,Australia,2020,FIN,Finland,1131.33874,37,CHN,China,177057.498079
goods_two_way_supplemental_public_metric_check,AUS,Australia,2020,DNK,Denmark,1024.129894,38,CHN,China,177057.498079
goods_two_way_supplemental_public_metric_check,AUS,Australia,2020,BHR,Bahrain,975.920688,39,CHN,China,177057.498079
goods_two_way_supplemental_public_metric_check,AUS,Australia,2020,RUS,Russia,826.1903380000001,40,CHN,China,177057.498079
goods_two_way_supplemental_public_metric_check,AUS,Australia,2020,ISR,Israel,708.3369700000001,41,CHN,China,177057.498079
goods_two_way_supplemental_public_metric_check,AUS,Australia,2020,QAT,Qatar,706.8782439999999,42,CHN,China,177057.498079
goods_two_way_supplemental_public_metric_check,AUS,Australia,2020,ARG,Argentina,690.1225220000001,43,CHN,China,177057.498079
goods_two_way_supplemental_public_metric_check,AUS,Australia,2020,CHL,Chile,689.287901,44,CHN,China,177057.498079
goods_two_way_supplemental_public_metric_check,AUS,Australia,2020,CZE,Czechia,644.0435839999999,45,CHN,China,177057.498079
goods_two_way_supplemental_public_metric_check,AUS,Australia,2020,HUN,Hungary,627.851269,46,CHN,China,177057.498079
goods_two_way_supplemental_public_metric_check,AUS,Australia,2020,EGY,Egypt,605.26881,47,CHN,China,177057.498079
goods_two_way_supplemental_public_metric_check,AUS,Australia,2020,PAK,Pakistan,499.40993599999996,48,CHN,China,177057.498079
goods_two_way_supplemental_public_metric_check,AUS,Australia,2020,FJI,Fiji,432.74272600000006,49,CHN,China,177057.498079
goods_two_way_supplemental_public_metric_check,AUS,Australia,2020,NOR,Norway,427.71944299999996,50,CHN,China,177057.498079
goods_two_way_supplemental_public_metric_check,AUS,Australia,2020,SVK,Slovakia,348.115301,51,CHN,China,177057.498079
goods_two_way_supplemental_public_metric_check,AUS,Australia,2020,KHM,Cambodia,322.921167,52,CHN,China,177057.498079
goods_two_way_supplemental_public_metric_check,AUS,Australia,2020,KWT,Kuwait,315.44019199999997,53,CHN,China,177057.498079
goods_two_way_supplemental_public_metric_check,AUS,Australia,2020,LKA,Sri Lanka,301.83374599999996,54,CHN,China,177057.498079
goods_two_way_supplemental_public_metric_check,AUS,Australia,2020,MLI,Mali,301.236559,55,CHN,China,177057.498079
goods_two_way_supplemental_public_metric_check,AUS,Australia,2020,GRC,Greece,297.355327,56,CHN,China,177057.498079
goods_two_way_supplemental_public_metric_check,AUS,Australia,2020,EST,Estonia,273.89617599999997,57,CHN,China,177057.498079
goods_two_way_supplemental_public_metric_check,AUS,Australia,2020,OMN,Oman,270.82893299999995,58,CHN,China,177057.498079
goods_two_way_supplemental_public_metric_check,AUS,Australia,2020,NCL,New Caledonia,266.809432,59,CHN,China,177057.498079
goods_two_way_supplemental_public_metric_check,AUS,Australia,2020,PER,Peru,260.88380900000004,60,CHN,China,177057.498079
goods_two_way_supplemental_public_metric_check,AUS,Australia,2020,NGA,Nigeria,258.33298399999995,61,CHN,China,177057.498079
goods_two_way_supplemental_public_metric_check,AUS,Australia,2020,GHA,Ghana,252.89322500000003,62,CHN,China,177057.498079
goods_two_way_supplemental_public_metric_check,AUS,Australia,2020,PRT,Portugal,234.067913,63,CHN,China,177057.498079
goods_two_way_supplemental_public_metric_check,AUS,Australia,2020,SEN,Senegal,209.642378,64,CHN,China,177057.498079
goods_two_way_supplemental_public_metric_check,AUS,Australia,2020,COL,Colombia,202.87683499999997,65,CHN,China,177057.498079
goods_two_way_supplemental_public_metric_check,AUS,Australia,2020,ROU,Romania,191.247822,66,CHN,China,177057.498079
goods_two_way_supplemental_public_metric_check,AUS,Australia,2020,MMR,Myanmar (Burma),180.47400399999998,67,CHN,China,177057.498079
goods_two_way_supplemental_public_metric_check,AUS,Australia,2020,LAO,Laos,173.15275400000002,68,CHN,China,177057.498079
goods_two_way_supplemental_public_metric_check,AUS,Australia,2020,CIV,Côte d'Ivoire,170.77896199999998,69,CHN,China,177057.498079
goods_two_way_supplemental_public_metric_check,AUS,Australia,2020,SVN,Slovenia,163.37350299999997,70,CHN,China,177057.498079
goods_two_way_supplemental_public_metric_check,AUS,Australia,2020,YEM,Yemen,146.27885600000002,71,CHN,China,177057.498079
goods_two_way_supplemental_public_metric_check,AUS,Australia,2020,BGR,Bulgaria,144.821329,72,CHN,China,177057.498079
goods_two_way_supplemental_public_metric_check,AUS,Australia,2020,JOR,Jordan,141.36500499999997,73,CHN,China,177057.498079
goods_two_way_supplemental_public_metric_check,AUS,Australia,2020,MAC,Macao,140.43940500000002,74,CHN,China,177057.498079
goods_two_way_supplemental_public_metric_check,AUS,Australia,2020,BOL,Bolivia,137.12492400000005,75,CHN,China,177057.498079
goods_two_way_supplemental_public_metric_check,AUS,Australia,2020,LTU,Lithuania,127.23227500000002,76,CHN,China,177057.498079
goods_two_way_supplemental_public_metric_check,AUS,Australia,2020,DZA,Algeria,121.02047999999999,77,CHN,China,177057.498079
goods_two_way_supplemental_public_metric_check,AUS,Australia,2020,AZE,Azerbaijan,113.081014,78,CHN,China,177057.498079
goods_two_way_supplemental_public_metric_check,AUS,Australia,2020,CRI,Costa Rica,110.250407,79,CHN,China,177057.498079
goods_two_way_supplemental_public_metric_check,AUS,Australia,2020,UKR,Ukraine,104.88271399999999,80,CHN,China,177057.498079
goods_two_way_supplemental_public_metric_check,AUS,Australia,2020,GAB,Gabon,101.23948899999999,81,CHN,China,177057.498079
goods_two_way_supplemental_public_metric_check,AUS,Australia,2020,KEN,Kenya,89.618107,82,CHN,China,177057.498079
goods_two_way_supplemental_public_metric_check,AUS,Australia,2020,MRT,Mauritania,88.98324600000001,83,CHN,China,177057.498079
goods_two_way_supplemental_public_metric_check,AUS,Australia,2020,MUS,Mauritius,79.364968,84,CHN,China,177057.498079
goods_two_way_supplemental_public_metric_check,AUS,Australia,2020,MAR,Morocco,70.408073,85,CHN,China,177057.498079
goods_two_way_supplemental_public_metric_check,AUS,Australia,2020,DOM,Dominican Republic,63.57276700000001,86,CHN,China,177057.498079
goods_two_way_supplemental_public_metric_check,AUS,Australia,2020,KAZ,Kazakhstan,60.80300999999999,87,CHN,China,177057.498079
goods_two_way_supplemental_public_metric_check,AUS,Australia,2020,COD,Congo - Kinshasa,57.254594999999995,88,CHN,China,177057.498079
goods_two_way_supplemental_public_metric_check,AUS,Australia,2020,ISL,Iceland,55.95846800000001,89,CHN,China,177057.498079
goods_two_way_supplemental_public_metric_check,AUS,Australia,2020,LVA,Latvia,53.22186700000001,90,CHN,China,177057.498079
goods_two_way_supplemental_public_metric_check,AUS,Australia,2020,NPL,Nepal,52.813535,91,CHN,China,177057.498079
goods_two_way_supplemental_public_metric_check,AUS,Australia,2020,HND,Honduras,52.80409399999999,92,CHN,China,177057.498079
goods_two_way_supplemental_public_metric_check,AUS,Australia,2020,COG,Congo - Brazzaville,51.150619000000006,93,CHN,China,177057.498079
goods_two_way_supplemental_public_metric_check,AUS,Australia,2020,TZA,Tanzania,50.554084,94,CHN,China,177057.498079
goods_two_way_supplemental_public_metric_check,AUS,Australia,2020,SLB,Solomon Islands,49.93892399999999,95,CHN,China,177057.498079
goods_two_way_supplemental_public_metric_check,AUS,Australia,2020,SRB,Serbia,46.376787,96,CHN,China,177057.498079
goods_two_way_supplemental_public_metric_check,AUS,Australia,2020,MNG,Mongolia,45.716062,97,CHN,China,177057.498079
goods_two_way_supplemental_public_metric_check,AUS,Australia,2020,PYF,French Polynesia,45.533576000000004,98,CHN,China,177057.498079
goods_two_way_supplemental_public_metric_check,AUS,Australia,2020,BLR,Belarus,38.86400900000001,99,CHN,China,177057.498079
goods_two_way_supplemental_public_metric_check,AUS,Australia,2020,VUT,Vanuatu,38.83990399999999,100,CHN,China,177057.498079
goods_two_way_supplemental_public_metric_check,AUS,Australia,2020,ZMB,Zambia,38.43178100000001,101,CHN,China,177057.498079
goods_two_way_supplemental_public_metric_check,AUS,Australia,2020,IRN,Iran,37.462603,102,CHN,China,177057.498079
goods_two_way_supplemental_public_metric_check,AUS,Australia,2020,LBY,Libya,37.351402,103,CHN,China,177057.498079
goods_two_way_supplemental_public_metric_check,AUS,Australia,2020,HRV,Croatia,36.893038,104,CHN,China,177057.498079
goods_two_way_supplemental_public_metric_check,AUS,Australia,2020,LBN,Lebanon,36.506465999999996,105,CHN,China,177057.498079
goods_two_way_supplemental_public_metric_check,AUS,Australia,2020,TUN,Tunisia,36.49583500000001,106,CHN,China,177057.498079
goods_two_way_supplemental_public_metric_check,AUS,Australia,2020,PAN,Panama,34.04471099999999,107,CHN,China,177057.498079
goods_two_way_supplemental_public_metric_check,AUS,Australia,2020,CYP,Cyprus,34.000289,108,CHN,China,177057.498079
goods_two_way_supplemental_public_metric_check,AUS,Australia,2020,BFA,Burkina Faso,32.75972099999999,109,CHN,China,177057.498079
goods_two_way_supplemental_public_metric_check,AUS,Australia,2020,ETH,Ethiopia,30.214345000000005,110,CHN,China,177057.498079
goods_two_way_supplemental_public_metric_check,AUS,Australia,2020,ECU,Ecuador,28.624257,111,CHN,China,177057.498079
goods_two_way_supplemental_public_metric_check,AUS,Australia,2020,MLT,Malta,27.664168999999994,112,CHN,China,177057.498079
goods_two_way_supplemental_public_metric_check,AUS,Australia,2020,GEO,Georgia,26.63621,113,CHN,China,177057.498079
goods_two_way_supplemental_public_metric_check,AUS,Australia,2020,NRU,Nauru,26.592578,114,CHN,China,177057.498079
goods_two_way_supplemental_public_metric_check,AUS,Australia,2020,LUX,Luxembourg,26.590448000000006,115,CHN,China,177057.498079
goods_two_way_supplemental_public_metric_check,AUS,Australia,2020,TTO,Trinidad & Tobago,24.894478999999997,116,CHN,China,177057.498079
goods_two_way_supplemental_public_metric_check,AUS,Australia,2020,MDG,Madagascar,24.654711,117,CHN,China,177057.498079
goods_two_way_supplemental_public_metric_check,AUS,Australia,2020,MOZ,Mozambique,23.74814,118,CHN,China,177057.498079
goods_two_way_supplemental_public_metric_check,AUS,Australia,2020,MDV,Maldives,23.599847000000004,119,CHN,China,177057.498079
goods_two_way_supplemental_public_metric_check,AUS,Australia,2020,AFG,Afghanistan,22.844616999999996,120,CHN,China,177057.498079
goods_two_way_supplemental_public_metric_check,AUS,Australia,2020,NAM,Namibia,22.231164999999997,121,CHN,China,177057.498079
goods_two_way_supplemental_public_metric_check,AUS,Australia,2020,JAM,Jamaica,21.765704,122,CHN,China,177057.498079
goods_two_way_supplemental_public_metric_check,AUS,Australia,2020,NIC,Nicaragua,20.270063,123,CHN,China,177057.498079
goods_two_way_supplemental_public_metric_check,AUS,Australia,2020,GTM,Guatemala,19.242793000000002,124,CHN,China,177057.498079
goods_two_way_supplemental_public_metric_check,AUS,Australia,2020,WSM,Samoa,18.161545999999998,125,CHN,China,177057.498079
goods_two_way_supplemental_public_metric_check,AUS,Australia,2020,KIR,Kiribati,17.814868999999998,126,CHN,China,177057.498079
goods_two_way_supplemental_public_metric_check,AUS,Australia,2020,BWA,Botswana,16.424653999999997,127,CHN,China,177057.498079
goods_two_way_supplemental_public_metric_check,AUS,Australia,2020,URY,Uruguay,16.407193999999997,128,CHN,China,177057.498079
goods_two_way_supplemental_public_metric_check,AUS,Australia,2020,IRQ,Iraq,16.108777,129,CHN,China,177057.498079
goods_two_way_supplemental_public_metric_check,AUS,Australia,2020,BIH,Bosnia & Herzegovina,15.712083,130,CHN,China,177057.498079
goods_two_way_supplemental_public_metric_check,AUS,Australia,2020,TON,Tonga,14.458421,131,CHN,China,177057.498079
goods_two_way_supplemental_public_metric_check,AUS,Australia,2020,TGO,Togo,13.987989000000002,132,CHN,China,177057.498079
goods_two_way_supplemental_public_metric_check,AUS,Australia,2020,ASM,American Samoa,13.853128000000002,133,CHN,China,177057.498079
goods_two_way_supplemental_public_metric_check,AUS,Australia,2020,CXR,Christmas Island,13.808507999999991,134,CHN,China,177057.498079
goods_two_way_supplemental_public_metric_check,AUS,Australia,2020,UZB,Uzbekistan,13.408890999999999,135,CHN,China,177057.498079
goods_two_way_supplemental_public_metric_check,AUS,Australia,2020,SYC,Seychelles,12.696744,136,CHN,China,177057.498079
goods_two_way_supplemental_public_metric_check,AUS,Australia,2020,MKD,North Macedonia,12.157345000000001,137,CHN,China,177057.498079
goods_two_way_supplemental_public_metric_check,AUS,Australia,2020,TLS,Timor-Leste,11.726958000000002,138,CHN,China,177057.498079
goods_two_way_supplemental_public_metric_check,AUS,Australia,2020,SLV,El Salvador,11.359232999999996,139,CHN,China,177057.498079
goods_two_way_supplemental_public_metric_check,AUS,Australia,2020,SUR,Suriname,11.184961,140,CHN,China,177057.498079
goods_two_way_supplemental_public_metric_check,AUS,Australia,2020,UGA,Uganda,9.956593,141,CHN,China,177057.498079
goods_two_way_supplemental_public_metric_check,AUS,Australia,2020,NFK,Norfolk Island,9.047496999999998,142,CHN,China,177057.498079
goods_two_way_supplemental_public_metric_check,AUS,Australia,2020,GUM,Guam,6.9323039999999985,143,CHN,China,177057.498079
goods_two_way_supplemental_public_metric_check,AUS,Australia,2020,AGO,Angola,6.8172180000000004,144,CHN,China,177057.498079
goods_two_way_supplemental_public_metric_check,AUS,Australia,2020,CUB,Cuba,6.55695,145,CHN,China,177057.498079
goods_two_way_supplemental_public_metric_check,AUS,Australia,2020,COK,Cook Islands,5.519178999999999,146,CHN,China,177057.498079
goods_two_way_supplemental_public_metric_check,AUS,Australia,2020,GUY,Guyana,5.4429940000000006,147,CHN,China,177057.498079
goods_two_way_supplemental_public_metric_check,AUS,Australia,2020,GIN,Guinea,5.219055,148,CHN,China,177057.498079
goods_two_way_supplemental_public_metric_check,AUS,Australia,2020,ATA,Antarctica,4.758106000000001,149,CHN,China,177057.498079
goods_two_way_supplemental_public_metric_check,AUS,Australia,2020,CCK,Cocos (Keeling) Islands,4.582152000000001,150,CHN,China,177057.498079
goods_two_way_supplemental_public_metric_check,AUS,Australia,2020,BLZ,Belize,4.532597,151,CHN,China,177057.498079
goods_two_way_supplemental_public_metric_check,AUS,Australia,2020,MDA,Moldova,4.40459,152,CHN,China,177057.498079
goods_two_way_supplemental_public_metric_check,AUS,Australia,2020,PSE,Palestine,4.315202,153,CHN,China,177057.498079
goods_two_way_supplemental_public_metric_check,AUS,Australia,2020,BRB,Barbados,4.313233,154,CHN,China,177057.498079
goods_two_way_supplemental_public_metric_check,AUS,Australia,2020,ZWE,Zimbabwe,4.258392000000001,155,CHN,China,177057.498079
goods_two_way_supplemental_public_metric_check,AUS,Australia,2020,MHL,Marshall Islands,4.175660000000001,156,CHN,China,177057.498079
goods_two_way_supplemental_public_metric_check,AUS,Australia,2020,FSM,Micronesia (Federated States of),4.173907000000001,157,CHN,China,177057.498079
goods_two_way_supplemental_public_metric_check,AUS,Australia,2020,ARM,Armenia,3.953609,158,CHN,China,177057.498079
goods_two_way_supplemental_public_metric_check,AUS,Australia,2020,CMR,Cameroon,3.829087,159,CHN,China,177057.498079
goods_two_way_supplemental_public_metric_check,AUS,Australia,2020,ALB,Albania,3.5930280000000003,160,CHN,China,177057.498079
goods_two_way_supplemental_public_metric_check,AUS,Australia,2020,BHS,Bahamas,3.230328,161,CHN,China,177057.498079
goods_two_way_supplemental_public_metric_check,AUS,Australia,2020,PRY,Paraguay,3.031247,162,CHN,China,177057.498079
goods_two_way_supplemental_public_metric_check,AUS,Australia,2020,VEN,Venezuela,2.8808810000000005,163,CHN,China,177057.498079
goods_two_way_supplemental_public_metric_check,AUS,Australia,2020,SLE,Sierra Leone,2.721356000000001,164,CHN,China,177057.498079
goods_two_way_supplemental_public_metric_check,AUS,Australia,2020,WLF,Wallis & Futuna,2.566726,165,CHN,China,177057.498079
goods_two_way_supplemental_public_metric_check,AUS,Australia,2020,KGZ,Kyrgyzstan,2.4487010000000002,166,CHN,China,177057.498079
goods_two_way_supplemental_public_metric_check,AUS,Australia,2020,SDN,Sudan,2.4409159999999996,167,CHN,China,177057.498079
goods_two_way_supplemental_public_metric_check,AUS,Australia,2020,RWA,Rwanda,2.3446789999999997,168,CHN,China,177057.498079
goods_two_way_supplemental_public_metric_check,AUS,Australia,2020,HTI,Haiti,2.19734,169,CHN,China,177057.498079
goods_two_way_supplemental_public_metric_check,AUS,Australia,2020,NER,Niger,2.1004370000000003,170,CHN,China,177057.498079
goods_two_way_supplemental_public_metric_check,AUS,Australia,2020,BMU,Bermuda,1.9338069999999998,171,CHN,China,177057.498079
goods_two_way_supplemental_public_metric_check,AUS,Australia,2020,SYR,Syria,1.9181439999999998,172,CHN,China,177057.498079
goods_two_way_supplemental_public_metric_check,AUS,Australia,2020,ERI,Eritrea,1.8610190000000004,173,CHN,China,177057.498079
goods_two_way_supplemental_public_metric_check,AUS,Australia,2020,BEN,Benin,1.859039,174,CHN,China,177057.498079
goods_two_way_supplemental_public_metric_check,AUS,Australia,2020,LCA,St. Lucia,1.6620280000000003,175,CHN,China,177057.498079
goods_two_way_supplemental_public_metric_check,AUS,Australia,2020,VCT,St. Vincent & Grenadines,1.6614569999999997,176,CHN,China,177057.498079
goods_two_way_supplemental_public_metric_check,AUS,Australia,2020,DJI,Djibouti,1.5296760000000003,177,CHN,China,177057.498079
goods_two_way_supplemental_public_metric_check,AUS,Australia,2020,TUV,Tuvalu,1.440003,178,CHN,China,177057.498079
goods_two_way_supplemental_public_metric_check,AUS,Australia,2020,BDI,Burundi,1.4307340000000002,179,CHN,China,177057.498079
goods_two_way_supplemental_public_metric_check,AUS,Australia,2020,MNP,Northern Mariana Islands,1.3182610000000001,180,CHN,China,177057.498079
goods_two_way_supplemental_public_metric_check,AUS,Australia,2020,MNE,Montenegro,1.1814639999999998,181,CHN,China,177057.498079
goods_two_way_supplemental_public_metric_check,AUS,Australia,2020,SWZ,Eswatini,1.1459820000000003,182,CHN,China,177057.498079
goods_two_way_supplemental_public_metric_check,AUS,Australia,2020,MWI,Malawi,1.1351870000000002,183,CHN,China,177057.498079
goods_two_way_supplemental_public_metric_check,AUS,Australia,2020,PLW,Palau,1.119534,184,CHN,China,177057.498079
goods_two_way_supplemental_public_metric_check,AUS,Australia,2020,KNA,St. Kitts & Nevis,1.0569199999999999,185,CHN,China,177057.498079
goods_two_way_supplemental_public_metric_check,AUS,Australia,2020,BTN,Bhutan,0.9947909999999999,186,CHN,China,177057.498079
goods_two_way_supplemental_public_metric_check,AUS,Australia,2020,ATG,Antigua & Barbuda,0.95931,187,CHN,China,177057.498079
goods_two_way_supplemental_public_metric_check,AUS,Australia,2020,LSO,Lesotho,0.879702,188,CHN,China,177057.498079
goods_two_way_supplemental_public_metric_check,AUS,Australia,2020,CUW,Curaçao,0.74661,189,CHN,China,177057.498079
goods_two_way_supplemental_public_metric_check,AUS,Australia,2020,SHN,St. Helena,0.7428359999999999,190,CHN,China,177057.498079
goods_two_way_supplemental_public_metric_check,AUS,Australia,2020,CAF,Central African Republic,0.722859,191,CHN,China,177057.498079
goods_two_way_supplemental_public_metric_check,AUS,Australia,2020,CYM,Cayman Islands,0.708974,192,CHN,China,177057.498079
goods_two_way_supplemental_public_metric_check,AUS,Australia,2020,GNQ,Equatorial Guinea,0.610683,193,CHN,China,177057.498079
goods_two_way_supplemental_public_metric_check,AUS,Australia,2020,TCD,Chad,0.575039,194,CHN,China,177057.498079
goods_two_way_supplemental_public_metric_check,AUS,Australia,2020,NIU,Niue,0.49631000000000003,195,CHN,China,177057.498079
goods_two_way_supplemental_public_metric_check,AUS,Australia,2020,GIB,Gibraltar,0.49399899999999997,196,CHN,China,177057.498079
goods_two_way_supplemental_public_metric_check,AUS,Australia,2020,SOM,Somalia,0.47553100000000004,197,CHN,China,177057.498079
goods_two_way_supplemental_public_metric_check,AUS,Australia,2020,VGB,British Virgin Islands,0.41875699999999993,198,CHN,China,177057.498079
goods_two_way_supplemental_public_metric_check,AUS,Australia,2020,LBR,Liberia,0.411314,199,CHN,China,177057.498079
goods_two_way_supplemental_public_metric_check,AUS,Australia,2020,GRD,Grenada,0.407597,200,CHN,China,177057.498079
goods_two_way_supplemental_public_metric_check,AUS,Australia,2020,SSD,South Sudan,0.39118000000000003,201,CHN,China,177057.498079
goods_two_way_supplemental_public_metric_check,AUS,Australia,2020,DMA,Dominica,0.28451699999999996,202,CHN,China,177057.498079
goods_two_way_supplemental_public_metric_check,AUS,Australia,2020,AND,Andorra,0.272014,203,CHN,China,177057.498079
goods_two_way_supplemental_public_metric_check,AUS,Australia,2020,MSR,Montserrat,0.249829,204,CHN,China,177057.498079
goods_two_way_supplemental_public_metric_check,AUS,Australia,2020,TJK,Tajikistan,0.151735,205,CHN,China,177057.498079
goods_two_way_supplemental_public_metric_check,AUS,Australia,2020,AIA,Anguilla,0.12490599999999999,206,CHN,China,177057.498079
goods_two_way_supplemental_public_metric_check,AUS,Australia,2020,GMB,Gambia,0.118849,207,CHN,China,177057.498079
goods_two_way_supplemental_public_metric_check,AUS,Australia,2020,COM,Comoros,0.114253,208,CHN,China,177057.498079
goods_two_way_supplemental_public_metric_check,AUS,Australia,2020,FLK,Falkland Islands,0.059884,209,CHN,China,177057.498079
goods_two_way_supplemental_public_metric_check,AUS,Australia,2020,CPV,Cape Verde,0.035872,210,CHN,China,177057.498079
goods_two_way_supplemental_public_metric_check,AUS,Australia,2020,TKM,Turkmenistan,0.033595,211,CHN,China,177057.498079
goods_two_way_supplemental_public_metric_check,AUS,Australia,2020,ESH,Western Sahara,0.021503,212,CHN,China,177057.498079
goods_two_way_supplemental_public_metric_check,AUS,Australia,2020,STP,São Tomé & Príncipe,0.020594,213,CHN,China,177057.498079
goods_two_way_supplemental_public_metric_check,AUS,Australia,2020,GNB,Guinea-Bissau,0.018314,214,CHN,China,177057.498079
goods_two_way_supplemental_public_metric_check,AUS,Australia,2020,TCA,Turks & Caicos Islands,0.01213,215,CHN,China,177057.498079
goods_two_way_supplemental_public_metric_check,AUS,Australia,2020,ATF,French Southern Territories,0.002316,216,CHN,China,177057.498079
goods_two_way_supplemental_public_metric_check,AUS,Australia,2021,CHN,China,235202.41986800006,1,CHN,China,235202.41986800006
goods_two_way_supplemental_public_metric_check,AUS,Australia,2021,JPN,Japan,68271.681284,2,CHN,China,235202.41986800006
goods_two_way_supplemental_public_metric_check,AUS,Australia,2021,KOR,South Korea,42583.043330000015,3,CHN,China,235202.41986800006
goods_two_way_supplemental_public_metric_check,AUS,Australia,2021,USA,United States,37733.36714,4,CHN,China,235202.41986800006
goods_two_way_supplemental_public_metric_check,AUS,Australia,2021,IND,India,21509.909954000002,5,CHN,China,235202.41986800006
goods_two_way_supplemental_public_metric_check,AUS,Australia,2021,TWN,Taiwan,19415.308742,6,CHN,China,235202.41986800006
goods_two_way_supplemental_public_metric_check,AUS,Australia,2021,THA,Thailand,18020.118448999994,7,CHN,China,235202.41986800006
goods_two_way_supplemental_public_metric_check,AUS,Australia,2021,SGP,Singapore,16987.850146999997,8,CHN,China,235202.41986800006
goods_two_way_supplemental_public_metric_check,AUS,Australia,2021,MYS,Malaysia,15651.094803,9,CHN,China,235202.41986800006
goods_two_way_supplemental_public_metric_check,AUS,Australia,2021,DEU,Germany,13974.615335999999,10,CHN,China,235202.41986800006
goods_two_way_supplemental_public_metric_check,AUS,Australia,2021,VNM,Vietnam,13335.760053000002,11,CHN,China,235202.41986800006
goods_two_way_supplemental_public_metric_check,AUS,Australia,2021,IDN,Indonesia,13065.634344999999,12,CHN,China,235202.41986800006
goods_two_way_supplemental_public_metric_check,AUS,Australia,2021,NZL,New Zealand,10681.583582999998,13,CHN,China,235202.41986800006
goods_two_way_supplemental_public_metric_check,AUS,Australia,2021,GBR,United Kingdom,8988.136273,14,CHN,China,235202.41986800006
goods_two_way_supplemental_public_metric_check,AUS,Australia,2021,ITA,Italy,6598.252560000001,15,CHN,China,235202.41986800006
goods_two_way_supplemental_public_metric_check,AUS,Australia,2021,HKG,Hong Kong,5737.921031000001,16,CHN,China,235202.41986800006
goods_two_way_supplemental_public_metric_check,AUS,Australia,2021,FRA,France,5491.46206,17,CHN,China,235202.41986800006
goods_two_way_supplemental_public_metric_check,AUS,Australia,2021,NLD,Netherlands,4536.066694,18,CHN,China,235202.41986800006
goods_two_way_supplemental_public_metric_check,AUS,Australia,2021,CHE,Switzerland,4388.758402999998,19,CHN,China,235202.41986800006
goods_two_way_supplemental_public_metric_check,AUS,Australia,2021,CAN,Canada,3681.545108000001,20,CHN,China,235202.41986800006
goods_two_way_supplemental_public_metric_check,AUS,Australia,2021,ARE,United Arab Emirates,3458.6404420000003,21,CHN,China,235202.41986800006
goods_two_way_supplemental_public_metric_check,AUS,Australia,2021,BEL,Belgium,3394.1680939999987,22,CHN,China,235202.41986800006
goods_two_way_supplemental_public_metric_check,AUS,Australia,2021,PNG,Papua New Guinea,3298.946823,23,CHN,China,235202.41986800006
goods_two_way_supplemental_public_metric_check,AUS,Australia,2021,ESP,Spain,3100.50488,24,CHN,China,235202.41986800006
goods_two_way_supplemental_public_metric_check,AUS,Australia,2021,MEX,Mexico,2896.3174039999994,25,CHN,China,235202.41986800006
goods_two_way_supplemental_public_metric_check,AUS,Australia,2021,PHL,Philippines,2368.2624520000004,26,CHN,China,235202.41986800006
goods_two_way_supplemental_public_metric_check,AUS,Australia,2021,SAU,Saudi Arabia,2215.9652760000004,27,CHN,China,235202.41986800006
goods_two_way_supplemental_public_metric_check,AUS,Australia,2021,BRN,Brunei,2123.686713,28,CHN,China,235202.41986800006
goods_two_way_supplemental_public_metric_check,AUS,Australia,2021,BGD,Bangladesh,2073.967253,29,CHN,China,235202.41986800006
goods_two_way_supplemental_public_metric_check,AUS,Australia,2021,TUR,Turkey,2063.892346,30,CHN,China,235202.41986800006
goods_two_way_supplemental_public_metric_check,AUS,Australia,2021,ZAF,South Africa,2045.814679,31,CHN,China,235202.41986800006
goods_two_way_supplemental_public_metric_check,AUS,Australia,2021,SWE,Sweden,2031.1813470000002,32,CHN,China,235202.41986800006
goods_two_way_supplemental_public_metric_check,AUS,Australia,2021,BRA,Brazil,1990.3476460000006,33,CHN,China,235202.41986800006
goods_two_way_supplemental_public_metric_check,AUS,Australia,2021,POL,Poland,1811.2672979999998,34,CHN,China,235202.41986800006
goods_two_way_supplemental_public_metric_check,AUS,Australia,2021,IRL,Ireland,1755.122878,35,CHN,China,235202.41986800006
goods_two_way_supplemental_public_metric_check,AUS,Australia,2021,AUT,Austria,1602.2941250000001,36,CHN,China,235202.41986800006
goods_two_way_supplemental_public_metric_check,AUS,Australia,2021,DNK,Denmark,1368.9239209999998,37,CHN,China,235202.41986800006
goods_two_way_supplemental_public_metric_check,AUS,Australia,2021,FIN,Finland,1360.5322179999998,38,CHN,China,235202.41986800006
goods_two_way_supplemental_public_metric_check,AUS,Australia,2021,BHR,Bahrain,1123.0041270000002,39,CHN,China,235202.41986800006
goods_two_way_supplemental_public_metric_check,AUS,Australia,2021,RUS,Russia,1117.205472,40,CHN,China,235202.41986800006
goods_two_way_supplemental_public_metric_check,AUS,Australia,2021,ARG,Argentina,1062.2279280000002,41,CHN,China,235202.41986800006
goods_two_way_supplemental_public_metric_check,AUS,Australia,2021,QAT,Qatar,1006.493583,42,CHN,China,235202.41986800006
goods_two_way_supplemental_public_metric_check,AUS,Australia,2021,PAK,Pakistan,975.9633840000002,43,CHN,China,235202.41986800006
goods_two_way_supplemental_public_metric_check,AUS,Australia,2021,CHL,Chile,929.7369870000002,44,CHN,China,235202.41986800006
goods_two_way_supplemental_public_metric_check,AUS,Australia,2021,ISR,Israel,879.272189,45,CHN,China,235202.41986800006
goods_two_way_supplemental_public_metric_check,AUS,Australia,2021,CZE,Czechia,845.8495220000001,46,CHN,China,235202.41986800006
goods_two_way_supplemental_public_metric_check,AUS,Australia,2021,HUN,Hungary,726.4986710000001,47,CHN,China,235202.41986800006
goods_two_way_supplemental_public_metric_check,AUS,Australia,2021,LKA,Sri Lanka,591.6393820000001,48,CHN,China,235202.41986800006
goods_two_way_supplemental_public_metric_check,AUS,Australia,2021,NOR,Norway,591.139155,49,CHN,China,235202.41986800006
goods_two_way_supplemental_public_metric_check,AUS,Australia,2021,CIV,Côte d'Ivoire,506.52715499999994,50,CHN,China,235202.41986800006
goods_two_way_supplemental_public_metric_check,AUS,Australia,2021,FJI,Fiji,503.2042100000001,51,CHN,China,235202.41986800006
goods_two_way_supplemental_public_metric_check,AUS,Australia,2021,EGY,Egypt,502.77597600000007,52,CHN,China,235202.41986800006
goods_two_way_supplemental_public_metric_check,AUS,Australia,2021,LAO,Laos,460.690782,53,CHN,China,235202.41986800006
goods_two_way_supplemental_public_metric_check,AUS,Australia,2021,OMN,Oman,458.469604,54,CHN,China,235202.41986800006
goods_two_way_supplemental_public_metric_check,AUS,Australia,2021,KWT,Kuwait,453.62366,55,CHN,China,235202.41986800006
goods_two_way_supplemental_public_metric_check,AUS,Australia,2021,SVK,Slovakia,437.8232599999999,56,CHN,China,235202.41986800006
goods_two_way_supplemental_public_metric_check,AUS,Australia,2021,KHM,Cambodia,402.076248,57,CHN,China,235202.41986800006
goods_two_way_supplemental_public_metric_check,AUS,Australia,2021,GHA,Ghana,350.633023,58,CHN,China,235202.41986800006
goods_two_way_supplemental_public_metric_check,AUS,Australia,2021,PRT,Portugal,345.77556400000003,59,CHN,China,235202.41986800006
goods_two_way_supplemental_public_metric_check,AUS,Australia,2021,MLI,Mali,338.235825,60,CHN,China,235202.41986800006
goods_two_way_supplemental_public_metric_check,AUS,Australia,2021,GRC,Greece,325.08474299999995,61,CHN,China,235202.41986800006
goods_two_way_supplemental_public_metric_check,AUS,Australia,2021,NCL,New Caledonia,324.61573400000003,62,CHN,China,235202.41986800006
goods_two_way_supplemental_public_metric_check,AUS,Australia,2021,PER,Peru,318.4451399999999,63,CHN,China,235202.41986800006
goods_two_way_supplemental_public_metric_check,AUS,Australia,2021,COL,Colombia,288.52536599999996,64,CHN,China,235202.41986800006
goods_two_way_supplemental_public_metric_check,AUS,Australia,2021,YEM,Yemen,288.34073400000005,65,CHN,China,235202.41986800006
goods_two_way_supplemental_public_metric_check,AUS,Australia,2021,LBY,Libya,275.52832600000005,66,CHN,China,235202.41986800006
goods_two_way_supplemental_public_metric_check,AUS,Australia,2021,SVN,Slovenia,270.15442199999984,67,CHN,China,235202.41986800006
goods_two_way_supplemental_public_metric_check,AUS,Australia,2021,ROU,Romania,265.55219100000005,68,CHN,China,235202.41986800006
goods_two_way_supplemental_public_metric_check,AUS,Australia,2021,KEN,Kenya,264.5156089999999,69,CHN,China,235202.41986800006
goods_two_way_supplemental_public_metric_check,AUS,Australia,2021,UKR,Ukraine,252.93614300000002,70,CHN,China,235202.41986800006
goods_two_way_supplemental_public_metric_check,AUS,Australia,2021,SEN,Senegal,252.099859,71,CHN,China,235202.41986800006
goods_two_way_supplemental_public_metric_check,AUS,Australia,2021,NPL,Nepal,237.66732000000005,72,CHN,China,235202.41986800006
goods_two_way_supplemental_public_metric_check,AUS,Australia,2021,COG,Congo - Brazzaville,209.78246,73,CHN,China,235202.41986800006
goods_two_way_supplemental_public_metric_check,AUS,Australia,2021,BGR,Bulgaria,200.27201000000002,74,CHN,China,235202.41986800006
goods_two_way_supplemental_public_metric_check,AUS,Australia,2021,MMR,Myanmar (Burma),191.37846200000004,75,CHN,China,235202.41986800006
goods_two_way_supplemental_public_metric_check,AUS,Australia,2021,TTO,Trinidad & Tobago,187.53204400000004,76,CHN,China,235202.41986800006
goods_two_way_supplemental_public_metric_check,AUS,Australia,2021,LTU,Lithuania,167.65175499999998,77,CHN,China,235202.41986800006
goods_two_way_supplemental_public_metric_check,AUS,Australia,2021,MRT,Mauritania,149.25616799999997,78,CHN,China,235202.41986800006
goods_two_way_supplemental_public_metric_check,AUS,Australia,2021,JOR,Jordan,144.723567,79,CHN,China,235202.41986800006
goods_two_way_supplemental_public_metric_check,AUS,Australia,2021,NGA,Nigeria,144.079835,80,CHN,China,235202.41986800006
goods_two_way_supplemental_public_metric_check,AUS,Australia,2021,CRI,Costa Rica,140.582066,81,CHN,China,235202.41986800006
goods_two_way_supplemental_public_metric_check,AUS,Australia,2021,MAR,Morocco,139.19202,82,CHN,China,235202.41986800006
goods_two_way_supplemental_public_metric_check,AUS,Australia,2021,MAC,Macao,135.920547,83,CHN,China,235202.41986800006
goods_two_way_supplemental_public_metric_check,AUS,Australia,2021,GAB,Gabon,134.796246,84,CHN,China,235202.41986800006
goods_two_way_supplemental_public_metric_check,AUS,Australia,2021,DZA,Algeria,133.660446,85,CHN,China,235202.41986800006
goods_two_way_supplemental_public_metric_check,AUS,Australia,2021,ISL,Iceland,132.493994,86,CHN,China,235202.41986800006
goods_two_way_supplemental_public_metric_check,AUS,Australia,2021,EST,Estonia,126.14111399999997,87,CHN,China,235202.41986800006
goods_two_way_supplemental_public_metric_check,AUS,Australia,2021,HRV,Croatia,112.43727700000001,88,CHN,China,235202.41986800006
goods_two_way_supplemental_public_metric_check,AUS,Australia,2021,MOZ,Mozambique,96.45492700000003,89,CHN,China,235202.41986800006
goods_two_way_supplemental_public_metric_check,AUS,Australia,2021,TZA,Tanzania,95.96277499999998,90,CHN,China,235202.41986800006
goods_two_way_supplemental_public_metric_check,AUS,Australia,2021,IRN,Iran,94.253859,91,CHN,China,235202.41986800006
goods_two_way_supplemental_public_metric_check,AUS,Australia,2021,URY,Uruguay,89.23679700000005,92,CHN,China,235202.41986800006
goods_two_way_supplemental_public_metric_check,AUS,Australia,2021,DOM,Dominican Republic,77.73287000000002,93,CHN,China,235202.41986800006
goods_two_way_supplemental_public_metric_check,AUS,Australia,2021,SRB,Serbia,76.35984000000002,94,CHN,China,235202.41986800006
goods_two_way_supplemental_public_metric_check,AUS,Australia,2021,MUS,Mauritius,76.18403599999996,95,CHN,China,235202.41986800006
goods_two_way_supplemental_public_metric_check,AUS,Australia,2021,AZE,Azerbaijan,72.535224,96,CHN,China,235202.41986800006
goods_two_way_supplemental_public_metric_check,AUS,Australia,2021,LVA,Latvia,68.928482,97,CHN,China,235202.41986800006
goods_two_way_supplemental_public_metric_check,AUS,Australia,2021,ZMB,Zambia,67.882369,98,CHN,China,235202.41986800006
goods_two_way_supplemental_public_metric_check,AUS,Australia,2021,SLB,Solomon Islands,66.11073200000001,99,CHN,China,235202.41986800006
goods_two_way_supplemental_public_metric_check,AUS,Australia,2021,COD,Congo - Kinshasa,63.799220999999996,100,CHN,China,235202.41986800006
goods_two_way_supplemental_public_metric_check,AUS,Australia,2021,AGO,Angola,61.43058600000001,101,CHN,China,235202.41986800006
goods_two_way_supplemental_public_metric_check,AUS,Australia,2021,KAZ,Kazakhstan,55.98201600000001,102,CHN,China,235202.41986800006
goods_two_way_supplemental_public_metric_check,AUS,Australia,2021,HND,Honduras,55.61288299999999,103,CHN,China,235202.41986800006
goods_two_way_supplemental_public_metric_check,AUS,Australia,2021,VUT,Vanuatu,55.42936,104,CHN,China,235202.41986800006
goods_two_way_supplemental_public_metric_check,AUS,Australia,2021,ETH,Ethiopia,54.187197,105,CHN,China,235202.41986800006
goods_two_way_supplemental_public_metric_check,AUS,Australia,2021,SDN,Sudan,53.844450999999985,106,CHN,China,235202.41986800006
goods_two_way_supplemental_public_metric_check,AUS,Australia,2021,UGA,Uganda,53.25461099999999,107,CHN,China,235202.41986800006
goods_two_way_supplemental_public_metric_check,AUS,Australia,2021,BIH,Bosnia & Herzegovina,53.201158000000014,108,CHN,China,235202.41986800006
goods_two_way_supplemental_public_metric_check,AUS,Australia,2021,TUN,Tunisia,49.51939499999999,109,CHN,China,235202.41986800006
goods_two_way_supplemental_public_metric_check,AUS,Australia,2021,MNG,Mongolia,49.49375599999999,110,CHN,China,235202.41986800006
goods_two_way_supplemental_public_metric_check,AUS,Australia,2021,ECU,Ecuador,48.79311,111,CHN,China,235202.41986800006
goods_two_way_supplemental_public_metric_check,AUS,Australia,2021,MDV,Maldives,48.421893000000004,112,CHN,China,235202.41986800006
goods_two_way_supplemental_public_metric_check,AUS,Australia,2021,PYF,French Polynesia,48.31960899999999,113,CHN,China,235202.41986800006
goods_two_way_supplemental_public_metric_check,AUS,Australia,2021,MDG,Madagascar,44.427959,114,CHN,China,235202.41986800006
goods_two_way_supplemental_public_metric_check,AUS,Australia,2021,WSM,Samoa,41.12346999999998,115,CHN,China,235202.41986800006
goods_two_way_supplemental_public_metric_check,AUS,Australia,2021,PAN,Panama,38.725004999999996,116,CHN,China,235202.41986800006
goods_two_way_supplemental_public_metric_check,AUS,Australia,2021,LBN,Lebanon,38.677503,117,CHN,China,235202.41986800006
goods_two_way_supplemental_public_metric_check,AUS,Australia,2021,NRU,Nauru,37.92513,118,CHN,China,235202.41986800006
goods_two_way_supplemental_public_metric_check,AUS,Australia,2021,CYP,Cyprus,36.826401,119,CHN,China,235202.41986800006
goods_two_way_supplemental_public_metric_check,AUS,Australia,2021,GTM,Guatemala,32.899765,120,CHN,China,235202.41986800006
goods_two_way_supplemental_public_metric_check,AUS,Australia,2021,LUX,Luxembourg,32.80972,121,CHN,China,235202.41986800006
goods_two_way_supplemental_public_metric_check,AUS,Australia,2021,NIC,Nicaragua,32.559781,122,CHN,China,235202.41986800006
goods_two_way_supplemental_public_metric_check,AUS,Australia,2021,BFA,Burkina Faso,31.860126999999995,123,CHN,China,235202.41986800006
goods_two_way_supplemental_public_metric_check,AUS,Australia,2021,JAM,Jamaica,29.001056,124,CHN,China,235202.41986800006
goods_two_way_supplemental_public_metric_check,AUS,Australia,2021,NAM,Namibia,27.19606500000001,125,CHN,China,235202.41986800006
goods_two_way_supplemental_public_metric_check,AUS,Australia,2021,MLT,Malta,26.726559,126,CHN,China,235202.41986800006
goods_two_way_supplemental_public_metric_check,AUS,Australia,2021,KIR,Kiribati,25.094972999999996,127,CHN,China,235202.41986800006
goods_two_way_supplemental_public_metric_check,AUS,Australia,2021,ZWE,Zimbabwe,24.328153999999998,128,CHN,China,235202.41986800006
goods_two_way_supplemental_public_metric_check,AUS,Australia,2021,IRQ,Iraq,23.993705,129,CHN,China,235202.41986800006
goods_two_way_supplemental_public_metric_check,AUS,Australia,2021,BWA,Botswana,22.963549,130,CHN,China,235202.41986800006
goods_two_way_supplemental_public_metric_check,AUS,Australia,2021,TGO,Togo,22.390577000000004,131,CHN,China,235202.41986800006
goods_two_way_supplemental_public_metric_check,AUS,Australia,2021,CXR,Christmas Island,21.198389000000002,132,CHN,China,235202.41986800006
goods_two_way_supplemental_public_metric_check,AUS,Australia,2021,MWI,Malawi,20.946406999999997,133,CHN,China,235202.41986800006
goods_two_way_supplemental_public_metric_check,AUS,Australia,2021,MNE,Montenegro,20.42610399999999,134,CHN,China,235202.41986800006
goods_two_way_supplemental_public_metric_check,AUS,Australia,2021,TON,Tonga,18.233618,135,CHN,China,235202.41986800006
goods_two_way_supplemental_public_metric_check,AUS,Australia,2021,RWA,Rwanda,17.688590000000005,136,CHN,China,235202.41986800006
goods_two_way_supplemental_public_metric_check,AUS,Australia,2021,SLV,El Salvador,15.215154000000004,137,CHN,China,235202.41986800006
goods_two_way_supplemental_public_metric_check,AUS,Australia,2021,BLR,Belarus,14.639750000000003,138,CHN,China,235202.41986800006
goods_two_way_supplemental_public_metric_check,AUS,Australia,2021,TLS,Timor-Leste,13.982451,139,CHN,China,235202.41986800006
goods_two_way_supplemental_public_metric_check,AUS,Australia,2021,SUR,Suriname,13.923810999999999,140,CHN,China,235202.41986800006
goods_two_way_supplemental_public_metric_check,AUS,Australia,2021,ASM,American Samoa,13.457646,141,CHN,China,235202.41986800006
goods_two_way_supplemental_public_metric_check,AUS,Australia,2021,BOL,Bolivia,13.411101000000002,142,CHN,China,235202.41986800006
goods_two_way_supplemental_public_metric_check,AUS,Australia,2021,MKD,North Macedonia,12.136364,143,CHN,China,235202.41986800006
goods_two_way_supplemental_public_metric_check,AUS,Australia,2021,SWZ,Eswatini,10.797238,144,CHN,China,235202.41986800006
goods_two_way_supplemental_public_metric_check,AUS,Australia,2021,DJI,Djibouti,10.591152999999997,145,CHN,China,235202.41986800006
goods_two_way_supplemental_public_metric_check,AUS,Australia,2021,GEO,Georgia,9.281145000000002,146,CHN,China,235202.41986800006
goods_two_way_supplemental_public_metric_check,AUS,Australia,2021,VEN,Venezuela,9.280486,147,CHN,China,235202.41986800006
goods_two_way_supplemental_public_metric_check,AUS,Australia,2021,CUB,Cuba,9.066507999999999,148,CHN,China,235202.41986800006
goods_two_way_supplemental_public_metric_check,AUS,Australia,2021,CPV,Cape Verde,8.442555,149,CHN,China,235202.41986800006
goods_two_way_supplemental_public_metric_check,AUS,Australia,2021,SYC,Seychelles,8.338026,150,CHN,China,235202.41986800006
goods_two_way_supplemental_public_metric_check,AUS,Australia,2021,ARM,Armenia,8.150071999999998,151,CHN,China,235202.41986800006
goods_two_way_supplemental_public_metric_check,AUS,Australia,2021,CCK,Cocos (Keeling) Islands,7.040730000000002,152,CHN,China,235202.41986800006
goods_two_way_supplemental_public_metric_check,AUS,Australia,2021,UZB,Uzbekistan,6.996735999999999,153,CHN,China,235202.41986800006
goods_two_way_supplemental_public_metric_check,AUS,Australia,2021,NFK,Norfolk Island,6.943464999999999,154,CHN,China,235202.41986800006
goods_two_way_supplemental_public_metric_check,AUS,Australia,2021,PSE,Palestine,6.822328999999999,155,CHN,China,235202.41986800006
goods_two_way_supplemental_public_metric_check,AUS,Australia,2021,GUM,Guam,6.2099899999999995,156,CHN,China,235202.41986800006
goods_two_way_supplemental_public_metric_check,AUS,Australia,2021,KGZ,Kyrgyzstan,5.969627000000001,157,CHN,China,235202.41986800006
goods_two_way_supplemental_public_metric_check,AUS,Australia,2021,ATA,Antarctica,5.76457,158,CHN,China,235202.41986800006
goods_two_way_supplemental_public_metric_check,AUS,Australia,2021,BRB,Barbados,5.514722000000001,159,CHN,China,235202.41986800006
goods_two_way_supplemental_public_metric_check,AUS,Australia,2021,BHS,Bahamas,5.490584999999999,160,CHN,China,235202.41986800006
goods_two_way_supplemental_public_metric_check,AUS,Australia,2021,COK,Cook Islands,5.454277000000001,161,CHN,China,235202.41986800006
goods_two_way_supplemental_public_metric_check,AUS,Australia,2021,SLE,Sierra Leone,5.376024000000001,162,CHN,China,235202.41986800006
goods_two_way_supplemental_public_metric_check,AUS,Australia,2021,ALB,Albania,5.281612,163,CHN,China,235202.41986800006
goods_two_way_supplemental_public_metric_check,AUS,Australia,2021,GUY,Guyana,5.194872000000001,164,CHN,China,235202.41986800006
goods_two_way_supplemental_public_metric_check,AUS,Australia,2021,GIN,Guinea,4.927267,165,CHN,China,235202.41986800006
goods_two_way_supplemental_public_metric_check,AUS,Australia,2021,NER,Niger,4.876405999999999,166,CHN,China,235202.41986800006
goods_two_way_supplemental_public_metric_check,AUS,Australia,2021,MDA,Moldova,4.6323039999999995,167,CHN,China,235202.41986800006
goods_two_way_supplemental_public_metric_check,AUS,Australia,2021,PRY,Paraguay,4.244138999999999,168,CHN,China,235202.41986800006
goods_two_way_supplemental_public_metric_check,AUS,Australia,2021,FSM,Micronesia (Federated States of),4.234754,169,CHN,China,235202.41986800006
goods_two_way_supplemental_public_metric_check,AUS,Australia,2021,BLZ,Belize,3.797048000000001,170,CHN,China,235202.41986800006
goods_two_way_supplemental_public_metric_check,AUS,Australia,2021,BTN,Bhutan,3.4665340000000007,171,CHN,China,235202.41986800006
goods_two_way_supplemental_public_metric_check,AUS,Australia,2021,ERI,Eritrea,3.338125,172,CHN,China,235202.41986800006
goods_two_way_supplemental_public_metric_check,AUS,Australia,2021,TUV,Tuvalu,2.6826700000000008,173,CHN,China,235202.41986800006
goods_two_way_supplemental_public_metric_check,AUS,Australia,2021,CMR,Cameroon,2.600257,174,CHN,China,235202.41986800006
goods_two_way_supplemental_public_metric_check,AUS,Australia,2021,WLF,Wallis & Futuna,2.5436290000000006,175,CHN,China,235202.41986800006
goods_two_way_supplemental_public_metric_check,AUS,Australia,2021,BDI,Burundi,2.5030829999999997,176,CHN,China,235202.41986800006
goods_two_way_supplemental_public_metric_check,AUS,Australia,2021,HTI,Haiti,2.098379,177,CHN,China,235202.41986800006
goods_two_way_supplemental_public_metric_check,AUS,Australia,2021,MHL,Marshall Islands,1.9870400000000001,178,CHN,China,235202.41986800006
goods_two_way_supplemental_public_metric_check,AUS,Australia,2021,SYR,Syria,1.9764179999999996,179,CHN,China,235202.41986800006
goods_two_way_supplemental_public_metric_check,AUS,Australia,2021,AFG,Afghanistan,1.7653759999999998,180,CHN,China,235202.41986800006
goods_two_way_supplemental_public_metric_check,AUS,Australia,2021,BEN,Benin,1.6048339999999999,181,CHN,China,235202.41986800006
goods_two_way_supplemental_public_metric_check,AUS,Australia,2021,PLW,Palau,1.353116,182,CHN,China,235202.41986800006
goods_two_way_supplemental_public_metric_check,AUS,Australia,2021,MNP,Northern Mariana Islands,1.16652,183,CHN,China,235202.41986800006
goods_two_way_supplemental_public_metric_check,AUS,Australia,2021,LCA,St. Lucia,1.1403629999999998,184,CHN,China,235202.41986800006
goods_two_way_supplemental_public_metric_check,AUS,Australia,2021,CAF,Central African Republic,1.0887369999999998,185,CHN,China,235202.41986800006
goods_two_way_supplemental_public_metric_check,AUS,Australia,2021,CYM,Cayman Islands,1.0721319999999999,186,CHN,China,235202.41986800006
goods_two_way_supplemental_public_metric_check,AUS,Australia,2021,LBR,Liberia,1.067523,187,CHN,China,235202.41986800006
goods_two_way_supplemental_public_metric_check,AUS,Australia,2021,ATG,Antigua & Barbuda,1.008567,188,CHN,China,235202.41986800006
goods_two_way_supplemental_public_metric_check,AUS,Australia,2021,BMU,Bermuda,0.870033,189,CHN,China,235202.41986800006
goods_two_way_supplemental_public_metric_check,AUS,Australia,2021,SOM,Somalia,0.810335,190,CHN,China,235202.41986800006
goods_two_way_supplemental_public_metric_check,AUS,Australia,2021,LSO,Lesotho,0.6917169999999999,191,CHN,China,235202.41986800006
goods_two_way_supplemental_public_metric_check,AUS,Australia,2021,KNA,St. Kitts & Nevis,0.635379,192,CHN,China,235202.41986800006
goods_two_way_supplemental_public_metric_check,AUS,Australia,2021,GNQ,Equatorial Guinea,0.47158700000000003,193,CHN,China,235202.41986800006
goods_two_way_supplemental_public_metric_check,AUS,Australia,2021,SSD,South Sudan,0.439201,194,CHN,China,235202.41986800006
goods_two_way_supplemental_public_metric_check,AUS,Australia,2021,CUW,Curaçao,0.381658,195,CHN,China,235202.41986800006
goods_two_way_supplemental_public_metric_check,AUS,Australia,2021,NIU,Niue,0.32465,196,CHN,China,235202.41986800006
goods_two_way_supplemental_public_metric_check,AUS,Australia,2021,TJK,Tajikistan,0.301685,197,CHN,China,235202.41986800006
goods_two_way_supplemental_public_metric_check,AUS,Australia,2021,VCT,St. Vincent & Grenadines,0.28414399999999995,198,CHN,China,235202.41986800006
goods_two_way_supplemental_public_metric_check,AUS,Australia,2021,SHN,St. Helena,0.245887,199,CHN,China,235202.41986800006
goods_two_way_supplemental_public_metric_check,AUS,Australia,2021,COM,Comoros,0.218995,200,CHN,China,235202.41986800006
goods_two_way_supplemental_public_metric_check,AUS,Australia,2021,VGB,British Virgin Islands,0.21551599999999999,201,CHN,China,235202.41986800006
goods_two_way_supplemental_public_metric_check,AUS,Australia,2021,AND,Andorra,0.1884,202,CHN,China,235202.41986800006
goods_two_way_supplemental_public_metric_check,AUS,Australia,2021,GRD,Grenada,0.17698399999999997,203,CHN,China,235202.41986800006
goods_two_way_supplemental_public_metric_check,AUS,Australia,2021,GMB,Gambia,0.17129500000000003,204,CHN,China,235202.41986800006
goods_two_way_supplemental_public_metric_check,AUS,Australia,2021,TCD,Chad,0.141159,205,CHN,China,235202.41986800006
goods_two_way_supplemental_public_metric_check,AUS,Australia,2021,FLK,Falkland Islands,0.122024,206,CHN,China,235202.41986800006
goods_two_way_supplemental_public_metric_check,AUS,Australia,2021,GIB,Gibraltar,0.09900699999999998,207,CHN,China,235202.41986800006
goods_two_way_supplemental_public_metric_check,AUS,Australia,2021,DMA,Dominica,0.095686,208,CHN,China,235202.41986800006
goods_two_way_supplemental_public_metric_check,AUS,Australia,2021,TCA,Turks & Caicos Islands,0.092776,209,CHN,China,235202.41986800006
goods_two_way_supplemental_public_metric_check,AUS,Australia,2021,STP,São Tomé & Príncipe,0.06210899999999999,210,CHN,China,235202.41986800006
goods_two_way_supplemental_public_metric_check,AUS,Australia,2021,AIA,Anguilla,0.037322,211,CHN,China,235202.41986800006
goods_two_way_supplemental_public_metric_check,AUS,Australia,2021,MSR,Montserrat,0.017828,212,CHN,China,235202.41986800006
goods_two_way_supplemental_public_metric_check,AUS,Australia,2021,TKM,Turkmenistan,0.014157,213,CHN,China,235202.41986800006
goods_two_way_supplemental_public_metric_check,AUS,Australia,2021,GNB,Guinea-Bissau,0.013533000000000002,214,CHN,China,235202.41986800006
goods_two_way_supplemental_public_metric_check,AUS,Australia,2021,PCN,Pitcairn Islands,0.011028000000000001,215,CHN,China,235202.41986800006
goods_two_way_supplemental_public_metric_check,AUS,Australia,2021,ESH,Western Sahara,0.003443,216,CHN,China,235202.41986800006
goods_two_way_supplemental_public_metric_check,AUS,Australia,2022,CHN,China,222034.0208,1,CHN,China,222034.0208
goods_two_way_supplemental_public_metric_check,AUS,Australia,2022,JPN,Japan,104257.90699899994,2,CHN,China,222034.0208
goods_two_way_supplemental_public_metric_check,AUS,Australia,2022,KOR,South Korea,62387.81311200001,3,CHN,China,222034.0208
goods_two_way_supplemental_public_metric_check,AUS,Australia,2022,USA,United States,43526.573567,4,CHN,China,222034.0208
goods_two_way_supplemental_public_metric_check,AUS,Australia,2022,TWN,Taiwan,32500.240257000005,5,CHN,China,222034.0208
goods_two_way_supplemental_public_metric_check,AUS,Australia,2022,IND,India,26935.26937899999,6,CHN,China,222034.0208
goods_two_way_supplemental_public_metric_check,AUS,Australia,2022,SGP,Singapore,22017.224744000003,7,CHN,China,222034.0208
goods_two_way_supplemental_public_metric_check,AUS,Australia,2022,MYS,Malaysia,21098.321346,8,CHN,China,222034.0208
goods_two_way_supplemental_public_metric_check,AUS,Australia,2022,THA,Thailand,19651.459014,9,CHN,China,222034.0208
goods_two_way_supplemental_public_metric_check,AUS,Australia,2022,DEU,Germany,16541.645039000003,10,CHN,China,222034.0208
goods_two_way_supplemental_public_metric_check,AUS,Australia,2022,VNM,Vietnam,16337.632660000003,11,CHN,China,222034.0208
goods_two_way_supplemental_public_metric_check,AUS,Australia,2022,IDN,Indonesia,13257.477359000004,12,CHN,China,222034.0208
goods_two_way_supplemental_public_metric_check,AUS,Australia,2022,NZL,New Zealand,10174.364399999999,13,CHN,China,222034.0208
goods_two_way_supplemental_public_metric_check,AUS,Australia,2022,GBR,United Kingdom,8011.773828000001,14,CHN,China,222034.0208
goods_two_way_supplemental_public_metric_check,AUS,Australia,2022,ITA,Italy,7904.737254999999,15,CHN,China,222034.0208
goods_two_way_supplemental_public_metric_check,AUS,Australia,2022,FRA,France,6846.181345000001,16,CHN,China,222034.0208
goods_two_way_supplemental_public_metric_check,AUS,Australia,2022,HKG,Hong Kong,6298.8774820000035,17,CHN,China,222034.0208
goods_two_way_supplemental_public_metric_check,AUS,Australia,2022,CHE,Switzerland,5980.894221000001,18,CHN,China,222034.0208
goods_two_way_supplemental_public_metric_check,AUS,Australia,2022,ARE,United Arab Emirates,4421.209901,19,CHN,China,222034.0208
goods_two_way_supplemental_public_metric_check,AUS,Australia,2022,NLD,Netherlands,4416.964518,20,CHN,China,222034.0208
goods_two_way_supplemental_public_metric_check,AUS,Australia,2022,CAN,Canada,4327.293793000001,21,CHN,China,222034.0208
goods_two_way_supplemental_public_metric_check,AUS,Australia,2022,PHL,Philippines,3845.893701,22,CHN,China,222034.0208
goods_two_way_supplemental_public_metric_check,AUS,Australia,2022,BRA,Brazil,3776.0391169999984,23,CHN,China,222034.0208
goods_two_way_supplemental_public_metric_check,AUS,Australia,2022,BEL,Belgium,3565.391579999999,24,CHN,China,222034.0208
goods_two_way_supplemental_public_metric_check,AUS,Australia,2022,MEX,Mexico,3376.1512270000003,25,CHN,China,222034.0208
goods_two_way_supplemental_public_metric_check,AUS,Australia,2022,BRN,Brunei,3332.221134,26,CHN,China,222034.0208
goods_two_way_supplemental_public_metric_check,AUS,Australia,2022,ESP,Spain,3197.4451310000004,27,CHN,China,222034.0208
goods_two_way_supplemental_public_metric_check,AUS,Australia,2022,PNG,Papua New Guinea,2879.3145639999993,28,CHN,China,222034.0208
goods_two_way_supplemental_public_metric_check,AUS,Australia,2022,TUR,Turkey,2665.2069860000006,29,CHN,China,222034.0208
goods_two_way_supplemental_public_metric_check,AUS,Australia,2022,POL,Poland,2648.873584,30,CHN,China,222034.0208
goods_two_way_supplemental_public_metric_check,AUS,Australia,2022,BGD,Bangladesh,2575.7303459999994,31,CHN,China,222034.0208
goods_two_way_supplemental_public_metric_check,AUS,Australia,2022,SWE,Sweden,2494.666078000001,32,CHN,China,222034.0208
goods_two_way_supplemental_public_metric_check,AUS,Australia,2022,SAU,Saudi Arabia,2374.735589,33,CHN,China,222034.0208
goods_two_way_supplemental_public_metric_check,AUS,Australia,2022,ZAF,South Africa,2292.020801,34,CHN,China,222034.0208
goods_two_way_supplemental_public_metric_check,AUS,Australia,2022,IRL,Ireland,2138.020049,35,CHN,China,222034.0208
goods_two_way_supplemental_public_metric_check,AUS,Australia,2022,FIN,Finland,1643.746166,36,CHN,China,222034.0208
goods_two_way_supplemental_public_metric_check,AUS,Australia,2022,AUT,Austria,1631.4516359999998,37,CHN,China,222034.0208
goods_two_way_supplemental_public_metric_check,AUS,Australia,2022,BHR,Bahrain,1523.1621850000001,38,CHN,China,222034.0208
goods_two_way_supplemental_public_metric_check,AUS,Australia,2022,ARG,Argentina,1298.712667,39,CHN,China,222034.0208
goods_two_way_supplemental_public_metric_check,AUS,Australia,2022,CHL,Chile,1134.2186329999993,40,CHN,China,222034.0208
goods_two_way_supplemental_public_metric_check,AUS,Australia,2022,QAT,Qatar,1112.42453,41,CHN,China,222034.0208
goods_two_way_supplemental_public_metric_check,AUS,Australia,2022,CZE,Czechia,1091.653302,42,CHN,China,222034.0208
goods_two_way_supplemental_public_metric_check,AUS,Australia,2022,DNK,Denmark,1090.082381,43,CHN,China,222034.0208
goods_two_way_supplemental_public_metric_check,AUS,Australia,2022,ISR,Israel,920.6029939999999,44,CHN,China,222034.0208
goods_two_way_supplemental_public_metric_check,AUS,Australia,2022,PAK,Pakistan,909.63095,45,CHN,China,222034.0208
goods_two_way_supplemental_public_metric_check,AUS,Australia,2022,HUN,Hungary,833.199443,46,CHN,China,222034.0208
goods_two_way_supplemental_public_metric_check,AUS,Australia,2022,RUS,Russia,721.458026,47,CHN,China,222034.0208
goods_two_way_supplemental_public_metric_check,AUS,Australia,2022,EGY,Egypt,684.1723510000004,48,CHN,China,222034.0208
goods_two_way_supplemental_public_metric_check,AUS,Australia,2022,OMN,Oman,672.6255319999999,49,CHN,China,222034.0208
goods_two_way_supplemental_public_metric_check,AUS,Australia,2022,KHM,Cambodia,642.912384,50,CHN,China,222034.0208
goods_two_way_supplemental_public_metric_check,AUS,Australia,2022,NCL,New Caledonia,601.0017400000003,51,CHN,China,222034.0208
goods_two_way_supplemental_public_metric_check,AUS,Australia,2022,KWT,Kuwait,577.9627029999999,52,CHN,China,222034.0208
goods_two_way_supplemental_public_metric_check,AUS,Australia,2022,FJI,Fiji,556.156113,53,CHN,China,222034.0208
goods_two_way_supplemental_public_metric_check,AUS,Australia,2022,NOR,Norway,540.669024,54,CHN,China,222034.0208
goods_two_way_supplemental_public_metric_check,AUS,Australia,2022,LBY,Libya,532.059712,55,CHN,China,222034.0208
goods_two_way_supplemental_public_metric_check,AUS,Australia,2022,SVK,Slovakia,513.976212,56,CHN,China,222034.0208
goods_two_way_supplemental_public_metric_check,AUS,Australia,2022,LKA,Sri Lanka,489.161477,57,CHN,China,222034.0208
goods_two_way_supplemental_public_metric_check,AUS,Australia,2022,PRT,Portugal,430.4926639999999,58,CHN,China,222034.0208
goods_two_way_supplemental_public_metric_check,AUS,Australia,2022,MLI,Mali,414.299286,59,CHN,China,222034.0208
goods_two_way_supplemental_public_metric_check,AUS,Australia,2022,YEM,Yemen,376.99088099999994,60,CHN,China,222034.0208
goods_two_way_supplemental_public_metric_check,AUS,Australia,2022,LAO,Laos,375.816996,61,CHN,China,222034.0208
goods_two_way_supplemental_public_metric_check,AUS,Australia,2022,MAR,Morocco,363.553717,62,CHN,China,222034.0208
goods_two_way_supplemental_public_metric_check,AUS,Australia,2022,COL,Colombia,343.571647,63,CHN,China,222034.0208
goods_two_way_supplemental_public_metric_check,AUS,Australia,2022,ISL,Iceland,341.213318,64,CHN,China,222034.0208
goods_two_way_supplemental_public_metric_check,AUS,Australia,2022,PER,Peru,335.883002,65,CHN,China,222034.0208
goods_two_way_supplemental_public_metric_check,AUS,Australia,2022,JOR,Jordan,329.368283,66,CHN,China,222034.0208
goods_two_way_supplemental_public_metric_check,AUS,Australia,2022,NGA,Nigeria,317.555983,67,CHN,China,222034.0208
goods_two_way_supplemental_public_metric_check,AUS,Australia,2022,GRC,Greece,310.680745,68,CHN,China,222034.0208
goods_two_way_supplemental_public_metric_check,AUS,Australia,2022,DZA,Algeria,295.426918,69,CHN,China,222034.0208
goods_two_way_supplemental_public_metric_check,AUS,Australia,2022,UKR,Ukraine,283.38418199999995,70,CHN,China,222034.0208
goods_two_way_supplemental_public_metric_check,AUS,Australia,2022,AZE,Azerbaijan,276.811496,71,CHN,China,222034.0208
goods_two_way_supplemental_public_metric_check,AUS,Australia,2022,ROU,Romania,272.38360700000004,72,CHN,China,222034.0208
goods_two_way_supplemental_public_metric_check,AUS,Australia,2022,CIV,Côte d'Ivoire,262.231028,73,CHN,China,222034.0208
goods_two_way_supplemental_public_metric_check,AUS,Australia,2022,MOZ,Mozambique,252.04186600000006,74,CHN,China,222034.0208
goods_two_way_supplemental_public_metric_check,AUS,Australia,2022,SEN,Senegal,247.919875,75,CHN,China,222034.0208
goods_two_way_supplemental_public_metric_check,AUS,Australia,2022,MAC,Macao,247.59356499999998,76,CHN,China,222034.0208
goods_two_way_supplemental_public_metric_check,AUS,Australia,2022,SVN,Slovenia,241.46328499999993,77,CHN,China,222034.0208
goods_two_way_supplemental_public_metric_check,AUS,Australia,2022,KEN,Kenya,211.056938,78,CHN,China,222034.0208
goods_two_way_supplemental_public_metric_check,AUS,Australia,2022,LTU,Lithuania,206.719812,79,CHN,China,222034.0208
goods_two_way_supplemental_public_metric_check,AUS,Australia,2022,SDN,Sudan,205.542966,80,CHN,China,222034.0208
goods_two_way_supplemental_public_metric_check,AUS,Australia,2022,BOL,Bolivia,200.39462799999998,81,CHN,China,222034.0208
goods_two_way_supplemental_public_metric_check,AUS,Australia,2022,EST,Estonia,187.279594,82,CHN,China,222034.0208
goods_two_way_supplemental_public_metric_check,AUS,Australia,2022,NPL,Nepal,152.692252,83,CHN,China,222034.0208
goods_two_way_supplemental_public_metric_check,AUS,Australia,2022,MRT,Mauritania,141.86862099999996,84,CHN,China,222034.0208
goods_two_way_supplemental_public_metric_check,AUS,Australia,2022,MMR,Myanmar (Burma),140.52465199999995,85,CHN,China,222034.0208
goods_two_way_supplemental_public_metric_check,AUS,Australia,2022,TZA,Tanzania,134.84718300000003,86,CHN,China,222034.0208
goods_two_way_supplemental_public_metric_check,AUS,Australia,2022,GHA,Ghana,134.53052399999999,87,CHN,China,222034.0208
goods_two_way_supplemental_public_metric_check,AUS,Australia,2022,CRI,Costa Rica,132.74631100000002,88,CHN,China,222034.0208
goods_two_way_supplemental_public_metric_check,AUS,Australia,2022,TTO,Trinidad & Tobago,126.579423,89,CHN,China,222034.0208
goods_two_way_supplemental_public_metric_check,AUS,Australia,2022,BGR,Bulgaria,117.73864400000001,90,CHN,China,222034.0208
goods_two_way_supplemental_public_metric_check,AUS,Australia,2022,IRQ,Iraq,102.75696200000002,91,CHN,China,222034.0208
goods_two_way_supplemental_public_metric_check,AUS,Australia,2022,IRN,Iran,101.21640199999999,92,CHN,China,222034.0208
goods_two_way_supplemental_public_metric_check,AUS,Australia,2022,LVA,Latvia,97.14609100000001,93,CHN,China,222034.0208
goods_two_way_supplemental_public_metric_check,AUS,Australia,2022,MDV,Maldives,87.70702600000001,94,CHN,China,222034.0208
goods_two_way_supplemental_public_metric_check,AUS,Australia,2022,URY,Uruguay,84.92117999999998,95,CHN,China,222034.0208
goods_two_way_supplemental_public_metric_check,AUS,Australia,2022,SRB,Serbia,82.09195499999998,96,CHN,China,222034.0208
goods_two_way_supplemental_public_metric_check,AUS,Australia,2022,MUS,Mauritius,80.29712400000001,97,CHN,China,222034.0208
goods_two_way_supplemental_public_metric_check,AUS,Australia,2022,PAN,Panama,76.48745199999999,98,CHN,China,222034.0208
goods_two_way_supplemental_public_metric_check,AUS,Australia,2022,DOM,Dominican Republic,76.13354199999999,99,CHN,China,222034.0208
goods_two_way_supplemental_public_metric_check,AUS,Australia,2022,HND,Honduras,68.485672,100,CHN,China,222034.0208
goods_two_way_supplemental_public_metric_check,AUS,Australia,2022,KAZ,Kazakhstan,67.173349,101,CHN,China,222034.0208
goods_two_way_supplemental_public_metric_check,AUS,Australia,2022,ECU,Ecuador,66.444356,102,CHN,China,222034.0208
goods_two_way_supplemental_public_metric_check,AUS,Australia,2022,SLB,Solomon Islands,66.01740699999999,103,CHN,China,222034.0208
goods_two_way_supplemental_public_metric_check,AUS,Australia,2022,TUN,Tunisia,63.030637000000006,104,CHN,China,222034.0208
goods_two_way_supplemental_public_metric_check,AUS,Australia,2022,BWA,Botswana,60.158091999999996,105,CHN,China,222034.0208
goods_two_way_supplemental_public_metric_check,AUS,Australia,2022,COD,Congo - Kinshasa,60.15113899999999,106,CHN,China,222034.0208
goods_two_way_supplemental_public_metric_check,AUS,Australia,2022,PYF,French Polynesia,58.98731800000001,107,CHN,China,222034.0208
goods_two_way_supplemental_public_metric_check,AUS,Australia,2022,TLS,Timor-Leste,58.806051000000025,108,CHN,China,222034.0208
goods_two_way_supplemental_public_metric_check,AUS,Australia,2022,MNG,Mongolia,53.281669,109,CHN,China,222034.0208
goods_two_way_supplemental_public_metric_check,AUS,Australia,2022,VUT,Vanuatu,51.949344,110,CHN,China,222034.0208
goods_two_way_supplemental_public_metric_check,AUS,Australia,2022,BFA,Burkina Faso,50.58469400000001,111,CHN,China,222034.0208
goods_two_way_supplemental_public_metric_check,AUS,Australia,2022,HRV,Croatia,48.991592,112,CHN,China,222034.0208
goods_two_way_supplemental_public_metric_check,AUS,Australia,2022,AGO,Angola,47.888822999999995,113,CHN,China,222034.0208
goods_two_way_supplemental_public_metric_check,AUS,Australia,2022,ETH,Ethiopia,46.597836,114,CHN,China,222034.0208
goods_two_way_supplemental_public_metric_check,AUS,Australia,2022,TGO,Togo,46.02176400000001,115,CHN,China,222034.0208
goods_two_way_supplemental_public_metric_check,AUS,Australia,2022,CXR,Christmas Island,40.795199,116,CHN,China,222034.0208
goods_two_way_supplemental_public_metric_check,AUS,Australia,2022,UGA,Uganda,40.212754,117,CHN,China,222034.0208
goods_two_way_supplemental_public_metric_check,AUS,Australia,2022,LBN,Lebanon,36.373901000000004,118,CHN,China,222034.0208
goods_two_way_supplemental_public_metric_check,AUS,Australia,2022,NRU,Nauru,35.08433599999999,119,CHN,China,222034.0208
goods_two_way_supplemental_public_metric_check,AUS,Australia,2022,GTM,Guatemala,34.641746000000005,120,CHN,China,222034.0208
goods_two_way_supplemental_public_metric_check,AUS,Australia,2022,LUX,Luxembourg,34.21294400000001,121,CHN,China,222034.0208
goods_two_way_supplemental_public_metric_check,AUS,Australia,2022,NIC,Nicaragua,33.857735000000005,122,CHN,China,222034.0208
goods_two_way_supplemental_public_metric_check,AUS,Australia,2022,MLT,Malta,33.273115,123,CHN,China,222034.0208
goods_two_way_supplemental_public_metric_check,AUS,Australia,2022,MDG,Madagascar,32.548635999999995,124,CHN,China,222034.0208
goods_two_way_supplemental_public_metric_check,AUS,Australia,2022,ZMB,Zambia,30.389753000000006,125,CHN,China,222034.0208
goods_two_way_supplemental_public_metric_check,AUS,Australia,2022,RWA,Rwanda,29.168802,126,CHN,China,222034.0208
goods_two_way_supplemental_public_metric_check,AUS,Australia,2022,NAM,Namibia,28.916190999999994,127,CHN,China,222034.0208
goods_two_way_supplemental_public_metric_check,AUS,Australia,2022,BLR,Belarus,22.500389000000002,128,CHN,China,222034.0208
goods_two_way_supplemental_public_metric_check,AUS,Australia,2022,WSM,Samoa,20.262843,129,CHN,China,222034.0208
goods_two_way_supplemental_public_metric_check,AUS,Australia,2022,BIH,Bosnia & Herzegovina,19.973871,130,CHN,China,222034.0208
goods_two_way_supplemental_public_metric_check,AUS,Australia,2022,GAB,Gabon,19.628657,131,CHN,China,222034.0208
goods_two_way_supplemental_public_metric_check,AUS,Australia,2022,SLV,El Salvador,19.034910999999994,132,CHN,China,222034.0208
goods_two_way_supplemental_public_metric_check,AUS,Australia,2022,CYP,Cyprus,18.267063,133,CHN,China,222034.0208
goods_two_way_supplemental_public_metric_check,AUS,Australia,2022,MKD,North Macedonia,17.162409999999998,134,CHN,China,222034.0208
goods_two_way_supplemental_public_metric_check,AUS,Australia,2022,JAM,Jamaica,13.685879999999997,135,CHN,China,222034.0208
goods_two_way_supplemental_public_metric_check,AUS,Australia,2022,KIR,Kiribati,12.732218,136,CHN,China,222034.0208
goods_two_way_supplemental_public_metric_check,AUS,Australia,2022,GIN,Guinea,10.666037999999999,137,CHN,China,222034.0208
goods_two_way_supplemental_public_metric_check,AUS,Australia,2022,TON,Tonga,10.464987,138,CHN,China,222034.0208
goods_two_way_supplemental_public_metric_check,AUS,Australia,2022,ASM,American Samoa,10.334093999999999,139,CHN,China,222034.0208
goods_two_way_supplemental_public_metric_check,AUS,Australia,2022,SYC,Seychelles,9.63138,140,CHN,China,222034.0208
goods_two_way_supplemental_public_metric_check,AUS,Australia,2022,CUB,Cuba,9.563959,141,CHN,China,222034.0208
goods_two_way_supplemental_public_metric_check,AUS,Australia,2022,NFK,Norfolk Island,9.509211,142,CHN,China,222034.0208
goods_two_way_supplemental_public_metric_check,AUS,Australia,2022,PRY,Paraguay,9.160011,143,CHN,China,222034.0208
goods_two_way_supplemental_public_metric_check,AUS,Australia,2022,VEN,Venezuela,9.112271999999999,144,CHN,China,222034.0208
goods_two_way_supplemental_public_metric_check,AUS,Australia,2022,ATG,Antigua & Barbuda,9.088065,145,CHN,China,222034.0208
goods_two_way_supplemental_public_metric_check,AUS,Australia,2022,GEO,Georgia,8.887669999999998,146,CHN,China,222034.0208
goods_two_way_supplemental_public_metric_check,AUS,Australia,2022,DJI,Djibouti,8.851320000000001,147,CHN,China,222034.0208
goods_two_way_supplemental_public_metric_check,AUS,Australia,2022,ATA,Antarctica,8.202264,148,CHN,China,222034.0208
goods_two_way_supplemental_public_metric_check,AUS,Australia,2022,ARM,Armenia,7.555319,149,CHN,China,222034.0208
goods_two_way_supplemental_public_metric_check,AUS,Australia,2022,BHS,Bahamas,7.485247999999999,150,CHN,China,222034.0208
goods_two_way_supplemental_public_metric_check,AUS,Australia,2022,CCK,Cocos (Keeling) Islands,7.4221590000000015,151,CHN,China,222034.0208
goods_two_way_supplemental_public_metric_check,AUS,Australia,2022,UZB,Uzbekistan,7.107016000000001,152,CHN,China,222034.0208
goods_two_way_supplemental_public_metric_check,AUS,Australia,2022,SUR,Suriname,6.953390999999999,153,CHN,China,222034.0208
goods_two_way_supplemental_public_metric_check,AUS,Australia,2022,GUM,Guam,6.817161,154,CHN,China,222034.0208
goods_two_way_supplemental_public_metric_check,AUS,Australia,2022,PSE,Palestine,6.795395000000001,155,CHN,China,222034.0208
goods_two_way_supplemental_public_metric_check,AUS,Australia,2022,BRB,Barbados,6.674268000000001,156,CHN,China,222034.0208
goods_two_way_supplemental_public_metric_check,AUS,Australia,2022,ZWE,Zimbabwe,6.425078,157,CHN,China,222034.0208
goods_two_way_supplemental_public_metric_check,AUS,Australia,2022,MDA,Moldova,6.176005999999999,158,CHN,China,222034.0208
goods_two_way_supplemental_public_metric_check,AUS,Australia,2022,BDI,Burundi,5.451637000000001,159,CHN,China,222034.0208
goods_two_way_supplemental_public_metric_check,AUS,Australia,2022,ALB,Albania,5.4029869999999995,160,CHN,China,222034.0208
goods_two_way_supplemental_public_metric_check,AUS,Australia,2022,COK,Cook Islands,5.274414999999999,161,CHN,China,222034.0208
goods_two_way_supplemental_public_metric_check,AUS,Australia,2022,GUY,Guyana,5.139461999999998,162,CHN,China,222034.0208
goods_two_way_supplemental_public_metric_check,AUS,Australia,2022,KGZ,Kyrgyzstan,5.05234,163,CHN,China,222034.0208
goods_two_way_supplemental_public_metric_check,AUS,Australia,2022,TUV,Tuvalu,4.321035999999999,164,CHN,China,222034.0208
goods_two_way_supplemental_public_metric_check,AUS,Australia,2022,NER,Niger,3.9351179999999992,165,CHN,China,222034.0208
goods_two_way_supplemental_public_metric_check,AUS,Australia,2022,SLE,Sierra Leone,3.2249109999999996,166,CHN,China,222034.0208
goods_two_way_supplemental_public_metric_check,AUS,Australia,2022,FSM,Micronesia (Federated States of),3.1393799999999996,167,CHN,China,222034.0208
goods_two_way_supplemental_public_metric_check,AUS,Australia,2022,MHL,Marshall Islands,2.9576040000000003,168,CHN,China,222034.0208
goods_two_way_supplemental_public_metric_check,AUS,Australia,2022,WLF,Wallis & Futuna,2.6276929999999994,169,CHN,China,222034.0208
goods_two_way_supplemental_public_metric_check,AUS,Australia,2022,LBR,Liberia,2.550191,170,CHN,China,222034.0208
goods_two_way_supplemental_public_metric_check,AUS,Australia,2022,ERI,Eritrea,2.4910239999999995,171,CHN,China,222034.0208
goods_two_way_supplemental_public_metric_check,AUS,Australia,2022,PLW,Palau,2.188502,172,CHN,China,222034.0208
goods_two_way_supplemental_public_metric_check,AUS,Australia,2022,BLZ,Belize,2.1538839999999997,173,CHN,China,222034.0208
goods_two_way_supplemental_public_metric_check,AUS,Australia,2022,TCA,Turks & Caicos Islands,2.1533520000000004,174,CHN,China,222034.0208
goods_two_way_supplemental_public_metric_check,AUS,Australia,2022,HTI,Haiti,2.0874010000000003,175,CHN,China,222034.0208
goods_two_way_supplemental_public_metric_check,AUS,Australia,2022,BTN,Bhutan,1.7923149999999999,176,CHN,China,222034.0208
goods_two_way_supplemental_public_metric_check,AUS,Australia,2022,COG,Congo - Brazzaville,1.4952359999999998,177,CHN,China,222034.0208
goods_two_way_supplemental_public_metric_check,AUS,Australia,2022,BEN,Benin,1.398065,178,CHN,China,222034.0208
goods_two_way_supplemental_public_metric_check,AUS,Australia,2022,MNP,Northern Mariana Islands,1.3538240000000001,179,CHN,China,222034.0208
goods_two_way_supplemental_public_metric_check,AUS,Australia,2022,MNE,Montenegro,1.3063850000000001,180,CHN,China,222034.0208
goods_two_way_supplemental_public_metric_check,AUS,Australia,2022,MWI,Malawi,1.280218,181,CHN,China,222034.0208
goods_two_way_supplemental_public_metric_check,AUS,Australia,2022,SYR,Syria,1.2354289999999999,182,CHN,China,222034.0208
goods_two_way_supplemental_public_metric_check,AUS,Australia,2022,CMR,Cameroon,1.196812,183,CHN,China,222034.0208
goods_two_way_supplemental_public_metric_check,AUS,Australia,2022,AND,Andorra,1.142212,184,CHN,China,222034.0208
goods_two_way_supplemental_public_metric_check,AUS,Australia,2022,AFG,Afghanistan,1.09296,185,CHN,China,222034.0208
goods_two_way_supplemental_public_metric_check,AUS,Australia,2022,CYM,Cayman Islands,0.8219829999999999,186,CHN,China,222034.0208
goods_two_way_supplemental_public_metric_check,AUS,Australia,2022,BMU,Bermuda,0.718151,187,CHN,China,222034.0208
goods_two_way_supplemental_public_metric_check,AUS,Australia,2022,TCD,Chad,0.60618,188,CHN,China,222034.0208
goods_two_way_supplemental_public_metric_check,AUS,Australia,2022,SOM,Somalia,0.6019110000000001,189,CHN,China,222034.0208
goods_two_way_supplemental_public_metric_check,AUS,Australia,2022,SWZ,Eswatini,0.536891,190,CHN,China,222034.0208
goods_two_way_supplemental_public_metric_check,AUS,Australia,2022,VCT,St. Vincent & Grenadines,0.5122990000000001,191,CHN,China,222034.0208
goods_two_way_supplemental_public_metric_check,AUS,Australia,2022,PCN,Pitcairn Islands,0.49878,192,CHN,China,222034.0208
goods_two_way_supplemental_public_metric_check,AUS,Australia,2022,LSO,Lesotho,0.48941899999999994,193,CHN,China,222034.0208
goods_two_way_supplemental_public_metric_check,AUS,Australia,2022,TJK,Tajikistan,0.48154699999999995,194,CHN,China,222034.0208
goods_two_way_supplemental_public_metric_check,AUS,Australia,2022,CAF,Central African Republic,0.434496,195,CHN,China,222034.0208
goods_two_way_supplemental_public_metric_check,AUS,Australia,2022,CUW,Curaçao,0.40873400000000004,196,CHN,China,222034.0208
goods_two_way_supplemental_public_metric_check,AUS,Australia,2022,DMA,Dominica,0.379435,197,CHN,China,222034.0208
goods_two_way_supplemental_public_metric_check,AUS,Australia,2022,SSD,South Sudan,0.35563700000000004,198,CHN,China,222034.0208
goods_two_way_supplemental_public_metric_check,AUS,Australia,2022,LCA,St. Lucia,0.31689399999999995,199,CHN,China,222034.0208
goods_two_way_supplemental_public_metric_check,AUS,Australia,2022,GRD,Grenada,0.28081100000000003,200,CHN,China,222034.0208
goods_two_way_supplemental_public_metric_check,AUS,Australia,2022,VGB,British Virgin Islands,0.258699,201,CHN,China,222034.0208
goods_two_way_supplemental_public_metric_check,AUS,Australia,2022,NIU,Niue,0.24146,202,CHN,China,222034.0208
goods_two_way_supplemental_public_metric_check,AUS,Australia,2022,STP,São Tomé & Príncipe,0.187373,203,CHN,China,222034.0208
goods_two_way_supplemental_public_metric_check,AUS,Australia,2022,KNA,St. Kitts & Nevis,0.185317,204,CHN,China,222034.0208
goods_two_way_supplemental_public_metric_check,AUS,Australia,2022,FLK,Falkland Islands,0.170091,205,CHN,China,222034.0208
goods_two_way_supplemental_public_metric_check,AUS,Australia,2022,CPV,Cape Verde,0.150779,206,CHN,China,222034.0208
goods_two_way_supplemental_public_metric_check,AUS,Australia,2022,COM,Comoros,0.145303,207,CHN,China,222034.0208
goods_two_way_supplemental_public_metric_check,AUS,Australia,2022,GIB,Gibraltar,0.141403,208,CHN,China,222034.0208
goods_two_way_supplemental_public_metric_check,AUS,Australia,2022,GNQ,Equatorial Guinea,0.131217,209,CHN,China,222034.0208
goods_two_way_supplemental_public_metric_check,AUS,Australia,2022,SHN,St. Helena,0.102329,210,CHN,China,222034.0208
goods_two_way_supplemental_public_metric_check,AUS,Australia,2022,GMB,Gambia,0.10003500000000001,211,CHN,China,222034.0208
goods_two_way_supplemental_public_metric_check,AUS,Australia,2022,GNB,Guinea-Bissau,0.089,212,CHN,China,222034.0208
goods_two_way_supplemental_public_metric_check,AUS,Australia,2022,TKM,Turkmenistan,0.026497,213,CHN,China,222034.0208
goods_two_way_supplemental_public_metric_check,AUS,Australia,2022,MSR,Montserrat,0.024686999999999997,214,CHN,China,222034.0208
goods_two_way_supplemental_public_metric_check,AUS,Australia,2022,AIA,Anguilla,0.018734,215,CHN,China,222034.0208
goods_two_way_supplemental_public_metric_check,AUS,Australia,2022,ESH,Western Sahara,0.011226,216,CHN,China,222034.0208
goods_two_way_supplemental_public_metric_check,BRA,Brazil,2005,USA,United States,38835.461234999995,1,USA,United States,38835.461234999995
goods_two_way_supplemental_public_metric_check,BRA,Brazil,2005,ARG,Argentina,17172.608528,2,USA,United States,38835.461234999995
goods_two_way_supplemental_public_metric_check,BRA,Brazil,2005,CHN,China,15806.383738000004,3,USA,United States,38835.461234999995
goods_two_way_supplemental_public_metric_check,BRA,Brazil,2005,DEU,Germany,13384.200279,4,USA,United States,38835.461234999995
goods_two_way_supplemental_public_metric_check,BRA,Brazil,2005,JPN,Japan,7988.913645999999,5,USA,United States,38835.461234999995
goods_two_way_supplemental_public_metric_check,BRA,Brazil,2005,FRA,France,6223.521705999999,6,USA,United States,38835.461234999995
goods_two_way_supplemental_public_metric_check,BRA,Brazil,2005,ITA,Italy,5940.8020000000015,7,USA,United States,38835.461234999995
goods_two_way_supplemental_public_metric_check,BRA,Brazil,2005,MEX,Mexico,5769.686223,8,USA,United States,38835.461234999995
goods_two_way_supplemental_public_metric_check,BRA,Brazil,2005,CHL,Chile,5616.478772999997,9,USA,United States,38835.461234999995
goods_two_way_supplemental_public_metric_check,BRA,Brazil,2005,KOR,South Korea,4964.310944999998,10,USA,United States,38835.461234999995
goods_two_way_supplemental_public_metric_check,BRA,Brazil,2005,GBR,United Kingdom,4747.858687999999,11,USA,United States,38835.461234999995
goods_two_way_supplemental_public_metric_check,BRA,Brazil,2005,NLD,Netherlands,4283.292736000001,12,USA,United States,38835.461234999995
goods_two_way_supplemental_public_metric_check,BRA,Brazil,2005,ESP,Spain,3966.4087379999987,13,USA,United States,38835.461234999995
goods_two_way_supplemental_public_metric_check,BRA,Brazil,2005,CAN,Canada,3744.4706829999986,14,USA,United States,38835.461234999995
goods_two_way_supplemental_public_metric_check,BRA,Brazil,2005,NGA,Nigeria,3647.660014000001,15,USA,United States,38835.461234999995
goods_two_way_supplemental_public_metric_check,BRA,Brazil,2005,DZA,Algeria,3425.796767,16,USA,United States,38835.461234999995
goods_two_way_supplemental_public_metric_check,BRA,Brazil,2005,RUS,Russia,3179.7985350000004,17,USA,United States,38835.461234999995
goods_two_way_supplemental_public_metric_check,BRA,Brazil,2005,VEN,Venezuela,2998.872265,18,USA,United States,38835.461234999995
goods_two_way_supplemental_public_metric_check,BRA,Brazil,2005,BEL,Belgium,2885.1686609999997,19,USA,United States,38835.461234999995
goods_two_way_supplemental_public_metric_check,BRA,Brazil,2005,SAU,Saudi Arabia,2736.973006,20,USA,United States,38835.461234999995
goods_two_way_supplemental_public_metric_check,BRA,Brazil,2005,TWN,Taiwan,2618.4077180000004,21,USA,United States,38835.461234999995
goods_two_way_supplemental_public_metric_check,BRA,Brazil,2005,PRY,Paraguay,2444.411433999999,22,USA,United States,38835.461234999995
goods_two_way_supplemental_public_metric_check,BRA,Brazil,2005,IND,India,2193.0861240000004,23,USA,United States,38835.461234999995
goods_two_way_supplemental_public_metric_check,BRA,Brazil,2005,CHE,Switzerland,1784.7998799999998,24,USA,United States,38835.461234999995
goods_two_way_supplemental_public_metric_check,BRA,Brazil,2005,BOL,Bolivia,1719.750515,25,USA,United States,38835.461234999995
goods_two_way_supplemental_public_metric_check,BRA,Brazil,2005,THA,Thailand,1633.729064,26,USA,United States,38835.461234999995
goods_two_way_supplemental_public_metric_check,BRA,Brazil,2005,SGP,Singapore,1522.563921,27,USA,United States,38835.461234999995
goods_two_way_supplemental_public_metric_check,BRA,Brazil,2005,PER,Peru,1512.5372300000004,28,USA,United States,38835.461234999995
goods_two_way_supplemental_public_metric_check,BRA,Brazil,2005,COL,Colombia,1506.471407,29,USA,United States,38835.461234999995
goods_two_way_supplemental_public_metric_check,BRA,Brazil,2005,HKG,Hong Kong,1464.6733210000002,30,USA,United States,38835.461234999995
goods_two_way_supplemental_public_metric_check,BRA,Brazil,2005,PRT,Portugal,1453.442411,31,USA,United States,38835.461234999995
goods_two_way_supplemental_public_metric_check,BRA,Brazil,2005,SWE,Sweden,1425.8868880000002,32,USA,United States,38835.461234999995
goods_two_way_supplemental_public_metric_check,BRA,Brazil,2005,URY,Uruguay,1398.1162359999994,33,USA,United States,38835.461234999995
goods_two_way_supplemental_public_metric_check,BRA,Brazil,2005,AUS,Australia,1358.6523329999998,34,USA,United States,38835.461234999995
goods_two_way_supplemental_public_metric_check,BRA,Brazil,2005,ZAF,South Africa,1324.209139,35,USA,United States,38835.461234999995
goods_two_way_supplemental_public_metric_check,BRA,Brazil,2005,MYS,Malaysia,1189.194043,36,USA,United States,38835.461234999995
goods_two_way_supplemental_public_metric_check,BRA,Brazil,2005,IDN,Indonesia,941.6953379999999,37,USA,United States,38835.461234999995
goods_two_way_supplemental_public_metric_check,BRA,Brazil,2005,TUR,Turkey,911.6243580000004,38,USA,United States,38835.461234999995
goods_two_way_supplemental_public_metric_check,BRA,Brazil,2005,TTO,Trinidad & Tobago,878.2036209999998,39,USA,United States,38835.461234999995
goods_two_way_supplemental_public_metric_check,BRA,Brazil,2005,FIN,Finland,849.5226210000001,40,USA,United States,38835.461234999995
goods_two_way_supplemental_public_metric_check,BRA,Brazil,2005,IRN,Iran,839.9982459999998,41,USA,United States,38835.461234999995
goods_two_way_supplemental_public_metric_check,BRA,Brazil,2005,ARE,United Arab Emirates,832.6088849999998,42,USA,United States,38835.461234999995
goods_two_way_supplemental_public_metric_check,BRA,Brazil,2005,EGY,Egypt,830.1241350000003,43,USA,United States,38835.461234999995
goods_two_way_supplemental_public_metric_check,BRA,Brazil,2005,NOR,Norway,824.6438840000001,44,USA,United States,38835.461234999995
goods_two_way_supplemental_public_metric_check,BRA,Brazil,2005,MAR,Morocco,803.072434,45,USA,United States,38835.461234999995
goods_two_way_supplemental_public_metric_check,BRA,Brazil,2005,ECU,Ecuador,781.56797100000006,46,USA,United States,38835.461234999995
goods_two_way_supplemental_public_metric_check,BRA,Brazil,2005,AUT,Austria,708.7883379999998,47,USA,United States,38835.461234999995
goods_two_way_supplemental_public_metric_check,BRA,Brazil,2005,BHS,Bahamas,688.429855,48,USA,United States,38835.461234999995
goods_two_way_supplemental_public_metric_check,BRA,Brazil,2005,ISR,Israel,677.5089189999999,49,USA,United States,38835.461234999995
goods_two_way_supplemental_public_metric_check,BRA,Brazil,2005,IRQ,Iraq,585.632875,50,USA,United States,38835.461234999995
goods_two_way_supplemental_public_metric_check,BRA,Brazil,2005,POL,Poland,573.2637850000002,51,USA,United States,38835.461234999995
goods_two_way_supplemental_public_metric_check,BRA,Brazil,2005,IRL,Ireland,557.4561570000001,52,USA,United States,38835.461234999995
goods_two_way_supplemental_public_metric_check,BRA,Brazil,2005,PHL,Philippines,556.100899,53,USA,United States,38835.461234999995
goods_two_way_supplemental_public_metric_check,BRA,Brazil,2005,AGO,Angola,522.6294029999999,54,USA,United States,38835.461234999995
goods_two_way_supplemental_public_metric_check,BRA,Brazil,2005,ROU,Romania,511.87598299999996,55,USA,United States,38835.461234999995
goods_two_way_supplemental_public_metric_check,BRA,Brazil,2005,CRI,Costa Rica,497.8394859999999,56,USA,United States,38835.461234999995
goods_two_way_supplemental_public_metric_check,BRA,Brazil,2005,UKR,Ukraine,481.423987,57,USA,United States,38835.461234999995
goods_two_way_supplemental_public_metric_check,BRA,Brazil,2005,ABW,Aruba,476.1368110000001,58,USA,United States,38835.461234999995
goods_two_way_supplemental_public_metric_check,BRA,Brazil,2005,DNK,Denmark,452.105618,59,USA,United States,38835.461234999995
goods_two_way_supplemental_public_metric_check,BRA,Brazil,2005,GTM,Guatemala,432.718158,60,USA,United States,38835.461234999995
goods_two_way_supplemental_public_metric_check,BRA,Brazil,2005,CZE,Czechia,406.148494,61,USA,United States,38835.461234999995
goods_two_way_supplemental_public_metric_check,BRA,Brazil,2005,BGR,Bulgaria,399.3144580000001,62,USA,United States,38835.461234999995
goods_two_way_supplemental_public_metric_check,BRA,Brazil,2005,CUB,Cuba,373.5744020000001,63,USA,United States,38835.461234999995
goods_two_way_supplemental_public_metric_check,BRA,Brazil,2005,BLR,Belarus,366.91556800000006,64,USA,United States,38835.461234999995
goods_two_way_supplemental_public_metric_check,BRA,Brazil,2005,HUN,Hungary,326.0762080000001,65,USA,United States,38835.461234999995
goods_two_way_supplemental_public_metric_check,BRA,Brazil,2005,GRC,Greece,324.36906199999993,66,USA,United States,38835.461234999995
goods_two_way_supplemental_public_metric_check,BRA,Brazil,2005,GNQ,Equatorial Guinea,305.086258,67,USA,United States,38835.461234999995
goods_two_way_supplemental_public_metric_check,BRA,Brazil,2005,PAK,Pakistan,304.471027,68,USA,United States,38835.461234999995
goods_two_way_supplemental_public_metric_check,BRA,Brazil,2005,DOM,Dominican Republic,284.052092,69,USA,United States,38835.461234999995
goods_two_way_supplemental_public_metric_check,BRA,Brazil,2005,SLV,El Salvador,276.096882,70,USA,United States,38835.461234999995
goods_two_way_supplemental_public_metric_check,BRA,Brazil,2005,LBY,Libya,250.148276,71,USA,United States,38835.461234999995
goods_two_way_supplemental_public_metric_check,BRA,Brazil,2005,KWT,Kuwait,226.82401699999997,72,USA,United States,38835.461234999995
goods_two_way_supplemental_public_metric_check,BRA,Brazil,2005,BGD,Bangladesh,220.54858300000004,73,USA,United States,38835.461234999995
goods_two_way_supplemental_public_metric_check,BRA,Brazil,2005,TUN,Tunisia,219.04669800000005,74,USA,United States,38835.461234999995
goods_two_way_supplemental_public_metric_check,BRA,Brazil,2005,BHR,Bahrain,204.93131599999998,75,USA,United States,38835.461234999995
goods_two_way_supplemental_public_metric_check,BRA,Brazil,2005,SEN,Senegal,201.17681899999997,76,USA,United States,38835.461234999995
goods_two_way_supplemental_public_metric_check,BRA,Brazil,2005,YEM,Yemen,200.25156,77,USA,United States,38835.461234999995
goods_two_way_supplemental_public_metric_check,BRA,Brazil,2005,SYR,Syria,192.62389399999995,78,USA,United States,38835.461234999995
goods_two_way_supplemental_public_metric_check,BRA,Brazil,2005,KAZ,Kazakhstan,176.60388599999996,79,USA,United States,38835.461234999995
goods_two_way_supplemental_public_metric_check,BRA,Brazil,2005,PAN,Panama,171.931935,80,USA,United States,38835.461234999995
goods_two_way_supplemental_public_metric_check,BRA,Brazil,2005,LBN,Lebanon,168.65701800000008,81,USA,United States,38835.461234999995
goods_two_way_supplemental_public_metric_check,BRA,Brazil,2005,JAM,Jamaica,164.83162599999997,82,USA,United States,38835.461234999995
goods_two_way_supplemental_public_metric_check,BRA,Brazil,2005,PRK,North Korea,143.43517500000002,83,USA,United States,38835.461234999995
goods_two_way_supplemental_public_metric_check,BRA,Brazil,2005,HND,Honduras,139.500667,84,USA,United States,38835.461234999995
goods_two_way_supplemental_public_metric_check,BRA,Brazil,2005,HRV,Croatia,136.07333000000003,85,USA,United States,38835.461234999995
goods_two_way_supplemental_public_metric_check,BRA,Brazil,2005,VNM,Vietnam,129.78773199999998,86,USA,United States,38835.461234999995
goods_two_way_supplemental_public_metric_check,BRA,Brazil,2005,QAT,Qatar,127.487845,87,USA,United States,38835.461234999995
goods_two_way_supplemental_public_metric_check,BRA,Brazil,2005,CYP,Cyprus,120.11852300000001,88,USA,United States,38835.461234999995
goods_two_way_supplemental_public_metric_check,BRA,Brazil,2005,LUX,Luxembourg,119.19906600000002,89,USA,United States,38835.461234999995
goods_two_way_supplemental_public_metric_check,BRA,Brazil,2005,NZL,New Zealand,119.09455999999999,90,USA,United States,38835.461234999995
goods_two_way_supplemental_public_metric_check,BRA,Brazil,2005,SVK,Slovakia,118.87667999999998,91,USA,United States,38835.461234999995
goods_two_way_supplemental_public_metric_check,BRA,Brazil,2005,GHA,Ghana,114.97719699999999,92,USA,United States,38835.461234999995
goods_two_way_supplemental_public_metric_check,BRA,Brazil,2005,SVN,Slovenia,110.293876,93,USA,United States,38835.461234999995
goods_two_way_supplemental_public_metric_check,BRA,Brazil,2005,COG,Congo - Brazzaville,103.332301,94,USA,United States,38835.461234999995
goods_two_way_supplemental_public_metric_check,BRA,Brazil,2005,CIV,Côte d'Ivoire,91.50792000000001,95,USA,United States,38835.461234999995
goods_two_way_supplemental_public_metric_check,BRA,Brazil,2005,NIC,Nicaragua,86.49828100000002,96,USA,United States,38835.461234999995
goods_two_way_supplemental_public_metric_check,BRA,Brazil,2005,GEO,Georgia,82.00431400000001,97,USA,United States,38835.461234999995
goods_two_way_supplemental_public_metric_check,BRA,Brazil,2005,JOR,Jordan,80.562532,98,USA,United States,38835.461234999995
goods_two_way_supplemental_public_metric_check,BRA,Brazil,2005,CMR,Cameroon,73.67542499999998,99,USA,United States,38835.461234999995
goods_two_way_supplemental_public_metric_check,BRA,Brazil,2005,ANT,Netherlands Antilles,72.44069899999998,100,USA,United States,38835.461234999995
goods_two_way_supplemental_public_metric_check,BRA,Brazil,2005,MRT,Mauritania,59.696096,101,USA,United States,38835.461234999995
goods_two_way_supplemental_public_metric_check,BRA,Brazil,2005,OMN,Oman,58.956573,102,USA,United States,38835.461234999995
goods_two_way_supplemental_public_metric_check,BRA,Brazil,2005,EST,Estonia,58.656287000000006,103,USA,United States,38835.461234999995
goods_two_way_supplemental_public_metric_check,BRA,Brazil,2005,SDN,Sudan,47.44016099999998,104,USA,United States,38835.461234999995
goods_two_way_supplemental_public_metric_check,BRA,Brazil,2005,HTI,Haiti,46.231127,105,USA,United States,38835.461234999995
goods_two_way_supplemental_public_metric_check,BRA,Brazil,2005,SOM,Somalia,44.970015999999994,106,USA,United States,38835.461234999995
goods_two_way_supplemental_public_metric_check,BRA,Brazil,2005,BIH,Bosnia & Herzegovina,43.48626400000001,107,USA,United States,38835.461234999995
goods_two_way_supplemental_public_metric_check,BRA,Brazil,2005,MLI,Mali,41.894549,108,USA,United States,38835.461234999995
goods_two_way_supplemental_public_metric_check,BRA,Brazil,2005,ETH,Ethiopia,40.986866000000006,109,USA,United States,38835.461234999995
goods_two_way_supplemental_public_metric_check,BRA,Brazil,2005,BRB,Barbados,40.821913,110,USA,United States,38835.461234999995
goods_two_way_supplemental_public_metric_check,BRA,Brazil,2005,MKD,North Macedonia,39.62479,111,USA,United States,38835.461234999995
goods_two_way_supplemental_public_metric_check,BRA,Brazil,2005,KEN,Kenya,38.667574,112,USA,United States,38835.461234999995
goods_two_way_supplemental_public_metric_check,BRA,Brazil,2005,SUR,Suriname,37.93488,113,USA,United States,38835.461234999995
goods_two_way_supplemental_public_metric_check,BRA,Brazil,2005,CPV,Cape Verde,37.90921099999999,114,USA,United States,38835.461234999995
goods_two_way_supplemental_public_metric_check,BRA,Brazil,2005,MLT,Malta,33.297339,115,USA,United States,38835.461234999995
goods_two_way_supplemental_public_metric_check,BRA,Brazil,2005,GAB,Gabon,32.19900500000001,116,USA,United States,38835.461234999995
goods_two_way_supplemental_public_metric_check,BRA,Brazil,2005,LTU,Lithuania,29.128796999999995,117,USA,United States,38835.461234999995
goods_two_way_supplemental_public_metric_check,BRA,Brazil,2005,TGO,Togo,28.973838,118,USA,United States,38835.461234999995
goods_two_way_supplemental_public_metric_check,BRA,Brazil,2005,LKA,Sri Lanka,26.070885000000004,119,USA,United States,38835.461234999995
goods_two_way_supplemental_public_metric_check,BRA,Brazil,2005,MOZ,Mozambique,25.490543,120,USA,United States,38835.461234999995
goods_two_way_supplemental_public_metric_check,BRA,Brazil,2005,ALB,Albania,24.65458,121,USA,United States,38835.461234999995
goods_two_way_supplemental_public_metric_check,BRA,Brazil,2005,CYM,Cayman Islands,24.107454000000004,122,USA,United States,38835.461234999995
goods_two_way_supplemental_public_metric_check,BRA,Brazil,2005,SCG,Serbia and Montenegro,23.677625000000003,123,USA,United States,38835.461234999995
goods_two_way_supplemental_public_metric_check,BRA,Brazil,2005,NER,Niger,21.384167,124,USA,United States,38835.461234999995
goods_two_way_supplemental_public_metric_check,BRA,Brazil,2005,BFA,Burkina Faso,21.256306000000006,125,USA,United States,38835.461234999995
goods_two_way_supplemental_public_metric_check,BRA,Brazil,2005,GIN,Guinea,20.672612000000004,126,USA,United States,38835.461234999995
goods_two_way_supplemental_public_metric_check,BRA,Brazil,2005,COD,Congo - Kinshasa,17.096746999999997,127,USA,United States,38835.461234999995
goods_two_way_supplemental_public_metric_check,BRA,Brazil,2005,TZA,Tanzania,16.945318000000004,128,USA,United States,38835.461234999995
goods_two_way_supplemental_public_metric_check,BRA,Brazil,2005,MAC,Macao,15.952928,129,USA,United States,38835.461234999995
goods_two_way_supplemental_public_metric_check,BRA,Brazil,2005,ZWE,Zimbabwe,15.682654999999997,130,USA,United States,38835.461234999995
goods_two_way_supplemental_public_metric_check,BRA,Brazil,2005,MDG,Madagascar,15.58186,131,USA,United States,38835.461234999995
goods_two_way_supplemental_public_metric_check,BRA,Brazil,2005,GMB,Gambia,14.903697000000003,132,USA,United States,38835.461234999995
goods_two_way_supplemental_public_metric_check,BRA,Brazil,2005,MUS,Mauritius,14.400532000000002,133,USA,United States,38835.461234999995
goods_two_way_supplemental_public_metric_check,BRA,Brazil,2005,NAM,Namibia,13.836244,134,USA,United States,38835.461234999995
goods_two_way_supplemental_public_metric_check,BRA,Brazil,2005,GUY,Guyana,13.534472,135,USA,United States,38835.461234999995
goods_two_way_supplemental_public_metric_check,BRA,Brazil,2005,MDA,Moldova,12.90962,136,USA,United States,38835.461234999995
goods_two_way_supplemental_public_metric_check,BRA,Brazil,2005,BEN,Benin,12.883631000000005,137,USA,United States,38835.461234999995
goods_two_way_supplemental_public_metric_check,BRA,Brazil,2005,ISL,Iceland,12.205271999999997,138,USA,United States,38835.461234999995
goods_two_way_supplemental_public_metric_check,BRA,Brazil,2005,DJI,Djibouti,11.728702000000002,139,USA,United States,38835.461234999995
goods_two_way_supplemental_public_metric_check,BRA,Brazil,2005,ATG,Antigua & Barbuda,11.566088,140,USA,United States,38835.461234999995
goods_two_way_supplemental_public_metric_check,BRA,Brazil,2005,ZMB,Zambia,9.991081000000001,141,USA,United States,38835.461234999995
goods_two_way_supplemental_public_metric_check,BRA,Brazil,2005,MYT,Mayotte,9.628337,142,USA,United States,38835.461234999995
goods_two_way_supplemental_public_metric_check,BRA,Brazil,2005,UZB,Uzbekistan,9.364353000000001,143,USA,United States,38835.461234999995
goods_two_way_supplemental_public_metric_check,BRA,Brazil,2005,AZE,Azerbaijan,9.144516000000001,144,USA,United States,38835.461234999995
goods_two_way_supplemental_public_metric_check,BRA,Brazil,2005,LBR,Liberia,8.808102,145,USA,United States,38835.461234999995
goods_two_way_supplemental_public_metric_check,BRA,Brazil,2005,LVA,Latvia,8.752485,146,USA,United States,38835.461234999995
goods_two_way_supplemental_public_metric_check,BRA,Brazil,2005,SLE,Sierra Leone,7.860132,147,USA,United States,38835.461234999995
goods_two_way_supplemental_public_metric_check,BRA,Brazil,2005,NCL,New Caledonia,7.848694999999999,148,USA,United States,38835.461234999995
goods_two_way_supplemental_public_metric_check,BRA,Brazil,2005,VGB,British Virgin Islands,7.823088999999998,149,USA,United States,38835.461234999995
goods_two_way_supplemental_public_metric_check,BRA,Brazil,2005,ERI,Eritrea,7.722005,150,USA,United States,38835.461234999995
goods_two_way_supplemental_public_metric_check,BRA,Brazil,2005,GRD,Grenada,7.5731790000000005,151,USA,United States,38835.461234999995
goods_two_way_supplemental_public_metric_check,BRA,Brazil,2005,MWI,Malawi,7.2887889999999995,152,USA,United States,38835.461234999995
goods_two_way_supplemental_public_metric_check,BRA,Brazil,2005,TKM,Turkmenistan,6.905513000000001,153,USA,United States,38835.461234999995
goods_two_way_supplemental_public_metric_check,BRA,Brazil,2005,UGA,Uganda,6.757350999999999,154,USA,United States,38835.461234999995
goods_two_way_supplemental_public_metric_check,BRA,Brazil,2005,SWZ,Eswatini,6.436914000000001,155,USA,United States,38835.461234999995
goods_two_way_supplemental_public_metric_check,BRA,Brazil,2005,LCA,St. Lucia,4.928208,156,USA,United States,38835.461234999995
goods_two_way_supplemental_public_metric_check,BRA,Brazil,2005,BMU,Bermuda,4.882469,157,USA,United States,38835.461234999995
goods_two_way_supplemental_public_metric_check,BRA,Brazil,2005,SMR,San Marino,4.704066,158,USA,United States,38835.461234999995
goods_two_way_supplemental_public_metric_check,BRA,Brazil,2005,WSM,Samoa,4.487914,159,USA,United States,38835.461234999995
goods_two_way_supplemental_public_metric_check,BRA,Brazil,2005,PYF,French Polynesia,4.443204,160,USA,United States,38835.461234999995
goods_two_way_supplemental_public_metric_check,BRA,Brazil,2005,BLZ,Belize,3.6959079999999997,161,USA,United States,38835.461234999995
goods_two_way_supplemental_public_metric_check,BRA,Brazil,2005,SYC,Seychelles,2.9434849999999995,162,USA,United States,38835.461234999995
goods_two_way_supplemental_public_metric_check,BRA,Brazil,2005,VCT,St. Vincent & Grenadines,2.9275670000000003,163,USA,United States,38835.461234999995
goods_two_way_supplemental_public_metric_check,BRA,Brazil,2005,ARM,Armenia,2.8075280000000005,164,USA,United States,38835.461234999995
goods_two_way_supplemental_public_metric_check,BRA,Brazil,2005,COM,Comoros,2.726877,165,USA,United States,38835.461234999995
goods_two_way_supplemental_public_metric_check,BRA,Brazil,2005,BWA,Botswana,2.702158,166,USA,United States,38835.461234999995
goods_two_way_supplemental_public_metric_check,BRA,Brazil,2005,MMR,Myanmar (Burma),2.6156240000000004,167,USA,United States,38835.461234999995
goods_two_way_supplemental_public_metric_check,BRA,Brazil,2005,MNG,Mongolia,2.4660040000000003,168,USA,United States,38835.461234999995
goods_two_way_supplemental_public_metric_check,BRA,Brazil,2005,FRO,Faroe Islands,2.40329,169,USA,United States,38835.461234999995
goods_two_way_supplemental_public_metric_check,BRA,Brazil,2005,CAF,Central African Republic,2.1372609999999996,170,USA,United States,38835.461234999995
goods_two_way_supplemental_public_metric_check,BRA,Brazil,2005,KGZ,Kyrgyzstan,2.1126820000000004,171,USA,United States,38835.461234999995
goods_two_way_supplemental_public_metric_check,BRA,Brazil,2005,DMA,Dominica,2.077079,172,USA,United States,38835.461234999995
goods_two_way_supplemental_public_metric_check,BRA,Brazil,2005,PNG,Papua New Guinea,1.8854849999999996,173,USA,United States,38835.461234999995
goods_two_way_supplemental_public_metric_check,BRA,Brazil,2005,AFG,Afghanistan,1.7938680000000002,174,USA,United States,38835.461234999995
goods_two_way_supplemental_public_metric_check,BRA,Brazil,2005,FJI,Fiji,1.6436989999999998,175,USA,United States,38835.461234999995
goods_two_way_supplemental_public_metric_check,BRA,Brazil,2005,FSM,Micronesia (Federated States of),1.3877329999999999,176,USA,United States,38835.461234999995
goods_two_way_supplemental_public_metric_check,BRA,Brazil,2005,LSO,Lesotho,1.29442,177,USA,United States,38835.461234999995
goods_two_way_supplemental_public_metric_check,BRA,Brazil,2005,WLF,Wallis & Futuna,1.27633,178,USA,United States,38835.461234999995
goods_two_way_supplemental_public_metric_check,BRA,Brazil,2005,KHM,Cambodia,1.2230240000000001,179,USA,United States,38835.461234999995
goods_two_way_supplemental_public_metric_check,BRA,Brazil,2005,TJK,Tajikistan,1.199804,180,USA,United States,38835.461234999995
goods_two_way_supplemental_public_metric_check,BRA,Brazil,2005,MDV,Maldives,1.189589,181,USA,United States,38835.461234999995
goods_two_way_supplemental_public_metric_check,BRA,Brazil,2005,ESH,Western Sahara,1.165384,182,USA,United States,38835.461234999995
goods_two_way_supplemental_public_metric_check,BRA,Brazil,2005,NPL,Nepal,1.152681,183,USA,United States,38835.461234999995
goods_two_way_supplemental_public_metric_check,BRA,Brazil,2005,KNA,St. Kitts & Nevis,1.062374,184,USA,United States,38835.461234999995
goods_two_way_supplemental_public_metric_check,BRA,Brazil,2005,GNB,Guinea-Bissau,1.049278,185,USA,United States,38835.461234999995
goods_two_way_supplemental_public_metric_check,BRA,Brazil,2005,TLS,Timor-Leste,0.9587910000000001,186,USA,United States,38835.461234999995
goods_two_way_supplemental_public_metric_check,BRA,Brazil,2005,STP,São Tomé & Príncipe,0.677829,187,USA,United States,38835.461234999995
goods_two_way_supplemental_public_metric_check,BRA,Brazil,2005,BRN,Brunei,0.6770510000000002,188,USA,United States,38835.461234999995
goods_two_way_supplemental_public_metric_check,BRA,Brazil,2005,GIB,Gibraltar,0.630173,189,USA,United States,38835.461234999995
goods_two_way_supplemental_public_metric_check,BRA,Brazil,2005,BDI,Burundi,0.535417,190,USA,United States,38835.461234999995
goods_two_way_supplemental_public_metric_check,BRA,Brazil,2005,TCD,Chad,0.527141,191,USA,United States,38835.461234999995
goods_two_way_supplemental_public_metric_check,BRA,Brazil,2005,GUM,Guam,0.496734,192,USA,United States,38835.461234999995
goods_two_way_supplemental_public_metric_check,BRA,Brazil,2005,AIA,Anguilla,0.37579700000000005,193,USA,United States,38835.461234999995
goods_two_way_supplemental_public_metric_check,BRA,Brazil,2005,BTN,Bhutan,0.319396,194,USA,United States,38835.461234999995
goods_two_way_supplemental_public_metric_check,BRA,Brazil,2005,TON,Tonga,0.265511,195,USA,United States,38835.461234999995
goods_two_way_supplemental_public_metric_check,BRA,Brazil,2005,LAO,Laos,0.241274,196,USA,United States,38835.461234999995
goods_two_way_supplemental_public_metric_check,BRA,Brazil,2005,MHL,Marshall Islands,0.21634699999999998,197,USA,United States,38835.461234999995
goods_two_way_supplemental_public_metric_check,BRA,Brazil,2005,MSR,Montserrat,0.18300899999999998,198,USA,United States,38835.461234999995
goods_two_way_supplemental_public_metric_check,BRA,Brazil,2005,SLB,Solomon Islands,0.169363,199,USA,United States,38835.461234999995
goods_two_way_supplemental_public_metric_check,BRA,Brazil,2005,KIR,Kiribati,0.161927,200,USA,United States,38835.461234999995
goods_two_way_supplemental_public_metric_check,BRA,Brazil,2005,TCA,Turks & Caicos Islands,0.14377100000000004,201,USA,United States,38835.461234999995
goods_two_way_supplemental_public_metric_check,BRA,Brazil,2005,MNP,Northern Mariana Islands,0.10460399999999999,202,USA,United States,38835.461234999995
goods_two_way_supplemental_public_metric_check,BRA,Brazil,2005,PLW,Palau,0.098445,203,USA,United States,38835.461234999995
goods_two_way_supplemental_public_metric_check,BRA,Brazil,2005,CCK,Cocos (Keeling) Islands,0.077649,204,USA,United States,38835.461234999995
goods_two_way_supplemental_public_metric_check,BRA,Brazil,2005,NFK,Norfolk Island,0.062667,205,USA,United States,38835.461234999995
goods_two_way_supplemental_public_metric_check,BRA,Brazil,2005,AND,Andorra,0.061482999999999996,206,USA,United States,38835.461234999995
goods_two_way_supplemental_public_metric_check,BRA,Brazil,2005,RWA,Rwanda,0.060173,207,USA,United States,38835.461234999995
goods_two_way_supplemental_public_metric_check,BRA,Brazil,2005,ASM,American Samoa,0.057208999999999996,208,USA,United States,38835.461234999995
goods_two_way_supplemental_public_metric_check,BRA,Brazil,2005,SHN,St. Helena,0.045783,209,USA,United States,38835.461234999995
goods_two_way_supplemental_public_metric_check,BRA,Brazil,2005,UMI,United States Minor Outlying Islands (the),0.027681,210,USA,United States,38835.461234999995
goods_two_way_supplemental_public_metric_check,BRA,Brazil,2005,COK,Cook Islands,0.014071999999999998,211,USA,United States,38835.461234999995
goods_two_way_supplemental_public_metric_check,BRA,Brazil,2005,IOT,British Indian Ocean Territory,0.010095,212,USA,United States,38835.461234999995
goods_two_way_supplemental_public_metric_check,BRA,Brazil,2005,VUT,Vanuatu,0.0059310000000000005,213,USA,United States,38835.461234999995
goods_two_way_supplemental_public_metric_check,BRA,Brazil,2005,FLK,Falkland Islands,0.0012339999999999999,214,USA,United States,38835.461234999995
goods_two_way_supplemental_public_metric_check,BRA,Brazil,2005,VAT,Vatican City,0.001184,215,USA,United States,38835.461234999995
goods_two_way_supplemental_public_metric_check,BRA,Brazil,2005,GRL,Greenland,4.4e-5,216,USA,United States,38835.461234999995
goods_two_way_supplemental_public_metric_check,BRA,Brazil,2006,USA,United States,42602.510059,1,USA,United States,42602.510059
goods_two_way_supplemental_public_metric_check,BRA,Brazil,2006,CHN,China,21513.455609000004,2,USA,United States,42602.510059
goods_two_way_supplemental_public_metric_check,BRA,Brazil,2006,ARG,Argentina,20464.787947000004,3,USA,United States,42602.510059
goods_two_way_supplemental_public_metric_check,BRA,Brazil,2006,DEU,Germany,15221.176884999995,4,USA,United States,42602.510059
goods_two_way_supplemental_public_metric_check,BRA,Brazil,2006,JPN,Japan,9123.220977,5,USA,United States,42602.510059
goods_two_way_supplemental_public_metric_check,BRA,Brazil,2006,CHL,Chile,7213.051856999999,6,USA,United States,42602.510059
goods_two_way_supplemental_public_metric_check,BRA,Brazil,2006,ITA,Italy,6976.663377,7,USA,United States,42602.510059
goods_two_way_supplemental_public_metric_check,BRA,Brazil,2006,FRA,France,6577.050542000001,8,USA,United States,42602.510059
goods_two_way_supplemental_public_metric_check,BRA,Brazil,2006,MEX,Mexico,6470.6884450000025,9,USA,United States,42602.510059
goods_two_way_supplemental_public_metric_check,BRA,Brazil,2006,KOR,South Korea,5978.364315,10,USA,United States,42602.510059
goods_two_way_supplemental_public_metric_check,BRA,Brazil,2006,GBR,United Kingdom,5187.869283,11,USA,United States,42602.510059
goods_two_way_supplemental_public_metric_check,BRA,Brazil,2006,NLD,Netherlands,4717.227498,12,USA,United States,42602.510059
goods_two_way_supplemental_public_metric_check,BRA,Brazil,2006,NGA,Nigeria,4501.593045,13,USA,United States,42602.510059
goods_two_way_supplemental_public_metric_check,BRA,Brazil,2006,VEN,Venezuela,4402.741247,14,USA,United States,42602.510059
goods_two_way_supplemental_public_metric_check,BRA,Brazil,2006,CAN,Canada,4325.465360999999,15,USA,United States,42602.510059
goods_two_way_supplemental_public_metric_check,BRA,Brazil,2006,ESP,Spain,4234.382714,16,USA,United States,42602.510059
goods_two_way_supplemental_public_metric_check,BRA,Brazil,2006,RUS,Russia,4035.420373,17,USA,United States,42602.510059
goods_two_way_supplemental_public_metric_check,BRA,Brazil,2006,BEL,Belgium,3922.2228599999994,18,USA,United States,42602.510059
goods_two_way_supplemental_public_metric_check,BRA,Brazil,2006,SAU,Saudi Arabia,3119.861806,19,USA,United States,42602.510059
goods_two_way_supplemental_public_metric_check,BRA,Brazil,2006,TWN,Taiwan,2911.7693969999996,20,USA,United States,42602.510059
goods_two_way_supplemental_public_metric_check,BRA,Brazil,2006,PRY,Paraguay,2692.6631780000002,21,USA,United States,42602.510059
goods_two_way_supplemental_public_metric_check,BRA,Brazil,2006,DZA,Algeria,2549.724677,22,USA,United States,42602.510059
goods_two_way_supplemental_public_metric_check,BRA,Brazil,2006,IND,India,2467.7019330000003,23,USA,United States,42602.510059
goods_two_way_supplemental_public_metric_check,BRA,Brazil,2006,PER,Peru,2416.3514629999995,24,USA,United States,42602.510059
goods_two_way_supplemental_public_metric_check,BRA,Brazil,2006,BOL,Bolivia,2228.847241,25,USA,United States,42602.510059
goods_two_way_supplemental_public_metric_check,BRA,Brazil,2006,COL,Colombia,2104.328652,26,USA,United States,42602.510059
goods_two_way_supplemental_public_metric_check,BRA,Brazil,2006,CHE,Switzerland,2016.937284,27,USA,United States,42602.510059
goods_two_way_supplemental_public_metric_check,BRA,Brazil,2006,HKG,Hong Kong,1946.7240729999994,28,USA,United States,42602.510059
goods_two_way_supplemental_public_metric_check,BRA,Brazil,2006,SGP,Singapore,1925.3422840000003,29,USA,United States,42602.510059
goods_two_way_supplemental_public_metric_check,BRA,Brazil,2006,PRT,Portugal,1865.485839,30,USA,United States,42602.510059
goods_two_way_supplemental_public_metric_check,BRA,Brazil,2006,URY,Uruguay,1812.198920000001,31,USA,United States,42602.510059
goods_two_way_supplemental_public_metric_check,BRA,Brazil,2006,THA,Thailand,1649.065007,32,USA,United States,42602.510059
goods_two_way_supplemental_public_metric_check,BRA,Brazil,2006,MYS,Malaysia,1632.424417,33,USA,United States,42602.510059
goods_two_way_supplemental_public_metric_check,BRA,Brazil,2006,IRN,Iran,1602.2775349999997,34,USA,United States,42602.510059
goods_two_way_supplemental_public_metric_check,BRA,Brazil,2006,AUS,Australia,1521.9204459999999,35,USA,United States,42602.510059
goods_two_way_supplemental_public_metric_check,BRA,Brazil,2006,SWE,Sweden,1517.925498,36,USA,United States,42602.510059
goods_two_way_supplemental_public_metric_check,BRA,Brazil,2006,BHS,Bahamas,1453.252848,37,USA,United States,42602.510059
goods_two_way_supplemental_public_metric_check,BRA,Brazil,2006,ZAF,South Africa,1440.7216559999997,38,USA,United States,42602.510059
goods_two_way_supplemental_public_metric_check,BRA,Brazil,2006,ARE,United Arab Emirates,1402.677716,39,USA,United States,42602.510059
goods_two_way_supplemental_public_metric_check,BRA,Brazil,2006,AGO,Angola,1302.2584929999998,40,USA,United States,42602.510059
goods_two_way_supplemental_public_metric_check,BRA,Brazil,2006,FIN,Finland,1236.961913,41,USA,United States,42602.510059
goods_two_way_supplemental_public_metric_check,BRA,Brazil,2006,IDN,Indonesia,1213.672384,42,USA,United States,42602.510059
goods_two_way_supplemental_public_metric_check,BRA,Brazil,2006,TUR,Turkey,1074.1222659999999,43,USA,United States,42602.510059
goods_two_way_supplemental_public_metric_check,BRA,Brazil,2006,EGY,Egypt,1071.6059660000003,44,USA,United States,42602.510059
goods_two_way_supplemental_public_metric_check,BRA,Brazil,2006,TTO,Trinidad & Tobago,1015.0582449999999,45,USA,United States,42602.510059
goods_two_way_supplemental_public_metric_check,BRA,Brazil,2006,NOR,Norway,984.0760149999999,46,USA,United States,42602.510059
goods_two_way_supplemental_public_metric_check,BRA,Brazil,2006,ECU,Ecuador,916.6965179999996,47,USA,United States,42602.510059
goods_two_way_supplemental_public_metric_check,BRA,Brazil,2006,IRL,Ireland,874.28968,48,USA,United States,42602.510059
goods_two_way_supplemental_public_metric_check,BRA,Brazil,2006,AUT,Austria,832.416003,49,USA,United States,42602.510059
goods_two_way_supplemental_public_metric_check,BRA,Brazil,2006,MAR,Morocco,829.611754,50,USA,United States,42602.510059
goods_two_way_supplemental_public_metric_check,BRA,Brazil,2006,POL,Poland,827.1294260000001,51,USA,United States,42602.510059
goods_two_way_supplemental_public_metric_check,BRA,Brazil,2006,ISR,Israel,730.774271,52,USA,United States,42602.510059
goods_two_way_supplemental_public_metric_check,BRA,Brazil,2006,IRQ,Iraq,728.261805,53,USA,United States,42602.510059
goods_two_way_supplemental_public_metric_check,BRA,Brazil,2006,ROU,Romania,605.0282199999999,54,USA,United States,42602.510059
goods_two_way_supplemental_public_metric_check,BRA,Brazil,2006,PHL,Philippines,602.48403,55,USA,United States,42602.510059
goods_two_way_supplemental_public_metric_check,BRA,Brazil,2006,DNK,Denmark,598.797731,56,USA,United States,42602.510059
goods_two_way_supplemental_public_metric_check,BRA,Brazil,2006,CRI,Costa Rica,516.6077189999999,57,USA,United States,42602.510059
goods_two_way_supplemental_public_metric_check,BRA,Brazil,2006,BGR,Bulgaria,510.68439399999994,58,USA,United States,42602.510059
goods_two_way_supplemental_public_metric_check,BRA,Brazil,2006,LBY,Libya,503.685061,59,USA,United States,42602.510059
goods_two_way_supplemental_public_metric_check,BRA,Brazil,2006,UKR,Ukraine,450.7264100000001,60,USA,United States,42602.510059
goods_two_way_supplemental_public_metric_check,BRA,Brazil,2006,CZE,Czechia,428.730512,61,USA,United States,42602.510059
goods_two_way_supplemental_public_metric_check,BRA,Brazil,2006,CUB,Cuba,408.70583200000004,62,USA,United States,42602.510059
goods_two_way_supplemental_public_metric_check,BRA,Brazil,2006,ABW,Aruba,404.39462199999997,63,USA,United States,42602.510059
goods_two_way_supplemental_public_metric_check,BRA,Brazil,2006,GTM,Guatemala,374.98464,64,USA,United States,42602.510059
goods_two_way_supplemental_public_metric_check,BRA,Brazil,2006,BLR,Belarus,370.114027,65,USA,United States,42602.510059
goods_two_way_supplemental_public_metric_check,BRA,Brazil,2006,DOM,Dominican Republic,341.80018600000005,66,USA,United States,42602.510059
goods_two_way_supplemental_public_metric_check,BRA,Brazil,2006,PAN,Panama,341.168135,67,USA,United States,42602.510059
goods_two_way_supplemental_public_metric_check,BRA,Brazil,2006,COG,Congo - Brazzaville,329.757384,68,USA,United States,42602.510059
goods_two_way_supplemental_public_metric_check,BRA,Brazil,2006,TUN,Tunisia,302.094503,69,USA,United States,42602.510059
goods_two_way_supplemental_public_metric_check,BRA,Brazil,2006,SLV,El Salvador,295.25115700000003,70,USA,United States,42602.510059
goods_two_way_supplemental_public_metric_check,BRA,Brazil,2006,ANT,Netherlands Antilles,283.1969679999999,71,USA,United States,42602.510059
goods_two_way_supplemental_public_metric_check,BRA,Brazil,2006,GRC,Greece,270.80072000000007,72,USA,United States,42602.510059
goods_two_way_supplemental_public_metric_check,BRA,Brazil,2006,PAK,Pakistan,255.27444399999996,73,USA,United States,42602.510059
goods_two_way_supplemental_public_metric_check,BRA,Brazil,2006,CYP,Cyprus,248.79678199999998,74,USA,United States,42602.510059
goods_two_way_supplemental_public_metric_check,BRA,Brazil,2006,HUN,Hungary,238.31678400000007,75,USA,United States,42602.510059
goods_two_way_supplemental_public_metric_check,BRA,Brazil,2006,LBN,Lebanon,233.6470950000001,76,USA,United States,42602.510059
goods_two_way_supplemental_public_metric_check,BRA,Brazil,2006,BGD,Bangladesh,232.433781,77,USA,United States,42602.510059
goods_two_way_supplemental_public_metric_check,BRA,Brazil,2006,KAZ,Kazakhstan,221.43811100000002,78,USA,United States,42602.510059
goods_two_way_supplemental_public_metric_check,BRA,Brazil,2006,VNM,Vietnam,221.013304,79,USA,United States,42602.510059
goods_two_way_supplemental_public_metric_check,BRA,Brazil,2006,JAM,Jamaica,202.03939599999995,80,USA,United States,42602.510059
goods_two_way_supplemental_public_metric_check,BRA,Brazil,2006,CYM,Cayman Islands,191.63962400000003,81,USA,United States,42602.510059
goods_two_way_supplemental_public_metric_check,BRA,Brazil,2006,YEM,Yemen,190.495037,82,USA,United States,42602.510059
goods_two_way_supplemental_public_metric_check,BRA,Brazil,2006,BHR,Bahrain,176.22942500000002,83,USA,United States,42602.510059
goods_two_way_supplemental_public_metric_check,BRA,Brazil,2006,AZE,Azerbaijan,164.89980400000002,84,USA,United States,42602.510059
goods_two_way_supplemental_public_metric_check,BRA,Brazil,2006,HRV,Croatia,163.02979400000004,85,USA,United States,42602.510059
goods_two_way_supplemental_public_metric_check,BRA,Brazil,2006,PRK,North Korea,158.46079099999997,86,USA,United States,42602.510059
goods_two_way_supplemental_public_metric_check,BRA,Brazil,2006,KWT,Kuwait,156.129133,87,USA,United States,42602.510059
goods_two_way_supplemental_public_metric_check,BRA,Brazil,2006,SYR,Syria,153.266098,88,USA,United States,42602.510059
goods_two_way_supplemental_public_metric_check,BRA,Brazil,2006,COD,Congo - Kinshasa,152.86255100000002,89,USA,United States,42602.510059
goods_two_way_supplemental_public_metric_check,BRA,Brazil,2006,SVN,Slovenia,142.367782,90,USA,United States,42602.510059
goods_two_way_supplemental_public_metric_check,BRA,Brazil,2006,HND,Honduras,140.28507100000002,91,USA,United States,42602.510059
goods_two_way_supplemental_public_metric_check,BRA,Brazil,2006,CIV,Côte d'Ivoire,139.94682700000004,92,USA,United States,42602.510059
goods_two_way_supplemental_public_metric_check,BRA,Brazil,2006,GHA,Ghana,134.883218,93,USA,United States,42602.510059
goods_two_way_supplemental_public_metric_check,BRA,Brazil,2006,SEN,Senegal,134.34499300000002,94,USA,United States,42602.510059
goods_two_way_supplemental_public_metric_check,BRA,Brazil,2006,SVK,Slovakia,131.242911,95,USA,United States,42602.510059
goods_two_way_supplemental_public_metric_check,BRA,Brazil,2006,QAT,Qatar,129.326598,96,USA,United States,42602.510059
goods_two_way_supplemental_public_metric_check,BRA,Brazil,2006,JOR,Jordan,112.80049200000002,97,USA,United States,42602.510059
goods_two_way_supplemental_public_metric_check,BRA,Brazil,2006,NZL,New Zealand,111.08761000000001,98,USA,United States,42602.510059
goods_two_way_supplemental_public_metric_check,BRA,Brazil,2006,GNQ,Equatorial Guinea,108.03963,99,USA,United States,42602.510059
goods_two_way_supplemental_public_metric_check,BRA,Brazil,2006,BMU,Bermuda,94.582877,100,USA,United States,42602.510059
goods_two_way_supplemental_public_metric_check,BRA,Brazil,2006,SRB,Serbia,93.08465800000002,101,USA,United States,42602.510059
goods_two_way_supplemental_public_metric_check,BRA,Brazil,2006,NIC,Nicaragua,92.05464299999997,102,USA,United States,42602.510059
goods_two_way_supplemental_public_metric_check,BRA,Brazil,2006,CMR,Cameroon,88.58540200000002,103,USA,United States,42602.510059
goods_two_way_supplemental_public_metric_check,BRA,Brazil,2006,OMN,Oman,79.64811900000001,104,USA,United States,42602.510059
goods_two_way_supplemental_public_metric_check,BRA,Brazil,2006,SDN,Sudan,76.596191,105,USA,United States,42602.510059
goods_two_way_supplemental_public_metric_check,BRA,Brazil,2006,LUX,Luxembourg,71.14258700000002,106,USA,United States,42602.510059
goods_two_way_supplemental_public_metric_check,BRA,Brazil,2006,BIH,Bosnia & Herzegovina,71.11308500000001,107,USA,United States,42602.510059
goods_two_way_supplemental_public_metric_check,BRA,Brazil,2006,HTI,Haiti,69.677108,108,USA,United States,42602.510059
goods_two_way_supplemental_public_metric_check,BRA,Brazil,2006,MRT,Mauritania,64.32950799999999,109,USA,United States,42602.510059
goods_two_way_supplemental_public_metric_check,BRA,Brazil,2006,SOM,Somalia,61.525949,110,USA,United States,42602.510059
goods_two_way_supplemental_public_metric_check,BRA,Brazil,2006,GEO,Georgia,60.58620400000001,111,USA,United States,42602.510059
goods_two_way_supplemental_public_metric_check,BRA,Brazil,2006,ETH,Ethiopia,58.571753999999984,112,USA,United States,42602.510059
goods_two_way_supplemental_public_metric_check,BRA,Brazil,2006,KEN,Kenya,51.777615,113,USA,United States,42602.510059
goods_two_way_supplemental_public_metric_check,BRA,Brazil,2006,SUR,Suriname,49.965762999999995,114,USA,United States,42602.510059
goods_two_way_supplemental_public_metric_check,BRA,Brazil,2006,MLT,Malta,49.45851,115,USA,United States,42602.510059
goods_two_way_supplemental_public_metric_check,BRA,Brazil,2006,EST,Estonia,47.917351999999994,116,USA,United States,42602.510059
goods_two_way_supplemental_public_metric_check,BRA,Brazil,2006,LKA,Sri Lanka,47.46689500000001,117,USA,United States,42602.510059
goods_two_way_supplemental_public_metric_check,BRA,Brazil,2006,BRB,Barbados,44.777896999999996,118,USA,United States,42602.510059
goods_two_way_supplemental_public_metric_check,BRA,Brazil,2006,MLI,Mali,43.169205,119,USA,United States,42602.510059
goods_two_way_supplemental_public_metric_check,BRA,Brazil,2006,LTU,Lithuania,40.30967800000001,120,USA,United States,42602.510059
goods_two_way_supplemental_public_metric_check,BRA,Brazil,2006,MKD,North Macedonia,40.290482,121,USA,United States,42602.510059
goods_two_way_supplemental_public_metric_check,BRA,Brazil,2006,TGO,Togo,37.208233,122,USA,United States,42602.510059
goods_two_way_supplemental_public_metric_check,BRA,Brazil,2006,CPV,Cape Verde,35.91556799999999,123,USA,United States,42602.510059
goods_two_way_supplemental_public_metric_check,BRA,Brazil,2006,BEN,Benin,35.592873,124,USA,United States,42602.510059
goods_two_way_supplemental_public_metric_check,BRA,Brazil,2006,MOZ,Mozambique,35.468628,125,USA,United States,42602.510059
goods_two_way_supplemental_public_metric_check,BRA,Brazil,2006,VGB,British Virgin Islands,34.379144999999994,126,USA,United States,42602.510059
goods_two_way_supplemental_public_metric_check,BRA,Brazil,2006,GAB,Gabon,32.678941,127,USA,United States,42602.510059
goods_two_way_supplemental_public_metric_check,BRA,Brazil,2006,ALB,Albania,31.767626999999994,128,USA,United States,42602.510059
goods_two_way_supplemental_public_metric_check,BRA,Brazil,2006,SYC,Seychelles,29.274939000000003,129,USA,United States,42602.510059
goods_two_way_supplemental_public_metric_check,BRA,Brazil,2006,BFA,Burkina Faso,25.07127400000001,130,USA,United States,42602.510059
goods_two_way_supplemental_public_metric_check,BRA,Brazil,2006,NER,Niger,22.027323999999997,131,USA,United States,42602.510059
goods_two_way_supplemental_public_metric_check,BRA,Brazil,2006,GMB,Gambia,19.285661999999995,132,USA,United States,42602.510059
goods_two_way_supplemental_public_metric_check,BRA,Brazil,2006,PNG,Papua New Guinea,18.430706999999998,133,USA,United States,42602.510059
goods_two_way_supplemental_public_metric_check,BRA,Brazil,2006,DJI,Djibouti,18.321436,134,USA,United States,42602.510059
goods_two_way_supplemental_public_metric_check,BRA,Brazil,2006,ARM,Armenia,16.997351000000002,135,USA,United States,42602.510059
goods_two_way_supplemental_public_metric_check,BRA,Brazil,2006,BRN,Brunei,16.900244999999998,136,USA,United States,42602.510059
goods_two_way_supplemental_public_metric_check,BRA,Brazil,2006,GIN,Guinea,16.608835000000003,137,USA,United States,42602.510059
goods_two_way_supplemental_public_metric_check,BRA,Brazil,2006,MDA,Moldova,16.51598,138,USA,United States,42602.510059
goods_two_way_supplemental_public_metric_check,BRA,Brazil,2006,GUY,Guyana,16.387665,139,USA,United States,42602.510059
goods_two_way_supplemental_public_metric_check,BRA,Brazil,2006,MNE,Montenegro,14.765093,140,USA,United States,42602.510059
goods_two_way_supplemental_public_metric_check,BRA,Brazil,2006,TZA,Tanzania,14.399590999999997,141,USA,United States,42602.510059
goods_two_way_supplemental_public_metric_check,BRA,Brazil,2006,MAC,Macao,14.135197000000002,142,USA,United States,42602.510059
goods_two_way_supplemental_public_metric_check,BRA,Brazil,2006,MUS,Mauritius,12.756900999999997,143,USA,United States,42602.510059
goods_two_way_supplemental_public_metric_check,BRA,Brazil,2006,LVA,Latvia,12.744143000000001,144,USA,United States,42602.510059
goods_two_way_supplemental_public_metric_check,BRA,Brazil,2006,ZWE,Zimbabwe,11.395205999999998,145,USA,United States,42602.510059
goods_two_way_supplemental_public_metric_check,BRA,Brazil,2006,LBR,Liberia,10.943628000000002,146,USA,United States,42602.510059
goods_two_way_supplemental_public_metric_check,BRA,Brazil,2006,NAM,Namibia,10.893104999999998,147,USA,United States,42602.510059
goods_two_way_supplemental_public_metric_check,BRA,Brazil,2006,MYT,Mayotte,10.561247999999997,148,USA,United States,42602.510059
goods_two_way_supplemental_public_metric_check,BRA,Brazil,2006,ISL,Iceland,10.289191999999996,149,USA,United States,42602.510059
goods_two_way_supplemental_public_metric_check,BRA,Brazil,2006,GIB,Gibraltar,10.121616999999999,150,USA,United States,42602.510059
goods_two_way_supplemental_public_metric_check,BRA,Brazil,2006,SLE,Sierra Leone,9.858111999999998,151,USA,United States,42602.510059
goods_two_way_supplemental_public_metric_check,BRA,Brazil,2006,UGA,Uganda,9.82432,152,USA,United States,42602.510059
goods_two_way_supplemental_public_metric_check,BRA,Brazil,2006,ZMB,Zambia,9.080941,153,USA,United States,42602.510059
goods_two_way_supplemental_public_metric_check,BRA,Brazil,2006,NCL,New Caledonia,8.700079,154,USA,United States,42602.510059
goods_two_way_supplemental_public_metric_check,BRA,Brazil,2006,KGZ,Kyrgyzstan,7.866327999999999,155,USA,United States,42602.510059
goods_two_way_supplemental_public_metric_check,BRA,Brazil,2006,GRD,Grenada,7.642057,156,USA,United States,42602.510059
goods_two_way_supplemental_public_metric_check,BRA,Brazil,2006,TKM,Turkmenistan,7.573889000000001,157,USA,United States,42602.510059
goods_two_way_supplemental_public_metric_check,BRA,Brazil,2006,ERI,Eritrea,7.433376000000001,158,USA,United States,42602.510059
goods_two_way_supplemental_public_metric_check,BRA,Brazil,2006,MDG,Madagascar,7.024950999999998,159,USA,United States,42602.510059
goods_two_way_supplemental_public_metric_check,BRA,Brazil,2006,UZB,Uzbekistan,5.905651000000001,160,USA,United States,42602.510059
goods_two_way_supplemental_public_metric_check,BRA,Brazil,2006,LCA,St. Lucia,5.905246,161,USA,United States,42602.510059
goods_two_way_supplemental_public_metric_check,BRA,Brazil,2006,VCT,St. Vincent & Grenadines,4.9308179999999995,162,USA,United States,42602.510059
goods_two_way_supplemental_public_metric_check,BRA,Brazil,2006,CAF,Central African Republic,4.846789000000001,163,USA,United States,42602.510059
goods_two_way_supplemental_public_metric_check,BRA,Brazil,2006,ATG,Antigua & Barbuda,4.802117999999998,164,USA,United States,42602.510059
goods_two_way_supplemental_public_metric_check,BRA,Brazil,2006,BWA,Botswana,4.5515349999999986,165,USA,United States,42602.510059
goods_two_way_supplemental_public_metric_check,BRA,Brazil,2006,BLZ,Belize,4.507299999999999,166,USA,United States,42602.510059
goods_two_way_supplemental_public_metric_check,BRA,Brazil,2006,MWI,Malawi,4.292541,167,USA,United States,42602.510059
goods_two_way_supplemental_public_metric_check,BRA,Brazil,2006,GNB,Guinea-Bissau,3.7751239999999995,168,USA,United States,42602.510059
goods_two_way_supplemental_public_metric_check,BRA,Brazil,2006,MMR,Myanmar (Burma),3.7308339999999998,169,USA,United States,42602.510059
goods_two_way_supplemental_public_metric_check,BRA,Brazil,2006,PYF,French Polynesia,3.651738,170,USA,United States,42602.510059
goods_two_way_supplemental_public_metric_check,BRA,Brazil,2006,SWZ,Eswatini,3.2307210000000004,171,USA,United States,42602.510059
goods_two_way_supplemental_public_metric_check,BRA,Brazil,2006,AFG,Afghanistan,2.9775530000000003,172,USA,United States,42602.510059
goods_two_way_supplemental_public_metric_check,BRA,Brazil,2006,TJK,Tajikistan,2.8400790000000002,173,USA,United States,42602.510059
goods_two_way_supplemental_public_metric_check,BRA,Brazil,2006,FRO,Faroe Islands,2.7957939999999994,174,USA,United States,42602.510059
goods_two_way_supplemental_public_metric_check,BRA,Brazil,2006,SMR,San Marino,2.657499,175,USA,United States,42602.510059
goods_two_way_supplemental_public_metric_check,BRA,Brazil,2006,COM,Comoros,2.5912410000000006,176,USA,United States,42602.510059
goods_two_way_supplemental_public_metric_check,BRA,Brazil,2006,MNG,Mongolia,2.4488659999999998,177,USA,United States,42602.510059
goods_two_way_supplemental_public_metric_check,BRA,Brazil,2006,KHM,Cambodia,2.043914,178,USA,United States,42602.510059
goods_two_way_supplemental_public_metric_check,BRA,Brazil,2006,KNA,St. Kitts & Nevis,2.029895,179,USA,United States,42602.510059
goods_two_way_supplemental_public_metric_check,BRA,Brazil,2006,DMA,Dominica,1.7035130000000003,180,USA,United States,42602.510059
goods_two_way_supplemental_public_metric_check,BRA,Brazil,2006,MDV,Maldives,1.5292370000000002,181,USA,United States,42602.510059
goods_two_way_supplemental_public_metric_check,BRA,Brazil,2006,WLF,Wallis & Futuna,1.3638580000000002,182,USA,United States,42602.510059
goods_two_way_supplemental_public_metric_check,BRA,Brazil,2006,FJI,Fiji,1.251347,183,USA,United States,42602.510059
goods_two_way_supplemental_public_metric_check,BRA,Brazil,2006,AND,Andorra,1.037804,184,USA,United States,42602.510059
goods_two_way_supplemental_public_metric_check,BRA,Brazil,2006,TCA,Turks & Caicos Islands,0.8475440000000001,185,USA,United States,42602.510059
goods_two_way_supplemental_public_metric_check,BRA,Brazil,2006,ASM,American Samoa,0.821542,186,USA,United States,42602.510059
goods_two_way_supplemental_public_metric_check,BRA,Brazil,2006,FSM,Micronesia (Federated States of),0.8190500000000001,187,USA,United States,42602.510059
goods_two_way_supplemental_public_metric_check,BRA,Brazil,2006,STP,São Tomé & Príncipe,0.737166,188,USA,United States,42602.510059
goods_two_way_supplemental_public_metric_check,BRA,Brazil,2006,TCD,Chad,0.72619,189,USA,United States,42602.510059
goods_two_way_supplemental_public_metric_check,BRA,Brazil,2006,NPL,Nepal,0.7181789999999999,190,USA,United States,42602.510059
goods_two_way_supplemental_public_metric_check,BRA,Brazil,2006,WSM,Samoa,0.7174509999999998,191,USA,United States,42602.510059
goods_two_way_supplemental_public_metric_check,BRA,Brazil,2006,ESH,Western Sahara,0.696138,192,USA,United States,42602.510059
goods_two_way_supplemental_public_metric_check,BRA,Brazil,2006,GRL,Greenland,0.6400630000000002,193,USA,United States,42602.510059
goods_two_way_supplemental_public_metric_check,BRA,Brazil,2006,BDI,Burundi,0.536982,194,USA,United States,42602.510059
goods_two_way_supplemental_public_metric_check,BRA,Brazil,2006,CCK,Cocos (Keeling) Islands,0.5329340000000001,195,USA,United States,42602.510059
goods_two_way_supplemental_public_metric_check,BRA,Brazil,2006,GUM,Guam,0.44605899999999987,196,USA,United States,42602.510059
goods_two_way_supplemental_public_metric_check,BRA,Brazil,2006,RWA,Rwanda,0.416691,197,USA,United States,42602.510059
goods_two_way_supplemental_public_metric_check,BRA,Brazil,2006,SLB,Solomon Islands,0.398593,198,USA,United States,42602.510059
goods_two_way_supplemental_public_metric_check,BRA,Brazil,2006,AIA,Anguilla,0.21349500000000002,199,USA,United States,42602.510059
goods_two_way_supplemental_public_metric_check,BRA,Brazil,2006,LAO,Laos,0.202008,200,USA,United States,42602.510059
goods_two_way_supplemental_public_metric_check,BRA,Brazil,2006,NFK,Norfolk Island,0.179952,201,USA,United States,42602.510059
goods_two_way_supplemental_public_metric_check,BRA,Brazil,2006,NIU,Niue,0.167568,202,USA,United States,42602.510059
goods_two_way_supplemental_public_metric_check,BRA,Brazil,2006,LSO,Lesotho,0.118284,203,USA,United States,42602.510059
goods_two_way_supplemental_public_metric_check,BRA,Brazil,2006,UMI,United States Minor Outlying Islands (the),0.10261200000000001,204,USA,United States,42602.510059
goods_two_way_supplemental_public_metric_check,BRA,Brazil,2006,KIR,Kiribati,0.10149599999999999,205,USA,United States,42602.510059
goods_two_way_supplemental_public_metric_check,BRA,Brazil,2006,TON,Tonga,0.08831,206,USA,United States,42602.510059
goods_two_way_supplemental_public_metric_check,BRA,Brazil,2006,COK,Cook Islands,0.059003,207,USA,United States,42602.510059
goods_two_way_supplemental_public_metric_check,BRA,Brazil,2006,MNP,Northern Mariana Islands,0.058367,208,USA,United States,42602.510059
goods_two_way_supplemental_public_metric_check,BRA,Brazil,2006,MSR,Montserrat,0.04976299999999999,209,USA,United States,42602.510059
goods_two_way_supplemental_public_metric_check,BRA,Brazil,2006,MHL,Marshall Islands,0.041245,210,USA,United States,42602.510059
goods_two_way_supplemental_public_metric_check,BRA,Brazil,2006,TKL,Tokelau,0.029299,211,USA,United States,42602.510059
goods_two_way_supplemental_public_metric_check,BRA,Brazil,2006,BTN,Bhutan,0.028404000000000002,212,USA,United States,42602.510059
goods_two_way_supplemental_public_metric_check,BRA,Brazil,2006,VUT,Vanuatu,0.024606,213,USA,United States,42602.510059
goods_two_way_supplemental_public_metric_check,BRA,Brazil,2006,IOT,British Indian Ocean Territory,0.010281,214,USA,United States,42602.510059
goods_two_way_supplemental_public_metric_check,BRA,Brazil,2006,NRU,Nauru,0.003047,215,USA,United States,42602.510059
goods_two_way_supplemental_public_metric_check,BRA,Brazil,2006,TUV,Tuvalu,0.001093,216,USA,United States,42602.510059
goods_two_way_supplemental_public_metric_check,BRA,Brazil,2006,FLK,Falkland Islands,4.47e-4,217,USA,United States,42602.510059
goods_two_way_supplemental_public_metric_check,BRA,Brazil,2006,SPM,St. Pierre & Miquelon,4.39e-4,218,USA,United States,42602.510059
goods_two_way_supplemental_public_metric_check,BRA,Brazil,2006,PCN,Pitcairn Islands,3.9e-5,219,USA,United States,42602.510059
goods_two_way_supplemental_public_metric_check,BRA,Brazil,2006,VAT,Vatican City,1.9e-5,220,USA,United States,42602.510059
goods_two_way_supplemental_public_metric_check,BRA,Brazil,2007,USA,United States,46329.912672,1,USA,United States,46329.912672
goods_two_way_supplemental_public_metric_check,BRA,Brazil,2007,CHN,China,32000.682039,2,USA,United States,46329.912672
goods_two_way_supplemental_public_metric_check,BRA,Brazil,2007,ARG,Argentina,25500.264645000003,3,USA,United States,46329.912672
goods_two_way_supplemental_public_metric_check,BRA,Brazil,2007,DEU,Germany,19750.077501999996,4,USA,United States,46329.912672
goods_two_way_supplemental_public_metric_check,BRA,Brazil,2007,JPN,Japan,10827.731655,5,USA,United States,46329.912672
goods_two_way_supplemental_public_metric_check,BRA,Brazil,2007,ITA,Italy,8653.944297000002,6,USA,United States,46329.912672
goods_two_way_supplemental_public_metric_check,BRA,Brazil,2007,FRA,France,8377.306280000003,7,USA,United States,46329.912672
goods_two_way_supplemental_public_metric_check,BRA,Brazil,2007,CHL,Chile,8060.472996999999,8,USA,United States,46329.912672
goods_two_way_supplemental_public_metric_check,BRA,Brazil,2007,MEX,Mexico,7093.7296510000015,9,USA,United States,46329.912672
goods_two_way_supplemental_public_metric_check,BRA,Brazil,2007,NLD,Netherlands,6606.892504,10,USA,United States,46329.912672
goods_two_way_supplemental_public_metric_check,BRA,Brazil,2007,NGA,Nigeria,6563.184513999999,11,USA,United States,46329.912672
goods_two_way_supplemental_public_metric_check,BRA,Brazil,2007,KOR,South Korea,6393.363899,12,USA,United States,46329.912672
goods_two_way_supplemental_public_metric_check,BRA,Brazil,2007,GBR,United Kingdom,6287.891725999998,13,USA,United States,46329.912672
goods_two_way_supplemental_public_metric_check,BRA,Brazil,2007,ESP,Spain,6072.506627000001,14,USA,United States,46329.912672
goods_two_way_supplemental_public_metric_check,BRA,Brazil,2007,RUS,Russia,5974.265864000001,15,USA,United States,46329.912672
goods_two_way_supplemental_public_metric_check,BRA,Brazil,2007,BEL,Belgium,5248.793199,16,USA,United States,46329.912672
goods_two_way_supplemental_public_metric_check,BRA,Brazil,2007,CAN,Canada,4999.727632,17,USA,United States,46329.912672
goods_two_way_supplemental_public_metric_check,BRA,Brazil,2007,PRY,Paraguay,3733.2646529999984,18,USA,United States,46329.912672
goods_two_way_supplemental_public_metric_check,BRA,Brazil,2007,TWN,Taiwan,3723.4838259999988,19,USA,United States,46329.912672
goods_two_way_supplemental_public_metric_check,BRA,Brazil,2007,SAU,Saudi Arabia,3488.112727,20,USA,United States,46329.912672
goods_two_way_supplemental_public_metric_check,BRA,Brazil,2007,VEN,Venezuela,3422.7664239999995,21,USA,United States,46329.912672
goods_two_way_supplemental_public_metric_check,BRA,Brazil,2007,IND,India,3184.724507,22,USA,United States,46329.912672
goods_two_way_supplemental_public_metric_check,BRA,Brazil,2007,CHE,Switzerland,3116.6654849999995,23,USA,United States,46329.912672
goods_two_way_supplemental_public_metric_check,BRA,Brazil,2007,PER,Peru,2910.0191800000002,24,USA,United States,46329.912672
goods_two_way_supplemental_public_metric_check,BRA,Brazil,2007,DZA,Algeria,2904.330427,25,USA,United States,46329.912672
goods_two_way_supplemental_public_metric_check,BRA,Brazil,2007,COL,Colombia,2787.2403540000005,26,USA,United States,46329.912672
goods_two_way_supplemental_public_metric_check,BRA,Brazil,2007,BOL,Bolivia,2599.4279420000003,27,USA,United States,46329.912672
goods_two_way_supplemental_public_metric_check,BRA,Brazil,2007,HKG,Hong Kong,2326.5502679999995,28,USA,United States,46329.912672
goods_two_way_supplemental_public_metric_check,BRA,Brazil,2007,MYS,Malaysia,2292.9914189999995,29,USA,United States,46329.912672
goods_two_way_supplemental_public_metric_check,BRA,Brazil,2007,THA,Thailand,2257.02258,30,USA,United States,46329.912672
goods_two_way_supplemental_public_metric_check,BRA,Brazil,2007,URY,Uruguay,2243.314861,31,USA,United States,46329.912672
goods_two_way_supplemental_public_metric_check,BRA,Brazil,2007,PRT,Portugal,2236.1703830000006,32,USA,United States,46329.912672
goods_two_way_supplemental_public_metric_check,BRA,Brazil,2007,SGP,Singapore,2201.4067919999998,33,USA,United States,46329.912672
goods_two_way_supplemental_public_metric_check,BRA,Brazil,2007,SWE,Sweden,2101.6958269999996,34,USA,United States,46329.912672
goods_two_way_supplemental_public_metric_check,BRA,Brazil,2007,IRN,Iran,1847.161348,35,USA,United States,46329.912672
goods_two_way_supplemental_public_metric_check,BRA,Brazil,2007,ZAF,South Africa,1793.2103169999996,36,USA,United States,46329.912672
goods_two_way_supplemental_public_metric_check,BRA,Brazil,2007,AUS,Australia,1739.8729539999997,37,USA,United States,46329.912672
goods_two_way_supplemental_public_metric_check,BRA,Brazil,2007,FIN,Finland,1727.503382,38,USA,United States,46329.912672
goods_two_way_supplemental_public_metric_check,BRA,Brazil,2007,AGO,Angola,1721.442704,39,USA,United States,46329.912672
goods_two_way_supplemental_public_metric_check,BRA,Brazil,2007,IDN,Indonesia,1629.9185619999994,40,USA,United States,46329.912672
goods_two_way_supplemental_public_metric_check,BRA,Brazil,2007,ARE,United Arab Emirates,1606.050427,41,USA,United States,46329.912672
goods_two_way_supplemental_public_metric_check,BRA,Brazil,2007,TUR,Turkey,1454.8105800000003,42,USA,United States,46329.912672
goods_two_way_supplemental_public_metric_check,BRA,Brazil,2007,NOR,Norway,1404.585056,43,USA,United States,46329.912672
goods_two_way_supplemental_public_metric_check,BRA,Brazil,2007,AUT,Austria,1257.8302509999999,44,USA,United States,46329.912672
goods_two_way_supplemental_public_metric_check,BRA,Brazil,2007,LBY,Libya,1244.6626689999998,45,USA,United States,46329.912672
goods_two_way_supplemental_public_metric_check,BRA,Brazil,2007,MAR,Morocco,1148.8880989999998,46,USA,United States,46329.912672
goods_two_way_supplemental_public_metric_check,BRA,Brazil,2007,LCA,St. Lucia,1035.1795660000002,47,USA,United States,46329.912672
goods_two_way_supplemental_public_metric_check,BRA,Brazil,2007,ISR,Israel,1024.3619180000003,48,USA,United States,46329.912672
goods_two_way_supplemental_public_metric_check,BRA,Brazil,2007,POL,Poland,1023.329782,49,USA,United States,46329.912672
goods_two_way_supplemental_public_metric_check,BRA,Brazil,2007,TTO,Trinidad & Tobago,937.4035970000002,50,USA,United States,46329.912672
goods_two_way_supplemental_public_metric_check,BRA,Brazil,2007,IRL,Ireland,930.891304,51,USA,United States,46329.912672
goods_two_way_supplemental_public_metric_check,BRA,Brazil,2007,EGY,Egypt,927.9083390000002,52,USA,United States,46329.912672
goods_two_way_supplemental_public_metric_check,BRA,Brazil,2007,ANT,Netherlands Antilles,813.8166660000002,53,USA,United States,46329.912672
goods_two_way_supplemental_public_metric_check,BRA,Brazil,2007,UKR,Ukraine,802.106974,54,USA,United States,46329.912672
goods_two_way_supplemental_public_metric_check,BRA,Brazil,2007,DNK,Denmark,769.3578150000001,55,USA,United States,46329.912672
goods_two_way_supplemental_public_metric_check,BRA,Brazil,2007,ECU,Ecuador,763.764908,56,USA,United States,46329.912672
goods_two_way_supplemental_public_metric_check,BRA,Brazil,2007,PHL,Philippines,710.270221,57,USA,United States,46329.912672
goods_two_way_supplemental_public_metric_check,BRA,Brazil,2007,ROU,Romania,590.840179,58,USA,United States,46329.912672
goods_two_way_supplemental_public_metric_check,BRA,Brazil,2007,CRI,Costa Rica,579.6869139999999,59,USA,United States,46329.912672
goods_two_way_supplemental_public_metric_check,BRA,Brazil,2007,CZE,Czechia,568.374152,60,USA,United States,46329.912672
goods_two_way_supplemental_public_metric_check,BRA,Brazil,2007,BLR,Belarus,460.43913299999997,61,USA,United States,46329.912672
goods_two_way_supplemental_public_metric_check,BRA,Brazil,2007,CUB,Cuba,415.143754,62,USA,United States,46329.912672
goods_two_way_supplemental_public_metric_check,BRA,Brazil,2007,BGD,Bangladesh,414.416737,63,USA,United States,46329.912672
goods_two_way_supplemental_public_metric_check,BRA,Brazil,2007,DOM,Dominican Republic,410.97873899999996,64,USA,United States,46329.912672
goods_two_way_supplemental_public_metric_check,BRA,Brazil,2007,AZE,Azerbaijan,403.86894599999994,65,USA,United States,46329.912672
goods_two_way_supplemental_public_metric_check,BRA,Brazil,2007,BGR,Bulgaria,398.33906000000013,66,USA,United States,46329.912672
goods_two_way_supplemental_public_metric_check,BRA,Brazil,2007,GRC,Greece,372.07234900000003,67,USA,United States,46329.912672
goods_two_way_supplemental_public_metric_check,BRA,Brazil,2007,IRQ,Iraq,366.203768,68,USA,United States,46329.912672
goods_two_way_supplemental_public_metric_check,BRA,Brazil,2007,TUN,Tunisia,359.4910980000001,69,USA,United States,46329.912672
goods_two_way_supplemental_public_metric_check,BRA,Brazil,2007,ABW,Aruba,351.909715,70,USA,United States,46329.912672
goods_two_way_supplemental_public_metric_check,BRA,Brazil,2007,VNM,Vietnam,340.90257399999996,71,USA,United States,46329.912672
goods_two_way_supplemental_public_metric_check,BRA,Brazil,2007,KWT,Kuwait,337.000613,72,USA,United States,46329.912672
goods_two_way_supplemental_public_metric_check,BRA,Brazil,2007,GTM,Guatemala,312.3828050000001,73,USA,United States,46329.912672
goods_two_way_supplemental_public_metric_check,BRA,Brazil,2007,JAM,Jamaica,305.385271,74,USA,United States,46329.912672
goods_two_way_supplemental_public_metric_check,BRA,Brazil,2007,LBN,Lebanon,302.3879430000001,75,USA,United States,46329.912672
goods_two_way_supplemental_public_metric_check,BRA,Brazil,2007,BHS,Bahamas,297.2895859999999,76,USA,United States,46329.912672
goods_two_way_supplemental_public_metric_check,BRA,Brazil,2007,SLV,El Salvador,294.7663839999999,77,USA,United States,46329.912672
goods_two_way_supplemental_public_metric_check,BRA,Brazil,2007,HUN,Hungary,282.22405299999997,78,USA,United States,46329.912672
goods_two_way_supplemental_public_metric_check,BRA,Brazil,2007,GNQ,Equatorial Guinea,250.94181400000002,79,USA,United States,46329.912672
goods_two_way_supplemental_public_metric_check,BRA,Brazil,2007,CYP,Cyprus,233.56142300000005,80,USA,United States,46329.912672
goods_two_way_supplemental_public_metric_check,BRA,Brazil,2007,QAT,Qatar,233.49097300000005,81,USA,United States,46329.912672
goods_two_way_supplemental_public_metric_check,BRA,Brazil,2007,HRV,Croatia,233.074452,82,USA,United States,46329.912672
goods_two_way_supplemental_public_metric_check,BRA,Brazil,2007,PAN,Panama,230.487847,83,USA,United States,46329.912672
goods_two_way_supplemental_public_metric_check,BRA,Brazil,2007,SYR,Syria,219.47111800000002,84,USA,United States,46329.912672
goods_two_way_supplemental_public_metric_check,BRA,Brazil,2007,SVN,Slovenia,216.06409800000006,85,USA,United States,46329.912672
goods_two_way_supplemental_public_metric_check,BRA,Brazil,2007,SEN,Senegal,213.511772,86,USA,United States,46329.912672
goods_two_way_supplemental_public_metric_check,BRA,Brazil,2007,COD,Congo - Kinshasa,212.92775800000004,87,USA,United States,46329.912672
goods_two_way_supplemental_public_metric_check,BRA,Brazil,2007,GHA,Ghana,201.985365,88,USA,United States,46329.912672
goods_two_way_supplemental_public_metric_check,BRA,Brazil,2007,YEM,Yemen,197.970924,89,USA,United States,46329.912672
goods_two_way_supplemental_public_metric_check,BRA,Brazil,2007,PRK,North Korea,195.82137999999998,90,USA,United States,46329.912672
goods_two_way_supplemental_public_metric_check,BRA,Brazil,2007,PAK,Pakistan,191.063721,91,USA,United States,46329.912672
goods_two_way_supplemental_public_metric_check,BRA,Brazil,2007,CMR,Cameroon,183.8754380000001,92,USA,United States,46329.912672
goods_two_way_supplemental_public_metric_check,BRA,Brazil,2007,SVK,Slovakia,172.410375,93,USA,United States,46329.912672
goods_two_way_supplemental_public_metric_check,BRA,Brazil,2007,COG,Congo - Brazzaville,167.53292,94,USA,United States,46329.912672
goods_two_way_supplemental_public_metric_check,BRA,Brazil,2007,CIV,Côte d'Ivoire,166.54308600000002,95,USA,United States,46329.912672
goods_two_way_supplemental_public_metric_check,BRA,Brazil,2007,KAZ,Kazakhstan,155.234193,96,USA,United States,46329.912672
goods_two_way_supplemental_public_metric_check,BRA,Brazil,2007,CYM,Cayman Islands,144.957424,97,USA,United States,46329.912672
goods_two_way_supplemental_public_metric_check,BRA,Brazil,2007,NZL,New Zealand,142.97349799999998,98,USA,United States,46329.912672
goods_two_way_supplemental_public_metric_check,BRA,Brazil,2007,HND,Honduras,137.60644599999995,99,USA,United States,46329.912672
goods_two_way_supplemental_public_metric_check,BRA,Brazil,2007,SRB,Serbia,136.522325,100,USA,United States,46329.912672
goods_two_way_supplemental_public_metric_check,BRA,Brazil,2007,JOR,Jordan,134.205882,101,USA,United States,46329.912672
goods_two_way_supplemental_public_metric_check,BRA,Brazil,2007,BIH,Bosnia & Herzegovina,130.483572,102,USA,United States,46329.912672
goods_two_way_supplemental_public_metric_check,BRA,Brazil,2007,OMN,Oman,126.41250699999999,103,USA,United States,46329.912672
goods_two_way_supplemental_public_metric_check,BRA,Brazil,2007,ETH,Ethiopia,116.326512,104,USA,United States,46329.912672
goods_two_way_supplemental_public_metric_check,BRA,Brazil,2007,GEO,Georgia,104.56464299999998,105,USA,United States,46329.912672
goods_two_way_supplemental_public_metric_check,BRA,Brazil,2007,MRT,Mauritania,93.23028599999999,106,USA,United States,46329.912672
goods_two_way_supplemental_public_metric_check,BRA,Brazil,2007,BHR,Bahrain,86.71429799999999,107,USA,United States,46329.912672
goods_two_way_supplemental_public_metric_check,BRA,Brazil,2007,LUX,Luxembourg,84.26612,108,USA,United States,46329.912672
goods_two_way_supplemental_public_metric_check,BRA,Brazil,2007,NIC,Nicaragua,82.026455,109,USA,United States,46329.912672
goods_two_way_supplemental_public_metric_check,BRA,Brazil,2007,HTI,Haiti,76.545635,110,USA,United States,46329.912672
goods_two_way_supplemental_public_metric_check,BRA,Brazil,2007,MLT,Malta,72.762006,111,USA,United States,46329.912672
goods_two_way_supplemental_public_metric_check,BRA,Brazil,2007,KEN,Kenya,68.723548,112,USA,United States,46329.912672
goods_two_way_supplemental_public_metric_check,BRA,Brazil,2007,MKD,North Macedonia,66.90501700000002,113,USA,United States,46329.912672
goods_two_way_supplemental_public_metric_check,BRA,Brazil,2007,BRB,Barbados,61.977313,114,USA,United States,46329.912672
goods_two_way_supplemental_public_metric_check,BRA,Brazil,2007,LTU,Lithuania,59.722366,115,USA,United States,46329.912672
goods_two_way_supplemental_public_metric_check,BRA,Brazil,2007,ALB,Albania,57.445412999999995,116,USA,United States,46329.912672
goods_two_way_supplemental_public_metric_check,BRA,Brazil,2007,EST,Estonia,56.425887,117,USA,United States,46329.912672
goods_two_way_supplemental_public_metric_check,BRA,Brazil,2007,SUR,Suriname,49.261500000000005,118,USA,United States,46329.912672
goods_two_way_supplemental_public_metric_check,BRA,Brazil,2007,MLI,Mali,48.925161,119,USA,United States,46329.912672
goods_two_way_supplemental_public_metric_check,BRA,Brazil,2007,CPV,Cape Verde,47.085914,120,USA,United States,46329.912672
goods_two_way_supplemental_public_metric_check,BRA,Brazil,2007,BMU,Bermuda,45.46879199999999,121,USA,United States,46329.912672
goods_two_way_supplemental_public_metric_check,BRA,Brazil,2007,TGO,Togo,44.67862900000001,122,USA,United States,46329.912672
goods_two_way_supplemental_public_metric_check,BRA,Brazil,2007,GAB,Gabon,44.275175999999995,123,USA,United States,46329.912672
goods_two_way_supplemental_public_metric_check,BRA,Brazil,2007,VGB,British Virgin Islands,43.521817,124,USA,United States,46329.912672
goods_two_way_supplemental_public_metric_check,BRA,Brazil,2007,BEN,Benin,38.592559,125,USA,United States,46329.912672
goods_two_way_supplemental_public_metric_check,BRA,Brazil,2007,SDN,Sudan,34.39131000000001,126,USA,United States,46329.912672
goods_two_way_supplemental_public_metric_check,BRA,Brazil,2007,NER,Niger,29.378548999999992,127,USA,United States,46329.912672
goods_two_way_supplemental_public_metric_check,BRA,Brazil,2007,LKA,Sri Lanka,28.982198999999994,128,USA,United States,46329.912672
goods_two_way_supplemental_public_metric_check,BRA,Brazil,2007,BFA,Burkina Faso,27.837901000000002,129,USA,United States,46329.912672
goods_two_way_supplemental_public_metric_check,BRA,Brazil,2007,ARM,Armenia,27.63987,130,USA,United States,46329.912672
goods_two_way_supplemental_public_metric_check,BRA,Brazil,2007,MOZ,Mozambique,25.800077,131,USA,United States,46329.912672
goods_two_way_supplemental_public_metric_check,BRA,Brazil,2007,MNE,Montenegro,25.672593,132,USA,United States,46329.912672
goods_two_way_supplemental_public_metric_check,BRA,Brazil,2007,MAC,Macao,22.414835999999998,133,USA,United States,46329.912672
goods_two_way_supplemental_public_metric_check,BRA,Brazil,2007,GIN,Guinea,21.546412000000004,134,USA,United States,46329.912672
goods_two_way_supplemental_public_metric_check,BRA,Brazil,2007,DJI,Djibouti,20.607631999999995,135,USA,United States,46329.912672
goods_two_way_supplemental_public_metric_check,BRA,Brazil,2007,TZA,Tanzania,20.113739000000006,136,USA,United States,46329.912672
goods_two_way_supplemental_public_metric_check,BRA,Brazil,2007,GUY,Guyana,18.665938999999995,137,USA,United States,46329.912672
goods_two_way_supplemental_public_metric_check,BRA,Brazil,2007,SOM,Somalia,18.639616,138,USA,United States,46329.912672
goods_two_way_supplemental_public_metric_check,BRA,Brazil,2007,LBR,Liberia,17.671918999999992,139,USA,United States,46329.912672
goods_two_way_supplemental_public_metric_check,BRA,Brazil,2007,SLE,Sierra Leone,17.198583000000003,140,USA,United States,46329.912672
goods_two_way_supplemental_public_metric_check,BRA,Brazil,2007,ZMB,Zambia,16.599218999999998,141,USA,United States,46329.912672
goods_two_way_supplemental_public_metric_check,BRA,Brazil,2007,NAM,Namibia,16.074111999999996,142,USA,United States,46329.912672
goods_two_way_supplemental_public_metric_check,BRA,Brazil,2007,MDA,Moldova,16.018883,143,USA,United States,46329.912672
goods_two_way_supplemental_public_metric_check,BRA,Brazil,2007,GMB,Gambia,15.553921,144,USA,United States,46329.912672
goods_two_way_supplemental_public_metric_check,BRA,Brazil,2007,MYT,Mayotte,15.294053000000002,145,USA,United States,46329.912672
goods_two_way_supplemental_public_metric_check,BRA,Brazil,2007,LVA,Latvia,14.947457000000002,146,USA,United States,46329.912672
goods_two_way_supplemental_public_metric_check,BRA,Brazil,2007,MUS,Mauritius,13.662023,147,USA,United States,46329.912672
goods_two_way_supplemental_public_metric_check,BRA,Brazil,2007,TKM,Turkmenistan,13.227557000000001,148,USA,United States,46329.912672
goods_two_way_supplemental_public_metric_check,BRA,Brazil,2007,ISL,Iceland,13.227465999999996,149,USA,United States,46329.912672
goods_two_way_supplemental_public_metric_check,BRA,Brazil,2007,MDG,Madagascar,11.117896000000002,150,USA,United States,46329.912672
goods_two_way_supplemental_public_metric_check,BRA,Brazil,2007,ZWE,Zimbabwe,11.11755,151,USA,United States,46329.912672
goods_two_way_supplemental_public_metric_check,BRA,Brazil,2007,GNB,Guinea-Bissau,10.588918,152,USA,United States,46329.912672
goods_two_way_supplemental_public_metric_check,BRA,Brazil,2007,UGA,Uganda,10.219357000000002,153,USA,United States,46329.912672
goods_two_way_supplemental_public_metric_check,BRA,Brazil,2007,NCL,New Caledonia,10.025751999999999,154,USA,United States,46329.912672
goods_two_way_supplemental_public_metric_check,BRA,Brazil,2007,KGZ,Kyrgyzstan,9.876483,155,USA,United States,46329.912672
goods_two_way_supplemental_public_metric_check,BRA,Brazil,2007,MWI,Malawi,9.631104,156,USA,United States,46329.912672
goods_two_way_supplemental_public_metric_check,BRA,Brazil,2007,ERI,Eritrea,9.158477,157,USA,United States,46329.912672
goods_two_way_supplemental_public_metric_check,BRA,Brazil,2007,TJK,Tajikistan,9.150697,158,USA,United States,46329.912672
goods_two_way_supplemental_public_metric_check,BRA,Brazil,2007,PSE,Palestine,8.639465,159,USA,United States,46329.912672
goods_two_way_supplemental_public_metric_check,BRA,Brazil,2007,UZB,Uzbekistan,8.310737999999999,160,USA,United States,46329.912672
goods_two_way_supplemental_public_metric_check,BRA,Brazil,2007,GRD,Grenada,7.90224,161,USA,United States,46329.912672
goods_two_way_supplemental_public_metric_check,BRA,Brazil,2007,SYC,Seychelles,7.1803180000000015,162,USA,United States,46329.912672
goods_two_way_supplemental_public_metric_check,BRA,Brazil,2007,FRO,Faroe Islands,6.021418000000001,163,USA,United States,46329.912672
goods_two_way_supplemental_public_metric_check,BRA,Brazil,2007,KHM,Cambodia,5.893817,164,USA,United States,46329.912672
goods_two_way_supplemental_public_metric_check,BRA,Brazil,2007,SWZ,Eswatini,5.867438,165,USA,United States,46329.912672
goods_two_way_supplemental_public_metric_check,BRA,Brazil,2007,ATG,Antigua & Barbuda,5.238538999999999,166,USA,United States,46329.912672
goods_two_way_supplemental_public_metric_check,BRA,Brazil,2007,TCD,Chad,4.446166000000001,167,USA,United States,46329.912672
goods_two_way_supplemental_public_metric_check,BRA,Brazil,2007,CAF,Central African Republic,4.247612000000002,168,USA,United States,46329.912672
goods_two_way_supplemental_public_metric_check,BRA,Brazil,2007,BLZ,Belize,4.166478,169,USA,United States,46329.912672
goods_two_way_supplemental_public_metric_check,BRA,Brazil,2007,VCT,St. Vincent & Grenadines,4.109296,170,USA,United States,46329.912672
goods_two_way_supplemental_public_metric_check,BRA,Brazil,2007,AFG,Afghanistan,3.7888569999999997,171,USA,United States,46329.912672
goods_two_way_supplemental_public_metric_check,BRA,Brazil,2007,PYF,French Polynesia,3.5542179999999988,172,USA,United States,46329.912672
goods_two_way_supplemental_public_metric_check,BRA,Brazil,2007,AND,Andorra,3.3371759999999995,173,USA,United States,46329.912672
goods_two_way_supplemental_public_metric_check,BRA,Brazil,2007,SMR,San Marino,3.1640610000000002,174,USA,United States,46329.912672
goods_two_way_supplemental_public_metric_check,BRA,Brazil,2007,PNG,Papua New Guinea,3.1413849999999996,175,USA,United States,46329.912672
goods_two_way_supplemental_public_metric_check,BRA,Brazil,2007,BRN,Brunei,2.741078999999999,176,USA,United States,46329.912672
goods_two_way_supplemental_public_metric_check,BRA,Brazil,2007,BWA,Botswana,2.7174550000000006,177,USA,United States,46329.912672
goods_two_way_supplemental_public_metric_check,BRA,Brazil,2007,DMA,Dominica,2.539547,178,USA,United States,46329.912672
goods_two_way_supplemental_public_metric_check,BRA,Brazil,2007,MDV,Maldives,2.299771,179,USA,United States,46329.912672
goods_two_way_supplemental_public_metric_check,BRA,Brazil,2007,MMR,Myanmar (Burma),2.2419330000000004,180,USA,United States,46329.912672
goods_two_way_supplemental_public_metric_check,BRA,Brazil,2007,COM,Comoros,2.090378,181,USA,United States,46329.912672
goods_two_way_supplemental_public_metric_check,BRA,Brazil,2007,MNG,Mongolia,2.054904,182,USA,United States,46329.912672
goods_two_way_supplemental_public_metric_check,BRA,Brazil,2007,KNA,St. Kitts & Nevis,1.6313449999999998,183,USA,United States,46329.912672
goods_two_way_supplemental_public_metric_check,BRA,Brazil,2007,FJI,Fiji,1.5367420000000003,184,USA,United States,46329.912672
goods_two_way_supplemental_public_metric_check,BRA,Brazil,2007,TCA,Turks & Caicos Islands,1.48563,185,USA,United States,46329.912672
goods_two_way_supplemental_public_metric_check,BRA,Brazil,2007,MHL,Marshall Islands,1.385673,186,USA,United States,46329.912672
goods_two_way_supplemental_public_metric_check,BRA,Brazil,2007,FSM,Micronesia (Federated States of),1.0713309999999998,187,USA,United States,46329.912672
goods_two_way_supplemental_public_metric_check,BRA,Brazil,2007,RWA,Rwanda,1.064731,188,USA,United States,46329.912672
goods_two_way_supplemental_public_metric_check,BRA,Brazil,2007,NPL,Nepal,1.043077,189,USA,United States,46329.912672
goods_two_way_supplemental_public_metric_check,BRA,Brazil,2007,WSM,Samoa,0.875903,190,USA,United States,46329.912672
goods_two_way_supplemental_public_metric_check,BRA,Brazil,2007,GRL,Greenland,0.843454,191,USA,United States,46329.912672
goods_two_way_supplemental_public_metric_check,BRA,Brazil,2007,STP,São Tomé & Príncipe,0.8323109999999998,192,USA,United States,46329.912672
goods_two_way_supplemental_public_metric_check,BRA,Brazil,2007,CCK,Cocos (Keeling) Islands,0.687475,193,USA,United States,46329.912672
goods_two_way_supplemental_public_metric_check,BRA,Brazil,2007,GIB,Gibraltar,0.482175,194,USA,United States,46329.912672
goods_two_way_supplemental_public_metric_check,BRA,Brazil,2007,SLB,Solomon Islands,0.369588,195,USA,United States,46329.912672
goods_two_way_supplemental_public_metric_check,BRA,Brazil,2007,LAO,Laos,0.31776299999999996,196,USA,United States,46329.912672
goods_two_way_supplemental_public_metric_check,BRA,Brazil,2007,GUM,Guam,0.307089,197,USA,United States,46329.912672
goods_two_way_supplemental_public_metric_check,BRA,Brazil,2007,BDI,Burundi,0.24614500000000003,198,USA,United States,46329.912672
goods_two_way_supplemental_public_metric_check,BRA,Brazil,2007,COK,Cook Islands,0.23521099999999998,199,USA,United States,46329.912672
goods_two_way_supplemental_public_metric_check,BRA,Brazil,2007,AIA,Anguilla,0.221387,200,USA,United States,46329.912672
goods_two_way_supplemental_public_metric_check,BRA,Brazil,2007,TON,Tonga,0.200911,201,USA,United States,46329.912672
goods_two_way_supplemental_public_metric_check,BRA,Brazil,2007,CXR,Christmas Island,0.153877,202,USA,United States,46329.912672
goods_two_way_supplemental_public_metric_check,BRA,Brazil,2007,LSO,Lesotho,0.14831600000000003,203,USA,United States,46329.912672
goods_two_way_supplemental_public_metric_check,BRA,Brazil,2007,KIR,Kiribati,0.141972,204,USA,United States,46329.912672
goods_two_way_supplemental_public_metric_check,BRA,Brazil,2007,TKL,Tokelau,0.095217,205,USA,United States,46329.912672
goods_two_way_supplemental_public_metric_check,BRA,Brazil,2007,NRU,Nauru,0.086914,206,USA,United States,46329.912672
goods_two_way_supplemental_public_metric_check,BRA,Brazil,2007,BTN,Bhutan,0.082792,207,USA,United States,46329.912672
goods_two_way_supplemental_public_metric_check,BRA,Brazil,2007,ASM,American Samoa,0.074294,208,USA,United States,46329.912672
goods_two_way_supplemental_public_metric_check,BRA,Brazil,2007,NFK,Norfolk Island,0.062399,209,USA,United States,46329.912672
goods_two_way_supplemental_public_metric_check,BRA,Brazil,2007,ESH,Western Sahara,0.05215,210,USA,United States,46329.912672
goods_two_way_supplemental_public_metric_check,BRA,Brazil,2007,VUT,Vanuatu,0.046307,211,USA,United States,46329.912672
goods_two_way_supplemental_public_metric_check,BRA,Brazil,2007,IOT,British Indian Ocean Territory,0.039167,212,USA,United States,46329.912672
goods_two_way_supplemental_public_metric_check,BRA,Brazil,2007,MSR,Montserrat,0.035445000000000004,213,USA,United States,46329.912672
goods_two_way_supplemental_public_metric_check,BRA,Brazil,2007,UMI,United States Minor Outlying Islands (the),0.034367,214,USA,United States,46329.912672
goods_two_way_supplemental_public_metric_check,BRA,Brazil,2007,SHN,St. Helena,0.023424,215,USA,United States,46329.912672
goods_two_way_supplemental_public_metric_check,BRA,Brazil,2007,MNP,Northern Mariana Islands,0.016492,216,USA,United States,46329.912672
goods_two_way_supplemental_public_metric_check,BRA,Brazil,2007,PLW,Palau,0.008579999999999999,217,USA,United States,46329.912672
goods_two_way_supplemental_public_metric_check,BRA,Brazil,2007,NIU,Niue,0.007425,218,USA,United States,46329.912672
goods_two_way_supplemental_public_metric_check,BRA,Brazil,2007,PCN,Pitcairn Islands,0.006457,219,USA,United States,46329.912672
goods_two_way_supplemental_public_metric_check,BRA,Brazil,2007,SPM,St. Pierre & Miquelon,0.003051,220,USA,United States,46329.912672
goods_two_way_supplemental_public_metric_check,BRA,Brazil,2007,FLK,Falkland Islands,2.22e-4,221,USA,United States,46329.912672
goods_two_way_supplemental_public_metric_check,BRA,Brazil,2008,USA,United States,58478.097544,1,USA,United States,58478.097544
goods_two_way_supplemental_public_metric_check,BRA,Brazil,2008,CHN,China,51612.15782599998,2,USA,United States,58478.097544
goods_two_way_supplemental_public_metric_check,BRA,Brazil,2008,ARG,Argentina,31762.499373000006,3,USA,United States,58478.097544
goods_two_way_supplemental_public_metric_check,BRA,Brazil,2008,DEU,Germany,25603.834362,4,USA,United States,58478.097544
goods_two_way_supplemental_public_metric_check,BRA,Brazil,2008,JPN,Japan,16251.464267999998,5,USA,United States,58478.097544
goods_two_way_supplemental_public_metric_check,BRA,Brazil,2008,FRA,France,10695.529028999998,6,USA,United States,58478.097544
goods_two_way_supplemental_public_metric_check,BRA,Brazil,2008,ITA,Italy,10477.968264,7,USA,United States,58478.097544
goods_two_way_supplemental_public_metric_check,BRA,Brazil,2008,KOR,South Korea,10121.337776,8,USA,United States,58478.097544
goods_two_way_supplemental_public_metric_check,BRA,Brazil,2008,CHL,Chile,9404.238805,9,USA,United States,58478.097544
goods_two_way_supplemental_public_metric_check,BRA,Brazil,2008,NLD,Netherlands,8734.254875,10,USA,United States,58478.097544
goods_two_way_supplemental_public_metric_check,BRA,Brazil,2008,RUS,Russia,8241.238883000002,11,USA,United States,58478.097544
goods_two_way_supplemental_public_metric_check,BRA,Brazil,2008,MEX,Mexico,8049.313217000002,12,USA,United States,58478.097544
goods_two_way_supplemental_public_metric_check,BRA,Brazil,2008,GBR,United Kingdom,7549.52924,13,USA,United States,58478.097544
goods_two_way_supplemental_public_metric_check,BRA,Brazil,2008,NGA,Nigeria,7409.025732,14,USA,United States,58478.097544
goods_two_way_supplemental_public_metric_check,BRA,Brazil,2008,ESP,Spain,7181.914750000002,15,USA,United States,58478.097544
goods_two_way_supplemental_public_metric_check,BRA,Brazil,2008,VEN,Venezuela,6533.431245,16,USA,United States,58478.097544
goods_two_way_supplemental_public_metric_check,BRA,Brazil,2008,CAN,Canada,6033.608036000001,17,USA,United States,58478.097544
goods_two_way_supplemental_public_metric_check,BRA,Brazil,2008,SAU,Saudi Arabia,6008.306598,18,USA,United States,58478.097544
goods_two_way_supplemental_public_metric_check,BRA,Brazil,2008,BEL,Belgium,5913.734381,19,USA,United States,58478.097544
goods_two_way_supplemental_public_metric_check,BRA,Brazil,2008,TWN,Taiwan,5908.240132000001,20,USA,United States,58478.097544
goods_two_way_supplemental_public_metric_check,BRA,Brazil,2008,IND,India,4845.714991,21,USA,United States,58478.097544
goods_two_way_supplemental_public_metric_check,BRA,Brazil,2008,PRY,Paraguay,4713.228234999999,22,USA,United States,58478.097544
goods_two_way_supplemental_public_metric_check,BRA,Brazil,2008,AGO,Angola,4232.426375999999,23,USA,United States,58478.097544
goods_two_way_supplemental_public_metric_check,BRA,Brazil,2008,BOL,Bolivia,4195.912543999999,24,USA,United States,58478.097544
goods_two_way_supplemental_public_metric_check,BRA,Brazil,2008,THA,Thailand,3604.9888980000005,25,USA,United States,58478.097544
goods_two_way_supplemental_public_metric_check,BRA,Brazil,2008,LCA,St. Lucia,3577.115144999999,26,USA,United States,58478.097544
goods_two_way_supplemental_public_metric_check,BRA,Brazil,2008,PER,Peru,3429.816992,27,USA,United States,58478.097544
goods_two_way_supplemental_public_metric_check,BRA,Brazil,2008,DZA,Algeria,3320.387852,28,USA,United States,58478.097544
goods_two_way_supplemental_public_metric_check,BRA,Brazil,2008,CHE,Switzerland,3253.709209,29,USA,United States,58478.097544
goods_two_way_supplemental_public_metric_check,BRA,Brazil,2008,SGP,Singapore,3184.996819,30,USA,United States,58478.097544
goods_two_way_supplemental_public_metric_check,BRA,Brazil,2008,COL,Colombia,3171.2910930000003,31,USA,United States,58478.097544
goods_two_way_supplemental_public_metric_check,BRA,Brazil,2008,HKG,Hong Kong,3056.7752100000007,32,USA,United States,58478.097544
goods_two_way_supplemental_public_metric_check,BRA,Brazil,2008,URY,Uruguay,2766.4020550000005,33,USA,United States,58478.097544
goods_two_way_supplemental_public_metric_check,BRA,Brazil,2008,MYS,Malaysia,2757.9399599999997,34,USA,United States,58478.097544
goods_two_way_supplemental_public_metric_check,BRA,Brazil,2008,AUS,Australia,2677.8104840000005,35,USA,United States,58478.097544
goods_two_way_supplemental_public_metric_check,BRA,Brazil,2008,PRT,Portugal,2631.7617949999994,36,USA,United States,58478.097544
goods_two_way_supplemental_public_metric_check,BRA,Brazil,2008,SWE,Sweden,2616.208294,37,USA,United States,58478.097544
goods_two_way_supplemental_public_metric_check,BRA,Brazil,2008,IDN,Indonesia,2559.3712669999986,38,USA,United States,58478.097544
goods_two_way_supplemental_public_metric_check,BRA,Brazil,2008,ZAF,South Africa,2093.535479,39,USA,United States,58478.097544
goods_two_way_supplemental_public_metric_check,BRA,Brazil,2008,MAR,Morocco,1927.8771540000002,40,USA,United States,58478.097544
goods_two_way_supplemental_public_metric_check,BRA,Brazil,2008,TUR,Turkey,1844.088497,41,USA,United States,58478.097544
goods_two_way_supplemental_public_metric_check,BRA,Brazil,2008,ARE,United Arab Emirates,1819.651177,42,USA,United States,58478.097544
goods_two_way_supplemental_public_metric_check,BRA,Brazil,2008,NOR,Norway,1810.446284,43,USA,United States,58478.097544
goods_two_way_supplemental_public_metric_check,BRA,Brazil,2008,EGY,Egypt,1779.7639920000001,44,USA,United States,58478.097544
goods_two_way_supplemental_public_metric_check,BRA,Brazil,2008,LBY,Libya,1771.2380400000002,45,USA,United States,58478.097544
goods_two_way_supplemental_public_metric_check,BRA,Brazil,2008,FIN,Finland,1682.0081140000002,46,USA,United States,58478.097544
goods_two_way_supplemental_public_metric_check,BRA,Brazil,2008,ISR,Israel,1603.914241,47,USA,United States,58478.097544
goods_two_way_supplemental_public_metric_check,BRA,Brazil,2008,BLR,Belarus,1488.9880500000002,48,USA,United States,58478.097544
goods_two_way_supplemental_public_metric_check,BRA,Brazil,2008,AUT,Austria,1482.4226119999998,49,USA,United States,58478.097544
goods_two_way_supplemental_public_metric_check,BRA,Brazil,2008,TTO,Trinidad & Tobago,1439.6167690000002,50,USA,United States,58478.097544
goods_two_way_supplemental_public_metric_check,BRA,Brazil,2008,UKR,Ukraine,1337.8649750000002,51,USA,United States,58478.097544
goods_two_way_supplemental_public_metric_check,BRA,Brazil,2008,IRQ,Iraq,1327.5408300000001,52,USA,United States,58478.097544
goods_two_way_supplemental_public_metric_check,BRA,Brazil,2008,IRL,Ireland,1300.1028569999996,53,USA,United States,58478.097544
goods_two_way_supplemental_public_metric_check,BRA,Brazil,2008,POL,Poland,1246.200729,54,USA,United States,58478.097544
goods_two_way_supplemental_public_metric_check,BRA,Brazil,2008,IRN,Iran,1148.8070109999999,55,USA,United States,58478.097544
goods_two_way_supplemental_public_metric_check,BRA,Brazil,2008,ECU,Ecuador,945.4168860000005,56,USA,United States,58478.097544
goods_two_way_supplemental_public_metric_check,BRA,Brazil,2008,DNK,Denmark,890.0198780000002,57,USA,United States,58478.097544
goods_two_way_supplemental_public_metric_check,BRA,Brazil,2008,PHL,Philippines,873.806243,58,USA,United States,58478.097544
goods_two_way_supplemental_public_metric_check,BRA,Brazil,2008,ROU,Romania,773.933241,59,USA,United States,58478.097544
goods_two_way_supplemental_public_metric_check,BRA,Brazil,2008,CZE,Czechia,767.3118229999999,60,USA,United States,58478.097544
goods_two_way_supplemental_public_metric_check,BRA,Brazil,2008,ANT,Netherlands Antilles,714.9362779999998,61,USA,United States,58478.097544
goods_two_way_supplemental_public_metric_check,BRA,Brazil,2008,CRI,Costa Rica,670.4603950000001,62,USA,United States,58478.097544
goods_two_way_supplemental_public_metric_check,BRA,Brazil,2008,KWT,Kuwait,635.2996090000001,63,USA,United States,58478.097544
goods_two_way_supplemental_public_metric_check,BRA,Brazil,2008,CUB,Cuba,625.6127349999999,64,USA,United States,58478.097544
goods_two_way_supplemental_public_metric_check,BRA,Brazil,2008,QAT,Qatar,617.088961,65,USA,United States,58478.097544
goods_two_way_supplemental_public_metric_check,BRA,Brazil,2008,VNM,Vietnam,609.5146240000001,66,USA,United States,58478.097544
goods_two_way_supplemental_public_metric_check,BRA,Brazil,2008,TUN,Tunisia,534.259948,67,USA,United States,58478.097544
goods_two_way_supplemental_public_metric_check,BRA,Brazil,2008,BHR,Bahrain,469.78759500000007,68,USA,United States,58478.097544
goods_two_way_supplemental_public_metric_check,BRA,Brazil,2008,DOM,Dominican Republic,457.020044,69,USA,United States,58478.097544
goods_two_way_supplemental_public_metric_check,BRA,Brazil,2008,GRC,Greece,450.737798,70,USA,United States,58478.097544
goods_two_way_supplemental_public_metric_check,BRA,Brazil,2008,BGR,Bulgaria,425.52076100000005,71,USA,United States,58478.097544
goods_two_way_supplemental_public_metric_check,BRA,Brazil,2008,PAK,Pakistan,419.1501830000001,72,USA,United States,58478.097544
goods_two_way_supplemental_public_metric_check,BRA,Brazil,2008,GNQ,Equatorial Guinea,418.72607500000004,73,USA,United States,58478.097544
goods_two_way_supplemental_public_metric_check,BRA,Brazil,2008,PAN,Panama,391.34557699999993,74,USA,United States,58478.097544
goods_two_way_supplemental_public_metric_check,BRA,Brazil,2008,ABW,Aruba,389.318241,75,USA,United States,58478.097544
goods_two_way_supplemental_public_metric_check,BRA,Brazil,2008,BGD,Bangladesh,383.955307,76,USA,United States,58478.097544
goods_two_way_supplemental_public_metric_check,BRA,Brazil,2008,LBN,Lebanon,377.32245699999976,77,USA,United States,58478.097544
goods_two_way_supplemental_public_metric_check,BRA,Brazil,2008,CYM,Cayman Islands,353.55126399999995,78,USA,United States,58478.097544
goods_two_way_supplemental_public_metric_check,BRA,Brazil,2008,SLV,El Salvador,352.553195,79,USA,United States,58478.097544
goods_two_way_supplemental_public_metric_check,BRA,Brazil,2008,PRK,North Korea,349.620293,80,USA,United States,58478.097544
goods_two_way_supplemental_public_metric_check,BRA,Brazil,2008,SYR,Syria,332.8459429999999,81,USA,United States,58478.097544
goods_two_way_supplemental_public_metric_check,BRA,Brazil,2008,SVK,Slovakia,313.6910260000001,82,USA,United States,58478.097544
goods_two_way_supplemental_public_metric_check,BRA,Brazil,2008,HUN,Hungary,308.784158,83,USA,United States,58478.097544
goods_two_way_supplemental_public_metric_check,BRA,Brazil,2008,SEN,Senegal,282.419552,84,USA,United States,58478.097544
goods_two_way_supplemental_public_metric_check,BRA,Brazil,2008,GTM,Guatemala,279.57814299999995,85,USA,United States,58478.097544
goods_two_way_supplemental_public_metric_check,BRA,Brazil,2008,AZE,Azerbaijan,278.459434,86,USA,United States,58478.097544
goods_two_way_supplemental_public_metric_check,BRA,Brazil,2008,HRV,Croatia,270.955874,87,USA,United States,58478.097544
goods_two_way_supplemental_public_metric_check,BRA,Brazil,2008,KAZ,Kazakhstan,260.260299,88,USA,United States,58478.097544
goods_two_way_supplemental_public_metric_check,BRA,Brazil,2008,JOR,Jordan,240.90941000000004,89,USA,United States,58478.097544
goods_two_way_supplemental_public_metric_check,BRA,Brazil,2008,JAM,Jamaica,224.830399,90,USA,United States,58478.097544
goods_two_way_supplemental_public_metric_check,BRA,Brazil,2008,SVN,Slovenia,206.67566600000004,91,USA,United States,58478.097544
goods_two_way_supplemental_public_metric_check,BRA,Brazil,2008,YEM,Yemen,199.95584700000003,92,USA,United States,58478.097544
goods_two_way_supplemental_public_metric_check,BRA,Brazil,2008,GHA,Ghana,199.39358800000002,93,USA,United States,58478.097544
goods_two_way_supplemental_public_metric_check,BRA,Brazil,2008,NZL,New Zealand,196.168161,94,USA,United States,58478.097544
goods_two_way_supplemental_public_metric_check,BRA,Brazil,2008,CIV,Côte d'Ivoire,194.262795,95,USA,United States,58478.097544
goods_two_way_supplemental_public_metric_check,BRA,Brazil,2008,CYP,Cyprus,183.241105,96,USA,United States,58478.097544
goods_two_way_supplemental_public_metric_check,BRA,Brazil,2008,BIH,Bosnia & Herzegovina,181.85650399999997,97,USA,United States,58478.097544
goods_two_way_supplemental_public_metric_check,BRA,Brazil,2008,LUX,Luxembourg,180.68824599999996,98,USA,United States,58478.097544
goods_two_way_supplemental_public_metric_check,BRA,Brazil,2008,GEO,Georgia,158.075301,99,USA,United States,58478.097544
goods_two_way_supplemental_public_metric_check,BRA,Brazil,2008,CMR,Cameroon,157.41551099999998,100,USA,United States,58478.097544
goods_two_way_supplemental_public_metric_check,BRA,Brazil,2008,OMN,Oman,155.89028399999998,101,USA,United States,58478.097544
goods_two_way_supplemental_public_metric_check,BRA,Brazil,2008,SRB,Serbia,146.43560699999998,102,USA,United States,58478.097544
goods_two_way_supplemental_public_metric_check,BRA,Brazil,2008,HND,Honduras,130.67562,103,USA,United States,58478.097544
goods_two_way_supplemental_public_metric_check,BRA,Brazil,2008,MKD,North Macedonia,122.936996,104,USA,United States,58478.097544
goods_two_way_supplemental_public_metric_check,BRA,Brazil,2008,LTU,Lithuania,112.49999100000002,105,USA,United States,58478.097544
goods_two_way_supplemental_public_metric_check,BRA,Brazil,2008,BMU,Bermuda,101.79295499999999,106,USA,United States,58478.097544
goods_two_way_supplemental_public_metric_check,BRA,Brazil,2008,MRT,Mauritania,87.107139,107,USA,United States,58478.097544
goods_two_way_supplemental_public_metric_check,BRA,Brazil,2008,NIC,Nicaragua,86.54127199999999,108,USA,United States,58478.097544
goods_two_way_supplemental_public_metric_check,BRA,Brazil,2008,EST,Estonia,82.184051,109,USA,United States,58478.097544
goods_two_way_supplemental_public_metric_check,BRA,Brazil,2008,ALB,Albania,79.106479,110,USA,United States,58478.097544
goods_two_way_supplemental_public_metric_check,BRA,Brazil,2008,MLT,Malta,77.053357,111,USA,United States,58478.097544
goods_two_way_supplemental_public_metric_check,BRA,Brazil,2008,COG,Congo - Brazzaville,74.220272,112,USA,United States,58478.097544
goods_two_way_supplemental_public_metric_check,BRA,Brazil,2008,KEN,Kenya,74.039455,113,USA,United States,58478.097544
goods_two_way_supplemental_public_metric_check,BRA,Brazil,2008,TGO,Togo,72.704865,114,USA,United States,58478.097544
goods_two_way_supplemental_public_metric_check,BRA,Brazil,2008,SUR,Suriname,70.516402,115,USA,United States,58478.097544
goods_two_way_supplemental_public_metric_check,BRA,Brazil,2008,GAB,Gabon,66.077019,116,USA,United States,58478.097544
goods_two_way_supplemental_public_metric_check,BRA,Brazil,2008,BEN,Benin,65.43536300000001,117,USA,United States,58478.097544
goods_two_way_supplemental_public_metric_check,BRA,Brazil,2008,BRB,Barbados,64.21952900000001,118,USA,United States,58478.097544
goods_two_way_supplemental_public_metric_check,BRA,Brazil,2008,MLI,Mali,60.31295600000001,119,USA,United States,58478.097544
goods_two_way_supplemental_public_metric_check,BRA,Brazil,2008,ARM,Armenia,58.254831,120,USA,United States,58478.097544
goods_two_way_supplemental_public_metric_check,BRA,Brazil,2008,GIN,Guinea,56.843884,121,USA,United States,58478.097544
goods_two_way_supplemental_public_metric_check,BRA,Brazil,2008,ETH,Ethiopia,56.787197000000006,122,USA,United States,58478.097544
goods_two_way_supplemental_public_metric_check,BRA,Brazil,2008,BHS,Bahamas,55.743720999999994,123,USA,United States,58478.097544
goods_two_way_supplemental_public_metric_check,BRA,Brazil,2008,COD,Congo - Kinshasa,54.407863,124,USA,United States,58478.097544
goods_two_way_supplemental_public_metric_check,BRA,Brazil,2008,HTI,Haiti,50.75384400000001,125,USA,United States,58478.097544
goods_two_way_supplemental_public_metric_check,BRA,Brazil,2008,CPV,Cape Verde,49.54349199999998,126,USA,United States,58478.097544
goods_two_way_supplemental_public_metric_check,BRA,Brazil,2008,LKA,Sri Lanka,42.153512000000006,127,USA,United States,58478.097544
goods_two_way_supplemental_public_metric_check,BRA,Brazil,2008,MDA,Moldova,40.874349,128,USA,United States,58478.097544
goods_two_way_supplemental_public_metric_check,BRA,Brazil,2008,VGB,British Virgin Islands,37.81901500000001,129,USA,United States,58478.097544
goods_two_way_supplemental_public_metric_check,BRA,Brazil,2008,SDN,Sudan,37.71421900000001,130,USA,United States,58478.097544
goods_two_way_supplemental_public_metric_check,BRA,Brazil,2008,MDG,Madagascar,34.214777,131,USA,United States,58478.097544
goods_two_way_supplemental_public_metric_check,BRA,Brazil,2008,NER,Niger,31.946581,132,USA,United States,58478.097544
goods_two_way_supplemental_public_metric_check,BRA,Brazil,2008,MAC,Macao,31.324493000000004,133,USA,United States,58478.097544
goods_two_way_supplemental_public_metric_check,BRA,Brazil,2008,ISL,Iceland,30.076603000000006,134,USA,United States,58478.097544
goods_two_way_supplemental_public_metric_check,BRA,Brazil,2008,MNE,Montenegro,28.554880999999998,135,USA,United States,58478.097544
goods_two_way_supplemental_public_metric_check,BRA,Brazil,2008,BFA,Burkina Faso,27.74807300000001,136,USA,United States,58478.097544
goods_two_way_supplemental_public_metric_check,BRA,Brazil,2008,MOZ,Mozambique,27.285746000000003,137,USA,United States,58478.097544
goods_two_way_supplemental_public_metric_check,BRA,Brazil,2008,NAM,Namibia,25.704216999999996,138,USA,United States,58478.097544
goods_two_way_supplemental_public_metric_check,BRA,Brazil,2008,LVA,Latvia,25.353003,139,USA,United States,58478.097544
goods_two_way_supplemental_public_metric_check,BRA,Brazil,2008,TJK,Tajikistan,21.108827999999995,140,USA,United States,58478.097544
goods_two_way_supplemental_public_metric_check,BRA,Brazil,2008,DJI,Djibouti,20.949430000000003,141,USA,United States,58478.097544
goods_two_way_supplemental_public_metric_check,BRA,Brazil,2008,SLE,Sierra Leone,19.829476999999997,142,USA,United States,58478.097544
goods_two_way_supplemental_public_metric_check,BRA,Brazil,2008,MUS,Mauritius,18.860907000000005,143,USA,United States,58478.097544
goods_two_way_supplemental_public_metric_check,BRA,Brazil,2008,GMB,Gambia,18.150603,144,USA,United States,58478.097544
goods_two_way_supplemental_public_metric_check,BRA,Brazil,2008,GUY,Guyana,17.734370999999996,145,USA,United States,58478.097544
goods_two_way_supplemental_public_metric_check,BRA,Brazil,2008,ZMB,Zambia,17.211421,146,USA,United States,58478.097544
goods_two_way_supplemental_public_metric_check,BRA,Brazil,2008,LBR,Liberia,16.53126599999999,147,USA,United States,58478.097544
goods_two_way_supplemental_public_metric_check,BRA,Brazil,2008,PSE,Palestine,16.300241999999997,148,USA,United States,58478.097544
goods_two_way_supplemental_public_metric_check,BRA,Brazil,2008,MYT,Mayotte,15.331768000000002,149,USA,United States,58478.097544
goods_two_way_supplemental_public_metric_check,BRA,Brazil,2008,UZB,Uzbekistan,14.662016999999999,150,USA,United States,58478.097544
goods_two_way_supplemental_public_metric_check,BRA,Brazil,2008,NCL,New Caledonia,13.966523000000002,151,USA,United States,58478.097544
goods_two_way_supplemental_public_metric_check,BRA,Brazil,2008,TZA,Tanzania,13.922552000000001,152,USA,United States,58478.097544
goods_two_way_supplemental_public_metric_check,BRA,Brazil,2008,SYC,Seychelles,13.839249000000002,153,USA,United States,58478.097544
goods_two_way_supplemental_public_metric_check,BRA,Brazil,2008,TKM,Turkmenistan,13.74343,154,USA,United States,58478.097544
goods_two_way_supplemental_public_metric_check,BRA,Brazil,2008,ZWE,Zimbabwe,10.439954,155,USA,United States,58478.097544
goods_two_way_supplemental_public_metric_check,BRA,Brazil,2008,AFG,Afghanistan,10.287881,156,USA,United States,58478.097544
goods_two_way_supplemental_public_metric_check,BRA,Brazil,2008,KHM,Cambodia,10.078779,157,USA,United States,58478.097544
goods_two_way_supplemental_public_metric_check,BRA,Brazil,2008,GRD,Grenada,9.346986000000001,158,USA,United States,58478.097544
goods_two_way_supplemental_public_metric_check,BRA,Brazil,2008,SOM,Somalia,9.13759,159,USA,United States,58478.097544
goods_two_way_supplemental_public_metric_check,BRA,Brazil,2008,KGZ,Kyrgyzstan,9.025206,160,USA,United States,58478.097544
goods_two_way_supplemental_public_metric_check,BRA,Brazil,2008,GNB,Guinea-Bissau,8.431057,161,USA,United States,58478.097544
goods_two_way_supplemental_public_metric_check,BRA,Brazil,2008,GIB,Gibraltar,6.863156999999999,162,USA,United States,58478.097544
goods_two_way_supplemental_public_metric_check,BRA,Brazil,2008,ATG,Antigua & Barbuda,6.653338,163,USA,United States,58478.097544
goods_two_way_supplemental_public_metric_check,BRA,Brazil,2008,CAF,Central African Republic,6.620478,164,USA,United States,58478.097544
goods_two_way_supplemental_public_metric_check,BRA,Brazil,2008,AND,Andorra,6.548558,165,USA,United States,58478.097544
goods_two_way_supplemental_public_metric_check,BRA,Brazil,2008,PYF,French Polynesia,6.343838000000002,166,USA,United States,58478.097544
goods_two_way_supplemental_public_metric_check,BRA,Brazil,2008,UGA,Uganda,6.055224000000001,167,USA,United States,58478.097544
goods_two_way_supplemental_public_metric_check,BRA,Brazil,2008,MMR,Myanmar (Burma),5.62622,168,USA,United States,58478.097544
goods_two_way_supplemental_public_metric_check,BRA,Brazil,2008,MNG,Mongolia,5.386056999999999,169,USA,United States,58478.097544
goods_two_way_supplemental_public_metric_check,BRA,Brazil,2008,BLZ,Belize,4.5844570000000004,170,USA,United States,58478.097544
goods_two_way_supplemental_public_metric_check,BRA,Brazil,2008,TCD,Chad,4.41054,171,USA,United States,58478.097544
goods_two_way_supplemental_public_metric_check,BRA,Brazil,2008,ERI,Eritrea,4.265293000000001,172,USA,United States,58478.097544
goods_two_way_supplemental_public_metric_check,BRA,Brazil,2008,VCT,St. Vincent & Grenadines,4.116847999999999,173,USA,United States,58478.097544
goods_two_way_supplemental_public_metric_check,BRA,Brazil,2008,SMR,San Marino,4.0817369999999995,174,USA,United States,58478.097544
goods_two_way_supplemental_public_metric_check,BRA,Brazil,2008,TCA,Turks & Caicos Islands,3.6138879999999998,175,USA,United States,58478.097544
goods_two_way_supplemental_public_metric_check,BRA,Brazil,2008,PNG,Papua New Guinea,3.475735,176,USA,United States,58478.097544
goods_two_way_supplemental_public_metric_check,BRA,Brazil,2008,MWI,Malawi,3.300551,177,USA,United States,58478.097544
goods_two_way_supplemental_public_metric_check,BRA,Brazil,2008,MDV,Maldives,3.170675,178,USA,United States,58478.097544
goods_two_way_supplemental_public_metric_check,BRA,Brazil,2008,DMA,Dominica,3.1589509999999996,179,USA,United States,58478.097544
goods_two_way_supplemental_public_metric_check,BRA,Brazil,2008,FSM,Micronesia (Federated States of),3.1000669999999997,180,USA,United States,58478.097544
goods_two_way_supplemental_public_metric_check,BRA,Brazil,2008,FRO,Faroe Islands,2.842376,181,USA,United States,58478.097544
goods_two_way_supplemental_public_metric_check,BRA,Brazil,2008,BWA,Botswana,2.602101,182,USA,United States,58478.097544
goods_two_way_supplemental_public_metric_check,BRA,Brazil,2008,BRN,Brunei,1.9643059999999997,183,USA,United States,58478.097544
goods_two_way_supplemental_public_metric_check,BRA,Brazil,2008,CCK,Cocos (Keeling) Islands,1.8329440000000001,184,USA,United States,58478.097544
goods_two_way_supplemental_public_metric_check,BRA,Brazil,2008,COM,Comoros,1.778665,185,USA,United States,58478.097544
goods_two_way_supplemental_public_metric_check,BRA,Brazil,2008,FJI,Fiji,1.717209,186,USA,United States,58478.097544
goods_two_way_supplemental_public_metric_check,BRA,Brazil,2008,KNA,St. Kitts & Nevis,1.5447870000000001,187,USA,United States,58478.097544
goods_two_way_supplemental_public_metric_check,BRA,Brazil,2008,STP,São Tomé & Príncipe,1.5105410000000001,188,USA,United States,58478.097544
goods_two_way_supplemental_public_metric_check,BRA,Brazil,2008,SWZ,Eswatini,1.4095310000000003,189,USA,United States,58478.097544
goods_two_way_supplemental_public_metric_check,BRA,Brazil,2008,BDI,Burundi,1.323245,190,USA,United States,58478.097544
goods_two_way_supplemental_public_metric_check,BRA,Brazil,2008,WSM,Samoa,0.87449,191,USA,United States,58478.097544
goods_two_way_supplemental_public_metric_check,BRA,Brazil,2008,RWA,Rwanda,0.7766719999999999,192,USA,United States,58478.097544
goods_two_way_supplemental_public_metric_check,BRA,Brazil,2008,AIA,Anguilla,0.715382,193,USA,United States,58478.097544
goods_two_way_supplemental_public_metric_check,BRA,Brazil,2008,NPL,Nepal,0.582379,194,USA,United States,58478.097544
goods_two_way_supplemental_public_metric_check,BRA,Brazil,2008,TON,Tonga,0.5586720000000001,195,USA,United States,58478.097544
goods_two_way_supplemental_public_metric_check,BRA,Brazil,2008,GRL,Greenland,0.421331,196,USA,United States,58478.097544
goods_two_way_supplemental_public_metric_check,BRA,Brazil,2008,VUT,Vanuatu,0.38793600000000006,197,USA,United States,58478.097544
goods_two_way_supplemental_public_metric_check,BRA,Brazil,2008,SLB,Solomon Islands,0.330002,198,USA,United States,58478.097544
goods_two_way_supplemental_public_metric_check,BRA,Brazil,2008,LAO,Laos,0.30543699999999996,199,USA,United States,58478.097544
goods_two_way_supplemental_public_metric_check,BRA,Brazil,2008,UMI,United States Minor Outlying Islands (the),0.30422200000000005,200,USA,United States,58478.097544
goods_two_way_supplemental_public_metric_check,BRA,Brazil,2008,MHL,Marshall Islands,0.28787099999999993,201,USA,United States,58478.097544
goods_two_way_supplemental_public_metric_check,BRA,Brazil,2008,COK,Cook Islands,0.12131699999999998,202,USA,United States,58478.097544
goods_two_way_supplemental_public_metric_check,BRA,Brazil,2008,VAT,Vatican City,0.118161,203,USA,United States,58478.097544
goods_two_way_supplemental_public_metric_check,BRA,Brazil,2008,MSR,Montserrat,0.10475899999999999,204,USA,United States,58478.097544
goods_two_way_supplemental_public_metric_check,BRA,Brazil,2008,GUM,Guam,0.09988,205,USA,United States,58478.097544
goods_two_way_supplemental_public_metric_check,BRA,Brazil,2008,LSO,Lesotho,0.068282,206,USA,United States,58478.097544
goods_two_way_supplemental_public_metric_check,BRA,Brazil,2008,KIR,Kiribati,0.044516,207,USA,United States,58478.097544
goods_two_way_supplemental_public_metric_check,BRA,Brazil,2008,SPM,St. Pierre & Miquelon,0.035067,208,USA,United States,58478.097544
goods_two_way_supplemental_public_metric_check,BRA,Brazil,2008,FLK,Falkland Islands,0.027037,209,USA,United States,58478.097544
goods_two_way_supplemental_public_metric_check,BRA,Brazil,2008,TKL,Tokelau,0.025500000000000002,210,USA,United States,58478.097544
goods_two_way_supplemental_public_metric_check,BRA,Brazil,2008,PLW,Palau,0.023028999999999997,211,USA,United States,58478.097544
goods_two_way_supplemental_public_metric_check,BRA,Brazil,2008,NIU,Niue,0.01327,212,USA,United States,58478.097544
goods_two_way_supplemental_public_metric_check,BRA,Brazil,2008,NFK,Norfolk Island,0.012204,213,USA,United States,58478.097544
goods_two_way_supplemental_public_metric_check,BRA,Brazil,2008,PCN,Pitcairn Islands,0.009335000000000001,214,USA,United States,58478.097544
goods_two_way_supplemental_public_metric_check,BRA,Brazil,2008,SHN,St. Helena,0.007658,215,USA,United States,58478.097544
goods_two_way_supplemental_public_metric_check,BRA,Brazil,2008,MNP,Northern Mariana Islands,0.007464,216,USA,United States,58478.097544
goods_two_way_supplemental_public_metric_check,BRA,Brazil,2008,ASM,American Samoa,0.004436,217,USA,United States,58478.097544
goods_two_way_supplemental_public_metric_check,BRA,Brazil,2008,TUV,Tuvalu,0.001047,218,USA,United States,58478.097544
goods_two_way_supplemental_public_metric_check,BRA,Brazil,2008,ESH,Western Sahara,2.38e-4,219,USA,United States,58478.097544
goods_two_way_supplemental_public_metric_check,BRA,Brazil,2008,IOT,British Indian Ocean Territory,9.8e-5,220,USA,United States,58478.097544
goods_two_way_supplemental_public_metric_check,BRA,Brazil,2009,CHN,China,45239.119216999985,1,CHN,China,45239.119216999985
goods_two_way_supplemental_public_metric_check,BRA,Brazil,2009,USA,United States,41322.430389999994,2,CHN,China,45239.119216999985
goods_two_way_supplemental_public_metric_check,BRA,Brazil,2009,ARG,Argentina,23551.152983999997,3,CHN,China,45239.119216999985
goods_two_way_supplemental_public_metric_check,BRA,Brazil,2009,DEU,Germany,19425.041676999994,4,CHN,China,45239.119216999985
goods_two_way_supplemental_public_metric_check,BRA,Brazil,2009,JPN,Japan,11924.557345000001,5,CHN,China,45239.119216999985
goods_two_way_supplemental_public_metric_check,BRA,Brazil,2009,KOR,South Korea,8833.497698,6,CHN,China,45239.119216999985
goods_two_way_supplemental_public_metric_check,BRA,Brazil,2009,FRA,France,7697.777814000003,7,CHN,China,45239.119216999985
goods_two_way_supplemental_public_metric_check,BRA,Brazil,2009,ITA,Italy,7160.490087999997,8,CHN,China,45239.119216999985
goods_two_way_supplemental_public_metric_check,BRA,Brazil,2009,NLD,Netherlands,6571.197260999998,9,CHN,China,45239.119216999985
goods_two_way_supplemental_public_metric_check,BRA,Brazil,2009,GBR,United Kingdom,6243.367665,10,CHN,China,45239.119216999985
goods_two_way_supplemental_public_metric_check,BRA,Brazil,2009,MEX,Mexico,6102.386702,11,CHN,China,45239.119216999985
goods_two_way_supplemental_public_metric_check,BRA,Brazil,2009,NGA,Nigeria,6063.122017,12,CHN,China,45239.119216999985
goods_two_way_supplemental_public_metric_check,BRA,Brazil,2009,CHL,Chile,5675.049336999999,13,CHN,China,45239.119216999985
goods_two_way_supplemental_public_metric_check,BRA,Brazil,2009,ESP,Spain,5186.296758,14,CHN,China,45239.119216999985
goods_two_way_supplemental_public_metric_check,BRA,Brazil,2009,IND,India,5154.068347,15,CHN,China,45239.119216999985
goods_two_way_supplemental_public_metric_check,BRA,Brazil,2009,RUS,Russia,5059.36927,16,CHN,China,45239.119216999985
goods_two_way_supplemental_public_metric_check,BRA,Brazil,2009,VEN,Venezuela,4045.546241,17,CHN,China,45239.119216999985
goods_two_way_supplemental_public_metric_check,BRA,Brazil,2009,SAU,Saudi Arabia,4014.582589999999,18,CHN,China,45239.119216999985
goods_two_way_supplemental_public_metric_check,BRA,Brazil,2009,CAN,Canada,4009.0130830000007,19,CHN,China,45239.119216999985
goods_two_way_supplemental_public_metric_check,BRA,Brazil,2009,PRY,Paraguay,3846.6978689999996,20,CHN,China,45239.119216999985
goods_two_way_supplemental_public_metric_check,BRA,Brazil,2009,TWN,Taiwan,3820.795532999999,21,CHN,China,45239.119216999985
goods_two_way_supplemental_public_metric_check,BRA,Brazil,2009,BEL,Belgium,3762.285439,22,CHN,China,45239.119216999985
goods_two_way_supplemental_public_metric_check,BRA,Brazil,2009,HKG,Hong Kong,2994.818746000001,23,CHN,China,45239.119216999985
goods_two_way_supplemental_public_metric_check,BRA,Brazil,2009,URY,Uruguay,2871.8922000000002,24,CHN,China,45239.119216999985
goods_two_way_supplemental_public_metric_check,BRA,Brazil,2009,CHE,Switzerland,2768.9556630000006,25,CHN,China,45239.119216999985
goods_two_way_supplemental_public_metric_check,BRA,Brazil,2009,COL,Colombia,2731.182406,26,CHN,China,45239.119216999985
goods_two_way_supplemental_public_metric_check,BRA,Brazil,2009,BOL,Bolivia,2660.590757,27,CHN,China,45239.119216999985
goods_two_way_supplemental_public_metric_check,BRA,Brazil,2009,THA,Thailand,2653.425786,28,CHN,China,45239.119216999985
goods_two_way_supplemental_public_metric_check,BRA,Brazil,2009,LCA,St. Lucia,2436.3013060000003,29,CHN,China,45239.119216999985
goods_two_way_supplemental_public_metric_check,BRA,Brazil,2009,DZA,Algeria,2326.556335,30,CHN,China,45239.119216999985
goods_two_way_supplemental_public_metric_check,BRA,Brazil,2009,MYS,Malaysia,2210.42148,31,CHN,China,45239.119216999985
goods_two_way_supplemental_public_metric_check,BRA,Brazil,2009,PER,Peru,2193.146705,32,CHN,China,45239.119216999985
goods_two_way_supplemental_public_metric_check,BRA,Brazil,2009,SGP,Singapore,2165.130344,33,CHN,China,45239.119216999985
goods_two_way_supplemental_public_metric_check,BRA,Brazil,2009,IDN,Indonesia,2123.918126,34,CHN,China,45239.119216999985
goods_two_way_supplemental_public_metric_check,BRA,Brazil,2009,ARE,United Arab Emirates,1886.5259900000005,35,CHN,China,45239.119216999985
goods_two_way_supplemental_public_metric_check,BRA,Brazil,2009,AGO,Angola,1767.682909,36,CHN,China,45239.119216999985
goods_two_way_supplemental_public_metric_check,BRA,Brazil,2009,PRT,Portugal,1721.769164,37,CHN,China,45239.119216999985
goods_two_way_supplemental_public_metric_check,BRA,Brazil,2009,FIN,Finland,1680.8943459999998,38,CHN,China,45239.119216999985
goods_two_way_supplemental_public_metric_check,BRA,Brazil,2009,SWE,Sweden,1634.6882059999998,39,CHN,China,45239.119216999985
goods_two_way_supplemental_public_metric_check,BRA,Brazil,2009,TUR,Turkey,1571.0447010000003,40,CHN,China,45239.119216999985
goods_two_way_supplemental_public_metric_check,BRA,Brazil,2009,ZAF,South Africa,1494.3611669999998,41,CHN,China,45239.119216999985
goods_two_way_supplemental_public_metric_check,BRA,Brazil,2009,AUT,Austria,1491.0817,42,CHN,China,45239.119216999985
goods_two_way_supplemental_public_metric_check,BRA,Brazil,2009,AUS,Australia,1480.901658,43,CHN,China,45239.119216999985
goods_two_way_supplemental_public_metric_check,BRA,Brazil,2009,NOR,Norway,1362.6993499999999,44,CHN,China,45239.119216999985
goods_two_way_supplemental_public_metric_check,BRA,Brazil,2009,EGY,Egypt,1342.669989,45,CHN,China,45239.119216999985
goods_two_way_supplemental_public_metric_check,BRA,Brazil,2009,IRN,Iran,1237.5215169999997,46,CHN,China,45239.119216999985
goods_two_way_supplemental_public_metric_check,BRA,Brazil,2009,MAR,Morocco,1124.490876,47,CHN,China,45239.119216999985
goods_two_way_supplemental_public_metric_check,BRA,Brazil,2009,LBY,Libya,1012.8776769999998,48,CHN,China,45239.119216999985
goods_two_way_supplemental_public_metric_check,BRA,Brazil,2009,IRQ,Iraq,983.2623580000001,49,CHN,China,45239.119216999985
goods_two_way_supplemental_public_metric_check,BRA,Brazil,2009,ANT,Netherlands Antilles,977.5939600000002,50,CHN,China,45239.119216999985
goods_two_way_supplemental_public_metric_check,BRA,Brazil,2009,IRL,Ireland,974.148466,51,CHN,China,45239.119216999985
goods_two_way_supplemental_public_metric_check,BRA,Brazil,2009,POL,Poland,895.578002,52,CHN,China,45239.119216999985
goods_two_way_supplemental_public_metric_check,BRA,Brazil,2009,ISR,Israel,889.4122279999999,53,CHN,China,45239.119216999985
goods_two_way_supplemental_public_metric_check,BRA,Brazil,2009,BGD,Bangladesh,817.7287300000003,54,CHN,China,45239.119216999985
goods_two_way_supplemental_public_metric_check,BRA,Brazil,2009,ECU,Ecuador,733.7640410000002,55,CHN,China,45239.119216999985
goods_two_way_supplemental_public_metric_check,BRA,Brazil,2009,DNK,Denmark,692.2903419999999,56,CHN,China,45239.119216999985
goods_two_way_supplemental_public_metric_check,BRA,Brazil,2009,BLR,Belarus,657.634843,57,CHN,China,45239.119216999985
goods_two_way_supplemental_public_metric_check,BRA,Brazil,2009,CZE,Czechia,604.183867,58,CHN,China,45239.119216999985
goods_two_way_supplemental_public_metric_check,BRA,Brazil,2009,VNM,Vietnam,564.812618,59,CHN,China,45239.119216999985
goods_two_way_supplemental_public_metric_check,BRA,Brazil,2009,UKR,Ukraine,551.987996,60,CHN,China,45239.119216999985
goods_two_way_supplemental_public_metric_check,BRA,Brazil,2009,TTO,Trinidad & Tobago,546.8795080000001,61,CHN,China,45239.119216999985
goods_two_way_supplemental_public_metric_check,BRA,Brazil,2009,CRI,Costa Rica,542.1572659999999,62,CHN,China,45239.119216999985
goods_two_way_supplemental_public_metric_check,BRA,Brazil,2009,PHL,Philippines,530.4403390000001,63,CHN,China,45239.119216999985
goods_two_way_supplemental_public_metric_check,BRA,Brazil,2009,ROU,Romania,509.65319599999987,64,CHN,China,45239.119216999985
goods_two_way_supplemental_public_metric_check,BRA,Brazil,2009,SYR,Syria,502.76483300000007,65,CHN,China,45239.119216999985
goods_two_way_supplemental_public_metric_check,BRA,Brazil,2009,KWT,Kuwait,374.6843390000001,66,CHN,China,45239.119216999985
goods_two_way_supplemental_public_metric_check,BRA,Brazil,2009,LBN,Lebanon,364.61866600000013,67,CHN,China,45239.119216999985
goods_two_way_supplemental_public_metric_check,BRA,Brazil,2009,YEM,Yemen,347.475434,68,CHN,China,45239.119216999985
goods_two_way_supplemental_public_metric_check,BRA,Brazil,2009,PAK,Pakistan,346.669418,69,CHN,China,45239.119216999985
goods_two_way_supplemental_public_metric_check,BRA,Brazil,2009,CUB,Cuba,341.65212700000006,70,CHN,China,45239.119216999985
goods_two_way_supplemental_public_metric_check,BRA,Brazil,2009,DOM,Dominican Republic,322.891339,71,CHN,China,45239.119216999985
goods_two_way_supplemental_public_metric_check,BRA,Brazil,2009,TUN,Tunisia,320.901355,72,CHN,China,45239.119216999985
goods_two_way_supplemental_public_metric_check,BRA,Brazil,2009,GNQ,Equatorial Guinea,313.302333,73,CHN,China,45239.119216999985
goods_two_way_supplemental_public_metric_check,BRA,Brazil,2009,GTM,Guatemala,290.22112500000003,74,CHN,China,45239.119216999985
goods_two_way_supplemental_public_metric_check,BRA,Brazil,2009,BHR,Bahrain,287.23295899999994,75,CHN,China,45239.119216999985
goods_two_way_supplemental_public_metric_check,BRA,Brazil,2009,GRC,Greece,280.629464,76,CHN,China,45239.119216999985
goods_two_way_supplemental_public_metric_check,BRA,Brazil,2009,HUN,Hungary,263.054372,77,CHN,China,45239.119216999985
goods_two_way_supplemental_public_metric_check,BRA,Brazil,2009,ABW,Aruba,250.68619700000002,78,CHN,China,45239.119216999985
goods_two_way_supplemental_public_metric_check,BRA,Brazil,2009,COG,Congo - Brazzaville,239.53185100000002,79,CHN,China,45239.119216999985
goods_two_way_supplemental_public_metric_check,BRA,Brazil,2009,PAN,Panama,238.48926500000007,80,CHN,China,45239.119216999985
goods_two_way_supplemental_public_metric_check,BRA,Brazil,2009,BGR,Bulgaria,236.45876600000003,81,CHN,China,45239.119216999985
goods_two_way_supplemental_public_metric_check,BRA,Brazil,2009,QAT,Qatar,226.78999199999998,82,CHN,China,45239.119216999985
goods_two_way_supplemental_public_metric_check,BRA,Brazil,2009,KAZ,Kazakhstan,215.81326700000002,83,CHN,China,45239.119216999985
goods_two_way_supplemental_public_metric_check,BRA,Brazil,2009,BMU,Bermuda,215.566846,84,CHN,China,45239.119216999985
goods_two_way_supplemental_public_metric_check,BRA,Brazil,2009,HRV,Croatia,206.21173100000004,85,CHN,China,45239.119216999985
goods_two_way_supplemental_public_metric_check,BRA,Brazil,2009,SEN,Senegal,202.32565199999996,86,CHN,China,45239.119216999985
goods_two_way_supplemental_public_metric_check,BRA,Brazil,2009,JOR,Jordan,197.47904900000006,87,CHN,China,45239.119216999985
goods_two_way_supplemental_public_metric_check,BRA,Brazil,2009,SLV,El Salvador,186.52838099999997,88,CHN,China,45239.119216999985
goods_two_way_supplemental_public_metric_check,BRA,Brazil,2009,OMN,Oman,184.18599899999995,89,CHN,China,45239.119216999985
goods_two_way_supplemental_public_metric_check,BRA,Brazil,2009,PRK,North Korea,174.79474299999998,90,CHN,China,45239.119216999985
goods_two_way_supplemental_public_metric_check,BRA,Brazil,2009,GHA,Ghana,166.13058900000004,91,CHN,China,45239.119216999985
goods_two_way_supplemental_public_metric_check,BRA,Brazil,2009,LTU,Lithuania,163.222648,92,CHN,China,45239.119216999985
goods_two_way_supplemental_public_metric_check,BRA,Brazil,2009,SVN,Slovenia,160.517717,93,CHN,China,45239.119216999985
goods_two_way_supplemental_public_metric_check,BRA,Brazil,2009,CIV,Côte d'Ivoire,156.873176,94,CHN,China,45239.119216999985
goods_two_way_supplemental_public_metric_check,BRA,Brazil,2009,ISL,Iceland,152.96125699999993,95,CHN,China,45239.119216999985
goods_two_way_supplemental_public_metric_check,BRA,Brazil,2009,BIH,Bosnia & Herzegovina,150.20525000000006,96,CHN,China,45239.119216999985
goods_two_way_supplemental_public_metric_check,BRA,Brazil,2009,SVK,Slovakia,144.58163100000002,97,CHN,China,45239.119216999985
goods_two_way_supplemental_public_metric_check,BRA,Brazil,2009,JAM,Jamaica,129.43104700000004,98,CHN,China,45239.119216999985
goods_two_way_supplemental_public_metric_check,BRA,Brazil,2009,NZL,New Zealand,116.74598600000002,99,CHN,China,45239.119216999985
goods_two_way_supplemental_public_metric_check,BRA,Brazil,2009,AZE,Azerbaijan,115.72682600000002,100,CHN,China,45239.119216999985
goods_two_way_supplemental_public_metric_check,BRA,Brazil,2009,SRB,Serbia,101.39708699999998,101,CHN,China,45239.119216999985
goods_two_way_supplemental_public_metric_check,BRA,Brazil,2009,CMR,Cameroon,99.29425500000002,102,CHN,China,45239.119216999985
goods_two_way_supplemental_public_metric_check,BRA,Brazil,2009,HND,Honduras,97.681506,103,CHN,China,45239.119216999985
goods_two_way_supplemental_public_metric_check,BRA,Brazil,2009,ETH,Ethiopia,88.11753700000001,104,CHN,China,45239.119216999985
goods_two_way_supplemental_public_metric_check,BRA,Brazil,2009,MRT,Mauritania,80.63698500000001,105,CHN,China,45239.119216999985
goods_two_way_supplemental_public_metric_check,BRA,Brazil,2009,VGB,British Virgin Islands,76.16844099999999,106,CHN,China,45239.119216999985
goods_two_way_supplemental_public_metric_check,BRA,Brazil,2009,LUX,Luxembourg,75.935557,107,CHN,China,45239.119216999985
goods_two_way_supplemental_public_metric_check,BRA,Brazil,2009,LKA,Sri Lanka,70.198303,108,CHN,China,45239.119216999985
goods_two_way_supplemental_public_metric_check,BRA,Brazil,2009,KEN,Kenya,67.926981,109,CHN,China,45239.119216999985
goods_two_way_supplemental_public_metric_check,BRA,Brazil,2009,MKD,North Macedonia,66.92336200000001,110,CHN,China,45239.119216999985
goods_two_way_supplemental_public_metric_check,BRA,Brazil,2009,GIN,Guinea,61.50075500000001,111,CHN,China,45239.119216999985
goods_two_way_supplemental_public_metric_check,BRA,Brazil,2009,SYC,Seychelles,60.24866699999999,112,CHN,China,45239.119216999985
goods_two_way_supplemental_public_metric_check,BRA,Brazil,2009,GEO,Georgia,59.434500000000014,113,CHN,China,45239.119216999985
goods_two_way_supplemental_public_metric_check,BRA,Brazil,2009,NIC,Nicaragua,59.18199,114,CHN,China,45239.119216999985
goods_two_way_supplemental_public_metric_check,BRA,Brazil,2009,COD,Congo - Kinshasa,59.002643,115,CHN,China,45239.119216999985
goods_two_way_supplemental_public_metric_check,BRA,Brazil,2009,BEN,Benin,58.99124799999999,116,CHN,China,45239.119216999985
goods_two_way_supplemental_public_metric_check,BRA,Brazil,2009,SOM,Somalia,58.396936000000004,117,CHN,China,45239.119216999985
goods_two_way_supplemental_public_metric_check,BRA,Brazil,2009,EST,Estonia,56.818227,118,CHN,China,45239.119216999985
goods_two_way_supplemental_public_metric_check,BRA,Brazil,2009,ARM,Armenia,54.968595,119,CHN,China,45239.119216999985
goods_two_way_supplemental_public_metric_check,BRA,Brazil,2009,TZA,Tanzania,54.46003400000001,120,CHN,China,45239.119216999985
goods_two_way_supplemental_public_metric_check,BRA,Brazil,2009,NAM,Namibia,54.186663,121,CHN,China,45239.119216999985
goods_two_way_supplemental_public_metric_check,BRA,Brazil,2009,SDN,Sudan,52.426199999999994,122,CHN,China,45239.119216999985
goods_two_way_supplemental_public_metric_check,BRA,Brazil,2009,ALB,Albania,52.202110999999995,123,CHN,China,45239.119216999985
goods_two_way_supplemental_public_metric_check,BRA,Brazil,2009,TGO,Togo,50.714586999999995,124,CHN,China,45239.119216999985
goods_two_way_supplemental_public_metric_check,BRA,Brazil,2009,UGA,Uganda,50.30545100000001,125,CHN,China,45239.119216999985
goods_two_way_supplemental_public_metric_check,BRA,Brazil,2009,LVA,Latvia,50.023134999999996,126,CHN,China,45239.119216999985
goods_two_way_supplemental_public_metric_check,BRA,Brazil,2009,GAB,Gabon,45.737196000000004,127,CHN,China,45239.119216999985
goods_two_way_supplemental_public_metric_check,BRA,Brazil,2009,SUR,Suriname,45.23045200000001,128,CHN,China,45239.119216999985
goods_two_way_supplemental_public_metric_check,BRA,Brazil,2009,MNE,Montenegro,43.618448,129,CHN,China,45239.119216999985
goods_two_way_supplemental_public_metric_check,BRA,Brazil,2009,DJI,Djibouti,40.097997,130,CHN,China,45239.119216999985
goods_two_way_supplemental_public_metric_check,BRA,Brazil,2009,MLT,Malta,37.62205,131,CHN,China,45239.119216999985
goods_two_way_supplemental_public_metric_check,BRA,Brazil,2009,MOZ,Mozambique,36.374117000000005,132,CHN,China,45239.119216999985
goods_two_way_supplemental_public_metric_check,BRA,Brazil,2009,BFA,Burkina Faso,35.539438000000004,133,CHN,China,45239.119216999985
goods_two_way_supplemental_public_metric_check,BRA,Brazil,2009,HTI,Haiti,35.115342,134,CHN,China,45239.119216999985
goods_two_way_supplemental_public_metric_check,BRA,Brazil,2009,CPV,Cape Verde,33.630603000000015,135,CHN,China,45239.119216999985
goods_two_way_supplemental_public_metric_check,BRA,Brazil,2009,MDA,Moldova,33.615649000000005,136,CHN,China,45239.119216999985
goods_two_way_supplemental_public_metric_check,BRA,Brazil,2009,MAC,Macao,29.439846000000003,137,CHN,China,45239.119216999985
goods_two_way_supplemental_public_metric_check,BRA,Brazil,2009,ERI,Eritrea,29.254008999999996,138,CHN,China,45239.119216999985
goods_two_way_supplemental_public_metric_check,BRA,Brazil,2009,NER,Niger,27.793042,139,CHN,China,45239.119216999985
goods_two_way_supplemental_public_metric_check,BRA,Brazil,2009,CYM,Cayman Islands,26.187620000000003,140,CHN,China,45239.119216999985
goods_two_way_supplemental_public_metric_check,BRA,Brazil,2009,BRB,Barbados,25.637854999999995,141,CHN,China,45239.119216999985
goods_two_way_supplemental_public_metric_check,BRA,Brazil,2009,MDG,Madagascar,24.754600999999997,142,CHN,China,45239.119216999985
goods_two_way_supplemental_public_metric_check,BRA,Brazil,2009,GMB,Gambia,24.701981000000004,143,CHN,China,45239.119216999985
goods_two_way_supplemental_public_metric_check,BRA,Brazil,2009,MUS,Mauritius,19.78541,144,CHN,China,45239.119216999985
goods_two_way_supplemental_public_metric_check,BRA,Brazil,2009,CYP,Cyprus,18.141145,145,CHN,China,45239.119216999985
goods_two_way_supplemental_public_metric_check,BRA,Brazil,2009,GUY,Guyana,16.885870999999995,146,CHN,China,45239.119216999985
goods_two_way_supplemental_public_metric_check,BRA,Brazil,2009,PSE,Palestine,15.704956999999997,147,CHN,China,45239.119216999985
goods_two_way_supplemental_public_metric_check,BRA,Brazil,2009,SLE,Sierra Leone,15.184092999999999,148,CHN,China,45239.119216999985
goods_two_way_supplemental_public_metric_check,BRA,Brazil,2009,GNB,Guinea-Bissau,14.534987000000001,149,CHN,China,45239.119216999985
goods_two_way_supplemental_public_metric_check,BRA,Brazil,2009,AFG,Afghanistan,14.307528999999999,150,CHN,China,45239.119216999985
goods_two_way_supplemental_public_metric_check,BRA,Brazil,2009,BHS,Bahamas,14.193489000000001,151,CHN,China,45239.119216999985
goods_two_way_supplemental_public_metric_check,BRA,Brazil,2009,LBR,Liberia,14.108779999999998,152,CHN,China,45239.119216999985
goods_two_way_supplemental_public_metric_check,BRA,Brazil,2009,UZB,Uzbekistan,13.967444000000004,153,CHN,China,45239.119216999985
goods_two_way_supplemental_public_metric_check,BRA,Brazil,2009,KHM,Cambodia,13.12196,154,CHN,China,45239.119216999985
goods_two_way_supplemental_public_metric_check,BRA,Brazil,2009,TJK,Tajikistan,12.272471000000001,155,CHN,China,45239.119216999985
goods_two_way_supplemental_public_metric_check,BRA,Brazil,2009,STP,São Tomé & Príncipe,11.176415,156,CHN,China,45239.119216999985
goods_two_way_supplemental_public_metric_check,BRA,Brazil,2009,PYF,French Polynesia,10.926045,157,CHN,China,45239.119216999985
goods_two_way_supplemental_public_metric_check,BRA,Brazil,2009,MYT,Mayotte,10.543553000000001,158,CHN,China,45239.119216999985
goods_two_way_supplemental_public_metric_check,BRA,Brazil,2009,MWI,Malawi,10.248660000000001,159,CHN,China,45239.119216999985
goods_two_way_supplemental_public_metric_check,BRA,Brazil,2009,MLI,Mali,9.499927999999999,160,CHN,China,45239.119216999985
goods_two_way_supplemental_public_metric_check,BRA,Brazil,2009,MMR,Myanmar (Burma),9.280699,161,CHN,China,45239.119216999985
goods_two_way_supplemental_public_metric_check,BRA,Brazil,2009,GRD,Grenada,8.073343999999999,162,CHN,China,45239.119216999985
goods_two_way_supplemental_public_metric_check,BRA,Brazil,2009,NCL,New Caledonia,8.071160000000003,163,CHN,China,45239.119216999985
goods_two_way_supplemental_public_metric_check,BRA,Brazil,2009,ZMB,Zambia,7.919016000000001,164,CHN,China,45239.119216999985
goods_two_way_supplemental_public_metric_check,BRA,Brazil,2009,ATG,Antigua & Barbuda,7.30474,165,CHN,China,45239.119216999985
goods_two_way_supplemental_public_metric_check,BRA,Brazil,2009,ZWE,Zimbabwe,6.465116,166,CHN,China,45239.119216999985
goods_two_way_supplemental_public_metric_check,BRA,Brazil,2009,CAF,Central African Republic,6.236094,167,CHN,China,45239.119216999985
goods_two_way_supplemental_public_metric_check,BRA,Brazil,2009,TKM,Turkmenistan,5.623251,168,CHN,China,45239.119216999985
goods_two_way_supplemental_public_metric_check,BRA,Brazil,2009,SMR,San Marino,4.948053,169,CHN,China,45239.119216999985
goods_two_way_supplemental_public_metric_check,BRA,Brazil,2009,MHL,Marshall Islands,4.516413,170,CHN,China,45239.119216999985
goods_two_way_supplemental_public_metric_check,BRA,Brazil,2009,DMA,Dominica,4.487064,171,CHN,China,45239.119216999985
goods_two_way_supplemental_public_metric_check,BRA,Brazil,2009,BLZ,Belize,4.343543,172,CHN,China,45239.119216999985
goods_two_way_supplemental_public_metric_check,BRA,Brazil,2009,PNG,Papua New Guinea,4.016086999999999,173,CHN,China,45239.119216999985
goods_two_way_supplemental_public_metric_check,BRA,Brazil,2009,FJI,Fiji,3.9382889999999993,174,CHN,China,45239.119216999985
goods_two_way_supplemental_public_metric_check,BRA,Brazil,2009,VCT,St. Vincent & Grenadines,3.902036,175,CHN,China,45239.119216999985
goods_two_way_supplemental_public_metric_check,BRA,Brazil,2009,SWZ,Eswatini,3.6413850000000005,176,CHN,China,45239.119216999985
goods_two_way_supplemental_public_metric_check,BRA,Brazil,2009,MDV,Maldives,3.28903,177,CHN,China,45239.119216999985
goods_two_way_supplemental_public_metric_check,BRA,Brazil,2009,FRO,Faroe Islands,3.271779,178,CHN,China,45239.119216999985
goods_two_way_supplemental_public_metric_check,BRA,Brazil,2009,MNG,Mongolia,2.8761170000000007,179,CHN,China,45239.119216999985
goods_two_way_supplemental_public_metric_check,BRA,Brazil,2009,TCD,Chad,2.550922,180,CHN,China,45239.119216999985
goods_two_way_supplemental_public_metric_check,BRA,Brazil,2009,AND,Andorra,2.3966749999999997,181,CHN,China,45239.119216999985
goods_two_way_supplemental_public_metric_check,BRA,Brazil,2009,KGZ,Kyrgyzstan,2.336713,182,CHN,China,45239.119216999985
goods_two_way_supplemental_public_metric_check,BRA,Brazil,2009,WSM,Samoa,1.863372,183,CHN,China,45239.119216999985
goods_two_way_supplemental_public_metric_check,BRA,Brazil,2009,NPL,Nepal,1.842811,184,CHN,China,45239.119216999985
goods_two_way_supplemental_public_metric_check,BRA,Brazil,2009,KNA,St. Kitts & Nevis,1.725735,185,CHN,China,45239.119216999985
goods_two_way_supplemental_public_metric_check,BRA,Brazil,2009,BWA,Botswana,1.5193409999999998,186,CHN,China,45239.119216999985
goods_two_way_supplemental_public_metric_check,BRA,Brazil,2009,RWA,Rwanda,1.489291,187,CHN,China,45239.119216999985
goods_two_way_supplemental_public_metric_check,BRA,Brazil,2009,COM,Comoros,1.178451,188,CHN,China,45239.119216999985
goods_two_way_supplemental_public_metric_check,BRA,Brazil,2009,TKL,Tokelau,0.798702,189,CHN,China,45239.119216999985
goods_two_way_supplemental_public_metric_check,BRA,Brazil,2009,AIA,Anguilla,0.7938139999999999,190,CHN,China,45239.119216999985
goods_two_way_supplemental_public_metric_check,BRA,Brazil,2009,FSM,Micronesia (Federated States of),0.6791200000000001,191,CHN,China,45239.119216999985
goods_two_way_supplemental_public_metric_check,BRA,Brazil,2009,GIB,Gibraltar,0.64645300000000006,192,CHN,China,45239.119216999985
goods_two_way_supplemental_public_metric_check,BRA,Brazil,2009,BRN,Brunei,0.5480740000000001,193,CHN,China,45239.119216999985
goods_two_way_supplemental_public_metric_check,BRA,Brazil,2009,BDI,Burundi,0.34710799999999997,194,CHN,China,45239.119216999985
goods_two_way_supplemental_public_metric_check,BRA,Brazil,2009,TON,Tonga,0.32054399999999994,195,CHN,China,45239.119216999985
goods_two_way_supplemental_public_metric_check,BRA,Brazil,2009,CCK,Cocos (Keeling) Islands,0.25609299999999996,196,CHN,China,45239.119216999985
goods_two_way_supplemental_public_metric_check,BRA,Brazil,2009,GRL,Greenland,0.24141300000000002,197,CHN,China,45239.119216999985
goods_two_way_supplemental_public_metric_check,BRA,Brazil,2009,LAO,Laos,0.23685399999999998,198,CHN,China,45239.119216999985
goods_two_way_supplemental_public_metric_check,BRA,Brazil,2009,TCA,Turks & Caicos Islands,0.20240199999999997,199,CHN,China,45239.119216999985
goods_two_way_supplemental_public_metric_check,BRA,Brazil,2009,NFK,Norfolk Island,0.17812,200,CHN,China,45239.119216999985
goods_two_way_supplemental_public_metric_check,BRA,Brazil,2009,SLB,Solomon Islands,0.17701100000000003,201,CHN,China,45239.119216999985
goods_two_way_supplemental_public_metric_check,BRA,Brazil,2009,SHN,St. Helena,0.133087,202,CHN,China,45239.119216999985
goods_two_way_supplemental_public_metric_check,BRA,Brazil,2009,VUT,Vanuatu,0.115218,203,CHN,China,45239.119216999985
goods_two_way_supplemental_public_metric_check,BRA,Brazil,2009,KIR,Kiribati,0.106861,204,CHN,China,45239.119216999985
goods_two_way_supplemental_public_metric_check,BRA,Brazil,2009,UMI,United States Minor Outlying Islands (the),0.087291,205,CHN,China,45239.119216999985
goods_two_way_supplemental_public_metric_check,BRA,Brazil,2009,MSR,Montserrat,0.06141099999999999,206,CHN,China,45239.119216999985
goods_two_way_supplemental_public_metric_check,BRA,Brazil,2009,LSO,Lesotho,0.056207,207,CHN,China,45239.119216999985
goods_two_way_supplemental_public_metric_check,BRA,Brazil,2009,ASM,American Samoa,0.052738,208,CHN,China,45239.119216999985
goods_two_way_supplemental_public_metric_check,BRA,Brazil,2009,TUV,Tuvalu,0.046168999999999995,209,CHN,China,45239.119216999985
goods_two_way_supplemental_public_metric_check,BRA,Brazil,2009,TLS,Timor-Leste,0.018000000000000002,210,CHN,China,45239.119216999985
goods_two_way_supplemental_public_metric_check,BRA,Brazil,2009,NIU,Niue,0.014644999999999998,211,CHN,China,45239.119216999985
goods_two_way_supplemental_public_metric_check,BRA,Brazil,2009,IOT,British Indian Ocean Territory,0.005829,212,CHN,China,45239.119216999985
goods_two_way_supplemental_public_metric_check,BRA,Brazil,2009,NRU,Nauru,0.005075,213,CHN,China,45239.119216999985
goods_two_way_supplemental_public_metric_check,BRA,Brazil,2009,COK,Cook Islands,0.0048590000000000005,214,CHN,China,45239.119216999985
goods_two_way_supplemental_public_metric_check,BRA,Brazil,2009,ESH,Western Sahara,7.87e-4,215,CHN,China,45239.119216999985
goods_two_way_supplemental_public_metric_check,BRA,Brazil,2009,VAT,Vatican City,6.87e-4,216,CHN,China,45239.119216999985
goods_two_way_supplemental_public_metric_check,BRA,Brazil,2009,CXR,Christmas Island,5.38e-4,217,CHN,China,45239.119216999985
goods_two_way_supplemental_public_metric_check,BRA,Brazil,2009,MNP,Northern Mariana Islands,1.59e-4,218,CHN,China,45239.119216999985
goods_two_way_supplemental_public_metric_check,BRA,Brazil,2009,SPM,St. Pierre & Miquelon,1.16e-4,219,CHN,China,45239.119216999985
goods_two_way_supplemental_public_metric_check,BRA,Brazil,2009,PLW,Palau,3.1e-5,220,CHN,China,45239.119216999985
goods_two_way_supplemental_public_metric_check,BRA,Brazil,2010,CHN,China,66004.543211,1,CHN,China,66004.543211
goods_two_way_supplemental_public_metric_check,BRA,Brazil,2010,USA,United States,52887.64484200001,2,CHN,China,66004.543211
goods_two_way_supplemental_public_metric_check,BRA,Brazil,2010,ARG,Argentina,33115.448112,3,CHN,China,66004.543211
goods_two_way_supplemental_public_metric_check,BRA,Brazil,2010,DEU,Germany,24747.856924,4,CHN,China,66004.543211
goods_two_way_supplemental_public_metric_check,BRA,Brazil,2010,JPN,Japan,17082.973995,5,CHN,China,66004.543211
goods_two_way_supplemental_public_metric_check,BRA,Brazil,2010,KOR,South Korea,13713.442745999999,6,CHN,China,66004.543211
goods_two_way_supplemental_public_metric_check,BRA,Brazil,2010,FRA,France,9824.062331000001,7,CHN,China,66004.543211
goods_two_way_supplemental_public_metric_check,BRA,Brazil,2010,ITA,Italy,9413.779410999998,8,CHN,China,66004.543211
goods_two_way_supplemental_public_metric_check,BRA,Brazil,2010,CHL,Chile,9046.922909,9,CHN,China,66004.543211
goods_two_way_supplemental_public_metric_check,BRA,Brazil,2010,GBR,United Kingdom,8204.250561000003,10,CHN,China,66004.543211
goods_two_way_supplemental_public_metric_check,BRA,Brazil,2010,NLD,Netherlands,7993.671468999999,11,CHN,China,66004.543211
goods_two_way_supplemental_public_metric_check,BRA,Brazil,2010,MEX,Mexico,7856.933921000001,12,CHN,China,66004.543211
goods_two_way_supplemental_public_metric_check,BRA,Brazil,2010,IND,India,7631.154569,13,CHN,China,66004.543211
goods_two_way_supplemental_public_metric_check,BRA,Brazil,2010,NGA,Nigeria,7559.023319,14,CHN,China,66004.543211
goods_two_way_supplemental_public_metric_check,BRA,Brazil,2010,ESP,Spain,6836.111775000001,15,CHN,China,66004.543211
goods_two_way_supplemental_public_metric_check,BRA,Brazil,2010,RUS,Russia,6194.416787,16,CHN,China,66004.543211
goods_two_way_supplemental_public_metric_check,BRA,Brazil,2010,CAN,Canada,6110.766780000001,17,CHN,China,66004.543211
goods_two_way_supplemental_public_metric_check,BRA,Brazil,2010,TWN,Taiwan,5708.898553000001,18,CHN,China,66004.543211
goods_two_way_supplemental_public_metric_check,BRA,Brazil,2010,SAU,Saudi Arabia,5219.334892999999,19,CHN,China,66004.543211
goods_two_way_supplemental_public_metric_check,BRA,Brazil,2010,PRY,Paraguay,4692.002056,20,CHN,China,66004.543211
goods_two_way_supplemental_public_metric_check,BRA,Brazil,2010,VEN,Venezuela,4181.305050000001,21,CHN,China,66004.543211
goods_two_way_supplemental_public_metric_check,BRA,Brazil,2010,THA,Thailand,3777.000254,22,CHN,China,66004.543211
goods_two_way_supplemental_public_metric_check,BRA,Brazil,2010,CHE,Switzerland,3770.085545999999,23,CHN,China,66004.543211
goods_two_way_supplemental_public_metric_check,BRA,Brazil,2010,COL,Colombia,3509.057764,24,CHN,China,66004.543211
goods_two_way_supplemental_public_metric_check,BRA,Brazil,2010,BEL,Belgium,3489.0628659999998,25,CHN,China,66004.543211
goods_two_way_supplemental_public_metric_check,BRA,Brazil,2010,URY,Uruguay,3427.661644,26,CHN,China,66004.543211
goods_two_way_supplemental_public_metric_check,BRA,Brazil,2010,BOL,Bolivia,3403.9320500000003,27,CHN,China,66004.543211
goods_two_way_supplemental_public_metric_check,BRA,Brazil,2010,DZA,Algeria,3345.700596,28,CHN,China,66004.543211
goods_two_way_supplemental_public_metric_check,BRA,Brazil,2010,IDN,Indonesia,3317.1269669999992,29,CHN,China,66004.543211
goods_two_way_supplemental_public_metric_check,BRA,Brazil,2010,PER,Peru,3213.1429160000007,30,CHN,China,66004.543211
goods_two_way_supplemental_public_metric_check,BRA,Brazil,2010,MYS,Malaysia,3044.9860740000004,31,CHN,China,66004.543211
goods_two_way_supplemental_public_metric_check,BRA,Brazil,2010,HKG,Hong Kong,3003.0049179999996,32,CHN,China,66004.543211
goods_two_way_supplemental_public_metric_check,BRA,Brazil,2010,LCA,St. Lucia,2744.884477999999,33,CHN,China,66004.543211
goods_two_way_supplemental_public_metric_check,BRA,Brazil,2010,SGP,Singapore,2511.869525,34,CHN,China,66004.543211
goods_two_way_supplemental_public_metric_check,BRA,Brazil,2010,SWE,Sweden,2311.7460149999997,35,CHN,China,66004.543211
goods_two_way_supplemental_public_metric_check,BRA,Brazil,2010,AUS,Australia,2283.333291,36,CHN,China,66004.543211
goods_two_way_supplemental_public_metric_check,BRA,Brazil,2010,AUT,Austria,2134.331535,37,CHN,China,66004.543211
goods_two_way_supplemental_public_metric_check,BRA,Brazil,2010,TUR,Turkey,2097.424554,38,CHN,China,66004.543211
goods_two_way_supplemental_public_metric_check,BRA,Brazil,2010,ARE,United Arab Emirates,2057.45694,39,CHN,China,66004.543211
goods_two_way_supplemental_public_metric_check,BRA,Brazil,2010,PRT,Portugal,2006.898679,40,CHN,China,66004.543211
goods_two_way_supplemental_public_metric_check,BRA,Brazil,2010,EGY,Egypt,1987.903409,41,CHN,China,66004.543211
goods_two_way_supplemental_public_metric_check,BRA,Brazil,2010,BHR,Bahrain,1986.5219810000003,42,CHN,China,66004.543211
goods_two_way_supplemental_public_metric_check,BRA,Brazil,2010,ZAF,South Africa,1854.7699930000003,43,CHN,China,66004.543211
goods_two_way_supplemental_public_metric_check,BRA,Brazil,2010,NOR,Norway,1766.3586799999998,44,CHN,China,66004.543211
goods_two_way_supplemental_public_metric_check,BRA,Brazil,2010,FIN,Finland,1700.2174519999999,45,CHN,China,66004.543211
goods_two_way_supplemental_public_metric_check,BRA,Brazil,2010,AGO,Angola,1599.1604109999998,46,CHN,China,66004.543211
goods_two_way_supplemental_public_metric_check,BRA,Brazil,2010,MAR,Morocco,1481.896296,47,CHN,China,66004.543211
goods_two_way_supplemental_public_metric_check,BRA,Brazil,2010,IRL,Ireland,1383.136465,48,CHN,China,66004.543211
goods_two_way_supplemental_public_metric_check,BRA,Brazil,2010,ISR,Israel,1336.030475,49,CHN,China,66004.543211
goods_two_way_supplemental_public_metric_check,BRA,Brazil,2010,POL,Poland,1177.1520980000003,50,CHN,China,66004.543211
goods_two_way_supplemental_public_metric_check,BRA,Brazil,2010,IRQ,Iraq,1043.183579,51,CHN,China,66004.543211
goods_two_way_supplemental_public_metric_check,BRA,Brazil,2010,IRN,Iran,1038.784019,52,CHN,China,66004.543211
goods_two_way_supplemental_public_metric_check,BRA,Brazil,2010,DNK,Denmark,1035.46613,53,CHN,China,66004.543211
goods_two_way_supplemental_public_metric_check,BRA,Brazil,2010,ANT,Netherlands Antilles,1031.540422,54,CHN,China,66004.543211
goods_two_way_supplemental_public_metric_check,BRA,Brazil,2010,VNM,Vietnam,1002.3472429999999,55,CHN,China,66004.543211
goods_two_way_supplemental_public_metric_check,BRA,Brazil,2010,ECU,Ecuador,930.8457759999999,56,CHN,China,66004.543211
goods_two_way_supplemental_public_metric_check,BRA,Brazil,2010,TTO,Trinidad & Tobago,897.1992940000001,57,CHN,China,66004.543211
goods_two_way_supplemental_public_metric_check,BRA,Brazil,2010,BLR,Belarus,895.3112470000001,58,CHN,China,66004.543211
goods_two_way_supplemental_public_metric_check,BRA,Brazil,2010,BGD,Bangladesh,855.4552899999998,59,CHN,China,66004.543211
goods_two_way_supplemental_public_metric_check,BRA,Brazil,2010,UKR,Ukraine,826.857546,60,CHN,China,66004.543211
goods_two_way_supplemental_public_metric_check,BRA,Brazil,2010,LBY,Libya,772.351921,61,CHN,China,66004.543211
goods_two_way_supplemental_public_metric_check,BRA,Brazil,2010,CZE,Czechia,737.10631,62,CHN,China,66004.543211
goods_two_way_supplemental_public_metric_check,BRA,Brazil,2010,CRI,Costa Rica,689.927021,63,CHN,China,66004.543211
goods_two_way_supplemental_public_metric_check,BRA,Brazil,2010,SYR,Syria,663.4976200000001,64,CHN,China,66004.543211
goods_two_way_supplemental_public_metric_check,BRA,Brazil,2010,QAT,Qatar,640.4843800000001,65,CHN,China,66004.543211
goods_two_way_supplemental_public_metric_check,BRA,Brazil,2010,GNQ,Equatorial Guinea,570.159294,66,CHN,China,66004.543211
goods_two_way_supplemental_public_metric_check,BRA,Brazil,2010,ROU,Romania,565.50416,67,CHN,China,66004.543211
goods_two_way_supplemental_public_metric_check,BRA,Brazil,2010,PHL,Philippines,545.408855,68,CHN,China,66004.543211
goods_two_way_supplemental_public_metric_check,BRA,Brazil,2010,KWT,Kuwait,514.30163,69,CHN,China,66004.543211
goods_two_way_supplemental_public_metric_check,BRA,Brazil,2010,CUB,Cuba,497.0107669999999,70,CHN,China,66004.543211
goods_two_way_supplemental_public_metric_check,BRA,Brazil,2010,GRC,Greece,459.935872,71,CHN,China,66004.543211
goods_two_way_supplemental_public_metric_check,BRA,Brazil,2010,YEM,Yemen,440.006712,72,CHN,China,66004.543211
goods_two_way_supplemental_public_metric_check,BRA,Brazil,2010,LUX,Luxembourg,428.402927,73,CHN,China,66004.543211
goods_two_way_supplemental_public_metric_check,BRA,Brazil,2010,PAK,Pakistan,407.109776,74,CHN,China,66004.543211
goods_two_way_supplemental_public_metric_check,BRA,Brazil,2010,TUN,Tunisia,395.86003400000004,75,CHN,China,66004.543211
goods_two_way_supplemental_public_metric_check,BRA,Brazil,2010,PAN,Panama,382.6299049999998,76,CHN,China,66004.543211
goods_two_way_supplemental_public_metric_check,BRA,Brazil,2010,CYM,Cayman Islands,374.50966200000016,77,CHN,China,66004.543211
goods_two_way_supplemental_public_metric_check,BRA,Brazil,2010,DOM,Dominican Republic,359.15751400000005,78,CHN,China,66004.543211
goods_two_way_supplemental_public_metric_check,BRA,Brazil,2010,HUN,Hungary,351.02428900000007,79,CHN,China,66004.543211
goods_two_way_supplemental_public_metric_check,BRA,Brazil,2010,ISL,Iceland,347.19298600000013,80,CHN,China,66004.543211
goods_two_way_supplemental_public_metric_check,BRA,Brazil,2010,LBN,Lebanon,269.83483,81,CHN,China,66004.543211
goods_two_way_supplemental_public_metric_check,BRA,Brazil,2010,KAZ,Kazakhstan,253.297525,82,CHN,China,66004.543211
goods_two_way_supplemental_public_metric_check,BRA,Brazil,2010,SVK,Slovakia,249.74701900000002,83,CHN,China,66004.543211
goods_two_way_supplemental_public_metric_check,BRA,Brazil,2010,GTM,Guatemala,245.16067800000013,84,CHN,China,66004.543211
goods_two_way_supplemental_public_metric_check,BRA,Brazil,2010,SLV,El Salvador,231.686735,85,CHN,China,66004.543211
goods_two_way_supplemental_public_metric_check,BRA,Brazil,2010,GHA,Ghana,229.921286,86,CHN,China,66004.543211
goods_two_way_supplemental_public_metric_check,BRA,Brazil,2010,JAM,Jamaica,205.08729000000002,87,CHN,China,66004.543211
goods_two_way_supplemental_public_metric_check,BRA,Brazil,2010,SVN,Slovenia,199.21544399999996,88,CHN,China,66004.543211
goods_two_way_supplemental_public_metric_check,BRA,Brazil,2010,COG,Congo - Brazzaville,195.08585000000002,89,CHN,China,66004.543211
goods_two_way_supplemental_public_metric_check,BRA,Brazil,2010,HRV,Croatia,180.28894400000001,90,CHN,China,66004.543211
goods_two_way_supplemental_public_metric_check,BRA,Brazil,2010,BIH,Bosnia & Herzegovina,180.20445700000002,91,CHN,China,66004.543211
goods_two_way_supplemental_public_metric_check,BRA,Brazil,2010,SEN,Senegal,173.822306,92,CHN,China,66004.543211
goods_two_way_supplemental_public_metric_check,BRA,Brazil,2010,OMN,Oman,171.96471700000006,93,CHN,China,66004.543211
goods_two_way_supplemental_public_metric_check,BRA,Brazil,2010,JOR,Jordan,164.54637100000002,94,CHN,China,66004.543211
goods_two_way_supplemental_public_metric_check,BRA,Brazil,2010,AZE,Azerbaijan,162.72995899999998,95,CHN,China,66004.543211
goods_two_way_supplemental_public_metric_check,BRA,Brazil,2010,CMR,Cameroon,156.40549,96,CHN,China,66004.543211
goods_two_way_supplemental_public_metric_check,BRA,Brazil,2010,BGR,Bulgaria,153.09360900000001,97,CHN,China,66004.543211
goods_two_way_supplemental_public_metric_check,BRA,Brazil,2010,PRK,North Korea,148.260606,98,CHN,China,66004.543211
goods_two_way_supplemental_public_metric_check,BRA,Brazil,2010,VGB,British Virgin Islands,144.66214300000001,99,CHN,China,66004.543211
goods_two_way_supplemental_public_metric_check,BRA,Brazil,2010,BRB,Barbados,133.193878,100,CHN,China,66004.543211
goods_two_way_supplemental_public_metric_check,BRA,Brazil,2010,CIV,Côte d'Ivoire,128.953493,101,CHN,China,66004.543211
goods_two_way_supplemental_public_metric_check,BRA,Brazil,2010,BHS,Bahamas,123.90417099999996,102,CHN,China,66004.543211
goods_two_way_supplemental_public_metric_check,BRA,Brazil,2010,LTU,Lithuania,123.700797,103,CHN,China,66004.543211
goods_two_way_supplemental_public_metric_check,BRA,Brazil,2010,ETH,Ethiopia,123.44715999999998,104,CHN,China,66004.543211
goods_two_way_supplemental_public_metric_check,BRA,Brazil,2010,NZL,New Zealand,118.340284,105,CHN,China,66004.543211
goods_two_way_supplemental_public_metric_check,BRA,Brazil,2010,GIB,Gibraltar,116.962278,106,CHN,China,66004.543211
goods_two_way_supplemental_public_metric_check,BRA,Brazil,2010,SDN,Sudan,110.193239,107,CHN,China,66004.543211
goods_two_way_supplemental_public_metric_check,BRA,Brazil,2010,HND,Honduras,105.90567,108,CHN,China,66004.543211
goods_two_way_supplemental_public_metric_check,BRA,Brazil,2010,SRB,Serbia,96.15718799999999,109,CHN,China,66004.543211
goods_two_way_supplemental_public_metric_check,BRA,Brazil,2010,MDA,Moldova,94.40108099999999,110,CHN,China,66004.543211
goods_two_way_supplemental_public_metric_check,BRA,Brazil,2010,LKA,Sri Lanka,83.703924,111,CHN,China,66004.543211
goods_two_way_supplemental_public_metric_check,BRA,Brazil,2010,DJI,Djibouti,73.34838,112,CHN,China,66004.543211
goods_two_way_supplemental_public_metric_check,BRA,Brazil,2010,NIC,Nicaragua,71.87769900000002,113,CHN,China,66004.543211
goods_two_way_supplemental_public_metric_check,BRA,Brazil,2010,EST,Estonia,70.500937,114,CHN,China,66004.543211
goods_two_way_supplemental_public_metric_check,BRA,Brazil,2010,MLI,Mali,67.717572,115,CHN,China,66004.543211
goods_two_way_supplemental_public_metric_check,BRA,Brazil,2010,MLT,Malta,65.977865,116,CHN,China,66004.543211
goods_two_way_supplemental_public_metric_check,BRA,Brazil,2010,COD,Congo - Kinshasa,63.856165999999995,117,CHN,China,66004.543211
goods_two_way_supplemental_public_metric_check,BRA,Brazil,2010,MKD,North Macedonia,63.708756,118,CHN,China,66004.543211
goods_two_way_supplemental_public_metric_check,BRA,Brazil,2010,SOM,Somalia,63.551669000000004,119,CHN,China,66004.543211
goods_two_way_supplemental_public_metric_check,BRA,Brazil,2010,GEO,Georgia,62.708369,120,CHN,China,66004.543211
goods_two_way_supplemental_public_metric_check,BRA,Brazil,2010,KEN,Kenya,61.81153999999998,121,CHN,China,66004.543211
goods_two_way_supplemental_public_metric_check,BRA,Brazil,2010,HTI,Haiti,58.051030999999995,122,CHN,China,66004.543211
goods_two_way_supplemental_public_metric_check,BRA,Brazil,2010,SUR,Suriname,56.620278000000006,123,CHN,China,66004.543211
goods_two_way_supplemental_public_metric_check,BRA,Brazil,2010,GIN,Guinea,55.628235,124,CHN,China,66004.543211
goods_two_way_supplemental_public_metric_check,BRA,Brazil,2010,ARM,Armenia,52.19477000000001,125,CHN,China,66004.543211
goods_two_way_supplemental_public_metric_check,BRA,Brazil,2010,MRT,Mauritania,51.094941,126,CHN,China,66004.543211
goods_two_way_supplemental_public_metric_check,BRA,Brazil,2010,UGA,Uganda,50.86720700000001,127,CHN,China,66004.543211
goods_two_way_supplemental_public_metric_check,BRA,Brazil,2010,GMB,Gambia,49.406363999999996,128,CHN,China,66004.543211
goods_two_way_supplemental_public_metric_check,BRA,Brazil,2010,BEN,Benin,46.481241999999995,129,CHN,China,66004.543211
goods_two_way_supplemental_public_metric_check,BRA,Brazil,2010,ALB,Albania,46.38020599999999,130,CHN,China,66004.543211
goods_two_way_supplemental_public_metric_check,BRA,Brazil,2010,ABW,Aruba,44.457715999999984,131,CHN,China,66004.543211
goods_two_way_supplemental_public_metric_check,BRA,Brazil,2010,ZWE,Zimbabwe,44.45253700000001,132,CHN,China,66004.543211
goods_two_way_supplemental_public_metric_check,BRA,Brazil,2010,TZA,Tanzania,41.99843700000001,133,CHN,China,66004.543211
goods_two_way_supplemental_public_metric_check,BRA,Brazil,2010,LVA,Latvia,40.992374999999996,134,CHN,China,66004.543211
goods_two_way_supplemental_public_metric_check,BRA,Brazil,2010,MNE,Montenegro,38.913813999999995,135,CHN,China,66004.543211
goods_two_way_supplemental_public_metric_check,BRA,Brazil,2010,CPV,Cape Verde,33.8944,136,CHN,China,66004.543211
goods_two_way_supplemental_public_metric_check,BRA,Brazil,2010,GAB,Gabon,33.345355999999995,137,CHN,China,66004.543211
goods_two_way_supplemental_public_metric_check,BRA,Brazil,2010,MAC,Macao,29.636763000000002,138,CHN,China,66004.543211
goods_two_way_supplemental_public_metric_check,BRA,Brazil,2010,AFG,Afghanistan,29.276818000000006,139,CHN,China,66004.543211
goods_two_way_supplemental_public_metric_check,BRA,Brazil,2010,TGO,Togo,29.180830999999998,140,CHN,China,66004.543211
goods_two_way_supplemental_public_metric_check,BRA,Brazil,2010,MOZ,Mozambique,29.017432999999997,141,CHN,China,66004.543211
goods_two_way_supplemental_public_metric_check,BRA,Brazil,2010,SWZ,Eswatini,27.656121000000002,142,CHN,China,66004.543211
goods_two_way_supplemental_public_metric_check,BRA,Brazil,2010,NAM,Namibia,26.928546000000004,143,CHN,China,66004.543211
goods_two_way_supplemental_public_metric_check,BRA,Brazil,2010,NER,Niger,26.892106,144,CHN,China,66004.543211
goods_two_way_supplemental_public_metric_check,BRA,Brazil,2010,CYP,Cyprus,24.114052000000004,145,CHN,China,66004.543211
goods_two_way_supplemental_public_metric_check,BRA,Brazil,2010,MDG,Madagascar,23.671397999999996,146,CHN,China,66004.543211
goods_two_way_supplemental_public_metric_check,BRA,Brazil,2010,GUY,Guyana,23.130973,147,CHN,China,66004.543211
goods_two_way_supplemental_public_metric_check,BRA,Brazil,2010,LBR,Liberia,22.233343,148,CHN,China,66004.543211
goods_two_way_supplemental_public_metric_check,BRA,Brazil,2010,BFA,Burkina Faso,21.940037000000004,149,CHN,China,66004.543211
goods_two_way_supplemental_public_metric_check,BRA,Brazil,2010,ERI,Eritrea,20.827997,150,CHN,China,66004.543211
goods_two_way_supplemental_public_metric_check,BRA,Brazil,2010,UZB,Uzbekistan,20.756931000000005,151,CHN,China,66004.543211
goods_two_way_supplemental_public_metric_check,BRA,Brazil,2010,SLE,Sierra Leone,17.893233000000002,152,CHN,China,66004.543211
goods_two_way_supplemental_public_metric_check,BRA,Brazil,2010,GNB,Guinea-Bissau,17.299857,153,CHN,China,66004.543211
goods_two_way_supplemental_public_metric_check,BRA,Brazil,2010,SYC,Seychelles,16.181427000000003,154,CHN,China,66004.543211
goods_two_way_supplemental_public_metric_check,BRA,Brazil,2010,MUS,Mauritius,15.884377,155,CHN,China,66004.543211
goods_two_way_supplemental_public_metric_check,BRA,Brazil,2010,MHL,Marshall Islands,13.155243,156,CHN,China,66004.543211
goods_two_way_supplemental_public_metric_check,BRA,Brazil,2010,KHM,Cambodia,12.428811,157,CHN,China,66004.543211
goods_two_way_supplemental_public_metric_check,BRA,Brazil,2010,NCL,New Caledonia,11.321542,158,CHN,China,66004.543211
goods_two_way_supplemental_public_metric_check,BRA,Brazil,2010,MMR,Myanmar (Burma),10.530274999999998,159,CHN,China,66004.543211
goods_two_way_supplemental_public_metric_check,BRA,Brazil,2010,TJK,Tajikistan,9.858808999999999,160,CHN,China,66004.543211
goods_two_way_supplemental_public_metric_check,BRA,Brazil,2010,GRD,Grenada,7.976337000000001,161,CHN,China,66004.543211
goods_two_way_supplemental_public_metric_check,BRA,Brazil,2010,CAF,Central African Republic,7.634825000000001,162,CHN,China,66004.543211
goods_two_way_supplemental_public_metric_check,BRA,Brazil,2010,ZMB,Zambia,7.5580050000000005,163,CHN,China,66004.543211
goods_two_way_supplemental_public_metric_check,BRA,Brazil,2010,MWI,Malawi,7.226373,164,CHN,China,66004.543211
goods_two_way_supplemental_public_metric_check,BRA,Brazil,2010,PSE,Palestine,6.670231000000001,165,CHN,China,66004.543211
goods_two_way_supplemental_public_metric_check,BRA,Brazil,2010,NPL,Nepal,6.572596000000001,166,CHN,China,66004.543211
goods_two_way_supplemental_public_metric_check,BRA,Brazil,2010,MDV,Maldives,6.187036000000001,167,CHN,China,66004.543211
goods_two_way_supplemental_public_metric_check,BRA,Brazil,2010,SMR,San Marino,6.168704000000001,168,CHN,China,66004.543211
goods_two_way_supplemental_public_metric_check,BRA,Brazil,2010,ATG,Antigua & Barbuda,5.325839999999999,169,CHN,China,66004.543211
goods_two_way_supplemental_public_metric_check,BRA,Brazil,2010,KNA,St. Kitts & Nevis,5.073310000000001,170,CHN,China,66004.543211
goods_two_way_supplemental_public_metric_check,BRA,Brazil,2010,PNG,Papua New Guinea,4.740846000000001,171,CHN,China,66004.543211
goods_two_way_supplemental_public_metric_check,BRA,Brazil,2010,AND,Andorra,4.54526,172,CHN,China,66004.543211
goods_two_way_supplemental_public_metric_check,BRA,Brazil,2010,PYF,French Polynesia,4.337859000000002,173,CHN,China,66004.543211
goods_two_way_supplemental_public_metric_check,BRA,Brazil,2010,TKM,Turkmenistan,4.018155,174,CHN,China,66004.543211
goods_two_way_supplemental_public_metric_check,BRA,Brazil,2010,KGZ,Kyrgyzstan,3.42274,175,CHN,China,66004.543211
goods_two_way_supplemental_public_metric_check,BRA,Brazil,2010,BLZ,Belize,3.3690099999999994,176,CHN,China,66004.543211
goods_two_way_supplemental_public_metric_check,BRA,Brazil,2010,DMA,Dominica,3.1152,177,CHN,China,66004.543211
goods_two_way_supplemental_public_metric_check,BRA,Brazil,2010,TCD,Chad,2.803569,178,CHN,China,66004.543211
goods_two_way_supplemental_public_metric_check,BRA,Brazil,2010,BMU,Bermuda,2.67546,179,CHN,China,66004.543211
goods_two_way_supplemental_public_metric_check,BRA,Brazil,2010,VCT,St. Vincent & Grenadines,2.468416,180,CHN,China,66004.543211
goods_two_way_supplemental_public_metric_check,BRA,Brazil,2010,MNG,Mongolia,2.3999070000000007,181,CHN,China,66004.543211
goods_two_way_supplemental_public_metric_check,BRA,Brazil,2010,RWA,Rwanda,2.279261,182,CHN,China,66004.543211
goods_two_way_supplemental_public_metric_check,BRA,Brazil,2010,BWA,Botswana,2.0038159999999996,183,CHN,China,66004.543211
goods_two_way_supplemental_public_metric_check,BRA,Brazil,2010,WSM,Samoa,1.8507719999999996,184,CHN,China,66004.543211
goods_two_way_supplemental_public_metric_check,BRA,Brazil,2010,FSM,Micronesia (Federated States of),1.789134,185,CHN,China,66004.543211
goods_two_way_supplemental_public_metric_check,BRA,Brazil,2010,FJI,Fiji,1.544681,186,CHN,China,66004.543211
goods_two_way_supplemental_public_metric_check,BRA,Brazil,2010,TCA,Turks & Caicos Islands,1.3025440000000004,187,CHN,China,66004.543211
goods_two_way_supplemental_public_metric_check,BRA,Brazil,2010,BRN,Brunei,1.0642770000000001,188,CHN,China,66004.543211
goods_two_way_supplemental_public_metric_check,BRA,Brazil,2010,STP,São Tomé & Príncipe,0.9632729999999999,189,CHN,China,66004.543211
goods_two_way_supplemental_public_metric_check,BRA,Brazil,2010,COM,Comoros,0.713668,190,CHN,China,66004.543211
goods_two_way_supplemental_public_metric_check,BRA,Brazil,2010,TKL,Tokelau,0.653861,191,CHN,China,66004.543211
goods_two_way_supplemental_public_metric_check,BRA,Brazil,2010,LAO,Laos,0.49841399999999997,192,CHN,China,66004.543211
goods_two_way_supplemental_public_metric_check,BRA,Brazil,2010,AIA,Anguilla,0.399481,193,CHN,China,66004.543211
goods_two_way_supplemental_public_metric_check,BRA,Brazil,2010,BDI,Burundi,0.357629,194,CHN,China,66004.543211
goods_two_way_supplemental_public_metric_check,BRA,Brazil,2010,GRL,Greenland,0.33614399999999994,195,CHN,China,66004.543211
goods_two_way_supplemental_public_metric_check,BRA,Brazil,2010,COK,Cook Islands,0.303022,196,CHN,China,66004.543211
goods_two_way_supplemental_public_metric_check,BRA,Brazil,2010,CCK,Cocos (Keeling) Islands,0.26080899999999996,197,CHN,China,66004.543211
goods_two_way_supplemental_public_metric_check,BRA,Brazil,2010,TON,Tonga,0.220858,198,CHN,China,66004.543211
goods_two_way_supplemental_public_metric_check,BRA,Brazil,2010,GUM,Guam,0.199868,199,CHN,China,66004.543211
goods_two_way_supplemental_public_metric_check,BRA,Brazil,2010,VUT,Vanuatu,0.1477,200,CHN,China,66004.543211
goods_two_way_supplemental_public_metric_check,BRA,Brazil,2010,NFK,Norfolk Island,0.124197,201,CHN,China,66004.543211
goods_two_way_supplemental_public_metric_check,BRA,Brazil,2010,LSO,Lesotho,0.109362,202,CHN,China,66004.543211
goods_two_way_supplemental_public_metric_check,BRA,Brazil,2010,FRO,Faroe Islands,0.106317,203,CHN,China,66004.543211
goods_two_way_supplemental_public_metric_check,BRA,Brazil,2010,KIR,Kiribati,0.09834799999999999,204,CHN,China,66004.543211
goods_two_way_supplemental_public_metric_check,BRA,Brazil,2010,ASM,American Samoa,0.059714,205,CHN,China,66004.543211
goods_two_way_supplemental_public_metric_check,BRA,Brazil,2010,UMI,United States Minor Outlying Islands (the),0.053889000000000006,206,CHN,China,66004.543211
goods_two_way_supplemental_public_metric_check,BRA,Brazil,2010,FLK,Falkland Islands,0.045825,207,CHN,China,66004.543211
goods_two_way_supplemental_public_metric_check,BRA,Brazil,2010,SLB,Solomon Islands,0.014828,208,CHN,China,66004.543211
goods_two_way_supplemental_public_metric_check,BRA,Brazil,2010,VAT,Vatican City,0.013424,209,CHN,China,66004.543211
goods_two_way_supplemental_public_metric_check,BRA,Brazil,2010,MNP,Northern Mariana Islands,0.008591,210,CHN,China,66004.543211
goods_two_way_supplemental_public_metric_check,BRA,Brazil,2010,MSR,Montserrat,0.00846,211,CHN,China,66004.543211
goods_two_way_supplemental_public_metric_check,BRA,Brazil,2010,PLW,Palau,0.007818,212,CHN,China,66004.543211
goods_two_way_supplemental_public_metric_check,BRA,Brazil,2010,NIU,Niue,0.007358,213,CHN,China,66004.543211
goods_two_way_supplemental_public_metric_check,BRA,Brazil,2010,ESH,Western Sahara,0.005089,214,CHN,China,66004.543211
goods_two_way_supplemental_public_metric_check,BRA,Brazil,2010,PCN,Pitcairn Islands,0.004569999999999999,215,CHN,China,66004.543211
goods_two_way_supplemental_public_metric_check,BRA,Brazil,2010,TLS,Timor-Leste,0.004,216,CHN,China,66004.543211
goods_two_way_supplemental_public_metric_check,BRA,Brazil,2010,WLF,Wallis & Futuna,0.001412,217,CHN,China,66004.543211
goods_two_way_supplemental_public_metric_check,BRA,Brazil,2010,CXR,Christmas Island,9.95e-4,218,CHN,China,66004.543211
goods_two_way_supplemental_public_metric_check,BRA,Brazil,2010,IOT,British Indian Ocean Territory,4.08e-4,219,CHN,China,66004.543211
goods_two_way_supplemental_public_metric_check,BRA,Brazil,2010,NRU,Nauru,3.91e-4,220,CHN,China,66004.543211
goods_two_way_supplemental_public_metric_check,BRA,Brazil,2011,CHN,China,87472.95997599998,1,CHN,China,87472.95997599998
goods_two_way_supplemental_public_metric_check,BRA,Brazil,2011,USA,United States,67215.423311,2,CHN,China,87472.95997599998
goods_two_way_supplemental_public_metric_check,BRA,Brazil,2011,ARG,Argentina,39822.471643,3,CHN,China,87472.95997599998
goods_two_way_supplemental_public_metric_check,BRA,Brazil,2011,DEU,Germany,30530.800643000002,4,CHN,China,87472.95997599998
goods_two_way_supplemental_public_metric_check,BRA,Brazil,2011,JPN,Japan,20883.042241000003,5,CHN,China,87472.95997599998
goods_two_way_supplemental_public_metric_check,BRA,Brazil,2011,KOR,South Korea,16895.613217000002,6,CHN,China,87472.95997599998
goods_two_way_supplemental_public_metric_check,BRA,Brazil,2011,ITA,Italy,12256.614888,7,CHN,China,87472.95997599998
goods_two_way_supplemental_public_metric_check,BRA,Brazil,2011,NGA,Nigeria,12126.414033000001,8,CHN,China,87472.95997599998
goods_two_way_supplemental_public_metric_check,BRA,Brazil,2011,FRA,France,11285.572451999999,9,CHN,China,87472.95997599998
goods_two_way_supplemental_public_metric_check,BRA,Brazil,2011,CHL,Chile,10942.618376999999,10,CHN,China,87472.95997599998
goods_two_way_supplemental_public_metric_check,BRA,Brazil,2011,NLD,Netherlands,10172.240352999997,11,CHN,China,87472.95997599998
goods_two_way_supplemental_public_metric_check,BRA,Brazil,2011,IND,India,10032.227423,12,CHN,China,87472.95997599998
goods_two_way_supplemental_public_metric_check,BRA,Brazil,2011,MEX,Mexico,9429.49884,13,CHN,China,87472.95997599998
goods_two_way_supplemental_public_metric_check,BRA,Brazil,2011,ESP,Spain,8457.640362000002,14,CHN,China,87472.95997599998
goods_two_way_supplemental_public_metric_check,BRA,Brazil,2011,GBR,United Kingdom,8151.210940999999,15,CHN,China,87472.95997599998
goods_two_way_supplemental_public_metric_check,BRA,Brazil,2011,CAN,Canada,7706.947222000001,16,CHN,China,87472.95997599998
goods_two_way_supplemental_public_metric_check,BRA,Brazil,2011,RUS,Russia,7595.241539000001,17,CHN,China,87472.95997599998
goods_two_way_supplemental_public_metric_check,BRA,Brazil,2011,SAU,Saudi Arabia,6955.492676000001,18,CHN,China,87472.95997599998
goods_two_way_supplemental_public_metric_check,BRA,Brazil,2011,TWN,Taiwan,6638.182364,19,CHN,China,87472.95997599998
goods_two_way_supplemental_public_metric_check,BRA,Brazil,2011,VEN,Venezuela,5666.942442999999,20,CHN,China,87472.95997599998
goods_two_way_supplemental_public_metric_check,BRA,Brazil,2011,PRY,Paraguay,5571.960953,21,CHN,China,87472.95997599998
goods_two_way_supplemental_public_metric_check,BRA,Brazil,2011,DZA,Algeria,5024.734514,22,CHN,China,87472.95997599998
goods_two_way_supplemental_public_metric_check,BRA,Brazil,2011,THA,Thailand,4794.622464,23,CHN,China,87472.95997599998
goods_two_way_supplemental_public_metric_check,BRA,Brazil,2011,BOL,Bolivia,4411.689358,24,CHN,China,87472.95997599998
goods_two_way_supplemental_public_metric_check,BRA,Brazil,2011,BEL,Belgium,4287.364359000001,25,CHN,China,87472.95997599998
goods_two_way_supplemental_public_metric_check,BRA,Brazil,2011,COL,Colombia,4180.219504,26,CHN,China,87472.95997599998
goods_two_way_supplemental_public_metric_check,BRA,Brazil,2011,MYS,Malaysia,4135.155495,27,CHN,China,87472.95997599998
goods_two_way_supplemental_public_metric_check,BRA,Brazil,2011,CHE,Switzerland,3980.4056299999993,28,CHN,China,87472.95997599998
goods_two_way_supplemental_public_metric_check,BRA,Brazil,2011,URY,Uruguay,3968.7902839999997,29,CHN,China,87472.95997599998
goods_two_way_supplemental_public_metric_check,BRA,Brazil,2011,PER,Peru,3878.5751959999993,30,CHN,China,87472.95997599998
goods_two_way_supplemental_public_metric_check,BRA,Brazil,2011,IDN,Indonesia,3871.560667,31,CHN,China,87472.95997599998
goods_two_way_supplemental_public_metric_check,BRA,Brazil,2011,HKG,Hong Kong,3659.033455999999,32,CHN,China,87472.95997599998
goods_two_way_supplemental_public_metric_check,BRA,Brazil,2011,TUR,Turkey,3064.1383589999996,33,CHN,China,87472.95997599998
goods_two_way_supplemental_public_metric_check,BRA,Brazil,2011,SWE,Sweden,2991.1905470000006,34,CHN,China,87472.95997599998
goods_two_way_supplemental_public_metric_check,BRA,Brazil,2011,LCA,St. Lucia,2945.0095899999988,35,CHN,China,87472.95997599998
goods_two_way_supplemental_public_metric_check,BRA,Brazil,2011,AUS,Australia,2930.7003209999993,36,CHN,China,87472.95997599998
goods_two_way_supplemental_public_metric_check,BRA,Brazil,2011,PRT,Portugal,2926.074713,37,CHN,China,87472.95997599998
goods_two_way_supplemental_public_metric_check,BRA,Brazil,2011,EGY,Egypt,2782.630744,38,CHN,China,87472.95997599998
goods_two_way_supplemental_public_metric_check,BRA,Brazil,2011,ARE,United Arab Emirates,2697.2175229999993,39,CHN,China,87472.95997599998
goods_two_way_supplemental_public_metric_check,BRA,Brazil,2011,SGP,Singapore,2506.884728,40,CHN,China,87472.95997599998
goods_two_way_supplemental_public_metric_check,BRA,Brazil,2011,ZAF,South Africa,2303.844949,41,CHN,China,87472.95997599998
goods_two_way_supplemental_public_metric_check,BRA,Brazil,2011,NOR,Norway,2221.794428,42,CHN,China,87472.95997599998
goods_two_way_supplemental_public_metric_check,BRA,Brazil,2011,AUT,Austria,2216.240208,43,CHN,China,87472.95997599998
goods_two_way_supplemental_public_metric_check,BRA,Brazil,2011,MAR,Morocco,2194.2778479999997,44,CHN,China,87472.95997599998
goods_two_way_supplemental_public_metric_check,BRA,Brazil,2011,IRL,Ireland,2131.494689,45,CHN,China,87472.95997599998
goods_two_way_supplemental_public_metric_check,BRA,Brazil,2011,BLR,Belarus,1929.93028,46,CHN,China,87472.95997599998
goods_two_way_supplemental_public_metric_check,BRA,Brazil,2011,CUW,Curaçao,1645.563521,47,CHN,China,87472.95997599998
goods_two_way_supplemental_public_metric_check,BRA,Brazil,2011,VNM,Vietnam,1594.045899,48,CHN,China,87472.95997599998
goods_two_way_supplemental_public_metric_check,BRA,Brazil,2011,FIN,Finland,1541.7839669999998,49,CHN,China,87472.95997599998
goods_two_way_supplemental_public_metric_check,BRA,Brazil,2011,AGO,Angola,1500.057569,50,CHN,China,87472.95997599998
goods_two_way_supplemental_public_metric_check,BRA,Brazil,2011,BGD,Bangladesh,1401.6808620000002,51,CHN,China,87472.95997599998
goods_two_way_supplemental_public_metric_check,BRA,Brazil,2011,POL,Poland,1398.126252,52,CHN,China,87472.95997599998
goods_two_way_supplemental_public_metric_check,BRA,Brazil,2011,IRQ,Iraq,1316.3989980000001,53,CHN,China,87472.95997599998
goods_two_way_supplemental_public_metric_check,BRA,Brazil,2011,BHR,Bahrain,1278.8758559999997,54,CHN,China,87472.95997599998
goods_two_way_supplemental_public_metric_check,BRA,Brazil,2011,UKR,Ukraine,1271.864033,55,CHN,China,87472.95997599998
goods_two_way_supplemental_public_metric_check,BRA,Brazil,2011,ISR,Israel,1237.5857919999999,56,CHN,China,87472.95997599998
goods_two_way_supplemental_public_metric_check,BRA,Brazil,2011,IRN,Iran,1215.6101069999997,57,CHN,China,87472.95997599998
goods_two_way_supplemental_public_metric_check,BRA,Brazil,2011,ECU,Ecuador,1063.818536,58,CHN,China,87472.95997599998
goods_two_way_supplemental_public_metric_check,BRA,Brazil,2011,DNK,Denmark,1052.161646,59,CHN,China,87472.95997599998
goods_two_way_supplemental_public_metric_check,BRA,Brazil,2011,TTO,Trinidad & Tobago,958.8345489999999,60,CHN,China,87472.95997599998
goods_two_way_supplemental_public_metric_check,BRA,Brazil,2011,CZE,Czechia,912.6775040000001,61,CHN,China,87472.95997599998
goods_two_way_supplemental_public_metric_check,BRA,Brazil,2011,ROU,Romania,895.1364110000001,62,CHN,China,87472.95997599998
goods_two_way_supplemental_public_metric_check,BRA,Brazil,2011,PHL,Philippines,827.749528,63,CHN,China,87472.95997599998
goods_two_way_supplemental_public_metric_check,BRA,Brazil,2011,CRI,Costa Rica,806.813775,64,CHN,China,87472.95997599998
goods_two_way_supplemental_public_metric_check,BRA,Brazil,2011,KWT,Kuwait,768.761509,65,CHN,China,87472.95997599998
goods_two_way_supplemental_public_metric_check,BRA,Brazil,2011,CUB,Cuba,675.59358,66,CHN,China,87472.95997599998
goods_two_way_supplemental_public_metric_check,BRA,Brazil,2011,OMN,Oman,673.4023569999999,67,CHN,China,87472.95997599998
goods_two_way_supplemental_public_metric_check,BRA,Brazil,2011,GNQ,Equatorial Guinea,668.6617269999999,68,CHN,China,87472.95997599998
goods_two_way_supplemental_public_metric_check,BRA,Brazil,2011,QAT,Qatar,595.8278240000002,69,CHN,China,87472.95997599998
goods_two_way_supplemental_public_metric_check,BRA,Brazil,2011,TUN,Tunisia,568.024116,70,CHN,China,87472.95997599998
goods_two_way_supplemental_public_metric_check,BRA,Brazil,2011,HUN,Hungary,451.9590310000001,71,CHN,China,87472.95997599998
goods_two_way_supplemental_public_metric_check,BRA,Brazil,2011,DOM,Dominican Republic,440.3193200000001,72,CHN,China,87472.95997599998
goods_two_way_supplemental_public_metric_check,BRA,Brazil,2011,YEM,Yemen,438.37693900000005,73,CHN,China,87472.95997599998
goods_two_way_supplemental_public_metric_check,BRA,Brazil,2011,KAZ,Kazakhstan,431.892722,74,CHN,China,87472.95997599998
goods_two_way_supplemental_public_metric_check,BRA,Brazil,2011,COG,Congo - Brazzaville,421.38739000000015,75,CHN,China,87472.95997599998
goods_two_way_supplemental_public_metric_check,BRA,Brazil,2011,PAN,Panama,416.20763300000004,76,CHN,China,87472.95997599998
goods_two_way_supplemental_public_metric_check,BRA,Brazil,2011,SYR,Syria,412.26034300000003,77,CHN,China,87472.95997599998
goods_two_way_supplemental_public_metric_check,BRA,Brazil,2011,CYM,Cayman Islands,406.585696,78,CHN,China,87472.95997599998
goods_two_way_supplemental_public_metric_check,BRA,Brazil,2011,BGR,Bulgaria,342.196904,79,CHN,China,87472.95997599998
goods_two_way_supplemental_public_metric_check,BRA,Brazil,2011,JAM,Jamaica,328.7312970000001,80,CHN,China,87472.95997599998
goods_two_way_supplemental_public_metric_check,BRA,Brazil,2011,GHA,Ghana,321.57280699999995,81,CHN,China,87472.95997599998
goods_two_way_supplemental_public_metric_check,BRA,Brazil,2011,SVN,Slovenia,311.27354700000006,82,CHN,China,87472.95997599998
goods_two_way_supplemental_public_metric_check,BRA,Brazil,2011,LBN,Lebanon,309.15786899999995,83,CHN,China,87472.95997599998
goods_two_way_supplemental_public_metric_check,BRA,Brazil,2011,GRC,Greece,307.05663100000004,84,CHN,China,87472.95997599998
goods_two_way_supplemental_public_metric_check,BRA,Brazil,2011,GTM,Guatemala,298.7722360000001,85,CHN,China,87472.95997599998
goods_two_way_supplemental_public_metric_check,BRA,Brazil,2011,ISL,Iceland,290.8586,86,CHN,China,87472.95997599998
goods_two_way_supplemental_public_metric_check,BRA,Brazil,2011,ABW,Aruba,275.60569300000003,87,CHN,China,87472.95997599998
goods_two_way_supplemental_public_metric_check,BRA,Brazil,2011,SVK,Slovakia,267.65923000000004,88,CHN,China,87472.95997599998
goods_two_way_supplemental_public_metric_check,BRA,Brazil,2011,HRV,Croatia,256.508335,89,CHN,China,87472.95997599998
goods_two_way_supplemental_public_metric_check,BRA,Brazil,2011,PAK,Pakistan,256.23552800000004,90,CHN,China,87472.95997599998
goods_two_way_supplemental_public_metric_check,BRA,Brazil,2011,KEN,Kenya,252.34434099999999,91,CHN,China,87472.95997599998
goods_two_way_supplemental_public_metric_check,BRA,Brazil,2011,BIH,Bosnia & Herzegovina,240.300948,92,CHN,China,87472.95997599998
goods_two_way_supplemental_public_metric_check,BRA,Brazil,2011,SEN,Senegal,226.18328599999995,93,CHN,China,87472.95997599998
goods_two_way_supplemental_public_metric_check,BRA,Brazil,2011,SLV,El Salvador,221.20197499999995,94,CHN,China,87472.95997599998
goods_two_way_supplemental_public_metric_check,BRA,Brazil,2011,CIV,Côte d'Ivoire,214.83164700000003,95,CHN,China,87472.95997599998
goods_two_way_supplemental_public_metric_check,BRA,Brazil,2011,JOR,Jordan,210.449445,96,CHN,China,87472.95997599998
goods_two_way_supplemental_public_metric_check,BRA,Brazil,2011,NZL,New Zealand,194.07981099999995,97,CHN,China,87472.95997599998
goods_two_way_supplemental_public_metric_check,BRA,Brazil,2011,COD,Congo - Kinshasa,191.686913,98,CHN,China,87472.95997599998
goods_two_way_supplemental_public_metric_check,BRA,Brazil,2011,AZE,Azerbaijan,179.7494770000001,99,CHN,China,87472.95997599998
goods_two_way_supplemental_public_metric_check,BRA,Brazil,2011,LUX,Luxembourg,167.31965900000003,100,CHN,China,87472.95997599998
goods_two_way_supplemental_public_metric_check,BRA,Brazil,2011,CMR,Cameroon,160.54263999999998,101,CHN,China,87472.95997599998
goods_two_way_supplemental_public_metric_check,BRA,Brazil,2011,EST,Estonia,149.98059,102,CHN,China,87472.95997599998
goods_two_way_supplemental_public_metric_check,BRA,Brazil,2011,HTI,Haiti,136.268119,103,CHN,China,87472.95997599998
goods_two_way_supplemental_public_metric_check,BRA,Brazil,2011,NIC,Nicaragua,134.26311600000002,104,CHN,China,87472.95997599998
goods_two_way_supplemental_public_metric_check,BRA,Brazil,2011,GEO,Georgia,132.38744699999998,105,CHN,China,87472.95997599998
goods_two_way_supplemental_public_metric_check,BRA,Brazil,2011,SRB,Serbia,118.15112400000001,106,CHN,China,87472.95997599998
goods_two_way_supplemental_public_metric_check,BRA,Brazil,2011,BHS,Bahamas,117.17265499999998,107,CHN,China,87472.95997599998
goods_two_way_supplemental_public_metric_check,BRA,Brazil,2011,HND,Honduras,116.35714799999998,108,CHN,China,87472.95997599998
goods_two_way_supplemental_public_metric_check,BRA,Brazil,2011,MOZ,Mozambique,112.598296,109,CHN,China,87472.95997599998
goods_two_way_supplemental_public_metric_check,BRA,Brazil,2011,LBY,Libya,102.279028,110,CHN,China,87472.95997599998
goods_two_way_supplemental_public_metric_check,BRA,Brazil,2011,ETH,Ethiopia,87.160987,111,CHN,China,87472.95997599998
goods_two_way_supplemental_public_metric_check,BRA,Brazil,2011,MAC,Macao,86.81823500000002,112,CHN,China,87472.95997599998
goods_two_way_supplemental_public_metric_check,BRA,Brazil,2011,ARM,Armenia,83.50258600000001,113,CHN,China,87472.95997599998
goods_two_way_supplemental_public_metric_check,BRA,Brazil,2011,SLE,Sierra Leone,79.98169399999999,114,CHN,China,87472.95997599998
goods_two_way_supplemental_public_metric_check,BRA,Brazil,2011,LKA,Sri Lanka,78.733193,115,CHN,China,87472.95997599998
goods_two_way_supplemental_public_metric_check,BRA,Brazil,2011,MLI,Mali,76.126867,116,CHN,China,87472.95997599998
goods_two_way_supplemental_public_metric_check,BRA,Brazil,2011,MLT,Malta,71.946904,117,CHN,China,87472.95997599998
goods_two_way_supplemental_public_metric_check,BRA,Brazil,2011,MKD,North Macedonia,69.44660400000001,118,CHN,China,87472.95997599998
goods_two_way_supplemental_public_metric_check,BRA,Brazil,2011,PRK,North Korea,67.58082399999999,119,CHN,China,87472.95997599998
goods_two_way_supplemental_public_metric_check,BRA,Brazil,2011,BEN,Benin,67.29204100000001,120,CHN,China,87472.95997599998
goods_two_way_supplemental_public_metric_check,BRA,Brazil,2011,TZA,Tanzania,65.701736,121,CHN,China,87472.95997599998
goods_two_way_supplemental_public_metric_check,BRA,Brazil,2011,GIN,Guinea,64.57234600000001,122,CHN,China,87472.95997599998
goods_two_way_supplemental_public_metric_check,BRA,Brazil,2011,VGB,British Virgin Islands,61.100899999999996,123,CHN,China,87472.95997599998
goods_two_way_supplemental_public_metric_check,BRA,Brazil,2011,GMB,Gambia,60.58522,124,CHN,China,87472.95997599998
goods_two_way_supplemental_public_metric_check,BRA,Brazil,2011,LTU,Lithuania,58.01018500000001,125,CHN,China,87472.95997599998
goods_two_way_supplemental_public_metric_check,BRA,Brazil,2011,SUR,Suriname,57.89301900000001,126,CHN,China,87472.95997599998
goods_two_way_supplemental_public_metric_check,BRA,Brazil,2011,TGO,Togo,51.37560000000001,127,CHN,China,87472.95997599998
goods_two_way_supplemental_public_metric_check,BRA,Brazil,2011,LBR,Liberia,50.532497000000006,128,CHN,China,87472.95997599998
goods_two_way_supplemental_public_metric_check,BRA,Brazil,2011,ZWE,Zimbabwe,46.208157,129,CHN,China,87472.95997599998
goods_two_way_supplemental_public_metric_check,BRA,Brazil,2011,UGA,Uganda,45.53959700000001,130,CHN,China,87472.95997599998
goods_two_way_supplemental_public_metric_check,BRA,Brazil,2011,MUS,Mauritius,45.07241,131,CHN,China,87472.95997599998
goods_two_way_supplemental_public_metric_check,BRA,Brazil,2011,ALB,Albania,44.43855200000001,132,CHN,China,87472.95997599998
goods_two_way_supplemental_public_metric_check,BRA,Brazil,2011,BFA,Burkina Faso,42.377581,133,CHN,China,87472.95997599998
goods_two_way_supplemental_public_metric_check,BRA,Brazil,2011,GAB,Gabon,40.92211399999999,134,CHN,China,87472.95997599998
goods_two_way_supplemental_public_metric_check,BRA,Brazil,2011,MRT,Mauritania,38.03966899999998,135,CHN,China,87472.95997599998
goods_two_way_supplemental_public_metric_check,BRA,Brazil,2011,CPV,Cape Verde,36.91415899999999,136,CHN,China,87472.95997599998
goods_two_way_supplemental_public_metric_check,BRA,Brazil,2011,NER,Niger,36.587635,137,CHN,China,87472.95997599998
goods_two_way_supplemental_public_metric_check,BRA,Brazil,2011,MNE,Montenegro,34.99170300000001,138,CHN,China,87472.95997599998
goods_two_way_supplemental_public_metric_check,BRA,Brazil,2011,MDG,Madagascar,34.656518999999996,139,CHN,China,87472.95997599998
goods_two_way_supplemental_public_metric_check,BRA,Brazil,2011,SWZ,Eswatini,31.750009999999996,140,CHN,China,87472.95997599998
goods_two_way_supplemental_public_metric_check,BRA,Brazil,2011,NAM,Namibia,28.946512999999992,141,CHN,China,87472.95997599998
goods_two_way_supplemental_public_metric_check,BRA,Brazil,2011,LVA,Latvia,27.763110000000005,142,CHN,China,87472.95997599998
goods_two_way_supplemental_public_metric_check,BRA,Brazil,2011,GUY,Guyana,25.450150999999998,143,CHN,China,87472.95997599998
goods_two_way_supplemental_public_metric_check,BRA,Brazil,2011,BRB,Barbados,23.398802000000003,144,CHN,China,87472.95997599998
goods_two_way_supplemental_public_metric_check,BRA,Brazil,2011,DJI,Djibouti,22.924954000000003,145,CHN,China,87472.95997599998
goods_two_way_supplemental_public_metric_check,BRA,Brazil,2011,CYP,Cyprus,22.49435200000001,146,CHN,China,87472.95997599998
goods_two_way_supplemental_public_metric_check,BRA,Brazil,2011,GNB,Guinea-Bissau,22.010600000000004,147,CHN,China,87472.95997599998
goods_two_way_supplemental_public_metric_check,BRA,Brazil,2011,KHM,Cambodia,21.506217999999997,148,CHN,China,87472.95997599998
goods_two_way_supplemental_public_metric_check,BRA,Brazil,2011,MMR,Myanmar (Burma),21.431026999999997,149,CHN,China,87472.95997599998
goods_two_way_supplemental_public_metric_check,BRA,Brazil,2011,BRN,Brunei,21.051726,150,CHN,China,87472.95997599998
goods_two_way_supplemental_public_metric_check,BRA,Brazil,2011,NPL,Nepal,20.809727000000002,151,CHN,China,87472.95997599998
goods_two_way_supplemental_public_metric_check,BRA,Brazil,2011,MDA,Moldova,19.551311000000005,152,CHN,China,87472.95997599998
goods_two_way_supplemental_public_metric_check,BRA,Brazil,2011,PSE,Palestine,17.394679999999997,153,CHN,China,87472.95997599998
goods_two_way_supplemental_public_metric_check,BRA,Brazil,2011,AFG,Afghanistan,15.864554000000002,154,CHN,China,87472.95997599998
goods_two_way_supplemental_public_metric_check,BRA,Brazil,2011,SYC,Seychelles,15.32601,155,CHN,China,87472.95997599998
goods_two_way_supplemental_public_metric_check,BRA,Brazil,2011,NCL,New Caledonia,12.185084,156,CHN,China,87472.95997599998
goods_two_way_supplemental_public_metric_check,BRA,Brazil,2011,TJK,Tajikistan,11.758425,157,CHN,China,87472.95997599998
goods_two_way_supplemental_public_metric_check,BRA,Brazil,2011,UZB,Uzbekistan,11.065586000000001,158,CHN,China,87472.95997599998
goods_two_way_supplemental_public_metric_check,BRA,Brazil,2011,SDN,Sudan,10.712000000000002,159,CHN,China,87472.95997599998
goods_two_way_supplemental_public_metric_check,BRA,Brazil,2011,ERI,Eritrea,10.551066,160,CHN,China,87472.95997599998
goods_two_way_supplemental_public_metric_check,BRA,Brazil,2011,GRD,Grenada,10.119608000000001,161,CHN,China,87472.95997599998
goods_two_way_supplemental_public_metric_check,BRA,Brazil,2011,ZMB,Zambia,10.039075,162,CHN,China,87472.95997599998
goods_two_way_supplemental_public_metric_check,BRA,Brazil,2011,MDV,Maldives,9.298279,163,CHN,China,87472.95997599998
goods_two_way_supplemental_public_metric_check,BRA,Brazil,2011,TKM,Turkmenistan,7.505003000000001,164,CHN,China,87472.95997599998
goods_two_way_supplemental_public_metric_check,BRA,Brazil,2011,MHL,Marshall Islands,7.209836999999999,165,CHN,China,87472.95997599998
goods_two_way_supplemental_public_metric_check,BRA,Brazil,2011,RWA,Rwanda,6.59924,166,CHN,China,87472.95997599998
goods_two_way_supplemental_public_metric_check,BRA,Brazil,2011,SOM,Somalia,6.48723,167,CHN,China,87472.95997599998
goods_two_way_supplemental_public_metric_check,BRA,Brazil,2011,PNG,Papua New Guinea,6.070483000000001,168,CHN,China,87472.95997599998
goods_two_way_supplemental_public_metric_check,BRA,Brazil,2011,SMR,San Marino,5.963255,169,CHN,China,87472.95997599998
goods_two_way_supplemental_public_metric_check,BRA,Brazil,2011,WSM,Samoa,5.756981,170,CHN,China,87472.95997599998
goods_two_way_supplemental_public_metric_check,BRA,Brazil,2011,MNG,Mongolia,5.561773,171,CHN,China,87472.95997599998
goods_two_way_supplemental_public_metric_check,BRA,Brazil,2011,MWI,Malawi,5.330715999999999,172,CHN,China,87472.95997599998
goods_two_way_supplemental_public_metric_check,BRA,Brazil,2011,ATG,Antigua & Barbuda,4.883029999999999,173,CHN,China,87472.95997599998
goods_two_way_supplemental_public_metric_check,BRA,Brazil,2011,VCT,St. Vincent & Grenadines,3.4375250000000004,174,CHN,China,87472.95997599998
goods_two_way_supplemental_public_metric_check,BRA,Brazil,2011,KNA,St. Kitts & Nevis,3.284296,175,CHN,China,87472.95997599998
goods_two_way_supplemental_public_metric_check,BRA,Brazil,2011,LAO,Laos,3.104336,176,CHN,China,87472.95997599998
goods_two_way_supplemental_public_metric_check,BRA,Brazil,2011,BLZ,Belize,3.000739999999999,177,CHN,China,87472.95997599998
goods_two_way_supplemental_public_metric_check,BRA,Brazil,2011,KGZ,Kyrgyzstan,2.8949370000000005,178,CHN,China,87472.95997599998
goods_two_way_supplemental_public_metric_check,BRA,Brazil,2011,DMA,Dominica,2.830196,179,CHN,China,87472.95997599998
goods_two_way_supplemental_public_metric_check,BRA,Brazil,2011,PYF,French Polynesia,2.7741269999999987,180,CHN,China,87472.95997599998
goods_two_way_supplemental_public_metric_check,BRA,Brazil,2011,AND,Andorra,2.747522,181,CHN,China,87472.95997599998
goods_two_way_supplemental_public_metric_check,BRA,Brazil,2011,CAF,Central African Republic,2.7282420000000003,182,CHN,China,87472.95997599998
goods_two_way_supplemental_public_metric_check,BRA,Brazil,2011,TCD,Chad,2.5268680000000003,183,CHN,China,87472.95997599998
goods_two_way_supplemental_public_metric_check,BRA,Brazil,2011,FSM,Micronesia (Federated States of),1.922973,184,CHN,China,87472.95997599998
goods_two_way_supplemental_public_metric_check,BRA,Brazil,2011,TON,Tonga,1.447265,185,CHN,China,87472.95997599998
goods_two_way_supplemental_public_metric_check,BRA,Brazil,2011,STP,São Tomé & Príncipe,1.397528,186,CHN,China,87472.95997599998
goods_two_way_supplemental_public_metric_check,BRA,Brazil,2011,BMU,Bermuda,1.183244,187,CHN,China,87472.95997599998
goods_two_way_supplemental_public_metric_check,BRA,Brazil,2011,BWA,Botswana,1.156167,188,CHN,China,87472.95997599998
goods_two_way_supplemental_public_metric_check,BRA,Brazil,2011,FJI,Fiji,0.9343819999999999,189,CHN,China,87472.95997599998
goods_two_way_supplemental_public_metric_check,BRA,Brazil,2011,NFK,Norfolk Island,0.876993,190,CHN,China,87472.95997599998
goods_two_way_supplemental_public_metric_check,BRA,Brazil,2011,TCA,Turks & Caicos Islands,0.5773910000000001,191,CHN,China,87472.95997599998
goods_two_way_supplemental_public_metric_check,BRA,Brazil,2011,COK,Cook Islands,0.550189,192,CHN,China,87472.95997599998
goods_two_way_supplemental_public_metric_check,BRA,Brazil,2011,GRL,Greenland,0.5208689999999999,193,CHN,China,87472.95997599998
goods_two_way_supplemental_public_metric_check,BRA,Brazil,2011,BDI,Burundi,0.48646800000000007,194,CHN,China,87472.95997599998
goods_two_way_supplemental_public_metric_check,BRA,Brazil,2011,KIR,Kiribati,0.405158,195,CHN,China,87472.95997599998
goods_two_way_supplemental_public_metric_check,BRA,Brazil,2011,GIB,Gibraltar,0.345479,196,CHN,China,87472.95997599998
goods_two_way_supplemental_public_metric_check,BRA,Brazil,2011,COM,Comoros,0.343279,197,CHN,China,87472.95997599998
goods_two_way_supplemental_public_metric_check,BRA,Brazil,2011,AIA,Anguilla,0.3058850000000001,198,CHN,China,87472.95997599998
goods_two_way_supplemental_public_metric_check,BRA,Brazil,2011,TKL,Tokelau,0.296546,199,CHN,China,87472.95997599998
goods_two_way_supplemental_public_metric_check,BRA,Brazil,2011,FRO,Faroe Islands,0.285653,200,CHN,China,87472.95997599998
goods_two_way_supplemental_public_metric_check,BRA,Brazil,2011,UMI,United States Minor Outlying Islands (the),0.274587,201,CHN,China,87472.95997599998
goods_two_way_supplemental_public_metric_check,BRA,Brazil,2011,SLB,Solomon Islands,0.273042,202,CHN,China,87472.95997599998
goods_two_way_supplemental_public_metric_check,BRA,Brazil,2011,VUT,Vanuatu,0.18076499999999998,203,CHN,China,87472.95997599998
goods_two_way_supplemental_public_metric_check,BRA,Brazil,2011,ASM,American Samoa,0.148669,204,CHN,China,87472.95997599998
goods_two_way_supplemental_public_metric_check,BRA,Brazil,2011,CXR,Christmas Island,0.08269,205,CHN,China,87472.95997599998
goods_two_way_supplemental_public_metric_check,BRA,Brazil,2011,LSO,Lesotho,0.051469,206,CHN,China,87472.95997599998
goods_two_way_supplemental_public_metric_check,BRA,Brazil,2011,MSR,Montserrat,0.04810999999999999,207,CHN,China,87472.95997599998
goods_two_way_supplemental_public_metric_check,BRA,Brazil,2011,FLK,Falkland Islands,0.044725,208,CHN,China,87472.95997599998
goods_two_way_supplemental_public_metric_check,BRA,Brazil,2011,NIU,Niue,0.042217,209,CHN,China,87472.95997599998
goods_two_way_supplemental_public_metric_check,BRA,Brazil,2011,PCN,Pitcairn Islands,0.012507,210,CHN,China,87472.95997599998
goods_two_way_supplemental_public_metric_check,BRA,Brazil,2011,VAT,Vatican City,0.011114,211,CHN,China,87472.95997599998
goods_two_way_supplemental_public_metric_check,BRA,Brazil,2011,NRU,Nauru,0.008636999999999999,212,CHN,China,87472.95997599998
goods_two_way_supplemental_public_metric_check,BRA,Brazil,2011,MNP,Northern Mariana Islands,0.006496,213,CHN,China,87472.95997599998
goods_two_way_supplemental_public_metric_check,BRA,Brazil,2011,CCK,Cocos (Keeling) Islands,0.003273,214,CHN,China,87472.95997599998
goods_two_way_supplemental_public_metric_check,BRA,Brazil,2011,TLS,Timor-Leste,0.003,215,CHN,China,87472.95997599998
goods_two_way_supplemental_public_metric_check,BRA,Brazil,2011,WLF,Wallis & Futuna,0.002188,216,CHN,China,87472.95997599998
goods_two_way_supplemental_public_metric_check,BRA,Brazil,2011,PLW,Palau,0.001361,217,CHN,China,87472.95997599998
goods_two_way_supplemental_public_metric_check,BRA,Brazil,2011,SHN,St. Helena,0.001222,218,CHN,China,87472.95997599998
goods_two_way_supplemental_public_metric_check,BRA,Brazil,2011,GUM,Guam,3.37e-4,219,CHN,China,87472.95997599998
goods_two_way_supplemental_public_metric_check,BRA,Brazil,2011,BTN,Bhutan,1.69e-4,220,CHN,China,87472.95997599998
goods_two_way_supplemental_public_metric_check,BRA,Brazil,2011,TUV,Tuvalu,3.4e-5,221,CHN,China,87472.95997599998
goods_two_way_supplemental_public_metric_check,BRA,Brazil,2012,CHN,China,88802.88852400001,1,CHN,China,88802.88852400001
goods_two_way_supplemental_public_metric_check,BRA,Brazil,2012,USA,United States,65444.959596999994,2,CHN,China,88802.88852400001
goods_two_way_supplemental_public_metric_check,BRA,Brazil,2012,ARG,Argentina,34666.880553,3,CHN,China,88802.88852400001
goods_two_way_supplemental_public_metric_check,BRA,Brazil,2012,DEU,Germany,27583.465349,4,CHN,China,88802.88852400001
goods_two_way_supplemental_public_metric_check,BRA,Brazil,2012,JPN,Japan,19931.995759999998,5,CHN,China,88802.88852400001
goods_two_way_supplemental_public_metric_check,BRA,Brazil,2012,KOR,South Korea,15716.668753999998,6,CHN,China,88802.88852400001
goods_two_way_supplemental_public_metric_check,BRA,Brazil,2012,FRA,France,11438.652449,7,CHN,China,88802.88852400001
goods_two_way_supplemental_public_metric_check,BRA,Brazil,2012,NGA,Nigeria,11187.948989,8,CHN,China,88802.88852400001
goods_two_way_supplemental_public_metric_check,BRA,Brazil,2012,ITA,Italy,10852.36463,9,CHN,China,88802.88852400001
goods_two_way_supplemental_public_metric_check,BRA,Brazil,2012,MEX,Mexico,10626.224952999997,10,CHN,China,88802.88852400001
goods_two_way_supplemental_public_metric_check,BRA,Brazil,2012,IND,India,10570.985841999998,11,CHN,China,88802.88852400001
goods_two_way_supplemental_public_metric_check,BRA,Brazil,2012,NLD,Netherlands,10428.274849000001,12,CHN,China,88802.88852400001
goods_two_way_supplemental_public_metric_check,BRA,Brazil,2012,CHL,Chile,9312.407241,13,CHN,China,88802.88852400001
goods_two_way_supplemental_public_metric_check,BRA,Brazil,2012,ESP,Spain,8035.451382000001,14,CHN,China,88802.88852400001
goods_two_way_supplemental_public_metric_check,BRA,Brazil,2012,GBR,United Kingdom,7295.757036,15,CHN,China,88802.88852400001
goods_two_way_supplemental_public_metric_check,BRA,Brazil,2012,CAN,Canada,7236.216205,16,CHN,China,88802.88852400001
goods_two_way_supplemental_public_metric_check,BRA,Brazil,2012,SAU,Saudi Arabia,6436.435215,17,CHN,China,88802.88852400001
goods_two_way_supplemental_public_metric_check,BRA,Brazil,2012,RUS,Russia,6354.885263,18,CHN,China,88802.88852400001
goods_two_way_supplemental_public_metric_check,BRA,Brazil,2012,TWN,Taiwan,6343.02585,19,CHN,China,88802.88852400001
goods_two_way_supplemental_public_metric_check,BRA,Brazil,2012,VEN,Venezuela,6100.401814000001,20,CHN,China,88802.88852400001
goods_two_way_supplemental_public_metric_check,BRA,Brazil,2012,PRY,Paraguay,5597.321728,21,CHN,China,88802.88852400001
goods_two_way_supplemental_public_metric_check,BRA,Brazil,2012,BOL,Bolivia,5217.954169000001,22,CHN,China,88802.88852400001
goods_two_way_supplemental_public_metric_check,BRA,Brazil,2012,THA,Thailand,5116.0630869999995,23,CHN,China,88802.88852400001
goods_two_way_supplemental_public_metric_check,BRA,Brazil,2012,CHE,Switzerland,4998.963572999999,24,CHN,China,88802.88852400001
goods_two_way_supplemental_public_metric_check,BRA,Brazil,2012,DZA,Algeria,4637.220961999999,25,CHN,China,88802.88852400001
goods_two_way_supplemental_public_metric_check,BRA,Brazil,2012,BEL,Belgium,4317.391439,26,CHN,China,88802.88852400001
goods_two_way_supplemental_public_metric_check,BRA,Brazil,2012,COL,Colombia,4133.7137379999995,27,CHN,China,88802.88852400001
goods_two_way_supplemental_public_metric_check,BRA,Brazil,2012,URY,Uruguay,4068.473165,28,CHN,China,88802.88852400001
goods_two_way_supplemental_public_metric_check,BRA,Brazil,2012,PER,Peru,3951.450823000001,29,CHN,China,88802.88852400001
goods_two_way_supplemental_public_metric_check,BRA,Brazil,2012,MYS,Malaysia,3951.323294,30,CHN,China,88802.88852400001
goods_two_way_supplemental_public_metric_check,BRA,Brazil,2012,IDN,Indonesia,3773.299973,31,CHN,China,88802.88852400001
goods_two_way_supplemental_public_metric_check,BRA,Brazil,2012,HKG,Hong Kong,3737.9660620000004,32,CHN,China,88802.88852400001
goods_two_way_supplemental_public_metric_check,BRA,Brazil,2012,EGY,Egypt,3023.9971160000005,33,CHN,China,88802.88852400001
goods_two_way_supplemental_public_metric_check,BRA,Brazil,2012,TUR,Turkey,2834.0326719999994,34,CHN,China,88802.88852400001
goods_two_way_supplemental_public_metric_check,BRA,Brazil,2012,PRT,Portugal,2815.606996,35,CHN,China,88802.88852400001
goods_two_way_supplemental_public_metric_check,BRA,Brazil,2012,ARE,United Arab Emirates,2773.9991789999995,36,CHN,China,88802.88852400001
goods_two_way_supplemental_public_metric_check,BRA,Brazil,2012,SWE,Sweden,2690.770912,37,CHN,China,88802.88852400001
goods_two_way_supplemental_public_metric_check,BRA,Brazil,2012,SGP,Singapore,2637.702091,38,CHN,China,88802.88852400001
goods_two_way_supplemental_public_metric_check,BRA,Brazil,2012,NOR,Norway,2373.6321120000002,39,CHN,China,88802.88852400001
goods_two_way_supplemental_public_metric_check,BRA,Brazil,2012,MAR,Morocco,2321.213372,40,CHN,China,88802.88852400001
goods_two_way_supplemental_public_metric_check,BRA,Brazil,2012,ZAF,South Africa,2245.3757839999994,41,CHN,China,88802.88852400001
goods_two_way_supplemental_public_metric_check,BRA,Brazil,2012,IRN,Iran,2203.209542,42,CHN,China,88802.88852400001
goods_two_way_supplemental_public_metric_check,BRA,Brazil,2012,IRL,Ireland,2136.9931389999992,43,CHN,China,88802.88852400001
goods_two_way_supplemental_public_metric_check,BRA,Brazil,2012,AUT,Austria,2074.767582,44,CHN,China,88802.88852400001
goods_two_way_supplemental_public_metric_check,BRA,Brazil,2012,AUS,Australia,2016.5192470000002,45,CHN,China,88802.88852400001
goods_two_way_supplemental_public_metric_check,BRA,Brazil,2012,CUW,Curaçao,1955.197092,46,CHN,China,88802.88852400001
goods_two_way_supplemental_public_metric_check,BRA,Brazil,2012,VNM,Vietnam,1857.155538,47,CHN,China,88802.88852400001
goods_two_way_supplemental_public_metric_check,BRA,Brazil,2012,FIN,Finland,1841.665248,48,CHN,China,88802.88852400001
goods_two_way_supplemental_public_metric_check,BRA,Brazil,2012,AGO,Angola,1831.9764539999992,49,CHN,China,88802.88852400001
goods_two_way_supplemental_public_metric_check,BRA,Brazil,2012,QAT,Qatar,1764.0532649999998,50,CHN,China,88802.88852400001
goods_two_way_supplemental_public_metric_check,BRA,Brazil,2012,POL,Poland,1468.0841309999996,51,CHN,China,88802.88852400001
goods_two_way_supplemental_public_metric_check,BRA,Brazil,2012,ISR,Israel,1387.902156,52,CHN,China,88802.88852400001
goods_two_way_supplemental_public_metric_check,BRA,Brazil,2012,TTO,Trinidad & Tobago,1311.159114,53,CHN,China,88802.88852400001
goods_two_way_supplemental_public_metric_check,BRA,Brazil,2012,KWT,Kuwait,1310.1707079999999,54,CHN,China,88802.88852400001
goods_two_way_supplemental_public_metric_check,BRA,Brazil,2012,IRQ,Iraq,1284.3883300000002,55,CHN,China,88802.88852400001
goods_two_way_supplemental_public_metric_check,BRA,Brazil,2012,LCA,St. Lucia,1253.8484899999999,56,CHN,China,88802.88852400001
goods_two_way_supplemental_public_metric_check,BRA,Brazil,2012,OMN,Oman,1198.2222020000004,57,CHN,China,88802.88852400001
goods_two_way_supplemental_public_metric_check,BRA,Brazil,2012,BLR,Belarus,1091.6382330000001,58,CHN,China,88802.88852400001
goods_two_way_supplemental_public_metric_check,BRA,Brazil,2012,ECU,Ecuador,1077.542411,59,CHN,China,88802.88852400001
goods_two_way_supplemental_public_metric_check,BRA,Brazil,2012,DNK,Denmark,1054.6898999999999,60,CHN,China,88802.88852400001
goods_two_way_supplemental_public_metric_check,BRA,Brazil,2012,BGD,Bangladesh,1041.7718399999997,61,CHN,China,88802.88852400001
goods_two_way_supplemental_public_metric_check,BRA,Brazil,2012,UKR,Ukraine,1003.6814810000001,62,CHN,China,88802.88852400001
goods_two_way_supplemental_public_metric_check,BRA,Brazil,2012,CRI,Costa Rica,935.5464199999999,63,CHN,China,88802.88852400001
goods_two_way_supplemental_public_metric_check,BRA,Brazil,2012,CZE,Czechia,909.7006480000002,64,CHN,China,88802.88852400001
goods_two_way_supplemental_public_metric_check,BRA,Brazil,2012,ROU,Romania,775.9190130000002,65,CHN,China,88802.88852400001
goods_two_way_supplemental_public_metric_check,BRA,Brazil,2012,CUB,Cuba,730.982669,66,CHN,China,88802.88852400001
goods_two_way_supplemental_public_metric_check,BRA,Brazil,2012,BHR,Bahrain,696.4685599999998,67,CHN,China,88802.88852400001
goods_two_way_supplemental_public_metric_check,BRA,Brazil,2012,PHL,Philippines,522.225293,68,CHN,China,88802.88852400001
goods_two_way_supplemental_public_metric_check,BRA,Brazil,2012,HUN,Hungary,516.116719,69,CHN,China,88802.88852400001
goods_two_way_supplemental_public_metric_check,BRA,Brazil,2012,DOM,Dominican Republic,511.0382380000001,70,CHN,China,88802.88852400001
goods_two_way_supplemental_public_metric_check,BRA,Brazil,2012,TUN,Tunisia,503.129105,71,CHN,China,88802.88852400001
goods_two_way_supplemental_public_metric_check,BRA,Brazil,2012,COG,Congo - Brazzaville,490.2864480000001,72,CHN,China,88802.88852400001
goods_two_way_supplemental_public_metric_check,BRA,Brazil,2012,LBY,Libya,422.82928499999997,73,CHN,China,88802.88852400001
goods_two_way_supplemental_public_metric_check,BRA,Brazil,2012,YEM,Yemen,420.25824500000004,74,CHN,China,88802.88852400001
goods_two_way_supplemental_public_metric_check,BRA,Brazil,2012,KAZ,Kazakhstan,391.64425199999994,75,CHN,China,88802.88852400001
goods_two_way_supplemental_public_metric_check,BRA,Brazil,2012,PAN,Panama,355.70604699999996,76,CHN,China,88802.88852400001
goods_two_way_supplemental_public_metric_check,BRA,Brazil,2012,MOZ,Mozambique,340.36770300000006,77,CHN,China,88802.88852400001
goods_two_way_supplemental_public_metric_check,BRA,Brazil,2012,CIV,Côte d'Ivoire,335.261975,78,CHN,China,88802.88852400001
goods_two_way_supplemental_public_metric_check,BRA,Brazil,2012,ISL,Iceland,333.3227119999999,79,CHN,China,88802.88852400001
goods_two_way_supplemental_public_metric_check,BRA,Brazil,2012,LBN,Lebanon,317.6576509999999,80,CHN,China,88802.88852400001
goods_two_way_supplemental_public_metric_check,BRA,Brazil,2012,SVN,Slovenia,300.260317,81,CHN,China,88802.88852400001
goods_two_way_supplemental_public_metric_check,BRA,Brazil,2012,BGR,Bulgaria,299.362484,82,CHN,China,88802.88852400001
goods_two_way_supplemental_public_metric_check,BRA,Brazil,2012,PAK,Pakistan,293.712586,83,CHN,China,88802.88852400001
goods_two_way_supplemental_public_metric_check,BRA,Brazil,2012,KEN,Kenya,290.71557099999995,84,CHN,China,88802.88852400001
goods_two_way_supplemental_public_metric_check,BRA,Brazil,2012,GNQ,Equatorial Guinea,285.291436,85,CHN,China,88802.88852400001
goods_two_way_supplemental_public_metric_check,BRA,Brazil,2012,GHA,Ghana,281.969808,86,CHN,China,88802.88852400001
goods_two_way_supplemental_public_metric_check,BRA,Brazil,2012,JOR,Jordan,266.7203449999999,87,CHN,China,88802.88852400001
goods_two_way_supplemental_public_metric_check,BRA,Brazil,2012,GTM,Guatemala,262.99119099999996,88,CHN,China,88802.88852400001
goods_two_way_supplemental_public_metric_check,BRA,Brazil,2012,HRV,Croatia,261.772963,89,CHN,China,88802.88852400001
goods_two_way_supplemental_public_metric_check,BRA,Brazil,2012,JAM,Jamaica,260.327015,90,CHN,China,88802.88852400001
goods_two_way_supplemental_public_metric_check,BRA,Brazil,2012,SVK,Slovakia,239.47801400000003,91,CHN,China,88802.88852400001
goods_two_way_supplemental_public_metric_check,BRA,Brazil,2012,SLV,El Salvador,238.0621439999999,92,CHN,China,88802.88852400001
goods_two_way_supplemental_public_metric_check,BRA,Brazil,2012,BHS,Bahamas,196.80205600000005,93,CHN,China,88802.88852400001
goods_two_way_supplemental_public_metric_check,BRA,Brazil,2012,AZE,Azerbaijan,184.91714400000004,94,CHN,China,88802.88852400001
goods_two_way_supplemental_public_metric_check,BRA,Brazil,2012,BIH,Bosnia & Herzegovina,183.64753400000004,95,CHN,China,88802.88852400001
goods_two_way_supplemental_public_metric_check,BRA,Brazil,2012,GRC,Greece,181.20303199999998,96,CHN,China,88802.88852400001
goods_two_way_supplemental_public_metric_check,BRA,Brazil,2012,SEN,Senegal,160.01350100000008,97,CHN,China,88802.88852400001
goods_two_way_supplemental_public_metric_check,BRA,Brazil,2012,NZL,New Zealand,156.074882,98,CHN,China,88802.88852400001
goods_two_way_supplemental_public_metric_check,BRA,Brazil,2012,LKA,Sri Lanka,155.886791,99,CHN,China,88802.88852400001
goods_two_way_supplemental_public_metric_check,BRA,Brazil,2012,EST,Estonia,149.879732,100,CHN,China,88802.88852400001
goods_two_way_supplemental_public_metric_check,BRA,Brazil,2012,ETH,Ethiopia,144.75657800000002,101,CHN,China,88802.88852400001
goods_two_way_supplemental_public_metric_check,BRA,Brazil,2012,GEO,Georgia,143.25601099999997,102,CHN,China,88802.88852400001
goods_two_way_supplemental_public_metric_check,BRA,Brazil,2012,HND,Honduras,140.567299,103,CHN,China,88802.88852400001
goods_two_way_supplemental_public_metric_check,BRA,Brazil,2012,LUX,Luxembourg,138.01556499999998,104,CHN,China,88802.88852400001
goods_two_way_supplemental_public_metric_check,BRA,Brazil,2012,NIC,Nicaragua,133.07548699999998,105,CHN,China,88802.88852400001
goods_two_way_supplemental_public_metric_check,BRA,Brazil,2012,SRB,Serbia,118.182458,106,CHN,China,88802.88852400001
goods_two_way_supplemental_public_metric_check,BRA,Brazil,2012,BEN,Benin,118.01640400000002,107,CHN,China,88802.88852400001
goods_two_way_supplemental_public_metric_check,BRA,Brazil,2012,CMR,Cameroon,114.32690100000002,108,CHN,China,88802.88852400001
goods_two_way_supplemental_public_metric_check,BRA,Brazil,2012,CYP,Cyprus,113.66112800000002,109,CHN,China,88802.88852400001
goods_two_way_supplemental_public_metric_check,BRA,Brazil,2012,ABW,Aruba,98.265877,110,CHN,China,88802.88852400001
goods_two_way_supplemental_public_metric_check,BRA,Brazil,2012,SDN,Sudan,96.171935,111,CHN,China,88802.88852400001
goods_two_way_supplemental_public_metric_check,BRA,Brazil,2012,MRT,Mauritania,95.707965,112,CHN,China,88802.88852400001
goods_two_way_supplemental_public_metric_check,BRA,Brazil,2012,CYM,Cayman Islands,95.21427200000002,113,CHN,China,88802.88852400001
goods_two_way_supplemental_public_metric_check,BRA,Brazil,2012,SYR,Syria,94.889669,114,CHN,China,88802.88852400001
goods_two_way_supplemental_public_metric_check,BRA,Brazil,2012,SLE,Sierra Leone,93.363592,115,CHN,China,88802.88852400001
goods_two_way_supplemental_public_metric_check,BRA,Brazil,2012,ARM,Armenia,93.06578499999998,116,CHN,China,88802.88852400001
goods_two_way_supplemental_public_metric_check,BRA,Brazil,2012,NER,Niger,88.70433299999999,117,CHN,China,88802.88852400001
goods_two_way_supplemental_public_metric_check,BRA,Brazil,2012,SUR,Suriname,76.095841,118,CHN,China,88802.88852400001
goods_two_way_supplemental_public_metric_check,BRA,Brazil,2012,MLT,Malta,75.862709,119,CHN,China,88802.88852400001
goods_two_way_supplemental_public_metric_check,BRA,Brazil,2012,LTU,Lithuania,69.89952200000002,120,CHN,China,88802.88852400001
goods_two_way_supplemental_public_metric_check,BRA,Brazil,2012,MKD,North Macedonia,66.267756,121,CHN,China,88802.88852400001
goods_two_way_supplemental_public_metric_check,BRA,Brazil,2012,GIN,Guinea,65.884065,122,CHN,China,88802.88852400001
goods_two_way_supplemental_public_metric_check,BRA,Brazil,2012,COD,Congo - Kinshasa,64.096275,123,CHN,China,88802.88852400001
goods_two_way_supplemental_public_metric_check,BRA,Brazil,2012,TZA,Tanzania,59.59619399999998,124,CHN,China,88802.88852400001
goods_two_way_supplemental_public_metric_check,BRA,Brazil,2012,MLI,Mali,59.41222199999999,125,CHN,China,88802.88852400001
goods_two_way_supplemental_public_metric_check,BRA,Brazil,2012,NPL,Nepal,57.123168,126,CHN,China,88802.88852400001
goods_two_way_supplemental_public_metric_check,BRA,Brazil,2012,HTI,Haiti,55.00960999999999,127,CHN,China,88802.88852400001
goods_two_way_supplemental_public_metric_check,BRA,Brazil,2012,GAB,Gabon,54.067457,128,CHN,China,88802.88852400001
goods_two_way_supplemental_public_metric_check,BRA,Brazil,2012,MUS,Mauritius,53.17083299999998,129,CHN,China,88802.88852400001
goods_two_way_supplemental_public_metric_check,BRA,Brazil,2012,DJI,Djibouti,52.441481,130,CHN,China,88802.88852400001
goods_two_way_supplemental_public_metric_check,BRA,Brazil,2012,MAC,Macao,48.56121099999999,131,CHN,China,88802.88852400001
goods_two_way_supplemental_public_metric_check,BRA,Brazil,2012,PRK,North Korea,47.20580600000001,132,CHN,China,88802.88852400001
goods_two_way_supplemental_public_metric_check,BRA,Brazil,2012,ALB,Albania,47.004791000000004,133,CHN,China,88802.88852400001
goods_two_way_supplemental_public_metric_check,BRA,Brazil,2012,UGA,Uganda,46.09126100000001,134,CHN,China,88802.88852400001
goods_two_way_supplemental_public_metric_check,BRA,Brazil,2012,LBR,Liberia,39.861451,135,CHN,China,88802.88852400001
goods_two_way_supplemental_public_metric_check,BRA,Brazil,2012,GMB,Gambia,38.40203399999999,136,CHN,China,88802.88852400001
goods_two_way_supplemental_public_metric_check,BRA,Brazil,2012,CPV,Cape Verde,32.58167000000002,137,CHN,China,88802.88852400001
goods_two_way_supplemental_public_metric_check,BRA,Brazil,2012,BFA,Burkina Faso,30.611659999999997,138,CHN,China,88802.88852400001
goods_two_way_supplemental_public_metric_check,BRA,Brazil,2012,MDA,Moldova,30.208265000000004,139,CHN,China,88802.88852400001
goods_two_way_supplemental_public_metric_check,BRA,Brazil,2012,TGO,Togo,29.359696,140,CHN,China,88802.88852400001
goods_two_way_supplemental_public_metric_check,BRA,Brazil,2012,GUY,Guyana,29.080340000000003,141,CHN,China,88802.88852400001
goods_two_way_supplemental_public_metric_check,BRA,Brazil,2012,WSM,Samoa,25.569182999999995,142,CHN,China,88802.88852400001
goods_two_way_supplemental_public_metric_check,BRA,Brazil,2012,MDG,Madagascar,24.929176999999996,143,CHN,China,88802.88852400001
goods_two_way_supplemental_public_metric_check,BRA,Brazil,2012,BRB,Barbados,23.633005999999995,144,CHN,China,88802.88852400001
goods_two_way_supplemental_public_metric_check,BRA,Brazil,2012,KHM,Cambodia,23.595053,145,CHN,China,88802.88852400001
goods_two_way_supplemental_public_metric_check,BRA,Brazil,2012,UZB,Uzbekistan,23.030007000000005,146,CHN,China,88802.88852400001
goods_two_way_supplemental_public_metric_check,BRA,Brazil,2012,ERI,Eritrea,21.667292000000003,147,CHN,China,88802.88852400001
goods_two_way_supplemental_public_metric_check,BRA,Brazil,2012,MNE,Montenegro,19.875507999999996,148,CHN,China,88802.88852400001
goods_two_way_supplemental_public_metric_check,BRA,Brazil,2012,VGB,British Virgin Islands,18.00357,149,CHN,China,88802.88852400001
goods_two_way_supplemental_public_metric_check,BRA,Brazil,2012,SYC,Seychelles,17.522381000000006,150,CHN,China,88802.88852400001
goods_two_way_supplemental_public_metric_check,BRA,Brazil,2012,NAM,Namibia,15.628255000000003,151,CHN,China,88802.88852400001
goods_two_way_supplemental_public_metric_check,BRA,Brazil,2012,SOM,Somalia,14.971186999999999,152,CHN,China,88802.88852400001
goods_two_way_supplemental_public_metric_check,BRA,Brazil,2012,LVA,Latvia,14.836853000000001,153,CHN,China,88802.88852400001
goods_two_way_supplemental_public_metric_check,BRA,Brazil,2012,PSE,Palestine,14.701369999999999,154,CHN,China,88802.88852400001
goods_two_way_supplemental_public_metric_check,BRA,Brazil,2012,ZWE,Zimbabwe,14.188652999999999,155,CHN,China,88802.88852400001
goods_two_way_supplemental_public_metric_check,BRA,Brazil,2012,CAF,Central African Republic,11.853871,156,CHN,China,88802.88852400001
goods_two_way_supplemental_public_metric_check,BRA,Brazil,2012,MWI,Malawi,11.496151000000001,157,CHN,China,88802.88852400001
goods_two_way_supplemental_public_metric_check,BRA,Brazil,2012,NCL,New Caledonia,10.793069000000001,158,CHN,China,88802.88852400001
goods_two_way_supplemental_public_metric_check,BRA,Brazil,2012,MDV,Maldives,10.582760000000002,159,CHN,China,88802.88852400001
goods_two_way_supplemental_public_metric_check,BRA,Brazil,2012,ZMB,Zambia,9.897742000000001,160,CHN,China,88802.88852400001
goods_two_way_supplemental_public_metric_check,BRA,Brazil,2012,RWA,Rwanda,8.973824000000002,161,CHN,China,88802.88852400001
goods_two_way_supplemental_public_metric_check,BRA,Brazil,2012,SWZ,Eswatini,8.964315,162,CHN,China,88802.88852400001
goods_two_way_supplemental_public_metric_check,BRA,Brazil,2012,PNG,Papua New Guinea,8.702748999999999,163,CHN,China,88802.88852400001
goods_two_way_supplemental_public_metric_check,BRA,Brazil,2012,AFG,Afghanistan,8.490276,164,CHN,China,88802.88852400001
goods_two_way_supplemental_public_metric_check,BRA,Brazil,2012,GRD,Grenada,8.335234000000002,165,CHN,China,88802.88852400001
goods_two_way_supplemental_public_metric_check,BRA,Brazil,2012,BRN,Brunei,8.078224,166,CHN,China,88802.88852400001
goods_two_way_supplemental_public_metric_check,BRA,Brazil,2012,SMR,San Marino,7.918576000000002,167,CHN,China,88802.88852400001
goods_two_way_supplemental_public_metric_check,BRA,Brazil,2012,GNB,Guinea-Bissau,7.689255,168,CHN,China,88802.88852400001
goods_two_way_supplemental_public_metric_check,BRA,Brazil,2012,ATG,Antigua & Barbuda,6.7733219999999985,169,CHN,China,88802.88852400001
goods_two_way_supplemental_public_metric_check,BRA,Brazil,2012,BLZ,Belize,5.855667000000001,170,CHN,China,88802.88852400001
goods_two_way_supplemental_public_metric_check,BRA,Brazil,2012,MMR,Myanmar (Burma),5.685649,171,CHN,China,88802.88852400001
goods_two_way_supplemental_public_metric_check,BRA,Brazil,2012,TCD,Chad,5.52975,172,CHN,China,88802.88852400001
goods_two_way_supplemental_public_metric_check,BRA,Brazil,2012,KGZ,Kyrgyzstan,4.627972000000001,173,CHN,China,88802.88852400001
goods_two_way_supplemental_public_metric_check,BRA,Brazil,2012,VCT,St. Vincent & Grenadines,4.4143419999999995,174,CHN,China,88802.88852400001
goods_two_way_supplemental_public_metric_check,BRA,Brazil,2012,FSM,Micronesia (Federated States of),4.350592,175,CHN,China,88802.88852400001
goods_two_way_supplemental_public_metric_check,BRA,Brazil,2012,MNG,Mongolia,4.181299000000001,176,CHN,China,88802.88852400001
goods_two_way_supplemental_public_metric_check,BRA,Brazil,2012,MHL,Marshall Islands,3.5347720000000002,177,CHN,China,88802.88852400001
goods_two_way_supplemental_public_metric_check,BRA,Brazil,2012,TKM,Turkmenistan,3.431394,178,CHN,China,88802.88852400001
goods_two_way_supplemental_public_metric_check,BRA,Brazil,2012,TJK,Tajikistan,3.22375,179,CHN,China,88802.88852400001
goods_two_way_supplemental_public_metric_check,BRA,Brazil,2012,PYF,French Polynesia,2.7943369999999996,180,CHN,China,88802.88852400001
goods_two_way_supplemental_public_metric_check,BRA,Brazil,2012,DMA,Dominica,2.5450029999999995,181,CHN,China,88802.88852400001
goods_two_way_supplemental_public_metric_check,BRA,Brazil,2012,AND,Andorra,2.2216650000000002,182,CHN,China,88802.88852400001
goods_two_way_supplemental_public_metric_check,BRA,Brazil,2012,LAO,Laos,2.155844,183,CHN,China,88802.88852400001
goods_two_way_supplemental_public_metric_check,BRA,Brazil,2012,KNA,St. Kitts & Nevis,2.1240170000000003,184,CHN,China,88802.88852400001
goods_two_way_supplemental_public_metric_check,BRA,Brazil,2012,FRO,Faroe Islands,1.357313,185,CHN,China,88802.88852400001
goods_two_way_supplemental_public_metric_check,BRA,Brazil,2012,BDI,Burundi,1.3326019999999998,186,CHN,China,88802.88852400001
goods_two_way_supplemental_public_metric_check,BRA,Brazil,2012,UMI,United States Minor Outlying Islands (the),1.3141029999999998,187,CHN,China,88802.88852400001
goods_two_way_supplemental_public_metric_check,BRA,Brazil,2012,FJI,Fiji,0.929128,188,CHN,China,88802.88852400001
goods_two_way_supplemental_public_metric_check,BRA,Brazil,2012,STP,São Tomé & Príncipe,0.9173549999999999,189,CHN,China,88802.88852400001
goods_two_way_supplemental_public_metric_check,BRA,Brazil,2012,BMU,Bermuda,0.899995,190,CHN,China,88802.88852400001
goods_two_way_supplemental_public_metric_check,BRA,Brazil,2012,TON,Tonga,0.8029310000000001,191,CHN,China,88802.88852400001
goods_two_way_supplemental_public_metric_check,BRA,Brazil,2012,BWA,Botswana,0.7774609999999998,192,CHN,China,88802.88852400001
goods_two_way_supplemental_public_metric_check,BRA,Brazil,2012,TCA,Turks & Caicos Islands,0.6996409999999998,193,CHN,China,88802.88852400001
goods_two_way_supplemental_public_metric_check,BRA,Brazil,2012,COM,Comoros,0.5327369999999999,194,CHN,China,88802.88852400001
goods_two_way_supplemental_public_metric_check,BRA,Brazil,2012,GRL,Greenland,0.500371,195,CHN,China,88802.88852400001
goods_two_way_supplemental_public_metric_check,BRA,Brazil,2012,GIB,Gibraltar,0.46898700000000004,196,CHN,China,88802.88852400001
goods_two_way_supplemental_public_metric_check,BRA,Brazil,2012,AIA,Anguilla,0.403941,197,CHN,China,88802.88852400001
goods_two_way_supplemental_public_metric_check,BRA,Brazil,2012,TKL,Tokelau,0.380597,198,CHN,China,88802.88852400001
goods_two_way_supplemental_public_metric_check,BRA,Brazil,2012,SLB,Solomon Islands,0.234388,199,CHN,China,88802.88852400001
goods_two_way_supplemental_public_metric_check,BRA,Brazil,2012,COK,Cook Islands,0.21331,200,CHN,China,88802.88852400001
goods_two_way_supplemental_public_metric_check,BRA,Brazil,2012,NIU,Niue,0.204165,201,CHN,China,88802.88852400001
goods_two_way_supplemental_public_metric_check,BRA,Brazil,2012,WLF,Wallis & Futuna,0.171234,202,CHN,China,88802.88852400001
goods_two_way_supplemental_public_metric_check,BRA,Brazil,2012,GUM,Guam,0.13520000000000001,203,CHN,China,88802.88852400001
goods_two_way_supplemental_public_metric_check,BRA,Brazil,2012,BTN,Bhutan,0.12559199999999998,204,CHN,China,88802.88852400001
goods_two_way_supplemental_public_metric_check,BRA,Brazil,2012,VUT,Vanuatu,0.116396,205,CHN,China,88802.88852400001
goods_two_way_supplemental_public_metric_check,BRA,Brazil,2012,ASM,American Samoa,0.11195400000000001,206,CHN,China,88802.88852400001
goods_two_way_supplemental_public_metric_check,BRA,Brazil,2012,CCK,Cocos (Keeling) Islands,0.10528100000000003,207,CHN,China,88802.88852400001
goods_two_way_supplemental_public_metric_check,BRA,Brazil,2012,KIR,Kiribati,0.101523,208,CHN,China,88802.88852400001
goods_two_way_supplemental_public_metric_check,BRA,Brazil,2012,IOT,British Indian Ocean Territory,0.080894,209,CHN,China,88802.88852400001
goods_two_way_supplemental_public_metric_check,BRA,Brazil,2012,LSO,Lesotho,0.08046899999999998,210,CHN,China,88802.88852400001
goods_two_way_supplemental_public_metric_check,BRA,Brazil,2012,PLW,Palau,0.06046399999999999,211,CHN,China,88802.88852400001
goods_two_way_supplemental_public_metric_check,BRA,Brazil,2012,NFK,Norfolk Island,0.053834999999999994,212,CHN,China,88802.88852400001
goods_two_way_supplemental_public_metric_check,BRA,Brazil,2012,MSR,Montserrat,0.042652999999999996,213,CHN,China,88802.88852400001
goods_two_way_supplemental_public_metric_check,BRA,Brazil,2012,VAT,Vatican City,0.041363,214,CHN,China,88802.88852400001
goods_two_way_supplemental_public_metric_check,BRA,Brazil,2012,FLK,Falkland Islands,0.030088000000000004,215,CHN,China,88802.88852400001
goods_two_way_supplemental_public_metric_check,BRA,Brazil,2012,TLS,Timor-Leste,0.013,216,CHN,China,88802.88852400001
goods_two_way_supplemental_public_metric_check,BRA,Brazil,2012,CXR,Christmas Island,0.00893,217,CHN,China,88802.88852400001
goods_two_way_supplemental_public_metric_check,BRA,Brazil,2012,NRU,Nauru,0.004281,218,CHN,China,88802.88852400001
goods_two_way_supplemental_public_metric_check,BRA,Brazil,2012,MNP,Northern Mariana Islands,0.002611,219,CHN,China,88802.88852400001
goods_two_way_supplemental_public_metric_check,BRA,Brazil,2012,TUV,Tuvalu,0.002069,220,CHN,China,88802.88852400001
goods_two_way_supplemental_public_metric_check,BRA,Brazil,2012,SPM,St. Pierre & Miquelon,0.00201,221,CHN,China,88802.88852400001
goods_two_way_supplemental_public_metric_check,BRA,Brazil,2012,PCN,Pitcairn Islands,6.48e-4,222,CHN,China,88802.88852400001
goods_two_way_supplemental_public_metric_check,BRA,Brazil,2012,SHN,St. Helena,7e-6,223,CHN,China,88802.88852400001
goods_two_way_supplemental_public_metric_check,BRA,Brazil,2013,CHN,China,93957.38474,1,CHN,China,93957.38474
goods_two_way_supplemental_public_metric_check,BRA,Brazil,2013,USA,United States,64411.77247700001,2,CHN,China,93957.38474
goods_two_way_supplemental_public_metric_check,BRA,Brazil,2013,ARG,Argentina,36220.752096000004,3,CHN,China,93957.38474
goods_two_way_supplemental_public_metric_check,BRA,Brazil,2013,DEU,Germany,26746.715846,4,CHN,China,93957.38474
goods_two_way_supplemental_public_metric_check,BRA,Brazil,2013,JPN,Japan,18484.995989000003,5,CHN,China,93957.38474
goods_two_way_supplemental_public_metric_check,BRA,Brazil,2013,KOR,South Korea,15567.154464000001,6,CHN,China,93957.38474
goods_two_way_supplemental_public_metric_check,BRA,Brazil,2013,NLD,Netherlands,11337.353524999999,7,CHN,China,93957.38474
goods_two_way_supplemental_public_metric_check,BRA,Brazil,2013,ITA,Italy,11299.49279,8,CHN,China,93957.38474
goods_two_way_supplemental_public_metric_check,BRA,Brazil,2013,FRA,France,11164.669782999998,9,CHN,China,93957.38474
goods_two_way_supplemental_public_metric_check,BRA,Brazil,2013,NGA,Nigeria,10997.532183000001,10,CHN,China,93957.38474
goods_two_way_supplemental_public_metric_check,BRA,Brazil,2013,MEX,Mexico,10282.342840999998,11,CHN,China,93957.38474
goods_two_way_supplemental_public_metric_check,BRA,Brazil,2013,IND,India,10199.676457000001,12,CHN,China,93957.38474
goods_two_way_supplemental_public_metric_check,BRA,Brazil,2013,CHL,Chile,9223.161533,13,CHN,China,93957.38474
goods_two_way_supplemental_public_metric_check,BRA,Brazil,2013,ESP,Spain,9050.738522000001,14,CHN,China,93957.38474
goods_two_way_supplemental_public_metric_check,BRA,Brazil,2013,GBR,United Kingdom,8000.965559000002,15,CHN,China,93957.38474
goods_two_way_supplemental_public_metric_check,BRA,Brazil,2013,CAN,Canada,6742.150774,16,CHN,China,93957.38474
goods_two_way_supplemental_public_metric_check,BRA,Brazil,2013,SAU,Saudi Arabia,6615.1249210000005,17,CHN,China,93957.38474
goods_two_way_supplemental_public_metric_check,BRA,Brazil,2013,RUS,Russia,6373.391322999999,18,CHN,China,93957.38474
goods_two_way_supplemental_public_metric_check,BRA,Brazil,2013,PRY,Paraguay,6124.273280000001,19,CHN,China,93957.38474
goods_two_way_supplemental_public_metric_check,BRA,Brazil,2013,BOL,Bolivia,5854.041270999999,20,CHN,China,93957.38474
goods_two_way_supplemental_public_metric_check,BRA,Brazil,2013,TWN,Taiwan,5803.938245,21,CHN,China,93957.38474
goods_two_way_supplemental_public_metric_check,BRA,Brazil,2013,VEN,Venezuela,5420.410045999998,22,CHN,China,93957.38474
goods_two_way_supplemental_public_metric_check,BRA,Brazil,2013,CHE,Switzerland,5062.700909,23,CHN,China,93957.38474
goods_two_way_supplemental_public_metric_check,BRA,Brazil,2013,THA,Thailand,4467.467838999999,24,CHN,China,93957.38474
goods_two_way_supplemental_public_metric_check,BRA,Brazil,2013,DZA,Algeria,4429.973505,25,CHN,China,93957.38474
goods_two_way_supplemental_public_metric_check,BRA,Brazil,2013,HKG,Hong Kong,4343.972215,26,CHN,China,93957.38474
goods_two_way_supplemental_public_metric_check,BRA,Brazil,2013,PER,Peru,4182.839964000001,27,CHN,China,93957.38474
goods_two_way_supplemental_public_metric_check,BRA,Brazil,2013,COL,Colombia,4131.953833,28,CHN,China,93957.38474
goods_two_way_supplemental_public_metric_check,BRA,Brazil,2013,MYS,Malaysia,4094.978625999999,29,CHN,China,93957.38474
goods_two_way_supplemental_public_metric_check,BRA,Brazil,2013,BEL,Belgium,4020.0387759999994,30,CHN,China,93957.38474
goods_two_way_supplemental_public_metric_check,BRA,Brazil,2013,IDN,Indonesia,3887.606702999999,31,CHN,China,93957.38474
goods_two_way_supplemental_public_metric_check,BRA,Brazil,2013,URY,Uruguay,3732.2490399999997,32,CHN,China,93957.38474
goods_two_way_supplemental_public_metric_check,BRA,Brazil,2013,SGP,Singapore,2685.8624309999996,33,CHN,China,93957.38474
goods_two_way_supplemental_public_metric_check,BRA,Brazil,2013,TUR,Turkey,2673.657199,34,CHN,China,93957.38474
goods_two_way_supplemental_public_metric_check,BRA,Brazil,2013,SWE,Sweden,2626.0869799999996,35,CHN,China,93957.38474
goods_two_way_supplemental_public_metric_check,BRA,Brazil,2013,VNM,Vietnam,2485.663581,36,CHN,China,93957.38474
goods_two_way_supplemental_public_metric_check,BRA,Brazil,2013,EGY,Egypt,2461.4362929999998,37,CHN,China,93957.38474
goods_two_way_supplemental_public_metric_check,BRA,Brazil,2013,ARE,United Arab Emirates,2347.1214809999997,38,CHN,China,93957.38474
goods_two_way_supplemental_public_metric_check,BRA,Brazil,2013,NOR,Norway,2334.782814,39,CHN,China,93957.38474
goods_two_way_supplemental_public_metric_check,BRA,Brazil,2013,MAR,Morocco,2311.0000320000004,40,CHN,China,93957.38474
goods_two_way_supplemental_public_metric_check,BRA,Brazil,2013,PRT,Portugal,2249.903914,41,CHN,China,93957.38474
goods_two_way_supplemental_public_metric_check,BRA,Brazil,2013,ZAF,South Africa,2057.9899710000004,42,CHN,China,93957.38474
goods_two_way_supplemental_public_metric_check,BRA,Brazil,2013,TTO,Trinidad & Tobago,2000.1727099999998,43,CHN,China,93957.38474
goods_two_way_supplemental_public_metric_check,BRA,Brazil,2013,AGO,Angola,1948.5394019999999,44,CHN,China,93957.38474
goods_two_way_supplemental_public_metric_check,BRA,Brazil,2013,AUT,Austria,1832.7972819999998,45,CHN,China,93957.38474
goods_two_way_supplemental_public_metric_check,BRA,Brazil,2013,AUS,Australia,1789.6191310000004,46,CHN,China,93957.38474
goods_two_way_supplemental_public_metric_check,BRA,Brazil,2013,FIN,Finland,1716.568513,47,CHN,China,93957.38474
goods_two_way_supplemental_public_metric_check,BRA,Brazil,2013,POL,Poland,1697.0682600000002,48,CHN,China,93957.38474
goods_two_way_supplemental_public_metric_check,BRA,Brazil,2013,CUW,Curaçao,1670.937063,49,CHN,China,93957.38474
goods_two_way_supplemental_public_metric_check,BRA,Brazil,2013,KWT,Kuwait,1471.8827780000001,50,CHN,China,93957.38474
goods_two_way_supplemental_public_metric_check,BRA,Brazil,2013,ISR,Israel,1419.9709600000003,51,CHN,China,93957.38474
goods_two_way_supplemental_public_metric_check,BRA,Brazil,2013,IRL,Ireland,1342.426679,52,CHN,China,93957.38474
goods_two_way_supplemental_public_metric_check,BRA,Brazil,2013,OMN,Oman,1309.9623009999998,53,CHN,China,93957.38474
goods_two_way_supplemental_public_metric_check,BRA,Brazil,2013,DNK,Denmark,1234.5944439999998,54,CHN,China,93957.38474
goods_two_way_supplemental_public_metric_check,BRA,Brazil,2013,IRN,Iran,1090.9871869999997,55,CHN,China,93957.38474
goods_two_way_supplemental_public_metric_check,BRA,Brazil,2013,BGD,Bangladesh,1073.337951,56,CHN,China,93957.38474
goods_two_way_supplemental_public_metric_check,BRA,Brazil,2013,ECU,Ecuador,1063.076843,57,CHN,China,93957.38474
goods_two_way_supplemental_public_metric_check,BRA,Brazil,2013,GNQ,Equatorial Guinea,1060.920644,58,CHN,China,93957.38474
goods_two_way_supplemental_public_metric_check,BRA,Brazil,2013,QAT,Qatar,995.346979,59,CHN,China,93957.38474
goods_two_way_supplemental_public_metric_check,BRA,Brazil,2013,IRQ,Iraq,987.198476,60,CHN,China,93957.38474
goods_two_way_supplemental_public_metric_check,BRA,Brazil,2013,UKR,Ukraine,916.0820409999999,61,CHN,China,93957.38474
goods_two_way_supplemental_public_metric_check,BRA,Brazil,2013,CZE,Czechia,901.2717,62,CHN,China,93957.38474
goods_two_way_supplemental_public_metric_check,BRA,Brazil,2013,ROU,Romania,867.841899,63,CHN,China,93957.38474
goods_two_way_supplemental_public_metric_check,BRA,Brazil,2013,CRI,Costa Rica,846.3944839999999,64,CHN,China,93957.38474
goods_two_way_supplemental_public_metric_check,BRA,Brazil,2013,LBY,Libya,738.5954239999999,65,CHN,China,93957.38474
goods_two_way_supplemental_public_metric_check,BRA,Brazil,2013,BLR,Belarus,710.831191,66,CHN,China,93957.38474
goods_two_way_supplemental_public_metric_check,BRA,Brazil,2013,CUB,Cuba,691.110485,67,CHN,China,93957.38474
goods_two_way_supplemental_public_metric_check,BRA,Brazil,2013,HUN,Hungary,635.617827,68,CHN,China,93957.38474
goods_two_way_supplemental_public_metric_check,BRA,Brazil,2013,PHL,Philippines,535.03503,69,CHN,China,93957.38474
goods_two_way_supplemental_public_metric_check,BRA,Brazil,2013,DOM,Dominican Republic,473.108319,70,CHN,China,93957.38474
goods_two_way_supplemental_public_metric_check,BRA,Brazil,2013,YEM,Yemen,469.233013,71,CHN,China,93957.38474
goods_two_way_supplemental_public_metric_check,BRA,Brazil,2013,TUN,Tunisia,455.32692899999995,72,CHN,China,93957.38474
goods_two_way_supplemental_public_metric_check,BRA,Brazil,2013,KAZ,Kazakhstan,407.043141,73,CHN,China,93957.38474
goods_two_way_supplemental_public_metric_check,BRA,Brazil,2013,PAN,Panama,405.19797100000005,74,CHN,China,93957.38474
goods_two_way_supplemental_public_metric_check,BRA,Brazil,2013,BHR,Bahrain,403.09883200000013,75,CHN,China,93957.38474
goods_two_way_supplemental_public_metric_check,BRA,Brazil,2013,LBN,Lebanon,397.87408500000004,76,CHN,China,93957.38474
goods_two_way_supplemental_public_metric_check,BRA,Brazil,2013,ISL,Iceland,382.491924,77,CHN,China,93957.38474
goods_two_way_supplemental_public_metric_check,BRA,Brazil,2013,AZE,Azerbaijan,373.3767429999999,78,CHN,China,93957.38474
goods_two_way_supplemental_public_metric_check,BRA,Brazil,2013,JOR,Jordan,352.0900030000001,79,CHN,China,93957.38474
goods_two_way_supplemental_public_metric_check,BRA,Brazil,2013,GHA,Ghana,348.91617599999995,80,CHN,China,93957.38474
goods_two_way_supplemental_public_metric_check,BRA,Brazil,2013,COG,Congo - Brazzaville,291.623028,81,CHN,China,93957.38474
goods_two_way_supplemental_public_metric_check,BRA,Brazil,2013,SVK,Slovakia,279.36915999999997,82,CHN,China,93957.38474
goods_two_way_supplemental_public_metric_check,BRA,Brazil,2013,GTM,Guatemala,273.476938,83,CHN,China,93957.38474
goods_two_way_supplemental_public_metric_check,BRA,Brazil,2013,NZL,New Zealand,249.70738599999996,84,CHN,China,93957.38474
goods_two_way_supplemental_public_metric_check,BRA,Brazil,2013,GRC,Greece,246.85375,85,CHN,China,93957.38474
goods_two_way_supplemental_public_metric_check,BRA,Brazil,2013,SVN,Slovenia,240.32098599999995,86,CHN,China,93957.38474
goods_two_way_supplemental_public_metric_check,BRA,Brazil,2013,PAK,Pakistan,232.91115100000002,87,CHN,China,93957.38474
goods_two_way_supplemental_public_metric_check,BRA,Brazil,2013,NIC,Nicaragua,190.29625500000006,88,CHN,China,93957.38474
goods_two_way_supplemental_public_metric_check,BRA,Brazil,2013,SEN,Senegal,188.78240499999998,89,CHN,China,93957.38474
goods_two_way_supplemental_public_metric_check,BRA,Brazil,2013,KEN,Kenya,183.24794800000004,90,CHN,China,93957.38474
goods_two_way_supplemental_public_metric_check,BRA,Brazil,2013,BIH,Bosnia & Herzegovina,182.011054,91,CHN,China,93957.38474
goods_two_way_supplemental_public_metric_check,BRA,Brazil,2013,SLV,El Salvador,178.57807100000005,92,CHN,China,93957.38474
goods_two_way_supplemental_public_metric_check,BRA,Brazil,2013,LKA,Sri Lanka,176.81637999999998,93,CHN,China,93957.38474
goods_two_way_supplemental_public_metric_check,BRA,Brazil,2013,JAM,Jamaica,167.55964899999998,94,CHN,China,93957.38474
goods_two_way_supplemental_public_metric_check,BRA,Brazil,2013,CIV,Côte d'Ivoire,159.84121299999998,95,CHN,China,93957.38474
goods_two_way_supplemental_public_metric_check,BRA,Brazil,2013,BHS,Bahamas,153.47478299999997,96,CHN,China,93957.38474
goods_two_way_supplemental_public_metric_check,BRA,Brazil,2013,LUX,Luxembourg,149.899001,97,CHN,China,93957.38474
goods_two_way_supplemental_public_metric_check,BRA,Brazil,2013,HRV,Croatia,140.27937899999998,98,CHN,China,93957.38474
goods_two_way_supplemental_public_metric_check,BRA,Brazil,2013,MOZ,Mozambique,136.22543199999996,99,CHN,China,93957.38474
goods_two_way_supplemental_public_metric_check,BRA,Brazil,2013,CMR,Cameroon,128.264068,100,CHN,China,93957.38474
goods_two_way_supplemental_public_metric_check,BRA,Brazil,2013,NPL,Nepal,124.38756800000002,101,CHN,China,93957.38474
goods_two_way_supplemental_public_metric_check,BRA,Brazil,2013,GEO,Georgia,124.36731900000001,102,CHN,China,93957.38474
goods_two_way_supplemental_public_metric_check,BRA,Brazil,2013,BGR,Bulgaria,110.82815099999999,103,CHN,China,93957.38474
goods_two_way_supplemental_public_metric_check,BRA,Brazil,2013,SRB,Serbia,109.95047999999997,104,CHN,China,93957.38474
goods_two_way_supplemental_public_metric_check,BRA,Brazil,2013,ETH,Ethiopia,105.30670300000001,105,CHN,China,93957.38474
goods_two_way_supplemental_public_metric_check,BRA,Brazil,2013,EST,Estonia,102.047528,106,CHN,China,93957.38474
goods_two_way_supplemental_public_metric_check,BRA,Brazil,2013,LCA,St. Lucia,101.69773199999997,107,CHN,China,93957.38474
goods_two_way_supplemental_public_metric_check,BRA,Brazil,2013,MLT,Malta,97.151928,108,CHN,China,93957.38474
goods_two_way_supplemental_public_metric_check,BRA,Brazil,2013,HND,Honduras,96.04333000000003,109,CHN,China,93957.38474
goods_two_way_supplemental_public_metric_check,BRA,Brazil,2013,LTU,Lithuania,94.793133,110,CHN,China,93957.38474
goods_two_way_supplemental_public_metric_check,BRA,Brazil,2013,BEN,Benin,93.95362200000002,111,CHN,China,93957.38474
goods_two_way_supplemental_public_metric_check,BRA,Brazil,2013,COD,Congo - Kinshasa,92.808681000000007,112,CHN,China,93957.38474
goods_two_way_supplemental_public_metric_check,BRA,Brazil,2013,PRK,North Korea,89.228965,113,CHN,China,93957.38474
goods_two_way_supplemental_public_metric_check,BRA,Brazil,2013,ARM,Armenia,88.27432699999999,114,CHN,China,93957.38474
goods_two_way_supplemental_public_metric_check,BRA,Brazil,2013,SLE,Sierra Leone,79.026501,115,CHN,China,93957.38474
goods_two_way_supplemental_public_metric_check,BRA,Brazil,2013,ZWE,Zimbabwe,72.784674,116,CHN,China,93957.38474
goods_two_way_supplemental_public_metric_check,BRA,Brazil,2013,MKD,North Macedonia,66.91804400000001,117,CHN,China,93957.38474
goods_two_way_supplemental_public_metric_check,BRA,Brazil,2013,SUR,Suriname,64.063508,118,CHN,China,93957.38474
goods_two_way_supplemental_public_metric_check,BRA,Brazil,2013,MRT,Mauritania,61.062487999999995,119,CHN,China,93957.38474
goods_two_way_supplemental_public_metric_check,BRA,Brazil,2013,HTI,Haiti,54.112944000000006,120,CHN,China,93957.38474
goods_two_way_supplemental_public_metric_check,BRA,Brazil,2013,NER,Niger,53.75088600000001,121,CHN,China,93957.38474
goods_two_way_supplemental_public_metric_check,BRA,Brazil,2013,GAB,Gabon,53.554561,122,CHN,China,93957.38474
goods_two_way_supplemental_public_metric_check,BRA,Brazil,2013,SYR,Syria,53.458498999999996,123,CHN,China,93957.38474
goods_two_way_supplemental_public_metric_check,BRA,Brazil,2013,GMB,Gambia,50.370835,124,CHN,China,93957.38474
goods_two_way_supplemental_public_metric_check,BRA,Brazil,2013,UZB,Uzbekistan,48.23150700000001,125,CHN,China,93957.38474
goods_two_way_supplemental_public_metric_check,BRA,Brazil,2013,BFA,Burkina Faso,44.966699,126,CHN,China,93957.38474
goods_two_way_supplemental_public_metric_check,BRA,Brazil,2013,ALB,Albania,43.76858500000001,127,CHN,China,93957.38474
goods_two_way_supplemental_public_metric_check,BRA,Brazil,2013,MAC,Macao,43.697159,128,CHN,China,93957.38474
goods_two_way_supplemental_public_metric_check,BRA,Brazil,2013,KHM,Cambodia,43.550130999999986,129,CHN,China,93957.38474
goods_two_way_supplemental_public_metric_check,BRA,Brazil,2013,UGA,Uganda,36.095015999999994,130,CHN,China,93957.38474
goods_two_way_supplemental_public_metric_check,BRA,Brazil,2013,SYC,Seychelles,35.984671,131,CHN,China,93957.38474
goods_two_way_supplemental_public_metric_check,BRA,Brazil,2013,LBR,Liberia,31.760514999999998,132,CHN,China,93957.38474
goods_two_way_supplemental_public_metric_check,BRA,Brazil,2013,GIN,Guinea,30.566392999999998,133,CHN,China,93957.38474
goods_two_way_supplemental_public_metric_check,BRA,Brazil,2013,GUY,Guyana,29.353512999999996,134,CHN,China,93957.38474
goods_two_way_supplemental_public_metric_check,BRA,Brazil,2013,MUS,Mauritius,29.038665,135,CHN,China,93957.38474
goods_two_way_supplemental_public_metric_check,BRA,Brazil,2013,RWA,Rwanda,27.642566999999996,136,CHN,China,93957.38474
goods_two_way_supplemental_public_metric_check,BRA,Brazil,2013,CPV,Cape Verde,27.367487999999998,137,CHN,China,93957.38474
goods_two_way_supplemental_public_metric_check,BRA,Brazil,2013,TGO,Togo,27.094444999999997,138,CHN,China,93957.38474
goods_two_way_supplemental_public_metric_check,BRA,Brazil,2013,SDN,Sudan,26.865278999999994,139,CHN,China,93957.38474
goods_two_way_supplemental_public_metric_check,BRA,Brazil,2013,VGB,British Virgin Islands,24.776181,140,CHN,China,93957.38474
goods_two_way_supplemental_public_metric_check,BRA,Brazil,2013,SOM,Somalia,23.480272,141,CHN,China,93957.38474
goods_two_way_supplemental_public_metric_check,BRA,Brazil,2013,BRB,Barbados,23.342091,142,CHN,China,93957.38474
goods_two_way_supplemental_public_metric_check,BRA,Brazil,2013,MDG,Madagascar,23.003478000000005,143,CHN,China,93957.38474
goods_two_way_supplemental_public_metric_check,BRA,Brazil,2013,CYM,Cayman Islands,21.457150000000002,144,CHN,China,93957.38474
goods_two_way_supplemental_public_metric_check,BRA,Brazil,2013,CYP,Cyprus,18.991703,145,CHN,China,93957.38474
goods_two_way_supplemental_public_metric_check,BRA,Brazil,2013,MDV,Maldives,18.320237000000002,146,CHN,China,93957.38474
goods_two_way_supplemental_public_metric_check,BRA,Brazil,2013,MNE,Montenegro,18.092798,147,CHN,China,93957.38474
goods_two_way_supplemental_public_metric_check,BRA,Brazil,2013,LVA,Latvia,17.941740999999997,148,CHN,China,93957.38474
goods_two_way_supplemental_public_metric_check,BRA,Brazil,2013,MDA,Moldova,17.169356,149,CHN,China,93957.38474
goods_two_way_supplemental_public_metric_check,BRA,Brazil,2013,TZA,Tanzania,17.161074000000003,150,CHN,China,93957.38474
goods_two_way_supplemental_public_metric_check,BRA,Brazil,2013,DJI,Djibouti,16.940433,151,CHN,China,93957.38474
goods_two_way_supplemental_public_metric_check,BRA,Brazil,2013,ABW,Aruba,16.721584,152,CHN,China,93957.38474
goods_two_way_supplemental_public_metric_check,BRA,Brazil,2013,ZMB,Zambia,15.089301,153,CHN,China,93957.38474
goods_two_way_supplemental_public_metric_check,BRA,Brazil,2013,PSE,Palestine,14.585519,154,CHN,China,93957.38474
goods_two_way_supplemental_public_metric_check,BRA,Brazil,2013,FSM,Micronesia (Federated States of),13.675646,155,CHN,China,93957.38474
goods_two_way_supplemental_public_metric_check,BRA,Brazil,2013,AFG,Afghanistan,12.715413,156,CHN,China,93957.38474
goods_two_way_supplemental_public_metric_check,BRA,Brazil,2013,WSM,Samoa,12.272151,157,CHN,China,93957.38474
goods_two_way_supplemental_public_metric_check,BRA,Brazil,2013,NCL,New Caledonia,11.730271,158,CHN,China,93957.38474
goods_two_way_supplemental_public_metric_check,BRA,Brazil,2013,NAM,Namibia,10.650149999999998,159,CHN,China,93957.38474
goods_two_way_supplemental_public_metric_check,BRA,Brazil,2013,ERI,Eritrea,9.511698,160,CHN,China,93957.38474
goods_two_way_supplemental_public_metric_check,BRA,Brazil,2013,SMR,San Marino,7.606513999999999,161,CHN,China,93957.38474
goods_two_way_supplemental_public_metric_check,BRA,Brazil,2013,GRD,Grenada,7.3833470000000005,162,CHN,China,93957.38474
goods_two_way_supplemental_public_metric_check,BRA,Brazil,2013,BLZ,Belize,7.319581000000001,163,CHN,China,93957.38474
goods_two_way_supplemental_public_metric_check,BRA,Brazil,2013,MNG,Mongolia,7.301549999999999,164,CHN,China,93957.38474
goods_two_way_supplemental_public_metric_check,BRA,Brazil,2013,PNG,Papua New Guinea,7.016426,165,CHN,China,93957.38474
goods_two_way_supplemental_public_metric_check,BRA,Brazil,2013,ATG,Antigua & Barbuda,6.851030999999997,166,CHN,China,93957.38474
goods_two_way_supplemental_public_metric_check,BRA,Brazil,2013,VCT,St. Vincent & Grenadines,6.8008609999999985,167,CHN,China,93957.38474
goods_two_way_supplemental_public_metric_check,BRA,Brazil,2013,MWI,Malawi,6.622780999999999,168,CHN,China,93957.38474
goods_two_way_supplemental_public_metric_check,BRA,Brazil,2013,MMR,Myanmar (Burma),6.574217999999999,169,CHN,China,93957.38474
goods_two_way_supplemental_public_metric_check,BRA,Brazil,2013,CAF,Central African Republic,6.523822000000001,170,CHN,China,93957.38474
goods_two_way_supplemental_public_metric_check,BRA,Brazil,2013,MLI,Mali,5.491445,171,CHN,China,93957.38474
goods_two_way_supplemental_public_metric_check,BRA,Brazil,2013,GNB,Guinea-Bissau,4.9156130000000005,172,CHN,China,93957.38474
goods_two_way_supplemental_public_metric_check,BRA,Brazil,2013,TJK,Tajikistan,4.5239460000000005,173,CHN,China,93957.38474
goods_two_way_supplemental_public_metric_check,BRA,Brazil,2013,KGZ,Kyrgyzstan,4.1882290000000015,174,CHN,China,93957.38474
goods_two_way_supplemental_public_metric_check,BRA,Brazil,2013,BRN,Brunei,3.0712839999999995,175,CHN,China,93957.38474
goods_two_way_supplemental_public_metric_check,BRA,Brazil,2013,KNA,St. Kitts & Nevis,2.950233,176,CHN,China,93957.38474
goods_two_way_supplemental_public_metric_check,BRA,Brazil,2013,COM,Comoros,2.932813,177,CHN,China,93957.38474
goods_two_way_supplemental_public_metric_check,BRA,Brazil,2013,DMA,Dominica,2.741957,178,CHN,China,93957.38474
goods_two_way_supplemental_public_metric_check,BRA,Brazil,2013,PYF,French Polynesia,2.3500710000000002,179,CHN,China,93957.38474
goods_two_way_supplemental_public_metric_check,BRA,Brazil,2013,SWZ,Eswatini,2.333386,180,CHN,China,93957.38474
goods_two_way_supplemental_public_metric_check,BRA,Brazil,2013,AND,Andorra,2.151462,181,CHN,China,93957.38474
goods_two_way_supplemental_public_metric_check,BRA,Brazil,2013,BWA,Botswana,1.9077560000000005,182,CHN,China,93957.38474
goods_two_way_supplemental_public_metric_check,BRA,Brazil,2013,TKM,Turkmenistan,1.8437430000000001,183,CHN,China,93957.38474
goods_two_way_supplemental_public_metric_check,BRA,Brazil,2013,LAO,Laos,1.610468,184,CHN,China,93957.38474
goods_two_way_supplemental_public_metric_check,BRA,Brazil,2013,TCD,Chad,1.3602800000000002,185,CHN,China,93957.38474
goods_two_way_supplemental_public_metric_check,BRA,Brazil,2013,FJI,Fiji,1.1957050000000005,186,CHN,China,93957.38474
goods_two_way_supplemental_public_metric_check,BRA,Brazil,2013,BMU,Bermuda,1.0706529999999999,187,CHN,China,93957.38474
goods_two_way_supplemental_public_metric_check,BRA,Brazil,2013,AIA,Anguilla,1.00325,188,CHN,China,93957.38474
goods_two_way_supplemental_public_metric_check,BRA,Brazil,2013,STP,São Tomé & Príncipe,0.9269939999999999,189,CHN,China,93957.38474
goods_two_way_supplemental_public_metric_check,BRA,Brazil,2013,BDI,Burundi,0.918107,190,CHN,China,93957.38474
goods_two_way_supplemental_public_metric_check,BRA,Brazil,2013,TCA,Turks & Caicos Islands,0.6909299999999999,191,CHN,China,93957.38474
goods_two_way_supplemental_public_metric_check,BRA,Brazil,2013,TKL,Tokelau,0.6236780000000001,192,CHN,China,93957.38474
goods_two_way_supplemental_public_metric_check,BRA,Brazil,2013,FRO,Faroe Islands,0.5549959999999999,193,CHN,China,93957.38474
goods_two_way_supplemental_public_metric_check,BRA,Brazil,2013,TLS,Timor-Leste,0.545682,194,CHN,China,93957.38474
goods_two_way_supplemental_public_metric_check,BRA,Brazil,2013,COK,Cook Islands,0.5233920000000001,195,CHN,China,93957.38474
goods_two_way_supplemental_public_metric_check,BRA,Brazil,2013,NIU,Niue,0.497922,196,CHN,China,93957.38474
goods_two_way_supplemental_public_metric_check,BRA,Brazil,2013,TON,Tonga,0.4578399999999999,197,CHN,China,93957.38474
goods_two_way_supplemental_public_metric_check,BRA,Brazil,2013,UMI,United States Minor Outlying Islands (the),0.40495099999999995,198,CHN,China,93957.38474
goods_two_way_supplemental_public_metric_check,BRA,Brazil,2013,GRL,Greenland,0.33890899999999996,199,CHN,China,93957.38474
goods_two_way_supplemental_public_metric_check,BRA,Brazil,2013,MHL,Marshall Islands,0.32442899999999997,200,CHN,China,93957.38474
goods_two_way_supplemental_public_metric_check,BRA,Brazil,2013,KIR,Kiribati,0.23915,201,CHN,China,93957.38474
goods_two_way_supplemental_public_metric_check,BRA,Brazil,2013,GUM,Guam,0.225276,202,CHN,China,93957.38474
goods_two_way_supplemental_public_metric_check,BRA,Brazil,2013,TUV,Tuvalu,0.188332,203,CHN,China,93957.38474
goods_two_way_supplemental_public_metric_check,BRA,Brazil,2013,VUT,Vanuatu,0.14255600000000002,204,CHN,China,93957.38474
goods_two_way_supplemental_public_metric_check,BRA,Brazil,2013,LSO,Lesotho,0.123911,205,CHN,China,93957.38474
goods_two_way_supplemental_public_metric_check,BRA,Brazil,2013,ASM,American Samoa,0.107442,206,CHN,China,93957.38474
goods_two_way_supplemental_public_metric_check,BRA,Brazil,2013,SLB,Solomon Islands,0.10305000000000002,207,CHN,China,93957.38474
goods_two_way_supplemental_public_metric_check,BRA,Brazil,2013,MSR,Montserrat,0.068485,208,CHN,China,93957.38474
goods_two_way_supplemental_public_metric_check,BRA,Brazil,2013,WLF,Wallis & Futuna,0.054053,209,CHN,China,93957.38474
goods_two_way_supplemental_public_metric_check,BRA,Brazil,2013,BTN,Bhutan,0.053632,210,CHN,China,93957.38474
goods_two_way_supplemental_public_metric_check,BRA,Brazil,2013,GIB,Gibraltar,0.052851999999999996,211,CHN,China,93957.38474
goods_two_way_supplemental_public_metric_check,BRA,Brazil,2013,SSD,South Sudan,0.029141,212,CHN,China,93957.38474
goods_two_way_supplemental_public_metric_check,BRA,Brazil,2013,PLW,Palau,0.022539,213,CHN,China,93957.38474
goods_two_way_supplemental_public_metric_check,BRA,Brazil,2013,NFK,Norfolk Island,0.018433,214,CHN,China,93957.38474
goods_two_way_supplemental_public_metric_check,BRA,Brazil,2013,PCN,Pitcairn Islands,0.017148,215,CHN,China,93957.38474
goods_two_way_supplemental_public_metric_check,BRA,Brazil,2013,CCK,Cocos (Keeling) Islands,0.014886,216,CHN,China,93957.38474
goods_two_way_supplemental_public_metric_check,BRA,Brazil,2013,SPM,St. Pierre & Miquelon,0.011379,217,CHN,China,93957.38474
goods_two_way_supplemental_public_metric_check,BRA,Brazil,2013,FLK,Falkland Islands,0.004853,218,CHN,China,93957.38474
goods_two_way_supplemental_public_metric_check,BRA,Brazil,2013,MNP,Northern Mariana Islands,6.23e-4,219,CHN,China,93957.38474
goods_two_way_supplemental_public_metric_check,BRA,Brazil,2013,VAT,Vatican City,6.02e-4,220,CHN,China,93957.38474
goods_two_way_supplemental_public_metric_check,BRA,Brazil,2013,NRU,Nauru,2.62e-4,221,CHN,China,93957.38474
goods_two_way_supplemental_public_metric_check,BRA,Brazil,2013,CXR,Christmas Island,2.3e-5,222,CHN,China,93957.38474
goods_two_way_supplemental_public_metric_check,BRA,Brazil,2014,CHN,China,91059.235224,1,CHN,China,91059.235224
goods_two_way_supplemental_public_metric_check,BRA,Brazil,2014,USA,United States,65572.85315900002,2,CHN,China,91059.235224
goods_two_way_supplemental_public_metric_check,BRA,Brazil,2014,ARG,Argentina,28929.016311,3,CHN,China,91059.235224
goods_two_way_supplemental_public_metric_check,BRA,Brazil,2014,DEU,Germany,25376.43712,4,CHN,China,91059.235224
goods_two_way_supplemental_public_metric_check,BRA,Brazil,2014,JPN,Japan,15810.218288,5,CHN,China,91059.235224
goods_two_way_supplemental_public_metric_check,BRA,Brazil,2014,KOR,South Korea,13852.225577000001,6,CHN,China,91059.235224
goods_two_way_supplemental_public_metric_check,BRA,Brazil,2014,IND,India,12357.21353,7,CHN,China,91059.235224
goods_two_way_supplemental_public_metric_check,BRA,Brazil,2014,NGA,Nigeria,10826.516537,8,CHN,China,91059.235224
goods_two_way_supplemental_public_metric_check,BRA,Brazil,2014,ITA,Italy,10673.49402,9,CHN,China,91059.235224
goods_two_way_supplemental_public_metric_check,BRA,Brazil,2014,FRA,France,9639.361159999999,10,CHN,China,91059.235224
goods_two_way_supplemental_public_metric_check,BRA,Brazil,2014,CHL,Chile,9409.634589000001,11,CHN,China,91059.235224
goods_two_way_supplemental_public_metric_check,BRA,Brazil,2014,NLD,Netherlands,9073.644464,12,CHN,China,91059.235224
goods_two_way_supplemental_public_metric_check,BRA,Brazil,2014,MEX,Mexico,8833.057532,13,CHN,China,91059.235224
goods_two_way_supplemental_public_metric_check,BRA,Brazil,2014,ESP,Spain,8136.612277999999,14,CHN,China,91059.235224
goods_two_way_supplemental_public_metric_check,BRA,Brazil,2014,GBR,United Kingdom,7551.770659999999,15,CHN,China,91059.235224
goods_two_way_supplemental_public_metric_check,BRA,Brazil,2014,RUS,Russia,7201.09473,16,CHN,China,91059.235224
goods_two_way_supplemental_public_metric_check,BRA,Brazil,2014,PRY,Paraguay,6363.112402000001,17,CHN,China,91059.235224
goods_two_way_supplemental_public_metric_check,BRA,Brazil,2014,SAU,Saudi Arabia,6355.707941999999,18,CHN,China,91059.235224
goods_two_way_supplemental_public_metric_check,BRA,Brazil,2014,VEN,Venezuela,6168.534908,19,CHN,China,91059.235224
goods_two_way_supplemental_public_metric_check,BRA,Brazil,2014,CAN,Canada,6064.719143,20,CHN,China,91059.235224
goods_two_way_supplemental_public_metric_check,BRA,Brazil,2014,BOL,Bolivia,5704.894592,21,CHN,China,91059.235224
goods_two_way_supplemental_public_metric_check,BRA,Brazil,2014,TWN,Taiwan,5185.947032,22,CHN,China,91059.235224
goods_two_way_supplemental_public_metric_check,BRA,Brazil,2014,HKG,Hong Kong,4954.449737,23,CHN,China,91059.235224
goods_two_way_supplemental_public_metric_check,BRA,Brazil,2014,CHE,Switzerland,4624.484296,24,CHN,China,91059.235224
goods_two_way_supplemental_public_metric_check,BRA,Brazil,2014,THA,Thailand,4460.9485110000005,25,CHN,China,91059.235224
goods_two_way_supplemental_public_metric_check,BRA,Brazil,2014,IDN,Indonesia,4434.282616,26,CHN,China,91059.235224
goods_two_way_supplemental_public_metric_check,BRA,Brazil,2014,DZA,Algeria,4402.329904,27,CHN,China,91059.235224
goods_two_way_supplemental_public_metric_check,BRA,Brazil,2014,COL,Colombia,4286.72824,28,CHN,China,91059.235224
goods_two_way_supplemental_public_metric_check,BRA,Brazil,2014,URY,Uruguay,3865.436013999999,29,CHN,China,91059.235224
goods_two_way_supplemental_public_metric_check,BRA,Brazil,2014,MYS,Malaysia,3833.478142,30,CHN,China,91059.235224
goods_two_way_supplemental_public_metric_check,BRA,Brazil,2014,PER,Peru,3806.0808770000003,31,CHN,China,91059.235224
goods_two_way_supplemental_public_metric_check,BRA,Brazil,2014,BEL,Belgium,3674.704213,32,CHN,China,91059.235224
goods_two_way_supplemental_public_metric_check,BRA,Brazil,2014,VNM,Vietnam,3540.408015,33,CHN,China,91059.235224
goods_two_way_supplemental_public_metric_check,BRA,Brazil,2014,SGP,Singapore,2973.788108999999,34,CHN,China,91059.235224
goods_two_way_supplemental_public_metric_check,BRA,Brazil,2014,TUR,Turkey,2729.2484929999996,35,CHN,China,91059.235224
goods_two_way_supplemental_public_metric_check,BRA,Brazil,2014,ARE,United Arab Emirates,2693.546561999999,36,CHN,China,91059.235224
goods_two_way_supplemental_public_metric_check,BRA,Brazil,2014,NOR,Norway,2438.9523349999995,37,CHN,China,91059.235224
goods_two_way_supplemental_public_metric_check,BRA,Brazil,2014,AGO,Angola,2375.7539730000008,38,CHN,China,91059.235224
goods_two_way_supplemental_public_metric_check,BRA,Brazil,2014,SWE,Sweden,2309.3476660000006,39,CHN,China,91059.235224
goods_two_way_supplemental_public_metric_check,BRA,Brazil,2014,PRT,Portugal,2293.4640550000004,40,CHN,China,91059.235224
goods_two_way_supplemental_public_metric_check,BRA,Brazil,2014,EGY,Egypt,2149.066244,41,CHN,China,91059.235224
goods_two_way_supplemental_public_metric_check,BRA,Brazil,2014,TTO,Trinidad & Tobago,1880.380987,42,CHN,China,91059.235224
goods_two_way_supplemental_public_metric_check,BRA,Brazil,2014,MAR,Morocco,1870.6979309999997,43,CHN,China,91059.235224
goods_two_way_supplemental_public_metric_check,BRA,Brazil,2014,ZAF,South Africa,1821.4943839999999,44,CHN,China,91059.235224
goods_two_way_supplemental_public_metric_check,BRA,Brazil,2014,POL,Poland,1778.5425590000004,45,CHN,China,91059.235224
goods_two_way_supplemental_public_metric_check,BRA,Brazil,2014,AUS,Australia,1712.93862,46,CHN,China,91059.235224
goods_two_way_supplemental_public_metric_check,BRA,Brazil,2014,KWT,Kuwait,1562.8686660000003,47,CHN,China,91059.235224
goods_two_way_supplemental_public_metric_check,BRA,Brazil,2014,CUW,Curaçao,1552.732348,48,CHN,China,91059.235224
goods_two_way_supplemental_public_metric_check,BRA,Brazil,2014,AUT,Austria,1538.7788560000001,49,CHN,China,91059.235224
goods_two_way_supplemental_public_metric_check,BRA,Brazil,2014,OMN,Oman,1413.7702329999995,50,CHN,China,91059.235224
goods_two_way_supplemental_public_metric_check,BRA,Brazil,2014,IRL,Ireland,1369.0719950000002,51,CHN,China,91059.235224
goods_two_way_supplemental_public_metric_check,BRA,Brazil,2014,FIN,Finland,1338.709061,52,CHN,China,91059.235224
goods_two_way_supplemental_public_metric_check,BRA,Brazil,2014,DNK,Denmark,1224.931838,53,CHN,China,91059.235224
goods_two_way_supplemental_public_metric_check,BRA,Brazil,2014,IRQ,Iraq,1213.235985,54,CHN,China,91059.235224
goods_two_way_supplemental_public_metric_check,BRA,Brazil,2014,ISR,Israel,1203.8060260000002,55,CHN,China,91059.235224
goods_two_way_supplemental_public_metric_check,BRA,Brazil,2014,GNQ,Equatorial Guinea,1187.451671,56,CHN,China,91059.235224
goods_two_way_supplemental_public_metric_check,BRA,Brazil,2014,QAT,Qatar,1135.008733,57,CHN,China,91059.235224
goods_two_way_supplemental_public_metric_check,BRA,Brazil,2014,LCA,St. Lucia,1124.8154390000002,58,CHN,China,91059.235224
goods_two_way_supplemental_public_metric_check,BRA,Brazil,2014,BGD,Bangladesh,1087.34078,59,CHN,China,91059.235224
goods_two_way_supplemental_public_metric_check,BRA,Brazil,2014,ECU,Ecuador,1016.5332629999997,60,CHN,China,91059.235224
goods_two_way_supplemental_public_metric_check,BRA,Brazil,2014,BLR,Belarus,934.788016,61,CHN,China,91059.235224
goods_two_way_supplemental_public_metric_check,BRA,Brazil,2014,CZE,Czechia,878.9554870000002,62,CHN,China,91059.235224
goods_two_way_supplemental_public_metric_check,BRA,Brazil,2014,ROU,Romania,812.741825,63,CHN,China,91059.235224
goods_two_way_supplemental_public_metric_check,BRA,Brazil,2014,YEM,Yemen,743.298756,64,CHN,China,91059.235224
goods_two_way_supplemental_public_metric_check,BRA,Brazil,2014,HUN,Hungary,660.8690219999999,65,CHN,China,91059.235224
goods_two_way_supplemental_public_metric_check,BRA,Brazil,2014,CUB,Cuba,641.822641,66,CHN,China,91059.235224
goods_two_way_supplemental_public_metric_check,BRA,Brazil,2014,BHS,Bahamas,609.869877,67,CHN,China,91059.235224
goods_two_way_supplemental_public_metric_check,BRA,Brazil,2014,CRI,Costa Rica,564.1349319999999,68,CHN,China,91059.235224
goods_two_way_supplemental_public_metric_check,BRA,Brazil,2014,GHA,Ghana,540.3087559999999,69,CHN,China,91059.235224
goods_two_way_supplemental_public_metric_check,BRA,Brazil,2014,BHR,Bahrain,530.555022,70,CHN,China,91059.235224
goods_two_way_supplemental_public_metric_check,BRA,Brazil,2014,PHL,Philippines,485.61551000000003,71,CHN,China,91059.235224
goods_two_way_supplemental_public_metric_check,BRA,Brazil,2014,IRN,Iran,485.522414,72,CHN,China,91059.235224
goods_two_way_supplemental_public_metric_check,BRA,Brazil,2014,UKR,Ukraine,422.56144299999994,73,CHN,China,91059.235224
goods_two_way_supplemental_public_metric_check,BRA,Brazil,2014,LBN,Lebanon,406.614287,74,CHN,China,91059.235224
goods_two_way_supplemental_public_metric_check,BRA,Brazil,2014,DOM,Dominican Republic,396.8527729999999,75,CHN,China,91059.235224
goods_two_way_supplemental_public_metric_check,BRA,Brazil,2014,LBY,Libya,394.51954499999994,76,CHN,China,91059.235224
goods_two_way_supplemental_public_metric_check,BRA,Brazil,2014,KAZ,Kazakhstan,372.89807,77,CHN,China,91059.235224
goods_two_way_supplemental_public_metric_check,BRA,Brazil,2014,TUN,Tunisia,363.53410999999994,78,CHN,China,91059.235224
goods_two_way_supplemental_public_metric_check,BRA,Brazil,2014,PAN,Panama,327.46501399999994,79,CHN,China,91059.235224
goods_two_way_supplemental_public_metric_check,BRA,Brazil,2014,ISL,Iceland,314.71367,80,CHN,China,91059.235224
goods_two_way_supplemental_public_metric_check,BRA,Brazil,2014,SVN,Slovenia,312.57418599999994,81,CHN,China,91059.235224
goods_two_way_supplemental_public_metric_check,BRA,Brazil,2014,JOR,Jordan,287.952599,82,CHN,China,91059.235224
goods_two_way_supplemental_public_metric_check,BRA,Brazil,2014,ABW,Aruba,282.6859069999999,83,CHN,China,91059.235224
goods_two_way_supplemental_public_metric_check,BRA,Brazil,2014,PAK,Pakistan,264.39753700000006,84,CHN,China,91059.235224
goods_two_way_supplemental_public_metric_check,BRA,Brazil,2014,SVK,Slovakia,260.14853700000003,85,CHN,China,91059.235224
goods_two_way_supplemental_public_metric_check,BRA,Brazil,2014,NZL,New Zealand,239.16808599999996,86,CHN,China,91059.235224
goods_two_way_supplemental_public_metric_check,BRA,Brazil,2014,GTM,Guatemala,230.06406700000002,87,CHN,China,91059.235224
goods_two_way_supplemental_public_metric_check,BRA,Brazil,2014,GRC,Greece,227.87449200000003,88,CHN,China,91059.235224
goods_two_way_supplemental_public_metric_check,BRA,Brazil,2014,AZE,Azerbaijan,223.3085969999999,89,CHN,China,91059.235224
goods_two_way_supplemental_public_metric_check,BRA,Brazil,2014,LKA,Sri Lanka,197.470866,90,CHN,China,91059.235224
goods_two_way_supplemental_public_metric_check,BRA,Brazil,2014,SLV,El Salvador,168.81330499999996,91,CHN,China,91059.235224
goods_two_way_supplemental_public_metric_check,BRA,Brazil,2014,NIC,Nicaragua,159.76099000000002,92,CHN,China,91059.235224
goods_two_way_supplemental_public_metric_check,BRA,Brazil,2014,CIV,Côte d'Ivoire,154.86590800000002,93,CHN,China,91059.235224
goods_two_way_supplemental_public_metric_check,BRA,Brazil,2014,HND,Honduras,148.89240200000003,94,CHN,China,91059.235224
goods_two_way_supplemental_public_metric_check,BRA,Brazil,2014,HRV,Croatia,135.550936,95,CHN,China,91059.235224
goods_two_way_supplemental_public_metric_check,BRA,Brazil,2014,MOZ,Mozambique,135.20797199999998,96,CHN,China,91059.235224
goods_two_way_supplemental_public_metric_check,BRA,Brazil,2014,GEO,Georgia,134.79941400000004,97,CHN,China,91059.235224
goods_two_way_supplemental_public_metric_check,BRA,Brazil,2014,MLT,Malta,127.19810799999996,98,CHN,China,91059.235224
goods_two_way_supplemental_public_metric_check,BRA,Brazil,2014,BIH,Bosnia & Herzegovina,126.545831,99,CHN,China,91059.235224
goods_two_way_supplemental_public_metric_check,BRA,Brazil,2014,CMR,Cameroon,119.89380500000001,100,CHN,China,91059.235224
goods_two_way_supplemental_public_metric_check,BRA,Brazil,2014,SYR,Syria,118.859019,101,CHN,China,91059.235224
goods_two_way_supplemental_public_metric_check,BRA,Brazil,2014,BGR,Bulgaria,117.472996,102,CHN,China,91059.235224
goods_two_way_supplemental_public_metric_check,BRA,Brazil,2014,SRB,Serbia,115.804642,103,CHN,China,91059.235224
goods_two_way_supplemental_public_metric_check,BRA,Brazil,2014,SEN,Senegal,107.32417199999999,104,CHN,China,91059.235224
goods_two_way_supplemental_public_metric_check,BRA,Brazil,2014,EST,Estonia,101.06673099999999,105,CHN,China,91059.235224
goods_two_way_supplemental_public_metric_check,BRA,Brazil,2014,LUX,Luxembourg,96.66545700000002,106,CHN,China,91059.235224
goods_two_way_supplemental_public_metric_check,BRA,Brazil,2014,ARM,Armenia,92.06435099999999,107,CHN,China,91059.235224
goods_two_way_supplemental_public_metric_check,BRA,Brazil,2014,COG,Congo - Brazzaville,78.388371,108,CHN,China,91059.235224
goods_two_way_supplemental_public_metric_check,BRA,Brazil,2014,LTU,Lithuania,77.862708,109,CHN,China,91059.235224
goods_two_way_supplemental_public_metric_check,BRA,Brazil,2014,BEN,Benin,74.79886299999998,110,CHN,China,91059.235224
goods_two_way_supplemental_public_metric_check,BRA,Brazil,2014,ETH,Ethiopia,73.26936600000003,111,CHN,China,91059.235224
goods_two_way_supplemental_public_metric_check,BRA,Brazil,2014,VGB,British Virgin Islands,62.890238000000004,112,CHN,China,91059.235224
goods_two_way_supplemental_public_metric_check,BRA,Brazil,2014,GAB,Gabon,61.505116,113,CHN,China,91059.235224
goods_two_way_supplemental_public_metric_check,BRA,Brazil,2014,COD,Congo - Kinshasa,59.713404999999995,114,CHN,China,91059.235224
goods_two_way_supplemental_public_metric_check,BRA,Brazil,2014,MAC,Macao,59.35433,115,CHN,China,91059.235224
goods_two_way_supplemental_public_metric_check,BRA,Brazil,2014,JAM,Jamaica,59.20462500000001,116,CHN,China,91059.235224
goods_two_way_supplemental_public_metric_check,BRA,Brazil,2014,GMB,Gambia,58.278352999999996,117,CHN,China,91059.235224
goods_two_way_supplemental_public_metric_check,BRA,Brazil,2014,KEN,Kenya,57.863392,118,CHN,China,91059.235224
goods_two_way_supplemental_public_metric_check,BRA,Brazil,2014,NAM,Namibia,56.26543099999999,119,CHN,China,91059.235224
goods_two_way_supplemental_public_metric_check,BRA,Brazil,2014,MKD,North Macedonia,56.250432999999994,120,CHN,China,91059.235224
goods_two_way_supplemental_public_metric_check,BRA,Brazil,2014,SUR,Suriname,56.104562,121,CHN,China,91059.235224
goods_two_way_supplemental_public_metric_check,BRA,Brazil,2014,SLE,Sierra Leone,48.729028,122,CHN,China,91059.235224
goods_two_way_supplemental_public_metric_check,BRA,Brazil,2014,KHM,Cambodia,47.842934000000014,123,CHN,China,91059.235224
goods_two_way_supplemental_public_metric_check,BRA,Brazil,2014,CYM,Cayman Islands,47.51041,124,CHN,China,91059.235224
goods_two_way_supplemental_public_metric_check,BRA,Brazil,2014,GIN,Guinea,46.20728999999999,125,CHN,China,91059.235224
goods_two_way_supplemental_public_metric_check,BRA,Brazil,2014,PRK,North Korea,44.126125,126,CHN,China,91059.235224
goods_two_way_supplemental_public_metric_check,BRA,Brazil,2014,HTI,Haiti,41.188894,127,CHN,China,91059.235224
goods_two_way_supplemental_public_metric_check,BRA,Brazil,2014,BFA,Burkina Faso,39.445673,128,CHN,China,91059.235224
goods_two_way_supplemental_public_metric_check,BRA,Brazil,2014,MDA,Moldova,39.063632999999996,129,CHN,China,91059.235224
goods_two_way_supplemental_public_metric_check,BRA,Brazil,2014,CYP,Cyprus,37.373163999999996,130,CHN,China,91059.235224
goods_two_way_supplemental_public_metric_check,BRA,Brazil,2014,MUS,Mauritius,37.02681899999999,131,CHN,China,91059.235224
goods_two_way_supplemental_public_metric_check,BRA,Brazil,2014,MRT,Mauritania,36.668468,132,CHN,China,91059.235224
goods_two_way_supplemental_public_metric_check,BRA,Brazil,2014,NER,Niger,36.284566000000005,133,CHN,China,91059.235224
goods_two_way_supplemental_public_metric_check,BRA,Brazil,2014,SYC,Seychelles,35.63439400000001,134,CHN,China,91059.235224
goods_two_way_supplemental_public_metric_check,BRA,Brazil,2014,MDG,Madagascar,35.063157,135,CHN,China,91059.235224
goods_two_way_supplemental_public_metric_check,BRA,Brazil,2014,NPL,Nepal,33.964775,136,CHN,China,91059.235224
goods_two_way_supplemental_public_metric_check,BRA,Brazil,2014,ALB,Albania,33.931709000000005,137,CHN,China,91059.235224
goods_two_way_supplemental_public_metric_check,BRA,Brazil,2014,LVA,Latvia,31.518505,138,CHN,China,91059.235224
goods_two_way_supplemental_public_metric_check,BRA,Brazil,2014,CPV,Cape Verde,31.225479999999994,139,CHN,China,91059.235224
goods_two_way_supplemental_public_metric_check,BRA,Brazil,2014,GUY,Guyana,30.730286999999997,140,CHN,China,91059.235224
goods_two_way_supplemental_public_metric_check,BRA,Brazil,2014,BMU,Bermuda,26.783808000000004,141,CHN,China,91059.235224
goods_two_way_supplemental_public_metric_check,BRA,Brazil,2014,SDN,Sudan,26.089100000000002,142,CHN,China,91059.235224
goods_two_way_supplemental_public_metric_check,BRA,Brazil,2014,LBR,Liberia,25.403256999999993,143,CHN,China,91059.235224
goods_two_way_supplemental_public_metric_check,BRA,Brazil,2014,SOM,Somalia,24.638396999999998,144,CHN,China,91059.235224
goods_two_way_supplemental_public_metric_check,BRA,Brazil,2014,TGO,Togo,23.130804,145,CHN,China,91059.235224
goods_two_way_supplemental_public_metric_check,BRA,Brazil,2014,ZWE,Zimbabwe,21.690152999999995,146,CHN,China,91059.235224
goods_two_way_supplemental_public_metric_check,BRA,Brazil,2014,MMR,Myanmar (Burma),21.322255,147,CHN,China,91059.235224
goods_two_way_supplemental_public_metric_check,BRA,Brazil,2014,DJI,Djibouti,20.699136999999997,148,CHN,China,91059.235224
goods_two_way_supplemental_public_metric_check,BRA,Brazil,2014,BRB,Barbados,20.4854,149,CHN,China,91059.235224
goods_two_way_supplemental_public_metric_check,BRA,Brazil,2014,ZMB,Zambia,20.150356000000002,150,CHN,China,91059.235224
goods_two_way_supplemental_public_metric_check,BRA,Brazil,2014,UZB,Uzbekistan,19.215417,151,CHN,China,91059.235224
goods_two_way_supplemental_public_metric_check,BRA,Brazil,2014,PSE,Palestine,17.691028000000003,152,CHN,China,91059.235224
goods_two_way_supplemental_public_metric_check,BRA,Brazil,2014,MNE,Montenegro,16.472191,153,CHN,China,91059.235224
goods_two_way_supplemental_public_metric_check,BRA,Brazil,2014,MDV,Maldives,16.18103,154,CHN,China,91059.235224
goods_two_way_supplemental_public_metric_check,BRA,Brazil,2014,TZA,Tanzania,15.137685000000001,155,CHN,China,91059.235224
goods_two_way_supplemental_public_metric_check,BRA,Brazil,2014,NCL,New Caledonia,14.498168000000003,156,CHN,China,91059.235224
goods_two_way_supplemental_public_metric_check,BRA,Brazil,2014,AFG,Afghanistan,12.636247,157,CHN,China,91059.235224
goods_two_way_supplemental_public_metric_check,BRA,Brazil,2014,MLI,Mali,11.544437000000002,158,CHN,China,91059.235224
goods_two_way_supplemental_public_metric_check,BRA,Brazil,2014,SMR,San Marino,10.994486000000002,159,CHN,China,91059.235224
goods_two_way_supplemental_public_metric_check,BRA,Brazil,2014,GIB,Gibraltar,10.040905,160,CHN,China,91059.235224
goods_two_way_supplemental_public_metric_check,BRA,Brazil,2014,UGA,Uganda,9.471096000000001,161,CHN,China,91059.235224
goods_two_way_supplemental_public_metric_check,BRA,Brazil,2014,MWI,Malawi,8.68058,162,CHN,China,91059.235224
goods_two_way_supplemental_public_metric_check,BRA,Brazil,2014,ATG,Antigua & Barbuda,6.857835,163,CHN,China,91059.235224
goods_two_way_supplemental_public_metric_check,BRA,Brazil,2014,TCD,Chad,6.381788,164,CHN,China,91059.235224
goods_two_way_supplemental_public_metric_check,BRA,Brazil,2014,GRD,Grenada,5.852913,165,CHN,China,91059.235224
goods_two_way_supplemental_public_metric_check,BRA,Brazil,2014,KNA,St. Kitts & Nevis,5.270271000000001,166,CHN,China,91059.235224
goods_two_way_supplemental_public_metric_check,BRA,Brazil,2014,BLZ,Belize,4.584868999999999,167,CHN,China,91059.235224
goods_two_way_supplemental_public_metric_check,BRA,Brazil,2014,TKM,Turkmenistan,4.453306,168,CHN,China,91059.235224
goods_two_way_supplemental_public_metric_check,BRA,Brazil,2014,DMA,Dominica,3.843849,169,CHN,China,91059.235224
goods_two_way_supplemental_public_metric_check,BRA,Brazil,2014,TJK,Tajikistan,3.704744,170,CHN,China,91059.235224
goods_two_way_supplemental_public_metric_check,BRA,Brazil,2014,PNG,Papua New Guinea,3.492494,171,CHN,China,91059.235224
goods_two_way_supplemental_public_metric_check,BRA,Brazil,2014,VCT,St. Vincent & Grenadines,2.8819549999999996,172,CHN,China,91059.235224
goods_two_way_supplemental_public_metric_check,BRA,Brazil,2014,CAF,Central African Republic,2.833136,173,CHN,China,91059.235224
goods_two_way_supplemental_public_metric_check,BRA,Brazil,2014,RWA,Rwanda,2.769619,174,CHN,China,91059.235224
goods_two_way_supplemental_public_metric_check,BRA,Brazil,2014,MNG,Mongolia,2.497128,175,CHN,China,91059.235224
goods_two_way_supplemental_public_metric_check,BRA,Brazil,2014,PYF,French Polynesia,2.45163,176,CHN,China,91059.235224
goods_two_way_supplemental_public_metric_check,BRA,Brazil,2014,BWA,Botswana,2.435498,177,CHN,China,91059.235224
goods_two_way_supplemental_public_metric_check,BRA,Brazil,2014,KGZ,Kyrgyzstan,2.24009,178,CHN,China,91059.235224
goods_two_way_supplemental_public_metric_check,BRA,Brazil,2014,WSM,Samoa,2.207369,179,CHN,China,91059.235224
goods_two_way_supplemental_public_metric_check,BRA,Brazil,2014,BDI,Burundi,2.1060399999999997,180,CHN,China,91059.235224
goods_two_way_supplemental_public_metric_check,BRA,Brazil,2014,BRN,Brunei,1.972479,181,CHN,China,91059.235224
goods_two_way_supplemental_public_metric_check,BRA,Brazil,2014,FJI,Fiji,1.7253310000000002,182,CHN,China,91059.235224
goods_two_way_supplemental_public_metric_check,BRA,Brazil,2014,GNB,Guinea-Bissau,1.7173739999999997,183,CHN,China,91059.235224
goods_two_way_supplemental_public_metric_check,BRA,Brazil,2014,SSD,South Sudan,1.278167,184,CHN,China,91059.235224
goods_two_way_supplemental_public_metric_check,BRA,Brazil,2014,COK,Cook Islands,1.206015,185,CHN,China,91059.235224
goods_two_way_supplemental_public_metric_check,BRA,Brazil,2014,SWZ,Eswatini,0.9093469999999999,186,CHN,China,91059.235224
goods_two_way_supplemental_public_metric_check,BRA,Brazil,2014,LAO,Laos,0.819128,187,CHN,China,91059.235224
goods_two_way_supplemental_public_metric_check,BRA,Brazil,2014,CCK,Cocos (Keeling) Islands,0.7610680000000002,188,CHN,China,91059.235224
goods_two_way_supplemental_public_metric_check,BRA,Brazil,2014,STP,São Tomé & Príncipe,0.749043,189,CHN,China,91059.235224
goods_two_way_supplemental_public_metric_check,BRA,Brazil,2014,TKL,Tokelau,0.656212,190,CHN,China,91059.235224
goods_two_way_supplemental_public_metric_check,BRA,Brazil,2014,COM,Comoros,0.62783,191,CHN,China,91059.235224
goods_two_way_supplemental_public_metric_check,BRA,Brazil,2014,FRO,Faroe Islands,0.5878610000000001,192,CHN,China,91059.235224
goods_two_way_supplemental_public_metric_check,BRA,Brazil,2014,AIA,Anguilla,0.512696,193,CHN,China,91059.235224
goods_two_way_supplemental_public_metric_check,BRA,Brazil,2014,AND,Andorra,0.47044500000000006,194,CHN,China,91059.235224
goods_two_way_supplemental_public_metric_check,BRA,Brazil,2014,TUV,Tuvalu,0.44963000000000003,195,CHN,China,91059.235224
goods_two_way_supplemental_public_metric_check,BRA,Brazil,2014,UMI,United States Minor Outlying Islands (the),0.390896,196,CHN,China,91059.235224
goods_two_way_supplemental_public_metric_check,BRA,Brazil,2014,GRL,Greenland,0.387582,197,CHN,China,91059.235224
goods_two_way_supplemental_public_metric_check,BRA,Brazil,2014,TCA,Turks & Caicos Islands,0.377096,198,CHN,China,91059.235224
goods_two_way_supplemental_public_metric_check,BRA,Brazil,2014,TON,Tonga,0.3264600000000001,199,CHN,China,91059.235224
goods_two_way_supplemental_public_metric_check,BRA,Brazil,2014,SHN,St. Helena,0.171261,200,CHN,China,91059.235224
goods_two_way_supplemental_public_metric_check,BRA,Brazil,2014,MSR,Montserrat,0.137132,201,CHN,China,91059.235224
goods_two_way_supplemental_public_metric_check,BRA,Brazil,2014,GUM,Guam,0.11474,202,CHN,China,91059.235224
goods_two_way_supplemental_public_metric_check,BRA,Brazil,2014,SLB,Solomon Islands,0.107773,203,CHN,China,91059.235224
goods_two_way_supplemental_public_metric_check,BRA,Brazil,2014,PLW,Palau,0.101682,204,CHN,China,91059.235224
goods_two_way_supplemental_public_metric_check,BRA,Brazil,2014,KIR,Kiribati,0.09395800000000001,205,CHN,China,91059.235224
goods_two_way_supplemental_public_metric_check,BRA,Brazil,2014,FSM,Micronesia (Federated States of),0.08507500000000001,206,CHN,China,91059.235224
goods_two_way_supplemental_public_metric_check,BRA,Brazil,2014,ERI,Eritrea,0.08041,207,CHN,China,91059.235224
goods_two_way_supplemental_public_metric_check,BRA,Brazil,2014,NIU,Niue,0.076533,208,CHN,China,91059.235224
goods_two_way_supplemental_public_metric_check,BRA,Brazil,2014,BTN,Bhutan,0.067695,209,CHN,China,91059.235224
goods_two_way_supplemental_public_metric_check,BRA,Brazil,2014,MHL,Marshall Islands,0.057581999999999994,210,CHN,China,91059.235224
goods_two_way_supplemental_public_metric_check,BRA,Brazil,2014,NFK,Norfolk Island,0.050152,211,CHN,China,91059.235224
goods_two_way_supplemental_public_metric_check,BRA,Brazil,2014,LSO,Lesotho,0.049172,212,CHN,China,91059.235224
goods_two_way_supplemental_public_metric_check,BRA,Brazil,2014,TLS,Timor-Leste,0.046,213,CHN,China,91059.235224
goods_two_way_supplemental_public_metric_check,BRA,Brazil,2014,IOT,British Indian Ocean Territory,0.042155,214,CHN,China,91059.235224
goods_two_way_supplemental_public_metric_check,BRA,Brazil,2014,WLF,Wallis & Futuna,0.030465000000000002,215,CHN,China,91059.235224
goods_two_way_supplemental_public_metric_check,BRA,Brazil,2014,ASM,American Samoa,0.026563,216,CHN,China,91059.235224
goods_two_way_supplemental_public_metric_check,BRA,Brazil,2014,VUT,Vanuatu,0.021455,217,CHN,China,91059.235224
goods_two_way_supplemental_public_metric_check,BRA,Brazil,2014,PCN,Pitcairn Islands,0.003227,218,CHN,China,91059.235224
goods_two_way_supplemental_public_metric_check,BRA,Brazil,2014,FLK,Falkland Islands,0.002901,219,CHN,China,91059.235224
goods_two_way_supplemental_public_metric_check,BRA,Brazil,2014,NRU,Nauru,7.679999999999999e-4,220,CHN,China,91059.235224
goods_two_way_supplemental_public_metric_check,BRA,Brazil,2014,SPM,St. Pierre & Miquelon,1.45e-4,221,CHN,China,91059.235224
goods_two_way_supplemental_public_metric_check,BRA,Brazil,2014,MNP,Northern Mariana Islands,1.07e-4,222,CHN,China,91059.235224
goods_two_way_supplemental_public_metric_check,BRA,Brazil,2014,VAT,Vatican City,4.5e-5,223,CHN,China,91059.235224
goods_two_way_supplemental_public_metric_check,BRA,Brazil,2015,CHN,China,76159.00827600001,1,CHN,China,76159.00827600001
goods_two_way_supplemental_public_metric_check,BRA,Brazil,2015,USA,United States,53813.687307000015,2,CHN,China,76159.00827600001
goods_two_way_supplemental_public_metric_check,BRA,Brazil,2015,ARG,Argentina,23634.309939000002,3,CHN,China,76159.00827600001
goods_two_way_supplemental_public_metric_check,BRA,Brazil,2015,DEU,Germany,19163.156198,4,CHN,China,76159.00827600001
goods_two_way_supplemental_public_metric_check,BRA,Brazil,2015,JPN,Japan,12582.906252,5,CHN,China,76159.00827600001
goods_two_way_supplemental_public_metric_check,BRA,Brazil,2015,KOR,South Korea,9710.293532999998,6,CHN,China,76159.00827600001
goods_two_way_supplemental_public_metric_check,BRA,Brazil,2015,IND,India,8585.084609000001,7,CHN,China,76159.00827600001
goods_two_way_supplemental_public_metric_check,BRA,Brazil,2015,ITA,Italy,8410.635278000002,8,CHN,China,76159.00827600001
goods_two_way_supplemental_public_metric_check,BRA,Brazil,2015,MEX,Mexico,8278.018834,9,CHN,China,76159.00827600001
goods_two_way_supplemental_public_metric_check,BRA,Brazil,2015,CHL,Chile,7997.143123,10,CHN,China,76159.00827600001
goods_two_way_supplemental_public_metric_check,BRA,Brazil,2015,FRA,France,7777.432236999999,11,CHN,China,76159.00827600001
goods_two_way_supplemental_public_metric_check,BRA,Brazil,2015,NLD,Netherlands,7160.815716999998,12,CHN,China,76159.00827600001
goods_two_way_supplemental_public_metric_check,BRA,Brazil,2015,ESP,Spain,7105.192334999999,13,CHN,China,76159.00827600001
goods_two_way_supplemental_public_metric_check,BRA,Brazil,2015,GBR,United Kingdom,6372.37664,14,CHN,China,76159.00827600001
goods_two_way_supplemental_public_metric_check,BRA,Brazil,2015,CAN,Canada,5520.430366999999,15,CHN,China,76159.00827600001
goods_two_way_supplemental_public_metric_check,BRA,Brazil,2015,NGA,Nigeria,5363.562249999999,16,CHN,China,76159.00827600001
goods_two_way_supplemental_public_metric_check,BRA,Brazil,2015,RUS,Russia,5315.7493140000015,17,CHN,China,76159.00827600001
goods_two_way_supplemental_public_metric_check,BRA,Brazil,2015,PRY,Paraguay,5237.121546000001,18,CHN,China,76159.00827600001
goods_two_way_supplemental_public_metric_check,BRA,Brazil,2015,SAU,Saudi Arabia,5156.009015,19,CHN,China,76159.00827600001
goods_two_way_supplemental_public_metric_check,BRA,Brazil,2015,VNM,Vietnam,4338.0145649999995,20,CHN,China,76159.00827600001
goods_two_way_supplemental_public_metric_check,BRA,Brazil,2015,BOL,Bolivia,4312.722098,21,CHN,China,76159.00827600001
goods_two_way_supplemental_public_metric_check,BRA,Brazil,2015,TWN,Taiwan,4139.383677000001,22,CHN,China,76159.00827600001
goods_two_way_supplemental_public_metric_check,BRA,Brazil,2015,CHE,Switzerland,3919.1491850000007,23,CHN,China,76159.00827600001
goods_two_way_supplemental_public_metric_check,BRA,Brazil,2015,IDN,Indonesia,3881.269985,24,CHN,China,76159.00827600001
goods_two_way_supplemental_public_metric_check,BRA,Brazil,2015,VEN,Venezuela,3859.251013000001,25,CHN,China,76159.00827600001
goods_two_way_supplemental_public_metric_check,BRA,Brazil,2015,THA,Thailand,3843.867639000001,26,CHN,China,76159.00827600001
goods_two_way_supplemental_public_metric_check,BRA,Brazil,2015,BEL,Belgium,3470.814177,27,CHN,China,76159.00827600001
goods_two_way_supplemental_public_metric_check,BRA,Brazil,2015,MYS,Malaysia,3391.7754359999994,28,CHN,China,76159.00827600001
goods_two_way_supplemental_public_metric_check,BRA,Brazil,2015,COL,Colombia,3356.6250230000014,29,CHN,China,76159.00827600001
goods_two_way_supplemental_public_metric_check,BRA,Brazil,2015,HKG,Hong Kong,3315.967933,30,CHN,China,76159.00827600001
goods_two_way_supplemental_public_metric_check,BRA,Brazil,2015,PER,Peru,3274.570985999999,31,CHN,China,76159.00827600001
goods_two_way_supplemental_public_metric_check,BRA,Brazil,2015,DZA,Algeria,3103.4501589999995,32,CHN,China,76159.00827600001
goods_two_way_supplemental_public_metric_check,BRA,Brazil,2015,ARE,United Arab Emirates,2961.710011000001,33,CHN,China,76159.00827600001
goods_two_way_supplemental_public_metric_check,BRA,Brazil,2015,URY,Uruguay,2895.3651579999982,34,CHN,China,76159.00827600001
goods_two_way_supplemental_public_metric_check,BRA,Brazil,2015,EGY,Egypt,2811.1678910000005,35,CHN,China,76159.00827600001
goods_two_way_supplemental_public_metric_check,BRA,Brazil,2015,TUR,Turkey,2191.6056140000005,36,CHN,China,76159.00827600001
goods_two_way_supplemental_public_metric_check,BRA,Brazil,2015,NOR,Norway,2105.5775799999997,37,CHN,China,76159.00827600001
goods_two_way_supplemental_public_metric_check,BRA,Brazil,2015,SGP,Singapore,2066.158973,38,CHN,China,76159.00827600001
goods_two_way_supplemental_public_metric_check,BRA,Brazil,2015,SWE,Sweden,1819.2947980000004,39,CHN,China,76159.00827600001
goods_two_way_supplemental_public_metric_check,BRA,Brazil,2015,PRT,Portugal,1796.46062,40,CHN,China,76159.00827600001
goods_two_way_supplemental_public_metric_check,BRA,Brazil,2015,ZAF,South Africa,1770.2800189999996,41,CHN,China,76159.00827600001
goods_two_way_supplemental_public_metric_check,BRA,Brazil,2015,AUS,Australia,1610.6149209999999,42,CHN,China,76159.00827600001
goods_two_way_supplemental_public_metric_check,BRA,Brazil,2015,QAT,Qatar,1583.335644,43,CHN,China,76159.00827600001
goods_two_way_supplemental_public_metric_check,BRA,Brazil,2015,IRN,Iran,1557.1828000000005,44,CHN,China,76159.00827600001
goods_two_way_supplemental_public_metric_check,BRA,Brazil,2015,POL,Poland,1492.2196549999999,45,CHN,China,76159.00827600001
goods_two_way_supplemental_public_metric_check,BRA,Brazil,2015,BGD,Bangladesh,1470.4757859999995,46,CHN,China,76159.00827600001
goods_two_way_supplemental_public_metric_check,BRA,Brazil,2015,MAR,Morocco,1405.3575890000002,47,CHN,China,76159.00827600001
goods_two_way_supplemental_public_metric_check,BRA,Brazil,2015,TTO,Trinidad & Tobago,1360.49034,48,CHN,China,76159.00827600001
goods_two_way_supplemental_public_metric_check,BRA,Brazil,2015,AUT,Austria,1222.3213659999997,49,CHN,China,76159.00827600001
goods_two_way_supplemental_public_metric_check,BRA,Brazil,2015,ISR,Israel,1140.433178,50,CHN,China,76159.00827600001
goods_two_way_supplemental_public_metric_check,BRA,Brazil,2015,FIN,Finland,1120.5238560000003,51,CHN,China,76159.00827600001
goods_two_way_supplemental_public_metric_check,BRA,Brazil,2015,IRL,Ireland,1087.774791,52,CHN,China,76159.00827600001
goods_two_way_supplemental_public_metric_check,BRA,Brazil,2015,DNK,Denmark,889.358015,53,CHN,China,76159.00827600001
goods_two_way_supplemental_public_metric_check,BRA,Brazil,2015,ECU,Ecuador,857.168622,54,CHN,China,76159.00827600001
goods_two_way_supplemental_public_metric_check,BRA,Brazil,2015,OMN,Oman,823.880231,55,CHN,China,76159.00827600001
goods_two_way_supplemental_public_metric_check,BRA,Brazil,2015,IRQ,Iraq,818.858565,56,CHN,China,76159.00827600001
goods_two_way_supplemental_public_metric_check,BRA,Brazil,2015,KWT,Kuwait,785.821359,57,CHN,China,76159.00827600001
goods_two_way_supplemental_public_metric_check,BRA,Brazil,2015,CZE,Czechia,721.4468710000001,58,CHN,China,76159.00827600001
goods_two_way_supplemental_public_metric_check,BRA,Brazil,2015,AGO,Angola,696.50603,59,CHN,China,76159.00827600001
goods_two_way_supplemental_public_metric_check,BRA,Brazil,2015,HUN,Hungary,682.999065,60,CHN,China,76159.00827600001
goods_two_way_supplemental_public_metric_check,BRA,Brazil,2015,BLR,Belarus,674.1440590000001,61,CHN,China,76159.00827600001
goods_two_way_supplemental_public_metric_check,BRA,Brazil,2015,LCA,St. Lucia,672.7281830000003,62,CHN,China,76159.00827600001
goods_two_way_supplemental_public_metric_check,BRA,Brazil,2015,CUB,Cuba,652.6531929999999,63,CHN,China,76159.00827600001
goods_two_way_supplemental_public_metric_check,BRA,Brazil,2015,CUW,Curaçao,647.52798,64,CHN,China,76159.00827600001
goods_two_way_supplemental_public_metric_check,BRA,Brazil,2015,ROU,Romania,628.785966,65,CHN,China,76159.00827600001
goods_two_way_supplemental_public_metric_check,BRA,Brazil,2015,DOM,Dominican Republic,619.3600579999999,66,CHN,China,76159.00827600001
goods_two_way_supplemental_public_metric_check,BRA,Brazil,2015,PHL,Philippines,586.8962990000001,67,CHN,China,76159.00827600001
goods_two_way_supplemental_public_metric_check,BRA,Brazil,2015,BHS,Bahamas,573.7208430000001,68,CHN,China,76159.00827600001
goods_two_way_supplemental_public_metric_check,BRA,Brazil,2015,GNQ,Equatorial Guinea,569.61975,69,CHN,China,76159.00827600001
goods_two_way_supplemental_public_metric_check,BRA,Brazil,2015,BHR,Bahrain,496.93581500000005,70,CHN,China,76159.00827600001
goods_two_way_supplemental_public_metric_check,BRA,Brazil,2015,TUN,Tunisia,370.149118,71,CHN,China,76159.00827600001
goods_two_way_supplemental_public_metric_check,BRA,Brazil,2015,CRI,Costa Rica,358.88426100000004,72,CHN,China,76159.00827600001
goods_two_way_supplemental_public_metric_check,BRA,Brazil,2015,ISL,Iceland,342.87412200000006,73,CHN,China,76159.00827600001
goods_two_way_supplemental_public_metric_check,BRA,Brazil,2015,PAK,Pakistan,340.043147,74,CHN,China,76159.00827600001
goods_two_way_supplemental_public_metric_check,BRA,Brazil,2015,LBN,Lebanon,334.08817,75,CHN,China,76159.00827600001
goods_two_way_supplemental_public_metric_check,BRA,Brazil,2015,PAN,Panama,332.63137099999994,76,CHN,China,76159.00827600001
goods_two_way_supplemental_public_metric_check,BRA,Brazil,2015,JOR,Jordan,295.44425000000007,77,CHN,China,76159.00827600001
goods_two_way_supplemental_public_metric_check,BRA,Brazil,2015,SVN,Slovenia,288.451794,78,CHN,China,76159.00827600001
goods_two_way_supplemental_public_metric_check,BRA,Brazil,2015,KAZ,Kazakhstan,281.06775899999997,79,CHN,China,76159.00827600001
goods_two_way_supplemental_public_metric_check,BRA,Brazil,2015,YEM,Yemen,275.743903,80,CHN,China,76159.00827600001
goods_two_way_supplemental_public_metric_check,BRA,Brazil,2015,GTM,Guatemala,256.8195160000001,81,CHN,China,76159.00827600001
goods_two_way_supplemental_public_metric_check,BRA,Brazil,2015,GHA,Ghana,235.90382,82,CHN,China,76159.00827600001
goods_two_way_supplemental_public_metric_check,BRA,Brazil,2015,UKR,Ukraine,234.82593000000006,83,CHN,China,76159.00827600001
goods_two_way_supplemental_public_metric_check,BRA,Brazil,2015,SVK,Slovakia,216.380808,84,CHN,China,76159.00827600001
goods_two_way_supplemental_public_metric_check,BRA,Brazil,2015,SLV,El Salvador,185.95910499999997,85,CHN,China,76159.00827600001
goods_two_way_supplemental_public_metric_check,BRA,Brazil,2015,LKA,Sri Lanka,182.63411200000004,86,CHN,China,76159.00827600001
goods_two_way_supplemental_public_metric_check,BRA,Brazil,2015,GRC,Greece,171.479668,87,CHN,China,76159.00827600001
goods_two_way_supplemental_public_metric_check,BRA,Brazil,2015,NZL,New Zealand,162.318819,88,CHN,China,76159.00827600001
goods_two_way_supplemental_public_metric_check,BRA,Brazil,2015,NIC,Nicaragua,153.408821,89,CHN,China,76159.00827600001
goods_two_way_supplemental_public_metric_check,BRA,Brazil,2015,HND,Honduras,150.41193599999997,90,CHN,China,76159.00827600001
goods_two_way_supplemental_public_metric_check,BRA,Brazil,2015,LBY,Libya,149.66267299999996,91,CHN,China,76159.00827600001
goods_two_way_supplemental_public_metric_check,BRA,Brazil,2015,CIV,Côte d'Ivoire,148.586411,92,CHN,China,76159.00827600001
goods_two_way_supplemental_public_metric_check,BRA,Brazil,2015,LUX,Luxembourg,130.57777699999997,93,CHN,China,76159.00827600001
goods_two_way_supplemental_public_metric_check,BRA,Brazil,2015,AZE,Azerbaijan,122.05470399999997,94,CHN,China,76159.00827600001
goods_two_way_supplemental_public_metric_check,BRA,Brazil,2015,SEN,Senegal,119.21867400000001,95,CHN,China,76159.00827600001
goods_two_way_supplemental_public_metric_check,BRA,Brazil,2015,BIH,Bosnia & Herzegovina,117.11035599999997,96,CHN,China,76159.00827600001
goods_two_way_supplemental_public_metric_check,BRA,Brazil,2015,CMR,Cameroon,114.277361,97,CHN,China,76159.00827600001
goods_two_way_supplemental_public_metric_check,BRA,Brazil,2015,HRV,Croatia,110.47460599999998,98,CHN,China,76159.00827600001
goods_two_way_supplemental_public_metric_check,BRA,Brazil,2015,SRB,Serbia,96.22958600000003,99,CHN,China,76159.00827600001
goods_two_way_supplemental_public_metric_check,BRA,Brazil,2015,GEO,Georgia,91.73240200000001,100,CHN,China,76159.00827600001
goods_two_way_supplemental_public_metric_check,BRA,Brazil,2015,COD,Congo - Kinshasa,88.772391,101,CHN,China,76159.00827600001
goods_two_way_supplemental_public_metric_check,BRA,Brazil,2015,BGR,Bulgaria,87.57871,102,CHN,China,76159.00827600001
goods_two_way_supplemental_public_metric_check,BRA,Brazil,2015,JAM,Jamaica,78.62416799999998,103,CHN,China,76159.00827600001
goods_two_way_supplemental_public_metric_check,BRA,Brazil,2015,COG,Congo - Brazzaville,77.017824,104,CHN,China,76159.00827600001
goods_two_way_supplemental_public_metric_check,BRA,Brazil,2015,BEN,Benin,76.89861999999998,105,CHN,China,76159.00827600001
goods_two_way_supplemental_public_metric_check,BRA,Brazil,2015,SYR,Syria,75.93371,106,CHN,China,76159.00827600001
goods_two_way_supplemental_public_metric_check,BRA,Brazil,2015,KEN,Kenya,72.79181099999998,107,CHN,China,76159.00827600001
goods_two_way_supplemental_public_metric_check,BRA,Brazil,2015,MOZ,Mozambique,68.32481299999999,108,CHN,China,76159.00827600001
goods_two_way_supplemental_public_metric_check,BRA,Brazil,2015,EST,Estonia,62.097874999999995,109,CHN,China,76159.00827600001
goods_two_way_supplemental_public_metric_check,BRA,Brazil,2015,ARM,Armenia,61.60515899999999,110,CHN,China,76159.00827600001
goods_two_way_supplemental_public_metric_check,BRA,Brazil,2015,ETH,Ethiopia,56.108008999999996,111,CHN,China,76159.00827600001
goods_two_way_supplemental_public_metric_check,BRA,Brazil,2015,LVA,Latvia,55.073148,112,CHN,China,76159.00827600001
goods_two_way_supplemental_public_metric_check,BRA,Brazil,2015,GAB,Gabon,54.764328,113,CHN,China,76159.00827600001
goods_two_way_supplemental_public_metric_check,BRA,Brazil,2015,CYM,Cayman Islands,54.704914999999986,114,CHN,China,76159.00827600001
goods_two_way_supplemental_public_metric_check,BRA,Brazil,2015,SLE,Sierra Leone,53.348978,115,CHN,China,76159.00827600001
goods_two_way_supplemental_public_metric_check,BRA,Brazil,2015,MKD,North Macedonia,52.872197,116,CHN,China,76159.00827600001
goods_two_way_supplemental_public_metric_check,BRA,Brazil,2015,LTU,Lithuania,50.226054999999995,117,CHN,China,76159.00827600001
goods_two_way_supplemental_public_metric_check,BRA,Brazil,2015,NER,Niger,46.648776,118,CHN,China,76159.00827600001
goods_two_way_supplemental_public_metric_check,BRA,Brazil,2015,KHM,Cambodia,45.604324,119,CHN,China,76159.00827600001
goods_two_way_supplemental_public_metric_check,BRA,Brazil,2015,GMB,Gambia,45.217143000000014,120,CHN,China,76159.00827600001
goods_two_way_supplemental_public_metric_check,BRA,Brazil,2015,SUR,Suriname,44.533109,121,CHN,China,76159.00827600001
goods_two_way_supplemental_public_metric_check,BRA,Brazil,2015,BFA,Burkina Faso,43.41615600000001,122,CHN,China,76159.00827600001
goods_two_way_supplemental_public_metric_check,BRA,Brazil,2015,MRT,Mauritania,42.43789299999999,123,CHN,China,76159.00827600001
goods_two_way_supplemental_public_metric_check,BRA,Brazil,2015,MUS,Mauritius,41.061910999999995,124,CHN,China,76159.00827600001
goods_two_way_supplemental_public_metric_check,BRA,Brazil,2015,HTI,Haiti,40.745321999999994,125,CHN,China,76159.00827600001
goods_two_way_supplemental_public_metric_check,BRA,Brazil,2015,GIN,Guinea,38.076232,126,CHN,China,76159.00827600001
goods_two_way_supplemental_public_metric_check,BRA,Brazil,2015,GUY,Guyana,37.46163299999999,127,CHN,China,76159.00827600001
goods_two_way_supplemental_public_metric_check,BRA,Brazil,2015,MLT,Malta,37.201408,128,CHN,China,76159.00827600001
goods_two_way_supplemental_public_metric_check,BRA,Brazil,2015,SOM,Somalia,36.891785999999996,129,CHN,China,76159.00827600001
goods_two_way_supplemental_public_metric_check,BRA,Brazil,2015,ALB,Albania,33.74442099999999,130,CHN,China,76159.00827600001
goods_two_way_supplemental_public_metric_check,BRA,Brazil,2015,ABW,Aruba,32.609849000000004,131,CHN,China,76159.00827600001
goods_two_way_supplemental_public_metric_check,BRA,Brazil,2015,PSE,Palestine,32.472747,132,CHN,China,76159.00827600001
goods_two_way_supplemental_public_metric_check,BRA,Brazil,2015,ZWE,Zimbabwe,32.292750999999996,133,CHN,China,76159.00827600001
goods_two_way_supplemental_public_metric_check,BRA,Brazil,2015,CPV,Cape Verde,30.669475000000006,134,CHN,China,76159.00827600001
goods_two_way_supplemental_public_metric_check,BRA,Brazil,2015,BRB,Barbados,29.289460999999996,135,CHN,China,76159.00827600001
goods_two_way_supplemental_public_metric_check,BRA,Brazil,2015,MDG,Madagascar,28.739325000000004,136,CHN,China,76159.00827600001
goods_two_way_supplemental_public_metric_check,BRA,Brazil,2015,MMR,Myanmar (Burma),27.856295000000003,137,CHN,China,76159.00827600001
goods_two_way_supplemental_public_metric_check,BRA,Brazil,2015,LBR,Liberia,27.801127,138,CHN,China,76159.00827600001
goods_two_way_supplemental_public_metric_check,BRA,Brazil,2015,SDN,Sudan,27.078983999999995,139,CHN,China,76159.00827600001
goods_two_way_supplemental_public_metric_check,BRA,Brazil,2015,TGO,Togo,24.22004,140,CHN,China,76159.00827600001
goods_two_way_supplemental_public_metric_check,BRA,Brazil,2015,ZMB,Zambia,23.001155000000004,141,CHN,China,76159.00827600001
goods_two_way_supplemental_public_metric_check,BRA,Brazil,2015,NPL,Nepal,19.713345999999998,142,CHN,China,76159.00827600001
goods_two_way_supplemental_public_metric_check,BRA,Brazil,2015,PRK,North Korea,18.114209,143,CHN,China,76159.00827600001
goods_two_way_supplemental_public_metric_check,BRA,Brazil,2015,VGB,British Virgin Islands,17.544431,144,CHN,China,76159.00827600001
goods_two_way_supplemental_public_metric_check,BRA,Brazil,2015,TZA,Tanzania,17.449561000000006,145,CHN,China,76159.00827600001
goods_two_way_supplemental_public_metric_check,BRA,Brazil,2015,MDV,Maldives,15.098223999999998,146,CHN,China,76159.00827600001
goods_two_way_supplemental_public_metric_check,BRA,Brazil,2015,DJI,Djibouti,14.349657999999996,147,CHN,China,76159.00827600001
goods_two_way_supplemental_public_metric_check,BRA,Brazil,2015,MNE,Montenegro,13.629705,148,CHN,China,76159.00827600001
goods_two_way_supplemental_public_metric_check,BRA,Brazil,2015,UZB,Uzbekistan,12.85047,149,CHN,China,76159.00827600001
goods_two_way_supplemental_public_metric_check,BRA,Brazil,2015,CYP,Cyprus,12.001740000000002,150,CHN,China,76159.00827600001
goods_two_way_supplemental_public_metric_check,BRA,Brazil,2015,NAM,Namibia,11.320003,151,CHN,China,76159.00827600001
goods_two_way_supplemental_public_metric_check,BRA,Brazil,2015,MLI,Mali,11.239282,152,CHN,China,76159.00827600001
goods_two_way_supplemental_public_metric_check,BRA,Brazil,2015,NCL,New Caledonia,10.315889999999994,153,CHN,China,76159.00827600001
goods_two_way_supplemental_public_metric_check,BRA,Brazil,2015,SMR,San Marino,9.830063,154,CHN,China,76159.00827600001
goods_two_way_supplemental_public_metric_check,BRA,Brazil,2015,MHL,Marshall Islands,9.772962,155,CHN,China,76159.00827600001
goods_two_way_supplemental_public_metric_check,BRA,Brazil,2015,AFG,Afghanistan,8.673152,156,CHN,China,76159.00827600001
goods_two_way_supplemental_public_metric_check,BRA,Brazil,2015,UGA,Uganda,8.573765000000002,157,CHN,China,76159.00827600001
goods_two_way_supplemental_public_metric_check,BRA,Brazil,2015,ATG,Antigua & Barbuda,7.6310189999999984,158,CHN,China,76159.00827600001
goods_two_way_supplemental_public_metric_check,BRA,Brazil,2015,SYC,Seychelles,7.554131000000002,159,CHN,China,76159.00827600001
goods_two_way_supplemental_public_metric_check,BRA,Brazil,2015,GRD,Grenada,7.382102000000001,160,CHN,China,76159.00827600001
goods_two_way_supplemental_public_metric_check,BRA,Brazil,2015,BLZ,Belize,7.2582989999999965,161,CHN,China,76159.00827600001
goods_two_way_supplemental_public_metric_check,BRA,Brazil,2015,MDA,Moldova,6.78367,162,CHN,China,76159.00827600001
goods_two_way_supplemental_public_metric_check,BRA,Brazil,2015,MAC,Macao,5.415805,163,CHN,China,76159.00827600001
goods_two_way_supplemental_public_metric_check,BRA,Brazil,2015,RWA,Rwanda,5.311712,164,CHN,China,76159.00827600001
goods_two_way_supplemental_public_metric_check,BRA,Brazil,2015,BWA,Botswana,5.263276,165,CHN,China,76159.00827600001
goods_two_way_supplemental_public_metric_check,BRA,Brazil,2015,VCT,St. Vincent & Grenadines,4.773511,166,CHN,China,76159.00827600001
goods_two_way_supplemental_public_metric_check,BRA,Brazil,2015,MWI,Malawi,4.74962,167,CHN,China,76159.00827600001
goods_two_way_supplemental_public_metric_check,BRA,Brazil,2015,MNG,Mongolia,4.081013,168,CHN,China,76159.00827600001
goods_two_way_supplemental_public_metric_check,BRA,Brazil,2015,KNA,St. Kitts & Nevis,4.002898999999999,169,CHN,China,76159.00827600001
goods_two_way_supplemental_public_metric_check,BRA,Brazil,2015,CAF,Central African Republic,3.642137,170,CHN,China,76159.00827600001
goods_two_way_supplemental_public_metric_check,BRA,Brazil,2015,PNG,Papua New Guinea,3.3301090000000007,171,CHN,China,76159.00827600001
goods_two_way_supplemental_public_metric_check,BRA,Brazil,2015,TJK,Tajikistan,2.8026030000000004,172,CHN,China,76159.00827600001
goods_two_way_supplemental_public_metric_check,BRA,Brazil,2015,TKM,Turkmenistan,2.7666340000000003,173,CHN,China,76159.00827600001
goods_two_way_supplemental_public_metric_check,BRA,Brazil,2015,DMA,Dominica,2.741302,174,CHN,China,76159.00827600001
goods_two_way_supplemental_public_metric_check,BRA,Brazil,2015,GNB,Guinea-Bissau,2.6344469999999998,175,CHN,China,76159.00827600001
goods_two_way_supplemental_public_metric_check,BRA,Brazil,2015,WSM,Samoa,2.558377,176,CHN,China,76159.00827600001
goods_two_way_supplemental_public_metric_check,BRA,Brazil,2015,PYF,French Polynesia,2.2854330000000003,177,CHN,China,76159.00827600001
goods_two_way_supplemental_public_metric_check,BRA,Brazil,2015,BMU,Bermuda,1.9679300000000004,178,CHN,China,76159.00827600001
goods_two_way_supplemental_public_metric_check,BRA,Brazil,2015,SWZ,Eswatini,1.671205,179,CHN,China,76159.00827600001
goods_two_way_supplemental_public_metric_check,BRA,Brazil,2015,BRN,Brunei,1.6237599999999999,180,CHN,China,76159.00827600001
goods_two_way_supplemental_public_metric_check,BRA,Brazil,2015,ERI,Eritrea,1.282643,181,CHN,China,76159.00827600001
goods_two_way_supplemental_public_metric_check,BRA,Brazil,2015,TCD,Chad,1.263936,182,CHN,China,76159.00827600001
goods_two_way_supplemental_public_metric_check,BRA,Brazil,2015,FJI,Fiji,1.2292969999999999,183,CHN,China,76159.00827600001
goods_two_way_supplemental_public_metric_check,BRA,Brazil,2015,TON,Tonga,0.876208,184,CHN,China,76159.00827600001
goods_two_way_supplemental_public_metric_check,BRA,Brazil,2015,STP,São Tomé & Príncipe,0.783802,185,CHN,China,76159.00827600001
goods_two_way_supplemental_public_metric_check,BRA,Brazil,2015,AIA,Anguilla,0.7166100000000001,186,CHN,China,76159.00827600001
goods_two_way_supplemental_public_metric_check,BRA,Brazil,2015,KGZ,Kyrgyzstan,0.711097,187,CHN,China,76159.00827600001
goods_two_way_supplemental_public_metric_check,BRA,Brazil,2015,SSD,South Sudan,0.691664,188,CHN,China,76159.00827600001
goods_two_way_supplemental_public_metric_check,BRA,Brazil,2015,LAO,Laos,0.571775,189,CHN,China,76159.00827600001
goods_two_way_supplemental_public_metric_check,BRA,Brazil,2015,COM,Comoros,0.38535400000000003,190,CHN,China,76159.00827600001
goods_two_way_supplemental_public_metric_check,BRA,Brazil,2015,GRL,Greenland,0.34203,191,CHN,China,76159.00827600001
goods_two_way_supplemental_public_metric_check,BRA,Brazil,2015,TCA,Turks & Caicos Islands,0.32483999999999996,192,CHN,China,76159.00827600001
goods_two_way_supplemental_public_metric_check,BRA,Brazil,2015,NIU,Niue,0.271285,193,CHN,China,76159.00827600001
goods_two_way_supplemental_public_metric_check,BRA,Brazil,2015,UMI,United States Minor Outlying Islands (the),0.271277,194,CHN,China,76159.00827600001
goods_two_way_supplemental_public_metric_check,BRA,Brazil,2015,FRO,Faroe Islands,0.235661,195,CHN,China,76159.00827600001
goods_two_way_supplemental_public_metric_check,BRA,Brazil,2015,VUT,Vanuatu,0.22224099999999997,196,CHN,China,76159.00827600001
goods_two_way_supplemental_public_metric_check,BRA,Brazil,2015,AND,Andorra,0.220147,197,CHN,China,76159.00827600001
goods_two_way_supplemental_public_metric_check,BRA,Brazil,2015,TKL,Tokelau,0.21756599999999995,198,CHN,China,76159.00827600001
goods_two_way_supplemental_public_metric_check,BRA,Brazil,2015,FSM,Micronesia (Federated States of),0.211834,199,CHN,China,76159.00827600001
goods_two_way_supplemental_public_metric_check,BRA,Brazil,2015,SLB,Solomon Islands,0.20033,200,CHN,China,76159.00827600001
goods_two_way_supplemental_public_metric_check,BRA,Brazil,2015,LSO,Lesotho,0.15726300000000001,201,CHN,China,76159.00827600001
goods_two_way_supplemental_public_metric_check,BRA,Brazil,2015,KIR,Kiribati,0.148767,202,CHN,China,76159.00827600001
goods_two_way_supplemental_public_metric_check,BRA,Brazil,2015,GIB,Gibraltar,0.147394,203,CHN,China,76159.00827600001
goods_two_way_supplemental_public_metric_check,BRA,Brazil,2015,TLS,Timor-Leste,0.129,204,CHN,China,76159.00827600001
goods_two_way_supplemental_public_metric_check,BRA,Brazil,2015,MSR,Montserrat,0.11899499999999999,205,CHN,China,76159.00827600001
goods_two_way_supplemental_public_metric_check,BRA,Brazil,2015,GUM,Guam,0.10254199999999998,206,CHN,China,76159.00827600001
goods_two_way_supplemental_public_metric_check,BRA,Brazil,2015,FLK,Falkland Islands,0.07468999999999999,207,CHN,China,76159.00827600001
goods_two_way_supplemental_public_metric_check,BRA,Brazil,2015,BTN,Bhutan,0.073325,208,CHN,China,76159.00827600001
goods_two_way_supplemental_public_metric_check,BRA,Brazil,2015,BDI,Burundi,0.059698,209,CHN,China,76159.00827600001
goods_two_way_supplemental_public_metric_check,BRA,Brazil,2015,ASM,American Samoa,0.04102,210,CHN,China,76159.00827600001
goods_two_way_supplemental_public_metric_check,BRA,Brazil,2015,SXM,Sint Maarten,0.041009000000000004,211,CHN,China,76159.00827600001
goods_two_way_supplemental_public_metric_check,BRA,Brazil,2015,SHN,St. Helena,0.025709,212,CHN,China,76159.00827600001
goods_two_way_supplemental_public_metric_check,BRA,Brazil,2015,PLW,Palau,0.014399,213,CHN,China,76159.00827600001
goods_two_way_supplemental_public_metric_check,BRA,Brazil,2015,COK,Cook Islands,0.010368,214,CHN,China,76159.00827600001
goods_two_way_supplemental_public_metric_check,BRA,Brazil,2015,CCK,Cocos (Keeling) Islands,0.010265000000000002,215,CHN,China,76159.00827600001
goods_two_way_supplemental_public_metric_check,BRA,Brazil,2015,ESH,Western Sahara,0.007889,216,CHN,China,76159.00827600001
goods_two_way_supplemental_public_metric_check,BRA,Brazil,2015,IOT,British Indian Ocean Territory,0.006684999999999999,217,CHN,China,76159.00827600001
goods_two_way_supplemental_public_metric_check,BRA,Brazil,2015,CXR,Christmas Island,0.006248,218,CHN,China,76159.00827600001
goods_two_way_supplemental_public_metric_check,BRA,Brazil,2015,PCN,Pitcairn Islands,0.0038429999999999996,219,CHN,China,76159.00827600001
goods_two_way_supplemental_public_metric_check,BRA,Brazil,2015,BLM,St. Barthélemy,0.002047,220,CHN,China,76159.00827600001
goods_two_way_supplemental_public_metric_check,BRA,Brazil,2015,MNP,Northern Mariana Islands,0.002024,221,CHN,China,76159.00827600001
goods_two_way_supplemental_public_metric_check,BRA,Brazil,2015,NFK,Norfolk Island,5.54e-4,222,CHN,China,76159.00827600001
goods_two_way_supplemental_public_metric_check,BRA,Brazil,2015,VAT,Vatican City,5.32e-4,223,CHN,China,76159.00827600001
goods_two_way_supplemental_public_metric_check,BRA,Brazil,2015,TUV,Tuvalu,3.34e-4,224,CHN,China,76159.00827600001
goods_two_way_supplemental_public_metric_check,BRA,Brazil,2015,WLF,Wallis & Futuna,1.73e-4,225,CHN,China,76159.00827600001
goods_two_way_supplemental_public_metric_check,BRA,Brazil,2015,NRU,Nauru,9.7e-5,226,CHN,China,76159.00827600001
goods_two_way_supplemental_public_metric_check,BRA,Brazil,2016,CHN,China,70339.14918400001,1,CHN,China,70339.14918400001
goods_two_way_supplemental_public_metric_check,BRA,Brazil,2016,USA,United States,48685.03753800002,2,CHN,China,70339.14918400001
goods_two_way_supplemental_public_metric_check,BRA,Brazil,2016,ARG,Argentina,22967.601730000002,3,CHN,China,70339.14918400001
goods_two_way_supplemental_public_metric_check,BRA,Brazil,2016,DEU,Germany,17298.191226,4,CHN,China,70339.14918400001
goods_two_way_supplemental_public_metric_check,BRA,Brazil,2016,JPN,Japan,10410.062905,5,CHN,China,70339.14918400001
goods_two_way_supplemental_public_metric_check,BRA,Brazil,2016,KOR,South Korea,9139.316754000003,6,CHN,China,70339.14918400001
goods_two_way_supplemental_public_metric_check,BRA,Brazil,2016,ITA,Italy,7386.488004,7,CHN,China,70339.14918400001
goods_two_way_supplemental_public_metric_check,BRA,Brazil,2016,MEX,Mexico,7347.760092,8,CHN,China,70339.14918400001
goods_two_way_supplemental_public_metric_check,BRA,Brazil,2016,CHL,Chile,7334.585758000001,9,CHN,China,70339.14918400001
goods_two_way_supplemental_public_metric_check,BRA,Brazil,2016,FRA,France,6721.854352999999,10,CHN,China,70339.14918400001
goods_two_way_supplemental_public_metric_check,BRA,Brazil,2016,NLD,Netherlands,6579.0110349999995,11,CHN,China,70339.14918400001
goods_two_way_supplemental_public_metric_check,BRA,Brazil,2016,IND,India,6185.815611,12,CHN,China,70339.14918400001
goods_two_way_supplemental_public_metric_check,BRA,Brazil,2016,ESP,Spain,5919.138382000001,13,CHN,China,70339.14918400001
goods_two_way_supplemental_public_metric_check,BRA,Brazil,2016,GBR,United Kingdom,5593.039962000001,14,CHN,China,70339.14918400001
goods_two_way_supplemental_public_metric_check,BRA,Brazil,2016,PRY,Paraguay,5478.756769999999,15,CHN,China,70339.14918400001
goods_two_way_supplemental_public_metric_check,BRA,Brazil,2016,CAN,Canada,4902.682269000001,16,CHN,China,70339.14918400001
goods_two_way_supplemental_public_metric_check,BRA,Brazil,2016,RUS,Russia,4717.728756999999,17,CHN,China,70339.14918400001
goods_two_way_supplemental_public_metric_check,BRA,Brazil,2016,SAU,Saudi Arabia,4088.4034469999992,18,CHN,China,70339.14918400001
goods_two_way_supplemental_public_metric_check,BRA,Brazil,2016,IDN,Indonesia,3694.2988769999997,19,CHN,China,70339.14918400001
goods_two_way_supplemental_public_metric_check,BRA,Brazil,2016,TWN,Taiwan,3631.629521,20,CHN,China,70339.14918400001
goods_two_way_supplemental_public_metric_check,BRA,Brazil,2016,THA,Thailand,3580.5140349999992,21,CHN,China,70339.14918400001
goods_two_way_supplemental_public_metric_check,BRA,Brazil,2016,BEL,Belgium,3493.8606530000006,22,CHN,China,70339.14918400001
goods_two_way_supplemental_public_metric_check,BRA,Brazil,2016,PER,Peru,3461.2881330000005,23,CHN,China,70339.14918400001
goods_two_way_supplemental_public_metric_check,BRA,Brazil,2016,VNM,Vietnam,3419.365212999999,24,CHN,China,70339.14918400001
goods_two_way_supplemental_public_metric_check,BRA,Brazil,2016,HKG,Hong Kong,3370.7310810000004,25,CHN,China,70339.14918400001
goods_two_way_supplemental_public_metric_check,BRA,Brazil,2016,MYS,Malaysia,3263.9075520000006,26,CHN,China,70339.14918400001
goods_two_way_supplemental_public_metric_check,BRA,Brazil,2016,CHE,Switzerland,3210.364496,27,CHN,China,70339.14918400001
goods_two_way_supplemental_public_metric_check,BRA,Brazil,2016,COL,Colombia,3069.3331050000006,28,CHN,China,70339.14918400001
goods_two_way_supplemental_public_metric_check,BRA,Brazil,2016,BOL,Bolivia,2994.927453999999,29,CHN,China,70339.14918400001
goods_two_way_supplemental_public_metric_check,BRA,Brazil,2016,DZA,Algeria,2929.5781549999997,30,CHN,China,70339.14918400001
goods_two_way_supplemental_public_metric_check,BRA,Brazil,2016,URY,Uruguay,2875.8083809999994,31,CHN,China,70339.14918400001
goods_two_way_supplemental_public_metric_check,BRA,Brazil,2016,NGA,Nigeria,2273.7667909999996,32,CHN,China,70339.14918400001
goods_two_way_supplemental_public_metric_check,BRA,Brazil,2016,ARE,United Arab Emirates,2191.05819,33,CHN,China,70339.14918400001
goods_two_way_supplemental_public_metric_check,BRA,Brazil,2016,EGY,Egypt,2175.3733350000007,34,CHN,China,70339.14918400001
goods_two_way_supplemental_public_metric_check,BRA,Brazil,2016,TUR,Turkey,2023.1676680000003,35,CHN,China,70339.14918400001
goods_two_way_supplemental_public_metric_check,BRA,Brazil,2016,PRT,Portugal,1827.2438759999995,36,CHN,China,70339.14918400001
goods_two_way_supplemental_public_metric_check,BRA,Brazil,2016,VEN,Venezuela,1817.869273,37,CHN,China,70339.14918400001
goods_two_way_supplemental_public_metric_check,BRA,Brazil,2016,NOR,Norway,1655.9029299999997,38,CHN,China,70339.14918400001
goods_two_way_supplemental_public_metric_check,BRA,Brazil,2016,SWE,Sweden,1574.8961129999998,39,CHN,China,70339.14918400001
goods_two_way_supplemental_public_metric_check,BRA,Brazil,2016,SGP,Singapore,1547.814013,40,CHN,China,70339.14918400001
goods_two_way_supplemental_public_metric_check,BRA,Brazil,2016,ZAF,South Africa,1495.057346000001,41,CHN,China,70339.14918400001
goods_two_way_supplemental_public_metric_check,BRA,Brazil,2016,AUS,Australia,1439.5570659999998,42,CHN,China,70339.14918400001
goods_two_way_supplemental_public_metric_check,BRA,Brazil,2016,MAR,Morocco,1346.797179,43,CHN,China,70339.14918400001
goods_two_way_supplemental_public_metric_check,BRA,Brazil,2016,POL,Poland,1310.3428079999999,44,CHN,China,70339.14918400001
goods_two_way_supplemental_public_metric_check,BRA,Brazil,2016,AUT,Austria,1294.068573,45,CHN,China,70339.14918400001
goods_two_way_supplemental_public_metric_check,BRA,Brazil,2016,IRN,Iran,1281.9231440000003,46,CHN,China,70339.14918400001
goods_two_way_supplemental_public_metric_check,BRA,Brazil,2016,BGD,Bangladesh,1247.7894179999998,47,CHN,China,70339.14918400001
goods_two_way_supplemental_public_metric_check,BRA,Brazil,2016,FIN,Finland,1203.4233169999998,48,CHN,China,70339.14918400001
goods_two_way_supplemental_public_metric_check,BRA,Brazil,2016,ISR,Israel,1010.931495,49,CHN,China,70339.14918400001
goods_two_way_supplemental_public_metric_check,BRA,Brazil,2016,IRL,Ireland,951.2655110000001,50,CHN,China,70339.14918400001
goods_two_way_supplemental_public_metric_check,BRA,Brazil,2016,QAT,Qatar,894.1814780000002,51,CHN,China,70339.14918400001
goods_two_way_supplemental_public_metric_check,BRA,Brazil,2016,DOM,Dominican Republic,856.0970369999999,52,CHN,China,70339.14918400001
goods_two_way_supplemental_public_metric_check,BRA,Brazil,2016,ECU,Ecuador,842.9892129999998,53,CHN,China,70339.14918400001
goods_two_way_supplemental_public_metric_check,BRA,Brazil,2016,DNK,Denmark,759.1311499999999,54,CHN,China,70339.14918400001
goods_two_way_supplemental_public_metric_check,BRA,Brazil,2016,CZE,Czechia,712.1211959999999,55,CHN,China,70339.14918400001
goods_two_way_supplemental_public_metric_check,BRA,Brazil,2016,PHL,Philippines,654.5213529999999,56,CHN,China,70339.14918400001
goods_two_way_supplemental_public_metric_check,BRA,Brazil,2016,TTO,Trinidad & Tobago,648.088181,57,CHN,China,70339.14918400001
goods_two_way_supplemental_public_metric_check,BRA,Brazil,2016,OMN,Oman,641.011579,58,CHN,China,70339.14918400001
goods_two_way_supplemental_public_metric_check,BRA,Brazil,2016,KWT,Kuwait,599.6368579999998,59,CHN,China,70339.14918400001
goods_two_way_supplemental_public_metric_check,BRA,Brazil,2016,ROU,Romania,597.0840479999999,60,CHN,China,70339.14918400001
goods_two_way_supplemental_public_metric_check,BRA,Brazil,2016,AGO,Angola,592.0219440000001,61,CHN,China,70339.14918400001
goods_two_way_supplemental_public_metric_check,BRA,Brazil,2016,IRQ,Iraq,574.161393,62,CHN,China,70339.14918400001
goods_two_way_supplemental_public_metric_check,BRA,Brazil,2016,BLR,Belarus,537.551858,63,CHN,China,70339.14918400001
goods_two_way_supplemental_public_metric_check,BRA,Brazil,2016,CUB,Cuba,522.7875039999999,64,CHN,China,70339.14918400001
goods_two_way_supplemental_public_metric_check,BRA,Brazil,2016,PAK,Pakistan,510.40072299999986,65,CHN,China,70339.14918400001
goods_two_way_supplemental_public_metric_check,BRA,Brazil,2016,HUN,Hungary,474.45437800000013,66,CHN,China,70339.14918400001
goods_two_way_supplemental_public_metric_check,BRA,Brazil,2016,GHA,Ghana,460.48394900000005,67,CHN,China,70339.14918400001
goods_two_way_supplemental_public_metric_check,BRA,Brazil,2016,BHR,Bahrain,416.65418699999987,68,CHN,China,70339.14918400001
goods_two_way_supplemental_public_metric_check,BRA,Brazil,2016,CRI,Costa Rica,390.55795,69,CHN,China,70339.14918400001
goods_two_way_supplemental_public_metric_check,BRA,Brazil,2016,YEM,Yemen,384.65319199999993,70,CHN,China,70339.14918400001
goods_two_way_supplemental_public_metric_check,BRA,Brazil,2016,LCA,St. Lucia,366.94052599999986,71,CHN,China,70339.14918400001
goods_two_way_supplemental_public_metric_check,BRA,Brazil,2016,PAN,Panama,361.19173500000005,72,CHN,China,70339.14918400001
goods_two_way_supplemental_public_metric_check,BRA,Brazil,2016,SVN,Slovenia,335.26237000000003,73,CHN,China,70339.14918400001
goods_two_way_supplemental_public_metric_check,BRA,Brazil,2016,TUN,Tunisia,317.065214,74,CHN,China,70339.14918400001
goods_two_way_supplemental_public_metric_check,BRA,Brazil,2016,BHS,Bahamas,308.3763220000001,75,CHN,China,70339.14918400001
goods_two_way_supplemental_public_metric_check,BRA,Brazil,2016,LBN,Lebanon,307.10740199999987,76,CHN,China,70339.14918400001
goods_two_way_supplemental_public_metric_check,BRA,Brazil,2016,JOR,Jordan,270.77551,77,CHN,China,70339.14918400001
goods_two_way_supplemental_public_metric_check,BRA,Brazil,2016,GRC,Greece,261.402498,78,CHN,China,70339.14918400001
goods_two_way_supplemental_public_metric_check,BRA,Brazil,2016,GTM,Guatemala,257.77127899999994,79,CHN,China,70339.14918400001
goods_two_way_supplemental_public_metric_check,BRA,Brazil,2016,LKA,Sri Lanka,244.259968,80,CHN,China,70339.14918400001
goods_two_way_supplemental_public_metric_check,BRA,Brazil,2016,UKR,Ukraine,231.45902300000003,81,CHN,China,70339.14918400001
goods_two_way_supplemental_public_metric_check,BRA,Brazil,2016,KAZ,Kazakhstan,208.87771200000003,82,CHN,China,70339.14918400001
goods_two_way_supplemental_public_metric_check,BRA,Brazil,2016,LUX,Luxembourg,205.178687,83,CHN,China,70339.14918400001
goods_two_way_supplemental_public_metric_check,BRA,Brazil,2016,NZL,New Zealand,199.484891,84,CHN,China,70339.14918400001
goods_two_way_supplemental_public_metric_check,BRA,Brazil,2016,NIC,Nicaragua,192.32848499999997,85,CHN,China,70339.14918400001
goods_two_way_supplemental_public_metric_check,BRA,Brazil,2016,SVK,Slovakia,185.85505099999997,86,CHN,China,70339.14918400001
goods_two_way_supplemental_public_metric_check,BRA,Brazil,2016,SLV,El Salvador,181.694871,87,CHN,China,70339.14918400001
goods_two_way_supplemental_public_metric_check,BRA,Brazil,2016,CUW,Curaçao,171.14872399999993,88,CHN,China,70339.14918400001
goods_two_way_supplemental_public_metric_check,BRA,Brazil,2016,GNQ,Equatorial Guinea,170.49332300000003,89,CHN,China,70339.14918400001
goods_two_way_supplemental_public_metric_check,BRA,Brazil,2016,AZE,Azerbaijan,166.25864399999998,90,CHN,China,70339.14918400001
goods_two_way_supplemental_public_metric_check,BRA,Brazil,2016,SEN,Senegal,163.36178599999997,91,CHN,China,70339.14918400001
goods_two_way_supplemental_public_metric_check,BRA,Brazil,2016,CYM,Cayman Islands,157.789592,92,CHN,China,70339.14918400001
goods_two_way_supplemental_public_metric_check,BRA,Brazil,2016,LBY,Libya,156.46621199999998,93,CHN,China,70339.14918400001
goods_two_way_supplemental_public_metric_check,BRA,Brazil,2016,HND,Honduras,150.10951700000007,94,CHN,China,70339.14918400001
goods_two_way_supplemental_public_metric_check,BRA,Brazil,2016,BIH,Bosnia & Herzegovina,122.953468,95,CHN,China,70339.14918400001
goods_two_way_supplemental_public_metric_check,BRA,Brazil,2016,CIV,Côte d'Ivoire,117.63686000000001,96,CHN,China,70339.14918400001
goods_two_way_supplemental_public_metric_check,BRA,Brazil,2016,ISL,Iceland,113.69036199999996,97,CHN,China,70339.14918400001
goods_two_way_supplemental_public_metric_check,BRA,Brazil,2016,MMR,Myanmar (Burma),112.94902200000001,98,CHN,China,70339.14918400001
goods_two_way_supplemental_public_metric_check,BRA,Brazil,2016,SYR,Syria,110.97956399999998,99,CHN,China,70339.14918400001
goods_two_way_supplemental_public_metric_check,BRA,Brazil,2016,SRB,Serbia,106.84688299999999,100,CHN,China,70339.14918400001
goods_two_way_supplemental_public_metric_check,BRA,Brazil,2016,MLI,Mali,95.827377,101,CHN,China,70339.14918400001
goods_two_way_supplemental_public_metric_check,BRA,Brazil,2016,DJI,Djibouti,89.590835,102,CHN,China,70339.14918400001
goods_two_way_supplemental_public_metric_check,BRA,Brazil,2016,VGB,British Virgin Islands,89.523714,103,CHN,China,70339.14918400001
goods_two_way_supplemental_public_metric_check,BRA,Brazil,2016,HRV,Croatia,87.66469100000002,104,CHN,China,70339.14918400001
goods_two_way_supplemental_public_metric_check,BRA,Brazil,2016,BGR,Bulgaria,84.44074,105,CHN,China,70339.14918400001
goods_two_way_supplemental_public_metric_check,BRA,Brazil,2016,SOM,Somalia,81.43816399999999,106,CHN,China,70339.14918400001
goods_two_way_supplemental_public_metric_check,BRA,Brazil,2016,GEO,Georgia,79.39684400000002,107,CHN,China,70339.14918400001
goods_two_way_supplemental_public_metric_check,BRA,Brazil,2016,ETH,Ethiopia,70.26227800000004,108,CHN,China,70339.14918400001
goods_two_way_supplemental_public_metric_check,BRA,Brazil,2016,JAM,Jamaica,65.01626999999999,109,CHN,China,70339.14918400001
goods_two_way_supplemental_public_metric_check,BRA,Brazil,2016,CMR,Cameroon,64.23245,110,CHN,China,70339.14918400001
goods_two_way_supplemental_public_metric_check,BRA,Brazil,2016,ABW,Aruba,63.101898000000006,111,CHN,China,70339.14918400001
goods_two_way_supplemental_public_metric_check,BRA,Brazil,2016,GMB,Gambia,58.93320399999999,112,CHN,China,70339.14918400001
goods_two_way_supplemental_public_metric_check,BRA,Brazil,2016,BEN,Benin,57.92040300000001,113,CHN,China,70339.14918400001
goods_two_way_supplemental_public_metric_check,BRA,Brazil,2016,EST,Estonia,54.390067,114,CHN,China,70339.14918400001
goods_two_way_supplemental_public_metric_check,BRA,Brazil,2016,MOZ,Mozambique,53.678194000000005,115,CHN,China,70339.14918400001
goods_two_way_supplemental_public_metric_check,BRA,Brazil,2016,COD,Congo - Kinshasa,53.198462,116,CHN,China,70339.14918400001
goods_two_way_supplemental_public_metric_check,BRA,Brazil,2016,MAC,Macao,52.11229699999998,117,CHN,China,70339.14918400001
goods_two_way_supplemental_public_metric_check,BRA,Brazil,2016,LTU,Lithuania,48.938355,118,CHN,China,70339.14918400001
goods_two_way_supplemental_public_metric_check,BRA,Brazil,2016,ARM,Armenia,48.694974,119,CHN,China,70339.14918400001
goods_two_way_supplemental_public_metric_check,BRA,Brazil,2016,MUS,Mauritius,47.36793699999999,120,CHN,China,70339.14918400001
goods_two_way_supplemental_public_metric_check,BRA,Brazil,2016,GAB,Gabon,46.749613,121,CHN,China,70339.14918400001
goods_two_way_supplemental_public_metric_check,BRA,Brazil,2016,MLT,Malta,46.74417699999999,122,CHN,China,70339.14918400001
goods_two_way_supplemental_public_metric_check,BRA,Brazil,2016,MKD,North Macedonia,46.33211200000001,123,CHN,China,70339.14918400001
goods_two_way_supplemental_public_metric_check,BRA,Brazil,2016,KEN,Kenya,43.945240999999996,124,CHN,China,70339.14918400001
goods_two_way_supplemental_public_metric_check,BRA,Brazil,2016,ALB,Albania,42.966699,125,CHN,China,70339.14918400001
goods_two_way_supplemental_public_metric_check,BRA,Brazil,2016,HTI,Haiti,42.140895000000015,126,CHN,China,70339.14918400001
goods_two_way_supplemental_public_metric_check,BRA,Brazil,2016,NPL,Nepal,42.116676999999996,127,CHN,China,70339.14918400001
goods_two_way_supplemental_public_metric_check,BRA,Brazil,2016,GUY,Guyana,37.841671000000005,128,CHN,China,70339.14918400001
goods_two_way_supplemental_public_metric_check,BRA,Brazil,2016,BRB,Barbados,37.584683999999996,129,CHN,China,70339.14918400001
goods_two_way_supplemental_public_metric_check,BRA,Brazil,2016,MRT,Mauritania,35.01131900000001,130,CHN,China,70339.14918400001
goods_two_way_supplemental_public_metric_check,BRA,Brazil,2016,SDN,Sudan,33.58216,131,CHN,China,70339.14918400001
goods_two_way_supplemental_public_metric_check,BRA,Brazil,2016,MDG,Madagascar,33.295513,132,CHN,China,70339.14918400001
goods_two_way_supplemental_public_metric_check,BRA,Brazil,2016,COG,Congo - Brazzaville,32.722948,133,CHN,China,70339.14918400001
goods_two_way_supplemental_public_metric_check,BRA,Brazil,2016,KHM,Cambodia,31.334434,134,CHN,China,70339.14918400001
goods_two_way_supplemental_public_metric_check,BRA,Brazil,2016,ZWE,Zimbabwe,30.119419999999998,135,CHN,China,70339.14918400001
goods_two_way_supplemental_public_metric_check,BRA,Brazil,2016,GIN,Guinea,28.933961999999998,136,CHN,China,70339.14918400001
goods_two_way_supplemental_public_metric_check,BRA,Brazil,2016,TZA,Tanzania,28.051887000000008,137,CHN,China,70339.14918400001
goods_two_way_supplemental_public_metric_check,BRA,Brazil,2016,CPV,Cape Verde,28.044014000000004,138,CHN,China,70339.14918400001
goods_two_way_supplemental_public_metric_check,BRA,Brazil,2016,CYP,Cyprus,27.178860999999998,139,CHN,China,70339.14918400001
goods_two_way_supplemental_public_metric_check,BRA,Brazil,2016,NAM,Namibia,25.884787000000006,140,CHN,China,70339.14918400001
goods_two_way_supplemental_public_metric_check,BRA,Brazil,2016,LBR,Liberia,25.468187000000007,141,CHN,China,70339.14918400001
goods_two_way_supplemental_public_metric_check,BRA,Brazil,2016,PSE,Palestine,25.029657999999998,142,CHN,China,70339.14918400001
goods_two_way_supplemental_public_metric_check,BRA,Brazil,2016,SUR,Suriname,23.333560000000002,143,CHN,China,70339.14918400001
goods_two_way_supplemental_public_metric_check,BRA,Brazil,2016,ERI,Eritrea,22.447470000000003,144,CHN,China,70339.14918400001
goods_two_way_supplemental_public_metric_check,BRA,Brazil,2016,UGA,Uganda,21.716166,145,CHN,China,70339.14918400001
goods_two_way_supplemental_public_metric_check,BRA,Brazil,2016,SLE,Sierra Leone,21.065936999999998,146,CHN,China,70339.14918400001
goods_two_way_supplemental_public_metric_check,BRA,Brazil,2016,TGO,Togo,19.505412999999997,147,CHN,China,70339.14918400001
goods_two_way_supplemental_public_metric_check,BRA,Brazil,2016,NER,Niger,17.874450000000003,148,CHN,China,70339.14918400001
goods_two_way_supplemental_public_metric_check,BRA,Brazil,2016,BFA,Burkina Faso,16.794448,149,CHN,China,70339.14918400001
goods_two_way_supplemental_public_metric_check,BRA,Brazil,2016,LVA,Latvia,16.707679,150,CHN,China,70339.14918400001
goods_two_way_supplemental_public_metric_check,BRA,Brazil,2016,MDV,Maldives,16.272610999999998,151,CHN,China,70339.14918400001
goods_two_way_supplemental_public_metric_check,BRA,Brazil,2016,KGZ,Kyrgyzstan,14.325920999999997,152,CHN,China,70339.14918400001
goods_two_way_supplemental_public_metric_check,BRA,Brazil,2016,UZB,Uzbekistan,14.040465000000001,153,CHN,China,70339.14918400001
goods_two_way_supplemental_public_metric_check,BRA,Brazil,2016,MNE,Montenegro,13.636821,154,CHN,China,70339.14918400001
goods_two_way_supplemental_public_metric_check,BRA,Brazil,2016,CAF,Central African Republic,12.798559000000001,155,CHN,China,70339.14918400001
goods_two_way_supplemental_public_metric_check,BRA,Brazil,2016,SYC,Seychelles,12.081278000000005,156,CHN,China,70339.14918400001
goods_two_way_supplemental_public_metric_check,BRA,Brazil,2016,AFG,Afghanistan,10.074476,157,CHN,China,70339.14918400001
goods_two_way_supplemental_public_metric_check,BRA,Brazil,2016,SMR,San Marino,9.526145000000003,158,CHN,China,70339.14918400001
goods_two_way_supplemental_public_metric_check,BRA,Brazil,2016,TJK,Tajikistan,9.132104,159,CHN,China,70339.14918400001
goods_two_way_supplemental_public_metric_check,BRA,Brazil,2016,ZMB,Zambia,8.912848,160,CHN,China,70339.14918400001
goods_two_way_supplemental_public_metric_check,BRA,Brazil,2016,PRK,North Korea,8.09618,161,CHN,China,70339.14918400001
goods_two_way_supplemental_public_metric_check,BRA,Brazil,2016,ATG,Antigua & Barbuda,6.833569000000002,162,CHN,China,70339.14918400001
goods_two_way_supplemental_public_metric_check,BRA,Brazil,2016,BLZ,Belize,6.196627000000001,163,CHN,China,70339.14918400001
goods_two_way_supplemental_public_metric_check,BRA,Brazil,2016,MDA,Moldova,5.5757390000000004,164,CHN,China,70339.14918400001
goods_two_way_supplemental_public_metric_check,BRA,Brazil,2016,NCL,New Caledonia,5.234040999999999,165,CHN,China,70339.14918400001
goods_two_way_supplemental_public_metric_check,BRA,Brazil,2016,GRD,Grenada,5.088730999999999,166,CHN,China,70339.14918400001
goods_two_way_supplemental_public_metric_check,BRA,Brazil,2016,BWA,Botswana,4.826339999999998,167,CHN,China,70339.14918400001
goods_two_way_supplemental_public_metric_check,BRA,Brazil,2016,MNG,Mongolia,4.136165000000001,168,CHN,China,70339.14918400001
goods_two_way_supplemental_public_metric_check,BRA,Brazil,2016,MWI,Malawi,3.984033,169,CHN,China,70339.14918400001
goods_two_way_supplemental_public_metric_check,BRA,Brazil,2016,RWA,Rwanda,3.389233,170,CHN,China,70339.14918400001
goods_two_way_supplemental_public_metric_check,BRA,Brazil,2016,VCT,St. Vincent & Grenadines,3.3876599999999994,171,CHN,China,70339.14918400001
goods_two_way_supplemental_public_metric_check,BRA,Brazil,2016,KNA,St. Kitts & Nevis,3.246709999999999,172,CHN,China,70339.14918400001
goods_two_way_supplemental_public_metric_check,BRA,Brazil,2016,PNG,Papua New Guinea,2.85417,173,CHN,China,70339.14918400001
goods_two_way_supplemental_public_metric_check,BRA,Brazil,2016,PYF,French Polynesia,2.438024,174,CHN,China,70339.14918400001
goods_two_way_supplemental_public_metric_check,BRA,Brazil,2016,SWZ,Eswatini,2.123333,175,CHN,China,70339.14918400001
goods_two_way_supplemental_public_metric_check,BRA,Brazil,2016,GNB,Guinea-Bissau,2.065696,176,CHN,China,70339.14918400001
goods_two_way_supplemental_public_metric_check,BRA,Brazil,2016,TCD,Chad,1.988764,177,CHN,China,70339.14918400001
goods_two_way_supplemental_public_metric_check,BRA,Brazil,2016,DMA,Dominica,1.7551100000000004,178,CHN,China,70339.14918400001
goods_two_way_supplemental_public_metric_check,BRA,Brazil,2016,FJI,Fiji,1.4239019999999998,179,CHN,China,70339.14918400001
goods_two_way_supplemental_public_metric_check,BRA,Brazil,2016,STP,São Tomé & Príncipe,1.1898469999999999,180,CHN,China,70339.14918400001
goods_two_way_supplemental_public_metric_check,BRA,Brazil,2016,PLW,Palau,1.104768,181,CHN,China,70339.14918400001
goods_two_way_supplemental_public_metric_check,BRA,Brazil,2016,BRN,Brunei,1.0764369999999999,182,CHN,China,70339.14918400001
goods_two_way_supplemental_public_metric_check,BRA,Brazil,2016,BMU,Bermuda,0.9689450000000001,183,CHN,China,70339.14918400001
goods_two_way_supplemental_public_metric_check,BRA,Brazil,2016,LSO,Lesotho,0.937874,184,CHN,China,70339.14918400001
goods_two_way_supplemental_public_metric_check,BRA,Brazil,2016,WSM,Samoa,0.9292530000000001,185,CHN,China,70339.14918400001
goods_two_way_supplemental_public_metric_check,BRA,Brazil,2016,TON,Tonga,0.889248,186,CHN,China,70339.14918400001
goods_two_way_supplemental_public_metric_check,BRA,Brazil,2016,LAO,Laos,0.8022120000000001,187,CHN,China,70339.14918400001
goods_two_way_supplemental_public_metric_check,BRA,Brazil,2016,AIA,Anguilla,0.7986970000000001,188,CHN,China,70339.14918400001
goods_two_way_supplemental_public_metric_check,BRA,Brazil,2016,SSD,South Sudan,0.665278,189,CHN,China,70339.14918400001
goods_two_way_supplemental_public_metric_check,BRA,Brazil,2016,TKL,Tokelau,0.57397,190,CHN,China,70339.14918400001
goods_two_way_supplemental_public_metric_check,BRA,Brazil,2016,TKM,Turkmenistan,0.5275120000000001,191,CHN,China,70339.14918400001
goods_two_way_supplemental_public_metric_check,BRA,Brazil,2016,TCA,Turks & Caicos Islands,0.504012,192,CHN,China,70339.14918400001
goods_two_way_supplemental_public_metric_check,BRA,Brazil,2016,UMI,United States Minor Outlying Islands (the),0.484903,193,CHN,China,70339.14918400001
goods_two_way_supplemental_public_metric_check,BRA,Brazil,2016,BES,Caribbean Netherlands,0.463229,194,CHN,China,70339.14918400001
goods_two_way_supplemental_public_metric_check,BRA,Brazil,2016,GRL,Greenland,0.451729,195,CHN,China,70339.14918400001
goods_two_way_supplemental_public_metric_check,BRA,Brazil,2016,SXM,Sint Maarten,0.4333889999999999,196,CHN,China,70339.14918400001
goods_two_way_supplemental_public_metric_check,BRA,Brazil,2016,COM,Comoros,0.366463,197,CHN,China,70339.14918400001
goods_two_way_supplemental_public_metric_check,BRA,Brazil,2016,BLM,St. Barthélemy,0.36218799999999995,198,CHN,China,70339.14918400001
goods_two_way_supplemental_public_metric_check,BRA,Brazil,2016,SLB,Solomon Islands,0.341225,199,CHN,China,70339.14918400001
goods_two_way_supplemental_public_metric_check,BRA,Brazil,2016,GUM,Guam,0.329656,200,CHN,China,70339.14918400001
goods_two_way_supplemental_public_metric_check,BRA,Brazil,2016,BTN,Bhutan,0.23923,201,CHN,China,70339.14918400001
goods_two_way_supplemental_public_metric_check,BRA,Brazil,2016,FSM,Micronesia (Federated States of),0.224941,202,CHN,China,70339.14918400001
goods_two_way_supplemental_public_metric_check,BRA,Brazil,2016,MSR,Montserrat,0.19434400000000002,203,CHN,China,70339.14918400001
goods_two_way_supplemental_public_metric_check,BRA,Brazil,2016,GIB,Gibraltar,0.18715800000000002,204,CHN,China,70339.14918400001
goods_two_way_supplemental_public_metric_check,BRA,Brazil,2016,KIR,Kiribati,0.16566799999999998,205,CHN,China,70339.14918400001
goods_two_way_supplemental_public_metric_check,BRA,Brazil,2016,NIU,Niue,0.132756,206,CHN,China,70339.14918400001
goods_two_way_supplemental_public_metric_check,BRA,Brazil,2016,AND,Andorra,0.12315899999999999,207,CHN,China,70339.14918400001
goods_two_way_supplemental_public_metric_check,BRA,Brazil,2016,MHL,Marshall Islands,0.10892099999999999,208,CHN,China,70339.14918400001
goods_two_way_supplemental_public_metric_check,BRA,Brazil,2016,FLK,Falkland Islands,0.103464,209,CHN,China,70339.14918400001
goods_two_way_supplemental_public_metric_check,BRA,Brazil,2016,VUT,Vanuatu,0.066856,210,CHN,China,70339.14918400001
goods_two_way_supplemental_public_metric_check,BRA,Brazil,2016,BDI,Burundi,0.049695,211,CHN,China,70339.14918400001
goods_two_way_supplemental_public_metric_check,BRA,Brazil,2016,FRO,Faroe Islands,0.036425,212,CHN,China,70339.14918400001
goods_two_way_supplemental_public_metric_check,BRA,Brazil,2016,NFK,Norfolk Island,0.031931,213,CHN,China,70339.14918400001
goods_two_way_supplemental_public_metric_check,BRA,Brazil,2016,ASM,American Samoa,0.028257,214,CHN,China,70339.14918400001
goods_two_way_supplemental_public_metric_check,BRA,Brazil,2016,BVT,Bouvet Island,0.022984,215,CHN,China,70339.14918400001
goods_two_way_supplemental_public_metric_check,BRA,Brazil,2016,SHN,St. Helena,0.021479,216,CHN,China,70339.14918400001
goods_two_way_supplemental_public_metric_check,BRA,Brazil,2016,TLS,Timor-Leste,0.015,217,CHN,China,70339.14918400001
goods_two_way_supplemental_public_metric_check,BRA,Brazil,2016,NRU,Nauru,0.007036,218,CHN,China,70339.14918400001
goods_two_way_supplemental_public_metric_check,BRA,Brazil,2016,WLF,Wallis & Futuna,0.006525,219,CHN,China,70339.14918400001
goods_two_way_supplemental_public_metric_check,BRA,Brazil,2016,CCK,Cocos (Keeling) Islands,0.005305000000000001,220,CHN,China,70339.14918400001
goods_two_way_supplemental_public_metric_check,BRA,Brazil,2016,MNP,Northern Mariana Islands,7.4e-4,221,CHN,China,70339.14918400001
goods_two_way_supplemental_public_metric_check,BRA,Brazil,2016,ESH,Western Sahara,4.04e-4,222,CHN,China,70339.14918400001
goods_two_way_supplemental_public_metric_check,BRA,Brazil,2016,PCN,Pitcairn Islands,2.31e-4,223,CHN,China,70339.14918400001
goods_two_way_supplemental_public_metric_check,BRA,Brazil,2016,TUV,Tuvalu,3.1e-5,224,CHN,China,70339.14918400001
goods_two_way_supplemental_public_metric_check,BRA,Brazil,2017,CHN,China,88013.36139600001,1,CHN,China,88013.36139600001
goods_two_way_supplemental_public_metric_check,BRA,Brazil,2017,USA,United States,56330.50968099998,2,CHN,China,88013.36139600001
goods_two_way_supplemental_public_metric_check,BRA,Brazil,2017,ARG,Argentina,27594.684301999998,3,CHN,China,88013.36139600001
goods_two_way_supplemental_public_metric_check,BRA,Brazil,2017,DEU,Germany,18035.201220000003,4,CHN,China,88013.36139600001
goods_two_way_supplemental_public_metric_check,BRA,Brazil,2017,JPN,Japan,11376.413435999999,5,CHN,China,88013.36139600001
goods_two_way_supplemental_public_metric_check,BRA,Brazil,2017,KOR,South Korea,9184.359389000001,6,CHN,China,88013.36139600001
goods_two_way_supplemental_public_metric_check,BRA,Brazil,2017,CHL,Chile,8760.713381,7,CHN,China,88013.36139600001
goods_two_way_supplemental_public_metric_check,BRA,Brazil,2017,MEX,Mexico,8757.778177,8,CHN,China,88013.36139600001
goods_two_way_supplemental_public_metric_check,BRA,Brazil,2017,IND,India,8220.788239000001,9,CHN,China,88013.36139600001
goods_two_way_supplemental_public_metric_check,BRA,Brazil,2017,FRA,France,8067.361235000003,10,CHN,China,88013.36139600001
goods_two_way_supplemental_public_metric_check,BRA,Brazil,2017,ITA,Italy,8041.872374000002,11,CHN,China,88013.36139600001
goods_two_way_supplemental_public_metric_check,BRA,Brazil,2017,ESP,Spain,7668.384356,12,CHN,China,88013.36139600001
goods_two_way_supplemental_public_metric_check,BRA,Brazil,2017,NLD,Netherlands,6694.886597999999,13,CHN,China,88013.36139600001
goods_two_way_supplemental_public_metric_check,BRA,Brazil,2017,RUS,Russia,6126.630341999999,14,CHN,China,88013.36139600001
goods_two_way_supplemental_public_metric_check,BRA,Brazil,2017,PRY,Paraguay,5744.720254,15,CHN,China,88013.36139600001
goods_two_way_supplemental_public_metric_check,BRA,Brazil,2017,GBR,United Kingdom,5621.372374999999,16,CHN,China,88013.36139600001
goods_two_way_supplemental_public_metric_check,BRA,Brazil,2017,CAN,Canada,5588.776793000001,17,CHN,China,88013.36139600001
goods_two_way_supplemental_public_metric_check,BRA,Brazil,2017,TWN,Taiwan,4703.988378999999,18,CHN,China,88013.36139600001
goods_two_way_supplemental_public_metric_check,BRA,Brazil,2017,SAU,Saudi Arabia,4508.893285,19,CHN,China,88013.36139600001
goods_two_way_supplemental_public_metric_check,BRA,Brazil,2017,PER,Peru,4193.639934000001,20,CHN,China,88013.36139600001
goods_two_way_supplemental_public_metric_check,BRA,Brazil,2017,VNM,Vietnam,4153.664064,21,CHN,China,88013.36139600001
goods_two_way_supplemental_public_metric_check,BRA,Brazil,2017,URY,Uruguay,3847.4476959999993,22,CHN,China,88013.36139600001
goods_two_way_supplemental_public_metric_check,BRA,Brazil,2017,THA,Thailand,3831.654262000001,23,CHN,China,88013.36139600001
goods_two_way_supplemental_public_metric_check,BRA,Brazil,2017,COL,Colombia,3792.564603,24,CHN,China,88013.36139600001
goods_two_way_supplemental_public_metric_check,BRA,Brazil,2017,DZA,Algeria,3791.2070619999995,25,CHN,China,88013.36139600001
goods_two_way_supplemental_public_metric_check,BRA,Brazil,2017,HKG,Hong Kong,3757.8356780000013,26,CHN,China,88013.36139600001
goods_two_way_supplemental_public_metric_check,BRA,Brazil,2017,MYS,Malaysia,3711.4964680000007,27,CHN,China,88013.36139600001
goods_two_way_supplemental_public_metric_check,BRA,Brazil,2017,BEL,Belgium,3461.1995930000003,28,CHN,China,88013.36139600001
goods_two_way_supplemental_public_metric_check,BRA,Brazil,2017,IDN,Indonesia,3401.8050199999993,29,CHN,China,88013.36139600001
goods_two_way_supplemental_public_metric_check,BRA,Brazil,2017,CHE,Switzerland,3214.4456809999992,30,CHN,China,88013.36139600001
goods_two_way_supplemental_public_metric_check,BRA,Brazil,2017,ARE,United Arab Emirates,3059.1418700000004,31,CHN,China,88013.36139600001
goods_two_way_supplemental_public_metric_check,BRA,Brazil,2017,BOL,Bolivia,2991.450772,32,CHN,China,88013.36139600001
goods_two_way_supplemental_public_metric_check,BRA,Brazil,2017,EGY,Egypt,2944.4995069999995,33,CHN,China,88013.36139600001
goods_two_way_supplemental_public_metric_check,BRA,Brazil,2017,TUR,Turkey,2841.9508820000005,34,CHN,China,88013.36139600001
goods_two_way_supplemental_public_metric_check,BRA,Brazil,2017,PRT,Portugal,2303.293803,35,CHN,China,88013.36139600001
goods_two_way_supplemental_public_metric_check,BRA,Brazil,2017,SGP,Singapore,2154.528827,36,CHN,China,88013.36139600001
goods_two_way_supplemental_public_metric_check,BRA,Brazil,2017,AUS,Australia,2030.9953480000008,37,CHN,China,88013.36139600001
goods_two_way_supplemental_public_metric_check,BRA,Brazil,2017,ZAF,South Africa,1835.8405949999997,38,CHN,China,88013.36139600001
goods_two_way_supplemental_public_metric_check,BRA,Brazil,2017,BGD,Bangladesh,1803.7065940000002,39,CHN,China,88013.36139600001
goods_two_way_supplemental_public_metric_check,BRA,Brazil,2017,SWE,Sweden,1775.4842100000005,40,CHN,China,88013.36139600001
goods_two_way_supplemental_public_metric_check,BRA,Brazil,2017,NOR,Norway,1759.0150870000002,41,CHN,China,88013.36139600001
goods_two_way_supplemental_public_metric_check,BRA,Brazil,2017,POL,Poland,1724.7604479999995,42,CHN,China,88013.36139600001
goods_two_way_supplemental_public_metric_check,BRA,Brazil,2017,NGA,Nigeria,1657.017212,43,CHN,China,88013.36139600001
goods_two_way_supplemental_public_metric_check,BRA,Brazil,2017,MAR,Morocco,1642.195467,44,CHN,China,88013.36139600001
goods_two_way_supplemental_public_metric_check,BRA,Brazil,2017,ISR,Israel,1231.2761230000003,45,CHN,China,88013.36139600001
goods_two_way_supplemental_public_metric_check,BRA,Brazil,2017,AUT,Austria,1212.0132569999996,46,CHN,China,88013.36139600001
goods_two_way_supplemental_public_metric_check,BRA,Brazil,2017,FIN,Finland,1123.090091,47,CHN,China,88013.36139600001
goods_two_way_supplemental_public_metric_check,BRA,Brazil,2017,VEN,Venezuela,1051.251998,48,CHN,China,88013.36139600001
goods_two_way_supplemental_public_metric_check,BRA,Brazil,2017,ECU,Ecuador,1005.9198660000001,49,CHN,China,88013.36139600001
goods_two_way_supplemental_public_metric_check,BRA,Brazil,2017,OMN,Oman,984.7627640000001,50,CHN,China,88013.36139600001
goods_two_way_supplemental_public_metric_check,BRA,Brazil,2017,AGO,Angola,983.8354700000001,51,CHN,China,88013.36139600001
goods_two_way_supplemental_public_metric_check,BRA,Brazil,2017,IRQ,Iraq,942.1968450000002,52,CHN,China,88013.36139600001
goods_two_way_supplemental_public_metric_check,BRA,Brazil,2017,IRN,Iran,843.3913680000003,53,CHN,China,88013.36139600001
goods_two_way_supplemental_public_metric_check,BRA,Brazil,2017,PHL,Philippines,838.9059629999999,54,CHN,China,88013.36139600001
goods_two_way_supplemental_public_metric_check,BRA,Brazil,2017,QAT,Qatar,827.617168,55,CHN,China,88013.36139600001
goods_two_way_supplemental_public_metric_check,BRA,Brazil,2017,DNK,Denmark,796.8406339999998,56,CHN,China,88013.36139600001
goods_two_way_supplemental_public_metric_check,BRA,Brazil,2017,TTO,Trinidad & Tobago,773.679318,57,CHN,China,88013.36139600001
goods_two_way_supplemental_public_metric_check,BRA,Brazil,2017,IRL,Ireland,767.257537,58,CHN,China,88013.36139600001
goods_two_way_supplemental_public_metric_check,BRA,Brazil,2017,CZE,Czechia,756.0910410000001,59,CHN,China,88013.36139600001
goods_two_way_supplemental_public_metric_check,BRA,Brazil,2017,DOM,Dominican Republic,682.8137729999999,60,CHN,China,88013.36139600001
goods_two_way_supplemental_public_metric_check,BRA,Brazil,2017,ROU,Romania,678.550538,61,CHN,China,88013.36139600001
goods_two_way_supplemental_public_metric_check,BRA,Brazil,2017,PAK,Pakistan,672.2647240000001,62,CHN,China,88013.36139600001
goods_two_way_supplemental_public_metric_check,BRA,Brazil,2017,BLR,Belarus,655.0976479999999,63,CHN,China,88013.36139600001
goods_two_way_supplemental_public_metric_check,BRA,Brazil,2017,PAN,Panama,654.790966,64,CHN,China,88013.36139600001
goods_two_way_supplemental_public_metric_check,BRA,Brazil,2017,HUN,Hungary,566.8397659999998,65,CHN,China,88013.36139600001
goods_two_way_supplemental_public_metric_check,BRA,Brazil,2017,BHR,Bahrain,540.9558820000001,66,CHN,China,88013.36139600001
goods_two_way_supplemental_public_metric_check,BRA,Brazil,2017,CUB,Cuba,459.9785749999999,67,CHN,China,88013.36139600001
goods_two_way_supplemental_public_metric_check,BRA,Brazil,2017,LCA,St. Lucia,447.2173709999999,68,CHN,China,88013.36139600001
goods_two_way_supplemental_public_metric_check,BRA,Brazil,2017,KWT,Kuwait,431.1730369999999,69,CHN,China,88013.36139600001
goods_two_way_supplemental_public_metric_check,BRA,Brazil,2017,TUN,Tunisia,413.26221199999986,70,CHN,China,88013.36139600001
goods_two_way_supplemental_public_metric_check,BRA,Brazil,2017,GHA,Ghana,407.10614,71,CHN,China,88013.36139600001
goods_two_way_supplemental_public_metric_check,BRA,Brazil,2017,YEM,Yemen,403.9235380000001,72,CHN,China,88013.36139600001
goods_two_way_supplemental_public_metric_check,BRA,Brazil,2017,CRI,Costa Rica,384.36236600000007,73,CHN,China,88013.36139600001
goods_two_way_supplemental_public_metric_check,BRA,Brazil,2017,LBN,Lebanon,318.80703200000005,74,CHN,China,88013.36139600001
goods_two_way_supplemental_public_metric_check,BRA,Brazil,2017,GTM,Guatemala,318.5997190000001,75,CHN,China,88013.36139600001
goods_two_way_supplemental_public_metric_check,BRA,Brazil,2017,JOR,Jordan,316.091178,76,CHN,China,88013.36139600001
goods_two_way_supplemental_public_metric_check,BRA,Brazil,2017,SVN,Slovenia,312.78015400000004,77,CHN,China,88013.36139600001
goods_two_way_supplemental_public_metric_check,BRA,Brazil,2017,UZB,Uzbekistan,310.69889100000006,78,CHN,China,88013.36139600001
goods_two_way_supplemental_public_metric_check,BRA,Brazil,2017,KEN,Kenya,272.359702,79,CHN,China,88013.36139600001
goods_two_way_supplemental_public_metric_check,BRA,Brazil,2017,ISL,Iceland,252.03011600000002,80,CHN,China,88013.36139600001
goods_two_way_supplemental_public_metric_check,BRA,Brazil,2017,MMR,Myanmar (Burma),251.776399,81,CHN,China,88013.36139600001
goods_two_way_supplemental_public_metric_check,BRA,Brazil,2017,CYM,Cayman Islands,243.73009900000002,82,CHN,China,88013.36139600001
goods_two_way_supplemental_public_metric_check,BRA,Brazil,2017,UKR,Ukraine,238.00806100000005,83,CHN,China,88013.36139600001
goods_two_way_supplemental_public_metric_check,BRA,Brazil,2017,BHS,Bahamas,232.95007800000005,84,CHN,China,88013.36139600001
goods_two_way_supplemental_public_metric_check,BRA,Brazil,2017,LBY,Libya,202.99523799999997,85,CHN,China,88013.36139600001
goods_two_way_supplemental_public_metric_check,BRA,Brazil,2017,ETH,Ethiopia,191.74737899999994,86,CHN,China,88013.36139600001
goods_two_way_supplemental_public_metric_check,BRA,Brazil,2017,SVK,Slovakia,188.026507,87,CHN,China,88013.36139600001
goods_two_way_supplemental_public_metric_check,BRA,Brazil,2017,NZL,New Zealand,186.02435400000005,88,CHN,China,88013.36139600001
goods_two_way_supplemental_public_metric_check,BRA,Brazil,2017,LKA,Sri Lanka,185.67301399999997,89,CHN,China,88013.36139600001
goods_two_way_supplemental_public_metric_check,BRA,Brazil,2017,SEN,Senegal,178.49759899999995,90,CHN,China,88013.36139600001
goods_two_way_supplemental_public_metric_check,BRA,Brazil,2017,MOZ,Mozambique,176.49199599999997,91,CHN,China,88013.36139600001
goods_two_way_supplemental_public_metric_check,BRA,Brazil,2017,NIC,Nicaragua,176.22284000000002,92,CHN,China,88013.36139600001
goods_two_way_supplemental_public_metric_check,BRA,Brazil,2017,SLV,El Salvador,174.65999700000003,93,CHN,China,88013.36139600001
goods_two_way_supplemental_public_metric_check,BRA,Brazil,2017,KAZ,Kazakhstan,173.70529299999998,94,CHN,China,88013.36139600001
goods_two_way_supplemental_public_metric_check,BRA,Brazil,2017,BGR,Bulgaria,172.89953099999997,95,CHN,China,88013.36139600001
goods_two_way_supplemental_public_metric_check,BRA,Brazil,2017,HND,Honduras,167.421174,96,CHN,China,88013.36139600001
goods_two_way_supplemental_public_metric_check,BRA,Brazil,2017,CIV,Côte d'Ivoire,154.26420099999996,97,CHN,China,88013.36139600001
goods_two_way_supplemental_public_metric_check,BRA,Brazil,2017,AZE,Azerbaijan,151.125191,98,CHN,China,88013.36139600001
goods_two_way_supplemental_public_metric_check,BRA,Brazil,2017,GRC,Greece,142.885287,99,CHN,China,88013.36139600001
goods_two_way_supplemental_public_metric_check,BRA,Brazil,2017,SRB,Serbia,141.62357799999998,100,CHN,China,88013.36139600001
goods_two_way_supplemental_public_metric_check,BRA,Brazil,2017,BIH,Bosnia & Herzegovina,114.09305,101,CHN,China,88013.36139600001
goods_two_way_supplemental_public_metric_check,BRA,Brazil,2017,CMR,Cameroon,99.694276,102,CHN,China,88013.36139600001
goods_two_way_supplemental_public_metric_check,BRA,Brazil,2017,GEO,Georgia,97.65363200000002,103,CHN,China,88013.36139600001
goods_two_way_supplemental_public_metric_check,BRA,Brazil,2017,CUW,Curaçao,97.103052,104,CHN,China,88013.36139600001
goods_two_way_supplemental_public_metric_check,BRA,Brazil,2017,GNQ,Equatorial Guinea,87.334351,105,CHN,China,88013.36139600001
goods_two_way_supplemental_public_metric_check,BRA,Brazil,2017,MLI,Mali,86.75449599999999,106,CHN,China,88013.36139600001
goods_two_way_supplemental_public_metric_check,BRA,Brazil,2017,HRV,Croatia,83.14425500000003,107,CHN,China,88013.36139600001
goods_two_way_supplemental_public_metric_check,BRA,Brazil,2017,JAM,Jamaica,81.51479699999999,108,CHN,China,88013.36139600001
goods_two_way_supplemental_public_metric_check,BRA,Brazil,2017,SYR,Syria,80.676971,109,CHN,China,88013.36139600001
goods_two_way_supplemental_public_metric_check,BRA,Brazil,2017,EST,Estonia,78.707602,110,CHN,China,88013.36139600001
goods_two_way_supplemental_public_metric_check,BRA,Brazil,2017,LUX,Luxembourg,74.392166,111,CHN,China,88013.36139600001
goods_two_way_supplemental_public_metric_check,BRA,Brazil,2017,SLE,Sierra Leone,72.71809,112,CHN,China,88013.36139600001
goods_two_way_supplemental_public_metric_check,BRA,Brazil,2017,MUS,Mauritius,71.99010100000001,113,CHN,China,88013.36139600001
goods_two_way_supplemental_public_metric_check,BRA,Brazil,2017,HTI,Haiti,70.86978700000002,114,CHN,China,88013.36139600001
goods_two_way_supplemental_public_metric_check,BRA,Brazil,2017,SOM,Somalia,69.65920099999998,115,CHN,China,88013.36139600001
goods_two_way_supplemental_public_metric_check,BRA,Brazil,2017,GIN,Guinea,68.76699900000001,116,CHN,China,88013.36139600001
goods_two_way_supplemental_public_metric_check,BRA,Brazil,2017,ARM,Armenia,63.353339999999996,117,CHN,China,88013.36139600001
goods_two_way_supplemental_public_metric_check,BRA,Brazil,2017,CYP,Cyprus,63.292540999999986,118,CHN,China,88013.36139600001
goods_two_way_supplemental_public_metric_check,BRA,Brazil,2017,MDG,Madagascar,62.384289,119,CHN,China,88013.36139600001
goods_two_way_supplemental_public_metric_check,BRA,Brazil,2017,DJI,Djibouti,62.186267,120,CHN,China,88013.36139600001
goods_two_way_supplemental_public_metric_check,BRA,Brazil,2017,BEN,Benin,61.3587,121,CHN,China,88013.36139600001
goods_two_way_supplemental_public_metric_check,BRA,Brazil,2017,COD,Congo - Kinshasa,58.928215,122,CHN,China,88013.36139600001
goods_two_way_supplemental_public_metric_check,BRA,Brazil,2017,LTU,Lithuania,58.503730999999995,123,CHN,China,88013.36139600001
goods_two_way_supplemental_public_metric_check,BRA,Brazil,2017,MRT,Mauritania,57.074355,124,CHN,China,88013.36139600001
goods_two_way_supplemental_public_metric_check,BRA,Brazil,2017,MAC,Macao,53.79490799999999,125,CHN,China,88013.36139600001
goods_two_way_supplemental_public_metric_check,BRA,Brazil,2017,TZA,Tanzania,52.400363999999996,126,CHN,China,88013.36139600001
goods_two_way_supplemental_public_metric_check,BRA,Brazil,2017,ABW,Aruba,50.312271,127,CHN,China,88013.36139600001
goods_two_way_supplemental_public_metric_check,BRA,Brazil,2017,MKD,North Macedonia,48.369617000000005,128,CHN,China,88013.36139600001
goods_two_way_supplemental_public_metric_check,BRA,Brazil,2017,SUR,Suriname,47.01371,129,CHN,China,88013.36139600001
goods_two_way_supplemental_public_metric_check,BRA,Brazil,2017,SDN,Sudan,42.987286,130,CHN,China,88013.36139600001
goods_two_way_supplemental_public_metric_check,BRA,Brazil,2017,GMB,Gambia,42.86297299999999,131,CHN,China,88013.36139600001
goods_two_way_supplemental_public_metric_check,BRA,Brazil,2017,GAB,Gabon,40.97244100000001,132,CHN,China,88013.36139600001
goods_two_way_supplemental_public_metric_check,BRA,Brazil,2017,KHM,Cambodia,40.740944999999996,133,CHN,China,88013.36139600001
goods_two_way_supplemental_public_metric_check,BRA,Brazil,2017,NAM,Namibia,40.48525800000001,134,CHN,China,88013.36139600001
goods_two_way_supplemental_public_metric_check,BRA,Brazil,2017,GUY,Guyana,38.959612000000014,135,CHN,China,88013.36139600001
goods_two_way_supplemental_public_metric_check,BRA,Brazil,2017,COG,Congo - Brazzaville,36.815573,136,CHN,China,88013.36139600001
goods_two_way_supplemental_public_metric_check,BRA,Brazil,2017,UGA,Uganda,35.370129,137,CHN,China,88013.36139600001
goods_two_way_supplemental_public_metric_check,BRA,Brazil,2017,TGO,Togo,30.526864999999997,138,CHN,China,88013.36139600001
goods_two_way_supplemental_public_metric_check,BRA,Brazil,2017,CPV,Cape Verde,30.183335,139,CHN,China,88013.36139600001
goods_two_way_supplemental_public_metric_check,BRA,Brazil,2017,NER,Niger,27.164700000000007,140,CHN,China,88013.36139600001
goods_two_way_supplemental_public_metric_check,BRA,Brazil,2017,LBR,Liberia,26.801355999999995,141,CHN,China,88013.36139600001
goods_two_way_supplemental_public_metric_check,BRA,Brazil,2017,BFA,Burkina Faso,26.679697,142,CHN,China,88013.36139600001
goods_two_way_supplemental_public_metric_check,BRA,Brazil,2017,RWA,Rwanda,26.131328,143,CHN,China,88013.36139600001
goods_two_way_supplemental_public_metric_check,BRA,Brazil,2017,ALB,Albania,22.677733000000007,144,CHN,China,88013.36139600001
goods_two_way_supplemental_public_metric_check,BRA,Brazil,2017,MLT,Malta,22.117764,145,CHN,China,88013.36139600001
goods_two_way_supplemental_public_metric_check,BRA,Brazil,2017,LVA,Latvia,21.593714,146,CHN,China,88013.36139600001
goods_two_way_supplemental_public_metric_check,BRA,Brazil,2017,ZMB,Zambia,20.833312,147,CHN,China,88013.36139600001
goods_two_way_supplemental_public_metric_check,BRA,Brazil,2017,NPL,Nepal,19.880779000000004,148,CHN,China,88013.36139600001
goods_two_way_supplemental_public_metric_check,BRA,Brazil,2017,BRB,Barbados,18.102546999999998,149,CHN,China,88013.36139600001
goods_two_way_supplemental_public_metric_check,BRA,Brazil,2017,PSE,Palestine,18.096149,150,CHN,China,88013.36139600001
goods_two_way_supplemental_public_metric_check,BRA,Brazil,2017,MDV,Maldives,17.757933999999995,151,CHN,China,88013.36139600001
goods_two_way_supplemental_public_metric_check,BRA,Brazil,2017,ERI,Eritrea,15.357718000000002,152,CHN,China,88013.36139600001
goods_two_way_supplemental_public_metric_check,BRA,Brazil,2017,TLS,Timor-Leste,15.146551,153,CHN,China,88013.36139600001
goods_two_way_supplemental_public_metric_check,BRA,Brazil,2017,SYC,Seychelles,12.862229,154,CHN,China,88013.36139600001
goods_two_way_supplemental_public_metric_check,BRA,Brazil,2017,MNE,Montenegro,12.064480999999999,155,CHN,China,88013.36139600001
goods_two_way_supplemental_public_metric_check,BRA,Brazil,2017,SMR,San Marino,10.172229,156,CHN,China,88013.36139600001
goods_two_way_supplemental_public_metric_check,BRA,Brazil,2017,AFG,Afghanistan,9.630652000000001,157,CHN,China,88013.36139600001
goods_two_way_supplemental_public_metric_check,BRA,Brazil,2017,ATG,Antigua & Barbuda,8.573077999999997,158,CHN,China,88013.36139600001
goods_two_way_supplemental_public_metric_check,BRA,Brazil,2017,MDA,Moldova,8.566285,159,CHN,China,88013.36139600001
goods_two_way_supplemental_public_metric_check,BRA,Brazil,2017,CAF,Central African Republic,8.322332999999999,160,CHN,China,88013.36139600001
goods_two_way_supplemental_public_metric_check,BRA,Brazil,2017,TKM,Turkmenistan,8.047786,161,CHN,China,88013.36139600001
goods_two_way_supplemental_public_metric_check,BRA,Brazil,2017,NCL,New Caledonia,7.880725000000001,162,CHN,China,88013.36139600001
goods_two_way_supplemental_public_metric_check,BRA,Brazil,2017,MNG,Mongolia,7.815157999999999,163,CHN,China,88013.36139600001
goods_two_way_supplemental_public_metric_check,BRA,Brazil,2017,ZWE,Zimbabwe,7.379278999999999,164,CHN,China,88013.36139600001
goods_two_way_supplemental_public_metric_check,BRA,Brazil,2017,TKL,Tokelau,5.994078,165,CHN,China,88013.36139600001
goods_two_way_supplemental_public_metric_check,BRA,Brazil,2017,BLZ,Belize,5.638856999999999,166,CHN,China,88013.36139600001
goods_two_way_supplemental_public_metric_check,BRA,Brazil,2017,GRD,Grenada,5.459238000000001,167,CHN,China,88013.36139600001
goods_two_way_supplemental_public_metric_check,BRA,Brazil,2017,TJK,Tajikistan,5.371051,168,CHN,China,88013.36139600001
goods_two_way_supplemental_public_metric_check,BRA,Brazil,2017,VGB,British Virgin Islands,5.262897000000001,169,CHN,China,88013.36139600001
goods_two_way_supplemental_public_metric_check,BRA,Brazil,2017,KNA,St. Kitts & Nevis,4.2407379999999995,170,CHN,China,88013.36139600001
goods_two_way_supplemental_public_metric_check,BRA,Brazil,2017,PRK,North Korea,4.200952999999999,171,CHN,China,88013.36139600001
goods_two_way_supplemental_public_metric_check,BRA,Brazil,2017,GNB,Guinea-Bissau,3.509939,172,CHN,China,88013.36139600001
goods_two_way_supplemental_public_metric_check,BRA,Brazil,2017,PNG,Papua New Guinea,3.076241,173,CHN,China,88013.36139600001
goods_two_way_supplemental_public_metric_check,BRA,Brazil,2017,VCT,St. Vincent & Grenadines,2.8423629999999998,174,CHN,China,88013.36139600001
goods_two_way_supplemental_public_metric_check,BRA,Brazil,2017,MWI,Malawi,2.8300850000000004,175,CHN,China,88013.36139600001
goods_two_way_supplemental_public_metric_check,BRA,Brazil,2017,LSO,Lesotho,2.813985,176,CHN,China,88013.36139600001
goods_two_way_supplemental_public_metric_check,BRA,Brazil,2017,WSM,Samoa,2.6416079999999997,177,CHN,China,88013.36139600001
goods_two_way_supplemental_public_metric_check,BRA,Brazil,2017,SWZ,Eswatini,2.2998409999999994,178,CHN,China,88013.36139600001
goods_two_way_supplemental_public_metric_check,BRA,Brazil,2017,STP,São Tomé & Príncipe,2.2197770000000006,179,CHN,China,88013.36139600001
goods_two_way_supplemental_public_metric_check,BRA,Brazil,2017,PYF,French Polynesia,2.1704570000000007,180,CHN,China,88013.36139600001
goods_two_way_supplemental_public_metric_check,BRA,Brazil,2017,LAO,Laos,2.151026,181,CHN,China,88013.36139600001
goods_two_way_supplemental_public_metric_check,BRA,Brazil,2017,FJI,Fiji,1.4909039999999998,182,CHN,China,88013.36139600001
goods_two_way_supplemental_public_metric_check,BRA,Brazil,2017,BDI,Burundi,1.4144590000000001,183,CHN,China,88013.36139600001
goods_two_way_supplemental_public_metric_check,BRA,Brazil,2017,TON,Tonga,1.1877799999999998,184,CHN,China,88013.36139600001
goods_two_way_supplemental_public_metric_check,BRA,Brazil,2017,DMA,Dominica,1.1219109999999999,185,CHN,China,88013.36139600001
goods_two_way_supplemental_public_metric_check,BRA,Brazil,2017,BRN,Brunei,1.1161070000000002,186,CHN,China,88013.36139600001
goods_two_way_supplemental_public_metric_check,BRA,Brazil,2017,GRL,Greenland,1.082258,187,CHN,China,88013.36139600001
goods_two_way_supplemental_public_metric_check,BRA,Brazil,2017,SXM,Sint Maarten,1.067435,188,CHN,China,88013.36139600001
goods_two_way_supplemental_public_metric_check,BRA,Brazil,2017,BMU,Bermuda,0.9734119999999999,189,CHN,China,88013.36139600001
goods_two_way_supplemental_public_metric_check,BRA,Brazil,2017,UMI,United States Minor Outlying Islands (the),0.8865309999999998,190,CHN,China,88013.36139600001
goods_two_way_supplemental_public_metric_check,BRA,Brazil,2017,AIA,Anguilla,0.8863609999999998,191,CHN,China,88013.36139600001
goods_two_way_supplemental_public_metric_check,BRA,Brazil,2017,KGZ,Kyrgyzstan,0.8540910000000002,192,CHN,China,88013.36139600001
goods_two_way_supplemental_public_metric_check,BRA,Brazil,2017,TCD,Chad,0.8232629999999999,193,CHN,China,88013.36139600001
goods_two_way_supplemental_public_metric_check,BRA,Brazil,2017,BWA,Botswana,0.8099889999999998,194,CHN,China,88013.36139600001
goods_two_way_supplemental_public_metric_check,BRA,Brazil,2017,TCA,Turks & Caicos Islands,0.643938,195,CHN,China,88013.36139600001
goods_two_way_supplemental_public_metric_check,BRA,Brazil,2017,COM,Comoros,0.641903,196,CHN,China,88013.36139600001
goods_two_way_supplemental_public_metric_check,BRA,Brazil,2017,BES,Caribbean Netherlands,0.47884999999999994,197,CHN,China,88013.36139600001
goods_two_way_supplemental_public_metric_check,BRA,Brazil,2017,BLM,St. Barthélemy,0.460844,198,CHN,China,88013.36139600001
goods_two_way_supplemental_public_metric_check,BRA,Brazil,2017,NIU,Niue,0.42635500000000004,199,CHN,China,88013.36139600001
goods_two_way_supplemental_public_metric_check,BRA,Brazil,2017,BTN,Bhutan,0.343731,200,CHN,China,88013.36139600001
goods_two_way_supplemental_public_metric_check,BRA,Brazil,2017,GUM,Guam,0.318224,201,CHN,China,88013.36139600001
goods_two_way_supplemental_public_metric_check,BRA,Brazil,2017,GIB,Gibraltar,0.285798,202,CHN,China,88013.36139600001
goods_two_way_supplemental_public_metric_check,BRA,Brazil,2017,SSD,South Sudan,0.217453,203,CHN,China,88013.36139600001
goods_two_way_supplemental_public_metric_check,BRA,Brazil,2017,VUT,Vanuatu,0.17032400000000003,204,CHN,China,88013.36139600001
goods_two_way_supplemental_public_metric_check,BRA,Brazil,2017,AND,Andorra,0.16967700000000002,205,CHN,China,88013.36139600001
goods_two_way_supplemental_public_metric_check,BRA,Brazil,2017,ASM,American Samoa,0.16503400000000001,206,CHN,China,88013.36139600001
goods_two_way_supplemental_public_metric_check,BRA,Brazil,2017,MSR,Montserrat,0.148514,207,CHN,China,88013.36139600001
goods_two_way_supplemental_public_metric_check,BRA,Brazil,2017,SLB,Solomon Islands,0.13432100000000002,208,CHN,China,88013.36139600001
goods_two_way_supplemental_public_metric_check,BRA,Brazil,2017,KIR,Kiribati,0.123233,209,CHN,China,88013.36139600001
goods_two_way_supplemental_public_metric_check,BRA,Brazil,2017,CCK,Cocos (Keeling) Islands,0.108944,210,CHN,China,88013.36139600001
goods_two_way_supplemental_public_metric_check,BRA,Brazil,2017,MHL,Marshall Islands,0.071633,211,CHN,China,88013.36139600001
goods_two_way_supplemental_public_metric_check,BRA,Brazil,2017,FSM,Micronesia (Federated States of),0.069733,212,CHN,China,88013.36139600001
goods_two_way_supplemental_public_metric_check,BRA,Brazil,2017,PCN,Pitcairn Islands,0.058433,213,CHN,China,88013.36139600001
goods_two_way_supplemental_public_metric_check,BRA,Brazil,2017,WLF,Wallis & Futuna,0.029317000000000003,214,CHN,China,88013.36139600001
goods_two_way_supplemental_public_metric_check,BRA,Brazil,2017,FRO,Faroe Islands,0.028136,215,CHN,China,88013.36139600001
goods_two_way_supplemental_public_metric_check,BRA,Brazil,2017,SHN,St. Helena,0.021985,216,CHN,China,88013.36139600001
goods_two_way_supplemental_public_metric_check,BRA,Brazil,2017,FLK,Falkland Islands,0.01291,217,CHN,China,88013.36139600001
goods_two_way_supplemental_public_metric_check,BRA,Brazil,2017,NFK,Norfolk Island,0.00679,218,CHN,China,88013.36139600001
goods_two_way_supplemental_public_metric_check,BRA,Brazil,2017,VAT,Vatican City,0.006154,219,CHN,China,88013.36139600001
goods_two_way_supplemental_public_metric_check,BRA,Brazil,2017,PLW,Palau,0.006141000000000001,220,CHN,China,88013.36139600001
goods_two_way_supplemental_public_metric_check,BRA,Brazil,2017,CXR,Christmas Island,0.002704,221,CHN,China,88013.36139600001
goods_two_way_supplemental_public_metric_check,BRA,Brazil,2017,MNP,Northern Mariana Islands,0.002465,222,CHN,China,88013.36139600001
goods_two_way_supplemental_public_metric_check,BRA,Brazil,2017,ESH,Western Sahara,0.002206,223,CHN,China,88013.36139600001
goods_two_way_supplemental_public_metric_check,BRA,Brazil,2017,COK,Cook Islands,0.001391,224,CHN,China,88013.36139600001
goods_two_way_supplemental_public_metric_check,BRA,Brazil,2017,NRU,Nauru,1.3e-5,225,CHN,China,88013.36139600001
goods_two_way_supplemental_public_metric_check,BRA,Brazil,2017,TUV,Tuvalu,1.1e-5,226,CHN,China,88013.36139600001
goods_two_way_supplemental_public_metric_check,BRA,Brazil,2018,CHN,China,114320.28951999999,1,CHN,China,114320.28951999999
goods_two_way_supplemental_public_metric_check,BRA,Brazil,2018,USA,United States,63152.30634699998,2,CHN,China,114320.28951999999
goods_two_way_supplemental_public_metric_check,BRA,Brazil,2018,ARG,Argentina,26966.123558,3,CHN,China,114320.28951999999
goods_two_way_supplemental_public_metric_check,BRA,Brazil,2018,DEU,Germany,19572.634018999997,4,CHN,China,114320.28951999999
goods_two_way_supplemental_public_metric_check,BRA,Brazil,2018,JPN,Japan,11919.646494,5,CHN,China,114320.28951999999
goods_two_way_supplemental_public_metric_check,BRA,Brazil,2018,MEX,Mexico,10082.512337999999,6,CHN,China,114320.28951999999
goods_two_way_supplemental_public_metric_check,BRA,Brazil,2018,CHL,Chile,9746.722796999999,7,CHN,China,114320.28951999999
goods_two_way_supplemental_public_metric_check,BRA,Brazil,2018,KOR,South Korea,9576.7458,8,CHN,China,114320.28951999999
goods_two_way_supplemental_public_metric_check,BRA,Brazil,2018,ITA,Italy,9063.925324,9,CHN,China,114320.28951999999
goods_two_way_supplemental_public_metric_check,BRA,Brazil,2018,ESP,Spain,8928.290593999998,10,CHN,China,114320.28951999999
goods_two_way_supplemental_public_metric_check,BRA,Brazil,2018,FRA,France,8818.091993000002,11,CHN,China,114320.28951999999
goods_two_way_supplemental_public_metric_check,BRA,Brazil,2018,IND,India,8658.708825,12,CHN,China,114320.28951999999
goods_two_way_supplemental_public_metric_check,BRA,Brazil,2018,CAN,Canada,6772.78744,13,CHN,China,114320.28951999999
goods_two_way_supplemental_public_metric_check,BRA,Brazil,2018,NLD,Netherlands,6254.015461999999,14,CHN,China,114320.28951999999
goods_two_way_supplemental_public_metric_check,BRA,Brazil,2018,RUS,Russia,6123.760553000001,15,CHN,China,114320.28951999999
goods_two_way_supplemental_public_metric_check,BRA,Brazil,2018,PRY,Paraguay,5977.468672999999,16,CHN,China,114320.28951999999
goods_two_way_supplemental_public_metric_check,BRA,Brazil,2018,GBR,United Kingdom,5535.982377,17,CHN,China,114320.28951999999
goods_two_way_supplemental_public_metric_check,BRA,Brazil,2018,VNM,Vietnam,4856.0437249999995,18,CHN,China,114320.28951999999
goods_two_way_supplemental_public_metric_check,BRA,Brazil,2018,SAU,Saudi Arabia,4724.678093999999,19,CHN,China,114320.28951999999
goods_two_way_supplemental_public_metric_check,BRA,Brazil,2018,COL,Colombia,4671.762346999999,20,CHN,China,114320.28951999999
goods_two_way_supplemental_public_metric_check,BRA,Brazil,2018,PER,Peru,4348.34283,21,CHN,China,114320.28951999999
goods_two_way_supplemental_public_metric_check,BRA,Brazil,2018,HKG,Hong Kong,4279.901837999999,22,CHN,China,114320.28951999999
goods_two_way_supplemental_public_metric_check,BRA,Brazil,2018,CHE,Switzerland,4040.1765989999994,23,CHN,China,114320.28951999999
goods_two_way_supplemental_public_metric_check,BRA,Brazil,2018,TWN,Taiwan,3919.6934999999994,24,CHN,China,114320.28951999999
goods_two_way_supplemental_public_metric_check,BRA,Brazil,2018,THA,Thailand,3821.644209,25,CHN,China,114320.28951999999
goods_two_way_supplemental_public_metric_check,BRA,Brazil,2018,TUR,Turkey,3793.900702000001,26,CHN,China,114320.28951999999
goods_two_way_supplemental_public_metric_check,BRA,Brazil,2018,BEL,Belgium,3724.3283090000004,27,CHN,China,114320.28951999999
goods_two_way_supplemental_public_metric_check,BRA,Brazil,2018,MYS,Malaysia,3654.773907,28,CHN,China,114320.28951999999
goods_two_way_supplemental_public_metric_check,BRA,Brazil,2018,DZA,Algeria,3537.4142610000004,29,CHN,China,114320.28951999999
goods_two_way_supplemental_public_metric_check,BRA,Brazil,2018,EGY,Egypt,3457.338677000001,30,CHN,China,114320.28951999999
goods_two_way_supplemental_public_metric_check,BRA,Brazil,2018,BOL,Bolivia,3408.0104679999995,31,CHN,China,114320.28951999999
goods_two_way_supplemental_public_metric_check,BRA,Brazil,2018,IDN,Indonesia,3241.535833,32,CHN,China,114320.28951999999
goods_two_way_supplemental_public_metric_check,BRA,Brazil,2018,ARE,United Arab Emirates,2990.1349719999994,33,CHN,China,114320.28951999999
goods_two_way_supplemental_public_metric_check,BRA,Brazil,2018,URY,Uruguay,2872.070439999999,34,CHN,China,114320.28951999999
goods_two_way_supplemental_public_metric_check,BRA,Brazil,2018,POL,Poland,2487.2757969999993,35,CHN,China,114320.28951999999
goods_two_way_supplemental_public_metric_check,BRA,Brazil,2018,SGP,Singapore,2363.4766870000003,36,CHN,China,114320.28951999999
goods_two_way_supplemental_public_metric_check,BRA,Brazil,2018,NGA,Nigeria,2344.637491,37,CHN,China,114320.28951999999
goods_two_way_supplemental_public_metric_check,BRA,Brazil,2018,PRT,Portugal,2316.337994,38,CHN,China,114320.28951999999
goods_two_way_supplemental_public_metric_check,BRA,Brazil,2018,SWE,Sweden,2030.2322060000001,39,CHN,China,114320.28951999999
goods_two_way_supplemental_public_metric_check,BRA,Brazil,2018,NOR,Norway,2004.9490439999995,40,CHN,China,114320.28951999999
goods_two_way_supplemental_public_metric_check,BRA,Brazil,2018,ZAF,South Africa,1960.878290000001,41,CHN,China,114320.28951999999
goods_two_way_supplemental_public_metric_check,BRA,Brazil,2018,AUS,Australia,1842.7372059999998,42,CHN,China,114320.28951999999
goods_two_way_supplemental_public_metric_check,BRA,Brazil,2018,MAR,Morocco,1611.205831,43,CHN,China,114320.28951999999
goods_two_way_supplemental_public_metric_check,BRA,Brazil,2018,ISR,Israel,1609.4706850000002,44,CHN,China,114320.28951999999
goods_two_way_supplemental_public_metric_check,BRA,Brazil,2018,AUT,Austria,1482.7359059999999,45,CHN,China,114320.28951999999
goods_two_way_supplemental_public_metric_check,BRA,Brazil,2018,BGD,Bangladesh,1435.4720119999997,46,CHN,China,114320.28951999999
goods_two_way_supplemental_public_metric_check,BRA,Brazil,2018,VEN,Venezuela,1389.1074130000002,47,CHN,China,114320.28951999999
goods_two_way_supplemental_public_metric_check,BRA,Brazil,2018,ECU,Ecuador,1105.748399,48,CHN,China,114320.28951999999
goods_two_way_supplemental_public_metric_check,BRA,Brazil,2018,AGO,Angola,1081.7467829999996,49,CHN,China,114320.28951999999
goods_two_way_supplemental_public_metric_check,BRA,Brazil,2018,FIN,Finland,1074.0444089999999,50,CHN,China,114320.28951999999
goods_two_way_supplemental_public_metric_check,BRA,Brazil,2018,TTO,Trinidad & Tobago,1009.785412,51,CHN,China,114320.28951999999
goods_two_way_supplemental_public_metric_check,BRA,Brazil,2018,DNK,Denmark,993.000862,52,CHN,China,114320.28951999999
goods_two_way_supplemental_public_metric_check,BRA,Brazil,2018,PHL,Philippines,951.4168609999997,53,CHN,China,114320.28951999999
goods_two_way_supplemental_public_metric_check,BRA,Brazil,2018,IRQ,Iraq,927.9364959999999,54,CHN,China,114320.28951999999
goods_two_way_supplemental_public_metric_check,BRA,Brazil,2018,IRL,Ireland,926.4979330000002,55,CHN,China,114320.28951999999
goods_two_way_supplemental_public_metric_check,BRA,Brazil,2018,CZE,Czechia,903.9056679999999,56,CHN,China,114320.28951999999
goods_two_way_supplemental_public_metric_check,BRA,Brazil,2018,DOM,Dominican Republic,836.261974,57,CHN,China,114320.28951999999
goods_two_way_supplemental_public_metric_check,BRA,Brazil,2018,BHR,Bahrain,796.45398,58,CHN,China,114320.28951999999
goods_two_way_supplemental_public_metric_check,BRA,Brazil,2018,ROU,Romania,786.122304,59,CHN,China,114320.28951999999
goods_two_way_supplemental_public_metric_check,BRA,Brazil,2018,OMN,Oman,782.8814460000001,60,CHN,China,114320.28951999999
goods_two_way_supplemental_public_metric_check,BRA,Brazil,2018,BLR,Belarus,753.7414879999999,61,CHN,China,114320.28951999999
goods_two_way_supplemental_public_metric_check,BRA,Brazil,2018,PAN,Panama,683.6546669999999,62,CHN,China,114320.28951999999
goods_two_way_supplemental_public_metric_check,BRA,Brazil,2018,QAT,Qatar,644.062347,63,CHN,China,114320.28951999999
goods_two_way_supplemental_public_metric_check,BRA,Brazil,2018,HUN,Hungary,593.773932,64,CHN,China,114320.28951999999
goods_two_way_supplemental_public_metric_check,BRA,Brazil,2018,PAK,Pakistan,578.186381,65,CHN,China,114320.28951999999
goods_two_way_supplemental_public_metric_check,BRA,Brazil,2018,IRN,Iran,557.350696,66,CHN,China,114320.28951999999
goods_two_way_supplemental_public_metric_check,BRA,Brazil,2018,KWT,Kuwait,516.498288,67,CHN,China,114320.28951999999
goods_two_way_supplemental_public_metric_check,BRA,Brazil,2018,CUB,Cuba,504.39593099999996,68,CHN,China,114320.28951999999
goods_two_way_supplemental_public_metric_check,BRA,Brazil,2018,CRI,Costa Rica,436.17520800000005,69,CHN,China,114320.28951999999
goods_two_way_supplemental_public_metric_check,BRA,Brazil,2018,LCA,St. Lucia,412.93001100000004,70,CHN,China,114320.28951999999
goods_two_way_supplemental_public_metric_check,BRA,Brazil,2018,SVN,Slovenia,386.748594,71,CHN,China,114320.28951999999
goods_two_way_supplemental_public_metric_check,BRA,Brazil,2018,TUN,Tunisia,377.418342,72,CHN,China,114320.28951999999
goods_two_way_supplemental_public_metric_check,BRA,Brazil,2018,LBN,Lebanon,374.78266900000006,73,CHN,China,114320.28951999999
goods_two_way_supplemental_public_metric_check,BRA,Brazil,2018,JOR,Jordan,367.42574999999994,74,CHN,China,114320.28951999999
goods_two_way_supplemental_public_metric_check,BRA,Brazil,2018,GRC,Greece,344.68307300000004,75,CHN,China,114320.28951999999
goods_two_way_supplemental_public_metric_check,BRA,Brazil,2018,LBY,Libya,325.38781000000006,76,CHN,China,114320.28951999999
goods_two_way_supplemental_public_metric_check,BRA,Brazil,2018,GTM,Guatemala,310.47606199999996,77,CHN,China,114320.28951999999
goods_two_way_supplemental_public_metric_check,BRA,Brazil,2018,GHA,Ghana,301.91204300000004,78,CHN,China,114320.28951999999
goods_two_way_supplemental_public_metric_check,BRA,Brazil,2018,CYP,Cyprus,269.76208099999997,79,CHN,China,114320.28951999999
goods_two_way_supplemental_public_metric_check,BRA,Brazil,2018,UKR,Ukraine,261.46537099999995,80,CHN,China,114320.28951999999
goods_two_way_supplemental_public_metric_check,BRA,Brazil,2018,SVK,Slovakia,248.92165400000005,81,CHN,China,114320.28951999999
goods_two_way_supplemental_public_metric_check,BRA,Brazil,2018,ISL,Iceland,233.866626,82,CHN,China,114320.28951999999
goods_two_way_supplemental_public_metric_check,BRA,Brazil,2018,YEM,Yemen,197.376583,83,CHN,China,114320.28951999999
goods_two_way_supplemental_public_metric_check,BRA,Brazil,2018,KAZ,Kazakhstan,193.77849099999997,84,CHN,China,114320.28951999999
goods_two_way_supplemental_public_metric_check,BRA,Brazil,2018,CYM,Cayman Islands,192.33802599999999,85,CHN,China,114320.28951999999
goods_two_way_supplemental_public_metric_check,BRA,Brazil,2018,NZL,New Zealand,188.71257499999996,86,CHN,China,114320.28951999999
goods_two_way_supplemental_public_metric_check,BRA,Brazil,2018,NIC,Nicaragua,186.310083,87,CHN,China,114320.28951999999
goods_two_way_supplemental_public_metric_check,BRA,Brazil,2018,HND,Honduras,177.83102200000002,88,CHN,China,114320.28951999999
goods_two_way_supplemental_public_metric_check,BRA,Brazil,2018,MOZ,Mozambique,177.31866399999996,89,CHN,China,114320.28951999999
goods_two_way_supplemental_public_metric_check,BRA,Brazil,2018,SEN,Senegal,171.17573199999998,90,CHN,China,114320.28951999999
goods_two_way_supplemental_public_metric_check,BRA,Brazil,2018,SLV,El Salvador,169.49367099999995,91,CHN,China,114320.28951999999
goods_two_way_supplemental_public_metric_check,BRA,Brazil,2018,AZE,Azerbaijan,168.74124200000003,92,CHN,China,114320.28951999999
goods_two_way_supplemental_public_metric_check,BRA,Brazil,2018,LBR,Liberia,137.99887899999996,93,CHN,China,114320.28951999999
goods_two_way_supplemental_public_metric_check,BRA,Brazil,2018,GEO,Georgia,137.92542,94,CHN,China,114320.28951999999
goods_two_way_supplemental_public_metric_check,BRA,Brazil,2018,CIV,Côte d'Ivoire,134.39389899999998,95,CHN,China,114320.28951999999
goods_two_way_supplemental_public_metric_check,BRA,Brazil,2018,BGR,Bulgaria,126.922024,96,CHN,China,114320.28951999999
goods_two_way_supplemental_public_metric_check,BRA,Brazil,2018,MHL,Marshall Islands,126.12181100000002,97,CHN,China,114320.28951999999
goods_two_way_supplemental_public_metric_check,BRA,Brazil,2018,SRB,Serbia,117.89592,98,CHN,China,114320.28951999999
goods_two_way_supplemental_public_metric_check,BRA,Brazil,2018,MMR,Myanmar (Burma),116.88495999999998,99,CHN,China,114320.28951999999
goods_two_way_supplemental_public_metric_check,BRA,Brazil,2018,COD,Congo - Kinshasa,107.959294,100,CHN,China,114320.28951999999
goods_two_way_supplemental_public_metric_check,BRA,Brazil,2018,CMR,Cameroon,105.01870700000002,101,CHN,China,114320.28951999999
goods_two_way_supplemental_public_metric_check,BRA,Brazil,2018,LUX,Luxembourg,103.87843199999999,102,CHN,China,114320.28951999999
goods_two_way_supplemental_public_metric_check,BRA,Brazil,2018,BIH,Bosnia & Herzegovina,99.77088499999998,103,CHN,China,114320.28951999999
goods_two_way_supplemental_public_metric_check,BRA,Brazil,2018,KEN,Kenya,94.989688,104,CHN,China,114320.28951999999
goods_two_way_supplemental_public_metric_check,BRA,Brazil,2018,EST,Estonia,89.18110899999999,105,CHN,China,114320.28951999999
goods_two_way_supplemental_public_metric_check,BRA,Brazil,2018,ETH,Ethiopia,83.888901,106,CHN,China,114320.28951999999
goods_two_way_supplemental_public_metric_check,BRA,Brazil,2018,JAM,Jamaica,83.013868,107,CHN,China,114320.28951999999
goods_two_way_supplemental_public_metric_check,BRA,Brazil,2018,LKA,Sri Lanka,81.14837600000003,108,CHN,China,114320.28951999999
goods_two_way_supplemental_public_metric_check,BRA,Brazil,2018,BEN,Benin,74.576476,109,CHN,China,114320.28951999999
goods_two_way_supplemental_public_metric_check,BRA,Brazil,2018,HRV,Croatia,73.68393400000001,110,CHN,China,114320.28951999999
goods_two_way_supplemental_public_metric_check,BRA,Brazil,2018,LTU,Lithuania,71.365079,111,CHN,China,114320.28951999999
goods_two_way_supplemental_public_metric_check,BRA,Brazil,2018,KHM,Cambodia,69.51372,112,CHN,China,114320.28951999999
goods_two_way_supplemental_public_metric_check,BRA,Brazil,2018,GMB,Gambia,68.76118699999999,113,CHN,China,114320.28951999999
goods_two_way_supplemental_public_metric_check,BRA,Brazil,2018,SYR,Syria,64.844773,114,CHN,China,114320.28951999999
goods_two_way_supplemental_public_metric_check,BRA,Brazil,2018,ARM,Armenia,62.547700000000006,115,CHN,China,114320.28951999999
goods_two_way_supplemental_public_metric_check,BRA,Brazil,2018,MAC,Macao,62.001541,116,CHN,China,114320.28951999999
goods_two_way_supplemental_public_metric_check,BRA,Brazil,2018,SOM,Somalia,60.745405,117,CHN,China,114320.28951999999
goods_two_way_supplemental_public_metric_check,BRA,Brazil,2018,GAB,Gabon,56.173922000000005,118,CHN,China,114320.28951999999
goods_two_way_supplemental_public_metric_check,BRA,Brazil,2018,MLI,Mali,54.936006,119,CHN,China,114320.28951999999
goods_two_way_supplemental_public_metric_check,BRA,Brazil,2018,MKD,North Macedonia,53.19868599999999,120,CHN,China,114320.28951999999
goods_two_way_supplemental_public_metric_check,BRA,Brazil,2018,NPL,Nepal,53.080766999999994,121,CHN,China,114320.28951999999
goods_two_way_supplemental_public_metric_check,BRA,Brazil,2018,HTI,Haiti,49.46813800000001,122,CHN,China,114320.28951999999
goods_two_way_supplemental_public_metric_check,BRA,Brazil,2018,GIN,Guinea,45.635128,123,CHN,China,114320.28951999999
goods_two_way_supplemental_public_metric_check,BRA,Brazil,2018,SLE,Sierra Leone,44.47539800000001,124,CHN,China,114320.28951999999
goods_two_way_supplemental_public_metric_check,BRA,Brazil,2018,UZB,Uzbekistan,42.545968,125,CHN,China,114320.28951999999
goods_two_way_supplemental_public_metric_check,BRA,Brazil,2018,MLT,Malta,40.174092,126,CHN,China,114320.28951999999
goods_two_way_supplemental_public_metric_check,BRA,Brazil,2018,NER,Niger,38.852149,127,CHN,China,114320.28951999999
goods_two_way_supplemental_public_metric_check,BRA,Brazil,2018,BHS,Bahamas,38.10983699999999,128,CHN,China,114320.28951999999
goods_two_way_supplemental_public_metric_check,BRA,Brazil,2018,GUY,Guyana,36.09620899999999,129,CHN,China,114320.28951999999
goods_two_way_supplemental_public_metric_check,BRA,Brazil,2018,BFA,Burkina Faso,33.59451299999999,130,CHN,China,114320.28951999999
goods_two_way_supplemental_public_metric_check,BRA,Brazil,2018,SUR,Suriname,32.113095,131,CHN,China,114320.28951999999
goods_two_way_supplemental_public_metric_check,BRA,Brazil,2018,COG,Congo - Brazzaville,31.786863000000007,132,CHN,China,114320.28951999999
goods_two_way_supplemental_public_metric_check,BRA,Brazil,2018,MRT,Mauritania,31.592141999999996,133,CHN,China,114320.28951999999
goods_two_way_supplemental_public_metric_check,BRA,Brazil,2018,ZMB,Zambia,30.844133000000006,134,CHN,China,114320.28951999999
goods_two_way_supplemental_public_metric_check,BRA,Brazil,2018,MDG,Madagascar,29.405351000000003,135,CHN,China,114320.28951999999
goods_two_way_supplemental_public_metric_check,BRA,Brazil,2018,CPV,Cape Verde,28.502164,136,CHN,China,114320.28951999999
goods_two_way_supplemental_public_metric_check,BRA,Brazil,2018,PSE,Palestine,26.742686999999997,137,CHN,China,114320.28951999999
goods_two_way_supplemental_public_metric_check,BRA,Brazil,2018,VGB,British Virgin Islands,26.230523,138,CHN,China,114320.28951999999
goods_two_way_supplemental_public_metric_check,BRA,Brazil,2018,ABW,Aruba,25.773905000000003,139,CHN,China,114320.28951999999
goods_two_way_supplemental_public_metric_check,BRA,Brazil,2018,TKM,Turkmenistan,25.723837000000003,140,CHN,China,114320.28951999999
goods_two_way_supplemental_public_metric_check,BRA,Brazil,2018,CUW,Curaçao,25.034582000000004,141,CHN,China,114320.28951999999
goods_two_way_supplemental_public_metric_check,BRA,Brazil,2018,LVA,Latvia,24.122731,142,CHN,China,114320.28951999999
goods_two_way_supplemental_public_metric_check,BRA,Brazil,2018,GIB,Gibraltar,24.093488000000004,143,CHN,China,114320.28951999999
goods_two_way_supplemental_public_metric_check,BRA,Brazil,2018,TGO,Togo,23.226969,144,CHN,China,114320.28951999999
goods_two_way_supplemental_public_metric_check,BRA,Brazil,2018,ALB,Albania,23.028255,145,CHN,China,114320.28951999999
goods_two_way_supplemental_public_metric_check,BRA,Brazil,2018,DJI,Djibouti,22.125714000000002,146,CHN,China,114320.28951999999
goods_two_way_supplemental_public_metric_check,BRA,Brazil,2018,GNQ,Equatorial Guinea,20.677267999999998,147,CHN,China,114320.28951999999
goods_two_way_supplemental_public_metric_check,BRA,Brazil,2018,TZA,Tanzania,20.45237899999999,148,CHN,China,114320.28951999999
goods_two_way_supplemental_public_metric_check,BRA,Brazil,2018,MUS,Mauritius,19.687210999999998,149,CHN,China,114320.28951999999
goods_two_way_supplemental_public_metric_check,BRA,Brazil,2018,UGA,Uganda,19.522735,150,CHN,China,114320.28951999999
goods_two_way_supplemental_public_metric_check,BRA,Brazil,2018,SDN,Sudan,19.168872,151,CHN,China,114320.28951999999
goods_two_way_supplemental_public_metric_check,BRA,Brazil,2018,BRB,Barbados,18.954085999999997,152,CHN,China,114320.28951999999
goods_two_way_supplemental_public_metric_check,BRA,Brazil,2018,ATG,Antigua & Barbuda,18.609422000000006,153,CHN,China,114320.28951999999
goods_two_way_supplemental_public_metric_check,BRA,Brazil,2018,AFG,Afghanistan,17.835387000000004,154,CHN,China,114320.28951999999
goods_two_way_supplemental_public_metric_check,BRA,Brazil,2018,NAM,Namibia,16.979024,155,CHN,China,114320.28951999999
goods_two_way_supplemental_public_metric_check,BRA,Brazil,2018,MDA,Moldova,16.896482,156,CHN,China,114320.28951999999
goods_two_way_supplemental_public_metric_check,BRA,Brazil,2018,MDV,Maldives,15.957331,157,CHN,China,114320.28951999999
goods_two_way_supplemental_public_metric_check,BRA,Brazil,2018,TJK,Tajikistan,13.711535999999999,158,CHN,China,114320.28951999999
goods_two_way_supplemental_public_metric_check,BRA,Brazil,2018,TLS,Timor-Leste,12.881602000000003,159,CHN,China,114320.28951999999
goods_two_way_supplemental_public_metric_check,BRA,Brazil,2018,MNG,Mongolia,12.205659,160,CHN,China,114320.28951999999
goods_two_way_supplemental_public_metric_check,BRA,Brazil,2018,SMR,San Marino,10.311143999999999,161,CHN,China,114320.28951999999
goods_two_way_supplemental_public_metric_check,BRA,Brazil,2018,MNE,Montenegro,9.675288000000002,162,CHN,China,114320.28951999999
goods_two_way_supplemental_public_metric_check,BRA,Brazil,2018,SYC,Seychelles,8.874244999999998,163,CHN,China,114320.28951999999
goods_two_way_supplemental_public_metric_check,BRA,Brazil,2018,BLZ,Belize,8.834610999999999,164,CHN,China,114320.28951999999
goods_two_way_supplemental_public_metric_check,BRA,Brazil,2018,GNB,Guinea-Bissau,7.545588,165,CHN,China,114320.28951999999
goods_two_way_supplemental_public_metric_check,BRA,Brazil,2018,PRK,North Korea,7.432929,166,CHN,China,114320.28951999999
goods_two_way_supplemental_public_metric_check,BRA,Brazil,2018,NCL,New Caledonia,6.795549000000001,167,CHN,China,114320.28951999999
goods_two_way_supplemental_public_metric_check,BRA,Brazil,2018,ZWE,Zimbabwe,5.763676000000001,168,CHN,China,114320.28951999999
goods_two_way_supplemental_public_metric_check,BRA,Brazil,2018,SXM,Sint Maarten,5.353257999999999,169,CHN,China,114320.28951999999
goods_two_way_supplemental_public_metric_check,BRA,Brazil,2018,GRD,Grenada,5.275415000000001,170,CHN,China,114320.28951999999
goods_two_way_supplemental_public_metric_check,BRA,Brazil,2018,LAO,Laos,5.247113,171,CHN,China,114320.28951999999
goods_two_way_supplemental_public_metric_check,BRA,Brazil,2018,KGZ,Kyrgyzstan,5.2026010000000005,172,CHN,China,114320.28951999999
goods_two_way_supplemental_public_metric_check,BRA,Brazil,2018,VCT,St. Vincent & Grenadines,4.243696000000001,173,CHN,China,114320.28951999999
goods_two_way_supplemental_public_metric_check,BRA,Brazil,2018,RWA,Rwanda,4.199585,174,CHN,China,114320.28951999999
goods_two_way_supplemental_public_metric_check,BRA,Brazil,2018,KNA,St. Kitts & Nevis,3.9147490000000005,175,CHN,China,114320.28951999999
goods_two_way_supplemental_public_metric_check,BRA,Brazil,2018,STP,São Tomé & Príncipe,3.238844,176,CHN,China,114320.28951999999
goods_two_way_supplemental_public_metric_check,BRA,Brazil,2018,WSM,Samoa,3.187602,177,CHN,China,114320.28951999999
goods_two_way_supplemental_public_metric_check,BRA,Brazil,2018,PNG,Papua New Guinea,3.0405439999999997,178,CHN,China,114320.28951999999
goods_two_way_supplemental_public_metric_check,BRA,Brazil,2018,CAF,Central African Republic,3.0237709999999995,179,CHN,China,114320.28951999999
goods_two_way_supplemental_public_metric_check,BRA,Brazil,2018,MWI,Malawi,2.9608290000000004,180,CHN,China,114320.28951999999
goods_two_way_supplemental_public_metric_check,BRA,Brazil,2018,PYF,French Polynesia,2.6637839999999997,181,CHN,China,114320.28951999999
goods_two_way_supplemental_public_metric_check,BRA,Brazil,2018,BMU,Bermuda,2.6229720000000003,182,CHN,China,114320.28951999999
goods_two_way_supplemental_public_metric_check,BRA,Brazil,2018,SWZ,Eswatini,2.5253400000000004,183,CHN,China,114320.28951999999
goods_two_way_supplemental_public_metric_check,BRA,Brazil,2018,BRN,Brunei,1.8775220000000004,184,CHN,China,114320.28951999999
goods_two_way_supplemental_public_metric_check,BRA,Brazil,2018,BWA,Botswana,1.7219929999999999,185,CHN,China,114320.28951999999
goods_two_way_supplemental_public_metric_check,BRA,Brazil,2018,BLM,St. Barthélemy,1.6303590000000001,186,CHN,China,114320.28951999999
goods_two_way_supplemental_public_metric_check,BRA,Brazil,2018,DMA,Dominica,1.5285579999999999,187,CHN,China,114320.28951999999
goods_two_way_supplemental_public_metric_check,BRA,Brazil,2018,FJI,Fiji,1.469875,188,CHN,China,114320.28951999999
goods_two_way_supplemental_public_metric_check,BRA,Brazil,2018,TCD,Chad,1.3920280000000003,189,CHN,China,114320.28951999999
goods_two_way_supplemental_public_metric_check,BRA,Brazil,2018,BES,Caribbean Netherlands,1.223668,190,CHN,China,114320.28951999999
goods_two_way_supplemental_public_metric_check,BRA,Brazil,2018,FLK,Falkland Islands,1.189406,191,CHN,China,114320.28951999999
goods_two_way_supplemental_public_metric_check,BRA,Brazil,2018,TON,Tonga,1.175649,192,CHN,China,114320.28951999999
goods_two_way_supplemental_public_metric_check,BRA,Brazil,2018,COM,Comoros,1.060801,193,CHN,China,114320.28951999999
goods_two_way_supplemental_public_metric_check,BRA,Brazil,2018,GUM,Guam,0.902056,194,CHN,China,114320.28951999999
goods_two_way_supplemental_public_metric_check,BRA,Brazil,2018,TUV,Tuvalu,0.9002209999999999,195,CHN,China,114320.28951999999
goods_two_way_supplemental_public_metric_check,BRA,Brazil,2018,AIA,Anguilla,0.785299,196,CHN,China,114320.28951999999
goods_two_way_supplemental_public_metric_check,BRA,Brazil,2018,TKL,Tokelau,0.7525799999999999,197,CHN,China,114320.28951999999
goods_two_way_supplemental_public_metric_check,BRA,Brazil,2018,TCA,Turks & Caicos Islands,0.7148370000000001,198,CHN,China,114320.28951999999
goods_two_way_supplemental_public_metric_check,BRA,Brazil,2018,GRL,Greenland,0.599019,199,CHN,China,114320.28951999999
goods_two_way_supplemental_public_metric_check,BRA,Brazil,2018,VUT,Vanuatu,0.5603419999999999,200,CHN,China,114320.28951999999
goods_two_way_supplemental_public_metric_check,BRA,Brazil,2018,ATA,Antarctica,0.46311199999999997,201,CHN,China,114320.28951999999
goods_two_way_supplemental_public_metric_check,BRA,Brazil,2018,SSD,South Sudan,0.442501,202,CHN,China,114320.28951999999
goods_two_way_supplemental_public_metric_check,BRA,Brazil,2018,NIU,Niue,0.38112799999999997,203,CHN,China,114320.28951999999
goods_two_way_supplemental_public_metric_check,BRA,Brazil,2018,AND,Andorra,0.341321,204,CHN,China,114320.28951999999
goods_two_way_supplemental_public_metric_check,BRA,Brazil,2018,COK,Cook Islands,0.324675,205,CHN,China,114320.28951999999
goods_two_way_supplemental_public_metric_check,BRA,Brazil,2018,UMI,United States Minor Outlying Islands (the),0.300472,206,CHN,China,114320.28951999999
goods_two_way_supplemental_public_metric_check,BRA,Brazil,2018,SLB,Solomon Islands,0.24663599999999997,207,CHN,China,114320.28951999999
goods_two_way_supplemental_public_metric_check,BRA,Brazil,2018,PCN,Pitcairn Islands,0.244792,208,CHN,China,114320.28951999999
goods_two_way_supplemental_public_metric_check,BRA,Brazil,2018,ASM,American Samoa,0.21437599999999998,209,CHN,China,114320.28951999999
goods_two_way_supplemental_public_metric_check,BRA,Brazil,2018,PLW,Palau,0.20797300000000002,210,CHN,China,114320.28951999999
goods_two_way_supplemental_public_metric_check,BRA,Brazil,2018,BTN,Bhutan,0.200784,211,CHN,China,114320.28951999999
goods_two_way_supplemental_public_metric_check,BRA,Brazil,2018,KIR,Kiribati,0.157216,212,CHN,China,114320.28951999999
goods_two_way_supplemental_public_metric_check,BRA,Brazil,2018,FSM,Micronesia (Federated States of),0.14835099999999998,213,CHN,China,114320.28951999999
goods_two_way_supplemental_public_metric_check,BRA,Brazil,2018,WLF,Wallis & Futuna,0.087064,214,CHN,China,114320.28951999999
goods_two_way_supplemental_public_metric_check,BRA,Brazil,2018,LSO,Lesotho,0.07647999999999999,215,CHN,China,114320.28951999999
goods_two_way_supplemental_public_metric_check,BRA,Brazil,2018,MSR,Montserrat,0.066066,216,CHN,China,114320.28951999999
goods_two_way_supplemental_public_metric_check,BRA,Brazil,2018,ERI,Eritrea,0.06533,217,CHN,China,114320.28951999999
goods_two_way_supplemental_public_metric_check,BRA,Brazil,2018,NRU,Nauru,0.05613,218,CHN,China,114320.28951999999
goods_two_way_supplemental_public_metric_check,BRA,Brazil,2018,BDI,Burundi,0.051159,219,CHN,China,114320.28951999999
goods_two_way_supplemental_public_metric_check,BRA,Brazil,2018,IOT,British Indian Ocean Territory,0.019474,220,CHN,China,114320.28951999999
goods_two_way_supplemental_public_metric_check,BRA,Brazil,2018,MNP,Northern Mariana Islands,0.013252,221,CHN,China,114320.28951999999
goods_two_way_supplemental_public_metric_check,BRA,Brazil,2018,FRO,Faroe Islands,0.012964,222,CHN,China,114320.28951999999
goods_two_way_supplemental_public_metric_check,BRA,Brazil,2018,SHN,St. Helena,0.012245999999999998,223,CHN,China,114320.28951999999
goods_two_way_supplemental_public_metric_check,BRA,Brazil,2018,ATF,French Southern Territories,0.012185999999999999,224,CHN,China,114320.28951999999
goods_two_way_supplemental_public_metric_check,BRA,Brazil,2018,CCK,Cocos (Keeling) Islands,0.008615,225,CHN,China,114320.28951999999
goods_two_way_supplemental_public_metric_check,BRA,Brazil,2018,CXR,Christmas Island,0.006054,226,CHN,China,114320.28951999999
goods_two_way_supplemental_public_metric_check,BRA,Brazil,2018,HMD,Heard & McDonald Islands,0.0047,227,CHN,China,114320.28951999999
goods_two_way_supplemental_public_metric_check,BRA,Brazil,2018,ESH,Western Sahara,0.001438,228,CHN,China,114320.28951999999
goods_two_way_supplemental_public_metric_check,BRA,Brazil,2018,BVT,Bouvet Island,0.001028,229,CHN,China,114320.28951999999
goods_two_way_supplemental_public_metric_check,BRA,Brazil,2018,NFK,Norfolk Island,8.46e-4,230,CHN,China,114320.28951999999
goods_two_way_supplemental_public_metric_check,BRA,Brazil,2018,VAT,Vatican City,4.39e-4,231,CHN,China,114320.28951999999
goods_two_way_supplemental_public_metric_check,BRA,Brazil,2019,CHN,China,117593.935664,1,CHN,China,117593.935664
goods_two_way_supplemental_public_metric_check,BRA,Brazil,2019,USA,United States,66044.237247,2,CHN,China,117593.935664
goods_two_way_supplemental_public_metric_check,BRA,Brazil,2019,ARG,Argentina,21039.493088000003,3,CHN,China,117593.935664
goods_two_way_supplemental_public_metric_check,BRA,Brazil,2019,DEU,Germany,18258.268431,4,CHN,China,117593.935664
goods_two_way_supplemental_public_metric_check,BRA,Brazil,2019,JPN,Japan,12859.700785000001,5,CHN,China,117593.935664
goods_two_way_supplemental_public_metric_check,BRA,Brazil,2019,KOR,South Korea,9510.964539,6,CHN,China,117593.935664
goods_two_way_supplemental_public_metric_check,BRA,Brazil,2019,MEX,Mexico,9487.464116000001,7,CHN,China,117593.935664
goods_two_way_supplemental_public_metric_check,BRA,Brazil,2019,CHL,Chile,8482.073564999999,8,CHN,China,117593.935664
goods_two_way_supplemental_public_metric_check,BRA,Brazil,2019,ITA,Italy,8353.358876,9,CHN,China,117593.935664
goods_two_way_supplemental_public_metric_check,BRA,Brazil,2019,FRA,France,8323.535134000002,10,CHN,China,117593.935664
goods_two_way_supplemental_public_metric_check,BRA,Brazil,2019,IND,India,7732.26073,11,CHN,China,117593.935664
goods_two_way_supplemental_public_metric_check,BRA,Brazil,2019,ESP,Spain,7373.521825,12,CHN,China,117593.935664
goods_two_way_supplemental_public_metric_check,BRA,Brazil,2019,NLD,Netherlands,6660.262465000001,13,CHN,China,117593.935664
goods_two_way_supplemental_public_metric_check,BRA,Brazil,2019,CAN,Canada,6654.0343870000015,14,CHN,China,117593.935664
goods_two_way_supplemental_public_metric_check,BRA,Brazil,2019,RUS,Russia,6140.482102000002,15,CHN,China,117593.935664
goods_two_way_supplemental_public_metric_check,BRA,Brazil,2019,GBR,United Kingdom,5638.332216999999,16,CHN,China,117593.935664
goods_two_way_supplemental_public_metric_check,BRA,Brazil,2019,PRY,Paraguay,5632.334415000001,17,CHN,China,117593.935664
goods_two_way_supplemental_public_metric_check,BRA,Brazil,2019,VNM,Vietnam,5417.41858,18,CHN,China,117593.935664
goods_two_way_supplemental_public_metric_check,BRA,Brazil,2019,COL,Colombia,4700.183379,19,CHN,China,117593.935664
goods_two_way_supplemental_public_metric_check,BRA,Brazil,2019,SAU,Saudi Arabia,4691.410811999998,20,CHN,China,117593.935664
goods_two_way_supplemental_public_metric_check,BRA,Brazil,2019,TWN,Taiwan,4334.2875189999995,21,CHN,China,117593.935664
goods_two_way_supplemental_public_metric_check,BRA,Brazil,2019,PER,Peru,4096.305046000001,22,CHN,China,117593.935664
goods_two_way_supplemental_public_metric_check,BRA,Brazil,2019,CHE,Switzerland,4090.1810429999996,23,CHN,China,117593.935664
goods_two_way_supplemental_public_metric_check,BRA,Brazil,2019,HKG,Hong Kong,3711.3894240000004,24,CHN,China,117593.935664
goods_two_way_supplemental_public_metric_check,BRA,Brazil,2019,THA,Thailand,3618.5046300000004,25,CHN,China,117593.935664
goods_two_way_supplemental_public_metric_check,BRA,Brazil,2019,BEL,Belgium,3452.8104490000005,26,CHN,China,117593.935664
goods_two_way_supplemental_public_metric_check,BRA,Brazil,2019,TUR,Turkey,3411.3332279999995,27,CHN,China,117593.935664
goods_two_way_supplemental_public_metric_check,BRA,Brazil,2019,IDN,Indonesia,3380.553734,28,CHN,China,117593.935664
goods_two_way_supplemental_public_metric_check,BRA,Brazil,2019,MYS,Malaysia,3300.8008449999998,29,CHN,China,117593.935664
goods_two_way_supplemental_public_metric_check,BRA,Brazil,2019,ARE,United Arab Emirates,3299.7650299999996,30,CHN,China,117593.935664
goods_two_way_supplemental_public_metric_check,BRA,Brazil,2019,SGP,Singapore,3293.285457,31,CHN,China,117593.935664
goods_two_way_supplemental_public_metric_check,BRA,Brazil,2019,BOL,Bolivia,3094.7969870000006,32,CHN,China,117593.935664
goods_two_way_supplemental_public_metric_check,BRA,Brazil,2019,EGY,Egypt,3077.276352,33,CHN,China,117593.935664
goods_two_way_supplemental_public_metric_check,BRA,Brazil,2019,URY,Uruguay,2888.7510220000004,34,CHN,China,117593.935664
goods_two_way_supplemental_public_metric_check,BRA,Brazil,2019,DZA,Algeria,2859.37261,35,CHN,China,117593.935664
goods_two_way_supplemental_public_metric_check,BRA,Brazil,2019,IRN,Iran,2528.9514180000006,36,CHN,China,117593.935664
goods_two_way_supplemental_public_metric_check,BRA,Brazil,2019,NOR,Norway,2166.0068739999997,37,CHN,China,117593.935664
goods_two_way_supplemental_public_metric_check,BRA,Brazil,2019,POL,Poland,2147.975357,38,CHN,China,117593.935664
goods_two_way_supplemental_public_metric_check,BRA,Brazil,2019,PRT,Portugal,2088.5354909999996,39,CHN,China,117593.935664
goods_two_way_supplemental_public_metric_check,BRA,Brazil,2019,SWE,Sweden,1809.9492409999998,40,CHN,China,117593.935664
goods_two_way_supplemental_public_metric_check,BRA,Brazil,2019,ZAF,South Africa,1758.3954710000003,41,CHN,China,117593.935664
goods_two_way_supplemental_public_metric_check,BRA,Brazil,2019,ISR,Israel,1663.5544799999998,42,CHN,China,117593.935664
goods_two_way_supplemental_public_metric_check,BRA,Brazil,2019,NGA,Nigeria,1639.0920810000002,43,CHN,China,117593.935664
goods_two_way_supplemental_public_metric_check,BRA,Brazil,2019,AUS,Australia,1633.4559330000002,44,CHN,China,117593.935664
goods_two_way_supplemental_public_metric_check,BRA,Brazil,2019,MAR,Morocco,1605.4903909999998,45,CHN,China,117593.935664
goods_two_way_supplemental_public_metric_check,BRA,Brazil,2019,BGD,Bangladesh,1585.5669019999998,46,CHN,China,117593.935664
goods_two_way_supplemental_public_metric_check,BRA,Brazil,2019,PHL,Philippines,1244.9809449999996,47,CHN,China,117593.935664
goods_two_way_supplemental_public_metric_check,BRA,Brazil,2019,AUT,Austria,1207.341009,48,CHN,China,117593.935664
goods_two_way_supplemental_public_metric_check,BRA,Brazil,2019,IRL,Ireland,1146.023543,49,CHN,China,117593.935664
goods_two_way_supplemental_public_metric_check,BRA,Brazil,2019,DNK,Denmark,1134.6824810000003,50,CHN,China,117593.935664
goods_two_way_supplemental_public_metric_check,BRA,Brazil,2019,OMN,Oman,1090.140701,51,CHN,China,117593.935664
goods_two_way_supplemental_public_metric_check,BRA,Brazil,2019,ECU,Ecuador,1062.179774,52,CHN,China,117593.935664
goods_two_way_supplemental_public_metric_check,BRA,Brazil,2019,FIN,Finland,979.0233959999998,53,CHN,China,117593.935664
goods_two_way_supplemental_public_metric_check,BRA,Brazil,2019,BHR,Bahrain,973.161868,54,CHN,China,117593.935664
goods_two_way_supplemental_public_metric_check,BRA,Brazil,2019,VEN,Venezuela,927.4676679999999,55,CHN,China,117593.935664
goods_two_way_supplemental_public_metric_check,BRA,Brazil,2019,IRQ,Iraq,926.8174120000001,56,CHN,China,117593.935664
goods_two_way_supplemental_public_metric_check,BRA,Brazil,2019,QAT,Qatar,905.521282,57,CHN,China,117593.935664
goods_two_way_supplemental_public_metric_check,BRA,Brazil,2019,AGO,Angola,870.1577199999998,58,CHN,China,117593.935664
goods_two_way_supplemental_public_metric_check,BRA,Brazil,2019,CZE,Czechia,798.7043759999998,59,CHN,China,117593.935664
goods_two_way_supplemental_public_metric_check,BRA,Brazil,2019,DOM,Dominican Republic,794.5148569999999,60,CHN,China,117593.935664
goods_two_way_supplemental_public_metric_check,BRA,Brazil,2019,ROU,Romania,718.444481,61,CHN,China,117593.935664
goods_two_way_supplemental_public_metric_check,BRA,Brazil,2019,BLR,Belarus,660.489402,62,CHN,China,117593.935664
goods_two_way_supplemental_public_metric_check,BRA,Brazil,2019,PAK,Pakistan,592.7598379999998,63,CHN,China,117593.935664
goods_two_way_supplemental_public_metric_check,BRA,Brazil,2019,TTO,Trinidad & Tobago,560.6703459999999,64,CHN,China,117593.935664
goods_two_way_supplemental_public_metric_check,BRA,Brazil,2019,HUN,Hungary,522.3096330000002,65,CHN,China,117593.935664
goods_two_way_supplemental_public_metric_check,BRA,Brazil,2019,LBY,Libya,453.47442700000005,66,CHN,China,117593.935664
goods_two_way_supplemental_public_metric_check,BRA,Brazil,2019,JOR,Jordan,408.33572000000004,67,CHN,China,117593.935664
goods_two_way_supplemental_public_metric_check,BRA,Brazil,2019,CRI,Costa Rica,405.7401729999999,68,CHN,China,117593.935664
goods_two_way_supplemental_public_metric_check,BRA,Brazil,2019,KWT,Kuwait,373.350774,69,CHN,China,117593.935664
goods_two_way_supplemental_public_metric_check,BRA,Brazil,2019,GTM,Guatemala,357.26411700000017,70,CHN,China,117593.935664
goods_two_way_supplemental_public_metric_check,BRA,Brazil,2019,PAN,Panama,342.86963999999995,71,CHN,China,117593.935664
goods_two_way_supplemental_public_metric_check,BRA,Brazil,2019,SVN,Slovenia,337.938871,72,CHN,China,117593.935664
goods_two_way_supplemental_public_metric_check,BRA,Brazil,2019,UKR,Ukraine,332.812542,73,CHN,China,117593.935664
goods_two_way_supplemental_public_metric_check,BRA,Brazil,2019,KAZ,Kazakhstan,331.228315,74,CHN,China,117593.935664
goods_two_way_supplemental_public_metric_check,BRA,Brazil,2019,GRC,Greece,324.63311999999996,75,CHN,China,117593.935664
goods_two_way_supplemental_public_metric_check,BRA,Brazil,2019,LBN,Lebanon,321.4626109999999,76,CHN,China,117593.935664
goods_two_way_supplemental_public_metric_check,BRA,Brazil,2019,TUN,Tunisia,310.64862200000005,77,CHN,China,117593.935664
goods_two_way_supplemental_public_metric_check,BRA,Brazil,2019,CUB,Cuba,293.595202,78,CHN,China,117593.935664
goods_two_way_supplemental_public_metric_check,BRA,Brazil,2019,LBR,Liberia,261.59414899999996,79,CHN,China,117593.935664
goods_two_way_supplemental_public_metric_check,BRA,Brazil,2019,CIV,Côte d'Ivoire,240.32356500000003,80,CHN,China,117593.935664
goods_two_way_supplemental_public_metric_check,BRA,Brazil,2019,SVK,Slovakia,233.64970300000002,81,CHN,China,117593.935664
goods_two_way_supplemental_public_metric_check,BRA,Brazil,2019,YEM,Yemen,221.215875,82,CHN,China,117593.935664
goods_two_way_supplemental_public_metric_check,BRA,Brazil,2019,MHL,Marshall Islands,216.128634,83,CHN,China,117593.935664
goods_two_way_supplemental_public_metric_check,BRA,Brazil,2019,JAM,Jamaica,200.76854799999995,84,CHN,China,117593.935664
goods_two_way_supplemental_public_metric_check,BRA,Brazil,2019,NZL,New Zealand,197.48121300000003,85,CHN,China,117593.935664
goods_two_way_supplemental_public_metric_check,BRA,Brazil,2019,SEN,Senegal,185.789429,86,CHN,China,117593.935664
goods_two_way_supplemental_public_metric_check,BRA,Brazil,2019,GHA,Ghana,174.860335,87,CHN,China,117593.935664
goods_two_way_supplemental_public_metric_check,BRA,Brazil,2019,SLV,El Salvador,174.778806,88,CHN,China,117593.935664
goods_two_way_supplemental_public_metric_check,BRA,Brazil,2019,BHS,Bahamas,169.54974300000003,89,CHN,China,117593.935664
goods_two_way_supplemental_public_metric_check,BRA,Brazil,2019,COD,Congo - Kinshasa,160.862022,90,CHN,China,117593.935664
goods_two_way_supplemental_public_metric_check,BRA,Brazil,2019,HND,Honduras,155.985312,91,CHN,China,117593.935664
goods_two_way_supplemental_public_metric_check,BRA,Brazil,2019,MOZ,Mozambique,154.14990500000002,92,CHN,China,117593.935664
goods_two_way_supplemental_public_metric_check,BRA,Brazil,2019,MLT,Malta,153.02126800000002,93,CHN,China,117593.935664
goods_two_way_supplemental_public_metric_check,BRA,Brazil,2019,ISL,Iceland,151.03353499999997,94,CHN,China,117593.935664
goods_two_way_supplemental_public_metric_check,BRA,Brazil,2019,GEO,Georgia,143.00110299999997,95,CHN,China,117593.935664
goods_two_way_supplemental_public_metric_check,BRA,Brazil,2019,BGR,Bulgaria,127.503027,96,CHN,China,117593.935664
goods_two_way_supplemental_public_metric_check,BRA,Brazil,2019,LUX,Luxembourg,117.237307,97,CHN,China,117593.935664
goods_two_way_supplemental_public_metric_check,BRA,Brazil,2019,AZE,Azerbaijan,116.04055999999999,98,CHN,China,117593.935664
goods_two_way_supplemental_public_metric_check,BRA,Brazil,2019,UZB,Uzbekistan,115.51108400000001,99,CHN,China,117593.935664
goods_two_way_supplemental_public_metric_check,BRA,Brazil,2019,MRT,Mauritania,112.10125099999999,100,CHN,China,117593.935664
goods_two_way_supplemental_public_metric_check,BRA,Brazil,2019,MMR,Myanmar (Burma),107.336473,101,CHN,China,117593.935664
goods_two_way_supplemental_public_metric_check,BRA,Brazil,2019,LKA,Sri Lanka,100.20976499999999,102,CHN,China,117593.935664
goods_two_way_supplemental_public_metric_check,BRA,Brazil,2019,SRB,Serbia,100.053252,103,CHN,China,117593.935664
goods_two_way_supplemental_public_metric_check,BRA,Brazil,2019,BIH,Bosnia & Herzegovina,99.40295299999998,104,CHN,China,117593.935664
goods_two_way_supplemental_public_metric_check,BRA,Brazil,2019,MLI,Mali,91.73731100000002,105,CHN,China,117593.935664
goods_two_way_supplemental_public_metric_check,BRA,Brazil,2019,BFA,Burkina Faso,91.426578,106,CHN,China,117593.935664
goods_two_way_supplemental_public_metric_check,BRA,Brazil,2019,CMR,Cameroon,91.01257900000002,107,CHN,China,117593.935664
goods_two_way_supplemental_public_metric_check,BRA,Brazil,2019,HRV,Croatia,86.99430799999999,108,CHN,China,117593.935664
goods_two_way_supplemental_public_metric_check,BRA,Brazil,2019,NIC,Nicaragua,84.96737599999997,109,CHN,China,117593.935664
goods_two_way_supplemental_public_metric_check,BRA,Brazil,2019,CYP,Cyprus,79.77916800000001,110,CHN,China,117593.935664
goods_two_way_supplemental_public_metric_check,BRA,Brazil,2019,KHM,Cambodia,78.522772,111,CHN,China,117593.935664
goods_two_way_supplemental_public_metric_check,BRA,Brazil,2019,GMB,Gambia,73.18091499999998,112,CHN,China,117593.935664
goods_two_way_supplemental_public_metric_check,BRA,Brazil,2019,SUR,Suriname,71.493865,113,CHN,China,117593.935664
goods_two_way_supplemental_public_metric_check,BRA,Brazil,2019,SYR,Syria,70.069364,114,CHN,China,117593.935664
goods_two_way_supplemental_public_metric_check,BRA,Brazil,2019,MAC,Macao,68.716808,115,CHN,China,117593.935664
goods_two_way_supplemental_public_metric_check,BRA,Brazil,2019,ARM,Armenia,68.09207300000001,116,CHN,China,117593.935664
goods_two_way_supplemental_public_metric_check,BRA,Brazil,2019,SLE,Sierra Leone,66.30407200000002,117,CHN,China,117593.935664
goods_two_way_supplemental_public_metric_check,BRA,Brazil,2019,LCA,St. Lucia,57.580657,118,CHN,China,117593.935664
goods_two_way_supplemental_public_metric_check,BRA,Brazil,2019,EST,Estonia,53.868173,119,CHN,China,117593.935664
goods_two_way_supplemental_public_metric_check,BRA,Brazil,2019,LTU,Lithuania,53.499887,120,CHN,China,117593.935664
goods_two_way_supplemental_public_metric_check,BRA,Brazil,2019,KEN,Kenya,52.810216000000004,121,CHN,China,117593.935664
goods_two_way_supplemental_public_metric_check,BRA,Brazil,2019,GAB,Gabon,51.8709,122,CHN,China,117593.935664
goods_two_way_supplemental_public_metric_check,BRA,Brazil,2019,GIN,Guinea,51.360062000000006,123,CHN,China,117593.935664
goods_two_way_supplemental_public_metric_check,BRA,Brazil,2019,MKD,North Macedonia,50.30079200000001,124,CHN,China,117593.935664
goods_two_way_supplemental_public_metric_check,BRA,Brazil,2019,BEN,Benin,49.731267,125,CHN,China,117593.935664
goods_two_way_supplemental_public_metric_check,BRA,Brazil,2019,GNQ,Equatorial Guinea,46.071315,126,CHN,China,117593.935664
goods_two_way_supplemental_public_metric_check,BRA,Brazil,2019,MUS,Mauritius,44.226269,127,CHN,China,117593.935664
goods_two_way_supplemental_public_metric_check,BRA,Brazil,2019,LVA,Latvia,44.142201,128,CHN,China,117593.935664
goods_two_way_supplemental_public_metric_check,BRA,Brazil,2019,HTI,Haiti,44.037337,129,CHN,China,117593.935664
goods_two_way_supplemental_public_metric_check,BRA,Brazil,2019,TGO,Togo,43.359856,130,CHN,China,117593.935664
goods_two_way_supplemental_public_metric_check,BRA,Brazil,2019,NPL,Nepal,38.07993400000001,131,CHN,China,117593.935664
goods_two_way_supplemental_public_metric_check,BRA,Brazil,2019,GUY,Guyana,36.572209,132,CHN,China,117593.935664
goods_two_way_supplemental_public_metric_check,BRA,Brazil,2019,MNG,Mongolia,36.063676,133,CHN,China,117593.935664
goods_two_way_supplemental_public_metric_check,BRA,Brazil,2019,ZMB,Zambia,35.924423,134,CHN,China,117593.935664
goods_two_way_supplemental_public_metric_check,BRA,Brazil,2019,TKM,Turkmenistan,33.317797,135,CHN,China,117593.935664
goods_two_way_supplemental_public_metric_check,BRA,Brazil,2019,AFG,Afghanistan,32.826116999999996,136,CHN,China,117593.935664
goods_two_way_supplemental_public_metric_check,BRA,Brazil,2019,COG,Congo - Brazzaville,32.330297,137,CHN,China,117593.935664
goods_two_way_supplemental_public_metric_check,BRA,Brazil,2019,NER,Niger,31.259349,138,CHN,China,117593.935664
goods_two_way_supplemental_public_metric_check,BRA,Brazil,2019,MDG,Madagascar,31.227017000000004,139,CHN,China,117593.935664
goods_two_way_supplemental_public_metric_check,BRA,Brazil,2019,PSE,Palestine,29.969703000000003,140,CHN,China,117593.935664
goods_two_way_supplemental_public_metric_check,BRA,Brazil,2019,CPV,Cape Verde,29.674727999999995,141,CHN,China,117593.935664
goods_two_way_supplemental_public_metric_check,BRA,Brazil,2019,ETH,Ethiopia,27.420799,142,CHN,China,117593.935664
goods_two_way_supplemental_public_metric_check,BRA,Brazil,2019,ATG,Antigua & Barbuda,26.42041100000001,143,CHN,China,117593.935664
goods_two_way_supplemental_public_metric_check,BRA,Brazil,2019,CUW,Curaçao,25.895073000000004,144,CHN,China,117593.935664
goods_two_way_supplemental_public_metric_check,BRA,Brazil,2019,ABW,Aruba,25.370462000000003,145,CHN,China,117593.935664
goods_two_way_supplemental_public_metric_check,BRA,Brazil,2019,CYM,Cayman Islands,23.774608000000004,146,CHN,China,117593.935664
goods_two_way_supplemental_public_metric_check,BRA,Brazil,2019,BES,Caribbean Netherlands,23.714489,147,CHN,China,117593.935664
goods_two_way_supplemental_public_metric_check,BRA,Brazil,2019,SOM,Somalia,20.499090000000002,148,CHN,China,117593.935664
goods_two_way_supplemental_public_metric_check,BRA,Brazil,2019,PRK,North Korea,19.954794000000003,149,CHN,China,117593.935664
goods_two_way_supplemental_public_metric_check,BRA,Brazil,2019,SDN,Sudan,17.781509,150,CHN,China,117593.935664
goods_two_way_supplemental_public_metric_check,BRA,Brazil,2019,MDA,Moldova,17.687858000000006,151,CHN,China,117593.935664
goods_two_way_supplemental_public_metric_check,BRA,Brazil,2019,BRB,Barbados,17.246565999999998,152,CHN,China,117593.935664
goods_two_way_supplemental_public_metric_check,BRA,Brazil,2019,TZA,Tanzania,16.242248999999994,153,CHN,China,117593.935664
goods_two_way_supplemental_public_metric_check,BRA,Brazil,2019,UGA,Uganda,15.408172,154,CHN,China,117593.935664
goods_two_way_supplemental_public_metric_check,BRA,Brazil,2019,ALB,Albania,15.241744,155,CHN,China,117593.935664
goods_two_way_supplemental_public_metric_check,BRA,Brazil,2019,MDV,Maldives,15.141559,156,CHN,China,117593.935664
goods_two_way_supplemental_public_metric_check,BRA,Brazil,2019,NAM,Namibia,14.002426999999999,157,CHN,China,117593.935664
goods_two_way_supplemental_public_metric_check,BRA,Brazil,2019,MNE,Montenegro,11.222834999999998,158,CHN,China,117593.935664
goods_two_way_supplemental_public_metric_check,BRA,Brazil,2019,BLZ,Belize,10.687929999999998,159,CHN,China,117593.935664
goods_two_way_supplemental_public_metric_check,BRA,Brazil,2019,NCL,New Caledonia,10.408375,160,CHN,China,117593.935664
goods_two_way_supplemental_public_metric_check,BRA,Brazil,2019,SMR,San Marino,10.301382,161,CHN,China,117593.935664
goods_two_way_supplemental_public_metric_check,BRA,Brazil,2019,TLS,Timor-Leste,10.089168000000003,162,CHN,China,117593.935664
goods_two_way_supplemental_public_metric_check,BRA,Brazil,2019,SYC,Seychelles,8.580042000000002,163,CHN,China,117593.935664
goods_two_way_supplemental_public_metric_check,BRA,Brazil,2019,SXM,Sint Maarten,7.558206000000001,164,CHN,China,117593.935664
goods_two_way_supplemental_public_metric_check,BRA,Brazil,2019,GNB,Guinea-Bissau,6.688468999999999,165,CHN,China,117593.935664
goods_two_way_supplemental_public_metric_check,BRA,Brazil,2019,DJI,Djibouti,6.661562999999999,166,CHN,China,117593.935664
goods_two_way_supplemental_public_metric_check,BRA,Brazil,2019,TJK,Tajikistan,6.318795999999998,167,CHN,China,117593.935664
goods_two_way_supplemental_public_metric_check,BRA,Brazil,2019,LAO,Laos,6.182831,168,CHN,China,117593.935664
goods_two_way_supplemental_public_metric_check,BRA,Brazil,2019,GRD,Grenada,5.990749,169,CHN,China,117593.935664
goods_two_way_supplemental_public_metric_check,BRA,Brazil,2019,BRN,Brunei,5.984530999999999,170,CHN,China,117593.935664
goods_two_way_supplemental_public_metric_check,BRA,Brazil,2019,PYF,French Polynesia,5.590225000000001,171,CHN,China,117593.935664
goods_two_way_supplemental_public_metric_check,BRA,Brazil,2019,RWA,Rwanda,4.237092,172,CHN,China,117593.935664
goods_two_way_supplemental_public_metric_check,BRA,Brazil,2019,BMU,Bermuda,4.131870999999999,173,CHN,China,117593.935664
goods_two_way_supplemental_public_metric_check,BRA,Brazil,2019,VGB,British Virgin Islands,4.086989,174,CHN,China,117593.935664
goods_two_way_supplemental_public_metric_check,BRA,Brazil,2019,KNA,St. Kitts & Nevis,3.916146,175,CHN,China,117593.935664
goods_two_way_supplemental_public_metric_check,BRA,Brazil,2019,STP,São Tomé & Príncipe,3.810751999999999,176,CHN,China,117593.935664
goods_two_way_supplemental_public_metric_check,BRA,Brazil,2019,VCT,St. Vincent & Grenadines,3.7434619999999996,177,CHN,China,117593.935664
goods_two_way_supplemental_public_metric_check,BRA,Brazil,2019,ZWE,Zimbabwe,3.518286999999999,178,CHN,China,117593.935664
goods_two_way_supplemental_public_metric_check,BRA,Brazil,2019,CAF,Central African Republic,3.515113,179,CHN,China,117593.935664
goods_two_way_supplemental_public_metric_check,BRA,Brazil,2019,BWA,Botswana,3.4830519999999994,180,CHN,China,117593.935664
goods_two_way_supplemental_public_metric_check,BRA,Brazil,2019,MWI,Malawi,3.361216,181,CHN,China,117593.935664
goods_two_way_supplemental_public_metric_check,BRA,Brazil,2019,PNG,Papua New Guinea,3.352838,182,CHN,China,117593.935664
goods_two_way_supplemental_public_metric_check,BRA,Brazil,2019,TCA,Turks & Caicos Islands,2.801159,183,CHN,China,117593.935664
goods_two_way_supplemental_public_metric_check,BRA,Brazil,2019,WSM,Samoa,2.7046390000000002,184,CHN,China,117593.935664
goods_two_way_supplemental_public_metric_check,BRA,Brazil,2019,BLM,St. Barthélemy,2.30926,185,CHN,China,117593.935664
goods_two_way_supplemental_public_metric_check,BRA,Brazil,2019,SWZ,Eswatini,2.3044260000000003,186,CHN,China,117593.935664
goods_two_way_supplemental_public_metric_check,BRA,Brazil,2019,GIB,Gibraltar,2.1548369999999992,187,CHN,China,117593.935664
goods_two_way_supplemental_public_metric_check,BRA,Brazil,2019,TCD,Chad,2.111999,188,CHN,China,117593.935664
goods_two_way_supplemental_public_metric_check,BRA,Brazil,2019,DMA,Dominica,2.096631,189,CHN,China,117593.935664
goods_two_way_supplemental_public_metric_check,BRA,Brazil,2019,SSD,South Sudan,1.809059,190,CHN,China,117593.935664
goods_two_way_supplemental_public_metric_check,BRA,Brazil,2019,FJI,Fiji,1.702524,191,CHN,China,117593.935664
goods_two_way_supplemental_public_metric_check,BRA,Brazil,2019,AND,Andorra,1.614296,192,CHN,China,117593.935664
goods_two_way_supplemental_public_metric_check,BRA,Brazil,2019,COM,Comoros,1.569703,193,CHN,China,117593.935664
goods_two_way_supplemental_public_metric_check,BRA,Brazil,2019,VUT,Vanuatu,1.303397,194,CHN,China,117593.935664
goods_two_way_supplemental_public_metric_check,BRA,Brazil,2019,AIA,Anguilla,1.18388,195,CHN,China,117593.935664
goods_two_way_supplemental_public_metric_check,BRA,Brazil,2019,TON,Tonga,1.032226,196,CHN,China,117593.935664
goods_two_way_supplemental_public_metric_check,BRA,Brazil,2019,SHN,St. Helena,0.904638,197,CHN,China,117593.935664
goods_two_way_supplemental_public_metric_check,BRA,Brazil,2019,TUV,Tuvalu,0.7379399999999999,198,CHN,China,117593.935664
goods_two_way_supplemental_public_metric_check,BRA,Brazil,2019,TKL,Tokelau,0.7089179999999999,199,CHN,China,117593.935664
goods_two_way_supplemental_public_metric_check,BRA,Brazil,2019,ASM,American Samoa,0.6666729999999998,200,CHN,China,117593.935664
goods_two_way_supplemental_public_metric_check,BRA,Brazil,2019,WLF,Wallis & Futuna,0.502832,201,CHN,China,117593.935664
goods_two_way_supplemental_public_metric_check,BRA,Brazil,2019,NFK,Norfolk Island,0.500157,202,CHN,China,117593.935664
goods_two_way_supplemental_public_metric_check,BRA,Brazil,2019,GUM,Guam,0.427124,203,CHN,China,117593.935664
goods_two_way_supplemental_public_metric_check,BRA,Brazil,2019,KIR,Kiribati,0.29991100000000004,204,CHN,China,117593.935664
goods_two_way_supplemental_public_metric_check,BRA,Brazil,2019,KGZ,Kyrgyzstan,0.29176100000000005,205,CHN,China,117593.935664
goods_two_way_supplemental_public_metric_check,BRA,Brazil,2019,BTN,Bhutan,0.259879,206,CHN,China,117593.935664
goods_two_way_supplemental_public_metric_check,BRA,Brazil,2019,ERI,Eritrea,0.237907,207,CHN,China,117593.935664
goods_two_way_supplemental_public_metric_check,BRA,Brazil,2019,BDI,Burundi,0.21819200000000002,208,CHN,China,117593.935664
goods_two_way_supplemental_public_metric_check,BRA,Brazil,2019,UMI,United States Minor Outlying Islands (the),0.21115599999999998,209,CHN,China,117593.935664
goods_two_way_supplemental_public_metric_check,BRA,Brazil,2019,PCN,Pitcairn Islands,0.195477,210,CHN,China,117593.935664
goods_two_way_supplemental_public_metric_check,BRA,Brazil,2019,PLW,Palau,0.190793,211,CHN,China,117593.935664
goods_two_way_supplemental_public_metric_check,BRA,Brazil,2019,FLK,Falkland Islands,0.134214,212,CHN,China,117593.935664
goods_two_way_supplemental_public_metric_check,BRA,Brazil,2019,ATA,Antarctica,0.102519,213,CHN,China,117593.935664
goods_two_way_supplemental_public_metric_check,BRA,Brazil,2019,FSM,Micronesia (Federated States of),0.08743,214,CHN,China,117593.935664
goods_two_way_supplemental_public_metric_check,BRA,Brazil,2019,CXR,Christmas Island,0.083343,215,CHN,China,117593.935664
goods_two_way_supplemental_public_metric_check,BRA,Brazil,2019,GRL,Greenland,0.077165,216,CHN,China,117593.935664
goods_two_way_supplemental_public_metric_check,BRA,Brazil,2019,LSO,Lesotho,0.076738,217,CHN,China,117593.935664
goods_two_way_supplemental_public_metric_check,BRA,Brazil,2019,MSR,Montserrat,0.055525,218,CHN,China,117593.935664
goods_two_way_supplemental_public_metric_check,BRA,Brazil,2019,MNP,Northern Mariana Islands,0.052952,219,CHN,China,117593.935664
goods_two_way_supplemental_public_metric_check,BRA,Brazil,2019,SLB,Solomon Islands,0.04590000000000001,220,CHN,China,117593.935664
goods_two_way_supplemental_public_metric_check,BRA,Brazil,2019,NRU,Nauru,0.040102000000000006,221,CHN,China,117593.935664
goods_two_way_supplemental_public_metric_check,BRA,Brazil,2019,FRO,Faroe Islands,0.023631,222,CHN,China,117593.935664
goods_two_way_supplemental_public_metric_check,BRA,Brazil,2019,ESH,Western Sahara,0.021574,223,CHN,China,117593.935664
goods_two_way_supplemental_public_metric_check,BRA,Brazil,2019,IOT,British Indian Ocean Territory,0.019801,224,CHN,China,117593.935664
goods_two_way_supplemental_public_metric_check,BRA,Brazil,2019,VAT,Vatican City,0.019368,225,CHN,China,117593.935664
goods_two_way_supplemental_public_metric_check,BRA,Brazil,2019,ATF,French Southern Territories,0.010613,226,CHN,China,117593.935664
goods_two_way_supplemental_public_metric_check,BRA,Brazil,2019,CCK,Cocos (Keeling) Islands,0.006593,227,CHN,China,117593.935664
goods_two_way_supplemental_public_metric_check,BRA,Brazil,2019,COK,Cook Islands,0.001212,228,CHN,China,117593.935664
goods_two_way_supplemental_public_metric_check,BRA,Brazil,2019,SGS,South Georgia & South Sandwich Islands,2.44e-4,229,CHN,China,117593.935664
goods_two_way_supplemental_public_metric_check,BRA,Brazil,2019,SPM,St. Pierre & Miquelon,1.96e-4,230,CHN,China,117593.935664
goods_two_way_supplemental_public_metric_check,BRA,Brazil,2020,CHN,China,122399.76517299999,1,CHN,China,122399.76517299999
goods_two_way_supplemental_public_metric_check,BRA,Brazil,2020,USA,United States,52470.80488199999,2,CHN,China,122399.76517299999
goods_two_way_supplemental_public_metric_check,BRA,Brazil,2020,ARG,Argentina,16955.517812000002,3,CHN,China,122399.76517299999
goods_two_way_supplemental_public_metric_check,BRA,Brazil,2020,DEU,Germany,15989.600272000003,4,CHN,China,122399.76517299999
goods_two_way_supplemental_public_metric_check,BRA,Brazil,2020,JPN,Japan,11814.531348000004,5,CHN,China,122399.76517299999
goods_two_way_supplemental_public_metric_check,BRA,Brazil,2020,KOR,South Korea,8896.835074000002,6,CHN,China,122399.76517299999
goods_two_way_supplemental_public_metric_check,BRA,Brazil,2020,MEX,Mexico,7673.465901,7,CHN,China,122399.76517299999
goods_two_way_supplemental_public_metric_check,BRA,Brazil,2020,ITA,Italy,7669.616577999997,8,CHN,China,122399.76517299999
goods_two_way_supplemental_public_metric_check,BRA,Brazil,2020,IND,India,7556.611127999999,9,CHN,China,122399.76517299999
goods_two_way_supplemental_public_metric_check,BRA,Brazil,2020,CHL,Chile,7027.576710999998,10,CHN,China,122399.76517299999
goods_two_way_supplemental_public_metric_check,BRA,Brazil,2020,CAN,Canada,6971.544849999998,11,CHN,China,122399.76517299999
goods_two_way_supplemental_public_metric_check,BRA,Brazil,2020,ESP,Spain,6775.049092000001,12,CHN,China,122399.76517299999
goods_two_way_supplemental_public_metric_check,BRA,Brazil,2020,FRA,France,6584.7207690000005,13,CHN,China,122399.76517299999
goods_two_way_supplemental_public_metric_check,BRA,Brazil,2020,NLD,Netherlands,6086.127802999999,14,CHN,China,122399.76517299999
goods_two_way_supplemental_public_metric_check,BRA,Brazil,2020,PRY,Paraguay,5630.789321,15,CHN,China,122399.76517299999
goods_two_way_supplemental_public_metric_check,BRA,Brazil,2020,VNM,Vietnam,5388.695026999999,16,CHN,China,122399.76517299999
goods_two_way_supplemental_public_metric_check,BRA,Brazil,2020,GBR,United Kingdom,5351.918277000001,17,CHN,China,122399.76517299999
goods_two_way_supplemental_public_metric_check,BRA,Brazil,2020,RUS,Russia,4939.21932,18,CHN,China,122399.76517299999
goods_two_way_supplemental_public_metric_check,BRA,Brazil,2020,TWN,Taiwan,4157.537993999999,19,CHN,China,122399.76517299999
goods_two_way_supplemental_public_metric_check,BRA,Brazil,2020,TUR,Turkey,4005.204892,20,CHN,China,122399.76517299999
goods_two_way_supplemental_public_metric_check,BRA,Brazil,2020,THA,Thailand,3888.392401,21,CHN,China,122399.76517299999
goods_two_way_supplemental_public_metric_check,BRA,Brazil,2020,SAU,Saudi Arabia,3834.607081,22,CHN,China,122399.76517299999
goods_two_way_supplemental_public_metric_check,BRA,Brazil,2020,COL,Colombia,3825.6505589999997,23,CHN,China,122399.76517299999
goods_two_way_supplemental_public_metric_check,BRA,Brazil,2020,IDN,Indonesia,3807.7275580000005,24,CHN,China,122399.76517299999
goods_two_way_supplemental_public_metric_check,BRA,Brazil,2020,HKG,Hong Kong,3558.47159,25,CHN,China,122399.76517299999
goods_two_way_supplemental_public_metric_check,BRA,Brazil,2020,SGP,Singapore,3514.2398790000007,26,CHN,China,122399.76517299999
goods_two_way_supplemental_public_metric_check,BRA,Brazil,2020,CHE,Switzerland,3481.2839180000005,27,CHN,China,122399.76517299999
goods_two_way_supplemental_public_metric_check,BRA,Brazil,2020,MYS,Malaysia,3296.718774,28,CHN,China,122399.76517299999
goods_two_way_supplemental_public_metric_check,BRA,Brazil,2020,ARE,United Arab Emirates,3088.150385000001,29,CHN,China,122399.76517299999
goods_two_way_supplemental_public_metric_check,BRA,Brazil,2020,URY,Uruguay,2989.883035,30,CHN,China,122399.76517299999
goods_two_way_supplemental_public_metric_check,BRA,Brazil,2020,BEL,Belgium,2887.8218389999993,31,CHN,China,122399.76517299999
goods_two_way_supplemental_public_metric_check,BRA,Brazil,2020,PER,Peru,2823.345516,32,CHN,China,122399.76517299999
goods_two_way_supplemental_public_metric_check,BRA,Brazil,2020,PRT,Portugal,2654.4266759999996,33,CHN,China,122399.76517299999
goods_two_way_supplemental_public_metric_check,BRA,Brazil,2020,BOL,Bolivia,2380.0627,34,CHN,China,122399.76517299999
goods_two_way_supplemental_public_metric_check,BRA,Brazil,2020,EGY,Egypt,2361.1522290000007,35,CHN,China,122399.76517299999
goods_two_way_supplemental_public_metric_check,BRA,Brazil,2020,DZA,Algeria,2047.3536199999999,36,CHN,China,122399.76517299999
goods_two_way_supplemental_public_metric_check,BRA,Brazil,2020,POL,Poland,1977.7526250000005,37,CHN,China,122399.76517299999
goods_two_way_supplemental_public_metric_check,BRA,Brazil,2020,MAR,Morocco,1968.236147,38,CHN,China,122399.76517299999
goods_two_way_supplemental_public_metric_check,BRA,Brazil,2020,NOR,Norway,1953.2742270000008,39,CHN,China,122399.76517299999
goods_two_way_supplemental_public_metric_check,BRA,Brazil,2020,BGD,Bangladesh,1743.4569349999997,40,CHN,China,122399.76517299999
goods_two_way_supplemental_public_metric_check,BRA,Brazil,2020,SWE,Sweden,1704.6573649999996,41,CHN,China,122399.76517299999
goods_two_way_supplemental_public_metric_check,BRA,Brazil,2020,ZAF,South Africa,1593.386768,42,CHN,China,122399.76517299999
goods_two_way_supplemental_public_metric_check,BRA,Brazil,2020,NGA,Nigeria,1590.9635209999997,43,CHN,China,122399.76517299999
goods_two_way_supplemental_public_metric_check,BRA,Brazil,2020,ISR,Israel,1448.8656469999999,44,CHN,China,122399.76517299999
goods_two_way_supplemental_public_metric_check,BRA,Brazil,2020,DNK,Denmark,1413.9297869999998,45,CHN,China,122399.76517299999
goods_two_way_supplemental_public_metric_check,BRA,Brazil,2020,IRN,Iran,1399.9158519999999,46,CHN,China,122399.76517299999
goods_two_way_supplemental_public_metric_check,BRA,Brazil,2020,AUS,Australia,1255.7863590000004,47,CHN,China,122399.76517299999
goods_two_way_supplemental_public_metric_check,BRA,Brazil,2020,PHL,Philippines,1235.5526159999997,48,CHN,China,122399.76517299999
goods_two_way_supplemental_public_metric_check,BRA,Brazil,2020,AUT,Austria,1126.4861720000001,49,CHN,China,122399.76517299999
goods_two_way_supplemental_public_metric_check,BRA,Brazil,2020,VEN,Venezuela,1072.7689710000002,50,CHN,China,122399.76517299999
goods_two_way_supplemental_public_metric_check,BRA,Brazil,2020,PAK,Pakistan,1029.099095,51,CHN,China,122399.76517299999
goods_two_way_supplemental_public_metric_check,BRA,Brazil,2020,OMN,Oman,986.12425699999994,52,CHN,China,122399.76517299999
goods_two_way_supplemental_public_metric_check,BRA,Brazil,2020,FIN,Finland,932.7647170000004,53,CHN,China,122399.76517299999
goods_two_way_supplemental_public_metric_check,BRA,Brazil,2020,BHR,Bahrain,904.5295920000002,54,CHN,China,122399.76517299999
goods_two_way_supplemental_public_metric_check,BRA,Brazil,2020,IRL,Ireland,904.3333419999999,55,CHN,China,122399.76517299999
goods_two_way_supplemental_public_metric_check,BRA,Brazil,2020,AGO,Angola,843.448298,56,CHN,China,122399.76517299999
goods_two_way_supplemental_public_metric_check,BRA,Brazil,2020,QAT,Qatar,799.448217,57,CHN,China,122399.76517299999
goods_two_way_supplemental_public_metric_check,BRA,Brazil,2020,ECU,Ecuador,777.6981280000001,58,CHN,China,122399.76517299999
goods_two_way_supplemental_public_metric_check,BRA,Brazil,2020,CZE,Czechia,666.959015,59,CHN,China,122399.76517299999
goods_two_way_supplemental_public_metric_check,BRA,Brazil,2020,IRQ,Iraq,664.2208139999999,60,CHN,China,122399.76517299999
goods_two_way_supplemental_public_metric_check,BRA,Brazil,2020,BLR,Belarus,661.693374,61,CHN,China,122399.76517299999
goods_two_way_supplemental_public_metric_check,BRA,Brazil,2020,DOM,Dominican Republic,575.5960910000002,62,CHN,China,122399.76517299999
goods_two_way_supplemental_public_metric_check,BRA,Brazil,2020,ROU,Romania,546.9994360000001,63,CHN,China,122399.76517299999
goods_two_way_supplemental_public_metric_check,BRA,Brazil,2020,TTO,Trinidad & Tobago,468.662656,64,CHN,China,122399.76517299999
goods_two_way_supplemental_public_metric_check,BRA,Brazil,2020,HUN,Hungary,457.124126,65,CHN,China,122399.76517299999
goods_two_way_supplemental_public_metric_check,BRA,Brazil,2020,PAN,Panama,414.8221620000001,66,CHN,China,122399.76517299999
goods_two_way_supplemental_public_metric_check,BRA,Brazil,2020,CRI,Costa Rica,390.49110900000005,67,CHN,China,122399.76517299999
goods_two_way_supplemental_public_metric_check,BRA,Brazil,2020,YEM,Yemen,365.263684,68,CHN,China,122399.76517299999
goods_two_way_supplemental_public_metric_check,BRA,Brazil,2020,GTM,Guatemala,360.281577,69,CHN,China,122399.76517299999
goods_two_way_supplemental_public_metric_check,BRA,Brazil,2020,JOR,Jordan,347.077638,70,CHN,China,122399.76517299999
goods_two_way_supplemental_public_metric_check,BRA,Brazil,2020,UKR,Ukraine,341.842532,71,CHN,China,122399.76517299999
goods_two_way_supplemental_public_metric_check,BRA,Brazil,2020,TUN,Tunisia,337.33219900000006,72,CHN,China,122399.76517299999
goods_two_way_supplemental_public_metric_check,BRA,Brazil,2020,SVN,Slovenia,327.07238499999994,73,CHN,China,122399.76517299999
goods_two_way_supplemental_public_metric_check,BRA,Brazil,2020,JAM,Jamaica,309.68606600000004,74,CHN,China,122399.76517299999
goods_two_way_supplemental_public_metric_check,BRA,Brazil,2020,GHA,Ghana,277.70647399999996,75,CHN,China,122399.76517299999
goods_two_way_supplemental_public_metric_check,BRA,Brazil,2020,GRC,Greece,277.589233,76,CHN,China,122399.76517299999
goods_two_way_supplemental_public_metric_check,BRA,Brazil,2020,ISL,Iceland,271.14395899999994,77,CHN,China,122399.76517299999
goods_two_way_supplemental_public_metric_check,BRA,Brazil,2020,KWT,Kuwait,264.46987700000005,78,CHN,China,122399.76517299999
goods_two_way_supplemental_public_metric_check,BRA,Brazil,2020,CUB,Cuba,246.663644,79,CHN,China,122399.76517299999
goods_two_way_supplemental_public_metric_check,BRA,Brazil,2020,SEN,Senegal,236.62743899999992,80,CHN,China,122399.76517299999
goods_two_way_supplemental_public_metric_check,BRA,Brazil,2020,LBR,Liberia,225.30096799999993,81,CHN,China,122399.76517299999
goods_two_way_supplemental_public_metric_check,BRA,Brazil,2020,MHL,Marshall Islands,207.93814899999995,82,CHN,China,122399.76517299999
goods_two_way_supplemental_public_metric_check,BRA,Brazil,2020,SVK,Slovakia,207.595636,83,CHN,China,122399.76517299999
goods_two_way_supplemental_public_metric_check,BRA,Brazil,2020,NZL,New Zealand,201.34561699999998,84,CHN,China,122399.76517299999
goods_two_way_supplemental_public_metric_check,BRA,Brazil,2020,LBY,Libya,193.59552900000006,85,CHN,China,122399.76517299999
goods_two_way_supplemental_public_metric_check,BRA,Brazil,2020,BGR,Bulgaria,187.96584099999995,86,CHN,China,122399.76517299999
goods_two_way_supplemental_public_metric_check,BRA,Brazil,2020,LBN,Lebanon,185.70978399999998,87,CHN,China,122399.76517299999
goods_two_way_supplemental_public_metric_check,BRA,Brazil,2020,CIV,Côte d'Ivoire,184.49466399999994,88,CHN,China,122399.76517299999
goods_two_way_supplemental_public_metric_check,BRA,Brazil,2020,BHS,Bahamas,167.02335199999996,89,CHN,China,122399.76517299999
goods_two_way_supplemental_public_metric_check,BRA,Brazil,2020,GEO,Georgia,166.31331400000002,90,CHN,China,122399.76517299999
goods_two_way_supplemental_public_metric_check,BRA,Brazil,2020,HND,Honduras,162.05793799999998,91,CHN,China,122399.76517299999
goods_two_way_supplemental_public_metric_check,BRA,Brazil,2020,SLV,El Salvador,151.548604,92,CHN,China,122399.76517299999
goods_two_way_supplemental_public_metric_check,BRA,Brazil,2020,KAZ,Kazakhstan,138.074186,93,CHN,China,122399.76517299999
goods_two_way_supplemental_public_metric_check,BRA,Brazil,2020,MLT,Malta,121.49382,94,CHN,China,122399.76517299999
goods_two_way_supplemental_public_metric_check,BRA,Brazil,2020,GIN,Guinea,105.161142,95,CHN,China,122399.76517299999
goods_two_way_supplemental_public_metric_check,BRA,Brazil,2020,LUX,Luxembourg,103.13128900000001,96,CHN,China,122399.76517299999
goods_two_way_supplemental_public_metric_check,BRA,Brazil,2020,SRB,Serbia,100.299836,97,CHN,China,122399.76517299999
goods_two_way_supplemental_public_metric_check,BRA,Brazil,2020,NIC,Nicaragua,98.27042999999999,98,CHN,China,122399.76517299999
goods_two_way_supplemental_public_metric_check,BRA,Brazil,2020,BIH,Bosnia & Herzegovina,97.399546,99,CHN,China,122399.76517299999
goods_two_way_supplemental_public_metric_check,BRA,Brazil,2020,MRT,Mauritania,96.48302699999999,100,CHN,China,122399.76517299999
goods_two_way_supplemental_public_metric_check,BRA,Brazil,2020,MMR,Myanmar (Burma),94.18561800000002,101,CHN,China,122399.76517299999
goods_two_way_supplemental_public_metric_check,BRA,Brazil,2020,KHM,Cambodia,93.336577,102,CHN,China,122399.76517299999
goods_two_way_supplemental_public_metric_check,BRA,Brazil,2020,SLE,Sierra Leone,90.61378,103,CHN,China,122399.76517299999
goods_two_way_supplemental_public_metric_check,BRA,Brazil,2020,AZE,Azerbaijan,87.42592599999993,104,CHN,China,122399.76517299999
goods_two_way_supplemental_public_metric_check,BRA,Brazil,2020,UZB,Uzbekistan,86.86472399999998,105,CHN,China,122399.76517299999
goods_two_way_supplemental_public_metric_check,BRA,Brazil,2020,GAB,Gabon,86.558788,106,CHN,China,122399.76517299999
goods_two_way_supplemental_public_metric_check,BRA,Brazil,2020,LKA,Sri Lanka,80.519383,107,CHN,China,122399.76517299999
goods_two_way_supplemental_public_metric_check,BRA,Brazil,2020,TKM,Turkmenistan,80.379976,108,CHN,China,122399.76517299999
goods_two_way_supplemental_public_metric_check,BRA,Brazil,2020,SUR,Suriname,79.47970400000001,109,CHN,China,122399.76517299999
goods_two_way_supplemental_public_metric_check,BRA,Brazil,2020,SOM,Somalia,75.03843400000001,110,CHN,China,122399.76517299999
goods_two_way_supplemental_public_metric_check,BRA,Brazil,2020,GUY,Guyana,74.65622,111,CHN,China,122399.76517299999
goods_two_way_supplemental_public_metric_check,BRA,Brazil,2020,MOZ,Mozambique,69.11428500000001,112,CHN,China,122399.76517299999
goods_two_way_supplemental_public_metric_check,BRA,Brazil,2020,COD,Congo - Kinshasa,67.170706,113,CHN,China,122399.76517299999
goods_two_way_supplemental_public_metric_check,BRA,Brazil,2020,TGO,Togo,66.70336200000001,114,CHN,China,122399.76517299999
goods_two_way_supplemental_public_metric_check,BRA,Brazil,2020,EST,Estonia,65.455954,115,CHN,China,122399.76517299999
goods_two_way_supplemental_public_metric_check,BRA,Brazil,2020,KEN,Kenya,64.28243499999999,116,CHN,China,122399.76517299999
goods_two_way_supplemental_public_metric_check,BRA,Brazil,2020,HTI,Haiti,62.54306,117,CHN,China,122399.76517299999
goods_two_way_supplemental_public_metric_check,BRA,Brazil,2020,LTU,Lithuania,61.43866399999999,118,CHN,China,122399.76517299999
goods_two_way_supplemental_public_metric_check,BRA,Brazil,2020,MAC,Macao,61.20900699999999,119,CHN,China,122399.76517299999
goods_two_way_supplemental_public_metric_check,BRA,Brazil,2020,COG,Congo - Brazzaville,60.654002,120,CHN,China,122399.76517299999
goods_two_way_supplemental_public_metric_check,BRA,Brazil,2020,CYP,Cyprus,60.37573099999997,121,CHN,China,122399.76517299999
goods_two_way_supplemental_public_metric_check,BRA,Brazil,2020,GMB,Gambia,59.605515000000004,122,CHN,China,122399.76517299999
goods_two_way_supplemental_public_metric_check,BRA,Brazil,2020,SYR,Syria,57.449403999999994,123,CHN,China,122399.76517299999
goods_two_way_supplemental_public_metric_check,BRA,Brazil,2020,ARM,Armenia,54.41063199999999,124,CHN,China,122399.76517299999
goods_two_way_supplemental_public_metric_check,BRA,Brazil,2020,NER,Niger,53.577447,125,CHN,China,122399.76517299999
goods_two_way_supplemental_public_metric_check,BRA,Brazil,2020,BEN,Benin,53.364173,126,CHN,China,122399.76517299999
goods_two_way_supplemental_public_metric_check,BRA,Brazil,2020,GNQ,Equatorial Guinea,49.84240000000001,127,CHN,China,122399.76517299999
goods_two_way_supplemental_public_metric_check,BRA,Brazil,2020,CMR,Cameroon,48.69109,128,CHN,China,122399.76517299999
goods_two_way_supplemental_public_metric_check,BRA,Brazil,2020,MDG,Madagascar,46.195166,129,CHN,China,122399.76517299999
goods_two_way_supplemental_public_metric_check,BRA,Brazil,2020,LCA,St. Lucia,40.940229999999985,130,CHN,China,122399.76517299999
goods_two_way_supplemental_public_metric_check,BRA,Brazil,2020,ALB,Albania,38.61872299999999,131,CHN,China,122399.76517299999
goods_two_way_supplemental_public_metric_check,BRA,Brazil,2020,LVA,Latvia,38.097851,132,CHN,China,122399.76517299999
goods_two_way_supplemental_public_metric_check,BRA,Brazil,2020,ETH,Ethiopia,37.737966,133,CHN,China,122399.76517299999
goods_two_way_supplemental_public_metric_check,BRA,Brazil,2020,AFG,Afghanistan,37.680688,134,CHN,China,122399.76517299999
goods_two_way_supplemental_public_metric_check,BRA,Brazil,2020,CPV,Cape Verde,36.986068,135,CHN,China,122399.76517299999
goods_two_way_supplemental_public_metric_check,BRA,Brazil,2020,MKD,North Macedonia,36.28153100000001,136,CHN,China,122399.76517299999
goods_two_way_supplemental_public_metric_check,BRA,Brazil,2020,HRV,Croatia,35.116667,137,CHN,China,122399.76517299999
goods_two_way_supplemental_public_metric_check,BRA,Brazil,2020,CYM,Cayman Islands,31.634663000000007,138,CHN,China,122399.76517299999
goods_two_way_supplemental_public_metric_check,BRA,Brazil,2020,PSE,Palestine,31.131788000000007,139,CHN,China,122399.76517299999
goods_two_way_supplemental_public_metric_check,BRA,Brazil,2020,MUS,Mauritius,28.511969,140,CHN,China,122399.76517299999
goods_two_way_supplemental_public_metric_check,BRA,Brazil,2020,SDN,Sudan,27.710143999999996,141,CHN,China,122399.76517299999
goods_two_way_supplemental_public_metric_check,BRA,Brazil,2020,NAM,Namibia,27.183453,142,CHN,China,122399.76517299999
goods_two_way_supplemental_public_metric_check,BRA,Brazil,2020,CUW,Curaçao,25.396324,143,CHN,China,122399.76517299999
goods_two_way_supplemental_public_metric_check,BRA,Brazil,2020,ATG,Antigua & Barbuda,24.57775300000001,144,CHN,China,122399.76517299999
goods_two_way_supplemental_public_metric_check,BRA,Brazil,2020,NPL,Nepal,23.495865,145,CHN,China,122399.76517299999
goods_two_way_supplemental_public_metric_check,BRA,Brazil,2020,BFA,Burkina Faso,23.122225,146,CHN,China,122399.76517299999
goods_two_way_supplemental_public_metric_check,BRA,Brazil,2020,UGA,Uganda,21.078044000000002,147,CHN,China,122399.76517299999
goods_two_way_supplemental_public_metric_check,BRA,Brazil,2020,ABW,Aruba,20.944296,148,CHN,China,122399.76517299999
goods_two_way_supplemental_public_metric_check,BRA,Brazil,2020,TZA,Tanzania,19.926999,149,CHN,China,122399.76517299999
goods_two_way_supplemental_public_metric_check,BRA,Brazil,2020,DJI,Djibouti,17.830881,150,CHN,China,122399.76517299999
goods_two_way_supplemental_public_metric_check,BRA,Brazil,2020,VGB,British Virgin Islands,15.480084000000002,151,CHN,China,122399.76517299999
goods_two_way_supplemental_public_metric_check,BRA,Brazil,2020,MDA,Moldova,12.234077000000001,152,CHN,China,122399.76517299999
goods_two_way_supplemental_public_metric_check,BRA,Brazil,2020,MNE,Montenegro,10.956983000000001,153,CHN,China,122399.76517299999
goods_two_way_supplemental_public_metric_check,BRA,Brazil,2020,RWA,Rwanda,10.886704999999997,154,CHN,China,122399.76517299999
goods_two_way_supplemental_public_metric_check,BRA,Brazil,2020,BRB,Barbados,10.793470000000003,155,CHN,China,122399.76517299999
goods_two_way_supplemental_public_metric_check,BRA,Brazil,2020,ZMB,Zambia,9.786352,156,CHN,China,122399.76517299999
goods_two_way_supplemental_public_metric_check,BRA,Brazil,2020,TLS,Timor-Leste,9.515047,157,CHN,China,122399.76517299999
goods_two_way_supplemental_public_metric_check,BRA,Brazil,2020,ZWE,Zimbabwe,9.161887,158,CHN,China,122399.76517299999
goods_two_way_supplemental_public_metric_check,BRA,Brazil,2020,MDV,Maldives,8.835029,159,CHN,China,122399.76517299999
goods_two_way_supplemental_public_metric_check,BRA,Brazil,2020,SMR,San Marino,8.732114,160,CHN,China,122399.76517299999
goods_two_way_supplemental_public_metric_check,BRA,Brazil,2020,BLZ,Belize,7.254639,161,CHN,China,122399.76517299999
goods_two_way_supplemental_public_metric_check,BRA,Brazil,2020,SXM,Sint Maarten,6.8131580000000005,162,CHN,China,122399.76517299999
goods_two_way_supplemental_public_metric_check,BRA,Brazil,2020,SYC,Seychelles,6.565547999999999,163,CHN,China,122399.76517299999
goods_two_way_supplemental_public_metric_check,BRA,Brazil,2020,NCL,New Caledonia,6.142889999999999,164,CHN,China,122399.76517299999
goods_two_way_supplemental_public_metric_check,BRA,Brazil,2020,STP,São Tomé & Príncipe,5.368803,165,CHN,China,122399.76517299999
goods_two_way_supplemental_public_metric_check,BRA,Brazil,2020,PNG,Papua New Guinea,5.128575,166,CHN,China,122399.76517299999
goods_two_way_supplemental_public_metric_check,BRA,Brazil,2020,MNG,Mongolia,5.085171,167,CHN,China,122399.76517299999
goods_two_way_supplemental_public_metric_check,BRA,Brazil,2020,MLI,Mali,5.0752109999999995,168,CHN,China,122399.76517299999
goods_two_way_supplemental_public_metric_check,BRA,Brazil,2020,ERI,Eritrea,4.679816999999999,169,CHN,China,122399.76517299999
goods_two_way_supplemental_public_metric_check,BRA,Brazil,2020,GRD,Grenada,4.251208999999999,170,CHN,China,122399.76517299999
goods_two_way_supplemental_public_metric_check,BRA,Brazil,2020,SSD,South Sudan,4.135567,171,CHN,China,122399.76517299999
goods_two_way_supplemental_public_metric_check,BRA,Brazil,2020,GNB,Guinea-Bissau,4.105408,172,CHN,China,122399.76517299999
goods_two_way_supplemental_public_metric_check,BRA,Brazil,2020,BMU,Bermuda,3.97711,173,CHN,China,122399.76517299999
goods_two_way_supplemental_public_metric_check,BRA,Brazil,2020,MWI,Malawi,3.9075699999999998,174,CHN,China,122399.76517299999
goods_two_way_supplemental_public_metric_check,BRA,Brazil,2020,SWZ,Eswatini,3.6811380000000002,175,CHN,China,122399.76517299999
goods_two_way_supplemental_public_metric_check,BRA,Brazil,2020,BWA,Botswana,3.5205170000000003,176,CHN,China,122399.76517299999
goods_two_way_supplemental_public_metric_check,BRA,Brazil,2020,PYF,French Polynesia,3.4177969999999998,177,CHN,China,122399.76517299999
goods_two_way_supplemental_public_metric_check,BRA,Brazil,2020,VCT,St. Vincent & Grenadines,3.36651,178,CHN,China,122399.76517299999
goods_two_way_supplemental_public_metric_check,BRA,Brazil,2020,LAO,Laos,3.3572179999999996,179,CHN,China,122399.76517299999
goods_two_way_supplemental_public_metric_check,BRA,Brazil,2020,CAF,Central African Republic,3.1962200000000003,180,CHN,China,122399.76517299999
goods_two_way_supplemental_public_metric_check,BRA,Brazil,2020,ATA,Antarctica,3.1082039999999997,181,CHN,China,122399.76517299999
goods_two_way_supplemental_public_metric_check,BRA,Brazil,2020,WSM,Samoa,3.046227,182,CHN,China,122399.76517299999
goods_two_way_supplemental_public_metric_check,BRA,Brazil,2020,KNA,St. Kitts & Nevis,3.0246410000000004,183,CHN,China,122399.76517299999
goods_two_way_supplemental_public_metric_check,BRA,Brazil,2020,BES,Caribbean Netherlands,2.8408599999999997,184,CHN,China,122399.76517299999
goods_two_way_supplemental_public_metric_check,BRA,Brazil,2020,KGZ,Kyrgyzstan,2.8220060000000005,185,CHN,China,122399.76517299999
goods_two_way_supplemental_public_metric_check,BRA,Brazil,2020,TCD,Chad,2.4026579999999997,186,CHN,China,122399.76517299999
goods_two_way_supplemental_public_metric_check,BRA,Brazil,2020,BLM,St. Barthélemy,1.950037,187,CHN,China,122399.76517299999
goods_two_way_supplemental_public_metric_check,BRA,Brazil,2020,TKL,Tokelau,1.77536,188,CHN,China,122399.76517299999
goods_two_way_supplemental_public_metric_check,BRA,Brazil,2020,COM,Comoros,1.653213,189,CHN,China,122399.76517299999
goods_two_way_supplemental_public_metric_check,BRA,Brazil,2020,ASM,American Samoa,1.629218,190,CHN,China,122399.76517299999
goods_two_way_supplemental_public_metric_check,BRA,Brazil,2020,TJK,Tajikistan,1.6023859999999996,191,CHN,China,122399.76517299999
goods_two_way_supplemental_public_metric_check,BRA,Brazil,2020,GIB,Gibraltar,1.5658740000000004,192,CHN,China,122399.76517299999
goods_two_way_supplemental_public_metric_check,BRA,Brazil,2020,UMI,United States Minor Outlying Islands (the),1.481684,193,CHN,China,122399.76517299999
goods_two_way_supplemental_public_metric_check,BRA,Brazil,2020,DMA,Dominica,1.46947,194,CHN,China,122399.76517299999
goods_two_way_supplemental_public_metric_check,BRA,Brazil,2020,BRN,Brunei,1.1492959999999999,195,CHN,China,122399.76517299999
goods_two_way_supplemental_public_metric_check,BRA,Brazil,2020,FJI,Fiji,0.9759850000000001,196,CHN,China,122399.76517299999
goods_two_way_supplemental_public_metric_check,BRA,Brazil,2020,TCA,Turks & Caicos Islands,0.9246730000000001,197,CHN,China,122399.76517299999
goods_two_way_supplemental_public_metric_check,BRA,Brazil,2020,AIA,Anguilla,0.8257140000000001,198,CHN,China,122399.76517299999
goods_two_way_supplemental_public_metric_check,BRA,Brazil,2020,IOT,British Indian Ocean Territory,0.6991010000000001,199,CHN,China,122399.76517299999
goods_two_way_supplemental_public_metric_check,BRA,Brazil,2020,TUV,Tuvalu,0.6615509999999998,200,CHN,China,122399.76517299999
goods_two_way_supplemental_public_metric_check,BRA,Brazil,2020,TON,Tonga,0.6321619999999999,201,CHN,China,122399.76517299999
goods_two_way_supplemental_public_metric_check,BRA,Brazil,2020,GUM,Guam,0.62094,202,CHN,China,122399.76517299999
goods_two_way_supplemental_public_metric_check,BRA,Brazil,2020,KIR,Kiribati,0.541871,203,CHN,China,122399.76517299999
goods_two_way_supplemental_public_metric_check,BRA,Brazil,2020,GRL,Greenland,0.484721,204,CHN,China,122399.76517299999
goods_two_way_supplemental_public_metric_check,BRA,Brazil,2020,BTN,Bhutan,0.389452,205,CHN,China,122399.76517299999
goods_two_way_supplemental_public_metric_check,BRA,Brazil,2020,COK,Cook Islands,0.388396,206,CHN,China,122399.76517299999
goods_two_way_supplemental_public_metric_check,BRA,Brazil,2020,CCK,Cocos (Keeling) Islands,0.30521099999999995,207,CHN,China,122399.76517299999
goods_two_way_supplemental_public_metric_check,BRA,Brazil,2020,AND,Andorra,0.258248,208,CHN,China,122399.76517299999
goods_two_way_supplemental_public_metric_check,BRA,Brazil,2020,ATF,French Southern Territories,0.24149400000000001,209,CHN,China,122399.76517299999
goods_two_way_supplemental_public_metric_check,BRA,Brazil,2020,FRO,Faroe Islands,0.210649,210,CHN,China,122399.76517299999
goods_two_way_supplemental_public_metric_check,BRA,Brazil,2020,BDI,Burundi,0.195314,211,CHN,China,122399.76517299999
goods_two_way_supplemental_public_metric_check,BRA,Brazil,2020,VUT,Vanuatu,0.191779,212,CHN,China,122399.76517299999
goods_two_way_supplemental_public_metric_check,BRA,Brazil,2020,MSR,Montserrat,0.184066,213,CHN,China,122399.76517299999
goods_two_way_supplemental_public_metric_check,BRA,Brazil,2020,PCN,Pitcairn Islands,0.16315800000000003,214,CHN,China,122399.76517299999
goods_two_way_supplemental_public_metric_check,BRA,Brazil,2020,SHN,St. Helena,0.140445,215,CHN,China,122399.76517299999
goods_two_way_supplemental_public_metric_check,BRA,Brazil,2020,SLB,Solomon Islands,0.11021799999999998,216,CHN,China,122399.76517299999
goods_two_way_supplemental_public_metric_check,BRA,Brazil,2020,PRK,North Korea,0.107965,217,CHN,China,122399.76517299999
goods_two_way_supplemental_public_metric_check,BRA,Brazil,2020,NIU,Niue,0.09566899999999999,218,CHN,China,122399.76517299999
goods_two_way_supplemental_public_metric_check,BRA,Brazil,2020,CXR,Christmas Island,0.092865,219,CHN,China,122399.76517299999
goods_two_way_supplemental_public_metric_check,BRA,Brazil,2020,FSM,Micronesia (Federated States of),0.08361199999999999,220,CHN,China,122399.76517299999
goods_two_way_supplemental_public_metric_check,BRA,Brazil,2020,ESH,Western Sahara,0.058631,221,CHN,China,122399.76517299999
goods_two_way_supplemental_public_metric_check,BRA,Brazil,2020,WLF,Wallis & Futuna,0.057151,222,CHN,China,122399.76517299999
goods_two_way_supplemental_public_metric_check,BRA,Brazil,2020,MNP,Northern Mariana Islands,0.051679,223,CHN,China,122399.76517299999
goods_two_way_supplemental_public_metric_check,BRA,Brazil,2020,NFK,Norfolk Island,0.039182,224,CHN,China,122399.76517299999
goods_two_way_supplemental_public_metric_check,BRA,Brazil,2020,FLK,Falkland Islands,0.028567,225,CHN,China,122399.76517299999
goods_two_way_supplemental_public_metric_check,BRA,Brazil,2020,LSO,Lesotho,0.020950999999999997,226,CHN,China,122399.76517299999
goods_two_way_supplemental_public_metric_check,BRA,Brazil,2020,BVT,Bouvet Island,0.019619,227,CHN,China,122399.76517299999
goods_two_way_supplemental_public_metric_check,BRA,Brazil,2020,NRU,Nauru,0.011866,228,CHN,China,122399.76517299999
goods_two_way_supplemental_public_metric_check,BRA,Brazil,2020,HMD,Heard & McDonald Islands,0.009183,229,CHN,China,122399.76517299999
goods_two_way_supplemental_public_metric_check,BRA,Brazil,2020,VAT,Vatican City,0.005796,230,CHN,China,122399.76517299999
goods_two_way_supplemental_public_metric_check,BRA,Brazil,2020,PLW,Palau,0.004349,231,CHN,China,122399.76517299999
goods_two_way_supplemental_public_metric_check,BRA,Brazil,2020,SGS,South Georgia & South Sandwich Islands,0.00161,232,CHN,China,122399.76517299999
goods_two_way_supplemental_public_metric_check,BRA,Brazil,2020,SPM,St. Pierre & Miquelon,5.98e-4,233,CHN,China,122399.76517299999
goods_two_way_supplemental_public_metric_check,BRA,Brazil,2021,CHN,China,163606.15006000004,1,CHN,China,163606.15006000004
goods_two_way_supplemental_public_metric_check,BRA,Brazil,2021,USA,United States,72521.02070299999,2,CHN,China,163606.15006000004
goods_two_way_supplemental_public_metric_check,BRA,Brazil,2021,ARG,Argentina,24884.773919,3,CHN,China,163606.15006000004
goods_two_way_supplemental_public_metric_check,BRA,Brazil,2021,DEU,Germany,20060.637727,4,CHN,China,163606.15006000004
goods_two_way_supplemental_public_metric_check,BRA,Brazil,2021,JPN,Japan,15322.353837999999,5,CHN,China,163606.15006000004
goods_two_way_supplemental_public_metric_check,BRA,Brazil,2021,IND,India,12173.25032,6,CHN,China,163606.15006000004
goods_two_way_supplemental_public_metric_check,BRA,Brazil,2021,KOR,South Korea,12082.633227999999,7,CHN,China,163606.15006000004
goods_two_way_supplemental_public_metric_check,BRA,Brazil,2021,CHL,Chile,11708.140372000002,8,CHN,China,163606.15006000004
goods_two_way_supplemental_public_metric_check,BRA,Brazil,2021,ITA,Italy,10803.643951999999,9,CHN,China,163606.15006000004
goods_two_way_supplemental_public_metric_check,BRA,Brazil,2021,ESP,Spain,8973.224082,10,CHN,China,163606.15006000004
goods_two_way_supplemental_public_metric_check,BRA,Brazil,2021,CAN,Canada,8778.253370999999,11,CHN,China,163606.15006000004
goods_two_way_supplemental_public_metric_check,BRA,Brazil,2021,MEX,Mexico,8685.830826,12,CHN,China,163606.15006000004
goods_two_way_supplemental_public_metric_check,BRA,Brazil,2021,NLD,Netherlands,8564.674148999999,13,CHN,China,163606.15006000004
goods_two_way_supplemental_public_metric_check,BRA,Brazil,2021,RUS,Russia,8467.998790999998,14,CHN,China,163606.15006000004
goods_two_way_supplemental_public_metric_check,BRA,Brazil,2021,FRA,France,7916.0518740000025,15,CHN,China,163606.15006000004
goods_two_way_supplemental_public_metric_check,BRA,Brazil,2021,PRY,Paraguay,7139.590697,16,CHN,China,163606.15006000004
goods_two_way_supplemental_public_metric_check,BRA,Brazil,2021,VNM,Vietnam,7130.067037000001,17,CHN,China,163606.15006000004
goods_two_way_supplemental_public_metric_check,BRA,Brazil,2021,GBR,United Kingdom,6090.860545000001,18,CHN,China,163606.15006000004
goods_two_way_supplemental_public_metric_check,BRA,Brazil,2021,THA,Thailand,5690.378936,19,CHN,China,163606.15006000004
goods_two_way_supplemental_public_metric_check,BRA,Brazil,2021,COL,Colombia,5659.803440999999,20,CHN,China,163606.15006000004
goods_two_way_supplemental_public_metric_check,BRA,Brazil,2021,SAU,Saudi Arabia,5621.857680000001,21,CHN,China,163606.15006000004
goods_two_way_supplemental_public_metric_check,BRA,Brazil,2021,TWN,Taiwan,5529.773805000001,22,CHN,China,163606.15006000004
goods_two_way_supplemental_public_metric_check,BRA,Brazil,2021,TUR,Turkey,5229.945300000001,23,CHN,China,163606.15006000004
goods_two_way_supplemental_public_metric_check,BRA,Brazil,2021,SGP,Singapore,5017.435867999999,24,CHN,China,163606.15006000004
goods_two_way_supplemental_public_metric_check,BRA,Brazil,2021,PER,Peru,4813.568538,25,CHN,China,163606.15006000004
goods_two_way_supplemental_public_metric_check,BRA,Brazil,2021,MYS,Malaysia,4661.391145,26,CHN,China,163606.15006000004
goods_two_way_supplemental_public_metric_check,BRA,Brazil,2021,BEL,Belgium,4563.16973,27,CHN,China,163606.15006000004
goods_two_way_supplemental_public_metric_check,BRA,Brazil,2021,IDN,Indonesia,4562.467773,28,CHN,China,163606.15006000004
goods_two_way_supplemental_public_metric_check,BRA,Brazil,2021,CHE,Switzerland,4112.848666,29,CHN,China,163606.15006000004
goods_two_way_supplemental_public_metric_check,BRA,Brazil,2021,URY,Uruguay,3982.3031139999994,30,CHN,China,163606.15006000004
goods_two_way_supplemental_public_metric_check,BRA,Brazil,2021,PRT,Portugal,3899.9905789999993,31,CHN,China,163606.15006000004
goods_two_way_supplemental_public_metric_check,BRA,Brazil,2021,ARE,United Arab Emirates,3742.965307999999,32,CHN,China,163606.15006000004
goods_two_way_supplemental_public_metric_check,BRA,Brazil,2021,HKG,Hong Kong,3381.5969900000005,33,CHN,China,163606.15006000004
goods_two_way_supplemental_public_metric_check,BRA,Brazil,2021,BOL,Bolivia,3166.947342999999,34,CHN,China,163606.15006000004
goods_two_way_supplemental_public_metric_check,BRA,Brazil,2021,MAR,Morocco,2885.588037,35,CHN,China,163606.15006000004
goods_two_way_supplemental_public_metric_check,BRA,Brazil,2021,DZA,Algeria,2779.814544,36,CHN,China,163606.15006000004
goods_two_way_supplemental_public_metric_check,BRA,Brazil,2021,EGY,Egypt,2601.07192,37,CHN,China,163606.15006000004
goods_two_way_supplemental_public_metric_check,BRA,Brazil,2021,SWE,Sweden,2527.8505759999994,38,CHN,China,163606.15006000004
goods_two_way_supplemental_public_metric_check,BRA,Brazil,2021,POL,Poland,2521.836634,39,CHN,China,163606.15006000004
goods_two_way_supplemental_public_metric_check,BRA,Brazil,2021,BHR,Bahrain,2289.4735530000007,40,CHN,China,163606.15006000004
goods_two_way_supplemental_public_metric_check,BRA,Brazil,2021,OMN,Oman,2235.2410959999997,41,CHN,China,163606.15006000004
goods_two_way_supplemental_public_metric_check,BRA,Brazil,2021,NOR,Norway,2224.8336709999994,42,CHN,China,163606.15006000004
goods_two_way_supplemental_public_metric_check,BRA,Brazil,2021,NGA,Nigeria,2204.72392,43,CHN,China,163606.15006000004
goods_two_way_supplemental_public_metric_check,BRA,Brazil,2021,ZAF,South Africa,2124.57567,44,CHN,China,163606.15006000004
goods_two_way_supplemental_public_metric_check,BRA,Brazil,2021,BGD,Bangladesh,2064.562301,45,CHN,China,163606.15006000004
goods_two_way_supplemental_public_metric_check,BRA,Brazil,2021,AUS,Australia,1990.3476460000006,46,CHN,China,163606.15006000004
goods_two_way_supplemental_public_metric_check,BRA,Brazil,2021,IRN,Iran,1899.8450469999993,47,CHN,China,163606.15006000004
goods_two_way_supplemental_public_metric_check,BRA,Brazil,2021,ISR,Israel,1831.680626,48,CHN,China,163606.15006000004
goods_two_way_supplemental_public_metric_check,BRA,Brazil,2021,PHL,Philippines,1645.3077349999999,49,CHN,China,163606.15006000004
goods_two_way_supplemental_public_metric_check,BRA,Brazil,2021,PAK,Pakistan,1576.1920849999992,50,CHN,China,163606.15006000004
goods_two_way_supplemental_public_metric_check,BRA,Brazil,2021,VEN,Venezuela,1339.8640619999999,51,CHN,China,163606.15006000004
goods_two_way_supplemental_public_metric_check,BRA,Brazil,2021,DNK,Denmark,1265.4034369999997,52,CHN,China,163606.15006000004
goods_two_way_supplemental_public_metric_check,BRA,Brazil,2021,AUT,Austria,1233.6460439999998,53,CHN,China,163606.15006000004
goods_two_way_supplemental_public_metric_check,BRA,Brazil,2021,FIN,Finland,1156.734659,54,CHN,China,163606.15006000004
goods_two_way_supplemental_public_metric_check,BRA,Brazil,2021,ECU,Ecuador,1150.4209939999998,55,CHN,China,163606.15006000004
goods_two_way_supplemental_public_metric_check,BRA,Brazil,2021,QAT,Qatar,1087.778378,56,CHN,China,163606.15006000004
goods_two_way_supplemental_public_metric_check,BRA,Brazil,2021,IRL,Ireland,1017.8284099999998,57,CHN,China,163606.15006000004
goods_two_way_supplemental_public_metric_check,BRA,Brazil,2021,TTO,Trinidad & Tobago,987.6994569999999,58,CHN,China,163606.15006000004
goods_two_way_supplemental_public_metric_check,BRA,Brazil,2021,DOM,Dominican Republic,904.30693900000006,59,CHN,China,163606.15006000004
goods_two_way_supplemental_public_metric_check,BRA,Brazil,2021,AGO,Angola,857.8109949999999,60,CHN,China,163606.15006000004
goods_two_way_supplemental_public_metric_check,BRA,Brazil,2021,CZE,Czechia,857.4643579999998,61,CHN,China,163606.15006000004
goods_two_way_supplemental_public_metric_check,BRA,Brazil,2021,ROU,Romania,716.5194369999999,62,CHN,China,163606.15006000004
goods_two_way_supplemental_public_metric_check,BRA,Brazil,2021,IRQ,Iraq,713.8915209999999,63,CHN,China,163606.15006000004
goods_two_way_supplemental_public_metric_check,BRA,Brazil,2021,BLR,Belarus,676.995899,64,CHN,China,163606.15006000004
goods_two_way_supplemental_public_metric_check,BRA,Brazil,2021,LCA,St. Lucia,626.047671,65,CHN,China,163606.15006000004
goods_two_way_supplemental_public_metric_check,BRA,Brazil,2021,UKR,Ukraine,621.689478,66,CHN,China,163606.15006000004
goods_two_way_supplemental_public_metric_check,BRA,Brazil,2021,HUN,Hungary,592.476124,67,CHN,China,163606.15006000004
goods_two_way_supplemental_public_metric_check,BRA,Brazil,2021,JAM,Jamaica,517.172826,68,CHN,China,163606.15006000004
goods_two_way_supplemental_public_metric_check,BRA,Brazil,2021,CRI,Costa Rica,517.0693520000002,69,CHN,China,163606.15006000004
goods_two_way_supplemental_public_metric_check,BRA,Brazil,2021,GTM,Guatemala,507.36289800000003,70,CHN,China,163606.15006000004
goods_two_way_supplemental_public_metric_check,BRA,Brazil,2021,PAN,Panama,445.322169,71,CHN,China,163606.15006000004
goods_two_way_supplemental_public_metric_check,BRA,Brazil,2021,JOR,Jordan,444.55697499999997,72,CHN,China,163606.15006000004
goods_two_way_supplemental_public_metric_check,BRA,Brazil,2021,GHA,Ghana,426.674024,73,CHN,China,163606.15006000004
goods_two_way_supplemental_public_metric_check,BRA,Brazil,2021,ISL,Iceland,401.3601720000001,74,CHN,China,163606.15006000004
goods_two_way_supplemental_public_metric_check,BRA,Brazil,2021,SVN,Slovenia,395.247299,75,CHN,China,163606.15006000004
goods_two_way_supplemental_public_metric_check,BRA,Brazil,2021,TUN,Tunisia,387.37737100000004,76,CHN,China,163606.15006000004
goods_two_way_supplemental_public_metric_check,BRA,Brazil,2021,SVK,Slovakia,371.23862199999996,77,CHN,China,163606.15006000004
goods_two_way_supplemental_public_metric_check,BRA,Brazil,2021,LBR,Liberia,360.64576299999976,78,CHN,China,163606.15006000004
goods_two_way_supplemental_public_metric_check,BRA,Brazil,2021,LBY,Libya,337.04928800000005,79,CHN,China,163606.15006000004
goods_two_way_supplemental_public_metric_check,BRA,Brazil,2021,GRC,Greece,330.863846,80,CHN,China,163606.15006000004
goods_two_way_supplemental_public_metric_check,BRA,Brazil,2021,TGO,Togo,324.612643,81,CHN,China,163606.15006000004
goods_two_way_supplemental_public_metric_check,BRA,Brazil,2021,UZB,Uzbekistan,322.38784100000004,82,CHN,China,163606.15006000004
goods_two_way_supplemental_public_metric_check,BRA,Brazil,2021,BGR,Bulgaria,317.281447,83,CHN,China,163606.15006000004
goods_two_way_supplemental_public_metric_check,BRA,Brazil,2021,MHL,Marshall Islands,295.128793,84,CHN,China,163606.15006000004
goods_two_way_supplemental_public_metric_check,BRA,Brazil,2021,BHS,Bahamas,291.36360099999973,85,CHN,China,163606.15006000004
goods_two_way_supplemental_public_metric_check,BRA,Brazil,2021,CIV,Côte d'Ivoire,276.9263699999999,86,CHN,China,163606.15006000004
goods_two_way_supplemental_public_metric_check,BRA,Brazil,2021,KAZ,Kazakhstan,272.43860300000006,87,CHN,China,163606.15006000004
goods_two_way_supplemental_public_metric_check,BRA,Brazil,2021,YEM,Yemen,269.71863599999995,88,CHN,China,163606.15006000004
goods_two_way_supplemental_public_metric_check,BRA,Brazil,2021,KWT,Kuwait,261.764327,89,CHN,China,163606.15006000004
goods_two_way_supplemental_public_metric_check,BRA,Brazil,2021,AZE,Azerbaijan,249.5461039999999,90,CHN,China,163606.15006000004
goods_two_way_supplemental_public_metric_check,BRA,Brazil,2021,HND,Honduras,230.36939200000006,91,CHN,China,163606.15006000004
goods_two_way_supplemental_public_metric_check,BRA,Brazil,2021,NZL,New Zealand,225.42607799999996,92,CHN,China,163606.15006000004
goods_two_way_supplemental_public_metric_check,BRA,Brazil,2021,CUB,Cuba,216.826515,93,CHN,China,163606.15006000004
goods_two_way_supplemental_public_metric_check,BRA,Brazil,2021,SEN,Senegal,215.08568700000004,94,CHN,China,163606.15006000004
goods_two_way_supplemental_public_metric_check,BRA,Brazil,2021,SLV,El Salvador,178.70141700000002,95,CHN,China,163606.15006000004
goods_two_way_supplemental_public_metric_check,BRA,Brazil,2021,TKM,Turkmenistan,178.166563,96,CHN,China,163606.15006000004
goods_two_way_supplemental_public_metric_check,BRA,Brazil,2021,LBN,Lebanon,167.04013600000002,97,CHN,China,163606.15006000004
goods_two_way_supplemental_public_metric_check,BRA,Brazil,2021,GEO,Georgia,152.427446,98,CHN,China,163606.15006000004
goods_two_way_supplemental_public_metric_check,BRA,Brazil,2021,MLT,Malta,149.23034199999995,99,CHN,China,163606.15006000004
goods_two_way_supplemental_public_metric_check,BRA,Brazil,2021,NIC,Nicaragua,138.83720300000004,100,CHN,China,163606.15006000004
goods_two_way_supplemental_public_metric_check,BRA,Brazil,2021,SRB,Serbia,136.61164599999998,101,CHN,China,163606.15006000004
goods_two_way_supplemental_public_metric_check,BRA,Brazil,2021,KHM,Cambodia,123.50879800000003,102,CHN,China,163606.15006000004
goods_two_way_supplemental_public_metric_check,BRA,Brazil,2021,LUX,Luxembourg,120.071357,103,CHN,China,163606.15006000004
goods_two_way_supplemental_public_metric_check,BRA,Brazil,2021,LKA,Sri Lanka,112.158124,104,CHN,China,163606.15006000004
goods_two_way_supplemental_public_metric_check,BRA,Brazil,2021,MMR,Myanmar (Burma),111.86431800000004,105,CHN,China,163606.15006000004
goods_two_way_supplemental_public_metric_check,BRA,Brazil,2021,BIH,Bosnia & Herzegovina,110.074671,106,CHN,China,163606.15006000004
goods_two_way_supplemental_public_metric_check,BRA,Brazil,2021,LTU,Lithuania,108.311817,107,CHN,China,163606.15006000004
goods_two_way_supplemental_public_metric_check,BRA,Brazil,2021,COD,Congo - Kinshasa,101.12272000000002,108,CHN,China,163606.15006000004
goods_two_way_supplemental_public_metric_check,BRA,Brazil,2021,EST,Estonia,98.22711599999997,109,CHN,China,163606.15006000004
goods_two_way_supplemental_public_metric_check,BRA,Brazil,2021,BES,Caribbean Netherlands,96.10535200000001,110,CHN,China,163606.15006000004
goods_two_way_supplemental_public_metric_check,BRA,Brazil,2021,COG,Congo - Brazzaville,91.51806400000001,111,CHN,China,163606.15006000004
goods_two_way_supplemental_public_metric_check,BRA,Brazil,2021,MRT,Mauritania,91.189854,112,CHN,China,163606.15006000004
goods_two_way_supplemental_public_metric_check,BRA,Brazil,2021,GIN,Guinea,87.90018200000002,113,CHN,China,163606.15006000004
goods_two_way_supplemental_public_metric_check,BRA,Brazil,2021,CMR,Cameroon,77.74539899999999,114,CHN,China,163606.15006000004
goods_two_way_supplemental_public_metric_check,BRA,Brazil,2021,HRV,Croatia,77.199412,115,CHN,China,163606.15006000004
goods_two_way_supplemental_public_metric_check,BRA,Brazil,2021,MAC,Macao,72.665177,116,CHN,China,163606.15006000004
goods_two_way_supplemental_public_metric_check,BRA,Brazil,2021,MDG,Madagascar,72.653183,117,CHN,China,163606.15006000004
goods_two_way_supplemental_public_metric_check,BRA,Brazil,2021,HTI,Haiti,69.240634,118,CHN,China,163606.15006000004
goods_two_way_supplemental_public_metric_check,BRA,Brazil,2021,MUS,Mauritius,68.163738,119,CHN,China,163606.15006000004
goods_two_way_supplemental_public_metric_check,BRA,Brazil,2021,KEN,Kenya,67.36985300000003,120,CHN,China,163606.15006000004
goods_two_way_supplemental_public_metric_check,BRA,Brazil,2021,GUY,Guyana,65.681248,121,CHN,China,163606.15006000004
goods_two_way_supplemental_public_metric_check,BRA,Brazil,2021,NPL,Nepal,63.239523000000005,122,CHN,China,163606.15006000004
goods_two_way_supplemental_public_metric_check,BRA,Brazil,2021,SOM,Somalia,61.379158000000004,123,CHN,China,163606.15006000004
goods_two_way_supplemental_public_metric_check,BRA,Brazil,2021,LVA,Latvia,60.09660599999999,124,CHN,China,163606.15006000004
goods_two_way_supplemental_public_metric_check,BRA,Brazil,2021,SLE,Sierra Leone,59.276023,125,CHN,China,163606.15006000004
goods_two_way_supplemental_public_metric_check,BRA,Brazil,2021,BEN,Benin,55.688125,126,CHN,China,163606.15006000004
goods_two_way_supplemental_public_metric_check,BRA,Brazil,2021,ARM,Armenia,55.248031000000005,127,CHN,China,163606.15006000004
goods_two_way_supplemental_public_metric_check,BRA,Brazil,2021,CUW,Curaçao,53.95936999999998,128,CHN,China,163606.15006000004
goods_two_way_supplemental_public_metric_check,BRA,Brazil,2021,GMB,Gambia,49.297065999999994,129,CHN,China,163606.15006000004
goods_two_way_supplemental_public_metric_check,BRA,Brazil,2021,SYR,Syria,49.274293,130,CHN,China,163606.15006000004
goods_two_way_supplemental_public_metric_check,BRA,Brazil,2021,MKD,North Macedonia,48.74689499999999,131,CHN,China,163606.15006000004
goods_two_way_supplemental_public_metric_check,BRA,Brazil,2021,PSE,Palestine,46.546025,132,CHN,China,163606.15006000004
goods_two_way_supplemental_public_metric_check,BRA,Brazil,2021,NER,Niger,46.071842999999994,133,CHN,China,163606.15006000004
goods_two_way_supplemental_public_metric_check,BRA,Brazil,2021,GAB,Gabon,45.577798,134,CHN,China,163606.15006000004
goods_two_way_supplemental_public_metric_check,BRA,Brazil,2021,SUR,Suriname,39.940791000000004,135,CHN,China,163606.15006000004
goods_two_way_supplemental_public_metric_check,BRA,Brazil,2021,ETH,Ethiopia,35.957335,136,CHN,China,163606.15006000004
goods_two_way_supplemental_public_metric_check,BRA,Brazil,2021,CPV,Cape Verde,34.71227500000001,137,CHN,China,163606.15006000004
goods_two_way_supplemental_public_metric_check,BRA,Brazil,2021,ATG,Antigua & Barbuda,34.03725300000001,138,CHN,China,163606.15006000004
goods_two_way_supplemental_public_metric_check,BRA,Brazil,2021,MOZ,Mozambique,33.03667600000001,139,CHN,China,163606.15006000004
goods_two_way_supplemental_public_metric_check,BRA,Brazil,2021,ABW,Aruba,30.538807000000002,140,CHN,China,163606.15006000004
goods_two_way_supplemental_public_metric_check,BRA,Brazil,2021,TZA,Tanzania,28.813771000000006,141,CHN,China,163606.15006000004
goods_two_way_supplemental_public_metric_check,BRA,Brazil,2021,NAM,Namibia,28.636209,142,CHN,China,163606.15006000004
goods_two_way_supplemental_public_metric_check,BRA,Brazil,2021,SDN,Sudan,22.491619,143,CHN,China,163606.15006000004
goods_two_way_supplemental_public_metric_check,BRA,Brazil,2021,ALB,Albania,22.385411,144,CHN,China,163606.15006000004
goods_two_way_supplemental_public_metric_check,BRA,Brazil,2021,BFA,Burkina Faso,22.30472,145,CHN,China,163606.15006000004
goods_two_way_supplemental_public_metric_check,BRA,Brazil,2021,UGA,Uganda,22.016781000000005,146,CHN,China,163606.15006000004
goods_two_way_supplemental_public_metric_check,BRA,Brazil,2021,BWA,Botswana,19.645878999999997,147,CHN,China,163606.15006000004
goods_two_way_supplemental_public_metric_check,BRA,Brazil,2021,ZMB,Zambia,19.609012000000003,148,CHN,China,163606.15006000004
goods_two_way_supplemental_public_metric_check,BRA,Brazil,2021,MDV,Maldives,17.930537,149,CHN,China,163606.15006000004
goods_two_way_supplemental_public_metric_check,BRA,Brazil,2021,BRB,Barbados,17.539360000000002,150,CHN,China,163606.15006000004
goods_two_way_supplemental_public_metric_check,BRA,Brazil,2021,AFG,Afghanistan,16.419232000000004,151,CHN,China,163606.15006000004
goods_two_way_supplemental_public_metric_check,BRA,Brazil,2021,GNQ,Equatorial Guinea,16.224957999999997,152,CHN,China,163606.15006000004
goods_two_way_supplemental_public_metric_check,BRA,Brazil,2021,MNE,Montenegro,16.151760999999997,153,CHN,China,163606.15006000004
goods_two_way_supplemental_public_metric_check,BRA,Brazil,2021,TJK,Tajikistan,15.979617999999999,154,CHN,China,163606.15006000004
goods_two_way_supplemental_public_metric_check,BRA,Brazil,2021,CYP,Cyprus,15.037517000000001,155,CHN,China,163606.15006000004
goods_two_way_supplemental_public_metric_check,BRA,Brazil,2021,MDA,Moldova,13.756581999999996,156,CHN,China,163606.15006000004
goods_two_way_supplemental_public_metric_check,BRA,Brazil,2021,SMR,San Marino,12.711739,157,CHN,China,163606.15006000004
goods_two_way_supplemental_public_metric_check,BRA,Brazil,2021,TLS,Timor-Leste,12.180027000000003,158,CHN,China,163606.15006000004
goods_two_way_supplemental_public_metric_check,BRA,Brazil,2021,SYC,Seychelles,10.416086999999996,159,CHN,China,163606.15006000004
goods_two_way_supplemental_public_metric_check,BRA,Brazil,2021,SXM,Sint Maarten,10.015016,160,CHN,China,163606.15006000004
goods_two_way_supplemental_public_metric_check,BRA,Brazil,2021,GIB,Gibraltar,9.712249000000002,161,CHN,China,163606.15006000004
goods_two_way_supplemental_public_metric_check,BRA,Brazil,2021,MLI,Mali,9.45434,162,CHN,China,163606.15006000004
goods_two_way_supplemental_public_metric_check,BRA,Brazil,2021,DJI,Djibouti,9.183069,163,CHN,China,163606.15006000004
goods_two_way_supplemental_public_metric_check,BRA,Brazil,2021,CYM,Cayman Islands,8.969507,164,CHN,China,163606.15006000004
goods_two_way_supplemental_public_metric_check,BRA,Brazil,2021,VCT,St. Vincent & Grenadines,8.618719,165,CHN,China,163606.15006000004
goods_two_way_supplemental_public_metric_check,BRA,Brazil,2021,RWA,Rwanda,8.466828,166,CHN,China,163606.15006000004
goods_two_way_supplemental_public_metric_check,BRA,Brazil,2021,ZWE,Zimbabwe,8.442574,167,CHN,China,163606.15006000004
goods_two_way_supplemental_public_metric_check,BRA,Brazil,2021,MNG,Mongolia,8.213863,168,CHN,China,163606.15006000004
goods_two_way_supplemental_public_metric_check,BRA,Brazil,2021,PYF,French Polynesia,8.020765999999998,169,CHN,China,163606.15006000004
goods_two_way_supplemental_public_metric_check,BRA,Brazil,2021,NCL,New Caledonia,7.826344999999999,170,CHN,China,163606.15006000004
goods_two_way_supplemental_public_metric_check,BRA,Brazil,2021,KGZ,Kyrgyzstan,7.497814,171,CHN,China,163606.15006000004
goods_two_way_supplemental_public_metric_check,BRA,Brazil,2021,BLZ,Belize,6.578979,172,CHN,China,163606.15006000004
goods_two_way_supplemental_public_metric_check,BRA,Brazil,2021,COM,Comoros,6.570274,173,CHN,China,163606.15006000004
goods_two_way_supplemental_public_metric_check,BRA,Brazil,2021,WSM,Samoa,6.045617999999999,174,CHN,China,163606.15006000004
goods_two_way_supplemental_public_metric_check,BRA,Brazil,2021,MWI,Malawi,5.371793,175,CHN,China,163606.15006000004
goods_two_way_supplemental_public_metric_check,BRA,Brazil,2021,CAF,Central African Republic,5.196161999999999,176,CHN,China,163606.15006000004
goods_two_way_supplemental_public_metric_check,BRA,Brazil,2021,GRD,Grenada,4.8493960000000005,177,CHN,China,163606.15006000004
goods_two_way_supplemental_public_metric_check,BRA,Brazil,2021,ERI,Eritrea,4.8265020000000005,178,CHN,China,163606.15006000004
goods_two_way_supplemental_public_metric_check,BRA,Brazil,2021,SSD,South Sudan,4.819210999999999,179,CHN,China,163606.15006000004
goods_two_way_supplemental_public_metric_check,BRA,Brazil,2021,VGB,British Virgin Islands,4.752273,180,CHN,China,163606.15006000004
goods_two_way_supplemental_public_metric_check,BRA,Brazil,2021,KNA,St. Kitts & Nevis,4.141115999999999,181,CHN,China,163606.15006000004
goods_two_way_supplemental_public_metric_check,BRA,Brazil,2021,PNG,Papua New Guinea,3.94834,182,CHN,China,163606.15006000004
goods_two_way_supplemental_public_metric_check,BRA,Brazil,2021,BMU,Bermuda,3.5432159999999997,183,CHN,China,163606.15006000004
goods_two_way_supplemental_public_metric_check,BRA,Brazil,2021,SWZ,Eswatini,3.5196359999999998,184,CHN,China,163606.15006000004
goods_two_way_supplemental_public_metric_check,BRA,Brazil,2021,STP,São Tomé & Príncipe,3.3644519999999996,185,CHN,China,163606.15006000004
goods_two_way_supplemental_public_metric_check,BRA,Brazil,2021,TCD,Chad,3.2545840000000004,186,CHN,China,163606.15006000004
goods_two_way_supplemental_public_metric_check,BRA,Brazil,2021,LAO,Laos,2.825372,187,CHN,China,163606.15006000004
goods_two_way_supplemental_public_metric_check,BRA,Brazil,2021,GNB,Guinea-Bissau,2.5262679999999995,188,CHN,China,163606.15006000004
goods_two_way_supplemental_public_metric_check,BRA,Brazil,2021,UMI,United States Minor Outlying Islands (the),2.4270320000000005,189,CHN,China,163606.15006000004
goods_two_way_supplemental_public_metric_check,BRA,Brazil,2021,BRN,Brunei,2.057631,190,CHN,China,163606.15006000004
goods_two_way_supplemental_public_metric_check,BRA,Brazil,2021,ASM,American Samoa,1.832528,191,CHN,China,163606.15006000004
goods_two_way_supplemental_public_metric_check,BRA,Brazil,2021,DMA,Dominica,1.799921,192,CHN,China,163606.15006000004
goods_two_way_supplemental_public_metric_check,BRA,Brazil,2021,AIA,Anguilla,1.762607,193,CHN,China,163606.15006000004
goods_two_way_supplemental_public_metric_check,BRA,Brazil,2021,BDI,Burundi,1.5873469999999998,194,CHN,China,163606.15006000004
goods_two_way_supplemental_public_metric_check,BRA,Brazil,2021,TON,Tonga,1.4973850000000002,195,CHN,China,163606.15006000004
goods_two_way_supplemental_public_metric_check,BRA,Brazil,2021,TCA,Turks & Caicos Islands,1.467082,196,CHN,China,163606.15006000004
goods_two_way_supplemental_public_metric_check,BRA,Brazil,2021,VUT,Vanuatu,1.400536,197,CHN,China,163606.15006000004
goods_two_way_supplemental_public_metric_check,BRA,Brazil,2021,BLM,St. Barthélemy,1.1842879999999998,198,CHN,China,163606.15006000004
goods_two_way_supplemental_public_metric_check,BRA,Brazil,2021,TKL,Tokelau,1.1468799999999997,199,CHN,China,163606.15006000004
goods_two_way_supplemental_public_metric_check,BRA,Brazil,2021,BTN,Bhutan,0.817,200,CHN,China,163606.15006000004
goods_two_way_supplemental_public_metric_check,BRA,Brazil,2021,FJI,Fiji,0.6897050000000001,201,CHN,China,163606.15006000004
goods_two_way_supplemental_public_metric_check,BRA,Brazil,2021,ATA,Antarctica,0.650934,202,CHN,China,163606.15006000004
goods_two_way_supplemental_public_metric_check,BRA,Brazil,2021,GUM,Guam,0.6485719999999999,203,CHN,China,163606.15006000004
goods_two_way_supplemental_public_metric_check,BRA,Brazil,2021,COK,Cook Islands,0.5831599999999999,204,CHN,China,163606.15006000004
goods_two_way_supplemental_public_metric_check,BRA,Brazil,2021,KIR,Kiribati,0.332245,205,CHN,China,163606.15006000004
goods_two_way_supplemental_public_metric_check,BRA,Brazil,2021,NRU,Nauru,0.317362,206,CHN,China,163606.15006000004
goods_two_way_supplemental_public_metric_check,BRA,Brazil,2021,PLW,Palau,0.30321200000000004,207,CHN,China,163606.15006000004
goods_two_way_supplemental_public_metric_check,BRA,Brazil,2021,AND,Andorra,0.303157,208,CHN,China,163606.15006000004
goods_two_way_supplemental_public_metric_check,BRA,Brazil,2021,FSM,Micronesia (Federated States of),0.281882,209,CHN,China,163606.15006000004
goods_two_way_supplemental_public_metric_check,BRA,Brazil,2021,SPM,St. Pierre & Miquelon,0.259939,210,CHN,China,163606.15006000004
goods_two_way_supplemental_public_metric_check,BRA,Brazil,2021,MSR,Montserrat,0.25788500000000003,211,CHN,China,163606.15006000004
goods_two_way_supplemental_public_metric_check,BRA,Brazil,2021,CXR,Christmas Island,0.22394900000000004,212,CHN,China,163606.15006000004
goods_two_way_supplemental_public_metric_check,BRA,Brazil,2021,ATF,French Southern Territories,0.2054,213,CHN,China,163606.15006000004
goods_two_way_supplemental_public_metric_check,BRA,Brazil,2021,CCK,Cocos (Keeling) Islands,0.190562,214,CHN,China,163606.15006000004
goods_two_way_supplemental_public_metric_check,BRA,Brazil,2021,FRO,Faroe Islands,0.16009800000000002,215,CHN,China,163606.15006000004
goods_two_way_supplemental_public_metric_check,BRA,Brazil,2021,SLB,Solomon Islands,0.12938799999999998,216,CHN,China,163606.15006000004
goods_two_way_supplemental_public_metric_check,BRA,Brazil,2021,PRK,North Korea,0.100768,217,CHN,China,163606.15006000004
goods_two_way_supplemental_public_metric_check,BRA,Brazil,2021,LSO,Lesotho,0.089773,218,CHN,China,163606.15006000004
goods_two_way_supplemental_public_metric_check,BRA,Brazil,2021,NFK,Norfolk Island,0.08685000000000001,219,CHN,China,163606.15006000004
goods_two_way_supplemental_public_metric_check,BRA,Brazil,2021,PCN,Pitcairn Islands,0.079914,220,CHN,China,163606.15006000004
goods_two_way_supplemental_public_metric_check,BRA,Brazil,2021,FLK,Falkland Islands,0.07353900000000003,221,CHN,China,163606.15006000004
goods_two_way_supplemental_public_metric_check,BRA,Brazil,2021,MNP,Northern Mariana Islands,0.068192,222,CHN,China,163606.15006000004
goods_two_way_supplemental_public_metric_check,BRA,Brazil,2021,BVT,Bouvet Island,0.04467,223,CHN,China,163606.15006000004
goods_two_way_supplemental_public_metric_check,BRA,Brazil,2021,WLF,Wallis & Futuna,0.009118,224,CHN,China,163606.15006000004
goods_two_way_supplemental_public_metric_check,BRA,Brazil,2021,SGS,South Georgia & South Sandwich Islands,0.003262,225,CHN,China,163606.15006000004
goods_two_way_supplemental_public_metric_check,BRA,Brazil,2021,SHN,St. Helena,0.001826,226,CHN,China,163606.15006000004
goods_two_way_supplemental_public_metric_check,BRA,Brazil,2021,TUV,Tuvalu,0.0016080000000000003,227,CHN,China,163606.15006000004
goods_two_way_supplemental_public_metric_check,BRA,Brazil,2021,NIU,Niue,0.0012009999999999998,228,CHN,China,163606.15006000004
goods_two_way_supplemental_public_metric_check,BRA,Brazil,2021,VAT,Vatican City,1.9e-5,229,CHN,China,163606.15006000004
goods_two_way_supplemental_public_metric_check,BRA,Brazil,2022,CHN,China,164215.780198,1,CHN,China,164215.780198
goods_two_way_supplemental_public_metric_check,BRA,Brazil,2022,USA,United States,92386.957558,2,CHN,China,164215.780198
goods_two_way_supplemental_public_metric_check,BRA,Brazil,2022,ARG,Argentina,29050.435226999994,3,CHN,China,164215.780198
goods_two_way_supplemental_public_metric_check,BRA,Brazil,2022,DEU,Germany,22491.554534000003,4,CHN,China,164215.780198
goods_two_way_supplemental_public_metric_check,BRA,Brazil,2022,IND,India,16682.730612,5,CHN,China,164215.780198
goods_two_way_supplemental_public_metric_check,BRA,Brazil,2022,JPN,Japan,15588.742069,6,CHN,China,164215.780198
goods_two_way_supplemental_public_metric_check,BRA,Brazil,2022,CHL,Chile,13495.52227,7,CHN,China,164215.780198
goods_two_way_supplemental_public_metric_check,BRA,Brazil,2022,ESP,Spain,13484.268228,8,CHN,China,164215.780198
goods_two_way_supplemental_public_metric_check,BRA,Brazil,2022,KOR,South Korea,13385.277927999998,9,CHN,China,164215.780198
goods_two_way_supplemental_public_metric_check,BRA,Brazil,2022,CAN,Canada,11934.10211,10,CHN,China,164215.780198
goods_two_way_supplemental_public_metric_check,BRA,Brazil,2022,ITA,Italy,11521.644377000002,11,CHN,China,164215.780198
goods_two_way_supplemental_public_metric_check,BRA,Brazil,2022,NLD,Netherlands,10967.712973999998,12,CHN,China,164215.780198
goods_two_way_supplemental_public_metric_check,BRA,Brazil,2022,RUS,Russia,10475.689800999999,13,CHN,China,164215.780198
goods_two_way_supplemental_public_metric_check,BRA,Brazil,2022,MEX,Mexico,10382.799903,14,CHN,China,164215.780198
goods_two_way_supplemental_public_metric_check,BRA,Brazil,2022,FRA,France,9034.479925,15,CHN,China,164215.780198
goods_two_way_supplemental_public_metric_check,BRA,Brazil,2022,SGP,Singapore,8008.466553000001,16,CHN,China,164215.780198
goods_two_way_supplemental_public_metric_check,BRA,Brazil,2022,COL,Colombia,7970.508967999998,17,CHN,China,164215.780198
goods_two_way_supplemental_public_metric_check,BRA,Brazil,2022,GBR,United Kingdom,7652.8311140000005,18,CHN,China,164215.780198
goods_two_way_supplemental_public_metric_check,BRA,Brazil,2022,SAU,Saudi Arabia,7504.974426000001,19,CHN,China,164215.780198
goods_two_way_supplemental_public_metric_check,BRA,Brazil,2022,PRY,Paraguay,7412.78272,20,CHN,China,164215.780198
goods_two_way_supplemental_public_metric_check,BRA,Brazil,2022,VNM,Vietnam,7209.613100999997,21,CHN,China,164215.780198
goods_two_way_supplemental_public_metric_check,BRA,Brazil,2022,BEL,Belgium,6374.719294000001,22,CHN,China,164215.780198
goods_two_way_supplemental_public_metric_check,BRA,Brazil,2022,THA,Thailand,6362.427912999998,23,CHN,China,164215.780198
goods_two_way_supplemental_public_metric_check,BRA,Brazil,2022,TUR,Turkey,6264.181062,24,CHN,China,164215.780198
goods_two_way_supplemental_public_metric_check,BRA,Brazil,2022,PER,Peru,5909.398484000001,25,CHN,China,164215.780198
goods_two_way_supplemental_public_metric_check,BRA,Brazil,2022,IDN,Indonesia,5864.612014,26,CHN,China,164215.780198
goods_two_way_supplemental_public_metric_check,BRA,Brazil,2022,PRT,Portugal,5703.757073999998,27,CHN,China,164215.780198
goods_two_way_supplemental_public_metric_check,BRA,Brazil,2022,TWN,Taiwan,5400.424231999999,28,CHN,China,164215.780198
goods_two_way_supplemental_public_metric_check,BRA,Brazil,2022,ARE,United Arab Emirates,5311.659498000001,29,CHN,China,164215.780198
goods_two_way_supplemental_public_metric_check,BRA,Brazil,2022,IRN,Iran,4824.951881,30,CHN,China,164215.780198
goods_two_way_supplemental_public_metric_check,BRA,Brazil,2022,MYS,Malaysia,4349.964040000001,31,CHN,China,164215.780198
goods_two_way_supplemental_public_metric_check,BRA,Brazil,2022,URY,Uruguay,4347.762360999999,32,CHN,China,164215.780198
goods_two_way_supplemental_public_metric_check,BRA,Brazil,2022,CHE,Switzerland,4247.22243,33,CHN,China,164215.780198
goods_two_way_supplemental_public_metric_check,BRA,Brazil,2022,BOL,Bolivia,3867.3237289999997,34,CHN,China,164215.780198
goods_two_way_supplemental_public_metric_check,BRA,Brazil,2022,ISR,Israel,3810.1446419999984,35,CHN,China,164215.780198
goods_two_way_supplemental_public_metric_check,BRA,Brazil,2022,AUS,Australia,3776.0391169999984,36,CHN,China,164215.780198
goods_two_way_supplemental_public_metric_check,BRA,Brazil,2022,EGY,Egypt,3614.786031999999,37,CHN,China,164215.780198
goods_two_way_supplemental_public_metric_check,BRA,Brazil,2022,MAR,Morocco,3378.9665219999997,38,CHN,China,164215.780198
goods_two_way_supplemental_public_metric_check,BRA,Brazil,2022,NGA,Nigeria,3284.126703,39,CHN,China,164215.780198
goods_two_way_supplemental_public_metric_check,BRA,Brazil,2022,DZA,Algeria,3261.4892059999993,40,CHN,China,164215.780198
goods_two_way_supplemental_public_metric_check,BRA,Brazil,2022,SWE,Sweden,3213.6052440000003,41,CHN,China,164215.780198
goods_two_way_supplemental_public_metric_check,BRA,Brazil,2022,POL,Poland,3003.43517,42,CHN,China,164215.780198
goods_two_way_supplemental_public_metric_check,BRA,Brazil,2022,NOR,Norway,2799.396167,43,CHN,China,164215.780198
goods_two_way_supplemental_public_metric_check,BRA,Brazil,2022,BGD,Bangladesh,2687.669022,44,CHN,China,164215.780198
goods_two_way_supplemental_public_metric_check,BRA,Brazil,2022,OMN,Oman,2348.2987089999992,45,CHN,China,164215.780198
goods_two_way_supplemental_public_metric_check,BRA,Brazil,2022,ZAF,South Africa,2125.416203,46,CHN,China,164215.780198
goods_two_way_supplemental_public_metric_check,BRA,Brazil,2022,PHL,Philippines,2025.6327260000003,47,CHN,China,164215.780198
goods_two_way_supplemental_public_metric_check,BRA,Brazil,2022,FIN,Finland,1998.8672800000002,48,CHN,China,164215.780198
goods_two_way_supplemental_public_metric_check,BRA,Brazil,2022,VEN,Venezuela,1831.909929,49,CHN,China,164215.780198
goods_two_way_supplemental_public_metric_check,BRA,Brazil,2022,BHR,Bahrain,1830.9349900000002,50,CHN,China,164215.780198
goods_two_way_supplemental_public_metric_check,BRA,Brazil,2022,HKG,Hong Kong,1797.233861,51,CHN,China,164215.780198
goods_two_way_supplemental_public_metric_check,BRA,Brazil,2022,AUT,Austria,1765.9536790000002,52,CHN,China,164215.780198
goods_two_way_supplemental_public_metric_check,BRA,Brazil,2022,PAK,Pakistan,1553.9061649999996,53,CHN,China,164215.780198
goods_two_way_supplemental_public_metric_check,BRA,Brazil,2022,AGO,Angola,1547.458283,54,CHN,China,164215.780198
goods_two_way_supplemental_public_metric_check,BRA,Brazil,2022,DNK,Denmark,1545.1062120000001,55,CHN,China,164215.780198
goods_two_way_supplemental_public_metric_check,BRA,Brazil,2022,ECU,Ecuador,1452.8821429999996,56,CHN,China,164215.780198
goods_two_way_supplemental_public_metric_check,BRA,Brazil,2022,QAT,Qatar,1444.547605,57,CHN,China,164215.780198
goods_two_way_supplemental_public_metric_check,BRA,Brazil,2022,DOM,Dominican Republic,1347.7136159999998,58,CHN,China,164215.780198
goods_two_way_supplemental_public_metric_check,BRA,Brazil,2022,IRL,Ireland,1247.6555529999996,59,CHN,China,164215.780198
goods_two_way_supplemental_public_metric_check,BRA,Brazil,2022,TTO,Trinidad & Tobago,1019.775128,60,CHN,China,164215.780198
goods_two_way_supplemental_public_metric_check,BRA,Brazil,2022,CZE,Czechia,946.5605219999999,61,CHN,China,164215.780198
goods_two_way_supplemental_public_metric_check,BRA,Brazil,2022,GTM,Guatemala,856.976138,62,CHN,China,164215.780198
goods_two_way_supplemental_public_metric_check,BRA,Brazil,2022,ROU,Romania,812.5449620000002,63,CHN,China,164215.780198
goods_two_way_supplemental_public_metric_check,BRA,Brazil,2022,CRI,Costa Rica,733.1144550000001,64,CHN,China,164215.780198
goods_two_way_supplemental_public_metric_check,BRA,Brazil,2022,GUY,Guyana,646.253084,65,CHN,China,164215.780198
goods_two_way_supplemental_public_metric_check,BRA,Brazil,2022,HUN,Hungary,614.8010299999999,66,CHN,China,164215.780198
goods_two_way_supplemental_public_metric_check,BRA,Brazil,2022,UZB,Uzbekistan,549.2399529999999,67,CHN,China,164215.780198
goods_two_way_supplemental_public_metric_check,BRA,Brazil,2022,JAM,Jamaica,522.4574670000001,68,CHN,China,164215.780198
goods_two_way_supplemental_public_metric_check,BRA,Brazil,2022,BGR,Bulgaria,512.092849,69,CHN,China,164215.780198
goods_two_way_supplemental_public_metric_check,BRA,Brazil,2022,TUN,Tunisia,509.020403,70,CHN,China,164215.780198
goods_two_way_supplemental_public_metric_check,BRA,Brazil,2022,COG,Congo - Brazzaville,492.988618,71,CHN,China,164215.780198
goods_two_way_supplemental_public_metric_check,BRA,Brazil,2022,IRQ,Iraq,487.58699399999995,72,CHN,China,164215.780198
goods_two_way_supplemental_public_metric_check,BRA,Brazil,2022,LBR,Liberia,486.397003,73,CHN,China,164215.780198
goods_two_way_supplemental_public_metric_check,BRA,Brazil,2022,KAZ,Kazakhstan,472.0489850000001,74,CHN,China,164215.780198
goods_two_way_supplemental_public_metric_check,BRA,Brazil,2022,KWT,Kuwait,469.48521900000003,75,CHN,China,164215.780198
goods_two_way_supplemental_public_metric_check,BRA,Brazil,2022,BLR,Belarus,445.728028,76,CHN,China,164215.780198
goods_two_way_supplemental_public_metric_check,BRA,Brazil,2022,SVK,Slovakia,434.814038,77,CHN,China,164215.780198
goods_two_way_supplemental_public_metric_check,BRA,Brazil,2022,GRC,Greece,427.6323789999999,78,CHN,China,164215.780198
goods_two_way_supplemental_public_metric_check,BRA,Brazil,2022,SVN,Slovenia,427.239507,79,CHN,China,164215.780198
goods_two_way_supplemental_public_metric_check,BRA,Brazil,2022,MHL,Marshall Islands,420.17528100000027,80,CHN,China,164215.780198
goods_two_way_supplemental_public_metric_check,BRA,Brazil,2022,JOR,Jordan,419.138892,81,CHN,China,164215.780198
goods_two_way_supplemental_public_metric_check,BRA,Brazil,2022,SLV,El Salvador,379.7343789999999,82,CHN,China,164215.780198
goods_two_way_supplemental_public_metric_check,BRA,Brazil,2022,PAN,Panama,350.1344210000001,83,CHN,China,164215.780198
goods_two_way_supplemental_public_metric_check,BRA,Brazil,2022,CIV,Côte d'Ivoire,348.138027,84,CHN,China,164215.780198
goods_two_way_supplemental_public_metric_check,BRA,Brazil,2022,BHS,Bahamas,345.5560339999999,85,CHN,China,164215.780198
goods_two_way_supplemental_public_metric_check,BRA,Brazil,2022,SEN,Senegal,335.85625699999997,86,CHN,China,164215.780198
goods_two_way_supplemental_public_metric_check,BRA,Brazil,2022,NZL,New Zealand,331.4613740000001,87,CHN,China,164215.780198
goods_two_way_supplemental_public_metric_check,BRA,Brazil,2022,TGO,Togo,326.53126799999995,88,CHN,China,164215.780198
goods_two_way_supplemental_public_metric_check,BRA,Brazil,2022,ISL,Iceland,314.841557,89,CHN,China,164215.780198
goods_two_way_supplemental_public_metric_check,BRA,Brazil,2022,CUB,Cuba,306.34403799999995,90,CHN,China,164215.780198
goods_two_way_supplemental_public_metric_check,BRA,Brazil,2022,UKR,Ukraine,271.325594,91,CHN,China,164215.780198
goods_two_way_supplemental_public_metric_check,BRA,Brazil,2022,LBN,Lebanon,271.2827040000001,92,CHN,China,164215.780198
goods_two_way_supplemental_public_metric_check,BRA,Brazil,2022,GHA,Ghana,270.060216,93,CHN,China,164215.780198
goods_two_way_supplemental_public_metric_check,BRA,Brazil,2022,MLT,Malta,267.018004,94,CHN,China,164215.780198
goods_two_way_supplemental_public_metric_check,BRA,Brazil,2022,HND,Honduras,261.4368099999999,95,CHN,China,164215.780198
goods_two_way_supplemental_public_metric_check,BRA,Brazil,2022,MRT,Mauritania,219.97377,96,CHN,China,164215.780198
goods_two_way_supplemental_public_metric_check,BRA,Brazil,2022,KHM,Cambodia,190.02778400000003,97,CHN,China,164215.780198
goods_two_way_supplemental_public_metric_check,BRA,Brazil,2022,AZE,Azerbaijan,188.972803,98,CHN,China,164215.780198
goods_two_way_supplemental_public_metric_check,BRA,Brazil,2022,NIC,Nicaragua,187.538417,99,CHN,China,164215.780198
goods_two_way_supplemental_public_metric_check,BRA,Brazil,2022,SRB,Serbia,186.38721900000002,100,CHN,China,164215.780198
goods_two_way_supplemental_public_metric_check,BRA,Brazil,2022,BIH,Bosnia & Herzegovina,184.35944099999998,101,CHN,China,164215.780198
goods_two_way_supplemental_public_metric_check,BRA,Brazil,2022,GIB,Gibraltar,173.55629200000004,102,CHN,China,164215.780198
goods_two_way_supplemental_public_metric_check,BRA,Brazil,2022,YEM,Yemen,163.970511,103,CHN,China,164215.780198
goods_two_way_supplemental_public_metric_check,BRA,Brazil,2022,GEO,Georgia,161.017839,104,CHN,China,164215.780198
goods_two_way_supplemental_public_metric_check,BRA,Brazil,2022,LVA,Latvia,145.18862500000003,105,CHN,China,164215.780198
goods_two_way_supplemental_public_metric_check,BRA,Brazil,2022,GMB,Gambia,132.99144400000006,106,CHN,China,164215.780198
goods_two_way_supplemental_public_metric_check,BRA,Brazil,2022,LKA,Sri Lanka,131.478942,107,CHN,China,164215.780198
goods_two_way_supplemental_public_metric_check,BRA,Brazil,2022,LTU,Lithuania,127.72595100000001,108,CHN,China,164215.780198
goods_two_way_supplemental_public_metric_check,BRA,Brazil,2022,CMR,Cameroon,126.969291,109,CHN,China,164215.780198
goods_two_way_supplemental_public_metric_check,BRA,Brazil,2022,LBY,Libya,125.613593,110,CHN,China,164215.780198
goods_two_way_supplemental_public_metric_check,BRA,Brazil,2022,EST,Estonia,115.45018300000002,111,CHN,China,164215.780198
goods_two_way_supplemental_public_metric_check,BRA,Brazil,2022,COD,Congo - Kinshasa,109.165437,112,CHN,China,164215.780198
goods_two_way_supplemental_public_metric_check,BRA,Brazil,2022,CYP,Cyprus,107.32938100000005,113,CHN,China,164215.780198
goods_two_way_supplemental_public_metric_check,BRA,Brazil,2022,MMR,Myanmar (Burma),105.94736400000001,114,CHN,China,164215.780198
goods_two_way_supplemental_public_metric_check,BRA,Brazil,2022,LUX,Luxembourg,100.24878799999998,115,CHN,China,164215.780198
goods_two_way_supplemental_public_metric_check,BRA,Brazil,2022,BWA,Botswana,99.02355000000001,116,CHN,China,164215.780198
goods_two_way_supplemental_public_metric_check,BRA,Brazil,2022,GIN,Guinea,96.911028,117,CHN,China,164215.780198
goods_two_way_supplemental_public_metric_check,BRA,Brazil,2022,NPL,Nepal,87.61506700000001,118,CHN,China,164215.780198
goods_two_way_supplemental_public_metric_check,BRA,Brazil,2022,SDN,Sudan,81.45616400000004,119,CHN,China,164215.780198
goods_two_way_supplemental_public_metric_check,BRA,Brazil,2022,KEN,Kenya,79.27062399999998,120,CHN,China,164215.780198
goods_two_way_supplemental_public_metric_check,BRA,Brazil,2022,SUR,Suriname,78.408993,121,CHN,China,164215.780198
goods_two_way_supplemental_public_metric_check,BRA,Brazil,2022,BES,Caribbean Netherlands,75.75928800000001,122,CHN,China,164215.780198
goods_two_way_supplemental_public_metric_check,BRA,Brazil,2022,MOZ,Mozambique,68.242535,123,CHN,China,164215.780198
goods_two_way_supplemental_public_metric_check,BRA,Brazil,2022,MUS,Mauritius,65.805024,124,CHN,China,164215.780198
goods_two_way_supplemental_public_metric_check,BRA,Brazil,2022,ATG,Antigua & Barbuda,58.354635,125,CHN,China,164215.780198
goods_two_way_supplemental_public_metric_check,BRA,Brazil,2022,ARM,Armenia,55.889779000000026,126,CHN,China,164215.780198
goods_two_way_supplemental_public_metric_check,BRA,Brazil,2022,HRV,Croatia,55.75788899999999,127,CHN,China,164215.780198
goods_two_way_supplemental_public_metric_check,BRA,Brazil,2022,HTI,Haiti,48.707339000000005,128,CHN,China,164215.780198
goods_two_way_supplemental_public_metric_check,BRA,Brazil,2022,ETH,Ethiopia,47.84568100000001,129,CHN,China,164215.780198
goods_two_way_supplemental_public_metric_check,BRA,Brazil,2022,CPV,Cape Verde,46.686487000000014,130,CHN,China,164215.780198
goods_two_way_supplemental_public_metric_check,BRA,Brazil,2022,MDG,Madagascar,46.077015,131,CHN,China,164215.780198
goods_two_way_supplemental_public_metric_check,BRA,Brazil,2022,KGZ,Kyrgyzstan,45.78520399999999,132,CHN,China,164215.780198
goods_two_way_supplemental_public_metric_check,BRA,Brazil,2022,TKM,Turkmenistan,40.985524000000005,133,CHN,China,164215.780198
goods_two_way_supplemental_public_metric_check,BRA,Brazil,2022,ABW,Aruba,38.728299,134,CHN,China,164215.780198
goods_two_way_supplemental_public_metric_check,BRA,Brazil,2022,MKD,North Macedonia,38.034710000000004,135,CHN,China,164215.780198
goods_two_way_supplemental_public_metric_check,BRA,Brazil,2022,PSE,Palestine,36.954837,136,CHN,China,164215.780198
goods_two_way_supplemental_public_metric_check,BRA,Brazil,2022,BFA,Burkina Faso,36.608611999999994,137,CHN,China,164215.780198
goods_two_way_supplemental_public_metric_check,BRA,Brazil,2022,SOM,Somalia,36.27279600000001,138,CHN,China,164215.780198
goods_two_way_supplemental_public_metric_check,BRA,Brazil,2022,TZA,Tanzania,33.971956999999996,139,CHN,China,164215.780198
goods_two_way_supplemental_public_metric_check,BRA,Brazil,2022,CAF,Central African Republic,33.83991999999999,140,CHN,China,164215.780198
goods_two_way_supplemental_public_metric_check,BRA,Brazil,2022,SLE,Sierra Leone,33.177193,141,CHN,China,164215.780198
goods_two_way_supplemental_public_metric_check,BRA,Brazil,2022,VGB,British Virgin Islands,32.114376,142,CHN,China,164215.780198
goods_two_way_supplemental_public_metric_check,BRA,Brazil,2022,BRB,Barbados,30.901534,143,CHN,China,164215.780198
goods_two_way_supplemental_public_metric_check,BRA,Brazil,2022,BRN,Brunei,27.002204,144,CHN,China,164215.780198
goods_two_way_supplemental_public_metric_check,BRA,Brazil,2022,BEN,Benin,26.779713,145,CHN,China,164215.780198
goods_two_way_supplemental_public_metric_check,BRA,Brazil,2022,NAM,Namibia,24.639305999999994,146,CHN,China,164215.780198
goods_two_way_supplemental_public_metric_check,BRA,Brazil,2022,SYR,Syria,23.343825999999996,147,CHN,China,164215.780198
goods_two_way_supplemental_public_metric_check,BRA,Brazil,2022,MAC,Macao,22.862876999999997,148,CHN,China,164215.780198
goods_two_way_supplemental_public_metric_check,BRA,Brazil,2022,GAB,Gabon,19.113582,149,CHN,China,164215.780198
goods_two_way_supplemental_public_metric_check,BRA,Brazil,2022,ALB,Albania,17.931083,150,CHN,China,164215.780198
goods_two_way_supplemental_public_metric_check,BRA,Brazil,2022,TLS,Timor-Leste,17.281972,151,CHN,China,164215.780198
goods_two_way_supplemental_public_metric_check,BRA,Brazil,2022,NER,Niger,16.533993,152,CHN,China,164215.780198
goods_two_way_supplemental_public_metric_check,BRA,Brazil,2022,TJK,Tajikistan,15.856382,153,CHN,China,164215.780198
goods_two_way_supplemental_public_metric_check,BRA,Brazil,2022,ZMB,Zambia,15.798566000000003,154,CHN,China,164215.780198
goods_two_way_supplemental_public_metric_check,BRA,Brazil,2022,MDA,Moldova,15.212599999999995,155,CHN,China,164215.780198
goods_two_way_supplemental_public_metric_check,BRA,Brazil,2022,SMR,San Marino,15.010939000000002,156,CHN,China,164215.780198
goods_two_way_supplemental_public_metric_check,BRA,Brazil,2022,CYM,Cayman Islands,14.967992999999996,157,CHN,China,164215.780198
goods_two_way_supplemental_public_metric_check,BRA,Brazil,2022,UGA,Uganda,14.075717000000001,158,CHN,China,164215.780198
goods_two_way_supplemental_public_metric_check,BRA,Brazil,2022,CUW,Curaçao,13.723078000000001,159,CHN,China,164215.780198
goods_two_way_supplemental_public_metric_check,BRA,Brazil,2022,SYC,Seychelles,13.600317999999996,160,CHN,China,164215.780198
goods_two_way_supplemental_public_metric_check,BRA,Brazil,2022,MNE,Montenegro,12.960773999999997,161,CHN,China,164215.780198
goods_two_way_supplemental_public_metric_check,BRA,Brazil,2022,DJI,Djibouti,12.443135999999999,162,CHN,China,164215.780198
goods_two_way_supplemental_public_metric_check,BRA,Brazil,2022,BLZ,Belize,11.328394,163,CHN,China,164215.780198
goods_two_way_supplemental_public_metric_check,BRA,Brazil,2022,RWA,Rwanda,10.154759999999998,164,CHN,China,164215.780198
goods_two_way_supplemental_public_metric_check,BRA,Brazil,2022,MNG,Mongolia,8.728563,165,CHN,China,164215.780198
goods_two_way_supplemental_public_metric_check,BRA,Brazil,2022,ZWE,Zimbabwe,8.64516,166,CHN,China,164215.780198
goods_two_way_supplemental_public_metric_check,BRA,Brazil,2022,PYF,French Polynesia,8.421554000000002,167,CHN,China,164215.780198
goods_two_way_supplemental_public_metric_check,BRA,Brazil,2022,VCT,St. Vincent & Grenadines,7.877645000000002,168,CHN,China,164215.780198
goods_two_way_supplemental_public_metric_check,BRA,Brazil,2022,GNQ,Equatorial Guinea,7.6021149999999995,169,CHN,China,164215.780198
goods_two_way_supplemental_public_metric_check,BRA,Brazil,2022,MDV,Maldives,6.3290429999999995,170,CHN,China,164215.780198
goods_two_way_supplemental_public_metric_check,BRA,Brazil,2022,GRD,Grenada,6.286309,171,CHN,China,164215.780198
goods_two_way_supplemental_public_metric_check,BRA,Brazil,2022,NCL,New Caledonia,6.195611000000001,172,CHN,China,164215.780198
goods_two_way_supplemental_public_metric_check,BRA,Brazil,2022,MLI,Mali,6.073228,173,CHN,China,164215.780198
goods_two_way_supplemental_public_metric_check,BRA,Brazil,2022,LAO,Laos,4.908811000000001,174,CHN,China,164215.780198
goods_two_way_supplemental_public_metric_check,BRA,Brazil,2022,BMU,Bermuda,4.737950999999999,175,CHN,China,164215.780198
goods_two_way_supplemental_public_metric_check,BRA,Brazil,2022,STP,São Tomé & Príncipe,4.719716999999999,176,CHN,China,164215.780198
goods_two_way_supplemental_public_metric_check,BRA,Brazil,2022,MWI,Malawi,3.8348430000000002,177,CHN,China,164215.780198
goods_two_way_supplemental_public_metric_check,BRA,Brazil,2022,SXM,Sint Maarten,3.569565,178,CHN,China,164215.780198
goods_two_way_supplemental_public_metric_check,BRA,Brazil,2022,WSM,Samoa,3.520275,179,CHN,China,164215.780198
goods_two_way_supplemental_public_metric_check,BRA,Brazil,2022,BLM,St. Barthélemy,3.224305,180,CHN,China,164215.780198
goods_two_way_supplemental_public_metric_check,BRA,Brazil,2022,PNG,Papua New Guinea,3.081501000000001,181,CHN,China,164215.780198
goods_two_way_supplemental_public_metric_check,BRA,Brazil,2022,LCA,St. Lucia,2.7632689999999998,182,CHN,China,164215.780198
goods_two_way_supplemental_public_metric_check,BRA,Brazil,2022,BTN,Bhutan,2.491268,183,CHN,China,164215.780198
goods_two_way_supplemental_public_metric_check,BRA,Brazil,2022,AFG,Afghanistan,2.32892,184,CHN,China,164215.780198
goods_two_way_supplemental_public_metric_check,BRA,Brazil,2022,GNB,Guinea-Bissau,2.077917,185,CHN,China,164215.780198
goods_two_way_supplemental_public_metric_check,BRA,Brazil,2022,FJI,Fiji,2.027672,186,CHN,China,164215.780198
goods_two_way_supplemental_public_metric_check,BRA,Brazil,2022,TCA,Turks & Caicos Islands,1.6387399999999999,187,CHN,China,164215.780198
goods_two_way_supplemental_public_metric_check,BRA,Brazil,2022,DMA,Dominica,1.6386450000000001,188,CHN,China,164215.780198
goods_two_way_supplemental_public_metric_check,BRA,Brazil,2022,COM,Comoros,1.6021020000000001,189,CHN,China,164215.780198
goods_two_way_supplemental_public_metric_check,BRA,Brazil,2022,TKL,Tokelau,1.553626,190,CHN,China,164215.780198
goods_two_way_supplemental_public_metric_check,BRA,Brazil,2022,ASM,American Samoa,1.5027300000000001,191,CHN,China,164215.780198
goods_two_way_supplemental_public_metric_check,BRA,Brazil,2022,TCD,Chad,1.409439,192,CHN,China,164215.780198
goods_two_way_supplemental_public_metric_check,BRA,Brazil,2022,GUM,Guam,1.007757,193,CHN,China,164215.780198
goods_two_way_supplemental_public_metric_check,BRA,Brazil,2022,TON,Tonga,0.99113,194,CHN,China,164215.780198
goods_two_way_supplemental_public_metric_check,BRA,Brazil,2022,PCN,Pitcairn Islands,0.974227,195,CHN,China,164215.780198
goods_two_way_supplemental_public_metric_check,BRA,Brazil,2022,KNA,St. Kitts & Nevis,0.9680599999999999,196,CHN,China,164215.780198
goods_two_way_supplemental_public_metric_check,BRA,Brazil,2022,NIU,Niue,0.9425110000000001,197,CHN,China,164215.780198
goods_two_way_supplemental_public_metric_check,BRA,Brazil,2022,ATF,French Southern Territories,0.8972129999999999,198,CHN,China,164215.780198
goods_two_way_supplemental_public_metric_check,BRA,Brazil,2022,COK,Cook Islands,0.7954370000000001,199,CHN,China,164215.780198
goods_two_way_supplemental_public_metric_check,BRA,Brazil,2022,UMI,United States Minor Outlying Islands (the),0.7401599999999999,200,CHN,China,164215.780198
goods_two_way_supplemental_public_metric_check,BRA,Brazil,2022,VUT,Vanuatu,0.513427,201,CHN,China,164215.780198
goods_two_way_supplemental_public_metric_check,BRA,Brazil,2022,KIR,Kiribati,0.42674700000000004,202,CHN,China,164215.780198
goods_two_way_supplemental_public_metric_check,BRA,Brazil,2022,AIA,Anguilla,0.354342,203,CHN,China,164215.780198
goods_two_way_supplemental_public_metric_check,BRA,Brazil,2022,BDI,Burundi,0.316489,204,CHN,China,164215.780198
goods_two_way_supplemental_public_metric_check,BRA,Brazil,2022,ATA,Antarctica,0.307904,205,CHN,China,164215.780198
goods_two_way_supplemental_public_metric_check,BRA,Brazil,2022,HMD,Heard & McDonald Islands,0.303469,206,CHN,China,164215.780198
goods_two_way_supplemental_public_metric_check,BRA,Brazil,2022,AND,Andorra,0.25835300000000005,207,CHN,China,164215.780198
goods_two_way_supplemental_public_metric_check,BRA,Brazil,2022,FSM,Micronesia (Federated States of),0.208178,208,CHN,China,164215.780198
goods_two_way_supplemental_public_metric_check,BRA,Brazil,2022,SLB,Solomon Islands,0.181761,209,CHN,China,164215.780198
goods_two_way_supplemental_public_metric_check,BRA,Brazil,2022,MSR,Montserrat,0.172579,210,CHN,China,164215.780198
goods_two_way_supplemental_public_metric_check,BRA,Brazil,2022,NFK,Norfolk Island,0.14631799999999998,211,CHN,China,164215.780198
goods_two_way_supplemental_public_metric_check,BRA,Brazil,2022,FLK,Falkland Islands,0.143975,212,CHN,China,164215.780198
goods_two_way_supplemental_public_metric_check,BRA,Brazil,2022,PLW,Palau,0.140133,213,CHN,China,164215.780198
goods_two_way_supplemental_public_metric_check,BRA,Brazil,2022,ERI,Eritrea,0.131943,214,CHN,China,164215.780198
goods_two_way_supplemental_public_metric_check,BRA,Brazil,2022,FRO,Faroe Islands,0.113049,215,CHN,China,164215.780198
goods_two_way_supplemental_public_metric_check,BRA,Brazil,2022,SWZ,Eswatini,0.09521900000000001,216,CHN,China,164215.780198
goods_two_way_supplemental_public_metric_check,BRA,Brazil,2022,IOT,British Indian Ocean Territory,0.07170099999999999,217,CHN,China,164215.780198
goods_two_way_supplemental_public_metric_check,BRA,Brazil,2022,CCK,Cocos (Keeling) Islands,0.063404,218,CHN,China,164215.780198
goods_two_way_supplemental_public_metric_check,BRA,Brazil,2022,TUV,Tuvalu,0.06046699999999999,219,CHN,China,164215.780198
goods_two_way_supplemental_public_metric_check,BRA,Brazil,2022,NRU,Nauru,0.060367000000000004,220,CHN,China,164215.780198
goods_two_way_supplemental_public_metric_check,BRA,Brazil,2022,LSO,Lesotho,0.052735000000000004,221,CHN,China,164215.780198
goods_two_way_supplemental_public_metric_check,BRA,Brazil,2022,VAT,Vatican City,0.041339999999999995,222,CHN,China,164215.780198
goods_two_way_supplemental_public_metric_check,BRA,Brazil,2022,SSD,South Sudan,0.040716,223,CHN,China,164215.780198
goods_two_way_supplemental_public_metric_check,BRA,Brazil,2022,WLF,Wallis & Futuna,0.017044,224,CHN,China,164215.780198
goods_two_way_supplemental_public_metric_check,BRA,Brazil,2022,SHN,St. Helena,0.009854,225,CHN,China,164215.780198
goods_two_way_supplemental_public_metric_check,BRA,Brazil,2022,CXR,Christmas Island,0.008301,226,CHN,China,164215.780198
goods_two_way_supplemental_public_metric_check,BRA,Brazil,2022,SGS,South Georgia & South Sandwich Islands,0.007915,227,CHN,China,164215.780198
goods_two_way_supplemental_public_metric_check,BRA,Brazil,2022,PRK,North Korea,0.003939,228,CHN,China,164215.780198
goods_two_way_supplemental_public_metric_check,BRA,Brazil,2022,GRL,Greenland,3.26e-4,229,CHN,China,164215.780198
goods_two_way_supplemental_public_metric_check,BRA,Brazil,2022,MNP,Northern Mariana Islands,2.61e-4,230,CHN,China,164215.780198
goods_two_way_supplemental_public_metric_check,BRA,Brazil,2022,BVT,Bouvet Island,2.18e-4,231,CHN,China,164215.780198
