iso3c,year,abs_distance_china,rank_USA,rank_CHN,top_partner,china_is_top,country_id,country_name,previous_observed_year,previous_china_is_top,previous_top_partner,previous_trade_observed,china_top_period_start,china_top_period_id,entry_year,previous_observed_year_at_entry,previous_china_is_top_at_entry,previous_top_partner_at_entry,previous_trade_observed_at_entry,china_top
AFG,1990,0.9144,9,,DEU,FALSE,1,Afghanistan,,,,FALSE,FALSE,0,,,,,,0
AFG,1991,0.6000003,5,30,DEU,FALSE,1,Afghanistan,1990,FALSE,DEU,TRUE,FALSE,0,,,,,,0
AFG,1992,0.2645812,12,9,DEU,FALSE,1,Afghanistan,1991,FALSE,DEU,TRUE,FALSE,0,,,,,,0
AFG,1993,0.6692587000000001,6,8,DEU,FALSE,1,Afghanistan,1992,FALSE,DEU,TRUE,FALSE,0,,,,,,0
AFG,1994,0.517131,5,2,BLX,FALSE,1,Afghanistan,1993,FALSE,DEU,TRUE,FALSE,0,,,,,,0
AFG,1995,0.7882744000000002,6,2,BLX,FALSE,1,Afghanistan,1994,FALSE,BLX,TRUE,FALSE,0,,,,,,0
AFG,1996,0.14477299999999982,1,8,USA,FALSE,1,Afghanistan,1995,FALSE,BLX,TRUE,FALSE,0,,,,,,0
AFG,1997,0.3631468,5,21,PAK,FALSE,1,Afghanistan,1996,FALSE,USA,TRUE,FALSE,0,,,,,,0
AFG,1998,0.5039589,4,35,IND,FALSE,1,Afghanistan,1997,FALSE,PAK,TRUE,FALSE,0,,,,,,0
AFG,1999,0.321194,5,10,PAK,FALSE,1,Afghanistan,1998,FALSE,IND,TRUE,FALSE,0,,,,,,0
AFG,2000,0.10762090000000002,30,7,IND,FALSE,1,Afghanistan,1999,FALSE,PAK,TRUE,FALSE,0,,,,,,0
AFG,2001,0.3378924,33,35,IND,FALSE,1,Afghanistan,2000,FALSE,IND,TRUE,FALSE,0,,,,,,0
AFG,2002,0.13792690000000007,24,50,IND,FALSE,1,Afghanistan,2001,FALSE,IND,TRUE,FALSE,0,,,,,,0
AFG,2003,0.06245409999999996,1,22,USA,FALSE,1,Afghanistan,2002,FALSE,IND,TRUE,FALSE,0,,,,,,0
AFG,2004,0.08739570000000008,10,19,IND,FALSE,1,Afghanistan,2003,FALSE,USA,TRUE,FALSE,0,,,,,,0
AFG,2005,0.07798850000000002,2,20,IND,FALSE,1,Afghanistan,2004,FALSE,IND,TRUE,FALSE,0,,,,,,0
AFG,2006,0.4907147,6,45,PAK,FALSE,1,Afghanistan,2005,FALSE,IND,TRUE,FALSE,0,,,,,,0
AFG,2007,0.0344272000000001,7,19,IND,FALSE,1,Afghanistan,2006,FALSE,PAK,TRUE,FALSE,0,,,,,,0
AFG,2008,0.014859500000000025,6,16,IND,FALSE,1,Afghanistan,2007,FALSE,IND,TRUE,FALSE,0,,,,,,0
AFG,2009,0.10337010000000002,6,24,NGA,FALSE,1,Afghanistan,2008,FALSE,IND,TRUE,FALSE,0,,,,,,0
AFG,2010,0.001505899999999949,6,16,IND,FALSE,1,Afghanistan,2009,FALSE,NGA,TRUE,FALSE,0,,,,,,0
AFG,2011,0.09530139999999998,10,13,PAK,FALSE,1,Afghanistan,2010,FALSE,IND,TRUE,FALSE,0,,,,,,0
AFG,2012,0.05192549999999996,6,9,PAK,FALSE,1,Afghanistan,2011,FALSE,PAK,TRUE,FALSE,0,,,,,,0
AFG,2013,0.28906070000000006,7,9,PAK,FALSE,1,Afghanistan,2012,FALSE,PAK,TRUE,FALSE,0,,,,,,0
AFG,2014,0.02118069999999994,10,4,PAK,FALSE,1,Afghanistan,2013,FALSE,PAK,TRUE,FALSE,0,,,,,,0
AFG,2015,0.5679575,4,6,PAK,FALSE,1,Afghanistan,2014,FALSE,PAK,TRUE,FALSE,0,,,,,,0
AFG,2016,0.22647450000000002,6,12,PAK,FALSE,1,Afghanistan,2015,FALSE,PAK,TRUE,FALSE,0,,,,,,0
AFG,2017,0.5796405,7,9,PAK,FALSE,1,Afghanistan,2016,FALSE,PAK,TRUE,FALSE,0,,,,,,0
AFG,2018,0.421643,4,5,PAK,FALSE,1,Afghanistan,2017,FALSE,PAK,TRUE,FALSE,0,,,,,,0
AFG,2019,0.19311219999999996,5,4,ARE,FALSE,1,Afghanistan,2018,FALSE,PAK,TRUE,FALSE,0,,,,,,0
AFG,2020,0.0102584,8,4,ARE,FALSE,1,Afghanistan,2019,FALSE,ARE,TRUE,FALSE,0,,,,,,0
AFG,2021,0.46929899999999997,8,5,PAK,FALSE,1,Afghanistan,2020,FALSE,ARE,TRUE,FALSE,0,,,,,,0
AFG,2022,0.8031794,6,3,PAK,FALSE,1,Afghanistan,2021,FALSE,PAK,TRUE,FALSE,0,,,,,,0
AFG,2023,0.3050412,,,,,1,Afghanistan,2022,FALSE,PAK,TRUE,FALSE,0,,,,,,
AGO,1990,1.003921,20,,DEU,FALSE,2,Angola,,,,FALSE,FALSE,0,,,,,,0
AGO,1991,0.6851915,1,12,USA,FALSE,2,Angola,1990,FALSE,DEU,TRUE,FALSE,0,,,,,,0
AGO,1992,0.1503008,1,6,USA,FALSE,2,Angola,1991,FALSE,USA,TRUE,FALSE,0,,,,,,0
AGO,1993,0.7442890000000001,1,2,USA,FALSE,2,Angola,1992,FALSE,USA,TRUE,FALSE,0,,,,,,0
AGO,1994,1.4570220999999999,1,8,USA,FALSE,2,Angola,1993,FALSE,USA,TRUE,FALSE,0,,,,,,0
AGO,1995,0.9263819000000001,1,4,USA,FALSE,2,Angola,1994,FALSE,USA,TRUE,FALSE,0,,,,,,0
AGO,1996,0.6292871999999999,1,2,USA,FALSE,2,Angola,1995,FALSE,USA,TRUE,FALSE,0,,,,,,0
AGO,1997,0.4998019,1,2,USA,FALSE,2,Angola,1996,FALSE,USA,TRUE,FALSE,0,,,,,,0
AGO,1998,0.07230209999999998,1,4,USA,FALSE,2,Angola,1997,FALSE,USA,TRUE,FALSE,0,,,,,,0
AGO,1999,0.07179920000000006,1,4,USA,FALSE,2,Angola,1998,FALSE,USA,TRUE,FALSE,0,,,,,,0
AGO,2000,0.39674740000000003,1,2,USA,FALSE,2,Angola,1999,FALSE,USA,TRUE,FALSE,0,,,,,,0
AGO,2001,0.30480840000000003,1,2,USA,FALSE,2,Angola,2000,FALSE,USA,TRUE,FALSE,0,,,,,,0
AGO,2002,0.16655450000000005,1,2,USA,FALSE,2,Angola,2001,FALSE,USA,TRUE,FALSE,0,,,,,,0
AGO,2003,0.6387385999999999,1,2,USA,FALSE,2,Angola,2002,FALSE,USA,TRUE,FALSE,0,,,,,,0
AGO,2004,0.3135704,1,2,USA,FALSE,2,Angola,2003,FALSE,USA,TRUE,FALSE,0,,,,,,0
AGO,2005,0.23967320000000003,1,2,USA,FALSE,2,Angola,2004,FALSE,USA,TRUE,FALSE,0,,,,,,0
AGO,2006,0.4265469,1,2,USA,FALSE,2,Angola,2005,FALSE,USA,TRUE,FALSE,0,,,,,,0
AGO,2007,0.3303768000000001,2,1,CHN,TRUE,2,Angola,2006,FALSE,USA,TRUE,TRUE,1,2007,2006,FALSE,USA,TRUE,1
AGO,2008,0.07037070000000001,2,1,CHN,TRUE,2,Angola,2007,TRUE,CHN,TRUE,FALSE,1,2007,2006,FALSE,USA,TRUE,1
AGO,2009,0.006010900000000041,2,1,CHN,TRUE,2,Angola,2008,TRUE,CHN,TRUE,FALSE,1,2007,2006,FALSE,USA,TRUE,1
AGO,2010,0.18085210000000007,2,1,CHN,TRUE,2,Angola,2009,TRUE,CHN,TRUE,FALSE,1,2007,2006,FALSE,USA,TRUE,1
AGO,2011,0.043279100000000015,2,1,CHN,TRUE,2,Angola,2010,TRUE,CHN,TRUE,FALSE,1,2007,2006,FALSE,USA,TRUE,1
AGO,2012,0.13603069999999995,2,1,CHN,TRUE,2,Angola,2011,TRUE,CHN,TRUE,FALSE,1,2007,2006,FALSE,USA,TRUE,1
AGO,2013,0.23850120000000008,2,1,CHN,TRUE,2,Angola,2012,TRUE,CHN,TRUE,FALSE,1,2007,2006,FALSE,USA,TRUE,1
AGO,2014,0.13175530000000002,2,1,CHN,TRUE,2,Angola,2013,TRUE,CHN,TRUE,FALSE,1,2007,2006,FALSE,USA,TRUE,1
AGO,2015,0.8788458,3,1,CHN,TRUE,2,Angola,2014,TRUE,CHN,TRUE,FALSE,1,2007,2006,FALSE,USA,TRUE,1
AGO,2016,0.4659059,2,1,CHN,TRUE,2,Angola,2015,TRUE,CHN,TRUE,FALSE,1,2007,2006,FALSE,USA,TRUE,1
AGO,2017,0.2155356,3,1,CHN,TRUE,2,Angola,2016,TRUE,CHN,TRUE,FALSE,1,2007,2006,FALSE,USA,TRUE,1
AGO,2018,0.07692180000000004,3,1,CHN,TRUE,2,Angola,2017,TRUE,CHN,TRUE,FALSE,1,2007,2006,FALSE,USA,TRUE,1
AGO,2019,0.21595770000000003,6,1,CHN,TRUE,2,Angola,2018,TRUE,CHN,TRUE,FALSE,1,2007,2006,FALSE,USA,TRUE,1
AGO,2020,0.13623650000000004,7,1,CHN,TRUE,2,Angola,2019,TRUE,CHN,TRUE,FALSE,1,2007,2006,FALSE,USA,TRUE,1
AGO,2021,0.3176472000000001,5,1,CHN,TRUE,2,Angola,2020,TRUE,CHN,TRUE,FALSE,1,2007,2006,FALSE,USA,TRUE,1
AGO,2022,0.5061384,9,1,CHN,TRUE,2,Angola,2021,TRUE,CHN,TRUE,FALSE,1,2007,2006,FALSE,USA,TRUE,1
AGO,2023,0.2509042,,,,,2,Angola,2022,TRUE,CHN,TRUE,FALSE,1,2007,2006,FALSE,USA,TRUE,
ALB,1990,0.6377665,12,,DEU,FALSE,3,Albania,,,,FALSE,FALSE,0,,,,,,0
ALB,1991,1.3371480999999998,18,,KOR,FALSE,3,Albania,1990,FALSE,DEU,TRUE,FALSE,0,,,,,,0
ALB,1992,1.7554034,6,21,GRC,FALSE,3,Albania,1991,FALSE,KOR,TRUE,FALSE,0,,,,,,0
ALB,1993,2.4204790000000003,3,33,GRC,FALSE,3,Albania,1992,FALSE,GRC,TRUE,FALSE,0,,,,,,0
ALB,1994,2.7667289999999998,5,,ITA,FALSE,3,Albania,1993,FALSE,GRC,TRUE,FALSE,0,,,,,,0
ALB,1995,2.5268598,4,,ITA,FALSE,3,Albania,1994,FALSE,ITA,TRUE,FALSE,0,,,,,,0
ALB,1996,2.5777859999999997,5,17,ITA,FALSE,3,Albania,1995,FALSE,ITA,TRUE,FALSE,0,,,,,,0
ALB,1997,2.357372,5,,ITA,FALSE,3,Albania,1996,FALSE,ITA,TRUE,FALSE,0,,,,,,0
ALB,1998,1.6150521,4,71,ITA,FALSE,3,Albania,1997,FALSE,ITA,TRUE,FALSE,0,,,,,,0
ALB,1999,1.7112534,4,,ITA,FALSE,3,Albania,1998,FALSE,ITA,TRUE,FALSE,0,,,,,,0
ALB,2000,2.0868816,5,85,ITA,FALSE,3,Albania,1999,FALSE,ITA,TRUE,FALSE,0,,,,,,0
ALB,2001,1.9600293,6,92,ITA,FALSE,3,Albania,2000,FALSE,ITA,TRUE,FALSE,0,,,,,,0
ALB,2002,1.6693605999999999,5,40,ITA,FALSE,3,Albania,2001,FALSE,ITA,TRUE,FALSE,0,,,,,,0
ALB,2003,2.2254742,10,16,ITA,FALSE,3,Albania,2002,FALSE,ITA,TRUE,FALSE,0,,,,,,0
ALB,2004,2.06137,5,8,ITA,FALSE,3,Albania,2003,FALSE,ITA,TRUE,FALSE,0,,,,,,0
ALB,2005,2.2595504,2,9,ITA,FALSE,3,Albania,2004,FALSE,ITA,TRUE,FALSE,0,,,,,,0
ALB,2006,1.9227010999999998,5,8,ITA,FALSE,3,Albania,2005,FALSE,ITA,TRUE,FALSE,0,,,,,,0
ALB,2007,1.4648910000000002,12,3,ITA,FALSE,3,Albania,2006,FALSE,ITA,TRUE,FALSE,0,,,,,,0
ALB,2008,1.6480481,14,4,NGA,FALSE,3,Albania,2007,FALSE,ITA,TRUE,FALSE,0,,,,,,0
ALB,2009,1.3650029,11,5,NGA,FALSE,3,Albania,2008,FALSE,NGA,TRUE,FALSE,0,,,,,,0
ALB,2010,1.7871679,10,2,ITA,FALSE,3,Albania,2009,FALSE,NGA,TRUE,FALSE,0,,,,,,0
ALB,2011,1.774966,14,2,ITA,FALSE,3,Albania,2010,FALSE,ITA,TRUE,FALSE,0,,,,,,0
ALB,2012,1.8236333,14,3,ITA,FALSE,3,Albania,2011,FALSE,ITA,TRUE,FALSE,0,,,,,,0
ALB,2013,1.4771241,15,2,ITA,FALSE,3,Albania,2012,FALSE,ITA,TRUE,FALSE,0,,,,,,0
ALB,2014,1.7675024000000001,9,2,ITA,FALSE,3,Albania,2013,FALSE,ITA,TRUE,FALSE,0,,,,,,0
ALB,2015,1.2033079,2,3,ITA,FALSE,3,Albania,2014,FALSE,ITA,TRUE,FALSE,0,,,,,,0
ALB,2016,1.4833669,3,2,ITA,FALSE,3,Albania,2015,FALSE,ITA,TRUE,FALSE,0,,,,,,0
ALB,2017,1.4167732,9,2,ITA,FALSE,3,Albania,2016,FALSE,ITA,TRUE,FALSE,0,,,,,,0
ALB,2018,1.5757376,8,5,ITA,FALSE,3,Albania,2017,FALSE,ITA,TRUE,FALSE,0,,,,,,0
ALB,2019,1.4980584,9,5,ITA,FALSE,3,Albania,2018,FALSE,ITA,TRUE,FALSE,0,,,,,,0
ALB,2020,1.6601363999999998,9,6,ITA,FALSE,3,Albania,2019,FALSE,ITA,TRUE,FALSE,0,,,,,,0
ALB,2021,1.3970631,9,5,ITA,FALSE,3,Albania,2020,FALSE,ITA,TRUE,FALSE,0,,,,,,0
ALB,2022,2.337789,6,5,ITA,FALSE,3,Albania,2021,FALSE,ITA,TRUE,FALSE,0,,,,,,0
ALB,2023,1.9978316999999999,,,,,3,Albania,2022,FALSE,ITA,TRUE,FALSE,0,,,,,,
AND,1993,3.0810750000000002,3,7,ESP,FALSE,4,Andorra,,,,FALSE,FALSE,0,,,,,,0
AND,1994,2.94754,13,,ESP,FALSE,4,Andorra,1993,FALSE,ESP,TRUE,FALSE,0,,,,,,0
AND,1995,2.672696,11,,FRA,FALSE,4,Andorra,1994,FALSE,ESP,TRUE,FALSE,0,,,,,,0
AND,1996,2.664931,4,,FRA,FALSE,4,Andorra,1995,FALSE,FRA,TRUE,FALSE,0,,,,,,0
AND,1997,2.639527,12,,FRA,FALSE,4,Andorra,1996,FALSE,FRA,TRUE,FALSE,0,,,,,,0
AND,1998,1.6028131,19,46,ESP,FALSE,4,Andorra,1997,FALSE,FRA,TRUE,FALSE,0,,,,,,0
AND,1999,1.7779134,16,69,ESP,FALSE,4,Andorra,1998,FALSE,ESP,TRUE,FALSE,0,,,,,,0
AND,2000,1.7999176000000001,9,54,ESP,FALSE,4,Andorra,1999,FALSE,ESP,TRUE,FALSE,0,,,,,,0
AND,2001,1.6488212999999998,21,,ESP,FALSE,4,Andorra,2000,FALSE,ESP,TRUE,FALSE,0,,,,,,0
AND,2002,1.4423822,7,68,ESP,FALSE,4,Andorra,2001,FALSE,ESP,TRUE,FALSE,0,,,,,,0
AND,2003,1.8560462,19,108,ESP,FALSE,4,Andorra,2002,FALSE,ESP,TRUE,FALSE,0,,,,,,0
AND,2004,1.7491348,10,86,ESP,FALSE,4,Andorra,2003,FALSE,ESP,TRUE,FALSE,0,,,,,,0
AND,2005,1.5859485,28,84,ESP,FALSE,4,Andorra,2004,FALSE,ESP,TRUE,FALSE,0,,,,,,0
AND,2006,1.9354551,11,88,ESP,FALSE,4,Andorra,2005,FALSE,ESP,TRUE,FALSE,0,,,,,,0
AND,2007,1.5098984,35,93,ESP,FALSE,4,Andorra,2006,FALSE,ESP,TRUE,FALSE,0,,,,,,0
AND,2008,1.6468411,18,64,ESP,FALSE,4,Andorra,2007,FALSE,ESP,TRUE,FALSE,0,,,,,,0
AND,2009,1.5277881,26,36,NGA,FALSE,4,Andorra,2008,FALSE,ESP,TRUE,FALSE,0,,,,,,0
AND,2010,1.7959917,29,68,NGA,FALSE,4,Andorra,2009,FALSE,NGA,TRUE,FALSE,0,,,,,,0
AND,2011,1.6456016,22,61,NGA,FALSE,4,Andorra,2010,FALSE,NGA,TRUE,FALSE,0,,,,,,0
AND,2012,1.7930807,26,55,NGA,FALSE,4,Andorra,2011,FALSE,NGA,TRUE,FALSE,0,,,,,,0
AND,2013,1.3893160999999998,13,69,TZA,FALSE,4,Andorra,2012,FALSE,NGA,TRUE,FALSE,0,,,,,,0
AND,2014,1.7943826,23,22,TZA,FALSE,4,Andorra,2013,FALSE,TZA,TRUE,FALSE,0,,,,,,0
AND,2015,1.1345391,5,10,ESP,FALSE,4,Andorra,2014,FALSE,TZA,TRUE,FALSE,0,,,,,,0
AND,2016,1.3806625000000001,5,9,ESP,FALSE,4,Andorra,2015,FALSE,ESP,TRUE,FALSE,0,,,,,,0
AND,2017,1.1445047,4,19,ESP,FALSE,4,Andorra,2016,FALSE,ESP,TRUE,FALSE,0,,,,,,0
AND,2018,1.3391667,2,17,ESP,FALSE,4,Andorra,2017,FALSE,ESP,TRUE,FALSE,0,,,,,,0
AND,2019,1.1372088,3,22,ESP,FALSE,4,Andorra,2018,FALSE,ESP,TRUE,FALSE,0,,,,,,0
AND,2020,1.2886278,5,23,ESP,FALSE,4,Andorra,2019,FALSE,ESP,TRUE,FALSE,0,,,,,,0
AND,2021,0.9313857999999999,5,19,ESP,FALSE,4,Andorra,2020,FALSE,ESP,TRUE,FALSE,0,,,,,,0
AND,2022,1.9467921000000001,4,16,ESP,FALSE,4,Andorra,2021,FALSE,ESP,TRUE,FALSE,0,,,,,,0
AND,2023,1.6739424999999999,,,,,4,Andorra,2022,FALSE,ESP,TRUE,FALSE,0,,,,,,
ARE,1990,0.4444914,31,41,JPN,FALSE,5,United Arab Emirates,,,,FALSE,FALSE,0,,,,,,0
ARE,1991,0.5133884,6,24,JPN,FALSE,5,United Arab Emirates,1990,FALSE,JPN,TRUE,FALSE,0,,,,,,0
ARE,1992,0.16035739999999998,5,18,JPN,FALSE,5,United Arab Emirates,1991,FALSE,JPN,TRUE,FALSE,0,,,,,,0
ARE,1993,0.8675828000000001,6,16,JPN,FALSE,5,United Arab Emirates,1992,FALSE,JPN,TRUE,FALSE,0,,,,,,0
ARE,1994,1.0325289,7,21,JPN,FALSE,5,United Arab Emirates,1993,FALSE,JPN,TRUE,FALSE,0,,,,,,0
ARE,1995,0.7698431000000001,8,12,JPN,FALSE,5,United Arab Emirates,1994,FALSE,JPN,TRUE,FALSE,0,,,,,,0
ARE,1996,0.7447218999999999,9,17,JPN,FALSE,5,United Arab Emirates,1995,FALSE,JPN,TRUE,FALSE,0,,,,,,0
ARE,1997,0.41896100000000003,10,22,JPN,FALSE,5,United Arab Emirates,1996,FALSE,JPN,TRUE,FALSE,0,,,,,,0
ARE,1998,0.34299949999999996,9,17,JPN,FALSE,5,United Arab Emirates,1997,FALSE,JPN,TRUE,FALSE,0,,,,,,0
ARE,1999,0.04311330000000002,9,15,JPN,FALSE,5,United Arab Emirates,1998,FALSE,JPN,TRUE,FALSE,0,,,,,,0
ARE,2000,0.11587380000000003,9,15,JPN,FALSE,5,United Arab Emirates,1999,FALSE,JPN,TRUE,FALSE,0,,,,,,0
ARE,2001,0.1511576,7,16,JPN,FALSE,5,United Arab Emirates,2000,FALSE,JPN,TRUE,FALSE,0,,,,,,0
ARE,2002,0.5962554,9,13,JPN,FALSE,5,United Arab Emirates,2001,FALSE,JPN,TRUE,FALSE,0,,,,,,0
ARE,2003,0.18800280000000003,10,15,JPN,FALSE,5,United Arab Emirates,2002,FALSE,JPN,TRUE,FALSE,0,,,,,,0
ARE,2004,0.23845699999999992,14,12,JPN,FALSE,5,United Arab Emirates,2003,FALSE,JPN,TRUE,FALSE,0,,,,,,0
ARE,2005,0.225159,16,10,JPN,FALSE,5,United Arab Emirates,2004,FALSE,JPN,TRUE,FALSE,0,,,,,,0
ARE,2006,0.10782460000000005,15,9,JPN,FALSE,5,United Arab Emirates,2005,FALSE,JPN,TRUE,FALSE,0,,,,,,0
ARE,2007,0.05092959999999991,23,9,JPN,FALSE,5,United Arab Emirates,2006,FALSE,JPN,TRUE,FALSE,0,,,,,,0
ARE,2008,0.18925230000000004,24,8,JPN,FALSE,5,United Arab Emirates,2007,FALSE,JPN,TRUE,FALSE,0,,,,,,0
ARE,2009,0.3604589,15,9,JPN,FALSE,5,United Arab Emirates,2008,FALSE,JPN,TRUE,FALSE,0,,,,,,0
ARE,2010,0.09658649999999991,28,9,IND,FALSE,5,United Arab Emirates,2009,FALSE,JPN,TRUE,FALSE,0,,,,,,0
ARE,2011,0.06652289999999994,17,7,JPN,FALSE,5,United Arab Emirates,2010,FALSE,IND,TRUE,FALSE,0,,,,,,0
ARE,2012,0.19804929999999998,26,8,JPN,FALSE,5,United Arab Emirates,2011,FALSE,JPN,TRUE,FALSE,0,,,,,,0
ARE,2013,0.3773546,25,6,JPN,FALSE,5,United Arab Emirates,2012,FALSE,JPN,TRUE,FALSE,0,,,,,,0
ARE,2014,0.003975599999999968,22,5,JPN,FALSE,5,United Arab Emirates,2013,FALSE,JPN,TRUE,FALSE,0,,,,,,0
ARE,2015,0.5528464,21,3,JPN,FALSE,5,United Arab Emirates,2014,FALSE,JPN,TRUE,FALSE,0,,,,,,0
ARE,2016,0.34669530000000004,18,4,IND,FALSE,5,United Arab Emirates,2015,FALSE,JPN,TRUE,FALSE,0,,,,,,0
ARE,2017,0.07584860000000004,16,3,IND,FALSE,5,United Arab Emirates,2016,FALSE,IND,TRUE,FALSE,0,,,,,,0
ARE,2018,0.11535859999999998,15,3,JPN,FALSE,5,United Arab Emirates,2017,FALSE,IND,TRUE,FALSE,0,,,,,,0
ARE,2019,0.29469880000000004,17,3,IND,FALSE,5,United Arab Emirates,2018,FALSE,JPN,TRUE,FALSE,0,,,,,,0
ARE,2020,0.005745300000000064,18,2,IND,FALSE,5,United Arab Emirates,2019,FALSE,IND,TRUE,FALSE,0,,,,,,0
ARE,2021,0.2978557,15,2,IND,FALSE,5,United Arab Emirates,2020,FALSE,IND,TRUE,FALSE,0,,,,,,0
ARE,2022,0.3421044,14,2,IND,FALSE,5,United Arab Emirates,2021,FALSE,IND,TRUE,FALSE,0,,,,,,0
ARE,2023,0.1458625,,,,,5,United Arab Emirates,2022,FALSE,IND,TRUE,FALSE,0,,,,,,
ARG,1990,0.3249578,22,12,BRA,FALSE,6,Argentina,,,,FALSE,FALSE,0,,,,,,0
ARG,1991,1.170917,2,29,BRA,FALSE,6,Argentina,1990,FALSE,BRA,TRUE,FALSE,0,,,,,,0
ARG,1992,1.5893506,2,8,BRA,FALSE,6,Argentina,1991,FALSE,BRA,TRUE,FALSE,0,,,,,,0
ARG,1993,2.3573903,2,14,BRA,FALSE,6,Argentina,1992,FALSE,BRA,TRUE,FALSE,0,,,,,,0
ARG,1994,2.6312949999999997,2,14,BRA,FALSE,6,Argentina,1993,FALSE,BRA,TRUE,FALSE,0,,,,,,0
ARG,1995,3.098888,2,14,BRA,FALSE,6,Argentina,1994,FALSE,BRA,TRUE,FALSE,0,,,,,,0
ARG,1996,2.0411606,2,10,BRA,FALSE,6,Argentina,1995,FALSE,BRA,TRUE,FALSE,0,,,,,,0
ARG,1997,1.7713736,2,8,BRA,FALSE,6,Argentina,1996,FALSE,BRA,TRUE,FALSE,0,,,,,,0
ARG,1998,0.7773186000000001,2,7,BRA,FALSE,6,Argentina,1997,FALSE,BRA,TRUE,FALSE,0,,,,,,0
ARG,1999,1.0551301,2,9,BRA,FALSE,6,Argentina,1998,FALSE,BRA,TRUE,FALSE,0,,,,,,0
ARG,2000,1.0540929,2,5,BRA,FALSE,6,Argentina,1999,FALSE,BRA,TRUE,FALSE,0,,,,,,0
ARG,2001,0.9048229,3,4,BRA,FALSE,6,Argentina,2000,FALSE,BRA,TRUE,FALSE,0,,,,,,0
ARG,2002,0.8767494,2,5,BRA,FALSE,6,Argentina,2001,FALSE,BRA,TRUE,FALSE,0,,,,,,0
ARG,2003,1.236554,3,4,BRA,FALSE,6,Argentina,2002,FALSE,BRA,TRUE,FALSE,0,,,,,,0
ARG,2004,1.0073837,3,4,BRA,FALSE,6,Argentina,2003,FALSE,BRA,TRUE,FALSE,0,,,,,,0
ARG,2005,0.8870492000000001,2,4,BRA,FALSE,6,Argentina,2004,FALSE,BRA,TRUE,FALSE,0,,,,,,0
ARG,2006,0.9492302,3,4,BRA,FALSE,6,Argentina,2005,FALSE,BRA,TRUE,FALSE,0,,,,,,0
ARG,2007,0.66791789,3,2,BRA,FALSE,6,Argentina,2006,FALSE,BRA,TRUE,FALSE,0,,,,,,0
ARG,2008,0.72181585,3,2,BRA,FALSE,6,Argentina,2007,FALSE,BRA,TRUE,FALSE,0,,,,,,0
ARG,2009,0.57589676,4,3,BRA,FALSE,6,Argentina,2008,FALSE,BRA,TRUE,FALSE,0,,,,,,0
ARG,2010,0.8889605700000001,4,2,BRA,FALSE,6,Argentina,2009,FALSE,BRA,TRUE,FALSE,0,,,,,,0
ARG,2011,0.69381446,4,2,BRA,FALSE,6,Argentina,2010,FALSE,BRA,TRUE,FALSE,0,,,,,,0
ARG,2012,0.75393945,4,2,BRA,FALSE,6,Argentina,2011,FALSE,BRA,TRUE,FALSE,0,,,,,,0
ARG,2013,0.35965339999999996,3,2,BRA,FALSE,6,Argentina,2012,FALSE,BRA,TRUE,FALSE,0,,,,,,0
ARG,2014,0.6889566,3,2,BRA,FALSE,6,Argentina,2013,FALSE,BRA,TRUE,FALSE,0,,,,,,0
ARG,2015,0.06657849999999998,3,2,BRA,FALSE,6,Argentina,2014,FALSE,BRA,TRUE,FALSE,0,,,,,,0
ARG,2016,0.32663580000000003,3,2,BRA,FALSE,6,Argentina,2015,FALSE,BRA,TRUE,FALSE,0,,,,,,0
ARG,2017,0.258418,3,2,BRA,FALSE,6,Argentina,2016,FALSE,BRA,TRUE,FALSE,0,,,,,,0
ARG,2018,0.48552601,2,3,BRA,FALSE,6,Argentina,2017,FALSE,BRA,TRUE,FALSE,0,,,,,,0
ARG,2019,0.28813208,3,2,BRA,FALSE,6,Argentina,2018,FALSE,BRA,TRUE,FALSE,0,,,,,,0
ARG,2020,0.5312787600000001,3,2,BRA,FALSE,6,Argentina,2019,FALSE,BRA,TRUE,FALSE,0,,,,,,0
ARG,2021,0.19184108,3,2,BRA,FALSE,6,Argentina,2020,FALSE,BRA,TRUE,FALSE,0,,,,,,0
ARG,2022,1.05959526,2,4,BRA,FALSE,6,Argentina,2021,FALSE,BRA,TRUE,FALSE,0,,,,,,0
ARG,2023,0.794437818,,,,,6,Argentina,2022,FALSE,BRA,TRUE,FALSE,0,,,,,,
ARM,1991,0.6833944999999999,,,,,7,Armenia,,,,FALSE,FALSE,0,,,,,,
ARM,1992,1.1385411,1,,USA,FALSE,7,Armenia,1991,,,FALSE,FALSE,0,,,,,,0
ARM,1993,2.1004299,3,1,CHN,TRUE,7,Armenia,1992,FALSE,USA,TRUE,TRUE,1,1993,1992,FALSE,USA,TRUE,0
ARM,1994,2.4016373,5,,DEU,FALSE,7,Armenia,1993,TRUE,CHN,TRUE,FALSE,1,1993,1992,FALSE,USA,TRUE,0
ARM,1995,2.3032895,5,22,BLX,FALSE,7,Armenia,1994,FALSE,DEU,TRUE,FALSE,1,1993,1992,FALSE,USA,TRUE,0
ARM,1996,2.0539989,7,,BLX,FALSE,7,Armenia,1995,FALSE,BLX,TRUE,FALSE,1,1993,1992,FALSE,USA,TRUE,0
ARM,1997,2.047193,6,,BLX,FALSE,7,Armenia,1996,FALSE,BLX,TRUE,FALSE,1,1993,1992,FALSE,USA,TRUE,0
ARM,1998,0.9408559000000001,4,29,BLX,FALSE,7,Armenia,1997,FALSE,BLX,TRUE,FALSE,1,1993,1992,FALSE,USA,TRUE,0
ARM,1999,1.0306176,4,52,BEL,FALSE,7,Armenia,1998,FALSE,BLX,TRUE,FALSE,1,1993,1992,FALSE,USA,TRUE,0
ARM,2000,0.9793860000000001,3,11,BEL,FALSE,7,Armenia,1999,FALSE,BEL,TRUE,FALSE,1,1993,1992,FALSE,USA,TRUE,0
ARM,2001,0.8195030000000001,3,25,RUS,FALSE,7,Armenia,2000,FALSE,BEL,TRUE,FALSE,1,1993,1992,FALSE,USA,TRUE,0
ARM,2002,0.8017506999999999,5,13,BEL,FALSE,7,Armenia,2001,FALSE,RUS,TRUE,FALSE,1,1993,1992,FALSE,USA,TRUE,0
ARM,2003,1.2323389,5,20,GBR,FALSE,7,Armenia,2002,FALSE,BEL,TRUE,FALSE,1,1993,1992,FALSE,USA,TRUE,0
ARM,2004,1.0629385,5,9,BEL,FALSE,7,Armenia,2003,FALSE,GBR,TRUE,FALSE,1,1993,1992,FALSE,USA,TRUE,0
ARM,2005,0.8790495,7,16,DEU,FALSE,7,Armenia,2004,FALSE,BEL,TRUE,FALSE,1,1993,1992,FALSE,USA,TRUE,0
ARM,2006,0.92904068,8,19,DEU,FALSE,7,Armenia,2005,FALSE,DEU,TRUE,FALSE,1,1993,1992,FALSE,USA,TRUE,0
ARM,2007,0.6570693900000001,9,7,YEM,FALSE,7,Armenia,2006,FALSE,DEU,TRUE,FALSE,1,1993,1992,FALSE,USA,TRUE,0
ARM,2008,0.70714509,8,17,RUS,FALSE,7,Armenia,2007,FALSE,YEM,TRUE,FALSE,1,1993,1992,FALSE,USA,TRUE,0
ARM,2009,0.71518942,3,9,DEU,FALSE,7,Armenia,2008,FALSE,RUS,TRUE,FALSE,1,1993,1992,FALSE,USA,TRUE,0
ARM,2010,0.9271330600000001,3,8,RUS,FALSE,7,Armenia,2009,FALSE,DEU,TRUE,FALSE,1,1993,1992,FALSE,USA,TRUE,0
ARM,2011,0.83831502,4,12,RUS,FALSE,7,Armenia,2010,FALSE,RUS,TRUE,FALSE,1,1993,1992,FALSE,USA,TRUE,0
ARM,2012,0.9692872,5,10,RUS,FALSE,7,Armenia,2011,FALSE,RUS,TRUE,FALSE,1,1993,1992,FALSE,USA,TRUE,0
ARM,2013,0.54769611,4,8,RUS,FALSE,7,Armenia,2012,FALSE,RUS,TRUE,FALSE,1,1993,1992,FALSE,USA,TRUE,0
ARM,2014,0.92097086,5,3,RUS,FALSE,7,Armenia,2013,FALSE,RUS,TRUE,FALSE,1,1993,1992,FALSE,USA,TRUE,0
ARM,2015,0.3879647,8,1,CHN,TRUE,7,Armenia,2014,FALSE,RUS,TRUE,TRUE,2,2015,2014,FALSE,RUS,TRUE,1
ARM,2016,0.6339742,12,2,RUS,FALSE,7,Armenia,2015,TRUE,CHN,TRUE,FALSE,2,2015,2014,FALSE,RUS,TRUE,0
ARM,2017,0.5261891,11,2,RUS,FALSE,7,Armenia,2016,FALSE,RUS,TRUE,FALSE,2,2015,2014,FALSE,RUS,TRUE,0
ARM,2018,0.6714720000000001,10,3,RUS,FALSE,7,Armenia,2017,FALSE,RUS,TRUE,FALSE,2,2015,2014,FALSE,RUS,TRUE,0
ARM,2019,0.5002307,13,2,RUS,FALSE,7,Armenia,2018,FALSE,RUS,TRUE,FALSE,2,2015,2014,FALSE,RUS,TRUE,0
ARM,2020,0.7862443000000001,12,1,CHN,TRUE,7,Armenia,2019,FALSE,RUS,TRUE,TRUE,3,2020,2019,FALSE,RUS,TRUE,1
ARM,2021,0.4256086,7,1,CHN,TRUE,7,Armenia,2020,TRUE,CHN,TRUE,FALSE,3,2020,2019,FALSE,RUS,TRUE,1
ARM,2022,1.12853401,11,2,RUS,FALSE,7,Armenia,2021,TRUE,CHN,TRUE,FALSE,3,2020,2019,FALSE,RUS,TRUE,0
ARM,2023,0.8932826,,,,,7,Armenia,2022,FALSE,RUS,TRUE,FALSE,3,2020,2019,FALSE,RUS,TRUE,
ATG,1990,0.08829187,7,17,PRT,FALSE,8,Antigua & Barbuda,,,,FALSE,FALSE,0,,,,,,0
ATG,1991,0.15992669999999998,2,20,PRT,FALSE,8,Antigua & Barbuda,1990,FALSE,PRT,TRUE,FALSE,0,,,,,,0
ATG,1992,0.5632091,1,13,USA,FALSE,8,Antigua & Barbuda,1991,FALSE,PRT,TRUE,FALSE,0,,,,,,0
ATG,1993,1.3663925000000001,1,14,USA,FALSE,8,Antigua & Barbuda,1992,FALSE,USA,TRUE,FALSE,0,,,,,,0
ATG,1994,1.5597695,3,27,COL,FALSE,8,Antigua & Barbuda,1993,FALSE,USA,TRUE,FALSE,0,,,,,,0
ATG,1995,1.8332669000000001,4,31,COL,FALSE,8,Antigua & Barbuda,1994,FALSE,COL,TRUE,FALSE,0,,,,,,0
ATG,1996,1.1660841,6,,TUR,FALSE,8,Antigua & Barbuda,1995,FALSE,COL,TRUE,FALSE,0,,,,,,0
ATG,1997,0.8626211,9,35,TWN,FALSE,8,Antigua & Barbuda,1996,FALSE,TUR,TRUE,FALSE,0,,,,,,0
ATG,1998,0.02201160000000002,5,26,ESP,FALSE,8,Antigua & Barbuda,1997,FALSE,TWN,TRUE,FALSE,0,,,,,,0
ATG,1999,0.17832329999999996,3,38,HRV,FALSE,8,Antigua & Barbuda,1998,FALSE,ESP,TRUE,FALSE,0,,,,,,0
ATG,2000,0.10259550000000006,5,52,DEU,FALSE,8,Antigua & Barbuda,1999,FALSE,HRV,TRUE,FALSE,0,,,,,,0
ATG,2001,0.15030409999999994,8,75,DEU,FALSE,8,Antigua & Barbuda,2000,FALSE,DEU,TRUE,FALSE,0,,,,,,0
ATG,2002,0.07512789999999997,6,73,DEU,FALSE,8,Antigua & Barbuda,2001,FALSE,DEU,TRUE,FALSE,0,,,,,,0
ATG,2003,0.39085990000000004,4,,DEU,FALSE,8,Antigua & Barbuda,2002,FALSE,DEU,TRUE,FALSE,0,,,,,,0
ATG,2004,0.3867147,8,,POL,FALSE,8,Antigua & Barbuda,2003,FALSE,DEU,TRUE,FALSE,0,,,,,,0
ATG,2005,0.1437716,12,87,DEU,FALSE,8,Antigua & Barbuda,2004,FALSE,POL,TRUE,FALSE,0,,,,,,0
ATG,2006,0.29095289999999996,14,81,DEU,FALSE,8,Antigua & Barbuda,2005,FALSE,DEU,TRUE,FALSE,0,,,,,,0
ATG,2007,0.01951320000000001,4,67,POL,FALSE,8,Antigua & Barbuda,2006,FALSE,DEU,TRUE,FALSE,0,,,,,,0
ATG,2008,0.12875179999999997,15,,NGA,FALSE,8,Antigua & Barbuda,2007,FALSE,POL,TRUE,FALSE,0,,,,,,0
ATG,2009,0.1342994,10,42,NGA,FALSE,8,Antigua & Barbuda,2008,FALSE,NGA,TRUE,FALSE,0,,,,,,0
ATG,2010,0.28510650000000004,7,68,NGA,FALSE,8,Antigua & Barbuda,2009,FALSE,NGA,TRUE,FALSE,0,,,,,,0
ATG,2011,0.20244319999999993,9,68,NGA,FALSE,8,Antigua & Barbuda,2010,FALSE,NGA,TRUE,FALSE,0,,,,,,0
ATG,2012,0.2968332,8,42,NGA,FALSE,8,Antigua & Barbuda,2011,FALSE,NGA,TRUE,FALSE,0,,,,,,0
ATG,2013,0.16222720000000002,8,44,POL,FALSE,8,Antigua & Barbuda,2012,FALSE,NGA,TRUE,FALSE,0,,,,,,0
ATG,2014,0.14706110000000006,10,61,GHA,FALSE,8,Antigua & Barbuda,2013,FALSE,POL,TRUE,FALSE,0,,,,,,0
ATG,2015,0.3191912,11,57,POL,FALSE,8,Antigua & Barbuda,2014,FALSE,GHA,TRUE,FALSE,0,,,,,,0
ATG,2016,0.06741469999999994,7,70,POL,FALSE,8,Antigua & Barbuda,2015,FALSE,POL,TRUE,FALSE,0,,,,,,0
ATG,2017,0.10441550000000005,5,66,POL,FALSE,8,Antigua & Barbuda,2016,FALSE,POL,TRUE,FALSE,0,,,,,,0
ATG,2018,0.27871710000000005,7,52,POL,FALSE,8,Antigua & Barbuda,2017,FALSE,POL,TRUE,FALSE,0,,,,,,0
ATG,2019,0.17512839999999996,8,52,POL,FALSE,8,Antigua & Barbuda,2018,FALSE,POL,TRUE,FALSE,0,,,,,,0
ATG,2020,0.04943130000000007,7,60,POL,FALSE,8,Antigua & Barbuda,2019,FALSE,POL,TRUE,FALSE,0,,,,,,0
ATG,2021,0.18028260000000002,11,13,SUR,FALSE,8,Antigua & Barbuda,2020,FALSE,POL,TRUE,FALSE,0,,,,,,0
ATG,2022,0.6415784,9,19,SUR,FALSE,8,Antigua & Barbuda,2021,FALSE,SUR,TRUE,FALSE,0,,,,,,0
ATG,2023,0.3317026,,,,,8,Antigua & Barbuda,2022,FALSE,SUR,TRUE,FALSE,0,,,,,,
AUS,1990,1.162786,2,12,JPN,FALSE,9,Australia,,,,FALSE,FALSE,0,,,,,,0
AUS,1991,1.4690341,2,11,JPN,FALSE,9,Australia,1990,FALSE,JPN,TRUE,FALSE,0,,,,,,0
AUS,1992,1.8992114,2,6,JPN,FALSE,9,Australia,1991,FALSE,JPN,TRUE,FALSE,0,,,,,,0
AUS,1993,2.3210464,3,5,JPN,FALSE,9,Australia,1992,FALSE,JPN,TRUE,FALSE,0,,,,,,0
AUS,1994,2.692802,3,5,JPN,FALSE,9,Australia,1993,FALSE,JPN,TRUE,FALSE,0,,,,,,0
AUS,1995,2.8822080000000003,3,5,JPN,FALSE,9,Australia,1994,FALSE,JPN,TRUE,FALSE,0,,,,,,0
AUS,1996,2.1858182,3,4,JPN,FALSE,9,Australia,1995,FALSE,JPN,TRUE,FALSE,0,,,,,,0
AUS,1997,2.143462,3,5,JPN,FALSE,9,Australia,1996,FALSE,JPN,TRUE,FALSE,0,,,,,,0
AUS,1998,1.4418071000000001,2,5,JPN,FALSE,9,Australia,1997,FALSE,JPN,TRUE,FALSE,0,,,,,,0
AUS,1999,1.5891584,2,5,JPN,FALSE,9,Australia,1998,FALSE,JPN,TRUE,FALSE,0,,,,,,0
AUS,2000,1.6577371,2,4,JPN,FALSE,9,Australia,1999,FALSE,JPN,TRUE,FALSE,0,,,,,,0
AUS,2001,1.6478793,2,4,JPN,FALSE,9,Australia,2000,FALSE,JPN,TRUE,FALSE,0,,,,,,0
AUS,2002,1.7369596,2,4,JPN,FALSE,9,Australia,2001,FALSE,JPN,TRUE,FALSE,0,,,,,,0
AUS,2003,2.2060312,3,2,JPN,FALSE,9,Australia,2002,FALSE,JPN,TRUE,FALSE,0,,,,,,0
AUS,2004,2.289749,4,2,JPN,FALSE,9,Australia,2003,FALSE,JPN,TRUE,FALSE,0,,,,,,0
AUS,2005,2.1754334,4,2,JPN,FALSE,9,Australia,2004,FALSE,JPN,TRUE,FALSE,0,,,,,,0
AUS,2006,2.4743911,4,2,JPN,FALSE,9,Australia,2005,FALSE,JPN,TRUE,FALSE,0,,,,,,0
AUS,2007,2.032488,4,2,JPN,FALSE,9,Australia,2006,FALSE,JPN,TRUE,FALSE,0,,,,,,0
AUS,2008,2.0957540999999997,4,2,JPN,FALSE,9,Australia,2007,FALSE,JPN,TRUE,FALSE,0,,,,,,0
AUS,2009,1.9030363000000001,5,1,CHN,TRUE,9,Australia,2008,FALSE,JPN,TRUE,TRUE,1,2009,2008,FALSE,JPN,TRUE,1
AUS,2010,2.1690057,6,1,CHN,TRUE,9,Australia,2009,TRUE,CHN,TRUE,FALSE,1,2009,2008,FALSE,JPN,TRUE,1
AUS,2011,2.042198,6,1,CHN,TRUE,9,Australia,2010,TRUE,CHN,TRUE,FALSE,1,2009,2008,FALSE,JPN,TRUE,1
AUS,2012,2.1721207,6,1,CHN,TRUE,9,Australia,2011,TRUE,CHN,TRUE,FALSE,1,2009,2008,FALSE,JPN,TRUE,1
AUS,2013,1.8587908,6,1,CHN,TRUE,9,Australia,2012,TRUE,CHN,TRUE,FALSE,1,2009,2008,FALSE,JPN,TRUE,1
AUS,2014,2.2598294,4,1,CHN,TRUE,9,Australia,2013,TRUE,CHN,TRUE,FALSE,1,2009,2008,FALSE,JPN,TRUE,1
AUS,2015,1.4551872,4,1,CHN,TRUE,9,Australia,2014,TRUE,CHN,TRUE,FALSE,1,2009,2008,FALSE,JPN,TRUE,1
AUS,2016,1.7279279,4,1,CHN,TRUE,9,Australia,2015,TRUE,CHN,TRUE,FALSE,1,2009,2008,FALSE,JPN,TRUE,1
AUS,2017,1.5878252,5,1,CHN,TRUE,9,Australia,2016,TRUE,CHN,TRUE,FALSE,1,2009,2008,FALSE,JPN,TRUE,1
AUS,2018,1.9675326,6,1,CHN,TRUE,9,Australia,2017,TRUE,CHN,TRUE,FALSE,1,2009,2008,FALSE,JPN,TRUE,1
AUS,2019,1.7966744000000001,6,1,CHN,TRUE,9,Australia,2018,TRUE,CHN,TRUE,FALSE,1,2009,2008,FALSE,JPN,TRUE,1
AUS,2020,1.9713844000000003,4,1,CHN,TRUE,9,Australia,2019,TRUE,CHN,TRUE,FALSE,1,2009,2008,FALSE,JPN,TRUE,1
AUS,2021,1.6829271,6,1,CHN,TRUE,9,Australia,2020,TRUE,CHN,TRUE,FALSE,1,2009,2008,FALSE,JPN,TRUE,1
AUS,2022,2.470431,6,1,CHN,TRUE,9,Australia,2021,TRUE,CHN,TRUE,FALSE,1,2009,2008,FALSE,JPN,TRUE,1
AUS,2023,2.1394777,,,,,9,Australia,2022,TRUE,CHN,TRUE,FALSE,1,2009,2008,FALSE,JPN,TRUE,
AUT,1990,1.0327983,46,59,DEU,FALSE,10,Austria,,,,FALSE,FALSE,0,,,,,,0
AUT,1991,1.3657550999999999,3,72,DEU,FALSE,10,Austria,1990,FALSE,DEU,TRUE,FALSE,0,,,,,,0
AUT,1992,1.8934354,4,10,DEU,FALSE,10,Austria,1991,FALSE,DEU,TRUE,FALSE,0,,,,,,0
AUT,1993,2.6322,3,13,DEU,FALSE,10,Austria,1992,FALSE,DEU,TRUE,FALSE,0,,,,,,0
AUT,1994,2.854025,6,18,DEU,FALSE,10,Austria,1993,FALSE,DEU,TRUE,FALSE,0,,,,,,0
AUT,1995,2.6774240000000002,5,18,DEU,FALSE,10,Austria,1994,FALSE,DEU,TRUE,FALSE,0,,,,,,0
AUT,1996,2.467393,5,29,DEU,FALSE,10,Austria,1995,FALSE,DEU,TRUE,FALSE,0,,,,,,0
AUT,1997,2.49304,4,31,DEU,FALSE,10,Austria,1996,FALSE,DEU,TRUE,FALSE,0,,,,,,0
AUT,1998,1.5675521000000001,4,29,DEU,FALSE,10,Austria,1997,FALSE,DEU,TRUE,FALSE,0,,,,,,0
AUT,1999,1.6969143999999998,4,20,DEU,FALSE,10,Austria,1998,FALSE,DEU,TRUE,FALSE,0,,,,,,0
AUT,2000,1.7914166,3,19,DEU,FALSE,10,Austria,1999,FALSE,DEU,TRUE,FALSE,0,,,,,,0
AUT,2001,1.6044342999999999,3,16,DEU,FALSE,10,Austria,2000,FALSE,DEU,TRUE,FALSE,0,,,,,,0
AUT,2002,1.4404555000000001,3,14,DEU,FALSE,10,Austria,2001,FALSE,DEU,TRUE,FALSE,0,,,,,,0
AUT,2003,1.8838907,4,14,DEU,FALSE,10,Austria,2002,FALSE,DEU,TRUE,FALSE,0,,,,,,0
AUT,2004,1.7645871,3,13,DEU,FALSE,10,Austria,2003,FALSE,DEU,TRUE,FALSE,0,,,,,,0
AUT,2005,1.6991684,3,12,DEU,FALSE,10,Austria,2004,FALSE,DEU,TRUE,FALSE,0,,,,,,0
AUT,2006,1.7091707999999999,3,12,DEU,FALSE,10,Austria,2005,FALSE,DEU,TRUE,FALSE,0,,,,,,0
AUT,2007,1.3710113000000002,3,13,DEU,FALSE,10,Austria,2006,FALSE,DEU,TRUE,FALSE,0,,,,,,0
AUT,2008,1.4494457,3,13,DEU,FALSE,10,Austria,2007,FALSE,DEU,TRUE,FALSE,0,,,,,,0
AUT,2009,1.4869694,4,8,DEU,FALSE,10,Austria,2008,FALSE,DEU,TRUE,FALSE,0,,,,,,0
AUT,2010,1.5959738,4,7,DEU,FALSE,10,Austria,2009,FALSE,DEU,TRUE,FALSE,0,,,,,,0
AUT,2011,1.5574952,3,9,DEU,FALSE,10,Austria,2010,FALSE,DEU,TRUE,FALSE,0,,,,,,0
AUT,2012,1.562272,3,7,DEU,FALSE,10,Austria,2011,FALSE,DEU,TRUE,FALSE,0,,,,,,0
AUT,2013,1.2615191000000001,3,7,DEU,FALSE,10,Austria,2012,FALSE,DEU,TRUE,FALSE,0,,,,,,0
AUT,2014,1.6715819,2,7,DEU,FALSE,10,Austria,2013,FALSE,DEU,TRUE,FALSE,0,,,,,,0
AUT,2015,0.8916026,2,7,DEU,FALSE,10,Austria,2014,FALSE,DEU,TRUE,FALSE,0,,,,,,0
AUT,2016,1.1480815,2,7,DEU,FALSE,10,Austria,2015,FALSE,DEU,TRUE,FALSE,0,,,,,,0
AUT,2017,1.0602187,2,7,DEU,FALSE,10,Austria,2016,FALSE,DEU,TRUE,FALSE,0,,,,,,0
AUT,2018,1.2799971,2,6,DEU,FALSE,10,Austria,2017,FALSE,DEU,TRUE,FALSE,0,,,,,,0
AUT,2019,1.1924386999999999,2,5,DEU,FALSE,10,Austria,2018,FALSE,DEU,TRUE,FALSE,0,,,,,,0
AUT,2020,1.3692208,2,6,DEU,FALSE,10,Austria,2019,FALSE,DEU,TRUE,FALSE,0,,,,,,0
AUT,2021,1.0226131999999999,2,5,DEU,FALSE,10,Austria,2020,FALSE,DEU,TRUE,FALSE,0,,,,,,0
AUT,2022,2.110047,2,6,DEU,FALSE,10,Austria,2021,FALSE,DEU,TRUE,FALSE,0,,,,,,0
AUT,2023,1.8042557000000001,,,,,10,Austria,2022,FALSE,DEU,TRUE,FALSE,0,,,,,,
AZE,1991,0.5636361,,,,,11,Azerbaijan,,,,FALSE,FALSE,0,,,,,,
AZE,1992,1.0088062,11,6,TUR,FALSE,11,Azerbaijan,1991,,,FALSE,FALSE,0,,,,,,0
AZE,1993,1.7375090000000002,18,8,TUR,FALSE,11,Azerbaijan,1992,FALSE,TUR,TRUE,FALSE,0,,,,,,0
AZE,1994,1.9877426,24,4,ITA,FALSE,11,Azerbaijan,1993,FALSE,TUR,TRUE,FALSE,0,,,,,,0
AZE,1995,1.8925674000000001,18,11,TUR,FALSE,11,Azerbaijan,1994,FALSE,ITA,TRUE,FALSE,0,,,,,,0
AZE,1996,1.6388593,16,31,IRN,FALSE,11,Azerbaijan,1995,FALSE,TUR,TRUE,FALSE,0,,,,,,0
AZE,1997,1.4153916,18,8,RUS,FALSE,11,Azerbaijan,1996,FALSE,IRN,TRUE,FALSE,0,,,,,,0
AZE,1998,0.487049,8,38,RUS,FALSE,11,Azerbaijan,1997,FALSE,RUS,TRUE,FALSE,0,,,,,,0
AZE,1999,0.8889743,11,49,DEU,FALSE,11,Azerbaijan,1998,FALSE,RUS,TRUE,FALSE,0,,,,,,0
AZE,2000,0.7701882900000001,17,32,ITA,FALSE,11,Azerbaijan,1999,FALSE,DEU,TRUE,FALSE,0,,,,,,0
AZE,2001,0.57028799,13,30,ITA,FALSE,11,Azerbaijan,2000,FALSE,ITA,TRUE,FALSE,0,,,,,,0
AZE,2002,0.501331918,9,41,ITA,FALSE,11,Azerbaijan,2001,FALSE,ITA,TRUE,FALSE,0,,,,,,0
AZE,2003,0.86151765,10,15,ITA,FALSE,11,Azerbaijan,2002,FALSE,ITA,TRUE,FALSE,0,,,,,,0
AZE,2004,0.7366353400000001,14,19,ITA,FALSE,11,Azerbaijan,2003,FALSE,ITA,TRUE,FALSE,0,,,,,,0
AZE,2005,0.5189741,19,22,ITA,FALSE,11,Azerbaijan,2004,FALSE,ITA,TRUE,FALSE,0,,,,,,0
AZE,2006,0.6743752000000001,5,33,ITA,FALSE,11,Azerbaijan,2005,FALSE,ITA,TRUE,FALSE,0,,,,,,0
AZE,2007,0.4623938000000001,3,53,ITA,FALSE,11,Azerbaijan,2006,FALSE,ITA,TRUE,FALSE,0,,,,,,0
AZE,2008,0.29017540000000003,2,29,ITA,FALSE,11,Azerbaijan,2007,FALSE,ITA,TRUE,FALSE,0,,,,,,0
AZE,2009,0.398731,2,24,ITA,FALSE,11,Azerbaijan,2008,FALSE,ITA,TRUE,FALSE,0,,,,,,0
AZE,2010,0.6367126000000001,2,34,ITA,FALSE,11,Azerbaijan,2009,FALSE,ITA,TRUE,FALSE,0,,,,,,0
AZE,2011,0.25150130000000004,3,24,ITA,FALSE,11,Azerbaijan,2010,FALSE,ITA,TRUE,FALSE,0,,,,,,0
AZE,2012,0.33429240000000005,10,23,ITA,FALSE,11,Azerbaijan,2011,FALSE,ITA,TRUE,FALSE,0,,,,,,0
AZE,2013,0.04096169999999999,8,24,ITA,FALSE,11,Azerbaijan,2012,FALSE,ITA,TRUE,FALSE,0,,,,,,0
AZE,2014,0.23211460000000006,8,23,ITA,FALSE,11,Azerbaijan,2013,FALSE,ITA,TRUE,FALSE,0,,,,,,0
AZE,2015,0.5766139,12,22,ITA,FALSE,11,Azerbaijan,2014,FALSE,ITA,TRUE,FALSE,0,,,,,,0
AZE,2016,0.2579376,20,13,ITA,FALSE,11,Azerbaijan,2015,FALSE,ITA,TRUE,FALSE,0,,,,,,0
AZE,2017,0.4310367,24,11,ITA,FALSE,11,Azerbaijan,2016,FALSE,ITA,TRUE,FALSE,0,,,,,,0
AZE,2018,0.2083524,13,19,ITA,FALSE,11,Azerbaijan,2017,FALSE,ITA,TRUE,FALSE,0,,,,,,0
AZE,2019,0.3274083,40,6,ITA,FALSE,11,Azerbaijan,2018,FALSE,ITA,TRUE,FALSE,0,,,,,,0
AZE,2020,0.22697179999999995,34,5,ITA,FALSE,11,Azerbaijan,2019,FALSE,ITA,TRUE,FALSE,0,,,,,,0
AZE,2021,0.5676065000000001,23,19,ITA,FALSE,11,Azerbaijan,2020,FALSE,ITA,TRUE,FALSE,0,,,,,,0
AZE,2022,0.4573718,27,25,ITA,FALSE,11,Azerbaijan,2021,FALSE,ITA,TRUE,FALSE,0,,,,,,0
AZE,2023,0.19890000000000008,,,,,11,Azerbaijan,2022,FALSE,ITA,TRUE,FALSE,0,,,,,,
BDI,1990,0.6650788,2,,FRA,FALSE,12,Burundi,,,,FALSE,FALSE,0,,,,,,0
BDI,1991,0.3531823,3,,DEU,FALSE,12,Burundi,1990,FALSE,FRA,TRUE,FALSE,0,,,,,,0
BDI,1992,0.4106909,2,26,DEU,FALSE,12,Burundi,1991,FALSE,DEU,TRUE,FALSE,0,,,,,,0
BDI,1993,0.9521224,10,41,BLX,FALSE,12,Burundi,1992,FALSE,DEU,TRUE,FALSE,0,,,,,,0
BDI,1994,0.8828663,4,32,BLX,FALSE,12,Burundi,1993,FALSE,BLX,TRUE,FALSE,0,,,,,,0
BDI,1995,0.7080329000000001,3,34,BLX,FALSE,12,Burundi,1994,FALSE,BLX,TRUE,FALSE,0,,,,,,0
BDI,1996,0.7549735999999999,12,40,DEU,FALSE,12,Burundi,1995,FALSE,BLX,TRUE,FALSE,0,,,,,,0
BDI,1997,0.7780612,2,,DEU,FALSE,12,Burundi,1996,FALSE,DEU,TRUE,FALSE,0,,,,,,0
BDI,1998,0.06369619999999998,2,33,DEU,FALSE,12,Burundi,1997,FALSE,DEU,TRUE,FALSE,0,,,,,,0
BDI,2000,0.044614800000000066,2,17,DEU,FALSE,12,Burundi,1998,FALSE,DEU,TRUE,FALSE,0,,,,,,0
BDI,2001,0.0663684,8,51,DEU,FALSE,12,Burundi,2000,FALSE,DEU,TRUE,FALSE,0,,,,,,0
BDI,2002,0.2505695,10,14,BGD,FALSE,12,Burundi,2001,FALSE,DEU,TRUE,FALSE,0,,,,,,0
BDI,2003,0.4946664,4,7,CHE,FALSE,12,Burundi,2002,FALSE,BGD,TRUE,FALSE,0,,,,,,0
BDI,2004,0.6930285,5,22,CHE,FALSE,12,Burundi,2003,FALSE,CHE,TRUE,FALSE,0,,,,,,0
BDI,2005,0.2797018,6,27,DEU,FALSE,12,Burundi,2004,FALSE,CHE,TRUE,FALSE,0,,,,,,0
BDI,2006,0.8553814160000001,18,19,ARE,FALSE,12,Burundi,2005,FALSE,DEU,TRUE,FALSE,0,,,,,,0
BDI,2007,0.54240913,20,26,DEU,FALSE,12,Burundi,2006,FALSE,ARE,TRUE,FALSE,0,,,,,,0
BDI,2008,0.4290579,9,45,DEU,FALSE,12,Burundi,2007,FALSE,DEU,TRUE,FALSE,0,,,,,,0
BDI,2009,0.36971740000000003,6,19,ARE,FALSE,12,Burundi,2008,FALSE,DEU,TRUE,FALSE,0,,,,,,0
BDI,2010,0.5467009,10,9,DEU,FALSE,12,Burundi,2009,FALSE,ARE,TRUE,FALSE,0,,,,,,0
BDI,2011,0.5042968999999999,8,4,ARE,FALSE,12,Burundi,2010,FALSE,DEU,TRUE,FALSE,0,,,,,,0
BDI,2012,0.7328365,9,4,ARE,FALSE,12,Burundi,2011,FALSE,ARE,TRUE,FALSE,0,,,,,,0
BDI,2013,0.10971280000000005,8,5,ARE,FALSE,12,Burundi,2012,FALSE,ARE,TRUE,FALSE,0,,,,,,0
BDI,2014,0.19396290000000005,12,11,ARE,FALSE,12,Burundi,2013,FALSE,ARE,TRUE,FALSE,0,,,,,,0
BDI,2015,1.0237278,6,14,ARE,FALSE,12,Burundi,2014,FALSE,ARE,TRUE,FALSE,0,,,,,,0
BDI,2016,1.0242321,6,10,ARE,FALSE,12,Burundi,2015,FALSE,ARE,TRUE,FALSE,0,,,,,,0
BDI,2017,1.2423788,4,7,ARE,FALSE,12,Burundi,2016,FALSE,ARE,TRUE,FALSE,0,,,,,,0
BDI,2018,0.6299534,3,2,ARE,FALSE,12,Burundi,2017,FALSE,ARE,TRUE,FALSE,0,,,,,,0
BDI,2019,0.7060675999999999,5,3,ARE,FALSE,12,Burundi,2018,FALSE,ARE,TRUE,FALSE,0,,,,,,0
BDI,2020,0.7012176,11,4,ARE,FALSE,12,Burundi,2019,FALSE,ARE,TRUE,FALSE,0,,,,,,0
BDI,2021,0.223991,11,5,ARE,FALSE,12,Burundi,2020,FALSE,ARE,TRUE,FALSE,0,,,,,,0
BDI,2022,0.5725135,5,3,ARE,FALSE,12,Burundi,2021,FALSE,ARE,TRUE,FALSE,0,,,,,,0
BDI,2023,0.45029930000000007,,,,,12,Burundi,2022,FALSE,ARE,TRUE,FALSE,0,,,,,,
BEL,1990,2.027525,,,,,13,Belgium,,,,FALSE,FALSE,0,,,,,,
BEL,1991,2.0792471,,,,,13,Belgium,1990,,,FALSE,FALSE,0,,,,,,
BEL,1992,2.3633354,,,,,13,Belgium,1991,,,FALSE,FALSE,0,,,,,,
BEL,1993,3.0632970000000004,,,,,13,Belgium,1992,,,FALSE,FALSE,0,,,,,,
BEL,1994,3.281948,,,,,13,Belgium,1993,,,FALSE,FALSE,0,,,,,,
BEL,1995,3.403879,,,,,13,Belgium,1994,,,FALSE,FALSE,0,,,,,,
BEL,1996,2.939419,,,,,13,Belgium,1995,,,FALSE,FALSE,0,,,,,,
BEL,1997,2.7471050000000004,,,,,13,Belgium,1996,,,FALSE,FALSE,0,,,,,,
BEL,1998,1.7204841,,,,,13,Belgium,1997,,,FALSE,FALSE,0,,,,,,
BEL,1999,1.9153764,6,21,DEU,FALSE,13,Belgium,1998,,,FALSE,FALSE,0,,,,,,0
BEL,2000,1.9870396000000001,6,16,FRA,FALSE,13,Belgium,1999,FALSE,DEU,TRUE,FALSE,0,,,,,,0
BEL,2001,1.7684823,6,13,DEU,FALSE,13,Belgium,2000,FALSE,FRA,TRUE,FALSE,0,,,,,,0
BEL,2002,1.7288256,6,13,DEU,FALSE,13,Belgium,2001,FALSE,DEU,TRUE,FALSE,0,,,,,,0
BEL,2003,2.1526912,6,13,FRA,FALSE,13,Belgium,2002,FALSE,DEU,TRUE,FALSE,0,,,,,,0
BEL,2004,1.878953,6,13,FRA,FALSE,13,Belgium,2003,FALSE,FRA,TRUE,FALSE,0,,,,,,0
BEL,2005,1.8026224,6,13,FRA,FALSE,13,Belgium,2004,FALSE,FRA,TRUE,FALSE,0,,,,,,0
BEL,2006,1.8452053,6,12,FRA,FALSE,13,Belgium,2005,FALSE,FRA,TRUE,FALSE,0,,,,,,0
BEL,2007,1.629235,6,12,FRA,FALSE,13,Belgium,2006,FALSE,FRA,TRUE,FALSE,0,,,,,,0
BEL,2008,1.5903203000000001,6,13,FRA,FALSE,13,Belgium,2007,FALSE,FRA,TRUE,FALSE,0,,,,,,0
BEL,2009,1.6715353,6,8,FRA,FALSE,13,Belgium,2008,FALSE,FRA,TRUE,FALSE,0,,,,,,0
BEL,2010,1.9540667000000003,6,8,FRA,FALSE,13,Belgium,2009,FALSE,FRA,TRUE,FALSE,0,,,,,,0
BEL,2011,1.8760729999999999,6,8,FRA,FALSE,13,Belgium,2010,FALSE,FRA,TRUE,FALSE,0,,,,,,0
BEL,2012,1.8607847,6,8,FRA,FALSE,13,Belgium,2011,FALSE,FRA,TRUE,FALSE,0,,,,,,0
BEL,2013,1.5153108,6,8,FRA,FALSE,13,Belgium,2012,FALSE,FRA,TRUE,FALSE,0,,,,,,0
BEL,2014,1.8057939,6,8,FRA,FALSE,13,Belgium,2013,FALSE,FRA,TRUE,FALSE,0,,,,,,0
BEL,2015,1.3371122,6,9,FRA,FALSE,13,Belgium,2014,FALSE,FRA,TRUE,FALSE,0,,,,,,0
BEL,2016,1.5872429,6,9,NLD,FALSE,13,Belgium,2015,FALSE,FRA,TRUE,FALSE,0,,,,,,0
BEL,2017,1.4005542,6,8,NLD,FALSE,13,Belgium,2016,FALSE,NLD,TRUE,FALSE,0,,,,,,0
BEL,2018,1.5512406,6,10,NLD,FALSE,13,Belgium,2017,FALSE,NLD,TRUE,FALSE,0,,,,,,0
BEL,2019,1.4483184,6,9,NLD,FALSE,13,Belgium,2018,FALSE,NLD,TRUE,FALSE,0,,,,,,0
BEL,2020,1.6466724,6,8,FRA,FALSE,13,Belgium,2019,FALSE,NLD,TRUE,FALSE,0,,,,,,0
BEL,2021,1.3401591,6,9,FRA,FALSE,13,Belgium,2020,FALSE,FRA,TRUE,FALSE,0,,,,,,0
BEL,2022,2.233232,4,10,FRA,FALSE,13,Belgium,2021,FALSE,FRA,TRUE,FALSE,0,,,,,,0
BEL,2023,1.9298497000000001,,,,,13,Belgium,2022,FALSE,FRA,TRUE,FALSE,0,,,,,,
BEN,1990,0.4423481,17,,PRT,FALSE,14,Benin,,,,FALSE,FALSE,0,,,,,,0
BEN,1991,0.09333659999999999,1,15,USA,FALSE,14,Benin,1990,FALSE,PRT,TRUE,FALSE,0,,,,,,0
BEN,1992,0.5798184,4,20,MAR,FALSE,14,Benin,1991,FALSE,USA,TRUE,FALSE,0,,,,,,0
BEN,1993,1.0681874,3,41,MAR,FALSE,14,Benin,1992,FALSE,MAR,TRUE,FALSE,0,,,,,,0
BEN,1994,1.1982792,5,29,PRT,FALSE,14,Benin,1993,FALSE,MAR,TRUE,FALSE,0,,,,,,0
BEN,1995,1.2559944,5,9,BRA,FALSE,14,Benin,1994,FALSE,PRT,TRUE,FALSE,0,,,,,,0
BEN,1996,0.6424382999999999,4,19,BRA,FALSE,14,Benin,1995,FALSE,BRA,TRUE,FALSE,0,,,,,,0
BEN,1997,0.4805398000000001,11,10,BRA,FALSE,14,Benin,1996,FALSE,BRA,TRUE,FALSE,0,,,,,,0
BEN,1998,0.387476,19,20,BRA,FALSE,14,Benin,1997,FALSE,BRA,TRUE,FALSE,0,,,,,,0
BEN,1999,0.20775410000000005,4,21,BRA,FALSE,14,Benin,1998,FALSE,BRA,TRUE,FALSE,0,,,,,,0
BEN,2000,0.06858220000000004,19,25,IND,FALSE,14,Benin,1999,FALSE,BRA,TRUE,FALSE,0,,,,,,0
BEN,2001,0.08033220000000002,31,41,IND,FALSE,14,Benin,2000,FALSE,IND,TRUE,FALSE,0,,,,,,0
BEN,2002,0.28742670000000003,33,5,IND,FALSE,14,Benin,2001,FALSE,IND,TRUE,FALSE,0,,,,,,0
BEN,2003,0.30646700000000004,31,2,BFA,FALSE,14,Benin,2002,FALSE,IND,TRUE,FALSE,0,,,,,,0
BEN,2004,0.4346359,37,1,CHN,TRUE,14,Benin,2003,FALSE,BFA,TRUE,TRUE,1,2004,2003,FALSE,BFA,TRUE,1
BEN,2005,0.1310211,41,2,MLI,FALSE,14,Benin,2004,TRUE,CHN,TRUE,FALSE,1,2004,2003,FALSE,BFA,TRUE,0
BEN,2006,0.3547404,32,2,MLI,FALSE,14,Benin,2005,FALSE,MLI,TRUE,FALSE,1,2004,2003,FALSE,BFA,TRUE,0
BEN,2007,0.18548190000000003,38,3,NGA,FALSE,14,Benin,2006,FALSE,MLI,TRUE,FALSE,1,2004,2003,FALSE,BFA,TRUE,0
BEN,2008,0.21897250000000001,12,1,CHN,TRUE,14,Benin,2007,FALSE,NGA,TRUE,TRUE,2,2008,2007,FALSE,NGA,TRUE,1
BEN,2009,0.342456,43,3,NGA,FALSE,14,Benin,2008,TRUE,CHN,TRUE,FALSE,2,2008,2007,FALSE,NGA,TRUE,0
BEN,2010,0.6970073000000001,47,6,MLI,FALSE,14,Benin,2009,FALSE,NGA,TRUE,FALSE,2,2008,2007,FALSE,NGA,TRUE,0
BEN,2011,0.34269879999999997,35,3,MLI,FALSE,14,Benin,2010,FALSE,MLI,TRUE,FALSE,2,2008,2007,FALSE,NGA,TRUE,0
BEN,2012,0.3325281,33,1,CHN,TRUE,14,Benin,2011,FALSE,MLI,TRUE,TRUE,3,2012,2011,FALSE,MLI,TRUE,1
BEN,2013,0.07597180000000003,23,1,CHN,TRUE,14,Benin,2012,TRUE,CHN,TRUE,FALSE,3,2012,2011,FALSE,MLI,TRUE,1
BEN,2014,0.3456085,22,3,SLE,FALSE,14,Benin,2013,TRUE,CHN,TRUE,FALSE,3,2012,2011,FALSE,MLI,TRUE,0
BEN,2015,0.29181559999999995,19,4,IND,FALSE,14,Benin,2014,FALSE,SLE,TRUE,FALSE,3,2012,2011,FALSE,MLI,TRUE,0
BEN,2016,0.13010350000000004,17,6,ARE,FALSE,14,Benin,2015,FALSE,IND,TRUE,FALSE,3,2012,2011,FALSE,MLI,TRUE,0
BEN,2017,0.18940669999999998,10,4,ARE,FALSE,14,Benin,2016,FALSE,ARE,TRUE,FALSE,3,2012,2011,FALSE,MLI,TRUE,0
BEN,2018,0.04800070000000001,12,6,IND,FALSE,14,Benin,2017,FALSE,ARE,TRUE,FALSE,3,2012,2011,FALSE,MLI,TRUE,0
BEN,2019,0.13633839999999997,11,5,ARE,FALSE,14,Benin,2018,FALSE,IND,TRUE,FALSE,3,2012,2011,FALSE,MLI,TRUE,0
BEN,2020,0.21954550000000006,13,4,ARE,FALSE,14,Benin,2019,FALSE,ARE,TRUE,FALSE,3,2012,2011,FALSE,MLI,TRUE,0
BEN,2021,0.24601980000000007,24,4,ARE,FALSE,14,Benin,2020,FALSE,ARE,TRUE,FALSE,3,2012,2011,FALSE,MLI,TRUE,0
BEN,2022,0.7768345,27,4,IND,FALSE,14,Benin,2021,FALSE,ARE,TRUE,FALSE,3,2012,2011,FALSE,MLI,TRUE,0
BEN,2023,0.3914305,,,,,14,Benin,2022,FALSE,IND,TRUE,FALSE,3,2012,2011,FALSE,MLI,TRUE,
BFA,1990,0.6924351,,,TWN,FALSE,15,Burkina Faso,,,,FALSE,FALSE,0,,,,,,0
BFA,1991,0.4715548,18,1,CHN,TRUE,15,Burkina Faso,1990,FALSE,TWN,TRUE,TRUE,1,1991,1990,FALSE,TWN,TRUE,0
BFA,1992,0.11915540000000002,19,4,TWN,FALSE,15,Burkina Faso,1991,TRUE,CHN,TRUE,FALSE,1,1991,1990,FALSE,TWN,TRUE,0
BFA,1993,0.6269027,18,38,THA,FALSE,15,Burkina Faso,1992,FALSE,TWN,TRUE,FALSE,1,1991,1990,FALSE,TWN,TRUE,0
BFA,1994,0.8371622,23,,FRA,FALSE,15,Burkina Faso,1993,FALSE,THA,TRUE,FALSE,1,1991,1990,FALSE,TWN,TRUE,0
BFA,1995,0.7817444000000001,30,66,CIV,FALSE,15,Burkina Faso,1994,FALSE,FRA,TRUE,FALSE,1,1991,1990,FALSE,TWN,TRUE,0
BFA,1996,0.9575274999999999,11,26,CIV,FALSE,15,Burkina Faso,1995,FALSE,CIV,TRUE,FALSE,1,1991,1990,FALSE,TWN,TRUE,0
BFA,1997,0.406424,25,38,ITA,FALSE,15,Burkina Faso,1996,FALSE,CIV,TRUE,FALSE,1,1991,1990,FALSE,TWN,TRUE,0
BFA,1998,0.3393401,34,18,ITA,FALSE,15,Burkina Faso,1997,FALSE,ITA,TRUE,FALSE,1,1991,1990,FALSE,TWN,TRUE,0
BFA,1999,0.32970200000000005,19,26,CIV,FALSE,15,Burkina Faso,1998,FALSE,ITA,TRUE,FALSE,1,1991,1990,FALSE,TWN,TRUE,0
BFA,2000,0.027063699999999913,17,70,GHA,FALSE,15,Burkina Faso,1999,FALSE,CIV,TRUE,FALSE,1,1991,1990,FALSE,TWN,TRUE,0
BFA,2001,0.29477429999999993,30,63,GHA,FALSE,15,Burkina Faso,2000,FALSE,GHA,TRUE,FALSE,1,1991,1990,FALSE,TWN,TRUE,0
BFA,2002,0.2818988,17,36,GHA,FALSE,15,Burkina Faso,2001,FALSE,GHA,TRUE,FALSE,1,1991,1990,FALSE,TWN,TRUE,0
BFA,2003,0.15110199999999996,32,3,TGO,FALSE,15,Burkina Faso,2002,FALSE,GHA,TRUE,FALSE,1,1991,1990,FALSE,TWN,TRUE,0
BFA,2004,0.29240010000000005,32,2,GHA,FALSE,15,Burkina Faso,2003,FALSE,TGO,TRUE,FALSE,1,1991,1990,FALSE,TWN,TRUE,0
BFA,2005,0.2702876,31,1,CHN,TRUE,15,Burkina Faso,2004,FALSE,GHA,TRUE,TRUE,2,2005,2004,FALSE,GHA,TRUE,1
BFA,2006,0.2412997,31,1,CHN,TRUE,15,Burkina Faso,2005,TRUE,CHN,TRUE,FALSE,2,2005,2004,FALSE,GHA,TRUE,1
BFA,2007,0.01165359999999993,32,1,CHN,TRUE,15,Burkina Faso,2006,TRUE,CHN,TRUE,FALSE,2,2005,2004,FALSE,GHA,TRUE,1
BFA,2008,0.21428609999999998,15,3,CHE,FALSE,15,Burkina Faso,2007,TRUE,CHN,TRUE,FALSE,2,2005,2004,FALSE,GHA,TRUE,0
BFA,2009,0.251857,25,2,CHE,FALSE,15,Burkina Faso,2008,FALSE,CHE,TRUE,FALSE,2,2005,2004,FALSE,GHA,TRUE,0
BFA,2010,0.22582770000000008,30,3,CHE,FALSE,15,Burkina Faso,2009,FALSE,CHE,TRUE,FALSE,2,2005,2004,FALSE,GHA,TRUE,0
BFA,2011,0.27758269999999996,23,3,CHE,FALSE,15,Burkina Faso,2010,FALSE,CHE,TRUE,FALSE,2,2005,2004,FALSE,GHA,TRUE,0
BFA,2012,0.474065,13,2,CHE,FALSE,15,Burkina Faso,2011,FALSE,CHE,TRUE,FALSE,2,2005,2004,FALSE,GHA,TRUE,0
BFA,2013,0.10382580000000008,35,2,CHE,FALSE,15,Burkina Faso,2012,FALSE,CHE,TRUE,FALSE,2,2005,2004,FALSE,GHA,TRUE,0
BFA,2014,0.30407819999999997,31,4,CHE,FALSE,15,Burkina Faso,2013,FALSE,CHE,TRUE,FALSE,2,2005,2004,FALSE,GHA,TRUE,0
BFA,2015,0.3252157,43,6,CHE,FALSE,15,Burkina Faso,2014,FALSE,CHE,TRUE,FALSE,2,2005,2004,FALSE,GHA,TRUE,0
BFA,2016,0.09818629999999995,31,17,CHE,FALSE,15,Burkina Faso,2015,FALSE,CHE,TRUE,FALSE,2,2005,2004,FALSE,GHA,TRUE,0
BFA,2017,0.22525140000000005,30,15,CHE,FALSE,15,Burkina Faso,2016,FALSE,CHE,TRUE,FALSE,2,2005,2004,FALSE,GHA,TRUE,0
BFA,2018,0.034976499999999966,27,4,CHE,FALSE,15,Burkina Faso,2017,FALSE,CHE,TRUE,FALSE,2,2005,2004,FALSE,GHA,TRUE,0
BFA,2019,0.10334979999999999,23,8,CHE,FALSE,15,Burkina Faso,2018,FALSE,CHE,TRUE,FALSE,2,2005,2004,FALSE,GHA,TRUE,0
BFA,2020,0.11816210000000005,24,6,CHE,FALSE,15,Burkina Faso,2019,FALSE,CHE,TRUE,FALSE,2,2005,2004,FALSE,GHA,TRUE,0
BFA,2021,0.32393370000000005,8,4,CHE,FALSE,15,Burkina Faso,2020,FALSE,CHE,TRUE,FALSE,2,2005,2004,FALSE,GHA,TRUE,0
BFA,2022,0.6005863,12,6,CHE,FALSE,15,Burkina Faso,2021,FALSE,CHE,TRUE,FALSE,2,2005,2004,FALSE,GHA,TRUE,0
BFA,2023,0.24154570000000009,,,,,15,Burkina Faso,2022,FALSE,CHE,TRUE,FALSE,2,2005,2004,FALSE,GHA,TRUE,
BGD,1990,0.6069038,1,22,USA,FALSE,16,Bangladesh,,,,FALSE,FALSE,0,,,,,,0
BGD,1991,0.6827557,1,13,USA,FALSE,16,Bangladesh,1990,FALSE,USA,TRUE,FALSE,0,,,,,,0
BGD,1992,0.21092149999999998,1,27,USA,FALSE,16,Bangladesh,1991,FALSE,USA,TRUE,FALSE,0,,,,,,0
BGD,1993,0.8230631,1,25,USA,FALSE,16,Bangladesh,1992,FALSE,USA,TRUE,FALSE,0,,,,,,0
BGD,1994,0.8302902,1,20,USA,FALSE,16,Bangladesh,1993,FALSE,USA,TRUE,FALSE,0,,,,,,0
BGD,1995,0.7269006000000001,1,13,USA,FALSE,16,Bangladesh,1994,FALSE,USA,TRUE,FALSE,0,,,,,,0
BGD,1996,0.46178889999999995,1,16,USA,FALSE,16,Bangladesh,1995,FALSE,USA,TRUE,FALSE,0,,,,,,0
BGD,1997,0.30159020000000003,1,13,USA,FALSE,16,Bangladesh,1996,FALSE,USA,TRUE,FALSE,0,,,,,,0
BGD,1998,0.32135699999999995,1,19,USA,FALSE,16,Bangladesh,1997,FALSE,USA,TRUE,FALSE,0,,,,,,0
BGD,1999,0.16079109999999996,1,26,USA,FALSE,16,Bangladesh,1998,FALSE,USA,TRUE,FALSE,0,,,,,,0
BGD,2000,0.14235149999999996,1,29,USA,FALSE,16,Bangladesh,1999,FALSE,USA,TRUE,FALSE,0,,,,,,0
BGD,2001,0.0748801,1,32,USA,FALSE,16,Bangladesh,2000,FALSE,USA,TRUE,FALSE,0,,,,,,0
BGD,2002,0.4154141,1,22,USA,FALSE,16,Bangladesh,2001,FALSE,USA,TRUE,FALSE,0,,,,,,0
BGD,2003,0.0034189000000000025,1,23,USA,FALSE,16,Bangladesh,2002,FALSE,USA,TRUE,FALSE,0,,,,,,0
BGD,2004,0.30993500000000007,1,17,USA,FALSE,16,Bangladesh,2003,FALSE,USA,TRUE,FALSE,0,,,,,,0
BGD,2005,0.25836329999999996,1,18,USA,FALSE,16,Bangladesh,2004,FALSE,USA,TRUE,FALSE,0,,,,,,0
BGD,2006,0.10406320000000002,1,18,USA,FALSE,16,Bangladesh,2005,FALSE,USA,TRUE,FALSE,0,,,,,,0
BGD,2007,0.34759019999999996,1,16,USA,FALSE,16,Bangladesh,2006,FALSE,USA,TRUE,FALSE,0,,,,,,0
BGD,2008,0.1700564,1,21,USA,FALSE,16,Bangladesh,2007,FALSE,USA,TRUE,FALSE,0,,,,,,0
BGD,2009,0.2093895,1,17,USA,FALSE,16,Bangladesh,2008,FALSE,USA,TRUE,FALSE,0,,,,,,0
BGD,2010,0.15222729999999995,1,17,USA,FALSE,16,Bangladesh,2009,FALSE,USA,TRUE,FALSE,0,,,,,,0
BGD,2011,0.28082299999999993,1,16,USA,FALSE,16,Bangladesh,2010,FALSE,USA,TRUE,FALSE,0,,,,,,0
BGD,2012,0.003837500000000049,1,15,USA,FALSE,16,Bangladesh,2011,FALSE,USA,TRUE,FALSE,0,,,,,,0
BGD,2013,0.4971601,1,13,USA,FALSE,16,Bangladesh,2012,FALSE,USA,TRUE,FALSE,0,,,,,,0
BGD,2014,0.2238196,1,12,USA,FALSE,16,Bangladesh,2013,FALSE,USA,TRUE,FALSE,0,,,,,,0
BGD,2015,0.7309467,1,12,USA,FALSE,16,Bangladesh,2014,FALSE,USA,TRUE,FALSE,0,,,,,,0
BGD,2016,0.46945269999999995,1,11,USA,FALSE,16,Bangladesh,2015,FALSE,USA,TRUE,FALSE,0,,,,,,0
BGD,2017,0.354408,2,12,DEU,FALSE,16,Bangladesh,2016,FALSE,USA,TRUE,FALSE,0,,,,,,0
BGD,2018,0.059386599999999956,2,11,DEU,FALSE,16,Bangladesh,2017,FALSE,DEU,TRUE,FALSE,0,,,,,,0
BGD,2019,0.2063722,1,12,USA,FALSE,16,Bangladesh,2018,FALSE,DEU,TRUE,FALSE,0,,,,,,0
BGD,2020,0.08371689999999998,2,14,DEU,FALSE,16,Bangladesh,2019,FALSE,USA,TRUE,FALSE,0,,,,,,0
BGD,2021,0.43927900000000003,1,13,USA,FALSE,16,Bangladesh,2020,FALSE,DEU,TRUE,FALSE,0,,,,,,0
BGD,2022,0.4459292,1,17,USA,FALSE,16,Bangladesh,2021,FALSE,USA,TRUE,FALSE,0,,,,,,0
BGD,2023,0.23081550000000006,,,,,16,Bangladesh,2022,FALSE,USA,TRUE,FALSE,0,,,,,,
BGR,1990,1.1159248000000002,9,45,ROU,FALSE,17,Bulgaria,,,,FALSE,FALSE,0,,,,,,0
BGR,1991,1.7059171,4,,DEU,FALSE,17,Bulgaria,1990,FALSE,ROU,TRUE,FALSE,0,,,,,,0
BGR,1992,2.2035884,5,6,DEU,FALSE,17,Bulgaria,1991,FALSE,DEU,TRUE,FALSE,0,,,,,,0
BGR,1993,3.005769,4,5,DEU,FALSE,17,Bulgaria,1992,FALSE,DEU,TRUE,FALSE,0,,,,,,0
BGR,1994,2.975704,5,10,DEU,FALSE,17,Bulgaria,1993,FALSE,DEU,TRUE,FALSE,0,,,,,,0
BGR,1995,2.708481,6,29,DEU,FALSE,17,Bulgaria,1994,FALSE,DEU,TRUE,FALSE,0,,,,,,0
BGR,1996,2.701475,9,25,DEU,FALSE,17,Bulgaria,1995,FALSE,DEU,TRUE,FALSE,0,,,,,,0
BGR,1997,2.653172,7,47,ITA,FALSE,17,Bulgaria,1996,FALSE,DEU,TRUE,FALSE,0,,,,,,0
BGR,1998,1.6374191,6,63,ITA,FALSE,17,Bulgaria,1997,FALSE,ITA,TRUE,FALSE,0,,,,,,0
BGR,1999,1.8222793999999998,7,49,ITA,FALSE,17,Bulgaria,1998,FALSE,ITA,TRUE,FALSE,0,,,,,,0
BGR,2000,1.7789646000000001,7,37,ITA,FALSE,17,Bulgaria,1999,FALSE,ITA,TRUE,FALSE,0,,,,,,0
BGR,2001,1.7077543,6,28,ITA,FALSE,17,Bulgaria,2000,FALSE,ITA,TRUE,FALSE,0,,,,,,0
BGR,2002,1.7183126,6,38,ITA,FALSE,17,Bulgaria,2001,FALSE,ITA,TRUE,FALSE,0,,,,,,0
BGR,2003,2.1546552,5,20,ITA,FALSE,17,Bulgaria,2002,FALSE,ITA,TRUE,FALSE,0,,,,,,0
BGR,2004,1.845895,6,26,ITA,FALSE,17,Bulgaria,2003,FALSE,ITA,TRUE,FALSE,0,,,,,,0
BGR,2005,1.6341116,7,26,ITA,FALSE,17,Bulgaria,2004,FALSE,ITA,TRUE,FALSE,0,,,,,,0
BGR,2006,1.8532451,9,39,DEU,FALSE,17,Bulgaria,2005,FALSE,ITA,TRUE,FALSE,0,,,,,,0
BGR,2007,1.5712290000000002,9,22,TUR,FALSE,17,Bulgaria,2006,FALSE,DEU,TRUE,FALSE,0,,,,,,0
BGR,2008,1.6325346,14,24,DEU,FALSE,17,Bulgaria,2007,FALSE,TUR,TRUE,FALSE,0,,,,,,0
BGR,2009,1.5811538,15,24,DEU,FALSE,17,Bulgaria,2008,FALSE,DEU,TRUE,FALSE,0,,,,,,0
BGR,2010,1.9065786999999998,15,16,ITA,FALSE,17,Bulgaria,2009,FALSE,DEU,TRUE,FALSE,0,,,,,,0
BGR,2011,1.7856610000000002,16,17,ITA,FALSE,17,Bulgaria,2010,FALSE,ITA,TRUE,FALSE,0,,,,,,0
BGR,2012,1.7901828,12,8,ITA,FALSE,17,Bulgaria,2011,FALSE,ITA,TRUE,FALSE,0,,,,,,0
BGR,2013,1.4597289999999998,15,7,DEU,FALSE,17,Bulgaria,2012,FALSE,ITA,TRUE,FALSE,0,,,,,,0
BGR,2014,1.8376689000000002,12,8,DEU,FALSE,17,Bulgaria,2013,FALSE,DEU,TRUE,FALSE,0,,,,,,0
BGR,2015,1.2176799999999999,10,8,DEU,FALSE,17,Bulgaria,2014,FALSE,DEU,TRUE,FALSE,0,,,,,,0
BGR,2016,1.5200709000000001,11,10,DEU,FALSE,17,Bulgaria,2015,FALSE,DEU,TRUE,FALSE,0,,,,,,0
BGR,2017,1.3836552,12,8,DEU,FALSE,17,Bulgaria,2016,FALSE,DEU,TRUE,FALSE,0,,,,,,0
BGR,2018,1.5012379999999999,9,7,DEU,FALSE,17,Bulgaria,2017,FALSE,DEU,TRUE,FALSE,0,,,,,,0
BGR,2019,1.4903984,9,7,DEU,FALSE,17,Bulgaria,2018,FALSE,DEU,TRUE,FALSE,0,,,,,,0
BGR,2020,1.7556243999999999,9,6,DEU,FALSE,17,Bulgaria,2019,FALSE,DEU,TRUE,FALSE,0,,,,,,0
BGR,2021,1.3885861,9,6,DEU,FALSE,17,Bulgaria,2020,FALSE,DEU,TRUE,FALSE,0,,,,,,0
BGR,2022,2.3384400000000003,6,10,ROU,FALSE,17,Bulgaria,2021,FALSE,DEU,TRUE,FALSE,0,,,,,,0
BGR,2023,2.0386977,,,,,17,Bulgaria,2022,FALSE,ROU,TRUE,FALSE,0,,,,,,
BHR,1990,0.41844859999999995,,,JPN,FALSE,18,Bahrain,,,,FALSE,FALSE,0,,,,,,0
BHR,1991,0.361994,4,,KOR,FALSE,18,Bahrain,1990,FALSE,JPN,TRUE,FALSE,0,,,,,,0
BHR,1992,0.1050721,3,21,JPN,FALSE,18,Bahrain,1991,FALSE,KOR,TRUE,FALSE,0,,,,,,0
BHR,1993,0.7991724000000001,4,20,JPN,FALSE,18,Bahrain,1992,FALSE,JPN,TRUE,FALSE,0,,,,,,0
BHR,1994,1.0073169,4,20,JPN,FALSE,18,Bahrain,1993,FALSE,JPN,TRUE,FALSE,0,,,,,,0
BHR,1995,0.8182816,4,16,KOR,FALSE,18,Bahrain,1994,FALSE,JPN,TRUE,FALSE,0,,,,,,0
BHR,1996,0.5937956999999999,5,9,SAU,FALSE,18,Bahrain,1995,FALSE,KOR,TRUE,FALSE,0,,,,,,0
BHR,1997,0.5294133000000001,4,28,KOR,FALSE,18,Bahrain,1996,FALSE,SAU,TRUE,FALSE,0,,,,,,0
BHR,1998,0.43551979999999996,4,21,IND,FALSE,18,Bahrain,1997,FALSE,KOR,TRUE,FALSE,0,,,,,,0
BHR,1999,0.0010133999999999421,3,21,IND,FALSE,18,Bahrain,1998,FALSE,IND,TRUE,FALSE,0,,,,,,0
BHR,2000,0.18888079999999996,1,12,USA,FALSE,18,Bahrain,1999,FALSE,IND,TRUE,FALSE,0,,,,,,0
BHR,2001,0.2894597,1,11,USA,FALSE,18,Bahrain,2000,FALSE,USA,TRUE,FALSE,0,,,,,,0
BHR,2002,0.6150874,1,17,USA,FALSE,18,Bahrain,2001,FALSE,USA,TRUE,FALSE,0,,,,,,0
BHR,2003,0.32588280000000003,1,18,USA,FALSE,18,Bahrain,2002,FALSE,USA,TRUE,FALSE,0,,,,,,0
BHR,2004,0.35540700000000003,2,13,SAU,FALSE,18,Bahrain,2003,FALSE,USA,TRUE,FALSE,0,,,,,,0
BHR,2005,0.3505795999999999,3,21,SAU,FALSE,18,Bahrain,2004,FALSE,SAU,TRUE,FALSE,0,,,,,,0
BHR,2006,3.1919999999996396e-4,3,25,SAU,FALSE,18,Bahrain,2005,FALSE,SAU,TRUE,FALSE,0,,,,,,0
BHR,2007,0.22282639999999998,3,25,SAU,FALSE,18,Bahrain,2006,FALSE,SAU,TRUE,FALSE,0,,,,,,0
BHR,2008,0.3958649000000001,4,23,IND,FALSE,18,Bahrain,2007,FALSE,SAU,TRUE,FALSE,0,,,,,,0
BHR,2009,0.332511,4,9,SAU,FALSE,18,Bahrain,2008,FALSE,IND,TRUE,FALSE,0,,,,,,0
BHR,2010,0.08796689999999996,7,11,SAU,FALSE,18,Bahrain,2009,FALSE,SAU,TRUE,FALSE,0,,,,,,0
BHR,2011,0.029785799999999973,7,9,SAU,FALSE,18,Bahrain,2010,FALSE,SAU,TRUE,FALSE,0,,,,,,0
BHR,2012,0.1264541,6,10,SAU,FALSE,18,Bahrain,2011,FALSE,SAU,TRUE,FALSE,0,,,,,,0
BHR,2013,0.19973800000000008,4,2,SAU,FALSE,18,Bahrain,2012,FALSE,SAU,TRUE,FALSE,0,,,,,,0
BHR,2014,0.009606899999999974,5,18,JPN,FALSE,18,Bahrain,2013,FALSE,SAU,TRUE,FALSE,0,,,,,,0
BHR,2015,0.5650841,2,18,SAU,FALSE,18,Bahrain,2014,FALSE,JPN,TRUE,FALSE,0,,,,,,0
BHR,2016,0.28349080000000004,3,28,SAU,FALSE,18,Bahrain,2015,FALSE,SAU,TRUE,FALSE,0,,,,,,0
BHR,2017,0.2704459000000001,3,7,ARE,FALSE,18,Bahrain,2016,FALSE,SAU,TRUE,FALSE,0,,,,,,0
BHR,2018,0.08153679999999996,4,10,ARE,FALSE,18,Bahrain,2017,FALSE,ARE,TRUE,FALSE,0,,,,,,0
BHR,2019,0.18159159999999996,4,8,ARE,FALSE,18,Bahrain,2018,FALSE,ARE,TRUE,FALSE,0,,,,,,0
BHR,2020,0.0646635000000001,4,11,ARE,FALSE,18,Bahrain,2019,FALSE,ARE,TRUE,FALSE,0,,,,,,0
BHR,2021,0.2169898,3,10,SAU,FALSE,18,Bahrain,2020,FALSE,ARE,TRUE,FALSE,0,,,,,,0
BHR,2022,0.32645789999999997,3,20,SAU,FALSE,18,Bahrain,2021,FALSE,SAU,TRUE,FALSE,0,,,,,,0
BHR,2023,0.0038267000000000717,,,,,18,Bahrain,2022,FALSE,SAU,TRUE,FALSE,0,,,,,,
BHS,1990,0.18557067,12,,DEU,FALSE,19,Bahamas,,,,FALSE,FALSE,0,,,,,,0
BHS,1991,0.061938999999999994,1,,USA,FALSE,19,Bahamas,1990,FALSE,DEU,TRUE,FALSE,0,,,,,,0
BHS,1992,0.469996,1,,USA,FALSE,19,Bahamas,1991,FALSE,USA,TRUE,FALSE,0,,,,,,0
BHS,1993,1.3199802,1,41,USA,FALSE,19,Bahamas,1992,FALSE,USA,TRUE,FALSE,0,,,,,,0
BHS,1994,1.7479913999999999,1,,USA,FALSE,19,Bahamas,1993,FALSE,USA,TRUE,FALSE,0,,,,,,0
BHS,1995,1.8323234000000002,1,12,USA,FALSE,19,Bahamas,1994,FALSE,USA,TRUE,FALSE,0,,,,,,0
BHS,1996,1.32876105,1,70,USA,FALSE,19,Bahamas,1995,FALSE,USA,TRUE,FALSE,0,,,,,,0
BHS,1997,1.0677876,1,95,USA,FALSE,19,Bahamas,1996,FALSE,USA,TRUE,FALSE,0,,,,,,0
BHS,1998,0.2284166,1,92,USA,FALSE,19,Bahamas,1997,FALSE,USA,TRUE,FALSE,0,,,,,,0
BHS,1999,0.4695922,1,,USA,FALSE,19,Bahamas,1998,FALSE,USA,TRUE,FALSE,0,,,,,,0
BHS,2000,0.3913653,1,129,USA,FALSE,19,Bahamas,1999,FALSE,USA,TRUE,FALSE,0,,,,,,0
BHS,2001,0.36976450000000005,1,100,USA,FALSE,19,Bahamas,2000,FALSE,USA,TRUE,FALSE,0,,,,,,0
BHS,2002,0.18967159999999994,1,88,USA,FALSE,19,Bahamas,2001,FALSE,USA,TRUE,FALSE,0,,,,,,0
BHS,2003,0.6594187,1,34,USA,FALSE,19,Bahamas,2002,FALSE,USA,TRUE,FALSE,0,,,,,,0
BHS,2004,0.38296320000000006,1,37,USA,FALSE,19,Bahamas,2003,FALSE,USA,TRUE,FALSE,0,,,,,,0
BHS,2005,0.20679140000000007,2,72,ESP,FALSE,19,Bahamas,2004,FALSE,USA,TRUE,FALSE,0,,,,,,0
BHS,2006,0.6893521,2,71,ESP,FALSE,19,Bahamas,2005,FALSE,ESP,TRUE,FALSE,0,,,,,,0
BHS,2007,0.4548017000000001,1,17,USA,FALSE,19,Bahamas,2006,FALSE,ESP,TRUE,FALSE,0,,,,,,0
BHS,2008,0.3980764,3,37,SGP,FALSE,19,Bahamas,2007,FALSE,USA,TRUE,FALSE,0,,,,,,0
BHS,2009,0.19807210000000003,1,53,USA,FALSE,19,Bahamas,2008,FALSE,SGP,TRUE,FALSE,0,,,,,,0
BHS,2010,0.5295787000000001,1,25,USA,FALSE,19,Bahamas,2009,FALSE,USA,TRUE,FALSE,0,,,,,,0
BHS,2011,0.45667959999999996,2,7,SGP,FALSE,19,Bahamas,2010,FALSE,USA,TRUE,FALSE,0,,,,,,0
BHS,2012,0.5151055,3,8,SGP,FALSE,19,Bahamas,2011,FALSE,SGP,TRUE,FALSE,0,,,,,,0
BHS,2013,0.20313569999999997,2,59,CIV,FALSE,19,Bahamas,2012,FALSE,SGP,TRUE,FALSE,0,,,,,,0
BHS,2014,0.5102189,5,41,COG,FALSE,19,Bahamas,2013,FALSE,CIV,TRUE,FALSE,0,,,,,,0
BHS,2015,0.20524610000000001,4,14,GAB,FALSE,19,Bahamas,2014,FALSE,COG,TRUE,FALSE,0,,,,,,0
BHS,2016,0.011386400000000019,3,5,POL,FALSE,19,Bahamas,2015,FALSE,GAB,TRUE,FALSE,0,,,,,,0
BHS,2017,0.15809010000000007,2,11,POL,FALSE,19,Bahamas,2016,FALSE,POL,TRUE,FALSE,0,,,,,,0
BHS,2018,0.22418749999999998,2,18,NAM,FALSE,19,Bahamas,2017,FALSE,POL,TRUE,FALSE,0,,,,,,0
BHS,2019,0.06219560000000002,2,4,POL,FALSE,19,Bahamas,2018,FALSE,NAM,TRUE,FALSE,0,,,,,,0
BHS,2020,0.3527831,1,7,USA,FALSE,19,Bahamas,2019,FALSE,POL,TRUE,FALSE,0,,,,,,0
BHS,2021,0.09421810000000003,1,12,USA,FALSE,19,Bahamas,2020,FALSE,USA,TRUE,FALSE,0,,,,,,0
BHS,2022,0.8939516000000001,1,16,USA,FALSE,19,Bahamas,2021,FALSE,USA,TRUE,FALSE,0,,,,,,0
BHS,2023,0.6416033000000001,,,,,19,Bahamas,2022,FALSE,USA,TRUE,FALSE,0,,,,,,
BIH,1991,0.10936699999999999,,,,,20,Bosnia & Herzegovina,,,,FALSE,FALSE,0,,,,,,
BIH,1992,0.5677708,4,,HRV,FALSE,20,Bosnia & Herzegovina,1991,,,FALSE,FALSE,0,,,,,,0
BIH,1993,1.460946542,4,26,ROU,FALSE,20,Bosnia & Herzegovina,1992,FALSE,HRV,TRUE,FALSE,0,,,,,,0
BIH,1994,1.8186176,3,,DEU,FALSE,20,Bosnia & Herzegovina,1993,FALSE,ROU,TRUE,FALSE,0,,,,,,0
BIH,1995,2.2053561000000004,5,34,ITA,FALSE,20,Bosnia & Herzegovina,1994,FALSE,DEU,TRUE,FALSE,0,,,,,,0
BIH,1996,1.9155379999999997,5,,HRV,FALSE,20,Bosnia & Herzegovina,1995,FALSE,ITA,TRUE,FALSE,0,,,,,,0
BIH,1999,1.4315989999999998,11,35,ITA,FALSE,20,Bosnia & Herzegovina,1996,FALSE,HRV,TRUE,FALSE,0,,,,,,0
BIH,2000,1.3988504000000002,8,23,ITA,FALSE,20,Bosnia & Herzegovina,1999,FALSE,ITA,TRUE,FALSE,0,,,,,,0
BIH,2001,1.6995233,10,35,ITA,FALSE,20,Bosnia & Herzegovina,2000,FALSE,ITA,TRUE,FALSE,0,,,,,,0
BIH,2002,1.5980436,8,40,ITA,FALSE,20,Bosnia & Herzegovina,2001,FALSE,ITA,TRUE,FALSE,0,,,,,,0
BIH,2003,1.8522466,12,48,ITA,FALSE,20,Bosnia & Herzegovina,2002,FALSE,ITA,TRUE,FALSE,0,,,,,,0
BIH,2004,1.7688336,19,47,HRV,FALSE,20,Bosnia & Herzegovina,2003,FALSE,ITA,TRUE,FALSE,0,,,,,,0
BIH,2005,1.7152194,9,8,HRV,FALSE,20,Bosnia & Herzegovina,2004,FALSE,HRV,TRUE,FALSE,0,,,,,,0
BIH,2006,1.7339722,15,8,HRV,FALSE,20,Bosnia & Herzegovina,2005,FALSE,HRV,TRUE,FALSE,0,,,,,,0
BIH,2007,1.5673525000000001,20,19,HRV,FALSE,20,Bosnia & Herzegovina,2006,FALSE,HRV,TRUE,FALSE,0,,,,,,0
BIH,2008,1.6270413000000001,16,33,HRV,FALSE,20,Bosnia & Herzegovina,2007,FALSE,HRV,TRUE,FALSE,0,,,,,,0
BIH,2009,1.3305037,18,27,HRV,FALSE,20,Bosnia & Herzegovina,2008,FALSE,HRV,TRUE,FALSE,0,,,,,,0
BIH,2010,1.4911599,22,26,HRV,FALSE,20,Bosnia & Herzegovina,2009,FALSE,HRV,TRUE,FALSE,0,,,,,,0
BIH,2011,1.6044800000000001,18,26,HRV,FALSE,20,Bosnia & Herzegovina,2010,FALSE,HRV,TRUE,FALSE,0,,,,,,0
BIH,2012,1.6911252,17,24,HRV,FALSE,20,Bosnia & Herzegovina,2011,FALSE,HRV,TRUE,FALSE,0,,,,,,0
BIH,2013,1.341679,16,27,HRV,FALSE,20,Bosnia & Herzegovina,2012,FALSE,HRV,TRUE,FALSE,0,,,,,,0
BIH,2014,1.7002111,13,23,ITA,FALSE,20,Bosnia & Herzegovina,2013,FALSE,HRV,TRUE,FALSE,0,,,,,,0
BIH,2015,1.0171976999999999,12,21,ITA,FALSE,20,Bosnia & Herzegovina,2014,FALSE,ITA,TRUE,FALSE,0,,,,,,0
BIH,2016,1.2471222,15,22,ITA,FALSE,20,Bosnia & Herzegovina,2015,FALSE,ITA,TRUE,FALSE,0,,,,,,0
BIH,2017,1.1640276999999999,15,20,DEU,FALSE,20,Bosnia & Herzegovina,2016,FALSE,ITA,TRUE,FALSE,0,,,,,,0
BIH,2018,1.2500629,15,19,DEU,FALSE,20,Bosnia & Herzegovina,2017,FALSE,DEU,TRUE,FALSE,0,,,,,,0
BIH,2019,1.1173193000000001,13,18,DEU,FALSE,20,Bosnia & Herzegovina,2018,FALSE,DEU,TRUE,FALSE,0,,,,,,0
BIH,2020,1.2109227,14,18,DEU,FALSE,20,Bosnia & Herzegovina,2019,FALSE,DEU,TRUE,FALSE,0,,,,,,0
BIH,2021,0.9577197,10,15,ITA,FALSE,20,Bosnia & Herzegovina,2020,FALSE,DEU,TRUE,FALSE,0,,,,,,0
BIH,2022,1.942931,8,15,HRV,FALSE,20,Bosnia & Herzegovina,2021,FALSE,ITA,TRUE,FALSE,0,,,,,,0
BIH,2023,1.6952994000000001,,,,,20,Bosnia & Herzegovina,2022,FALSE,HRV,TRUE,FALSE,0,,,,,,
BLR,1990,0.0223753,,,,,21,Belarus,,,,FALSE,FALSE,0,,,,,,
BLR,1991,0.8163526000000001,,,,,21,Belarus,1990,,,FALSE,FALSE,0,,,,,,
BLR,1992,1.2085185,3,2,DEU,FALSE,21,Belarus,1991,,,FALSE,FALSE,0,,,,,,0
BLR,1993,1.9315487,3,2,DEU,FALSE,21,Belarus,1992,FALSE,DEU,TRUE,FALSE,0,,,,,,0
BLR,1994,2.2885014999999997,4,16,DEU,FALSE,21,Belarus,1993,FALSE,DEU,TRUE,FALSE,0,,,,,,0
BLR,1995,2.1020583,9,14,DEU,FALSE,21,Belarus,1994,FALSE,DEU,TRUE,FALSE,0,,,,,,0
BLR,1996,1.8970802,7,23,UKR,FALSE,21,Belarus,1995,FALSE,DEU,TRUE,FALSE,0,,,,,,0
BLR,1997,1.5960636,6,16,UKR,FALSE,21,Belarus,1996,FALSE,UKR,TRUE,FALSE,0,,,,,,0
BLR,1998,0.5236376,6,25,RUS,FALSE,21,Belarus,1997,FALSE,UKR,TRUE,FALSE,0,,,,,,0
BLR,1999,0.62448512,6,5,RUS,FALSE,21,Belarus,1998,FALSE,RUS,TRUE,FALSE,0,,,,,,0
BLR,2000,0.13641930000000002,5,12,RUS,FALSE,21,Belarus,1999,FALSE,RUS,TRUE,FALSE,0,,,,,,0
BLR,2001,0.47173703,9,5,RUS,FALSE,21,Belarus,2000,FALSE,RUS,TRUE,FALSE,0,,,,,,0
BLR,2002,0.41896568999999995,5,14,RUS,FALSE,21,Belarus,2001,FALSE,RUS,TRUE,FALSE,0,,,,,,0
BLR,2003,0.8602926200000001,6,14,RUS,FALSE,21,Belarus,2002,FALSE,RUS,TRUE,FALSE,0,,,,,,0
BLR,2004,0.5595535,5,13,RUS,FALSE,21,Belarus,2003,FALSE,RUS,TRUE,FALSE,0,,,,,,0
BLR,2005,0.5096263000000001,10,8,RUS,FALSE,21,Belarus,2004,FALSE,RUS,TRUE,FALSE,0,,,,,,0
BLR,2006,0.39452960000000004,5,8,RUS,FALSE,21,Belarus,2005,FALSE,RUS,TRUE,FALSE,0,,,,,,0
BLR,2007,0.08153430000000006,5,7,RUS,FALSE,21,Belarus,2006,FALSE,RUS,TRUE,FALSE,0,,,,,,0
BLR,2008,0.05987500000000001,5,12,RUS,FALSE,21,Belarus,2007,FALSE,RUS,TRUE,FALSE,0,,,,,,0
BLR,2009,0.202241,5,7,RUS,FALSE,21,Belarus,2008,FALSE,RUS,TRUE,FALSE,0,,,,,,0
BLR,2010,0.5407487,14,7,RUS,FALSE,21,Belarus,2009,FALSE,RUS,TRUE,FALSE,0,,,,,,0
BLR,2011,0.18594650000000001,10,9,RUS,FALSE,21,Belarus,2010,FALSE,RUS,TRUE,FALSE,0,,,,,,0
BLR,2012,0.5168887,25,8,RUS,FALSE,21,Belarus,2011,FALSE,RUS,TRUE,FALSE,0,,,,,,0
BLR,2013,0.17705579999999999,26,7,RUS,FALSE,21,Belarus,2012,FALSE,RUS,TRUE,FALSE,0,,,,,,0
BLR,2014,0.5158212,20,8,RUS,FALSE,21,Belarus,2013,FALSE,RUS,TRUE,FALSE,0,,,,,,0
BLR,2015,0.05706899999999998,13,5,RUS,FALSE,21,Belarus,2014,FALSE,RUS,TRUE,FALSE,0,,,,,,0
BLR,2016,0.132716,12,7,RUS,FALSE,21,Belarus,2015,FALSE,RUS,TRUE,FALSE,0,,,,,,0
BLR,2017,0.12033559999999999,10,9,RUS,FALSE,21,Belarus,2016,FALSE,RUS,TRUE,FALSE,0,,,,,,0
BLR,2018,0.2439674,11,10,RUS,FALSE,21,Belarus,2017,FALSE,RUS,TRUE,FALSE,0,,,,,,0
BLR,2019,0.1603907,12,6,RUS,FALSE,21,Belarus,2018,FALSE,RUS,TRUE,FALSE,0,,,,,,0
BLR,2020,0.31917370000000006,10,5,RUS,FALSE,21,Belarus,2019,FALSE,RUS,TRUE,FALSE,0,,,,,,0
BLR,2021,0.016605000000000036,11,5,RUS,FALSE,21,Belarus,2020,FALSE,RUS,TRUE,FALSE,0,,,,,,0
BLR,2022,0.27786049999999995,12,2,UKR,FALSE,21,Belarus,2021,FALSE,RUS,TRUE,FALSE,0,,,,,,0
BLR,2023,0.06061810000000001,,,,,21,Belarus,2022,FALSE,UKR,TRUE,FALSE,0,,,,,,
BLZ,1990,0.141765354,8,,GBR,FALSE,22,Belize,,,,FALSE,FALSE,0,,,,,,0
BLZ,1991,0.018264000000000002,1,,USA,FALSE,22,Belize,1990,FALSE,GBR,TRUE,FALSE,0,,,,,,0
BLZ,1992,0.4702049,1,26,USA,FALSE,22,Belize,1991,FALSE,USA,TRUE,FALSE,0,,,,,,0
BLZ,1993,1.5332434300000002,2,20,GBR,FALSE,22,Belize,1992,FALSE,USA,TRUE,FALSE,0,,,,,,0
BLZ,1994,1.74979358,2,55,GBR,FALSE,22,Belize,1993,FALSE,GBR,TRUE,FALSE,0,,,,,,0
BLZ,1995,1.64560199,2,65,GBR,FALSE,22,Belize,1994,FALSE,GBR,TRUE,FALSE,0,,,,,,0
BLZ,1996,1.3045368,2,,GBR,FALSE,22,Belize,1995,FALSE,GBR,TRUE,FALSE,0,,,,,,0
BLZ,1997,0.9790276,1,28,USA,FALSE,22,Belize,1996,FALSE,GBR,TRUE,FALSE,0,,,,,,0
BLZ,1998,0.07593889999999998,1,33,USA,FALSE,22,Belize,1997,FALSE,USA,TRUE,FALSE,0,,,,,,0
BLZ,1999,0.2585907,1,49,USA,FALSE,22,Belize,1998,FALSE,USA,TRUE,FALSE,0,,,,,,0
BLZ,2000,0.37154390000000004,1,49,USA,FALSE,22,Belize,1999,FALSE,USA,TRUE,FALSE,0,,,,,,0
BLZ,2001,0.2806772,1,61,USA,FALSE,22,Belize,2000,FALSE,USA,TRUE,FALSE,0,,,,,,0
BLZ,2002,0.10953179999999996,1,38,USA,FALSE,22,Belize,2001,FALSE,USA,TRUE,FALSE,0,,,,,,0
BLZ,2003,0.3875927,1,21,USA,FALSE,22,Belize,2002,FALSE,USA,TRUE,FALSE,0,,,,,,0
BLZ,2004,0.35268200000000005,1,97,USA,FALSE,22,Belize,2003,FALSE,USA,TRUE,FALSE,0,,,,,,0
BLZ,2005,0.24819480000000005,1,69,USA,FALSE,22,Belize,2004,FALSE,USA,TRUE,FALSE,0,,,,,,0
BLZ,2006,0.49915740000000003,1,43,USA,FALSE,22,Belize,2005,FALSE,USA,TRUE,FALSE,0,,,,,,0
BLZ,2007,0.30860940000000003,1,76,USA,FALSE,22,Belize,2006,FALSE,USA,TRUE,FALSE,0,,,,,,0
BLZ,2008,0.339027,2,82,NGA,FALSE,22,Belize,2007,FALSE,USA,TRUE,FALSE,0,,,,,,0
BLZ,2009,0.24901,3,37,NGA,FALSE,22,Belize,2008,FALSE,NGA,TRUE,FALSE,0,,,,,,0
BLZ,2010,0.27882170000000006,1,46,USA,FALSE,22,Belize,2009,FALSE,NGA,TRUE,FALSE,0,,,,,,0
BLZ,2011,0.4249457,2,22,NGA,FALSE,22,Belize,2010,FALSE,USA,TRUE,FALSE,0,,,,,,0
BLZ,2012,0.3742387,1,12,USA,FALSE,22,Belize,2011,FALSE,NGA,TRUE,FALSE,0,,,,,,0
BLZ,2013,0.02815539999999994,1,14,USA,FALSE,22,Belize,2012,FALSE,USA,TRUE,FALSE,0,,,,,,0
BLZ,2014,0.4320374,1,10,USA,FALSE,22,Belize,2013,FALSE,USA,TRUE,FALSE,0,,,,,,0
BLZ,2015,0.27216739999999995,2,17,GBR,FALSE,22,Belize,2014,FALSE,USA,TRUE,FALSE,0,,,,,,0
BLZ,2016,0.06650300000000003,3,21,MMR,FALSE,22,Belize,2015,FALSE,GBR,TRUE,FALSE,0,,,,,,0
BLZ,2017,0.10423360000000004,2,41,GBR,FALSE,22,Belize,2016,FALSE,MMR,TRUE,FALSE,0,,,,,,0
BLZ,2018,0.1742687,2,33,GBR,FALSE,22,Belize,2017,FALSE,GBR,TRUE,FALSE,0,,,,,,0
BLZ,2019,0.1492963,2,40,GBR,FALSE,22,Belize,2018,FALSE,GBR,TRUE,FALSE,0,,,,,,0
BLZ,2020,0.25050800000000006,3,38,SYC,FALSE,22,Belize,2019,FALSE,GBR,TRUE,FALSE,0,,,,,,0
BLZ,2021,0.11484360000000005,2,58,GBR,FALSE,22,Belize,2020,FALSE,SYC,TRUE,FALSE,0,,,,,,0
BLZ,2022,0.6942088,1,36,USA,FALSE,22,Belize,2021,FALSE,GBR,TRUE,FALSE,0,,,,,,0
BLZ,2023,0.47427890000000006,,,,,22,Belize,2022,FALSE,USA,TRUE,FALSE,0,,,,,,
BOL,1990,0.40620120000000004,5,,BRA,FALSE,23,Bolivia,,,,FALSE,FALSE,0,,,,,,0
BOL,1991,0.06342129999999999,1,,USA,FALSE,23,Bolivia,1990,FALSE,BRA,TRUE,FALSE,0,,,,,,0
BOL,1992,0.8843173,1,62,USA,FALSE,23,Bolivia,1991,FALSE,USA,TRUE,FALSE,0,,,,,,0
BOL,1993,1.3371030000000002,1,67,USA,FALSE,23,Bolivia,1992,FALSE,USA,TRUE,FALSE,0,,,,,,0
BOL,1994,1.5273925,1,39,USA,FALSE,23,Bolivia,1993,FALSE,USA,TRUE,FALSE,0,,,,,,0
BOL,1995,1.4108280000000002,1,44,USA,FALSE,23,Bolivia,1994,FALSE,USA,TRUE,FALSE,0,,,,,,0
BOL,1996,1.1831715999999999,1,25,USA,FALSE,23,Bolivia,1995,FALSE,USA,TRUE,FALSE,0,,,,,,0
BOL,1997,1.1775979730000001,1,25,USA,FALSE,23,Bolivia,1996,FALSE,USA,TRUE,FALSE,0,,,,,,0
BOL,1998,0.1790694,1,36,USA,FALSE,23,Bolivia,1997,FALSE,USA,TRUE,FALSE,0,,,,,,0
BOL,1999,0.5030303,2,26,COL,FALSE,23,Bolivia,1998,FALSE,USA,TRUE,FALSE,0,,,,,,0
BOL,2000,0.5944769000000001,2,24,COL,FALSE,23,Bolivia,1999,FALSE,COL,TRUE,FALSE,0,,,,,,0
BOL,2001,0.415374,3,19,BRA,FALSE,23,Bolivia,2000,FALSE,COL,TRUE,FALSE,0,,,,,,0
BOL,2002,0.35605599999999993,2,14,BRA,FALSE,23,Bolivia,2001,FALSE,BRA,TRUE,FALSE,0,,,,,,0
BOL,2003,0.7534978999999999,3,23,BRA,FALSE,23,Bolivia,2002,FALSE,BRA,TRUE,FALSE,0,,,,,,0
BOL,2004,0.671457,2,14,BRA,FALSE,23,Bolivia,2003,FALSE,BRA,TRUE,FALSE,0,,,,,,0
BOL,2005,0.5707405,2,10,BRA,FALSE,23,Bolivia,2004,FALSE,BRA,TRUE,FALSE,0,,,,,,0
BOL,2006,0.5871915000000001,2,10,BRA,FALSE,23,Bolivia,2005,FALSE,BRA,TRUE,FALSE,0,,,,,,0
BOL,2007,0.17019210000000007,2,14,BRA,FALSE,23,Bolivia,2006,FALSE,BRA,TRUE,FALSE,0,,,,,,0
BOL,2008,0.16376459999999998,2,10,BRA,FALSE,23,Bolivia,2007,FALSE,BRA,TRUE,FALSE,0,,,,,,0
BOL,2009,0.20674559999999997,2,9,BRA,FALSE,23,Bolivia,2008,FALSE,BRA,TRUE,FALSE,0,,,,,,0
BOL,2010,0.0510699,2,9,BRA,FALSE,23,Bolivia,2009,FALSE,BRA,TRUE,FALSE,0,,,,,,0
BOL,2011,0.625471,2,8,BRA,FALSE,23,Bolivia,2010,FALSE,BRA,TRUE,FALSE,0,,,,,,0
BOL,2012,0.7838743,2,6,BRA,FALSE,23,Bolivia,2011,FALSE,BRA,TRUE,FALSE,0,,,,,,0
BOL,2013,1.2488552,3,9,BRA,FALSE,23,Bolivia,2012,FALSE,BRA,TRUE,FALSE,0,,,,,,0
BOL,2014,0.2431545999999999,3,6,BRA,FALSE,23,Bolivia,2013,FALSE,BRA,TRUE,FALSE,0,,,,,,0
BOL,2015,1.2255028000000001,3,4,BRA,FALSE,23,Bolivia,2014,FALSE,BRA,TRUE,FALSE,0,,,,,,0
BOL,2016,1.1492901,2,7,BRA,FALSE,23,Bolivia,2015,FALSE,BRA,TRUE,FALSE,0,,,,,,0
BOL,2017,1.3932988,3,9,BRA,FALSE,23,Bolivia,2016,FALSE,BRA,TRUE,FALSE,0,,,,,,0
BOL,2018,0.7447744000000001,5,10,BRA,FALSE,23,Bolivia,2017,FALSE,BRA,TRUE,FALSE,0,,,,,,0
BOL,2019,0.45981379999999994,5,9,BRA,FALSE,23,Bolivia,2018,FALSE,BRA,TRUE,FALSE,0,,,,,,0
BOL,2020,0.2766316,6,8,BRA,FALSE,23,Bolivia,2019,FALSE,BRA,TRUE,FALSE,0,,,,,,0
BOL,2021,0.9702369000000002,7,5,IND,FALSE,23,Bolivia,2020,FALSE,BRA,TRUE,FALSE,0,,,,,,0
BOL,2022,4.170000000001117e-4,6,5,IND,FALSE,23,Bolivia,2021,FALSE,IND,TRUE,FALSE,0,,,,,,0
BOL,2023,0.12585219999999997,,,,,23,Bolivia,2022,FALSE,IND,TRUE,FALSE,0,,,,,,
BRA,1990,0.3467953,1,17,USA,FALSE,24,Brazil,,,,FALSE,FALSE,0,,,,,,0
BRA,1991,0.15418730000000003,1,28,USA,FALSE,24,Brazil,1990,FALSE,USA,TRUE,FALSE,0,,,,,,0
BRA,1992,0.3641893,1,16,USA,FALSE,24,Brazil,1991,FALSE,USA,TRUE,FALSE,0,,,,,,0
BRA,1993,1.2583797,1,11,USA,FALSE,24,Brazil,1992,FALSE,USA,TRUE,FALSE,0,,,,,,0
BRA,1994,1.4421855,1,10,USA,FALSE,24,Brazil,1993,FALSE,USA,TRUE,FALSE,0,,,,,,0
BRA,1995,1.4078024,1,10,USA,FALSE,24,Brazil,1994,FALSE,USA,TRUE,FALSE,0,,,,,,0
BRA,1996,1.1903705,1,9,USA,FALSE,24,Brazil,1995,FALSE,USA,TRUE,FALSE,0,,,,,,0
BRA,1997,1.0282104,1,9,USA,FALSE,24,Brazil,1996,FALSE,USA,TRUE,FALSE,0,,,,,,0
BRA,1998,0.33616982,1,11,USA,FALSE,24,Brazil,1997,FALSE,USA,TRUE,FALSE,0,,,,,,0
BRA,1999,0.6630772469999999,1,12,USA,FALSE,24,Brazil,1998,FALSE,USA,TRUE,FALSE,0,,,,,,0
BRA,2000,0.7665536500000001,1,10,USA,FALSE,24,Brazil,1999,FALSE,USA,TRUE,FALSE,0,,,,,,0
BRA,2001,0.57876749,1,5,USA,FALSE,24,Brazil,2000,FALSE,USA,TRUE,FALSE,0,,,,,,0
BRA,2002,0.54315967,1,3,USA,FALSE,24,Brazil,2001,FALSE,USA,TRUE,FALSE,0,,,,,,0
BRA,2003,0.88699711,1,2,USA,FALSE,24,Brazil,2002,FALSE,USA,TRUE,FALSE,0,,,,,,0
BRA,2004,0.7644388,1,2,USA,FALSE,24,Brazil,2003,FALSE,USA,TRUE,FALSE,0,,,,,,0
BRA,2005,0.5769612000000001,1,3,USA,FALSE,24,Brazil,2004,FALSE,USA,TRUE,FALSE,0,,,,,,0
BRA,2006,0.7484159,1,2,USA,FALSE,24,Brazil,2005,FALSE,USA,TRUE,FALSE,0,,,,,,0
BRA,2007,0.4232268,1,2,USA,FALSE,24,Brazil,2006,FALSE,USA,TRUE,FALSE,0,,,,,,0
BRA,2008,0.4453566,1,2,USA,FALSE,24,Brazil,2007,FALSE,USA,TRUE,FALSE,0,,,,,,0
BRA,2009,0.2687603,2,1,CHN,TRUE,24,Brazil,2008,FALSE,USA,TRUE,TRUE,1,2009,2008,FALSE,USA,TRUE,1
BRA,2010,0.38309240000000006,2,1,CHN,TRUE,24,Brazil,2009,TRUE,CHN,TRUE,FALSE,1,2009,2008,FALSE,USA,TRUE,1
BRA,2011,0.22588580000000003,2,1,CHN,TRUE,24,Brazil,2010,TRUE,CHN,TRUE,FALSE,1,2009,2008,FALSE,USA,TRUE,1
BRA,2012,0.27516549999999995,2,1,CHN,TRUE,24,Brazil,2011,TRUE,CHN,TRUE,FALSE,1,2009,2008,FALSE,USA,TRUE,1
BRA,2013,0.10051470000000007,2,1,CHN,TRUE,24,Brazil,2012,TRUE,CHN,TRUE,FALSE,1,2009,2008,FALSE,USA,TRUE,1
BRA,2014,0.16190090000000001,2,1,CHN,TRUE,24,Brazil,2013,TRUE,CHN,TRUE,FALSE,1,2009,2008,FALSE,USA,TRUE,1
BRA,2015,0.34131100000000003,2,1,CHN,TRUE,24,Brazil,2014,TRUE,CHN,TRUE,FALSE,1,2009,2008,FALSE,USA,TRUE,1
BRA,2016,0.06529859999999998,2,1,CHN,TRUE,24,Brazil,2015,TRUE,CHN,TRUE,FALSE,1,2009,2008,FALSE,USA,TRUE,1
BRA,2017,0.0798142,2,1,CHN,TRUE,24,Brazil,2016,TRUE,CHN,TRUE,FALSE,1,2009,2008,FALSE,USA,TRUE,1
BRA,2018,0.46226909,2,1,CHN,TRUE,24,Brazil,2017,TRUE,CHN,TRUE,FALSE,1,2009,2008,FALSE,USA,TRUE,1
BRA,2019,0.6599254999999999,2,1,CHN,TRUE,24,Brazil,2018,TRUE,CHN,TRUE,FALSE,1,2009,2008,FALSE,USA,TRUE,1
BRA,2020,0.9172405000000001,2,1,CHN,TRUE,24,Brazil,2019,TRUE,CHN,TRUE,FALSE,1,2009,2008,FALSE,USA,TRUE,1
BRA,2021,0.4080059,2,1,CHN,TRUE,24,Brazil,2020,TRUE,CHN,TRUE,FALSE,1,2009,2008,FALSE,USA,TRUE,1
BRA,2022,1.2946154,2,1,CHN,TRUE,24,Brazil,2021,TRUE,CHN,TRUE,FALSE,1,2009,2008,FALSE,USA,TRUE,1
BRA,2023,0.48110090000000005,,,,,24,Brazil,2022,TRUE,CHN,TRUE,FALSE,1,2009,2008,FALSE,USA,TRUE,
BRB,1990,0.007764400000000005,14,,CAN,FALSE,25,Barbados,,,,FALSE,FALSE,0,,,,,,0
BRB,1991,0.03483569999999997,1,,USA,FALSE,25,Barbados,1990,FALSE,CAN,TRUE,FALSE,0,,,,,,0
BRB,1992,0.4200221,1,,USA,FALSE,25,Barbados,1991,FALSE,USA,TRUE,FALSE,0,,,,,,0
BRB,1993,1.3342942,2,45,GBR,FALSE,25,Barbados,1992,FALSE,USA,TRUE,FALSE,0,,,,,,0
BRB,1994,1.5321375,1,49,USA,FALSE,25,Barbados,1993,FALSE,GBR,TRUE,FALSE,0,,,,,,0
BRB,1995,1.7231751000000002,2,67,GBR,FALSE,25,Barbados,1994,FALSE,USA,TRUE,FALSE,0,,,,,,0
BRB,1996,1.36275506,2,,GBR,FALSE,25,Barbados,1995,FALSE,GBR,TRUE,FALSE,0,,,,,,0
BRB,1997,0.9625085,2,83,GBR,FALSE,25,Barbados,1996,FALSE,GBR,TRUE,FALSE,0,,,,,,0
BRB,1998,0.2448743,2,86,GBR,FALSE,25,Barbados,1997,FALSE,GBR,TRUE,FALSE,0,,,,,,0
BRB,1999,0.4130751,1,43,USA,FALSE,25,Barbados,1998,FALSE,GBR,TRUE,FALSE,0,,,,,,0
BRB,2000,0.37838430000000006,3,55,JPN,FALSE,25,Barbados,1999,FALSE,USA,TRUE,FALSE,0,,,,,,0
BRB,2001,0.14978780000000003,3,50,GTM,FALSE,25,Barbados,2000,FALSE,JPN,TRUE,FALSE,0,,,,,,0
BRB,2002,0.20612969999999997,3,42,GTM,FALSE,25,Barbados,2001,FALSE,GTM,TRUE,FALSE,0,,,,,,0
BRB,2003,0.46067600000000003,2,44,GTM,FALSE,25,Barbados,2002,FALSE,GTM,TRUE,FALSE,0,,,,,,0
BRB,2004,0.34907980000000005,4,41,GTM,FALSE,25,Barbados,2003,FALSE,GTM,TRUE,FALSE,0,,,,,,0
BRB,2005,0.09128610000000004,5,54,SVN,FALSE,25,Barbados,2004,FALSE,GTM,TRUE,FALSE,0,,,,,,0
BRB,2006,0.29594980000000004,2,41,SVN,FALSE,25,Barbados,2005,FALSE,SVN,TRUE,FALSE,0,,,,,,0
BRB,2007,0.016625,5,43,SVN,FALSE,25,Barbados,2006,FALSE,SVN,TRUE,FALSE,0,,,,,,0
BRB,2008,0.048588500000000034,3,37,NGA,FALSE,25,Barbados,2007,FALSE,SVN,TRUE,FALSE,0,,,,,,0
BRB,2009,0.015172300000000027,2,25,NGA,FALSE,25,Barbados,2008,FALSE,NGA,TRUE,FALSE,0,,,,,,0
BRB,2010,0.27388180000000006,3,24,NGA,FALSE,25,Barbados,2009,FALSE,NGA,TRUE,FALSE,0,,,,,,0
BRB,2011,0.38699089999999997,2,18,NGA,FALSE,25,Barbados,2010,FALSE,NGA,TRUE,FALSE,0,,,,,,0
BRB,2012,0.4405341,3,12,NGA,FALSE,25,Barbados,2011,FALSE,NGA,TRUE,FALSE,0,,,,,,0
BRB,2013,0.041151599999999955,2,11,TTO,FALSE,25,Barbados,2012,FALSE,NGA,TRUE,FALSE,0,,,,,,0
BRB,2014,0.3810437,4,8,BHS,FALSE,25,Barbados,2013,FALSE,TTO,TRUE,FALSE,0,,,,,,0
BRB,2015,0.2185524,1,4,USA,FALSE,25,Barbados,2014,FALSE,BHS,TRUE,FALSE,0,,,,,,0
BRB,2016,0.1005163,1,7,USA,FALSE,25,Barbados,2015,FALSE,USA,TRUE,FALSE,0,,,,,,0
BRB,2017,0.061326800000000015,1,7,USA,FALSE,25,Barbados,2016,FALSE,USA,TRUE,FALSE,0,,,,,,0
BRB,2018,0.20871699999999999,1,7,USA,FALSE,25,Barbados,2017,FALSE,USA,TRUE,FALSE,0,,,,,,0
BRB,2019,0.09625420000000001,2,7,POL,FALSE,25,Barbados,2018,FALSE,USA,TRUE,FALSE,0,,,,,,0
BRB,2020,0.3471198000000001,1,7,USA,FALSE,25,Barbados,2019,FALSE,POL,TRUE,FALSE,0,,,,,,0
BRB,2021,0.028315900000000005,1,8,USA,FALSE,25,Barbados,2020,FALSE,USA,TRUE,FALSE,0,,,,,,0
BRB,2022,0.8751886,1,3,USA,FALSE,25,Barbados,2021,FALSE,USA,TRUE,FALSE,0,,,,,,0
BRB,2023,0.5675758000000001,,,,,25,Barbados,2022,FALSE,USA,TRUE,FALSE,0,,,,,,
BRN,1990,0.4023105,,,JPN,FALSE,26,Brunei,,,,FALSE,FALSE,0,,,,,,0
BRN,1991,0.6853357,7,,JPN,FALSE,26,Brunei,1990,FALSE,JPN,TRUE,FALSE,0,,,,,,0
BRN,1992,0.1329144,8,9,JPN,FALSE,26,Brunei,1991,FALSE,JPN,TRUE,FALSE,0,,,,,,0
BRN,1993,0.5423203000000001,8,,JPN,FALSE,26,Brunei,1992,FALSE,JPN,TRUE,FALSE,0,,,,,,0
BRN,1994,0.8419215,9,,JPN,FALSE,26,Brunei,1993,FALSE,JPN,TRUE,FALSE,0,,,,,,0
BRN,1995,0.6071412,6,37,JPN,FALSE,26,Brunei,1994,FALSE,JPN,TRUE,FALSE,0,,,,,,0
BRN,1996,0.5628787999999999,6,35,JPN,FALSE,26,Brunei,1995,FALSE,JPN,TRUE,FALSE,0,,,,,,0
BRN,1997,0.491283,8,44,JPN,FALSE,26,Brunei,1996,FALSE,JPN,TRUE,FALSE,0,,,,,,0
BRN,1998,0.4348019,4,36,JPN,FALSE,26,Brunei,1997,FALSE,JPN,TRUE,FALSE,0,,,,,,0
BRN,1999,0.1978723,2,,JPN,FALSE,26,Brunei,1998,FALSE,JPN,TRUE,FALSE,0,,,,,,0
BRN,2000,0.11175999999999997,4,7,JPN,FALSE,26,Brunei,1999,FALSE,JPN,TRUE,FALSE,0,,,,,,0
BRN,2001,0.3998796,3,7,JPN,FALSE,26,Brunei,2000,FALSE,JPN,TRUE,FALSE,0,,,,,,0
BRN,2002,0.2561744,5,6,JPN,FALSE,26,Brunei,2001,FALSE,JPN,TRUE,FALSE,0,,,,,,0
BRN,2003,0.26471179999999994,3,6,JPN,FALSE,26,Brunei,2002,FALSE,JPN,TRUE,FALSE,0,,,,,,0
BRN,2004,0.05218010000000006,4,8,JPN,FALSE,26,Brunei,2003,FALSE,JPN,TRUE,FALSE,0,,,,,,0
BRN,2005,0.23114409999999996,4,6,JPN,FALSE,26,Brunei,2004,FALSE,JPN,TRUE,FALSE,0,,,,,,0
BRN,2006,0.0790807,5,8,JPN,FALSE,26,Brunei,2005,FALSE,JPN,TRUE,FALSE,0,,,,,,0
BRN,2007,0.03219700000000003,5,6,JPN,FALSE,26,Brunei,2006,FALSE,JPN,TRUE,FALSE,0,,,,,,0
BRN,2008,0.05613579999999996,8,11,JPN,FALSE,26,Brunei,2007,FALSE,JPN,TRUE,FALSE,0,,,,,,0
BRN,2009,0.2874407,11,7,JPN,FALSE,26,Brunei,2008,FALSE,JPN,TRUE,FALSE,0,,,,,,0
BRN,2010,0.17695629999999996,13,4,JPN,FALSE,26,Brunei,2009,FALSE,JPN,TRUE,FALSE,0,,,,,,0
BRN,2011,0.1961832,15,6,JPN,FALSE,26,Brunei,2010,FALSE,JPN,TRUE,FALSE,0,,,,,,0
BRN,2012,0.017513200000000007,12,9,JPN,FALSE,26,Brunei,2011,FALSE,JPN,TRUE,FALSE,0,,,,,,0
BRN,2013,0.5080042,15,10,JPN,FALSE,26,Brunei,2012,FALSE,JPN,TRUE,FALSE,0,,,,,,0
BRN,2014,0.20719260000000006,17,13,JPN,FALSE,26,Brunei,2013,FALSE,JPN,TRUE,FALSE,0,,,,,,0
BRN,2015,0.7933857999999999,15,11,JPN,FALSE,26,Brunei,2014,FALSE,JPN,TRUE,FALSE,0,,,,,,0
BRN,2016,0.4404892,16,6,JPN,FALSE,26,Brunei,2015,FALSE,JPN,TRUE,FALSE,0,,,,,,0
BRN,2017,0.5670426,13,6,JPN,FALSE,26,Brunei,2016,FALSE,JPN,TRUE,FALSE,0,,,,,,0
BRN,2018,0.41095400000000004,10,9,JPN,FALSE,26,Brunei,2017,FALSE,JPN,TRUE,FALSE,0,,,,,,0
BRN,2019,0.41590360000000004,13,5,JPN,FALSE,26,Brunei,2018,FALSE,JPN,TRUE,FALSE,0,,,,,,0
BRN,2020,0.25351029999999997,13,2,JPN,FALSE,26,Brunei,2019,FALSE,JPN,TRUE,FALSE,0,,,,,,0
BRN,2021,0.5320528,17,2,JPN,FALSE,26,Brunei,2020,FALSE,JPN,TRUE,FALSE,0,,,,,,0
BRN,2022,0.3721616,13,3,AUS,FALSE,26,Brunei,2021,FALSE,JPN,TRUE,FALSE,0,,,,,,0
BRN,2023,0.04789469999999996,,,,,26,Brunei,2022,FALSE,AUS,TRUE,FALSE,0,,,,,,
BTN,1990,0.535044,4,,IND,FALSE,27,Bhutan,,,,FALSE,FALSE,0,,,,,,0
BTN,1991,0.48801069999999996,6,,IND,FALSE,27,Bhutan,1990,FALSE,IND,TRUE,FALSE,0,,,,,,0
BTN,1992,0.23398719999999995,6,,KOR,FALSE,27,Bhutan,1991,FALSE,IND,TRUE,FALSE,0,,,,,,0
BTN,1993,0.8128770000000001,8,24,IND,FALSE,27,Bhutan,1992,FALSE,KOR,TRUE,FALSE,0,,,,,,0
BTN,1994,0.9548023999999999,12,10,IND,FALSE,27,Bhutan,1993,FALSE,IND,TRUE,FALSE,0,,,,,,0
BTN,1995,0.9604020000000001,7,22,IND,FALSE,27,Bhutan,1994,FALSE,IND,TRUE,FALSE,0,,,,,,0
BTN,1996,0.8869187999999999,7,18,IND,FALSE,27,Bhutan,1995,FALSE,IND,TRUE,FALSE,0,,,,,,0
BTN,1997,0.5060648000000001,2,,IND,FALSE,27,Bhutan,1996,FALSE,IND,TRUE,FALSE,0,,,,,,0
BTN,1998,0.2745315,3,,IND,FALSE,27,Bhutan,1997,FALSE,IND,TRUE,FALSE,0,,,,,,0
BTN,1999,0.06623129999999999,5,20,IND,FALSE,27,Bhutan,1998,FALSE,IND,TRUE,FALSE,0,,,,,,0
BTN,2000,0.1846279999999999,4,,IND,FALSE,27,Bhutan,1999,FALSE,IND,TRUE,FALSE,0,,,,,,0
BTN,2001,0.06963279999999994,3,24,IND,FALSE,27,Bhutan,2000,FALSE,IND,TRUE,FALSE,0,,,,,,0
BTN,2002,0.035854300000000006,4,20,IND,FALSE,27,Bhutan,2001,FALSE,IND,TRUE,FALSE,0,,,,,,0
BTN,2003,0.7342983000000001,4,32,IND,FALSE,27,Bhutan,2002,FALSE,IND,TRUE,FALSE,0,,,,,,0
BTN,2004,0.26689110000000005,13,9,IND,FALSE,27,Bhutan,2003,FALSE,IND,TRUE,FALSE,0,,,,,,0
BTN,2005,0.24856080000000003,9,44,IND,FALSE,27,Bhutan,2004,FALSE,IND,TRUE,FALSE,0,,,,,,0
BTN,2006,0.33358469999999996,7,51,IND,FALSE,27,Bhutan,2005,FALSE,IND,TRUE,FALSE,0,,,,,,0
BTN,2007,0.26894330000000005,8,31,IND,FALSE,27,Bhutan,2006,FALSE,IND,TRUE,FALSE,0,,,,,,0
BTN,2008,0.2136076,8,14,IND,FALSE,27,Bhutan,2007,FALSE,IND,TRUE,FALSE,0,,,,,,0
BTN,2009,0.09232949999999995,8,23,IND,FALSE,27,Bhutan,2008,FALSE,IND,TRUE,FALSE,0,,,,,,0
BTN,2010,0.4170092000000001,8,30,IND,FALSE,27,Bhutan,2009,FALSE,IND,TRUE,FALSE,0,,,,,,0
BTN,2011,0.17668830000000002,9,12,IND,FALSE,27,Bhutan,2010,FALSE,IND,TRUE,FALSE,0,,,,,,0
BTN,2012,0.3326703,9,29,IND,FALSE,27,Bhutan,2011,FALSE,IND,TRUE,FALSE,0,,,,,,0
BTN,2013,0.12671880000000002,8,33,IND,FALSE,27,Bhutan,2012,FALSE,IND,TRUE,FALSE,0,,,,,,0
BTN,2014,0.2605417,14,19,IND,FALSE,27,Bhutan,2013,FALSE,IND,TRUE,FALSE,0,,,,,,0
BTN,2015,0.1919161,6,11,IND,FALSE,27,Bhutan,2014,FALSE,IND,TRUE,FALSE,0,,,,,,0
BTN,2016,0.05451859999999997,3,15,IND,FALSE,27,Bhutan,2015,FALSE,IND,TRUE,FALSE,0,,,,,,0
BTN,2017,0.27921730000000006,9,18,IND,FALSE,27,Bhutan,2016,FALSE,IND,TRUE,FALSE,0,,,,,,0
BTN,2018,0.0056635000000000435,13,44,IND,FALSE,27,Bhutan,2017,FALSE,IND,TRUE,FALSE,0,,,,,,0
BTN,2019,0.18282049999999994,12,26,IND,FALSE,27,Bhutan,2018,FALSE,IND,TRUE,FALSE,0,,,,,,0
BTN,2020,0.08864100000000003,9,22,IND,FALSE,27,Bhutan,2019,FALSE,IND,TRUE,FALSE,0,,,,,,0
BTN,2021,0.058904100000000015,9,37,IND,FALSE,27,Bhutan,2020,FALSE,IND,TRUE,FALSE,0,,,,,,0
BTN,2022,0.7500732999999999,14,6,IND,FALSE,27,Bhutan,2021,FALSE,IND,TRUE,FALSE,0,,,,,,0
BTN,2023,0.41697750000000006,,,,,27,Bhutan,2022,FALSE,IND,TRUE,FALSE,0,,,,,,
BWA,1990,0.08699497,4,,ZAF,FALSE,28,Botswana,,,,FALSE,FALSE,0,,,,,,0
BWA,1991,0.1270614,5,,ZAF,FALSE,28,Botswana,1990,FALSE,ZAF,TRUE,FALSE,0,,,,,,0
BWA,1992,0.3013696,3,,ZAF,FALSE,28,Botswana,1991,FALSE,ZAF,TRUE,FALSE,0,,,,,,0
BWA,1993,1.2430681000000001,3,,ZAF,FALSE,28,Botswana,1992,FALSE,ZAF,TRUE,FALSE,0,,,,,,0
BWA,1994,1.2672593,6,8,ZAF,FALSE,28,Botswana,1993,FALSE,ZAF,TRUE,FALSE,0,,,,,,0
BWA,1995,1.2345054000000002,10,4,ZAF,FALSE,28,Botswana,1994,FALSE,ZAF,TRUE,FALSE,0,,,,,,0
BWA,1996,0.9099066999999998,7,,ZAF,FALSE,28,Botswana,1995,FALSE,ZAF,TRUE,FALSE,0,,,,,,0
BWA,1997,0.6733994000000001,6,2,ZWE,FALSE,28,Botswana,1996,FALSE,ZAF,TRUE,FALSE,0,,,,,,0
BWA,1998,0.12387940000000003,7,,ZWE,FALSE,28,Botswana,1997,FALSE,ZWE,TRUE,FALSE,0,,,,,,0
BWA,1999,0.11580979999999996,7,,ZAF,FALSE,28,Botswana,1998,FALSE,ZWE,TRUE,FALSE,0,,,,,,0
BWA,2000,0.1618332,8,58,GBR,FALSE,28,Botswana,1999,FALSE,ZAF,TRUE,FALSE,0,,,,,,0
BWA,2001,0.09494970000000003,5,,GBR,FALSE,28,Botswana,2000,FALSE,GBR,TRUE,FALSE,0,,,,,,0
BWA,2002,0.02615999999999996,5,76,GBR,FALSE,28,Botswana,2001,FALSE,GBR,TRUE,FALSE,0,,,,,,0
BWA,2003,0.4897558,9,20,GBR,FALSE,28,Botswana,2002,FALSE,GBR,TRUE,FALSE,0,,,,,,0
BWA,2004,0.3477466,6,20,GBR,FALSE,28,Botswana,2003,FALSE,GBR,TRUE,FALSE,0,,,,,,0
BWA,2005,0.23611530000000003,4,19,GBR,FALSE,28,Botswana,2004,FALSE,GBR,TRUE,FALSE,0,,,,,,0
BWA,2006,0.4125108,4,13,GBR,FALSE,28,Botswana,2005,FALSE,GBR,TRUE,FALSE,0,,,,,,0
BWA,2007,0.18608700000000006,4,10,GBR,FALSE,28,Botswana,2006,FALSE,GBR,TRUE,FALSE,0,,,,,,0
BWA,2008,0.4876562,4,5,ZAF,FALSE,28,Botswana,2007,FALSE,GBR,TRUE,FALSE,0,,,,,,0
BWA,2009,0.3679901,5,9,NGA,FALSE,28,Botswana,2008,FALSE,ZAF,TRUE,FALSE,0,,,,,,0
BWA,2010,0.47074940000000004,7,10,GBR,FALSE,28,Botswana,2009,FALSE,NGA,TRUE,FALSE,0,,,,,,0
BWA,2011,0.44495979999999996,5,8,GBR,FALSE,28,Botswana,2010,FALSE,GBR,TRUE,FALSE,0,,,,,,0
BWA,2012,0.40139389999999997,6,8,GBR,FALSE,28,Botswana,2011,FALSE,GBR,TRUE,FALSE,0,,,,,,0
BWA,2013,0.08801289999999995,6,7,GBR,FALSE,28,Botswana,2012,FALSE,GBR,TRUE,FALSE,0,,,,,,0
BWA,2014,0.3632482,7,10,BEL,FALSE,28,Botswana,2013,FALSE,GBR,TRUE,FALSE,0,,,,,,0
BWA,2015,0.25845969999999996,8,12,BEL,FALSE,28,Botswana,2014,FALSE,BEL,TRUE,FALSE,0,,,,,,0
BWA,2016,0.027770300000000026,6,14,BEL,FALSE,28,Botswana,2015,FALSE,BEL,TRUE,FALSE,0,,,,,,0
BWA,2017,0.04290080000000002,4,13,IND,FALSE,28,Botswana,2016,FALSE,BEL,TRUE,FALSE,0,,,,,,0
BWA,2018,0.18898390000000004,5,19,BEL,FALSE,28,Botswana,2017,FALSE,IND,TRUE,FALSE,0,,,,,,0
BWA,2019,0.01204630000000001,7,18,ARE,FALSE,28,Botswana,2018,FALSE,BEL,TRUE,FALSE,0,,,,,,0
BWA,2020,0.30290210000000006,7,9,BEL,FALSE,28,Botswana,2019,FALSE,ARE,TRUE,FALSE,0,,,,,,0
BWA,2021,0.03077070000000004,8,9,ARE,FALSE,28,Botswana,2020,FALSE,BEL,TRUE,FALSE,0,,,,,,0
BWA,2022,0.8180160000000001,7,8,ARE,FALSE,28,Botswana,2021,FALSE,ARE,TRUE,FALSE,0,,,,,,0
BWA,2023,0.4559327,,,,,28,Botswana,2022,FALSE,ARE,TRUE,FALSE,0,,,,,,
CAF,1990,0.140421041,9,,ESP,FALSE,29,Central African Republic,,,,FALSE,FALSE,0,,,,,,0
CAF,1991,0.22128596,11,10,TWN,FALSE,29,Central African Republic,1990,FALSE,ESP,TRUE,FALSE,0,,,,,,0
CAF,1992,0.4571372,8,29,ESP,FALSE,29,Central African Republic,1991,FALSE,TWN,TRUE,FALSE,0,,,,,,0
CAF,1993,1.44012409,9,32,BLX,FALSE,29,Central African Republic,1992,FALSE,ESP,TRUE,FALSE,0,,,,,,0
CAF,1994,1.65601165,39,33,BLX,FALSE,29,Central African Republic,1993,FALSE,BLX,TRUE,FALSE,0,,,,,,0
CAF,1998,0.14462349999999996,10,48,BLX,FALSE,29,Central African Republic,1994,FALSE,BLX,TRUE,FALSE,0,,,,,,0
CAF,2003,0.4630512,12,8,BEL,FALSE,29,Central African Republic,1998,FALSE,BLX,TRUE,FALSE,0,,,,,,0
CAF,2004,0.36938010000000004,6,8,BEL,FALSE,29,Central African Republic,2003,FALSE,BEL,TRUE,FALSE,0,,,,,,0
CAF,2005,0.49793570000000004,10,7,BEL,FALSE,29,Central African Republic,2004,FALSE,BEL,TRUE,FALSE,0,,,,,,0
CAF,2006,0.4720626,12,6,BEL,FALSE,29,Central African Republic,2005,FALSE,BEL,TRUE,FALSE,0,,,,,,0
CAF,2007,0.04797400000000007,14,10,BEL,FALSE,29,Central African Republic,2006,FALSE,BEL,TRUE,FALSE,0,,,,,,0
CAF,2008,0.10844750000000003,10,2,BEL,FALSE,29,Central African Republic,2007,FALSE,BEL,TRUE,FALSE,0,,,,,,0
CAF,2009,0.049100299999999986,8,2,BEL,FALSE,29,Central African Republic,2008,FALSE,BEL,TRUE,FALSE,0,,,,,,0
CAF,2010,0.26942900000000003,8,2,BEL,FALSE,29,Central African Republic,2009,FALSE,BEL,TRUE,FALSE,0,,,,,,0
CAF,2011,0.581128,8,2,BEL,FALSE,29,Central African Republic,2010,FALSE,BEL,TRUE,FALSE,0,,,,,,0
CAF,2012,0.3523708,7,2,BEL,FALSE,29,Central African Republic,2011,FALSE,BEL,TRUE,FALSE,0,,,,,,0
CAF,2013,0.1055467,10,1,CHN,TRUE,29,Central African Republic,2012,FALSE,BEL,TRUE,TRUE,1,2013,2012,FALSE,BEL,TRUE,1
CAF,2014,0.86615008,9,1,CHN,TRUE,29,Central African Republic,2013,TRUE,CHN,TRUE,FALSE,1,2013,2012,FALSE,BEL,TRUE,1
CAF,2015,0.041727299999999995,14,2,FRA,FALSE,29,Central African Republic,2014,TRUE,CHN,TRUE,FALSE,1,2013,2012,FALSE,BEL,TRUE,0
CAF,2016,0.1912873,20,2,BLR,FALSE,29,Central African Republic,2015,FALSE,FRA,TRUE,FALSE,1,2013,2012,FALSE,BEL,TRUE,0
CAF,2017,0.27973044999999996,15,3,FRA,FALSE,29,Central African Republic,2016,FALSE,BLR,TRUE,FALSE,1,2013,2012,FALSE,BEL,TRUE,0
CAF,2018,0.373486,9,1,CHN,TRUE,29,Central African Republic,2017,FALSE,FRA,TRUE,TRUE,2,2018,2017,FALSE,FRA,TRUE,1
CAF,2019,0.375126607,5,2,SEN,FALSE,29,Central African Republic,2018,TRUE,CHN,TRUE,FALSE,2,2018,2017,FALSE,FRA,TRUE,0
CAF,2020,0.5281426800000001,18,1,CHN,TRUE,29,Central African Republic,2019,FALSE,SEN,TRUE,TRUE,3,2020,2019,FALSE,SEN,TRUE,1
CAF,2021,0.288386,23,2,ARE,FALSE,29,Central African Republic,2020,TRUE,CHN,TRUE,FALSE,3,2020,2019,FALSE,SEN,TRUE,0
CAF,2022,0.5262918,19,3,ARE,FALSE,29,Central African Republic,2021,FALSE,ARE,TRUE,FALSE,3,2020,2019,FALSE,SEN,TRUE,0
CAF,2023,0.45669470000000006,,,,,29,Central African Republic,2022,FALSE,ARE,TRUE,FALSE,3,2020,2019,FALSE,SEN,TRUE,
CAN,1990,1.6676380000000002,1,5,USA,FALSE,30,Canada,,,,FALSE,FALSE,0,,,,,,0
CAN,1991,1.7779851,1,6,USA,FALSE,30,Canada,1990,FALSE,USA,TRUE,FALSE,0,,,,,,0
CAN,1992,2.1997304,1,5,USA,FALSE,30,Canada,1991,FALSE,USA,TRUE,FALSE,0,,,,,,0
CAN,1993,2.799485,1,6,USA,FALSE,30,Canada,1992,FALSE,USA,TRUE,FALSE,0,,,,,,0
CAN,1994,3.093105,1,6,USA,FALSE,30,Canada,1993,FALSE,USA,TRUE,FALSE,0,,,,,,0
CAN,1995,2.835477,1,5,USA,FALSE,30,Canada,1994,FALSE,USA,TRUE,FALSE,0,,,,,,0
CAN,1996,2.688587,1,6,USA,FALSE,30,Canada,1995,FALSE,USA,TRUE,FALSE,0,,,,,,0
CAN,1997,2.3998470000000003,1,7,USA,FALSE,30,Canada,1996,FALSE,USA,TRUE,FALSE,0,,,,,,0
CAN,1998,1.6735621,1,6,USA,FALSE,30,Canada,1997,FALSE,USA,TRUE,FALSE,0,,,,,,0
CAN,1999,1.8685863999999999,1,6,USA,FALSE,30,Canada,1998,FALSE,USA,TRUE,FALSE,0,,,,,,0
CAN,2000,1.8736246,1,5,USA,FALSE,30,Canada,1999,FALSE,USA,TRUE,FALSE,0,,,,,,0
CAN,2001,1.8017322999999998,1,5,USA,FALSE,30,Canada,2000,FALSE,USA,TRUE,FALSE,0,,,,,,0
CAN,2002,1.7127736,1,5,USA,FALSE,30,Canada,2001,FALSE,USA,TRUE,FALSE,0,,,,,,0
CAN,2003,2.1179062,1,4,USA,FALSE,30,Canada,2002,FALSE,USA,TRUE,FALSE,0,,,,,,0
CAN,2004,2.177963,1,3,USA,FALSE,30,Canada,2003,FALSE,USA,TRUE,FALSE,0,,,,,,0
CAN,2005,2.0366214,1,3,USA,FALSE,30,Canada,2004,FALSE,USA,TRUE,FALSE,0,,,,,,0
CAN,2006,2.2966521,1,3,USA,FALSE,30,Canada,2005,FALSE,USA,TRUE,FALSE,0,,,,,,0
CAN,2007,2.22354,1,2,USA,FALSE,30,Canada,2006,FALSE,USA,TRUE,FALSE,0,,,,,,0
CAN,2008,2.2891161,1,3,USA,FALSE,30,Canada,2007,FALSE,USA,TRUE,FALSE,0,,,,,,0
CAN,2009,2.2379733,1,2,USA,FALSE,30,Canada,2008,FALSE,USA,TRUE,FALSE,0,,,,,,0
CAN,2010,2.4089707000000002,1,2,USA,FALSE,30,Canada,2009,FALSE,USA,TRUE,FALSE,0,,,,,,0
CAN,2011,2.646794,1,2,USA,FALSE,30,Canada,2010,FALSE,USA,TRUE,FALSE,0,,,,,,0
CAN,2012,2.7979697,1,2,USA,FALSE,30,Canada,2011,FALSE,USA,TRUE,FALSE,0,,,,,,0
CAN,2013,2.4263988000000003,1,2,USA,FALSE,30,Canada,2012,FALSE,USA,TRUE,FALSE,0,,,,,,0
CAN,2014,2.7431314,1,2,USA,FALSE,30,Canada,2013,FALSE,USA,TRUE,FALSE,0,,,,,,0
CAN,2015,2.0116092,1,2,USA,FALSE,30,Canada,2014,FALSE,USA,TRUE,FALSE,0,,,,,,0
CAN,2016,2.0177639000000003,1,2,USA,FALSE,30,Canada,2015,FALSE,USA,TRUE,FALSE,0,,,,,,0
CAN,2017,1.8258512,1,2,USA,FALSE,30,Canada,2016,FALSE,USA,TRUE,FALSE,0,,,,,,0
CAN,2018,1.8852076,1,2,USA,FALSE,30,Canada,2017,FALSE,USA,TRUE,FALSE,0,,,,,,0
CAN,2019,1.7374134,1,2,USA,FALSE,30,Canada,2018,FALSE,USA,TRUE,FALSE,0,,,,,,0
CAN,2020,1.9244004000000001,1,2,USA,FALSE,30,Canada,2019,FALSE,USA,TRUE,FALSE,0,,,,,,0
CAN,2021,1.5891851,1,2,USA,FALSE,30,Canada,2020,FALSE,USA,TRUE,FALSE,0,,,,,,0
CAN,2022,2.6194420000000003,1,2,USA,FALSE,30,Canada,2021,FALSE,USA,TRUE,FALSE,0,,,,,,0
CAN,2023,2.2383527,,,,,30,Canada,2022,FALSE,USA,TRUE,FALSE,0,,,,,,
CHE,2002,1.5703696,3,16,DEU,FALSE,31,Switzerland,,,,FALSE,FALSE,0,,,,,,0
CHE,2003,1.9950142,3,13,DEU,FALSE,31,Switzerland,2002,FALSE,DEU,TRUE,FALSE,0,,,,,,0
CHE,2004,1.7106135,3,12,DEU,FALSE,31,Switzerland,2003,FALSE,DEU,TRUE,FALSE,0,,,,,,0
CHE,2005,1.7048146000000002,2,12,DEU,FALSE,31,Switzerland,2004,FALSE,DEU,TRUE,FALSE,0,,,,,,0
CHE,2006,1.6605697,2,11,DEU,FALSE,31,Switzerland,2005,FALSE,DEU,TRUE,FALSE,0,,,,,,0
CHE,2007,1.3973182,4,9,DEU,FALSE,31,Switzerland,2006,FALSE,DEU,TRUE,FALSE,0,,,,,,0
CHE,2008,1.3660619999999999,2,8,DEU,FALSE,31,Switzerland,2007,FALSE,DEU,TRUE,FALSE,0,,,,,,0
CHE,2009,1.4344854,3,8,DEU,FALSE,31,Switzerland,2008,FALSE,DEU,TRUE,FALSE,0,,,,,,0
CHE,2010,1.6034039,3,8,DEU,FALSE,31,Switzerland,2009,FALSE,DEU,TRUE,FALSE,0,,,,,,0
CHE,2011,1.4311102999999998,3,7,DEU,FALSE,31,Switzerland,2010,FALSE,DEU,TRUE,FALSE,0,,,,,,0
CHE,2012,1.5538984999999998,3,8,DEU,FALSE,31,Switzerland,2011,FALSE,DEU,TRUE,FALSE,0,,,,,,0
CHE,2013,1.1801230999999999,3,8,HKG,FALSE,31,Switzerland,2012,FALSE,DEU,TRUE,FALSE,0,,,,,,0
CHE,2014,1.649352,2,7,DEU,FALSE,31,Switzerland,2013,FALSE,HKG,TRUE,FALSE,0,,,,,,0
CHE,2015,0.8989251,3,2,DEU,FALSE,31,Switzerland,2014,FALSE,DEU,TRUE,FALSE,0,,,,,,0
CHE,2016,1.1234446,3,2,DEU,FALSE,31,Switzerland,2015,FALSE,DEU,TRUE,FALSE,0,,,,,,0
CHE,2017,1.0330655,3,2,DEU,FALSE,31,Switzerland,2016,FALSE,DEU,TRUE,FALSE,0,,,,,,0
CHE,2018,1.1846838000000002,3,2,DEU,FALSE,31,Switzerland,2017,FALSE,DEU,TRUE,FALSE,0,,,,,,0
CHE,2019,1.1571031999999999,2,3,DEU,FALSE,31,Switzerland,2018,FALSE,DEU,TRUE,FALSE,0,,,,,,0
CHE,2020,1.3432341,1,3,USA,FALSE,31,Switzerland,2019,FALSE,DEU,TRUE,FALSE,0,,,,,,0
CHE,2021,1.0351022,2,3,DEU,FALSE,31,Switzerland,2020,FALSE,USA,TRUE,FALSE,0,,,,,,0
CHE,2022,1.8987545,2,3,DEU,FALSE,31,Switzerland,2021,FALSE,DEU,TRUE,FALSE,0,,,,,,0
CHE,2023,1.5339082,,,,,31,Switzerland,2022,FALSE,DEU,TRUE,FALSE,0,,,,,,
CHL,1990,0.1155329,2,33,JPN,FALSE,32,Chile,,,,FALSE,FALSE,0,,,,,,0
CHL,1991,0.010153599999999985,2,19,JPN,FALSE,32,Chile,1990,FALSE,JPN,TRUE,FALSE,0,,,,,,0
CHL,1992,0.5745081,2,11,JPN,FALSE,32,Chile,1991,FALSE,JPN,TRUE,FALSE,0,,,,,,0
CHL,1993,1.3236101,2,12,JPN,FALSE,32,Chile,1992,FALSE,JPN,TRUE,FALSE,0,,,,,,0
CHL,1994,1.6838270599,2,17,JPN,FALSE,32,Chile,1993,FALSE,JPN,TRUE,FALSE,0,,,,,,0
CHL,1995,1.4387163,2,16,JPN,FALSE,32,Chile,1994,FALSE,JPN,TRUE,FALSE,0,,,,,,0
CHL,1996,1.311307096,2,12,JPN,FALSE,32,Chile,1995,FALSE,JPN,TRUE,FALSE,0,,,,,,0
CHL,1997,1.178168634,2,11,JPN,FALSE,32,Chile,1996,FALSE,JPN,TRUE,FALSE,0,,,,,,0
CHL,1998,0.2842087,1,12,USA,FALSE,32,Chile,1997,FALSE,JPN,TRUE,FALSE,0,,,,,,0
CHL,1999,0.60889295,1,7,USA,FALSE,32,Chile,1998,FALSE,USA,TRUE,FALSE,0,,,,,,0
CHL,2000,0.71022496,1,3,USA,FALSE,32,Chile,1999,FALSE,USA,TRUE,FALSE,0,,,,,,0
CHL,2001,0.7222355,1,3,USA,FALSE,32,Chile,2000,FALSE,USA,TRUE,FALSE,0,,,,,,0
CHL,2002,0.43262186999999996,1,3,USA,FALSE,32,Chile,2001,FALSE,USA,TRUE,FALSE,0,,,,,,0
CHL,2003,0.91516335,1,3,USA,FALSE,32,Chile,2002,FALSE,USA,TRUE,FALSE,0,,,,,,0
CHL,2004,0.9442829,1,3,USA,FALSE,32,Chile,2003,FALSE,USA,TRUE,FALSE,0,,,,,,0
CHL,2005,0.6834531300000001,1,3,USA,FALSE,32,Chile,2004,FALSE,USA,TRUE,FALSE,0,,,,,,0
CHL,2006,0.841468356,1,3,USA,FALSE,32,Chile,2005,FALSE,USA,TRUE,FALSE,0,,,,,,0
CHL,2007,0.62655028,2,1,CHN,TRUE,32,Chile,2006,FALSE,USA,TRUE,TRUE,1,2007,2006,FALSE,USA,TRUE,1
CHL,2008,0.654315685,2,1,CHN,TRUE,32,Chile,2007,TRUE,CHN,TRUE,FALSE,1,2007,2006,FALSE,USA,TRUE,1
CHL,2009,0.53830287,2,1,CHN,TRUE,32,Chile,2008,TRUE,CHN,TRUE,FALSE,1,2007,2006,FALSE,USA,TRUE,1
CHL,2010,0.7074399,2,1,CHN,TRUE,32,Chile,2009,TRUE,CHN,TRUE,FALSE,1,2007,2006,FALSE,USA,TRUE,1
CHL,2011,0.6487881,3,1,CHN,TRUE,32,Chile,2010,TRUE,CHN,TRUE,FALSE,1,2007,2006,FALSE,USA,TRUE,1
CHL,2012,0.5912183,2,1,CHN,TRUE,32,Chile,2011,TRUE,CHN,TRUE,FALSE,1,2007,2006,FALSE,USA,TRUE,1
CHL,2013,0.3105272,2,1,CHN,TRUE,32,Chile,2012,TRUE,CHN,TRUE,FALSE,1,2007,2006,FALSE,USA,TRUE,1
CHL,2014,0.5359572,2,1,CHN,TRUE,32,Chile,2013,TRUE,CHN,TRUE,FALSE,1,2007,2006,FALSE,USA,TRUE,1
CHL,2015,0.09565799999999999,2,1,CHN,TRUE,32,Chile,2014,TRUE,CHN,TRUE,FALSE,1,2007,2006,FALSE,USA,TRUE,1
CHL,2016,0.1979461,2,1,CHN,TRUE,32,Chile,2015,TRUE,CHN,TRUE,FALSE,1,2007,2006,FALSE,USA,TRUE,1
CHL,2017,0.0176848,2,1,CHN,TRUE,32,Chile,2016,TRUE,CHN,TRUE,FALSE,1,2007,2006,FALSE,USA,TRUE,1
CHL,2018,0.3878804,2,1,CHN,TRUE,32,Chile,2017,TRUE,CHN,TRUE,FALSE,1,2007,2006,FALSE,USA,TRUE,1
CHL,2019,0.1387293,2,1,CHN,TRUE,32,Chile,2018,TRUE,CHN,TRUE,FALSE,1,2007,2006,FALSE,USA,TRUE,1
CHL,2020,0.42576890000000006,2,1,CHN,TRUE,32,Chile,2019,TRUE,CHN,TRUE,FALSE,1,2007,2006,FALSE,USA,TRUE,1
CHL,2021,0.12370109999999998,2,1,CHN,TRUE,32,Chile,2020,TRUE,CHN,TRUE,FALSE,1,2007,2006,FALSE,USA,TRUE,1
CHL,2022,1.12083806,2,1,CHN,TRUE,32,Chile,2021,TRUE,CHN,TRUE,FALSE,1,2007,2006,FALSE,USA,TRUE,1
CHL,2023,0.81753593,,,,,32,Chile,2022,TRUE,CHN,TRUE,FALSE,1,2007,2006,FALSE,USA,TRUE,
CIV,1990,0.2306065,4,23,NLD,FALSE,33,Côte d’Ivoire,,,,FALSE,FALSE,0,,,,,,0
CIV,1991,0.6443865,4,38,FRA,FALSE,33,Côte d’Ivoire,1990,FALSE,NLD,TRUE,FALSE,0,,,,,,0
CIV,1992,0.71676577,4,37,NLD,FALSE,33,Côte d’Ivoire,1991,FALSE,FRA,TRUE,FALSE,0,,,,,,0
CIV,1993,1.1304423000000001,4,32,FRA,FALSE,33,Côte d’Ivoire,1992,FALSE,NLD,TRUE,FALSE,0,,,,,,0
CIV,1994,1.6962476,5,38,FRA,FALSE,33,Côte d’Ivoire,1993,FALSE,FRA,TRUE,FALSE,0,,,,,,0
CIV,1995,1.3544820000000002,5,43,FRA,FALSE,33,Côte d’Ivoire,1994,FALSE,FRA,TRUE,FALSE,0,,,,,,0
CIV,1996,0.8842376999999999,2,31,FRA,FALSE,33,Côte d’Ivoire,1995,FALSE,FRA,TRUE,FALSE,0,,,,,,0
CIV,1997,0.46953920000000005,3,25,FRA,FALSE,33,Côte d’Ivoire,1996,FALSE,FRA,TRUE,FALSE,0,,,,,,0
CIV,1998,0.27649660000000004,2,35,FRA,FALSE,33,Côte d’Ivoire,1997,FALSE,FRA,TRUE,FALSE,0,,,,,,0
CIV,1999,0.10008649999999997,3,51,FRA,FALSE,33,Côte d’Ivoire,1998,FALSE,FRA,TRUE,FALSE,0,,,,,,0
CIV,2000,0.19319070000000005,3,50,FRA,FALSE,33,Côte d’Ivoire,1999,FALSE,FRA,TRUE,FALSE,0,,,,,,0
CIV,2001,0.16931620000000003,3,51,FRA,FALSE,33,Côte d’Ivoire,2000,FALSE,FRA,TRUE,FALSE,0,,,,,,0
CIV,2002,0.0740419,4,44,FRA,FALSE,33,Côte d’Ivoire,2001,FALSE,FRA,TRUE,FALSE,0,,,,,,0
CIV,2003,0.19124830000000004,3,27,NLD,FALSE,33,Côte d’Ivoire,2002,FALSE,FRA,TRUE,FALSE,0,,,,,,0
CIV,2004,0.5883864000000001,1,16,USA,FALSE,33,Côte d’Ivoire,2003,FALSE,NLD,TRUE,FALSE,0,,,,,,0
CIV,2005,0.36898250000000005,1,19,USA,FALSE,33,Côte d’Ivoire,2004,FALSE,USA,TRUE,FALSE,0,,,,,,0
CIV,2006,0.6551412,2,17,FRA,FALSE,33,Côte d’Ivoire,2005,FALSE,USA,TRUE,FALSE,0,,,,,,0
CIV,2007,0.60585968,4,33,FRA,FALSE,33,Côte d’Ivoire,2006,FALSE,FRA,TRUE,FALSE,0,,,,,,0
CIV,2008,0.4930683,2,26,DEU,FALSE,33,Côte d’Ivoire,2007,FALSE,FRA,TRUE,FALSE,0,,,,,,0
CIV,2009,0.53142952,4,29,NLD,FALSE,33,Côte d’Ivoire,2008,FALSE,DEU,TRUE,FALSE,0,,,,,,0
CIV,2010,0.9601257000000001,1,22,USA,FALSE,33,Côte d’Ivoire,2009,FALSE,NLD,TRUE,FALSE,0,,,,,,0
CIV,2011,0.6510129,1,19,USA,FALSE,33,Côte d’Ivoire,2010,FALSE,USA,TRUE,FALSE,0,,,,,,0
CIV,2012,0.4417791,1,22,USA,FALSE,33,Côte d’Ivoire,2011,FALSE,USA,TRUE,FALSE,0,,,,,,0
CIV,2013,0.22270419999999996,3,18,GHA,FALSE,33,Côte d’Ivoire,2012,FALSE,USA,TRUE,FALSE,0,,,,,,0
CIV,2014,0.77737433,1,20,USA,FALSE,33,Côte d’Ivoire,2013,FALSE,GHA,TRUE,FALSE,0,,,,,,0
CIV,2015,0.08036459999999998,1,23,USA,FALSE,33,Côte d’Ivoire,2014,FALSE,USA,TRUE,FALSE,0,,,,,,0
CIV,2016,0.2659994,2,24,NLD,FALSE,33,Côte d’Ivoire,2015,FALSE,USA,TRUE,FALSE,0,,,,,,0
CIV,2017,0.05124610000000002,2,20,NLD,FALSE,33,Côte d’Ivoire,2016,FALSE,NLD,TRUE,FALSE,0,,,,,,0
CIV,2018,0.45689839,2,16,NLD,FALSE,33,Côte d’Ivoire,2017,FALSE,NLD,TRUE,FALSE,0,,,,,,0
CIV,2019,0.1906828,2,12,NLD,FALSE,33,Côte d’Ivoire,2018,FALSE,NLD,TRUE,FALSE,0,,,,,,0
CIV,2020,0.3796469,2,9,NLD,FALSE,33,Côte d’Ivoire,2019,FALSE,NLD,TRUE,FALSE,0,,,,,,0
CIV,2021,0.1524507,2,9,NLD,FALSE,33,Côte d’Ivoire,2020,FALSE,NLD,TRUE,FALSE,0,,,,,,0
CIV,2022,1.03743321,4,7,MLI,FALSE,33,Côte d’Ivoire,2021,FALSE,NLD,TRUE,FALSE,0,,,,,,0
CIV,2023,0.7118996400000001,,,,,33,Côte d’Ivoire,2022,FALSE,MLI,TRUE,FALSE,0,,,,,,
CMR,1990,0.027619900000000003,11,5,ESP,FALSE,34,Cameroon,,,,FALSE,FALSE,0,,,,,,0
CMR,1991,0.027937099999999992,4,10,DEU,FALSE,34,Cameroon,1990,FALSE,ESP,TRUE,FALSE,0,,,,,,0
CMR,1992,0.41687,5,8,ESP,FALSE,34,Cameroon,1991,FALSE,DEU,TRUE,FALSE,0,,,,,,0
CMR,1993,0.8989515000000001,5,57,ESP,FALSE,34,Cameroon,1992,FALSE,ESP,TRUE,FALSE,0,,,,,,0
CMR,1994,1.3139417999999998,10,18,FRA,FALSE,34,Cameroon,1993,FALSE,ESP,TRUE,FALSE,0,,,,,,0
CMR,1995,1.1632846000000001,10,11,FRA,FALSE,34,Cameroon,1994,FALSE,FRA,TRUE,FALSE,0,,,,,,0
CMR,1996,0.7870712999999999,8,12,ITA,FALSE,34,Cameroon,1995,FALSE,FRA,TRUE,FALSE,0,,,,,,0
CMR,1997,0.6571227000000001,12,6,ITA,FALSE,34,Cameroon,1996,FALSE,ITA,TRUE,FALSE,0,,,,,,0
CMR,1998,0.06167719999999999,11,10,ITA,FALSE,34,Cameroon,1997,FALSE,ITA,TRUE,FALSE,0,,,,,,0
CMR,1999,0.09393750000000001,10,6,ITA,FALSE,34,Cameroon,1998,FALSE,ITA,TRUE,FALSE,0,,,,,,0
CMR,2000,0.051236599999999966,4,7,ITA,FALSE,34,Cameroon,1999,FALSE,ITA,TRUE,FALSE,0,,,,,,0
CMR,2001,0.03302830000000001,7,4,ITA,FALSE,34,Cameroon,2000,FALSE,ITA,TRUE,FALSE,0,,,,,,0
CMR,2002,0.11798999999999998,5,6,ITA,FALSE,34,Cameroon,2001,FALSE,ITA,TRUE,FALSE,0,,,,,,0
CMR,2003,0.85255081,5,7,ESP,FALSE,34,Cameroon,2002,FALSE,ITA,TRUE,FALSE,0,,,,,,0
CMR,2004,0.91278328,4,8,ESP,FALSE,34,Cameroon,2003,FALSE,ESP,TRUE,FALSE,0,,,,,,0
CMR,2005,0.7031723280000001,8,10,ESP,FALSE,34,Cameroon,2004,FALSE,ESP,TRUE,FALSE,0,,,,,,0
CMR,2006,0.856123603,6,8,ESP,FALSE,34,Cameroon,2005,FALSE,ESP,TRUE,FALSE,0,,,,,,0
CMR,2007,0.6902891900000001,5,8,ESP,FALSE,34,Cameroon,2006,FALSE,ESP,TRUE,FALSE,0,,,,,,0
CMR,2008,0.7829975,3,5,ESP,FALSE,34,Cameroon,2007,FALSE,ESP,TRUE,FALSE,0,,,,,,0
CMR,2009,0.7890146,6,4,NLD,FALSE,34,Cameroon,2008,FALSE,ESP,TRUE,FALSE,0,,,,,,0
CMR,2010,1.0637755,7,3,ESP,FALSE,34,Cameroon,2009,FALSE,NLD,TRUE,FALSE,0,,,,,,0
CMR,2011,0.8497642599999999,6,2,ESP,FALSE,34,Cameroon,2010,FALSE,ESP,TRUE,FALSE,0,,,,,,0
CMR,2012,1.0864375,7,1,CHN,TRUE,34,Cameroon,2011,FALSE,ESP,TRUE,TRUE,1,2012,2011,FALSE,ESP,TRUE,1
CMR,2013,0.660719,5,6,PRT,FALSE,34,Cameroon,2012,TRUE,CHN,TRUE,FALSE,1,2012,2011,FALSE,ESP,TRUE,0
CMR,2014,0.88180055,12,2,ESP,FALSE,34,Cameroon,2013,FALSE,PRT,TRUE,FALSE,1,2012,2011,FALSE,ESP,TRUE,0
CMR,2015,0.19914283,12,1,CHN,TRUE,34,Cameroon,2014,FALSE,ESP,TRUE,TRUE,2,2015,2014,FALSE,ESP,TRUE,1
CMR,2016,0.462281953,10,4,IND,FALSE,34,Cameroon,2015,TRUE,CHN,TRUE,FALSE,2,2015,2014,FALSE,ESP,TRUE,0
CMR,2017,0.45996793999999996,11,1,CHN,TRUE,34,Cameroon,2016,FALSE,IND,TRUE,TRUE,3,2017,2016,FALSE,IND,TRUE,1
CMR,2018,0.47689441,8,1,CHN,TRUE,34,Cameroon,2017,TRUE,CHN,TRUE,FALSE,3,2017,2016,FALSE,IND,TRUE,1
CMR,2019,0.39558526,6,1,CHN,TRUE,34,Cameroon,2018,TRUE,CHN,TRUE,FALSE,3,2017,2016,FALSE,IND,TRUE,1
CMR,2020,0.6225393100000001,3,2,NLD,FALSE,34,Cameroon,2019,TRUE,CHN,TRUE,FALSE,3,2017,2016,FALSE,IND,TRUE,0
CMR,2021,0.23873163999999997,9,1,CHN,TRUE,34,Cameroon,2020,FALSE,NLD,TRUE,TRUE,4,2021,2020,FALSE,NLD,TRUE,1
CMR,2022,0.8933164,14,5,NLD,FALSE,34,Cameroon,2021,TRUE,CHN,TRUE,FALSE,4,2021,2020,FALSE,NLD,TRUE,0
CMR,2023,0.6072995000000001,,,,,34,Cameroon,2022,FALSE,NLD,TRUE,FALSE,4,2021,2020,FALSE,NLD,TRUE,
COD,1990,0.0062498,14,36,DEU,FALSE,35,Congo - Kinshasa,,,,FALSE,FALSE,0,,,,,,0
COD,1991,0.008228499999999972,1,,USA,FALSE,35,Congo - Kinshasa,1990,FALSE,DEU,TRUE,FALSE,0,,,,,,0
COD,1992,0.72501569,1,11,USA,FALSE,35,Congo - Kinshasa,1991,FALSE,USA,TRUE,FALSE,0,,,,,,0
COD,1993,1.2621696,1,17,USA,FALSE,35,Congo - Kinshasa,1992,FALSE,USA,TRUE,FALSE,0,,,,,,0
COD,1994,1.4654212,1,19,USA,FALSE,35,Congo - Kinshasa,1993,FALSE,USA,TRUE,FALSE,0,,,,,,0
COD,1995,0.7367593000000001,2,22,BLX,FALSE,35,Congo - Kinshasa,1994,FALSE,USA,TRUE,FALSE,0,,,,,,0
COD,1996,1.1932110999999999,2,28,BLX,FALSE,35,Congo - Kinshasa,1995,FALSE,BLX,TRUE,FALSE,0,,,,,,0
COD,1997,0.6420295,2,21,BLX,FALSE,35,Congo - Kinshasa,1996,FALSE,BLX,TRUE,FALSE,0,,,,,,0
COD,1998,0.09972370000000003,2,14,BLX,FALSE,35,Congo - Kinshasa,1997,FALSE,BLX,TRUE,FALSE,0,,,,,,0
COD,1999,0.8376386000000001,2,14,BEL,FALSE,35,Congo - Kinshasa,1998,FALSE,BLX,TRUE,FALSE,0,,,,,,0
COD,2000,0.6845113999999999,2,21,BEL,FALSE,35,Congo - Kinshasa,1999,FALSE,BEL,TRUE,FALSE,0,,,,,,0
COD,2001,0.7293797000000001,2,8,BEL,FALSE,35,Congo - Kinshasa,2000,FALSE,BEL,TRUE,FALSE,0,,,,,,0
COD,2002,0.6454584000000001,2,8,BEL,FALSE,35,Congo - Kinshasa,2001,FALSE,BEL,TRUE,FALSE,0,,,,,,0
COD,2003,0.032635700000000045,2,5,BEL,FALSE,35,Congo - Kinshasa,2002,FALSE,BEL,TRUE,FALSE,0,,,,,,0
COD,2004,0.10333120000000007,3,4,BEL,FALSE,35,Congo - Kinshasa,2003,FALSE,BEL,TRUE,FALSE,0,,,,,,0
COD,2005,0.29359630000000003,2,3,BEL,FALSE,35,Congo - Kinshasa,2004,FALSE,BEL,TRUE,FALSE,0,,,,,,0
COD,2006,0.32919489999999996,5,2,BEL,FALSE,35,Congo - Kinshasa,2005,FALSE,BEL,TRUE,FALSE,0,,,,,,0
COD,2007,0.16413480000000008,3,2,BEL,FALSE,35,Congo - Kinshasa,2006,FALSE,BEL,TRUE,FALSE,0,,,,,,0
COD,2008,0.03224590000000005,5,1,CHN,TRUE,35,Congo - Kinshasa,2007,FALSE,BEL,TRUE,TRUE,1,2008,2007,FALSE,BEL,TRUE,1
COD,2009,0.1737339,3,1,CHN,TRUE,35,Congo - Kinshasa,2008,TRUE,CHN,TRUE,FALSE,1,2008,2007,FALSE,BEL,TRUE,1
COD,2010,0.5475940000000001,3,1,CHN,TRUE,35,Congo - Kinshasa,2009,TRUE,CHN,TRUE,FALSE,1,2008,2007,FALSE,BEL,TRUE,1
COD,2011,0.007621499999999948,3,1,CHN,TRUE,35,Congo - Kinshasa,2010,TRUE,CHN,TRUE,FALSE,1,2008,2007,FALSE,BEL,TRUE,1
COD,2012,0.2336184,13,1,CHN,TRUE,35,Congo - Kinshasa,2011,TRUE,CHN,TRUE,FALSE,1,2008,2007,FALSE,BEL,TRUE,1
COD,2013,0.14584260000000004,11,1,CHN,TRUE,35,Congo - Kinshasa,2012,TRUE,CHN,TRUE,FALSE,1,2008,2007,FALSE,BEL,TRUE,1
COD,2014,0.031218199999999974,11,1,CHN,TRUE,35,Congo - Kinshasa,2013,TRUE,CHN,TRUE,FALSE,1,2008,2007,FALSE,BEL,TRUE,1
COD,2015,0.6294105999999999,8,1,CHN,TRUE,35,Congo - Kinshasa,2014,TRUE,CHN,TRUE,FALSE,1,2008,2007,FALSE,BEL,TRUE,1
COD,2016,0.03401009999999999,10,1,CHN,TRUE,35,Congo - Kinshasa,2015,TRUE,CHN,TRUE,FALSE,1,2008,2007,FALSE,BEL,TRUE,1
COD,2017,0.13636149999999997,17,1,CHN,TRUE,35,Congo - Kinshasa,2016,TRUE,CHN,TRUE,FALSE,1,2008,2007,FALSE,BEL,TRUE,1
COD,2018,0.2761024,24,1,CHN,TRUE,35,Congo - Kinshasa,2017,TRUE,CHN,TRUE,FALSE,1,2008,2007,FALSE,BEL,TRUE,1
COD,2019,0.12373459999999997,35,1,CHN,TRUE,35,Congo - Kinshasa,2018,TRUE,CHN,TRUE,FALSE,1,2008,2007,FALSE,BEL,TRUE,1
COD,2020,0.45970050000000007,28,1,CHN,TRUE,35,Congo - Kinshasa,2019,TRUE,CHN,TRUE,FALSE,1,2008,2007,FALSE,BEL,TRUE,1
COD,2022,0.7444736000000001,17,1,CHN,TRUE,35,Congo - Kinshasa,2020,TRUE,CHN,TRUE,FALSE,1,2008,2007,FALSE,BEL,TRUE,1
COD,2023,0.81462462,,,,,35,Congo - Kinshasa,2022,TRUE,CHN,TRUE,FALSE,1,2008,2007,FALSE,BEL,TRUE,
COG,1990,0.3903451,21,,ESP,FALSE,36,Congo - Brazzaville,,,,FALSE,FALSE,0,,,,,,0
COG,1991,0.22205855,1,,USA,FALSE,36,Congo - Brazzaville,1990,FALSE,ESP,TRUE,FALSE,0,,,,,,0
COG,1992,0.733376237,1,12,USA,FALSE,36,Congo - Brazzaville,1991,FALSE,USA,TRUE,FALSE,0,,,,,,0
COG,1993,1.169149,1,15,USA,FALSE,36,Congo - Brazzaville,1992,FALSE,USA,TRUE,FALSE,0,,,,,,0
COG,1994,1.1744351,1,25,USA,FALSE,36,Congo - Brazzaville,1993,FALSE,USA,TRUE,FALSE,0,,,,,,0
COG,1995,1.3183714000000002,4,21,BLX,FALSE,36,Congo - Brazzaville,1994,FALSE,USA,TRUE,FALSE,0,,,,,,0
COG,1996,0.8331711999999999,2,12,BLX,FALSE,36,Congo - Brazzaville,1995,FALSE,BLX,TRUE,FALSE,0,,,,,,0
COG,1997,0.47187840000000003,1,5,USA,FALSE,36,Congo - Brazzaville,1996,FALSE,BLX,TRUE,FALSE,0,,,,,,0
COG,1998,0.12668569999999996,2,9,KOR,FALSE,36,Congo - Brazzaville,1997,FALSE,USA,TRUE,FALSE,0,,,,,,0
COG,1999,0.13344520000000004,2,5,TWN,FALSE,36,Congo - Brazzaville,1998,FALSE,KOR,TRUE,FALSE,0,,,,,,0
COG,2000,0.1617978,3,4,TWN,FALSE,36,Congo - Brazzaville,1999,FALSE,TWN,TRUE,FALSE,0,,,,,,0
COG,2001,0.35301379999999993,2,4,TWN,FALSE,36,Congo - Brazzaville,2000,FALSE,TWN,TRUE,FALSE,0,,,,,,0
COG,2002,0.33695110000000006,4,3,KOR,FALSE,36,Congo - Brazzaville,2001,FALSE,TWN,TRUE,FALSE,0,,,,,,0
COG,2003,0.23839069999999996,3,1,CHN,TRUE,36,Congo - Brazzaville,2002,FALSE,KOR,TRUE,TRUE,1,2003,2002,FALSE,KOR,TRUE,1
COG,2004,0.05351410000000001,2,1,CHN,TRUE,36,Congo - Brazzaville,2003,TRUE,CHN,TRUE,FALSE,1,2003,2002,FALSE,KOR,TRUE,1
COG,2005,0.0698202,2,1,CHN,TRUE,36,Congo - Brazzaville,2004,TRUE,CHN,TRUE,FALSE,1,2003,2002,FALSE,KOR,TRUE,1
COG,2006,0.20159210000000005,1,2,USA,FALSE,36,Congo - Brazzaville,2005,TRUE,CHN,TRUE,FALSE,1,2003,2002,FALSE,KOR,TRUE,0
COG,2007,0.04580390000000001,1,2,USA,FALSE,36,Congo - Brazzaville,2006,FALSE,USA,TRUE,FALSE,1,2003,2002,FALSE,KOR,TRUE,0
COG,2008,0.01093999999999995,1,2,USA,FALSE,36,Congo - Brazzaville,2007,FALSE,USA,TRUE,FALSE,1,2003,2002,FALSE,KOR,TRUE,0
COG,2009,0.03052929999999998,1,2,USA,FALSE,36,Congo - Brazzaville,2008,FALSE,USA,TRUE,FALSE,1,2003,2002,FALSE,KOR,TRUE,0
COG,2010,0.37057170000000006,1,2,USA,FALSE,36,Congo - Brazzaville,2009,FALSE,USA,TRUE,FALSE,1,2003,2002,FALSE,KOR,TRUE,0
COG,2011,0.13114590000000004,2,1,CHN,TRUE,36,Congo - Brazzaville,2010,FALSE,USA,TRUE,TRUE,2,2011,2010,FALSE,USA,TRUE,1
COG,2012,0.2951806,2,1,CHN,TRUE,36,Congo - Brazzaville,2011,TRUE,CHN,TRUE,FALSE,2,2011,2010,FALSE,USA,TRUE,1
COG,2013,0.15208680000000008,3,1,CHN,TRUE,36,Congo - Brazzaville,2012,TRUE,CHN,TRUE,FALSE,2,2011,2010,FALSE,USA,TRUE,1
COG,2014,0.1320656,5,1,CHN,TRUE,36,Congo - Brazzaville,2013,TRUE,CHN,TRUE,FALSE,2,2011,2010,FALSE,USA,TRUE,1
COG,2015,0.5458753,7,1,CHN,TRUE,36,Congo - Brazzaville,2014,TRUE,CHN,TRUE,FALSE,2,2011,2010,FALSE,USA,TRUE,1
COG,2016,0.26505100000000004,14,1,CHN,TRUE,36,Congo - Brazzaville,2015,TRUE,CHN,TRUE,FALSE,2,2011,2010,FALSE,USA,TRUE,1
COG,2017,0.3697886000000001,7,1,CHN,TRUE,36,Congo - Brazzaville,2016,TRUE,CHN,TRUE,FALSE,2,2011,2010,FALSE,USA,TRUE,1
COG,2018,0.11827619999999994,4,1,CHN,TRUE,36,Congo - Brazzaville,2017,TRUE,CHN,TRUE,FALSE,2,2011,2010,FALSE,USA,TRUE,1
COG,2019,0.36543040000000004,4,1,CHN,TRUE,36,Congo - Brazzaville,2018,TRUE,CHN,TRUE,FALSE,2,2011,2010,FALSE,USA,TRUE,1
COG,2020,0.02440000000000009,9,1,CHN,TRUE,36,Congo - Brazzaville,2019,TRUE,CHN,TRUE,FALSE,2,2011,2010,FALSE,USA,TRUE,1
COG,2021,0.35266780000000003,21,1,CHN,TRUE,36,Congo - Brazzaville,2020,TRUE,CHN,TRUE,FALSE,2,2011,2010,FALSE,USA,TRUE,1
COG,2022,0.6134156,11,1,CHN,TRUE,36,Congo - Brazzaville,2021,TRUE,CHN,TRUE,FALSE,2,2011,2010,FALSE,USA,TRUE,1
COG,2023,0.24457530000000005,,,,,36,Congo - Brazzaville,2022,TRUE,CHN,TRUE,FALSE,2,2011,2010,FALSE,USA,TRUE,
COL,1990,0.4582292,1,46,USA,FALSE,37,Colombia,,,,FALSE,FALSE,0,,,,,,0
COL,1991,0.282526,1,38,USA,FALSE,37,Colombia,1990,FALSE,USA,TRUE,FALSE,0,,,,,,0
COL,1992,0.2315142,1,35,USA,FALSE,37,Colombia,1991,FALSE,USA,TRUE,FALSE,0,,,,,,0
COL,1993,0.9480037000000001,1,59,USA,FALSE,37,Colombia,1992,FALSE,USA,TRUE,FALSE,0,,,,,,0
COL,1994,1.06036,1,76,USA,FALSE,37,Colombia,1993,FALSE,USA,TRUE,FALSE,0,,,,,,0
COL,1995,0.9893403000000001,1,42,USA,FALSE,37,Colombia,1994,FALSE,USA,TRUE,FALSE,0,,,,,,0
COL,1996,0.6507291,1,70,USA,FALSE,37,Colombia,1995,FALSE,USA,TRUE,FALSE,0,,,,,,0
COL,1997,0.4069941,1,55,USA,FALSE,37,Colombia,1996,FALSE,USA,TRUE,FALSE,0,,,,,,0
COL,1998,0.2171076,1,51,USA,FALSE,37,Colombia,1997,FALSE,USA,TRUE,FALSE,0,,,,,,0
COL,1999,0.245896,1,40,USA,FALSE,37,Colombia,1998,FALSE,USA,TRUE,FALSE,0,,,,,,0
COL,2000,0.4703297000000001,1,36,USA,FALSE,37,Colombia,1999,FALSE,USA,TRUE,FALSE,0,,,,,,0
COL,2001,0.2631201,1,40,USA,FALSE,37,Colombia,2000,FALSE,USA,TRUE,FALSE,0,,,,,,0
COL,2002,0.30235769999999995,1,42,USA,FALSE,37,Colombia,2001,FALSE,USA,TRUE,FALSE,0,,,,,,0
COL,2003,0.6202017,1,32,USA,FALSE,37,Colombia,2002,FALSE,USA,TRUE,FALSE,0,,,,,,0
COL,2004,0.3828108,1,20,USA,FALSE,37,Colombia,2003,FALSE,USA,TRUE,FALSE,0,,,,,,0
COL,2005,0.2361089,1,21,USA,FALSE,37,Colombia,2004,FALSE,USA,TRUE,FALSE,0,,,,,,0
COL,2006,0.5751633,1,22,USA,FALSE,37,Colombia,2005,FALSE,USA,TRUE,FALSE,0,,,,,,0
COL,2007,0.42099870000000006,1,5,USA,FALSE,37,Colombia,2006,FALSE,USA,TRUE,FALSE,0,,,,,,0
COL,2008,0.463549,1,9,USA,FALSE,37,Colombia,2007,FALSE,USA,TRUE,FALSE,0,,,,,,0
COL,2009,0.4920474,1,8,USA,FALSE,37,Colombia,2008,FALSE,USA,TRUE,FALSE,0,,,,,,0
COL,2010,0.7361617,1,3,USA,FALSE,37,Colombia,2009,FALSE,USA,TRUE,FALSE,0,,,,,,0
COL,2011,0.69081529,1,3,USA,FALSE,37,Colombia,2010,FALSE,USA,TRUE,FALSE,0,,,,,,0
COL,2012,0.8170875,1,4,USA,FALSE,37,Colombia,2011,FALSE,USA,TRUE,FALSE,0,,,,,,0
COL,2013,0.38289839999999997,1,3,USA,FALSE,37,Colombia,2012,FALSE,USA,TRUE,FALSE,0,,,,,,0
COL,2014,0.6987222,1,2,USA,FALSE,37,Colombia,2013,FALSE,USA,TRUE,FALSE,0,,,,,,0
COL,2015,0.048308500000000004,1,2,USA,FALSE,37,Colombia,2014,FALSE,USA,TRUE,FALSE,0,,,,,,0
COL,2016,0.2775046,1,2,USA,FALSE,37,Colombia,2015,FALSE,USA,TRUE,FALSE,0,,,,,,0
COL,2017,0.12144799999999997,1,2,USA,FALSE,37,Colombia,2016,FALSE,USA,TRUE,FALSE,0,,,,,,0
COL,2018,0.43271985,1,2,USA,FALSE,37,Colombia,2017,FALSE,USA,TRUE,FALSE,0,,,,,,0
COL,2019,0.43680198000000003,1,2,USA,FALSE,37,Colombia,2018,FALSE,USA,TRUE,FALSE,0,,,,,,0
COL,2020,0.65471394,1,2,USA,FALSE,37,Colombia,2019,FALSE,USA,TRUE,FALSE,0,,,,,,0
COL,2021,0.23611857999999997,1,2,USA,FALSE,37,Colombia,2020,FALSE,USA,TRUE,FALSE,0,,,,,,0
COL,2022,1.06323829,1,2,USA,FALSE,37,Colombia,2021,FALSE,USA,TRUE,FALSE,0,,,,,,0
COL,2023,0.5958873,,,,,37,Colombia,2022,FALSE,USA,TRUE,FALSE,0,,,,,,
COM,1990,0.44078189999999995,1,,USA,FALSE,38,Comoros,,,,FALSE,FALSE,0,,,,,,0
COM,1991,0.39334680000000005,1,,USA,FALSE,38,Comoros,1990,FALSE,USA,TRUE,FALSE,0,,,,,,0
COM,1992,0.2551117,1,19,USA,FALSE,38,Comoros,1991,FALSE,USA,TRUE,FALSE,0,,,,,,0
COM,1993,0.7140319,1,21,USA,FALSE,38,Comoros,1992,FALSE,USA,TRUE,FALSE,0,,,,,,0
COM,1994,1.2103732,2,30,FRA,FALSE,38,Comoros,1993,FALSE,USA,TRUE,FALSE,0,,,,,,0
COM,1995,1.0792819,2,,FRA,FALSE,38,Comoros,1994,FALSE,FRA,TRUE,FALSE,0,,,,,,0
COM,1996,1.25772869,2,,FRA,FALSE,38,Comoros,1995,FALSE,FRA,TRUE,FALSE,0,,,,,,0
COM,1997,0.16601,2,41,FRA,FALSE,38,Comoros,1996,FALSE,FRA,TRUE,FALSE,0,,,,,,0
COM,1998,0.1988257,4,,FRA,FALSE,38,Comoros,1997,FALSE,FRA,TRUE,FALSE,0,,,,,,0
COM,1999,0.061944600000000016,4,,FRA,FALSE,38,Comoros,1998,FALSE,FRA,TRUE,FALSE,0,,,,,,0
COM,2000,0.09732229999999997,2,39,FRA,FALSE,38,Comoros,1999,FALSE,FRA,TRUE,FALSE,0,,,,,,0
COM,2001,0.4126474,1,22,USA,FALSE,38,Comoros,2000,FALSE,FRA,TRUE,FALSE,0,,,,,,0
COM,2002,0.4487067,2,,FRA,FALSE,38,Comoros,2001,FALSE,USA,TRUE,FALSE,0,,,,,,0
COM,2003,0.14652179999999992,2,59,FRA,FALSE,38,Comoros,2002,FALSE,FRA,TRUE,FALSE,0,,,,,,0
COM,2004,0.22299500000000005,1,,USA,FALSE,38,Comoros,2003,FALSE,FRA,TRUE,FALSE,0,,,,,,0
COM,2005,0.3440696000000001,5,62,FRA,FALSE,38,Comoros,2004,FALSE,USA,TRUE,FALSE,0,,,,,,0
COM,2006,0.20020820000000006,8,64,NLD,FALSE,38,Comoros,2005,FALSE,FRA,TRUE,FALSE,0,,,,,,0
COM,2007,0.030547299999999944,8,50,FRA,FALSE,38,Comoros,2006,FALSE,NLD,TRUE,FALSE,0,,,,,,0
COM,2008,0.21253160000000004,7,,FRA,FALSE,38,Comoros,2007,FALSE,FRA,TRUE,FALSE,0,,,,,,0
COM,2009,0.1857433,4,58,FRA,FALSE,38,Comoros,2008,FALSE,FRA,TRUE,FALSE,0,,,,,,0
COM,2010,0.010174799999999928,4,33,IND,FALSE,38,Comoros,2009,FALSE,FRA,TRUE,FALSE,0,,,,,,0
COM,2011,0.11077970000000004,5,49,SGP,FALSE,38,Comoros,2010,FALSE,IND,TRUE,FALSE,0,,,,,,0
COM,2012,0.018795200000000012,7,51,SGP,FALSE,38,Comoros,2011,FALSE,SGP,TRUE,FALSE,0,,,,,,0
COM,2013,0.08888590000000007,6,55,SGP,FALSE,38,Comoros,2012,FALSE,SGP,TRUE,FALSE,0,,,,,,0
COM,2014,0.03959709999999994,9,57,IND,FALSE,38,Comoros,2013,FALSE,SGP,TRUE,FALSE,0,,,,,,0
COM,2015,0.6188701999999999,8,45,IND,FALSE,38,Comoros,2014,FALSE,IND,TRUE,FALSE,0,,,,,,0
COM,2016,0.35324069999999996,9,50,IND,FALSE,38,Comoros,2015,FALSE,IND,TRUE,FALSE,0,,,,,,0
COM,2017,0.23391160000000005,6,37,IND,FALSE,38,Comoros,2016,FALSE,IND,TRUE,FALSE,0,,,,,,0
COM,2018,0.25057379999999996,7,35,IND,FALSE,38,Comoros,2017,FALSE,IND,TRUE,FALSE,0,,,,,,0
COM,2019,0.1688982,6,42,IND,FALSE,38,Comoros,2018,FALSE,IND,TRUE,FALSE,0,,,,,,0
COM,2020,0.23004510000000006,6,22,IND,FALSE,38,Comoros,2019,FALSE,IND,TRUE,FALSE,0,,,,,,0
COM,2021,0.6864089,5,28,IND,FALSE,38,Comoros,2020,FALSE,IND,TRUE,FALSE,0,,,,,,0
COM,2022,0.30090870000000003,4,30,TUR,FALSE,38,Comoros,2021,FALSE,IND,TRUE,FALSE,0,,,,,,0
COM,2023,0.17249350000000008,,,,,38,Comoros,2022,FALSE,TUR,TRUE,FALSE,0,,,,,,
CPV,1990,0.3915451,11,,ESP,FALSE,39,Cape Verde,,,,FALSE,FALSE,0,,,,,,0
CPV,1991,0.25090399999999996,9,,PRT,FALSE,39,Cape Verde,1990,FALSE,ESP,TRUE,FALSE,0,,,,,,0
CPV,1992,0.4119736,6,,PRT,FALSE,39,Cape Verde,1991,FALSE,PRT,TRUE,FALSE,0,,,,,,0
CPV,1993,0.9669785000000001,9,,PRT,FALSE,39,Cape Verde,1992,FALSE,PRT,TRUE,FALSE,0,,,,,,0
CPV,1994,1.2693276,9,,PRT,FALSE,39,Cape Verde,1993,FALSE,PRT,TRUE,FALSE,0,,,,,,0
CPV,1995,0.9002983000000001,6,,PRT,FALSE,39,Cape Verde,1994,FALSE,PRT,TRUE,FALSE,0,,,,,,0
CPV,1996,0.7341686999999999,8,,PRT,FALSE,39,Cape Verde,1995,FALSE,PRT,TRUE,FALSE,0,,,,,,0
CPV,1997,0.6053609000000001,11,,PRT,FALSE,39,Cape Verde,1996,FALSE,PRT,TRUE,FALSE,0,,,,,,0
CPV,1998,0.2785988,11,,PRT,FALSE,39,Cape Verde,1997,FALSE,PRT,TRUE,FALSE,0,,,,,,0
CPV,1999,0.06539040000000007,7,,PRT,FALSE,39,Cape Verde,1998,FALSE,PRT,TRUE,FALSE,0,,,,,,0
CPV,2000,0.25971190000000005,2,,PRT,FALSE,39,Cape Verde,1999,FALSE,PRT,TRUE,FALSE,0,,,,,,0
CPV,2001,0.1110354,3,,PRT,FALSE,39,Cape Verde,2000,FALSE,PRT,TRUE,FALSE,0,,,,,,0
CPV,2002,0.10781990000000008,3,50,PRT,FALSE,39,Cape Verde,2001,FALSE,PRT,TRUE,FALSE,0,,,,,,0
CPV,2003,0.2771344,2,50,PRT,FALSE,39,Cape Verde,2002,FALSE,PRT,TRUE,FALSE,0,,,,,,0
CPV,2004,0.28214360000000005,2,,PRT,FALSE,39,Cape Verde,2003,FALSE,PRT,TRUE,FALSE,0,,,,,,0
CPV,2005,0.23652430000000002,6,52,PRT,FALSE,39,Cape Verde,2004,FALSE,PRT,TRUE,FALSE,0,,,,,,0
CPV,2006,0.5861434,12,56,CIV,FALSE,39,Cape Verde,2005,FALSE,PRT,TRUE,FALSE,0,,,,,,0
CPV,2007,0.19122240000000007,9,46,CIV,FALSE,39,Cape Verde,2006,FALSE,CIV,TRUE,FALSE,0,,,,,,0
CPV,2008,0.41086849999999997,8,,ESP,FALSE,39,Cape Verde,2007,FALSE,CIV,TRUE,FALSE,0,,,,,,0
CPV,2009,0.1556055,14,15,ESP,FALSE,39,Cape Verde,2008,FALSE,ESP,TRUE,FALSE,0,,,,,,0
CPV,2010,0.49398060000000005,7,6,ESP,FALSE,39,Cape Verde,2009,FALSE,ESP,TRUE,FALSE,0,,,,,,0
CPV,2011,0.4404322,7,24,ESP,FALSE,39,Cape Verde,2010,FALSE,ESP,TRUE,FALSE,0,,,,,,0
CPV,2012,0.43363999999999997,6,25,ESP,FALSE,39,Cape Verde,2011,FALSE,ESP,TRUE,FALSE,0,,,,,,0
CPV,2013,0.024440100000000076,8,88,COG,FALSE,39,Cape Verde,2012,FALSE,ESP,TRUE,FALSE,0,,,,,,0
CPV,2014,0.4367552,8,65,ESP,FALSE,39,Cape Verde,2013,FALSE,COG,TRUE,FALSE,0,,,,,,0
CPV,2015,0.25822219999999996,8,51,ESP,FALSE,39,Cape Verde,2014,FALSE,ESP,TRUE,FALSE,0,,,,,,0
CPV,2016,0.019185200000000013,5,29,ESP,FALSE,39,Cape Verde,2015,FALSE,ESP,TRUE,FALSE,0,,,,,,0
CPV,2017,0.17869280000000004,5,25,ESP,FALSE,39,Cape Verde,2016,FALSE,ESP,TRUE,FALSE,0,,,,,,0
CPV,2018,0.0796114,4,9,ESP,FALSE,39,Cape Verde,2017,FALSE,ESP,TRUE,FALSE,0,,,,,,0
CPV,2019,0.08724080000000001,4,24,ESP,FALSE,39,Cape Verde,2018,FALSE,ESP,TRUE,FALSE,0,,,,,,0
CPV,2020,0.31114630000000004,4,8,ESP,FALSE,39,Cape Verde,2019,FALSE,ESP,TRUE,FALSE,0,,,,,,0
CPV,2021,0.2685171,5,8,ESP,FALSE,39,Cape Verde,2020,FALSE,ESP,TRUE,FALSE,0,,,,,,0
CPV,2022,0.8850788,6,47,ESP,FALSE,39,Cape Verde,2021,FALSE,ESP,TRUE,FALSE,0,,,,,,0
CPV,2023,0.6502111,,,,,39,Cape Verde,2022,FALSE,ESP,TRUE,FALSE,0,,,,,,
CRI,1990,0.4403209,1,47,USA,FALSE,40,Costa Rica,,,,FALSE,FALSE,0,,,,,,0
CRI,1991,0.35628187,1,66,USA,FALSE,40,Costa Rica,1990,FALSE,USA,TRUE,FALSE,0,,,,,,0
CRI,1992,0.9331967,1,56,USA,FALSE,40,Costa Rica,1991,FALSE,USA,TRUE,FALSE,0,,,,,,0
CRI,1993,1.51108785,1,41,USA,FALSE,40,Costa Rica,1992,FALSE,USA,TRUE,FALSE,0,,,,,,0
CRI,1994,1.71233212,1,63,USA,FALSE,40,Costa Rica,1993,FALSE,USA,TRUE,FALSE,0,,,,,,0
CRI,1995,1.53861628,1,20,USA,FALSE,40,Costa Rica,1994,FALSE,USA,TRUE,FALSE,0,,,,,,0
CRI,1996,1.1504229,1,62,USA,FALSE,40,Costa Rica,1995,FALSE,USA,TRUE,FALSE,0,,,,,,0
CRI,1997,1.0755241,1,40,USA,FALSE,40,Costa Rica,1996,FALSE,USA,TRUE,FALSE,0,,,,,,0
CRI,1998,0.283825,1,28,USA,FALSE,40,Costa Rica,1997,FALSE,USA,TRUE,FALSE,0,,,,,,0
CRI,1999,0.4433737,1,41,USA,FALSE,40,Costa Rica,1998,FALSE,USA,TRUE,FALSE,0,,,,,,0
CRI,2000,0.65946424,1,33,USA,FALSE,40,Costa Rica,1999,FALSE,USA,TRUE,FALSE,0,,,,,,0
CRI,2001,0.279187,1,26,USA,FALSE,40,Costa Rica,2000,FALSE,USA,TRUE,FALSE,0,,,,,,0
CRI,2002,0.3524149999999999,1,7,USA,FALSE,40,Costa Rica,2001,FALSE,USA,TRUE,FALSE,0,,,,,,0
CRI,2003,1.00085275,1,5,USA,FALSE,40,Costa Rica,2002,FALSE,USA,TRUE,FALSE,0,,,,,,0
CRI,2004,0.84578443,1,5,USA,FALSE,40,Costa Rica,2003,FALSE,USA,TRUE,FALSE,0,,,,,,0
CRI,2005,0.6976730600000001,1,4,USA,FALSE,40,Costa Rica,2004,FALSE,USA,TRUE,FALSE,0,,,,,,0
CRI,2006,0.5984839,1,3,USA,FALSE,40,Costa Rica,2005,FALSE,USA,TRUE,FALSE,0,,,,,,0
CRI,2007,0.4852700000000001,1,2,USA,FALSE,40,Costa Rica,2006,FALSE,USA,TRUE,FALSE,0,,,,,,0
CRI,2008,0.55227212,1,3,USA,FALSE,40,Costa Rica,2007,FALSE,USA,TRUE,FALSE,0,,,,,,0
CRI,2009,0.46068410000000004,1,2,USA,FALSE,40,Costa Rica,2008,FALSE,USA,TRUE,FALSE,0,,,,,,0
CRI,2010,0.5964005000000001,1,2,USA,FALSE,40,Costa Rica,2009,FALSE,USA,TRUE,FALSE,0,,,,,,0
CRI,2011,0.6045531,1,2,USA,FALSE,40,Costa Rica,2010,FALSE,USA,TRUE,FALSE,0,,,,,,0
CRI,2012,0.6359653,1,2,USA,FALSE,40,Costa Rica,2011,FALSE,USA,TRUE,FALSE,0,,,,,,0
CRI,2013,0.29815309999999995,1,2,USA,FALSE,40,Costa Rica,2012,FALSE,USA,TRUE,FALSE,0,,,,,,0
CRI,2014,0.6440918,1,2,USA,FALSE,40,Costa Rica,2013,FALSE,USA,TRUE,FALSE,0,,,,,,0
CRI,2015,0.007565100000000019,1,2,USA,FALSE,40,Costa Rica,2014,FALSE,USA,TRUE,FALSE,0,,,,,,0
CRI,2016,0.28861400000000004,1,2,USA,FALSE,40,Costa Rica,2015,FALSE,USA,TRUE,FALSE,0,,,,,,0
CRI,2017,0.16297729999999996,1,2,USA,FALSE,40,Costa Rica,2016,FALSE,USA,TRUE,FALSE,0,,,,,,0
CRI,2018,0.3795336,1,3,USA,FALSE,40,Costa Rica,2017,FALSE,USA,TRUE,FALSE,0,,,,,,0
CRI,2019,0.21944370000000002,1,3,USA,FALSE,40,Costa Rica,2018,FALSE,USA,TRUE,FALSE,0,,,,,,0
CRI,2020,0.43532060000000006,1,4,USA,FALSE,40,Costa Rica,2019,FALSE,USA,TRUE,FALSE,0,,,,,,0
CRI,2021,0.1267457,1,4,USA,FALSE,40,Costa Rica,2020,FALSE,USA,TRUE,FALSE,0,,,,,,0
CRI,2022,1.03528639,1,2,USA,FALSE,40,Costa Rica,2021,FALSE,USA,TRUE,FALSE,0,,,,,,0
CRI,2023,0.72779722,,,,,40,Costa Rica,2022,FALSE,USA,TRUE,FALSE,0,,,,,,
CSK,1990,1.3222299999999998,25,,DEU,FALSE,41,,,,,FALSE,FALSE,0,,,,,,0
CSK,1991,1.6736780999999998,3,,DEU,FALSE,41,,1990,FALSE,DEU,TRUE,FALSE,0,,,,,,0
CSK,1992,2.1385373999999997,4,7,DEU,FALSE,41,,1991,FALSE,DEU,TRUE,FALSE,0,,,,,,0
CUB,1990,1.559323,,17,CAN,FALSE,42,Cuba,,,,FALSE,FALSE,0,,,,,,0
CUB,1991,1.6456199,,19,JPN,FALSE,42,Cuba,1990,FALSE,CAN,TRUE,FALSE,0,,,,,,0
CUB,1992,1.0062106,,2,CAN,FALSE,42,Cuba,1991,FALSE,JPN,TRUE,FALSE,0,,,,,,0
CUB,1993,0.33837499999999987,,2,CAN,FALSE,42,Cuba,1992,FALSE,CAN,TRUE,FALSE,0,,,,,,0
CUB,1994,0.07305800000000007,,2,CAN,FALSE,42,Cuba,1993,FALSE,CAN,TRUE,FALSE,0,,,,,,0
CUB,1995,0.3848809999999998,,2,CAN,FALSE,42,Cuba,1994,FALSE,CAN,TRUE,FALSE,0,,,,,,0
CUB,1996,0.7785700000000002,,3,RUS,FALSE,42,Cuba,1995,FALSE,CAN,TRUE,FALSE,0,,,,,,0
CUB,1997,0.8754079999999997,,6,RUS,FALSE,42,Cuba,1996,FALSE,RUS,TRUE,FALSE,0,,,,,,0
CUB,1998,1.1551129,,4,RUS,FALSE,42,Cuba,1997,FALSE,RUS,TRUE,FALSE,0,,,,,,0
CUB,1999,0.7783656,118,5,RUS,FALSE,42,Cuba,1998,FALSE,RUS,TRUE,FALSE,0,,,,,,0
CUB,2000,0.46205839999999987,120,4,RUS,FALSE,42,Cuba,1999,FALSE,RUS,TRUE,FALSE,0,,,,,,0
CUB,2001,0.6948027,133,3,RUS,FALSE,42,Cuba,2000,FALSE,RUS,TRUE,FALSE,0,,,,,,0
CUB,2002,0.47544850000000005,111,3,RUS,FALSE,42,Cuba,2001,FALSE,RUS,TRUE,FALSE,0,,,,,,0
CUB,2003,0.5228428,102,4,RUS,FALSE,42,Cuba,2002,FALSE,RUS,TRUE,FALSE,0,,,,,,0
CUB,2004,0.4125889999999999,100,1,CHN,TRUE,42,Cuba,2003,FALSE,RUS,TRUE,TRUE,1,2004,2003,FALSE,RUS,TRUE,1
CUB,2005,0.6569726,125,1,CHN,TRUE,42,Cuba,2004,TRUE,CHN,TRUE,FALSE,1,2004,2003,FALSE,RUS,TRUE,1
CUB,2006,0.30181690000000005,107,1,CHN,TRUE,42,Cuba,2005,TRUE,CHN,TRUE,FALSE,1,2004,2003,FALSE,RUS,TRUE,1
CUB,2007,0.6987449999999998,,1,CHN,TRUE,42,Cuba,2006,TRUE,CHN,TRUE,FALSE,1,2004,2003,FALSE,RUS,TRUE,1
CUB,2008,0.7129009,,1,CHN,TRUE,42,Cuba,2007,TRUE,CHN,TRUE,FALSE,1,2004,2003,FALSE,RUS,TRUE,1
CUB,2009,1.0188237,,1,CHN,TRUE,42,Cuba,2008,TRUE,CHN,TRUE,FALSE,1,2004,2003,FALSE,RUS,TRUE,1
CUB,2010,0.6323822999999998,,1,CHN,TRUE,42,Cuba,2009,TRUE,CHN,TRUE,FALSE,1,2004,2003,FALSE,RUS,TRUE,1
CUB,2011,1.0910980000000001,128,1,CHN,TRUE,42,Cuba,2010,TRUE,CHN,TRUE,FALSE,1,2004,2003,FALSE,RUS,TRUE,1
CUB,2012,0.8158663,,1,CHN,TRUE,42,Cuba,2011,TRUE,CHN,TRUE,FALSE,1,2004,2003,FALSE,RUS,TRUE,1
CUB,2013,1.2840452,,1,CHN,TRUE,42,Cuba,2012,TRUE,CHN,TRUE,FALSE,1,2004,2003,FALSE,RUS,TRUE,1
CUB,2014,0.8322166000000001,,1,CHN,TRUE,42,Cuba,2013,TRUE,CHN,TRUE,FALSE,1,2004,2003,FALSE,RUS,TRUE,1
CUB,2015,1.5991618,,1,CHN,TRUE,42,Cuba,2014,TRUE,CHN,TRUE,FALSE,1,2004,2003,FALSE,RUS,TRUE,1
CUB,2016,1.4234311,146,2,VEN,FALSE,42,Cuba,2015,TRUE,CHN,TRUE,FALSE,1,2004,2003,FALSE,RUS,TRUE,0
CUB,2017,1.5681548,,1,CHN,TRUE,42,Cuba,2016,FALSE,VEN,TRUE,TRUE,2,2017,2016,FALSE,VEN,TRUE,1
CUB,2018,1.2236094,,1,CHN,TRUE,42,Cuba,2017,TRUE,CHN,TRUE,FALSE,2,2017,2016,FALSE,VEN,TRUE,1
CUB,2019,1.2486866,99,1,CHN,TRUE,42,Cuba,2018,TRUE,CHN,TRUE,FALSE,2,2017,2016,FALSE,VEN,TRUE,1
CUB,2020,1.0629046,,1,CHN,TRUE,42,Cuba,2019,TRUE,CHN,TRUE,FALSE,2,2017,2016,FALSE,VEN,TRUE,1
CUB,2021,1.3799129,,1,CHN,TRUE,42,Cuba,2020,TRUE,CHN,TRUE,FALSE,2,2017,2016,FALSE,VEN,TRUE,1
CUB,2022,0.345407,,1,CHN,TRUE,42,Cuba,2021,TRUE,CHN,TRUE,FALSE,2,2017,2016,FALSE,VEN,TRUE,1
CUB,2023,0.43182529999999997,,,,,42,Cuba,2022,TRUE,CHN,TRUE,FALSE,2,2017,2016,FALSE,VEN,TRUE,
CYP,1990,0.0906796,17,68,GBR,FALSE,43,Cyprus,,,,FALSE,FALSE,0,,,,,,0
CYP,1991,0.00486979999999998,19,54,GBR,FALSE,43,Cyprus,1990,FALSE,GBR,TRUE,FALSE,0,,,,,,0
CYP,1992,0.2276475,21,42,GBR,FALSE,43,Cyprus,1991,FALSE,GBR,TRUE,FALSE,0,,,,,,0
CYP,1993,1.39614571,16,40,GBR,FALSE,43,Cyprus,1992,FALSE,GBR,TRUE,FALSE,0,,,,,,0
CYP,1994,1.5285159,18,54,GBR,FALSE,43,Cyprus,1993,FALSE,GBR,TRUE,FALSE,0,,,,,,0
CYP,1995,1.5584545230000002,25,41,GBR,FALSE,43,Cyprus,1994,FALSE,GBR,TRUE,FALSE,0,,,,,,0
CYP,1996,2.0242942999999998,21,38,SGP,FALSE,43,Cyprus,1995,FALSE,GBR,TRUE,FALSE,0,,,,,,0
CYP,1997,1.9321053,16,64,RUS,FALSE,43,Cyprus,1996,FALSE,SGP,TRUE,FALSE,0,,,,,,0
CYP,1998,0.9409926,11,78,GBR,FALSE,43,Cyprus,1997,FALSE,RUS,TRUE,FALSE,0,,,,,,0
CYP,1999,1.3135678,11,79,GBR,FALSE,43,Cyprus,1998,FALSE,GBR,TRUE,FALSE,0,,,,,,0
CYP,2000,1.3123282,11,79,GBR,FALSE,43,Cyprus,1999,FALSE,GBR,TRUE,FALSE,0,,,,,,0
CYP,2001,1.2603495,13,71,GBR,FALSE,43,Cyprus,2000,FALSE,GBR,TRUE,FALSE,0,,,,,,0
CYP,2002,1.1437761,19,77,GBR,FALSE,43,Cyprus,2001,FALSE,GBR,TRUE,FALSE,0,,,,,,0
CYP,2003,1.6528749999999999,24,85,GBR,FALSE,43,Cyprus,2002,FALSE,GBR,TRUE,FALSE,0,,,,,,0
CYP,2004,1.5507883,23,80,GBR,FALSE,43,Cyprus,2003,FALSE,GBR,TRUE,FALSE,0,,,,,,0
CYP,2005,1.4469406,11,68,GBR,FALSE,43,Cyprus,2004,FALSE,GBR,TRUE,FALSE,0,,,,,,0
CYP,2006,1.6399295999999999,10,71,GBR,FALSE,43,Cyprus,2005,FALSE,GBR,TRUE,FALSE,0,,,,,,0
CYP,2007,1.376929,36,52,GRC,FALSE,43,Cyprus,2006,FALSE,GBR,TRUE,FALSE,0,,,,,,0
CYP,2008,1.2573482999999999,43,51,GRC,FALSE,43,Cyprus,2007,FALSE,GRC,TRUE,FALSE,0,,,,,,0
CYP,2009,1.2886715,28,38,GRC,FALSE,43,Cyprus,2008,FALSE,GRC,TRUE,FALSE,0,,,,,,0
CYP,2010,1.4346217000000001,35,38,GRC,FALSE,43,Cyprus,2009,FALSE,GRC,TRUE,FALSE,0,,,,,,0
CYP,2011,1.4260918,41,34,GRC,FALSE,43,Cyprus,2010,FALSE,GRC,TRUE,FALSE,0,,,,,,0
CYP,2012,1.4334202,23,11,KOR,FALSE,43,Cyprus,2011,FALSE,GRC,TRUE,FALSE,0,,,,,,0
CYP,2013,1.1886958,17,21,KOR,FALSE,43,Cyprus,2012,FALSE,KOR,TRUE,FALSE,0,,,,,,0
CYP,2014,1.6030901,23,20,NLD,FALSE,43,Cyprus,2013,FALSE,KOR,TRUE,FALSE,0,,,,,,0
CYP,2015,0.8656817,31,24,GRC,FALSE,43,Cyprus,2014,FALSE,NLD,TRUE,FALSE,0,,,,,,0
CYP,2016,1.0754705,18,21,GBR,FALSE,43,Cyprus,2015,FALSE,GRC,TRUE,FALSE,0,,,,,,0
CYP,2017,1.0401245,24,16,GRC,FALSE,43,Cyprus,2016,FALSE,GBR,TRUE,FALSE,0,,,,,,0
CYP,2018,1.1546094,17,19,CYM,FALSE,43,Cyprus,2017,FALSE,GRC,TRUE,FALSE,0,,,,,,0
CYP,2019,1.1065920999999999,25,20,GRC,FALSE,43,Cyprus,2018,FALSE,CYM,TRUE,FALSE,0,,,,,,0
CYP,2020,1.2222666000000002,30,13,GRC,FALSE,43,Cyprus,2019,FALSE,GRC,TRUE,FALSE,0,,,,,,0
CYP,2021,0.9469231,23,21,GRC,FALSE,43,Cyprus,2020,FALSE,GRC,TRUE,FALSE,0,,,,,,0
CYP,2022,1.8735793,22,29,HKG,FALSE,43,Cyprus,2021,FALSE,GRC,TRUE,FALSE,0,,,,,,0
CYP,2023,1.6061547,,,,,43,Cyprus,2022,FALSE,HKG,TRUE,FALSE,0,,,,,,
CZE,1993,2.982926,8,9,DEU,FALSE,44,Czechia,,,,FALSE,FALSE,0,,,,,,0
CZE,1994,3.1918990000000003,10,19,DEU,FALSE,44,Czechia,1993,FALSE,DEU,TRUE,FALSE,0,,,,,,0
CZE,1995,2.779738,9,25,DEU,FALSE,44,Czechia,1994,FALSE,DEU,TRUE,FALSE,0,,,,,,0
CZE,1996,2.755712,9,29,DEU,FALSE,44,Czechia,1995,FALSE,DEU,TRUE,FALSE,0,,,,,,0
CZE,1997,2.650481,8,45,DEU,FALSE,44,Czechia,1996,FALSE,DEU,TRUE,FALSE,0,,,,,,0
CZE,1998,1.6250001,8,51,DEU,FALSE,44,Czechia,1997,FALSE,DEU,TRUE,FALSE,0,,,,,,0
CZE,1999,1.7819753999999999,8,32,DEU,FALSE,44,Czechia,1998,FALSE,DEU,TRUE,FALSE,0,,,,,,0
CZE,2000,1.9184786,8,35,DEU,FALSE,44,Czechia,1999,FALSE,DEU,TRUE,FALSE,0,,,,,,0
CZE,2001,1.7390073,8,32,DEU,FALSE,44,Czechia,2000,FALSE,DEU,TRUE,FALSE,0,,,,,,0
CZE,2002,1.6294385999999998,8,28,DEU,FALSE,44,Czechia,2001,FALSE,DEU,TRUE,FALSE,0,,,,,,0
CZE,2003,2.1426642,8,21,DEU,FALSE,44,Czechia,2002,FALSE,DEU,TRUE,FALSE,0,,,,,,0
CZE,2004,1.853778,8,18,DEU,FALSE,44,Czechia,2003,FALSE,DEU,TRUE,FALSE,0,,,,,,0
CZE,2005,1.7335794,8,25,DEU,FALSE,44,Czechia,2004,FALSE,DEU,TRUE,FALSE,0,,,,,,0
CZE,2006,1.9730661,9,20,DEU,FALSE,44,Czechia,2005,FALSE,DEU,TRUE,FALSE,0,,,,,,0
CZE,2007,1.7387540000000001,13,20,DEU,FALSE,44,Czechia,2006,FALSE,DEU,TRUE,FALSE,0,,,,,,0
CZE,2008,1.7135331,13,20,DEU,FALSE,44,Czechia,2007,FALSE,DEU,TRUE,FALSE,0,,,,,,0
CZE,2009,1.7835402999999999,13,17,DEU,FALSE,44,Czechia,2008,FALSE,DEU,TRUE,FALSE,0,,,,,,0
CZE,2010,1.9602547000000001,13,16,DEU,FALSE,44,Czechia,2009,FALSE,DEU,TRUE,FALSE,0,,,,,,0
CZE,2011,1.7877290000000001,11,15,DEU,FALSE,44,Czechia,2010,FALSE,DEU,TRUE,FALSE,0,,,,,,0
CZE,2012,2.0327897,10,14,DEU,FALSE,44,Czechia,2011,FALSE,DEU,TRUE,FALSE,0,,,,,,0
CZE,2013,1.6872798,10,15,DEU,FALSE,44,Czechia,2012,FALSE,DEU,TRUE,FALSE,0,,,,,,0
CZE,2014,1.9627184,11,14,DEU,FALSE,44,Czechia,2013,FALSE,DEU,TRUE,FALSE,0,,,,,,0
CZE,2015,1.4823962,9,13,DEU,FALSE,44,Czechia,2014,FALSE,DEU,TRUE,FALSE,0,,,,,,0
CZE,2016,1.7407089,10,14,DEU,FALSE,44,Czechia,2015,FALSE,DEU,TRUE,FALSE,0,,,,,,0
CZE,2017,1.6041272,11,14,DEU,FALSE,44,Czechia,2016,FALSE,DEU,TRUE,FALSE,0,,,,,,0
CZE,2018,1.7815146,11,12,DEU,FALSE,44,Czechia,2017,FALSE,DEU,TRUE,FALSE,0,,,,,,0
CZE,2019,1.6164674,10,12,DEU,FALSE,44,Czechia,2018,FALSE,DEU,TRUE,FALSE,0,,,,,,0
CZE,2020,1.9519754000000002,10,11,DEU,FALSE,44,Czechia,2019,FALSE,DEU,TRUE,FALSE,0,,,,,,0
CZE,2021,1.6025671,10,11,DEU,FALSE,44,Czechia,2020,FALSE,DEU,TRUE,FALSE,0,,,,,,0
CZE,2022,2.566382,9,12,DEU,FALSE,44,Czechia,2021,FALSE,DEU,TRUE,FALSE,0,,,,,,0
CZE,2023,2.3002887,,,,,44,Czechia,2022,FALSE,DEU,TRUE,FALSE,0,,,,,,
DEU,1990,2.041094,5,27,FRA,FALSE,45,Germany,,,,FALSE,FALSE,0,,,,,,0
DEU,1991,2.0448421,6,33,FRA,FALSE,45,Germany,1990,FALSE,FRA,TRUE,FALSE,0,,,,,,0
DEU,1992,2.3555954,6,19,FRA,FALSE,45,Germany,1991,FALSE,FRA,TRUE,FALSE,0,,,,,,0
DEU,1993,3.185061,2,14,FRA,FALSE,45,Germany,1992,FALSE,FRA,TRUE,FALSE,0,,,,,,0
DEU,1994,3.306723,4,12,FRA,FALSE,45,Germany,1993,FALSE,FRA,TRUE,FALSE,0,,,,,,0
DEU,1995,2.867321,4,13,FRA,FALSE,45,Germany,1994,FALSE,FRA,TRUE,FALSE,0,,,,,,0
DEU,1996,2.7456069999999997,3,16,FRA,FALSE,45,Germany,1995,FALSE,FRA,TRUE,FALSE,0,,,,,,0
DEU,1997,2.726608,2,17,FRA,FALSE,45,Germany,1996,FALSE,FRA,TRUE,FALSE,0,,,,,,0
DEU,1998,1.7150981,2,17,FRA,FALSE,45,Germany,1997,FALSE,FRA,TRUE,FALSE,0,,,,,,0
DEU,1999,2.0845514,1,15,USA,FALSE,45,Germany,1998,FALSE,FRA,TRUE,FALSE,0,,,,,,0
DEU,2000,1.9944646000000001,1,14,USA,FALSE,45,Germany,1999,FALSE,USA,TRUE,FALSE,0,,,,,,0
DEU,2001,1.8064722999999998,1,10,USA,FALSE,45,Germany,2000,FALSE,USA,TRUE,FALSE,0,,,,,,0
DEU,2002,1.7428375999999999,1,10,USA,FALSE,45,Germany,2001,FALSE,USA,TRUE,FALSE,0,,,,,,0
DEU,2003,2.2304421999999997,1,10,USA,FALSE,45,Germany,2002,FALSE,USA,TRUE,FALSE,0,,,,,,0
DEU,2004,1.868874,1,10,USA,FALSE,45,Germany,2003,FALSE,USA,TRUE,FALSE,0,,,,,,0
DEU,2005,1.7337844,1,10,USA,FALSE,45,Germany,2004,FALSE,USA,TRUE,FALSE,0,,,,,,0
DEU,2006,1.8575930999999999,1,10,USA,FALSE,45,Germany,2005,FALSE,USA,TRUE,FALSE,0,,,,,,0
DEU,2007,1.5463178000000002,2,10,FRA,FALSE,45,Germany,2006,FALSE,USA,TRUE,FALSE,0,,,,,,0
DEU,2008,1.5455288,2,10,FRA,FALSE,45,Germany,2007,FALSE,FRA,TRUE,FALSE,0,,,,,,0
DEU,2009,1.7508352999999999,2,8,FRA,FALSE,45,Germany,2008,FALSE,FRA,TRUE,FALSE,0,,,,,,0
DEU,2010,1.8807847,2,5,FRA,FALSE,45,Germany,2009,FALSE,FRA,TRUE,FALSE,0,,,,,,0
DEU,2011,1.7290529000000001,2,3,FRA,FALSE,45,Germany,2010,FALSE,FRA,TRUE,FALSE,0,,,,,,0
DEU,2012,1.8091739,2,3,FRA,FALSE,45,Germany,2011,FALSE,FRA,TRUE,FALSE,0,,,,,,0
DEU,2013,1.6583417999999999,2,3,FRA,FALSE,45,Germany,2012,FALSE,FRA,TRUE,FALSE,0,,,,,,0
DEU,2014,2.0935104,1,3,USA,FALSE,45,Germany,2013,FALSE,FRA,TRUE,FALSE,0,,,,,,0
DEU,2015,1.4258262,1,4,USA,FALSE,45,Germany,2014,FALSE,USA,TRUE,FALSE,0,,,,,,0
DEU,2016,1.6830969,1,4,USA,FALSE,45,Germany,2015,FALSE,USA,TRUE,FALSE,0,,,,,,0
DEU,2017,1.5681172,1,3,USA,FALSE,45,Germany,2016,FALSE,USA,TRUE,FALSE,0,,,,,,0
DEU,2018,1.7038146,1,2,USA,FALSE,45,Germany,2017,FALSE,USA,TRUE,FALSE,0,,,,,,0
DEU,2019,1.5603414,1,2,USA,FALSE,45,Germany,2018,FALSE,USA,TRUE,FALSE,0,,,,,,0
DEU,2020,1.8745943999999999,1,2,USA,FALSE,45,Germany,2019,FALSE,USA,TRUE,FALSE,0,,,,,,0
DEU,2021,1.4600981,1,2,USA,FALSE,45,Germany,2020,FALSE,USA,TRUE,FALSE,0,,,,,,0
DEU,2022,2.483986,1,3,USA,FALSE,45,Germany,2021,FALSE,USA,TRUE,FALSE,0,,,,,,0
DEU,2023,2.1350637,,,,,45,Germany,2022,FALSE,USA,TRUE,FALSE,0,,,,,,
DJI,1990,0.3895459,,,GRC,FALSE,46,Djibouti,,,,FALSE,FALSE,0,,,,,,0
DJI,1991,0.3764726,17,,YEM,FALSE,46,Djibouti,1990,FALSE,GRC,TRUE,FALSE,0,,,,,,0
DJI,1992,0.060522399999999976,,17,KEN,FALSE,46,Djibouti,1991,FALSE,YEM,TRUE,FALSE,0,,,,,,0
DJI,1993,0.6926391000000001,18,7,GBR,FALSE,46,Djibouti,1992,FALSE,KEN,TRUE,FALSE,0,,,,,,0
DJI,1994,1.2352779,19,15,UGA,FALSE,46,Djibouti,1993,FALSE,GBR,TRUE,FALSE,0,,,,,,0
DJI,1995,0.81136490000000006,17,16,ETH,FALSE,46,Djibouti,1994,FALSE,UGA,TRUE,FALSE,0,,,,,,0
DJI,1996,0.35835629999999985,29,,UGA,FALSE,46,Djibouti,1995,FALSE,ETH,TRUE,FALSE,0,,,,,,0
DJI,1997,0.38221610000000006,,33,ETH,FALSE,46,Djibouti,1996,FALSE,UGA,TRUE,FALSE,0,,,,,,0
DJI,1998,0.30153690000000005,11,36,YEM,FALSE,46,Djibouti,1997,FALSE,ETH,TRUE,FALSE,0,,,,,,0
DJI,1999,0.13342920000000003,18,38,ETH,FALSE,46,Djibouti,1998,FALSE,YEM,TRUE,FALSE,0,,,,,,0
DJI,2000,0.18755410000000006,15,25,ETH,FALSE,46,Djibouti,1999,FALSE,ETH,TRUE,FALSE,0,,,,,,0
DJI,2001,0.5405117,15,11,ETH,FALSE,46,Djibouti,2000,FALSE,ETH,TRUE,FALSE,0,,,,,,0
DJI,2002,0.4641143000000001,16,34,ETH,FALSE,46,Djibouti,2001,FALSE,ETH,TRUE,FALSE,0,,,,,,0
DJI,2003,0.1121048,24,17,ETH,FALSE,46,Djibouti,2002,FALSE,ETH,TRUE,FALSE,0,,,,,,0
DJI,2004,0.12574929999999995,14,9,YEM,FALSE,46,Djibouti,2003,FALSE,ETH,TRUE,FALSE,0,,,,,,0
DJI,2005,0.06471769999999999,9,17,ETH,FALSE,46,Djibouti,2004,FALSE,YEM,TRUE,FALSE,0,,,,,,0
DJI,2006,0.22476550000000006,9,32,ETH,FALSE,46,Djibouti,2005,FALSE,ETH,TRUE,FALSE,0,,,,,,0
DJI,2007,0.2535725999999999,14,10,SAU,FALSE,46,Djibouti,2006,FALSE,ETH,TRUE,FALSE,0,,,,,,0
DJI,2008,0.23233689999999996,13,12,KEN,FALSE,46,Djibouti,2007,FALSE,SAU,TRUE,FALSE,0,,,,,,0
DJI,2009,0.37817639999999997,15,38,ETH,FALSE,46,Djibouti,2008,FALSE,KEN,TRUE,FALSE,0,,,,,,0
DJI,2010,0.34316370000000007,7,12,SAU,FALSE,46,Djibouti,2009,FALSE,ETH,TRUE,FALSE,0,,,,,,0
DJI,2011,0.08603309999999997,11,25,EGY,FALSE,46,Djibouti,2010,FALSE,SAU,TRUE,FALSE,0,,,,,,0
DJI,2012,0.06573079999999998,6,21,ARE,FALSE,46,Djibouti,2011,FALSE,EGY,TRUE,FALSE,0,,,,,,0
DJI,2013,0.35925700000000005,24,35,SAU,FALSE,46,Djibouti,2012,FALSE,ARE,TRUE,FALSE,0,,,,,,0
DJI,2014,0.13130929999999996,12,15,ARE,FALSE,46,Djibouti,2013,FALSE,SAU,TRUE,FALSE,0,,,,,,0
DJI,2015,0.4943999,6,32,SAU,FALSE,46,Djibouti,2014,FALSE,ARE,TRUE,FALSE,0,,,,,,0
DJI,2016,0.3527787,11,41,SAU,FALSE,46,Djibouti,2015,FALSE,SAU,TRUE,FALSE,0,,,,,,0
DJI,2017,0.2740457,5,62,SAU,FALSE,46,Djibouti,2016,FALSE,SAU,TRUE,FALSE,0,,,,,,0
DJI,2018,0.15530910000000003,10,34,SAU,FALSE,46,Djibouti,2017,FALSE,SAU,TRUE,FALSE,0,,,,,,0
DJI,2019,0.05740410000000001,7,3,SAU,FALSE,46,Djibouti,2018,FALSE,SAU,TRUE,FALSE,0,,,,,,0
DJI,2020,0.048829800000000034,11,2,ETH,FALSE,46,Djibouti,2019,FALSE,SAU,TRUE,FALSE,0,,,,,,0
DJI,2021,0.2636911,21,2,ETH,FALSE,46,Djibouti,2020,FALSE,ETH,TRUE,FALSE,0,,,,,,0
DJI,2022,0.40188690000000005,8,2,ETH,FALSE,46,Djibouti,2021,FALSE,ETH,TRUE,FALSE,0,,,,,,0
DJI,2023,0.12060890000000002,,,,,46,Djibouti,2022,FALSE,ETH,TRUE,FALSE,0,,,,,,
DMA,1990,0.4778141,7,,GBR,FALSE,47,Dominica,,,,FALSE,FALSE,0,,,,,,0
DMA,1991,0.584848,5,,GBR,FALSE,47,Dominica,1990,FALSE,GBR,TRUE,FALSE,0,,,,,,0
DMA,1992,0.9726485,7,33,GBR,FALSE,47,Dominica,1991,FALSE,GBR,TRUE,FALSE,0,,,,,,0
DMA,1993,1.6496582000000002,6,42,GBR,FALSE,47,Dominica,1992,FALSE,GBR,TRUE,FALSE,0,,,,,,0
DMA,1994,1.71216941,3,68,KOR,FALSE,47,Dominica,1993,FALSE,GBR,TRUE,FALSE,0,,,,,,0
DMA,1995,1.9870016000000001,4,,KOR,FALSE,47,Dominica,1994,FALSE,KOR,TRUE,FALSE,0,,,,,,0
DMA,1996,1.1477267999999998,5,48,GBR,FALSE,47,Dominica,1995,FALSE,KOR,TRUE,FALSE,0,,,,,,0
DMA,1997,0.8070852000000001,3,53,GBR,FALSE,47,Dominica,1996,FALSE,GBR,TRUE,FALSE,0,,,,,,0
DMA,1998,0.011507299999999998,6,25,GBR,FALSE,47,Dominica,1997,FALSE,GBR,TRUE,FALSE,0,,,,,,0
DMA,1999,0.245861,2,17,GBR,FALSE,47,Dominica,1998,FALSE,GBR,TRUE,FALSE,0,,,,,,0
DMA,2000,0.5149807000000001,7,13,GBR,FALSE,47,Dominica,1999,FALSE,GBR,TRUE,FALSE,0,,,,,,0
DMA,2001,0.16948560000000001,9,17,GBR,FALSE,47,Dominica,2000,FALSE,GBR,TRUE,FALSE,0,,,,,,0
DMA,2002,0.14182300000000003,3,14,GBR,FALSE,47,Dominica,2001,FALSE,GBR,TRUE,FALSE,0,,,,,,0
DMA,2003,0.2780534,3,25,GBR,FALSE,47,Dominica,2002,FALSE,GBR,TRUE,FALSE,0,,,,,,0
DMA,2004,0.27657850000000006,9,25,GBR,FALSE,47,Dominica,2003,FALSE,GBR,TRUE,FALSE,0,,,,,,0
DMA,2005,0.17374620000000007,10,27,GBR,FALSE,47,Dominica,2004,FALSE,GBR,TRUE,FALSE,0,,,,,,0
DMA,2006,0.32360469999999997,9,3,GBR,FALSE,47,Dominica,2005,FALSE,GBR,TRUE,FALSE,0,,,,,,0
DMA,2007,0.11400560000000004,12,14,JAM,FALSE,47,Dominica,2006,FALSE,GBR,TRUE,FALSE,0,,,,,,0
DMA,2008,0.10222819999999999,12,14,SAU,FALSE,47,Dominica,2007,FALSE,JAM,TRUE,FALSE,0,,,,,,0
DMA,2009,0.02544919999999995,13,15,GBR,FALSE,47,Dominica,2008,FALSE,SAU,TRUE,FALSE,0,,,,,,0
DMA,2010,0.29095290000000007,13,9,JAM,FALSE,47,Dominica,2009,FALSE,GBR,TRUE,FALSE,0,,,,,,0
DMA,2011,0.06055440000000001,17,30,PRY,FALSE,47,Dominica,2010,FALSE,JAM,TRUE,FALSE,0,,,,,,0
DMA,2012,0.14619910000000003,13,23,JAM,FALSE,47,Dominica,2011,FALSE,PRY,TRUE,FALSE,0,,,,,,0
DMA,2013,0.25174789999999997,9,48,JAM,FALSE,47,Dominica,2012,FALSE,JAM,TRUE,FALSE,0,,,,,,0
DMA,2014,0.5660744,18,25,JAM,FALSE,47,Dominica,2013,FALSE,JAM,TRUE,FALSE,0,,,,,,0
DMA,2015,0.1907072,12,20,BHS,FALSE,47,Dominica,2014,FALSE,JAM,TRUE,FALSE,0,,,,,,0
DMA,2016,0.008284000000000014,6,15,POL,FALSE,47,Dominica,2015,FALSE,BHS,TRUE,FALSE,0,,,,,,0
DMA,2017,0.14309529999999998,8,22,SAU,FALSE,47,Dominica,2016,FALSE,POL,TRUE,FALSE,0,,,,,,0
DMA,2018,0.07191539999999996,7,40,EGY,FALSE,47,Dominica,2017,FALSE,SAU,TRUE,FALSE,0,,,,,,0
DMA,2019,0.25482740000000004,9,25,SAU,FALSE,47,Dominica,2018,FALSE,EGY,TRUE,FALSE,0,,,,,,0
DMA,2020,0.00354410000000005,9,21,SAU,FALSE,47,Dominica,2019,FALSE,SAU,TRUE,FALSE,0,,,,,,0
DMA,2021,0.2282881,5,6,SAU,FALSE,47,Dominica,2020,FALSE,SAU,TRUE,FALSE,0,,,,,,0
DMA,2022,0.5388121,7,15,BHS,FALSE,47,Dominica,2021,FALSE,SAU,TRUE,FALSE,0,,,,,,0
DMA,2023,0.37739000000000006,,,,,47,Dominica,2022,FALSE,BHS,TRUE,FALSE,0,,,,,,
DNK,1990,1.5280019999999999,7,35,DEU,FALSE,48,Denmark,,,,FALSE,FALSE,0,,,,,,0
DNK,1991,1.6617180999999999,7,35,DEU,FALSE,48,Denmark,1990,FALSE,DEU,TRUE,FALSE,0,,,,,,0
DNK,1992,2.0698654000000003,8,29,DEU,FALSE,48,Denmark,1991,FALSE,DEU,TRUE,FALSE,0,,,,,,0
DNK,1993,2.778733,5,20,DEU,FALSE,48,Denmark,1992,FALSE,DEU,TRUE,FALSE,0,,,,,,0
DNK,1994,3.115603,4,20,DEU,FALSE,48,Denmark,1993,FALSE,DEU,TRUE,FALSE,0,,,,,,0
DNK,1995,2.782776,6,19,DEU,FALSE,48,Denmark,1994,FALSE,DEU,TRUE,FALSE,0,,,,,,0
DNK,1996,2.821766,6,19,DEU,FALSE,48,Denmark,1995,FALSE,DEU,TRUE,FALSE,0,,,,,,0
DNK,1997,2.6296049999999997,6,20,DEU,FALSE,48,Denmark,1996,FALSE,DEU,TRUE,FALSE,0,,,,,,0
DNK,1998,1.6100351000000002,5,21,DEU,FALSE,48,Denmark,1997,FALSE,DEU,TRUE,FALSE,0,,,,,,0
DNK,1999,1.9111854,4,17,DEU,FALSE,48,Denmark,1998,FALSE,DEU,TRUE,FALSE,0,,,,,,0
DNK,2000,1.9160206,4,16,DEU,FALSE,48,Denmark,1999,FALSE,DEU,TRUE,FALSE,0,,,,,,0
DNK,2001,1.8464483,4,16,DEU,FALSE,48,Denmark,2000,FALSE,DEU,TRUE,FALSE,0,,,,,,0
DNK,2002,1.6942055999999999,4,17,DEU,FALSE,48,Denmark,2001,FALSE,DEU,TRUE,FALSE,0,,,,,,0
DNK,2003,2.0621962,4,14,DEU,FALSE,48,Denmark,2002,FALSE,DEU,TRUE,FALSE,0,,,,,,0
DNK,2004,1.885658,4,13,DEU,FALSE,48,Denmark,2003,FALSE,DEU,TRUE,FALSE,0,,,,,,0
DNK,2005,1.7955734,4,15,DEU,FALSE,48,Denmark,2004,FALSE,DEU,TRUE,FALSE,0,,,,,,0
DNK,2006,1.8687030999999998,4,14,SWE,FALSE,48,Denmark,2005,FALSE,DEU,TRUE,FALSE,0,,,,,,0
DNK,2007,1.6266950000000002,4,13,SWE,FALSE,48,Denmark,2006,FALSE,SWE,TRUE,FALSE,0,,,,,,0
DNK,2008,1.7008421,4,10,SWE,FALSE,48,Denmark,2007,FALSE,SWE,TRUE,FALSE,0,,,,,,0
DNK,2009,1.7180683,4,10,DEU,FALSE,48,Denmark,2008,FALSE,SWE,TRUE,FALSE,0,,,,,,0
DNK,2010,1.9239907,4,7,DEU,FALSE,48,Denmark,2009,FALSE,DEU,TRUE,FALSE,0,,,,,,0
DNK,2011,1.792288,4,9,DEU,FALSE,48,Denmark,2010,FALSE,DEU,TRUE,FALSE,0,,,,,,0
DNK,2012,1.826895,4,8,SWE,FALSE,48,Denmark,2011,FALSE,DEU,TRUE,FALSE,0,,,,,,0
DNK,2013,1.5048458,4,7,DEU,FALSE,48,Denmark,2012,FALSE,SWE,TRUE,FALSE,0,,,,,,0
DNK,2014,1.9155524000000002,3,6,DEU,FALSE,48,Denmark,2013,FALSE,DEU,TRUE,FALSE,0,,,,,,0
DNK,2015,1.3228012,3,6,DEU,FALSE,48,Denmark,2014,FALSE,DEU,TRUE,FALSE,0,,,,,,0
DNK,2016,1.6334379,3,5,DEU,FALSE,48,Denmark,2015,FALSE,DEU,TRUE,FALSE,0,,,,,,0
DNK,2017,1.4978532,3,6,DEU,FALSE,48,Denmark,2016,FALSE,DEU,TRUE,FALSE,0,,,,,,0
DNK,2018,1.6395986,3,6,DEU,FALSE,48,Denmark,2017,FALSE,DEU,TRUE,FALSE,0,,,,,,0
DNK,2019,1.5082164,2,6,DEU,FALSE,48,Denmark,2018,FALSE,DEU,TRUE,FALSE,0,,,,,,0
DNK,2020,1.7928164,1,4,USA,FALSE,48,Denmark,2019,FALSE,DEU,TRUE,FALSE,0,,,,,,0
DNK,2021,1.4503211,2,4,DEU,FALSE,48,Denmark,2020,FALSE,USA,TRUE,FALSE,0,,,,,,0
DNK,2022,2.346638,2,5,DEU,FALSE,48,Denmark,2021,FALSE,DEU,TRUE,FALSE,0,,,,,,0
DNK,2023,2.0771467,,,,,48,Denmark,2022,FALSE,DEU,TRUE,FALSE,0,,,,,,
DOM,1990,0.10809237,1,,USA,FALSE,49,Dominican Republic,,,,FALSE,FALSE,0,,,,,,0
DOM,1991,0.29606104,1,,USA,FALSE,49,Dominican Republic,1990,FALSE,USA,TRUE,FALSE,0,,,,,,0
DOM,1992,1.1422935,1,60,USA,FALSE,49,Dominican Republic,1991,FALSE,USA,TRUE,FALSE,0,,,,,,0
DOM,1993,1.8521960000000002,1,,USA,FALSE,49,Dominican Republic,1992,FALSE,USA,TRUE,FALSE,0,,,,,,0
DOM,1996,1.24356859,1,76,USA,FALSE,49,Dominican Republic,1993,FALSE,USA,TRUE,FALSE,0,,,,,,0
DOM,1997,1.0759688,1,84,USA,FALSE,49,Dominican Republic,1996,FALSE,USA,TRUE,FALSE,0,,,,,,0
DOM,1998,0.06372339999999999,1,59,USA,FALSE,49,Dominican Republic,1997,FALSE,USA,TRUE,FALSE,0,,,,,,0
DOM,1999,0.3395975,1,49,USA,FALSE,49,Dominican Republic,1998,FALSE,USA,TRUE,FALSE,0,,,,,,0
DOM,2000,0.42686810000000003,1,40,USA,FALSE,49,Dominican Republic,1999,FALSE,USA,TRUE,FALSE,0,,,,,,0
DOM,2001,0.24073830000000002,1,59,USA,FALSE,49,Dominican Republic,2000,FALSE,USA,TRUE,FALSE,0,,,,,,0
DOM,2002,0.16990519999999998,1,33,USA,FALSE,49,Dominican Republic,2001,FALSE,USA,TRUE,FALSE,0,,,,,,0
DOM,2003,0.929485769,1,35,USA,FALSE,49,Dominican Republic,2002,FALSE,USA,TRUE,FALSE,0,,,,,,0
DOM,2004,0.86487187,1,21,USA,FALSE,49,Dominican Republic,2003,FALSE,USA,TRUE,FALSE,0,,,,,,0
DOM,2005,0.7392055200000001,1,17,USA,FALSE,49,Dominican Republic,2004,FALSE,USA,TRUE,FALSE,0,,,,,,0
DOM,2006,0.92216703,1,10,USA,FALSE,49,Dominican Republic,2005,FALSE,USA,TRUE,FALSE,0,,,,,,0
DOM,2007,0.10266180000000003,1,11,USA,FALSE,49,Dominican Republic,2006,FALSE,USA,TRUE,FALSE,0,,,,,,0
DOM,2008,0.24171130000000002,1,9,USA,FALSE,49,Dominican Republic,2007,FALSE,USA,TRUE,FALSE,0,,,,,,0
DOM,2009,0.09106670000000006,1,9,USA,FALSE,49,Dominican Republic,2008,FALSE,USA,TRUE,FALSE,0,,,,,,0
DOM,2010,0.30817110000000003,1,8,USA,FALSE,49,Dominican Republic,2009,FALSE,USA,TRUE,FALSE,0,,,,,,0
DOM,2011,0.24086620000000003,1,3,USA,FALSE,49,Dominican Republic,2010,FALSE,USA,TRUE,FALSE,0,,,,,,0
DOM,2012,0.395828,1,3,USA,FALSE,49,Dominican Republic,2011,FALSE,USA,TRUE,FALSE,0,,,,,,0
DOM,2013,0.1064811,1,4,USA,FALSE,49,Dominican Republic,2012,FALSE,USA,TRUE,FALSE,0,,,,,,0
DOM,2014,0.25057640000000003,1,4,USA,FALSE,49,Dominican Republic,2013,FALSE,USA,TRUE,FALSE,0,,,,,,0
DOM,2015,0.45778149999999995,1,6,USA,FALSE,49,Dominican Republic,2014,FALSE,USA,TRUE,FALSE,0,,,,,,0
DOM,2016,0.01751229999999998,1,10,USA,FALSE,49,Dominican Republic,2015,FALSE,USA,TRUE,FALSE,0,,,,,,0
DOM,2017,0.2557871,1,7,USA,FALSE,49,Dominican Republic,2016,FALSE,USA,TRUE,FALSE,0,,,,,,0
DOM,2018,0.2166209,1,8,USA,FALSE,49,Dominican Republic,2017,FALSE,USA,TRUE,FALSE,0,,,,,,0
DOM,2019,0.05827140000000003,1,6,USA,FALSE,49,Dominican Republic,2018,FALSE,USA,TRUE,FALSE,0,,,,,,0
DOM,2020,0.24175510000000006,1,6,USA,FALSE,49,Dominican Republic,2019,FALSE,USA,TRUE,FALSE,0,,,,,,0
DOM,2021,0.12546659999999998,1,6,USA,FALSE,49,Dominican Republic,2020,FALSE,USA,TRUE,FALSE,0,,,,,,0
DOM,2022,1.081921927,1,4,USA,FALSE,49,Dominican Republic,2021,FALSE,USA,TRUE,FALSE,0,,,,,,0
DOM,2023,0.72330475,,,,,49,Dominican Republic,2022,FALSE,USA,TRUE,FALSE,0,,,,,,
DZA,1990,0.7380477,31,,DEU,FALSE,50,Algeria,,,,FALSE,FALSE,0,,,,,,0
DZA,1991,0.8679739,4,,DEU,FALSE,50,Algeria,1990,FALSE,DEU,TRUE,FALSE,0,,,,,,0
DZA,1992,0.11411400000000005,13,32,ITA,FALSE,50,Algeria,1991,FALSE,DEU,TRUE,FALSE,0,,,,,,0
DZA,1993,0.6970686,8,34,ITA,FALSE,50,Algeria,1992,FALSE,ITA,TRUE,FALSE,0,,,,,,0
DZA,1994,0.750896,7,38,FRA,FALSE,50,Algeria,1993,FALSE,ITA,TRUE,FALSE,0,,,,,,0
DZA,1995,0.6664677000000001,9,23,FRA,FALSE,50,Algeria,1994,FALSE,FRA,TRUE,FALSE,0,,,,,,0
DZA,1996,0.33601789999999987,9,80,FRA,FALSE,50,Algeria,1995,FALSE,FRA,TRUE,FALSE,0,,,,,,0
DZA,1997,0.23360060000000005,5,28,FRA,FALSE,50,Algeria,1996,FALSE,FRA,TRUE,FALSE,0,,,,,,0
DZA,1998,0.3994511,7,63,FRA,FALSE,50,Algeria,1997,FALSE,FRA,TRUE,FALSE,0,,,,,,0
DZA,1999,0.24364700000000006,8,18,FRA,FALSE,50,Algeria,1998,FALSE,FRA,TRUE,FALSE,0,,,,,,0
DZA,2000,0.47987840000000004,2,32,ESP,FALSE,50,Algeria,1999,FALSE,FRA,TRUE,FALSE,0,,,,,,0
DZA,2001,0.7097117000000001,2,23,ESP,FALSE,50,Algeria,2000,FALSE,ESP,TRUE,FALSE,0,,,,,,0
DZA,2002,0.6397664000000001,2,20,ESP,FALSE,50,Algeria,2001,FALSE,ESP,TRUE,FALSE,0,,,,,,0
DZA,2003,0.09109980000000006,1,18,USA,FALSE,50,Algeria,2002,FALSE,ESP,TRUE,FALSE,0,,,,,,0
DZA,2004,0.2518659999999999,1,14,USA,FALSE,50,Algeria,2003,FALSE,USA,TRUE,FALSE,0,,,,,,0
DZA,2005,0.14540979999999992,1,14,USA,FALSE,50,Algeria,2004,FALSE,USA,TRUE,FALSE,0,,,,,,0
DZA,2006,0.44368189999999996,1,23,USA,FALSE,50,Algeria,2005,FALSE,USA,TRUE,FALSE,0,,,,,,0
DZA,2007,0.63613,1,11,USA,FALSE,50,Algeria,2006,FALSE,USA,TRUE,FALSE,0,,,,,,0
DZA,2008,0.6287499000000001,1,18,USA,FALSE,50,Algeria,2007,FALSE,USA,TRUE,FALSE,0,,,,,,0
DZA,2009,0.5923747,1,10,USA,FALSE,50,Algeria,2008,FALSE,USA,TRUE,FALSE,0,,,,,,0
DZA,2010,0.2751023,1,10,USA,FALSE,50,Algeria,2009,FALSE,USA,TRUE,FALSE,0,,,,,,0
DZA,2011,0.515969,1,11,USA,FALSE,50,Algeria,2010,FALSE,USA,TRUE,FALSE,0,,,,,,0
DZA,2012,0.122529,2,11,ITA,FALSE,50,Algeria,2011,FALSE,USA,TRUE,FALSE,0,,,,,,0
DZA,2013,0.47876110000000005,5,12,ESP,FALSE,50,Algeria,2012,FALSE,ITA,TRUE,FALSE,0,,,,,,0
DZA,2014,0.1402972,5,14,ESP,FALSE,50,Algeria,2013,FALSE,ESP,TRUE,FALSE,0,,,,,,0
DZA,2015,1.0594948000000002,3,14,ESP,FALSE,50,Algeria,2014,FALSE,ESP,TRUE,FALSE,0,,,,,,0
DZA,2016,0.9316821,3,16,ESP,FALSE,50,Algeria,2015,FALSE,ESP,TRUE,FALSE,0,,,,,,0
DZA,2017,0.6209726,3,15,ITA,FALSE,50,Algeria,2016,FALSE,ESP,TRUE,FALSE,0,,,,,,0
DZA,2018,0.4875745,4,10,ITA,FALSE,50,Algeria,2017,FALSE,ITA,TRUE,FALSE,0,,,,,,0
DZA,2019,0.6016581,4,11,ITA,FALSE,50,Algeria,2018,FALSE,ITA,TRUE,FALSE,0,,,,,,0
DZA,2020,0.5059226,15,4,ITA,FALSE,50,Algeria,2019,FALSE,ITA,TRUE,FALSE,0,,,,,,0
DZA,2021,0.6245468000000001,5,11,ITA,FALSE,50,Algeria,2020,FALSE,ITA,TRUE,FALSE,0,,,,,,0
DZA,2022,0.04044200000000009,5,13,ITA,FALSE,50,Algeria,2021,FALSE,ITA,TRUE,FALSE,0,,,,,,0
DZA,2023,0.20774130000000002,,,,,50,Algeria,2022,FALSE,ITA,TRUE,FALSE,0,,,,,,
ECU,1990,0.3878631,1,32,USA,FALSE,51,Ecuador,,,,FALSE,FALSE,0,,,,,,0
ECU,1991,0.12348039999999999,1,42,USA,FALSE,51,Ecuador,1990,FALSE,USA,TRUE,FALSE,0,,,,,,0
ECU,1992,0.42242620000000003,1,42,USA,FALSE,51,Ecuador,1991,FALSE,USA,TRUE,FALSE,0,,,,,,0
ECU,1993,1.2354271000000001,1,43,USA,FALSE,51,Ecuador,1992,FALSE,USA,TRUE,FALSE,0,,,,,,0
ECU,1994,1.1978402,1,24,USA,FALSE,51,Ecuador,1993,FALSE,USA,TRUE,FALSE,0,,,,,,0
ECU,1995,1.6689802,1,22,USA,FALSE,51,Ecuador,1994,FALSE,USA,TRUE,FALSE,0,,,,,,0
ECU,1996,1.0425106999999998,1,14,USA,FALSE,51,Ecuador,1995,FALSE,USA,TRUE,FALSE,0,,,,,,0
ECU,1997,1.12175112,1,16,USA,FALSE,51,Ecuador,1996,FALSE,USA,TRUE,FALSE,0,,,,,,0
ECU,1998,0.34132657,1,17,USA,FALSE,51,Ecuador,1997,FALSE,USA,TRUE,FALSE,0,,,,,,0
ECU,1999,0.30705,1,16,USA,FALSE,51,Ecuador,1998,FALSE,USA,TRUE,FALSE,0,,,,,,0
ECU,2000,0.36849610000000005,1,19,USA,FALSE,51,Ecuador,1999,FALSE,USA,TRUE,FALSE,0,,,,,,0
ECU,2001,0.22842640000000003,1,24,USA,FALSE,51,Ecuador,2000,FALSE,USA,TRUE,FALSE,0,,,,,,0
ECU,2002,0.24798249999999994,1,32,USA,FALSE,51,Ecuador,2001,FALSE,USA,TRUE,FALSE,0,,,,,,0
ECU,2003,0.5073875999999999,1,25,USA,FALSE,51,Ecuador,2002,FALSE,USA,TRUE,FALSE,0,,,,,,0
ECU,2004,0.45758770000000004,1,19,USA,FALSE,51,Ecuador,2003,FALSE,USA,TRUE,FALSE,0,,,,,,0
ECU,2005,0.5001004,1,33,USA,FALSE,51,Ecuador,2004,FALSE,USA,TRUE,FALSE,0,,,,,,0
ECU,2006,0.6178399,1,20,USA,FALSE,51,Ecuador,2005,FALSE,USA,TRUE,FALSE,0,,,,,,0
ECU,2007,0.24558780000000008,1,21,USA,FALSE,51,Ecuador,2006,FALSE,USA,TRUE,FALSE,0,,,,,,0
ECU,2008,0.18099720000000002,1,5,USA,FALSE,51,Ecuador,2007,FALSE,USA,TRUE,FALSE,0,,,,,,0
ECU,2009,0.0745188,1,6,USA,FALSE,51,Ecuador,2008,FALSE,USA,TRUE,FALSE,0,,,,,,0
ECU,2010,0.22407500000000002,1,8,USA,FALSE,51,Ecuador,2009,FALSE,USA,TRUE,FALSE,0,,,,,,0
ECU,2011,0.855255,1,11,USA,FALSE,51,Ecuador,2010,FALSE,USA,TRUE,FALSE,0,,,,,,0
ECU,2012,0.34942529999999994,1,8,USA,FALSE,51,Ecuador,2011,FALSE,USA,TRUE,FALSE,0,,,,,,0
ECU,2013,0.8310562000000001,1,8,USA,FALSE,51,Ecuador,2012,FALSE,USA,TRUE,FALSE,0,,,,,,0
ECU,2014,0.3830686,1,7,USA,FALSE,51,Ecuador,2013,FALSE,USA,TRUE,FALSE,0,,,,,,0
ECU,2015,0.8817867999999999,1,2,USA,FALSE,51,Ecuador,2014,FALSE,USA,TRUE,FALSE,0,,,,,,0
ECU,2016,0.505984,1,5,USA,FALSE,51,Ecuador,2015,FALSE,USA,TRUE,FALSE,0,,,,,,0
ECU,2017,0.5368926,1,5,USA,FALSE,51,Ecuador,2016,FALSE,USA,TRUE,FALSE,0,,,,,,0
ECU,2018,0.07279729999999995,1,2,USA,FALSE,51,Ecuador,2017,FALSE,USA,TRUE,FALSE,0,,,,,,0
ECU,2019,0.06351879999999999,1,2,USA,FALSE,51,Ecuador,2018,FALSE,USA,TRUE,FALSE,0,,,,,,0
ECU,2020,0.15275430000000007,1,2,USA,FALSE,51,Ecuador,2019,FALSE,USA,TRUE,FALSE,0,,,,,,0
ECU,2021,0.06346519999999997,1,2,USA,FALSE,51,Ecuador,2020,FALSE,USA,TRUE,FALSE,0,,,,,,0
ECU,2022,0.9736516,1,3,USA,FALSE,51,Ecuador,2021,FALSE,USA,TRUE,FALSE,0,,,,,,0
ECU,2023,0.6674827000000001,,,,,51,Ecuador,2022,FALSE,USA,TRUE,FALSE,0,,,,,,
EGY,1990,0.36358749999999995,22,28,ROU,FALSE,52,Egypt,,,,FALSE,FALSE,0,,,,,,0
EGY,1991,0.37244060000000007,5,,ROU,FALSE,52,Egypt,1990,FALSE,ROU,TRUE,FALSE,0,,,,,,0
EGY,1992,0.13259580000000004,2,53,ESP,FALSE,52,Egypt,1991,FALSE,ROU,TRUE,FALSE,0,,,,,,0
EGY,1993,0.8036315,1,18,USA,FALSE,52,Egypt,1992,FALSE,ESP,TRUE,FALSE,0,,,,,,0
EGY,1994,0.7601969,2,35,ITA,FALSE,52,Egypt,1993,FALSE,USA,TRUE,FALSE,0,,,,,,0
EGY,1995,0.8027626000000001,2,39,ITA,FALSE,52,Egypt,1994,FALSE,ITA,TRUE,FALSE,0,,,,,,0
EGY,1996,0.43632899999999986,3,61,ITA,FALSE,52,Egypt,1995,FALSE,ITA,TRUE,FALSE,0,,,,,,0
EGY,1997,0.2549992000000001,2,24,ITA,FALSE,52,Egypt,1996,FALSE,ITA,TRUE,FALSE,0,,,,,,0
EGY,1998,0.5460038,2,28,ITA,FALSE,52,Egypt,1997,FALSE,ITA,TRUE,FALSE,0,,,,,,0
EGY,1999,0.3443292,2,28,ITA,FALSE,52,Egypt,1998,FALSE,ITA,TRUE,FALSE,0,,,,,,0
EGY,2000,0.5634193999999999,2,17,ITA,FALSE,52,Egypt,1999,FALSE,ITA,TRUE,FALSE,0,,,,,,0
EGY,2001,0.6668786999999999,2,18,ITA,FALSE,52,Egypt,2000,FALSE,ITA,TRUE,FALSE,0,,,,,,0
EGY,2002,0.7205664,2,16,ITA,FALSE,52,Egypt,2001,FALSE,ITA,TRUE,FALSE,0,,,,,,0
EGY,2003,0.2411388000000001,2,15,ITA,FALSE,52,Egypt,2002,FALSE,ITA,TRUE,FALSE,0,,,,,,0
EGY,2004,0.534046,2,19,ITA,FALSE,52,Egypt,2003,FALSE,ITA,TRUE,FALSE,0,,,,,,0
EGY,2005,0.9756465999999999,1,18,USA,FALSE,52,Egypt,2004,FALSE,ITA,TRUE,FALSE,0,,,,,,0
EGY,2006,0.6672269000000001,2,21,ITA,FALSE,52,Egypt,2005,FALSE,USA,TRUE,FALSE,0,,,,,,0
EGY,2007,0.816088,1,25,USA,FALSE,52,Egypt,2006,FALSE,ITA,TRUE,FALSE,0,,,,,,0
EGY,2008,0.8717629,2,19,ITA,FALSE,52,Egypt,2007,FALSE,USA,TRUE,FALSE,0,,,,,,0
EGY,2009,0.7842507,1,12,USA,FALSE,52,Egypt,2008,FALSE,ITA,TRUE,FALSE,0,,,,,,0
EGY,2010,0.6263883,2,12,ITA,FALSE,52,Egypt,2009,FALSE,USA,TRUE,FALSE,0,,,,,,0
EGY,2011,0.2398882,4,8,ITA,FALSE,52,Egypt,2010,FALSE,ITA,TRUE,FALSE,0,,,,,,0
EGY,2012,0.5002932999999999,1,10,USA,FALSE,52,Egypt,2011,FALSE,ITA,TRUE,FALSE,0,,,,,,0
EGY,2013,0.7977922,7,5,ITA,FALSE,52,Egypt,2012,FALSE,USA,TRUE,FALSE,0,,,,,,0
EGY,2014,0.6934736,6,9,ITA,FALSE,52,Egypt,2013,FALSE,ITA,TRUE,FALSE,0,,,,,,0
EGY,2015,1.1382328000000002,5,8,SAU,FALSE,52,Egypt,2014,FALSE,ITA,TRUE,FALSE,0,,,,,,0
EGY,2016,0.8055380999999999,4,15,ARE,FALSE,52,Egypt,2015,FALSE,SAU,TRUE,FALSE,0,,,,,,0
EGY,2017,0.6474568,5,7,SAU,FALSE,52,Egypt,2016,FALSE,ARE,TRUE,FALSE,0,,,,,,0
EGY,2018,0.7355954,2,5,ITA,FALSE,52,Egypt,2017,FALSE,SAU,TRUE,FALSE,0,,,,,,0
EGY,2019,0.6890326,1,8,USA,FALSE,52,Egypt,2018,FALSE,ITA,TRUE,FALSE,0,,,,,,0
EGY,2020,0.44445559999999984,3,10,ARE,FALSE,52,Egypt,2019,FALSE,USA,TRUE,FALSE,0,,,,,,0
EGY,2021,0.6292712,2,7,SAU,FALSE,52,Egypt,2020,FALSE,ARE,TRUE,FALSE,0,,,,,,0
EGY,2022,0.15966230000000003,4,17,TUR,FALSE,52,Egypt,2021,FALSE,SAU,TRUE,FALSE,0,,,,,,0
EGY,2023,0.17744329999999997,,,,,52,Egypt,2022,FALSE,TUR,TRUE,FALSE,0,,,,,,
ERI,1993,0.8876281,,,CZE,FALSE,53,Eritrea,,,,FALSE,FALSE,0,,,,,,0
ERI,1994,1.4634692999999999,,,JPN,FALSE,53,Eritrea,1993,FALSE,CZE,TRUE,FALSE,0,,,,,,0
ERI,1995,1.3649711,7,,SDN,FALSE,53,Eritrea,1994,FALSE,JPN,TRUE,FALSE,0,,,,,,0
ERI,1996,0.7482047999999999,2,,ITA,FALSE,53,Eritrea,1995,FALSE,SDN,TRUE,FALSE,0,,,,,,0
ERI,1997,0.6894826000000001,2,,ITA,FALSE,53,Eritrea,1996,FALSE,ITA,TRUE,FALSE,0,,,,,,0
ERI,1998,0.45725259999999995,6,17,ETH,FALSE,53,Eritrea,1997,FALSE,ITA,TRUE,FALSE,0,,,,,,0
ERI,1999,0.08276510000000004,4,18,ITA,FALSE,53,Eritrea,1998,FALSE,ETH,TRUE,FALSE,0,,,,,,0
ERI,2000,0.26784240000000004,15,,ITA,FALSE,53,Eritrea,1999,FALSE,ITA,TRUE,FALSE,0,,,,,,0
ERI,2001,0.03297990000000006,13,26,ITA,FALSE,53,Eritrea,2000,FALSE,ITA,TRUE,FALSE,0,,,,,,0
ERI,2002,0.12715810000000005,8,42,MYS,FALSE,53,Eritrea,2001,FALSE,ITA,TRUE,FALSE,0,,,,,,0
ERI,2003,0.2619218,14,42,MYS,FALSE,53,Eritrea,2002,FALSE,MYS,TRUE,FALSE,0,,,,,,0
ERI,2004,0.2746596,13,7,ITA,FALSE,53,Eritrea,2003,FALSE,MYS,TRUE,FALSE,0,,,,,,0
ERI,2005,0.12365800000000005,4,11,KEN,FALSE,53,Eritrea,2004,FALSE,ITA,TRUE,FALSE,0,,,,,,0
ERI,2006,0.2736988,10,7,ITA,FALSE,53,Eritrea,2005,FALSE,KEN,TRUE,FALSE,0,,,,,,0
ERI,2007,0.0897017000000001,13,3,DEU,FALSE,53,Eritrea,2006,FALSE,ITA,TRUE,FALSE,0,,,,,,0
ERI,2008,0.012616100000000019,21,4,IND,FALSE,53,Eritrea,2007,FALSE,DEU,TRUE,FALSE,0,,,,,,0
ERI,2009,0.09366129999999995,10,13,SDN,FALSE,53,Eritrea,2008,FALSE,IND,TRUE,FALSE,0,,,,,,0
ERI,2010,0.11837750000000002,16,4,ITA,FALSE,53,Eritrea,2009,FALSE,SDN,TRUE,FALSE,0,,,,,,0
ERI,2011,0.2516615,12,5,CAN,FALSE,53,Eritrea,2010,FALSE,ITA,TRUE,FALSE,0,,,,,,0
ERI,2012,0.12001030000000001,16,6,CAN,FALSE,53,Eritrea,2011,FALSE,CAN,TRUE,FALSE,0,,,,,,0
ERI,2013,0.28164500000000003,16,3,CAN,FALSE,53,Eritrea,2012,FALSE,CAN,TRUE,FALSE,0,,,,,,0
ERI,2014,0.16461290000000006,18,1,CHN,TRUE,53,Eritrea,2013,FALSE,CAN,TRUE,TRUE,1,2014,2013,FALSE,CAN,TRUE,1
ERI,2015,0.4585774,20,1,CHN,TRUE,53,Eritrea,2014,TRUE,CHN,TRUE,FALSE,1,2014,2013,FALSE,CAN,TRUE,1
ERI,2016,0.22977119999999995,12,1,CHN,TRUE,53,Eritrea,2015,TRUE,CHN,TRUE,FALSE,1,2014,2013,FALSE,CAN,TRUE,1
ERI,2017,0.407932,10,1,CHN,TRUE,53,Eritrea,2016,TRUE,CHN,TRUE,FALSE,1,2014,2013,FALSE,CAN,TRUE,1
ERI,2018,0.22028930000000002,9,1,CHN,TRUE,53,Eritrea,2017,TRUE,CHN,TRUE,FALSE,1,2014,2013,FALSE,CAN,TRUE,1
ERI,2019,0.34162709999999996,9,1,CHN,TRUE,53,Eritrea,2018,TRUE,CHN,TRUE,FALSE,1,2014,2013,FALSE,CAN,TRUE,1
ERI,2020,0.10927229999999999,10,1,CHN,TRUE,53,Eritrea,2019,TRUE,CHN,TRUE,FALSE,1,2014,2013,FALSE,CAN,TRUE,1
ERI,2021,0.7681889000000002,8,1,CHN,TRUE,53,Eritrea,2020,TRUE,CHN,TRUE,FALSE,1,2014,2013,FALSE,CAN,TRUE,1
ERI,2022,0.13414349999999997,9,1,CHN,TRUE,53,Eritrea,2021,TRUE,CHN,TRUE,FALSE,1,2014,2013,FALSE,CAN,TRUE,1
ERI,2023,0.27362530000000007,,,,,53,Eritrea,2022,TRUE,CHN,TRUE,FALSE,1,2014,2013,FALSE,CAN,TRUE,
ESP,1990,1.235738,6,26,FRA,FALSE,54,Spain,,,,FALSE,FALSE,0,,,,,,0
ESP,1991,1.2877542,7,26,FRA,FALSE,54,Spain,1990,FALSE,FRA,TRUE,FALSE,0,,,,,,0
ESP,1992,1.7232072,6,23,FRA,FALSE,54,Spain,1991,FALSE,FRA,TRUE,FALSE,0,,,,,,0
ESP,1993,2.545622,5,19,FRA,FALSE,54,Spain,1992,FALSE,FRA,TRUE,FALSE,0,,,,,,0
ESP,1994,2.905736,6,12,FRA,FALSE,54,Spain,1993,FALSE,FRA,TRUE,FALSE,0,,,,,,0
ESP,1995,2.641258,6,13,FRA,FALSE,54,Spain,1994,FALSE,FRA,TRUE,FALSE,0,,,,,,0
ESP,1996,2.729738,6,25,FRA,FALSE,54,Spain,1995,FALSE,FRA,TRUE,FALSE,0,,,,,,0
ESP,1997,2.619234,6,27,FRA,FALSE,54,Spain,1996,FALSE,FRA,TRUE,FALSE,0,,,,,,0
ESP,1998,1.6098501,6,30,FRA,FALSE,54,Spain,1997,FALSE,FRA,TRUE,FALSE,0,,,,,,0
ESP,1999,1.7788324000000002,6,24,FRA,FALSE,54,Spain,1998,FALSE,FRA,TRUE,FALSE,0,,,,,,0
ESP,2000,1.8079366000000001,6,25,FRA,FALSE,54,Spain,1999,FALSE,FRA,TRUE,FALSE,0,,,,,,0
ESP,2001,1.6704233,6,21,FRA,FALSE,54,Spain,2000,FALSE,FRA,TRUE,FALSE,0,,,,,,0
ESP,2002,1.6635035999999999,6,20,FRA,FALSE,54,Spain,2001,FALSE,FRA,TRUE,FALSE,0,,,,,,0
ESP,2003,2.0654152,6,17,FRA,FALSE,54,Spain,2002,FALSE,FRA,TRUE,FALSE,0,,,,,,0
ESP,2004,1.834065,6,16,FRA,FALSE,54,Spain,2003,FALSE,FRA,TRUE,FALSE,0,,,,,,0
ESP,2005,1.6545208,6,15,FRA,FALSE,54,Spain,2004,FALSE,FRA,TRUE,FALSE,0,,,,,,0
ESP,2006,1.8819471,6,14,FRA,FALSE,54,Spain,2005,FALSE,FRA,TRUE,FALSE,0,,,,,,0
ESP,2007,1.5392927,6,15,FRA,FALSE,54,Spain,2006,FALSE,FRA,TRUE,FALSE,0,,,,,,0
ESP,2008,1.5692031,6,16,FRA,FALSE,54,Spain,2007,FALSE,FRA,TRUE,FALSE,0,,,,,,0
ESP,2009,1.5520369999999999,6,15,FRA,FALSE,54,Spain,2008,FALSE,FRA,TRUE,FALSE,0,,,,,,0
ESP,2010,1.6746628000000001,6,12,FRA,FALSE,54,Spain,2009,FALSE,FRA,TRUE,FALSE,0,,,,,,0
ESP,2011,1.7145239,6,11,FRA,FALSE,54,Spain,2010,FALSE,FRA,TRUE,FALSE,0,,,,,,0
ESP,2012,1.7936223,6,10,FRA,FALSE,54,Spain,2011,FALSE,FRA,TRUE,FALSE,0,,,,,,0
ESP,2013,1.4228474,6,12,FRA,FALSE,54,Spain,2012,FALSE,FRA,TRUE,FALSE,0,,,,,,0
ESP,2014,1.7347047,6,11,FRA,FALSE,54,Spain,2013,FALSE,FRA,TRUE,FALSE,0,,,,,,0
ESP,2015,1.3354652,6,9,FRA,FALSE,54,Spain,2014,FALSE,FRA,TRUE,FALSE,0,,,,,,0
ESP,2016,1.6379089,6,10,FRA,FALSE,54,Spain,2015,FALSE,FRA,TRUE,FALSE,0,,,,,,0
ESP,2017,1.4205582,6,8,FRA,FALSE,54,Spain,2016,FALSE,FRA,TRUE,FALSE,0,,,,,,0
ESP,2018,1.4982791,6,8,FRA,FALSE,54,Spain,2017,FALSE,FRA,TRUE,FALSE,0,,,,,,0
ESP,2019,1.4676564,6,8,FRA,FALSE,54,Spain,2018,FALSE,FRA,TRUE,FALSE,0,,,,,,0
ESP,2020,1.5560737,6,7,FRA,FALSE,54,Spain,2019,FALSE,FRA,TRUE,FALSE,0,,,,,,0
ESP,2021,1.2148296,6,7,FRA,FALSE,54,Spain,2020,FALSE,FRA,TRUE,FALSE,0,,,,,,0
ESP,2022,2.14525,5,11,FRA,FALSE,54,Spain,2021,FALSE,FRA,TRUE,FALSE,0,,,,,,0
ESP,2023,1.9340446999999998,,,,,54,Spain,2022,FALSE,FRA,TRUE,FALSE,0,,,,,,
EST,1991,1.5495111,,,,,55,Estonia,,,,FALSE,FALSE,0,,,,,,
EST,1992,1.9419924,5,3,SWE,FALSE,55,Estonia,1991,,,FALSE,FALSE,0,,,,,,0
EST,1993,2.5431850000000003,6,7,SWE,FALSE,55,Estonia,1992,FALSE,SWE,TRUE,FALSE,0,,,,,,0
EST,1994,2.889946,8,16,FIN,FALSE,55,Estonia,1993,FALSE,SWE,TRUE,FALSE,0,,,,,,0
EST,1995,2.730322,11,34,FIN,FALSE,55,Estonia,1994,FALSE,FIN,TRUE,FALSE,0,,,,,,0
EST,1996,2.661418,10,58,FIN,FALSE,55,Estonia,1995,FALSE,FIN,TRUE,FALSE,0,,,,,,0
EST,1997,2.539433,10,34,FIN,FALSE,55,Estonia,1996,FALSE,FIN,TRUE,FALSE,0,,,,,,0
EST,1998,1.6547801,10,40,FIN,FALSE,55,Estonia,1997,FALSE,FIN,TRUE,FALSE,0,,,,,,0
EST,1999,1.8863354,12,37,FIN,FALSE,55,Estonia,1998,FALSE,FIN,TRUE,FALSE,0,,,,,,0
EST,2000,1.8678306,3,35,FIN,FALSE,55,Estonia,1999,FALSE,FIN,TRUE,FALSE,0,,,,,,0
EST,2001,1.7223053,4,31,FIN,FALSE,55,Estonia,2000,FALSE,FIN,TRUE,FALSE,0,,,,,,0
EST,2002,1.6181926,7,21,FIN,FALSE,55,Estonia,2001,FALSE,FIN,TRUE,FALSE,0,,,,,,0
EST,2003,2.0801591999999998,7,24,FIN,FALSE,55,Estonia,2002,FALSE,FIN,TRUE,FALSE,0,,,,,,0
EST,2004,1.8171664,5,26,FIN,FALSE,55,Estonia,2003,FALSE,FIN,TRUE,FALSE,0,,,,,,0
EST,2005,1.7158884,5,19,FIN,FALSE,55,Estonia,2004,FALSE,FIN,TRUE,FALSE,0,,,,,,0
EST,2006,1.8272655,6,13,FIN,FALSE,55,Estonia,2005,FALSE,FIN,TRUE,FALSE,0,,,,,,0
EST,2007,1.6122706,11,20,FIN,FALSE,55,Estonia,2006,FALSE,FIN,TRUE,FALSE,0,,,,,,0
EST,2008,1.6313035,8,20,FIN,FALSE,55,Estonia,2007,FALSE,FIN,TRUE,FALSE,0,,,,,,0
EST,2009,1.6409742999999999,14,21,FIN,FALSE,55,Estonia,2008,FALSE,FIN,TRUE,FALSE,0,,,,,,0
EST,2010,1.9434947,3,15,SWE,FALSE,55,Estonia,2009,FALSE,FIN,TRUE,FALSE,0,,,,,,0
EST,2011,1.7902999999999998,4,16,SWE,FALSE,55,Estonia,2010,FALSE,SWE,TRUE,FALSE,0,,,,,,0
EST,2012,1.8708706999999998,8,21,SWE,FALSE,55,Estonia,2011,FALSE,SWE,TRUE,FALSE,0,,,,,,0
EST,2013,1.5379578,8,15,SWE,FALSE,55,Estonia,2012,FALSE,SWE,TRUE,FALSE,0,,,,,,0
EST,2014,1.8784234,9,17,SWE,FALSE,55,Estonia,2013,FALSE,SWE,TRUE,FALSE,0,,,,,,0
EST,2015,1.3641931999999999,8,14,SWE,FALSE,55,Estonia,2014,FALSE,SWE,TRUE,FALSE,0,,,,,,0
EST,2016,1.5993549,4,15,SWE,FALSE,55,Estonia,2015,FALSE,SWE,TRUE,FALSE,0,,,,,,0
EST,2017,1.4488482,8,14,FIN,FALSE,55,Estonia,2016,FALSE,SWE,TRUE,FALSE,0,,,,,,0
EST,2018,1.6535966,5,14,FIN,FALSE,55,Estonia,2017,FALSE,FIN,TRUE,FALSE,0,,,,,,0
EST,2019,1.5388704,5,13,FIN,FALSE,55,Estonia,2018,FALSE,FIN,TRUE,FALSE,0,,,,,,0
EST,2020,1.8258814,4,13,FIN,FALSE,55,Estonia,2019,FALSE,FIN,TRUE,FALSE,0,,,,,,0
EST,2021,1.4698771,2,14,FIN,FALSE,55,Estonia,2020,FALSE,FIN,TRUE,FALSE,0,,,,,,0
EST,2022,2.4130700000000003,5,14,FIN,FALSE,55,Estonia,2021,FALSE,FIN,TRUE,FALSE,0,,,,,,0
EST,2023,2.0746907,,,,,55,Estonia,2022,FALSE,FIN,TRUE,FALSE,0,,,,,,
ETH,1990,0.5186271,,,,,56,Ethiopia,,,,FALSE,FALSE,0,,,,,,
ETH,1991,0.15065450000000002,,,,,56,Ethiopia,1990,,,FALSE,FALSE,0,,,,,,
ETH,1992,0.3832953,,,,,56,Ethiopia,1991,,,FALSE,FALSE,0,,,,,,
ETH,1993,1.2236993,4,34,JPN,FALSE,56,Ethiopia,1992,,,FALSE,FALSE,0,,,,,,0
ETH,1994,1.237635,5,33,JPN,FALSE,56,Ethiopia,1993,FALSE,JPN,TRUE,FALSE,0,,,,,,0
ETH,1995,1.3842581,5,21,JPN,FALSE,56,Ethiopia,1994,FALSE,JPN,TRUE,FALSE,0,,,,,,0
ETH,1996,1.0219585999999998,7,40,DEU,FALSE,56,Ethiopia,1995,FALSE,JPN,TRUE,FALSE,0,,,,,,0
ETH,1997,1.0597881,2,29,DEU,FALSE,56,Ethiopia,1996,FALSE,DEU,TRUE,FALSE,0,,,,,,0
ETH,1998,0.07142029999999999,2,43,JPN,FALSE,56,Ethiopia,1997,FALSE,DEU,TRUE,FALSE,0,,,,,,0
ETH,1999,0.2106727,5,28,JPN,FALSE,56,Ethiopia,1998,FALSE,JPN,TRUE,FALSE,0,,,,,,0
ETH,2000,0.340807,7,22,DEU,FALSE,56,Ethiopia,1999,FALSE,JPN,TRUE,FALSE,0,,,,,,0
ETH,2001,0.017183700000000024,5,14,ITA,FALSE,56,Ethiopia,2000,FALSE,DEU,TRUE,FALSE,0,,,,,,0
ETH,2002,0.19048219999999993,7,23,DJI,FALSE,56,Ethiopia,2001,FALSE,ITA,TRUE,FALSE,0,,,,,,0
ETH,2003,0.528571,6,22,DJI,FALSE,56,Ethiopia,2002,FALSE,DJI,TRUE,FALSE,0,,,,,,0
ETH,2004,0.3444108,5,16,DEU,FALSE,56,Ethiopia,2003,FALSE,DJI,TRUE,FALSE,0,,,,,,0
ETH,2005,0.3686361,6,2,DEU,FALSE,56,Ethiopia,2004,FALSE,DEU,TRUE,FALSE,0,,,,,,0
ETH,2006,0.4618427,5,2,DEU,FALSE,56,Ethiopia,2005,FALSE,DEU,TRUE,FALSE,0,,,,,,0
ETH,2007,0.002960100000000021,5,4,ARE,FALSE,56,Ethiopia,2006,FALSE,DEU,TRUE,FALSE,0,,,,,,0
ETH,2008,0.20019589999999998,2,7,DEU,FALSE,56,Ethiopia,2007,FALSE,ARE,TRUE,FALSE,0,,,,,,0
ETH,2009,0.2205802,7,1,CHN,TRUE,56,Ethiopia,2008,FALSE,DEU,TRUE,TRUE,1,2009,2008,FALSE,DEU,TRUE,1
ETH,2010,0.3096321000000001,8,1,CHN,TRUE,56,Ethiopia,2009,TRUE,CHN,TRUE,FALSE,1,2009,2008,FALSE,DEU,TRUE,1
ETH,2011,0.29142429999999997,8,2,DEU,FALSE,56,Ethiopia,2010,TRUE,CHN,TRUE,FALSE,1,2009,2008,FALSE,DEU,TRUE,0
ETH,2012,0.3937253,8,1,CHN,TRUE,56,Ethiopia,2011,FALSE,DEU,TRUE,TRUE,2,2012,2011,FALSE,DEU,TRUE,1
ETH,2013,0.08236569999999999,8,2,SOM,FALSE,56,Ethiopia,2012,TRUE,CHN,TRUE,FALSE,2,2012,2011,FALSE,DEU,TRUE,0
ETH,2014,0.25673840000000003,8,2,SOM,FALSE,56,Ethiopia,2013,FALSE,SOM,TRUE,FALSE,2,2012,2011,FALSE,DEU,TRUE,0
ETH,2015,0.3203557,7,3,SOM,FALSE,56,Ethiopia,2014,FALSE,SOM,TRUE,FALSE,2,2012,2011,FALSE,DEU,TRUE,0
ETH,2016,0.11089589999999994,3,1,CHN,TRUE,56,Ethiopia,2015,FALSE,SOM,TRUE,TRUE,3,2016,2015,FALSE,SOM,TRUE,1
ETH,2017,0.1694446,3,1,CHN,TRUE,56,Ethiopia,2016,TRUE,CHN,TRUE,FALSE,3,2016,2015,FALSE,SOM,TRUE,1
ETH,2018,0.101694,1,2,USA,FALSE,56,Ethiopia,2017,TRUE,CHN,TRUE,FALSE,3,2016,2015,FALSE,SOM,TRUE,0
ETH,2019,0.08295069999999999,1,2,USA,FALSE,56,Ethiopia,2018,FALSE,USA,TRUE,FALSE,3,2016,2015,FALSE,SOM,TRUE,0
ETH,2020,0.11293710000000007,1,2,USA,FALSE,56,Ethiopia,2019,FALSE,USA,TRUE,FALSE,3,2016,2015,FALSE,SOM,TRUE,0
ETH,2021,0.4356406,2,3,ARE,FALSE,56,Ethiopia,2020,FALSE,USA,TRUE,FALSE,3,2016,2015,FALSE,SOM,TRUE,0
ETH,2022,0.21095019999999998,1,3,USA,FALSE,56,Ethiopia,2021,FALSE,ARE,TRUE,FALSE,3,2016,2015,FALSE,SOM,TRUE,0
ETH,2023,0.3186469,,,,,56,Ethiopia,2022,FALSE,USA,TRUE,FALSE,3,2016,2015,FALSE,SOM,TRUE,
FIN,1990,1.162826,6,19,SWE,FALSE,57,Finland,,,,FALSE,FALSE,0,,,,,,0
FIN,1991,1.5784931,4,16,DEU,FALSE,57,Finland,1990,FALSE,SWE,TRUE,FALSE,0,,,,,,0
FIN,1992,2.0631414,5,16,DEU,FALSE,57,Finland,1991,FALSE,DEU,TRUE,FALSE,0,,,,,,0
FIN,1993,2.846697,4,16,DEU,FALSE,57,Finland,1992,FALSE,DEU,TRUE,FALSE,0,,,,,,0
FIN,1994,3.209542,4,16,DEU,FALSE,57,Finland,1993,FALSE,DEU,TRUE,FALSE,0,,,,,,0
FIN,1995,2.8033970000000004,4,15,DEU,FALSE,57,Finland,1994,FALSE,DEU,TRUE,FALSE,0,,,,,,0
FIN,1996,2.880873,4,17,DEU,FALSE,57,Finland,1995,FALSE,DEU,TRUE,FALSE,0,,,,,,0
FIN,1997,2.7025230000000002,4,15,DEU,FALSE,57,Finland,1996,FALSE,DEU,TRUE,FALSE,0,,,,,,0
FIN,1998,1.6473491,4,9,DEU,FALSE,57,Finland,1997,FALSE,DEU,TRUE,FALSE,0,,,,,,0
FIN,1999,1.7861653999999998,4,6,DEU,FALSE,57,Finland,1998,FALSE,DEU,TRUE,FALSE,0,,,,,,0
FIN,2000,1.9184246,4,6,DEU,FALSE,57,Finland,1999,FALSE,DEU,TRUE,FALSE,0,,,,,,0
FIN,2001,1.7130903000000002,3,5,DEU,FALSE,57,Finland,2000,FALSE,DEU,TRUE,FALSE,0,,,,,,0
FIN,2002,1.5643976,3,9,DEU,FALSE,57,Finland,2001,FALSE,DEU,TRUE,FALSE,0,,,,,,0
FIN,2003,2.0355042,4,9,DEU,FALSE,57,Finland,2002,FALSE,DEU,TRUE,FALSE,0,,,,,,0
FIN,2004,1.8134215,4,5,DEU,FALSE,57,Finland,2003,FALSE,DEU,TRUE,FALSE,0,,,,,,0
FIN,2005,1.7427904,3,8,DEU,FALSE,57,Finland,2004,FALSE,DEU,TRUE,FALSE,0,,,,,,0
FIN,2006,1.8262327,4,8,DEU,FALSE,57,Finland,2005,FALSE,DEU,TRUE,FALSE,0,,,,,,0
FIN,2007,1.5602798,3,7,DEU,FALSE,57,Finland,2006,FALSE,DEU,TRUE,FALSE,0,,,,,,0
FIN,2008,1.5474461000000002,4,8,DEU,FALSE,57,Finland,2007,FALSE,DEU,TRUE,FALSE,0,,,,,,0
FIN,2009,1.5296037,3,6,DEU,FALSE,57,Finland,2008,FALSE,DEU,TRUE,FALSE,0,,,,,,0
FIN,2010,1.7156023,5,4,DEU,FALSE,57,Finland,2009,FALSE,DEU,TRUE,FALSE,0,,,,,,0
FIN,2011,1.6972624,6,5,SWE,FALSE,57,Finland,2010,FALSE,DEU,TRUE,FALSE,0,,,,,,0
FIN,2012,1.7549563,3,6,SWE,FALSE,57,Finland,2011,FALSE,SWE,TRUE,FALSE,0,,,,,,0
FIN,2013,1.5375408,4,6,SWE,FALSE,57,Finland,2012,FALSE,SWE,TRUE,FALSE,0,,,,,,0
FIN,2014,1.8201515000000001,3,6,DEU,FALSE,57,Finland,2013,FALSE,SWE,TRUE,FALSE,0,,,,,,0
FIN,2015,1.1382762,3,5,DEU,FALSE,57,Finland,2014,FALSE,DEU,TRUE,FALSE,0,,,,,,0
FIN,2016,1.3828782,3,5,DEU,FALSE,57,Finland,2015,FALSE,DEU,TRUE,FALSE,0,,,,,,0
FIN,2017,1.2744768,3,6,DEU,FALSE,57,Finland,2016,FALSE,DEU,TRUE,FALSE,0,,,,,,0
FIN,2018,1.422445,3,5,DEU,FALSE,57,Finland,2017,FALSE,DEU,TRUE,FALSE,0,,,,,,0
FIN,2019,1.2838775,3,5,DEU,FALSE,57,Finland,2018,FALSE,DEU,TRUE,FALSE,0,,,,,,0
FIN,2020,1.5067956,3,5,DEU,FALSE,57,Finland,2019,FALSE,DEU,TRUE,FALSE,0,,,,,,0
FIN,2021,1.2039796999999999,3,5,DEU,FALSE,57,Finland,2020,FALSE,DEU,TRUE,FALSE,0,,,,,,0
FIN,2022,2.227353,2,4,DEU,FALSE,57,Finland,2021,FALSE,DEU,TRUE,FALSE,0,,,,,,0
FIN,2023,1.9904547,,,,,57,Finland,2022,FALSE,DEU,TRUE,FALSE,0,,,,,,
FJI,1990,0.1705519,6,,NZL,FALSE,58,Fiji,,,,FALSE,FALSE,0,,,,,,0
FJI,1991,0.4324381,2,,AUS,FALSE,58,Fiji,1990,FALSE,NZL,TRUE,FALSE,0,,,,,,0
FJI,1992,0.8498477,2,6,AUS,FALSE,58,Fiji,1991,FALSE,AUS,TRUE,FALSE,0,,,,,,0
FJI,1993,1.7420464,3,15,GBR,FALSE,58,Fiji,1992,FALSE,AUS,TRUE,FALSE,0,,,,,,0
FJI,1994,1.8665156,3,30,GBR,FALSE,58,Fiji,1993,FALSE,GBR,TRUE,FALSE,0,,,,,,0
FJI,1995,1.64744003,3,9,AUS,FALSE,58,Fiji,1994,FALSE,GBR,TRUE,FALSE,0,,,,,,0
FJI,1996,1.4603556999999998,3,20,AUS,FALSE,58,Fiji,1995,FALSE,AUS,TRUE,FALSE,0,,,,,,0
FJI,1997,0.7101029000000001,3,24,AUS,FALSE,58,Fiji,1996,FALSE,AUS,TRUE,FALSE,0,,,,,,0
FJI,1998,0.10225979999999996,2,11,AUS,FALSE,58,Fiji,1997,FALSE,AUS,TRUE,FALSE,0,,,,,,0
FJI,1999,0.008717900000000056,2,22,AUS,FALSE,58,Fiji,1998,FALSE,AUS,TRUE,FALSE,0,,,,,,0
FJI,2000,0.5794807000000001,2,30,AUS,FALSE,58,Fiji,1999,FALSE,AUS,TRUE,FALSE,0,,,,,,0
FJI,2001,0.3923074,1,26,USA,FALSE,58,Fiji,2000,FALSE,AUS,TRUE,FALSE,0,,,,,,0
FJI,2002,0.6454042,1,21,USA,FALSE,58,Fiji,2001,FALSE,USA,TRUE,FALSE,0,,,,,,0
FJI,2003,0.84594038,1,13,USA,FALSE,58,Fiji,2002,FALSE,USA,TRUE,FALSE,0,,,,,,0
FJI,2004,0.7860836600000001,1,11,USA,FALSE,58,Fiji,2003,FALSE,USA,TRUE,FALSE,0,,,,,,0
FJI,2005,0.5696607,1,25,USA,FALSE,58,Fiji,2004,FALSE,USA,TRUE,FALSE,0,,,,,,0
FJI,2006,1.0254573,1,27,USA,FALSE,58,Fiji,2005,FALSE,USA,TRUE,FALSE,0,,,,,,0
FJI,2007,0.603629088,1,18,USA,FALSE,58,Fiji,2006,FALSE,USA,TRUE,FALSE,0,,,,,,0
FJI,2008,0.8651224,1,32,USA,FALSE,58,Fiji,2007,FALSE,USA,TRUE,FALSE,0,,,,,,0
FJI,2009,0.8948617,1,32,USA,FALSE,58,Fiji,2008,FALSE,USA,TRUE,FALSE,0,,,,,,0
FJI,2010,0.83635221,2,33,AUS,FALSE,58,Fiji,2009,FALSE,USA,TRUE,FALSE,0,,,,,,0
FJI,2011,0.6208564,2,32,AUS,FALSE,58,Fiji,2010,FALSE,AUS,TRUE,FALSE,0,,,,,,0
FJI,2012,0.7749069,1,9,USA,FALSE,58,Fiji,2011,FALSE,AUS,TRUE,FALSE,0,,,,,,0
FJI,2013,0.012948499999999974,1,4,USA,FALSE,58,Fiji,2012,FALSE,USA,TRUE,FALSE,0,,,,,,0
FJI,2014,0.4810896,1,4,USA,FALSE,58,Fiji,2013,FALSE,USA,TRUE,FALSE,0,,,,,,0
FJI,2015,0.372656,1,8,USA,FALSE,58,Fiji,2014,FALSE,USA,TRUE,FALSE,0,,,,,,0
FJI,2016,0.015312099999999995,1,11,USA,FALSE,58,Fiji,2015,FALSE,USA,TRUE,FALSE,0,,,,,,0
FJI,2017,0.04924130000000004,1,13,USA,FALSE,58,Fiji,2016,FALSE,USA,TRUE,FALSE,0,,,,,,0
FJI,2018,0.6103191,1,7,USA,FALSE,58,Fiji,2017,FALSE,USA,TRUE,FALSE,0,,,,,,0
FJI,2019,0.2348951,1,13,USA,FALSE,58,Fiji,2018,FALSE,USA,TRUE,FALSE,0,,,,,,0
FJI,2020,0.5709943500000001,1,4,USA,FALSE,58,Fiji,2019,FALSE,USA,TRUE,FALSE,0,,,,,,0
FJI,2021,0.03603039999999999,1,4,USA,FALSE,58,Fiji,2020,FALSE,USA,TRUE,FALSE,0,,,,,,0
FJI,2022,0.9568006,1,5,USA,FALSE,58,Fiji,2021,FALSE,USA,TRUE,FALSE,0,,,,,,0
FJI,2023,1.0695001,,,,,58,Fiji,2022,FALSE,USA,TRUE,FALSE,0,,,,,,
FRA,1990,2.368361,40,28,DEU,FALSE,59,France,,,,FALSE,FALSE,0,,,,,,0
FRA,1991,2.2034171000000002,3,32,DEU,FALSE,59,France,1990,FALSE,DEU,TRUE,FALSE,0,,,,,,0
FRA,1992,2.5651764,3,18,DEU,FALSE,59,France,1991,FALSE,DEU,TRUE,FALSE,0,,,,,,0
FRA,1993,3.4300550000000003,3,17,DEU,FALSE,59,France,1992,FALSE,DEU,TRUE,FALSE,0,,,,,,0
FRA,1994,3.802923,6,15,DEU,FALSE,59,France,1993,FALSE,DEU,TRUE,FALSE,0,,,,,,0
FRA,1995,3.5118489999999998,6,15,DEU,FALSE,59,France,1994,FALSE,DEU,TRUE,FALSE,0,,,,,,0
FRA,1996,3.261703,6,17,DEU,FALSE,59,France,1995,FALSE,DEU,TRUE,FALSE,0,,,,,,0
FRA,1997,3.187485,6,14,DEU,FALSE,59,France,1996,FALSE,DEU,TRUE,FALSE,0,,,,,,0
FRA,1998,2.0365951,6,14,DEU,FALSE,59,France,1997,FALSE,DEU,TRUE,FALSE,0,,,,,,0
FRA,1999,2.2296724,5,11,DEU,FALSE,59,France,1998,FALSE,DEU,TRUE,FALSE,0,,,,,,0
FRA,2000,2.2218646,5,12,DEU,FALSE,59,France,1999,FALSE,DEU,TRUE,FALSE,0,,,,,,0
FRA,2001,2.1188253,2,10,DEU,FALSE,59,France,2000,FALSE,DEU,TRUE,FALSE,0,,,,,,0
FRA,2002,2.1355886,5,10,DEU,FALSE,59,France,2001,FALSE,DEU,TRUE,FALSE,0,,,,,,0
FRA,2003,2.4339322,6,10,DEU,FALSE,59,France,2002,FALSE,DEU,TRUE,FALSE,0,,,,,,0
FRA,2004,2.254487,6,10,DEU,FALSE,59,France,2003,FALSE,DEU,TRUE,FALSE,0,,,,,,0
FRA,2005,2.2909504,6,9,DEU,FALSE,59,France,2004,FALSE,DEU,TRUE,FALSE,0,,,,,,0
FRA,2006,2.3582621,6,9,DEU,FALSE,59,France,2005,FALSE,DEU,TRUE,FALSE,0,,,,,,0
FRA,2007,2.1587840000000003,6,9,DEU,FALSE,59,France,2006,FALSE,DEU,TRUE,FALSE,0,,,,,,0
FRA,2008,2.1019671,6,9,DEU,FALSE,59,France,2007,FALSE,DEU,TRUE,FALSE,0,,,,,,0
FRA,2009,1.9776823000000001,6,9,DEU,FALSE,59,France,2008,FALSE,DEU,TRUE,FALSE,0,,,,,,0
FRA,2010,2.2906277,3,7,DEU,FALSE,59,France,2009,FALSE,DEU,TRUE,FALSE,0,,,,,,0
FRA,2011,2.0540599999999998,5,8,DEU,FALSE,59,France,2010,FALSE,DEU,TRUE,FALSE,0,,,,,,0
FRA,2012,2.3193027,3,8,DEU,FALSE,59,France,2011,FALSE,DEU,TRUE,FALSE,0,,,,,,0
FRA,2013,1.9116298,2,7,DEU,FALSE,59,France,2012,FALSE,DEU,TRUE,FALSE,0,,,,,,0
FRA,2014,2.2560724,3,7,DEU,FALSE,59,France,2013,FALSE,DEU,TRUE,FALSE,0,,,,,,0
FRA,2015,1.7624422,2,7,DEU,FALSE,59,France,2014,FALSE,DEU,TRUE,FALSE,0,,,,,,0
FRA,2016,1.9309489,2,7,DEU,FALSE,59,France,2015,FALSE,DEU,TRUE,FALSE,0,,,,,,0
FRA,2017,1.9097292000000001,2,7,DEU,FALSE,59,France,2016,FALSE,DEU,TRUE,FALSE,0,,,,,,0
FRA,2018,1.9980756,2,7,DEU,FALSE,59,France,2017,FALSE,DEU,TRUE,FALSE,0,,,,,,0
FRA,2019,1.8051024,2,7,DEU,FALSE,59,France,2018,FALSE,DEU,TRUE,FALSE,0,,,,,,0
FRA,2020,2.0429104000000002,2,6,DEU,FALSE,59,France,2019,FALSE,DEU,TRUE,FALSE,0,,,,,,0
FRA,2021,1.8124911,2,6,DEU,FALSE,59,France,2020,FALSE,DEU,TRUE,FALSE,0,,,,,,0
FRA,2022,2.572063,2,6,DEU,FALSE,59,France,2021,FALSE,DEU,TRUE,FALSE,0,,,,,,0
FRA,2023,2.3812107,,,,,59,France,2022,FALSE,DEU,TRUE,FALSE,0,,,,,,
FSM,1991,0.7841161,,,JPN,FALSE,60,Micronesia (Federated States of),,,,FALSE,FALSE,0,,,,,,0
FSM,1992,2.0075184,2,,JPN,FALSE,60,Micronesia (Federated States of),1991,FALSE,JPN,TRUE,FALSE,0,,,,,,0
FSM,1993,2.2453387,3,4,JPN,FALSE,60,Micronesia (Federated States of),1992,FALSE,JPN,TRUE,FALSE,0,,,,,,0
FSM,1995,2.1224736,3,9,JPN,FALSE,60,Micronesia (Federated States of),1993,FALSE,JPN,TRUE,FALSE,0,,,,,,0
FSM,1996,2.1819578,2,,JPN,FALSE,60,Micronesia (Federated States of),1995,FALSE,JPN,TRUE,FALSE,0,,,,,,0
FSM,1997,2.739812,2,,JPN,FALSE,60,Micronesia (Federated States of),1996,FALSE,JPN,TRUE,FALSE,0,,,,,,0
FSM,1998,2.4725081,2,,JPN,FALSE,60,Micronesia (Federated States of),1997,FALSE,JPN,TRUE,FALSE,0,,,,,,0
FSM,1999,2.6144424,3,,THA,FALSE,60,Micronesia (Federated States of),1998,FALSE,JPN,TRUE,FALSE,0,,,,,,0
FSM,2000,2.6647195999999997,3,14,THA,FALSE,60,Micronesia (Federated States of),1999,FALSE,THA,TRUE,FALSE,0,,,,,,0
FSM,2001,2.6741573,3,,THA,FALSE,60,Micronesia (Federated States of),2000,FALSE,THA,TRUE,FALSE,0,,,,,,0
FSM,2002,2.8503836,2,,THA,FALSE,60,Micronesia (Federated States of),2001,FALSE,THA,TRUE,FALSE,0,,,,,,0
FSM,2003,3.1954512,2,,THA,FALSE,60,Micronesia (Federated States of),2002,FALSE,THA,TRUE,FALSE,0,,,,,,0
FSM,2004,2.789764,2,,THA,FALSE,60,Micronesia (Federated States of),2003,FALSE,THA,TRUE,FALSE,0,,,,,,0
FSM,2005,2.5586824000000004,4,16,THA,FALSE,60,Micronesia (Federated States of),2004,FALSE,THA,TRUE,FALSE,0,,,,,,0
FSM,2006,2.6152901,6,12,THA,FALSE,60,Micronesia (Federated States of),2005,FALSE,THA,TRUE,FALSE,0,,,,,,0
FSM,2007,2.346199,2,21,THA,FALSE,60,Micronesia (Federated States of),2006,FALSE,THA,TRUE,FALSE,0,,,,,,0
FSM,2008,2.5906551,2,25,THA,FALSE,60,Micronesia (Federated States of),2007,FALSE,THA,TRUE,FALSE,0,,,,,,0
FSM,2009,2.6585223,4,5,THA,FALSE,60,Micronesia (Federated States of),2008,FALSE,THA,TRUE,FALSE,0,,,,,,0
FSM,2010,2.8410787,4,5,THA,FALSE,60,Micronesia (Federated States of),2009,FALSE,THA,TRUE,FALSE,0,,,,,,0
FSM,2011,2.881362,3,4,THA,FALSE,60,Micronesia (Federated States of),2010,FALSE,THA,TRUE,FALSE,0,,,,,,0
FSM,2012,2.7346447,6,3,THA,FALSE,60,Micronesia (Federated States of),2011,FALSE,THA,TRUE,FALSE,0,,,,,,0
FSM,2013,2.6412348,6,2,THA,FALSE,60,Micronesia (Federated States of),2012,FALSE,THA,TRUE,FALSE,0,,,,,,0
FSM,2014,2.2734184,10,2,THA,FALSE,60,Micronesia (Federated States of),2013,FALSE,THA,TRUE,FALSE,0,,,,,,0
FSM,2015,2.2789872,7,4,THA,FALSE,60,Micronesia (Federated States of),2014,FALSE,THA,TRUE,FALSE,0,,,,,,0
FSM,2016,1.9888069,7,3,THA,FALSE,60,Micronesia (Federated States of),2015,FALSE,THA,TRUE,FALSE,0,,,,,,0
FSM,2017,1.9137372000000001,7,2,THA,FALSE,60,Micronesia (Federated States of),2016,FALSE,THA,TRUE,FALSE,0,,,,,,0
FSM,2018,1.9980206,7,2,THA,FALSE,60,Micronesia (Federated States of),2017,FALSE,THA,TRUE,FALSE,0,,,,,,0
FSM,2019,1.6424904,7,3,THA,FALSE,60,Micronesia (Federated States of),2018,FALSE,THA,TRUE,FALSE,0,,,,,,0
FSM,2020,2.0445684,5,3,THA,FALSE,60,Micronesia (Federated States of),2019,FALSE,THA,TRUE,FALSE,0,,,,,,0
FSM,2021,2.0123941,6,2,THA,FALSE,60,Micronesia (Federated States of),2020,FALSE,THA,TRUE,FALSE,0,,,,,,0
FSM,2022,2.628468,3,21,PHL,FALSE,60,Micronesia (Federated States of),2021,FALSE,THA,TRUE,FALSE,0,,,,,,0
FSM,2023,2.4670787,,,,,60,Micronesia (Federated States of),2022,FALSE,PHL,TRUE,FALSE,0,,,,,,
GAB,1990,0.2734443,,,CHL,FALSE,61,Gabon,,,,FALSE,FALSE,0,,,,,,0
GAB,1991,0.308424,1,,USA,FALSE,61,Gabon,1990,FALSE,CHL,TRUE,FALSE,0,,,,,,0
GAB,1992,0.13958729999999997,1,7,USA,FALSE,61,Gabon,1991,FALSE,USA,TRUE,FALSE,0,,,,,,0
GAB,1993,1.3191426000000002,1,6,USA,FALSE,61,Gabon,1992,FALSE,USA,TRUE,FALSE,0,,,,,,0
GAB,1994,1.4747063,1,6,USA,FALSE,61,Gabon,1993,FALSE,USA,TRUE,FALSE,0,,,,,,0
GAB,1995,1.3176800000000002,1,3,USA,FALSE,61,Gabon,1994,FALSE,USA,TRUE,FALSE,0,,,,,,0
GAB,1996,0.6887152999999999,1,3,USA,FALSE,61,Gabon,1995,FALSE,USA,TRUE,FALSE,0,,,,,,0
GAB,1997,0.4199096,1,2,USA,FALSE,61,Gabon,1996,FALSE,USA,TRUE,FALSE,0,,,,,,0
GAB,1998,0.2696423,1,3,USA,FALSE,61,Gabon,1997,FALSE,USA,TRUE,FALSE,0,,,,,,0
GAB,1999,0.10807450000000007,1,2,USA,FALSE,61,Gabon,1998,FALSE,USA,TRUE,FALSE,0,,,,,,0
GAB,2000,0.005151900000000098,1,2,USA,FALSE,61,Gabon,1999,FALSE,USA,TRUE,FALSE,0,,,,,,0
GAB,2001,0.008862600000000054,1,3,USA,FALSE,61,Gabon,2000,FALSE,USA,TRUE,FALSE,0,,,,,,0
GAB,2002,0.09844910000000007,1,2,USA,FALSE,61,Gabon,2001,FALSE,USA,TRUE,FALSE,0,,,,,,0
GAB,2003,0.13223850000000004,1,2,USA,FALSE,61,Gabon,2002,FALSE,USA,TRUE,FALSE,0,,,,,,0
GAB,2004,0.1601357,1,2,USA,FALSE,61,Gabon,2003,FALSE,USA,TRUE,FALSE,0,,,,,,0
GAB,2005,0.07448520000000003,1,2,USA,FALSE,61,Gabon,2004,FALSE,USA,TRUE,FALSE,0,,,,,,0
GAB,2006,0.053731799999999996,1,2,USA,FALSE,61,Gabon,2005,FALSE,USA,TRUE,FALSE,0,,,,,,0
GAB,2007,0.0979968,1,2,USA,FALSE,61,Gabon,2006,FALSE,USA,TRUE,FALSE,0,,,,,,0
GAB,2008,0.02870589999999995,1,2,USA,FALSE,61,Gabon,2007,FALSE,USA,TRUE,FALSE,0,,,,,,0
GAB,2009,0.08768790000000004,1,2,USA,FALSE,61,Gabon,2008,FALSE,USA,TRUE,FALSE,0,,,,,,0
GAB,2010,0.3029256,1,2,USA,FALSE,61,Gabon,2009,FALSE,USA,TRUE,FALSE,0,,,,,,0
GAB,2011,0.2774028,1,7,USA,FALSE,61,Gabon,2010,FALSE,USA,TRUE,FALSE,0,,,,,,0
GAB,2012,0.5832341999999999,2,8,JPN,FALSE,61,Gabon,2011,FALSE,USA,TRUE,FALSE,0,,,,,,0
GAB,2013,0.07306370000000006,3,5,JPN,FALSE,61,Gabon,2012,FALSE,JPN,TRUE,FALSE,0,,,,,,0
GAB,2014,0.5358839,5,2,TTO,FALSE,61,Gabon,2013,FALSE,JPN,TRUE,FALSE,0,,,,,,0
GAB,2015,0.23459330000000003,9,2,GNQ,FALSE,61,Gabon,2014,FALSE,TTO,TRUE,FALSE,0,,,,,,0
GAB,2016,0.08517980000000003,14,3,COG,FALSE,61,Gabon,2015,FALSE,GNQ,TRUE,FALSE,0,,,,,,0
GAB,2017,0.021965500000000027,2,1,CHN,TRUE,61,Gabon,2016,FALSE,COG,TRUE,TRUE,1,2017,2016,FALSE,COG,TRUE,1
GAB,2018,0.1971444,5,1,CHN,TRUE,61,Gabon,2017,TRUE,CHN,TRUE,FALSE,1,2017,2016,FALSE,COG,TRUE,1
GAB,2019,0.32573889999999994,5,1,CHN,TRUE,61,Gabon,2018,TRUE,CHN,TRUE,FALSE,1,2017,2016,FALSE,COG,TRUE,1
GAB,2020,0.06409750000000003,5,1,CHN,TRUE,61,Gabon,2019,TRUE,CHN,TRUE,FALSE,1,2017,2016,FALSE,COG,TRUE,1
GAB,2021,0.05780189999999999,11,1,CHN,TRUE,61,Gabon,2020,TRUE,CHN,TRUE,FALSE,1,2017,2016,FALSE,COG,TRUE,1
GAB,2022,0.4785199,10,1,CHN,TRUE,61,Gabon,2021,TRUE,CHN,TRUE,FALSE,1,2017,2016,FALSE,COG,TRUE,1
GAB,2023,0.3454671,,,,,61,Gabon,2022,TRUE,CHN,TRUE,FALSE,1,2017,2016,FALSE,COG,TRUE,
GBR,1990,2.546808,37,30,DEU,FALSE,62,United Kingdom,,,,FALSE,FALSE,0,,,,,,0
GBR,1991,2.5396711,2,64,DEU,FALSE,62,United Kingdom,1990,FALSE,DEU,TRUE,FALSE,0,,,,,,0
GBR,1992,2.8787244000000003,2,21,DEU,FALSE,62,United Kingdom,1991,FALSE,DEU,TRUE,FALSE,0,,,,,,0
GBR,1993,3.696637,1,20,USA,FALSE,62,United Kingdom,1992,FALSE,DEU,TRUE,FALSE,0,,,,,,0
GBR,1994,4.0837579999999996,1,21,USA,FALSE,62,United Kingdom,1993,FALSE,USA,TRUE,FALSE,0,,,,,,0
GBR,1995,4.142961,2,25,DEU,FALSE,62,United Kingdom,1994,FALSE,USA,TRUE,FALSE,0,,,,,,0
GBR,1996,3.502977,2,29,DEU,FALSE,62,United Kingdom,1995,FALSE,DEU,TRUE,FALSE,0,,,,,,0
GBR,1997,3.3835830000000002,1,30,USA,FALSE,62,United Kingdom,1996,FALSE,DEU,TRUE,FALSE,0,,,,,,0
GBR,1998,2.1730331,1,26,USA,FALSE,62,United Kingdom,1997,FALSE,USA,TRUE,FALSE,0,,,,,,0
GBR,1999,2.4010964,1,17,USA,FALSE,62,United Kingdom,1998,FALSE,USA,TRUE,FALSE,0,,,,,,0
GBR,2000,2.4744376,1,16,USA,FALSE,62,United Kingdom,1999,FALSE,USA,TRUE,FALSE,0,,,,,,0
GBR,2001,2.2749843,1,14,USA,FALSE,62,United Kingdom,2000,FALSE,USA,TRUE,FALSE,0,,,,,,0
GBR,2002,2.3352796,1,16,USA,FALSE,62,United Kingdom,2001,FALSE,USA,TRUE,FALSE,0,,,,,,0
GBR,2003,2.6748871999999997,1,15,USA,FALSE,62,United Kingdom,2002,FALSE,USA,TRUE,FALSE,0,,,,,,0
GBR,2004,2.394941,1,13,USA,FALSE,62,United Kingdom,2003,FALSE,USA,TRUE,FALSE,0,,,,,,0
GBR,2005,2.4021724,1,13,USA,FALSE,62,United Kingdom,2004,FALSE,USA,TRUE,FALSE,0,,,,,,0
GBR,2006,2.3694371,1,13,USA,FALSE,62,United Kingdom,2005,FALSE,USA,TRUE,FALSE,0,,,,,,0
GBR,2007,2.285425,1,12,USA,FALSE,62,United Kingdom,2006,FALSE,USA,TRUE,FALSE,0,,,,,,0
GBR,2008,2.2469821000000003,2,11,DEU,FALSE,62,United Kingdom,2007,FALSE,USA,TRUE,FALSE,0,,,,,,0
GBR,2009,2.1374123,1,10,USA,FALSE,62,United Kingdom,2008,FALSE,DEU,TRUE,FALSE,0,,,,,,0
GBR,2010,2.5466647,2,10,DEU,FALSE,62,United Kingdom,2009,FALSE,USA,TRUE,FALSE,0,,,,,,0
GBR,2011,2.283999,2,9,DEU,FALSE,62,United Kingdom,2010,FALSE,DEU,TRUE,FALSE,0,,,,,,0
GBR,2012,2.4133797,1,7,USA,FALSE,62,United Kingdom,2011,FALSE,DEU,TRUE,FALSE,0,,,,,,0
GBR,2013,2.1746058,2,8,CHE,FALSE,62,United Kingdom,2012,FALSE,USA,TRUE,FALSE,0,,,,,,0
GBR,2014,2.5339264,1,6,USA,FALSE,62,United Kingdom,2013,FALSE,CHE,TRUE,FALSE,0,,,,,,0
GBR,2015,1.9106712,1,7,USA,FALSE,62,United Kingdom,2014,FALSE,USA,TRUE,FALSE,0,,,,,,0
GBR,2016,2.1890459,1,6,USA,FALSE,62,United Kingdom,2015,FALSE,USA,TRUE,FALSE,0,,,,,,0
GBR,2017,2.0407402,1,5,USA,FALSE,62,United Kingdom,2016,FALSE,USA,TRUE,FALSE,0,,,,,,0
GBR,2018,2.1603326000000003,1,6,USA,FALSE,62,United Kingdom,2017,FALSE,USA,TRUE,FALSE,0,,,,,,0
GBR,2019,2.0405284,1,5,USA,FALSE,62,United Kingdom,2018,FALSE,USA,TRUE,FALSE,0,,,,,,0
GBR,2020,2.2545054,1,6,USA,FALSE,62,United Kingdom,2019,FALSE,USA,TRUE,FALSE,0,,,,,,0
GBR,2021,2.2098431,1,5,USA,FALSE,62,United Kingdom,2020,FALSE,USA,TRUE,FALSE,0,,,,,,0
GBR,2022,2.9529449999999997,1,7,USA,FALSE,62,United Kingdom,2021,FALSE,USA,TRUE,FALSE,0,,,,,,0
GBR,2023,2.8608057,,,,,62,United Kingdom,2022,FALSE,USA,TRUE,FALSE,0,,,,,,
GEO,1993,2.7673880000000004,1,6,USA,FALSE,63,Georgia,,,,FALSE,FALSE,0,,,,,,0
GEO,1994,2.930916,6,11,TUR,FALSE,63,Georgia,1993,FALSE,USA,TRUE,FALSE,0,,,,,,0
GEO,1995,3.560847,2,29,TUR,FALSE,63,Georgia,1994,FALSE,TUR,TRUE,FALSE,0,,,,,,0
GEO,1996,2.2057729,8,28,RUS,FALSE,63,Georgia,1995,FALSE,TUR,TRUE,FALSE,0,,,,,,0
GEO,1997,1.9960137,10,16,RUS,FALSE,63,Georgia,1996,FALSE,RUS,TRUE,FALSE,0,,,,,,0
GEO,1998,0.9138234999999999,6,20,RUS,FALSE,63,Georgia,1997,FALSE,RUS,TRUE,FALSE,0,,,,,,0
GEO,1999,1.5227659,10,25,RUS,FALSE,63,Georgia,1998,FALSE,RUS,TRUE,FALSE,0,,,,,,0
GEO,2000,1.6311944,5,26,ITA,FALSE,63,Georgia,1999,FALSE,RUS,TRUE,FALSE,0,,,,,,0
GEO,2001,1.4636576,5,27,ESP,FALSE,63,Georgia,2000,FALSE,ITA,TRUE,FALSE,0,,,,,,0
GEO,2002,1.3382546,13,24,RUS,FALSE,63,Georgia,2001,FALSE,ESP,TRUE,FALSE,0,,,,,,0
GEO,2003,1.8005247,5,25,GRC,FALSE,63,Georgia,2002,FALSE,RUS,TRUE,FALSE,0,,,,,,0
GEO,2004,1.6308761,5,9,ESP,FALSE,63,Georgia,2003,FALSE,GRC,TRUE,FALSE,0,,,,,,0
GEO,2005,1.7449584,1,43,USA,FALSE,63,Georgia,2004,FALSE,ESP,TRUE,FALSE,0,,,,,,0
GEO,2006,1.7113806999999999,2,50,TUR,FALSE,63,Georgia,2005,FALSE,USA,TRUE,FALSE,0,,,,,,0
GEO,2007,1.3065914,1,56,USA,FALSE,63,Georgia,2006,FALSE,TUR,TRUE,FALSE,0,,,,,,0
GEO,2008,1.4235351,2,60,TUR,FALSE,63,Georgia,2007,FALSE,USA,TRUE,FALSE,0,,,,,,0
GEO,2009,1.5589404,8,20,TUR,FALSE,63,Georgia,2008,FALSE,TUR,TRUE,FALSE,0,,,,,,0
GEO,2010,1.7419104,2,15,BGR,FALSE,63,Georgia,2009,FALSE,TUR,TRUE,FALSE,0,,,,,,0
GEO,2011,1.5930404999999999,5,38,BGR,FALSE,63,Georgia,2010,FALSE,BGR,TRUE,FALSE,0,,,,,,0
GEO,2012,1.6759300000000001,1,24,USA,FALSE,63,Georgia,2011,FALSE,BGR,TRUE,FALSE,0,,,,,,0
GEO,2013,1.2986022,6,16,BGR,FALSE,63,Georgia,2012,FALSE,USA,TRUE,FALSE,0,,,,,,0
GEO,2014,1.6972626,1,14,USA,FALSE,63,Georgia,2013,FALSE,BGR,TRUE,FALSE,0,,,,,,0
GEO,2015,1.0760445,4,15,TUR,FALSE,63,Georgia,2014,FALSE,USA,TRUE,FALSE,0,,,,,,0
GEO,2016,1.3791904000000001,6,11,TUR,FALSE,63,Georgia,2015,FALSE,TUR,TRUE,FALSE,0,,,,,,0
GEO,2017,1.2697635999999999,4,8,RUS,FALSE,63,Georgia,2016,FALSE,TUR,TRUE,FALSE,0,,,,,,0
GEO,2018,1.4005554,5,16,AZE,FALSE,63,Georgia,2017,FALSE,RUS,TRUE,FALSE,0,,,,,,0
GEO,2019,1.2822175,6,10,RUS,FALSE,63,Georgia,2018,FALSE,AZE,TRUE,FALSE,0,,,,,,0
GEO,2020,1.5289782,4,7,BGR,FALSE,63,Georgia,2019,FALSE,RUS,TRUE,FALSE,0,,,,,,0
GEO,2021,1.081888,4,6,RUS,FALSE,63,Georgia,2020,FALSE,BGR,TRUE,FALSE,0,,,,,,0
GEO,2022,2.0437894,5,10,TUR,FALSE,63,Georgia,2021,FALSE,RUS,TRUE,FALSE,0,,,,,,0
GEO,2023,1.757717,,,,,63,Georgia,2022,FALSE,TUR,TRUE,FALSE,0,,,,,,
GHA,1990,0.7145676,4,21,DEU,FALSE,64,Ghana,,,,FALSE,FALSE,0,,,,,,0
GHA,1991,0.7189959000000001,2,22,DEU,FALSE,64,Ghana,1990,FALSE,DEU,TRUE,FALSE,0,,,,,,0
GHA,1992,0.1481688,3,15,DEU,FALSE,64,Ghana,1991,FALSE,DEU,TRUE,FALSE,0,,,,,,0
GHA,1993,0.9903519000000001,1,17,USA,FALSE,64,Ghana,1992,FALSE,DEU,TRUE,FALSE,0,,,,,,0
GHA,1994,0.8420911,3,12,DEU,FALSE,64,Ghana,1993,FALSE,USA,TRUE,FALSE,0,,,,,,0
GHA,1995,0.6721872000000001,2,26,GBR,FALSE,64,Ghana,1994,FALSE,DEU,TRUE,FALSE,0,,,,,,0
GHA,1996,0.112506,2,39,GBR,FALSE,64,Ghana,1995,FALSE,GBR,TRUE,FALSE,0,,,,,,0
GHA,1997,0.14987600000000012,3,38,GBR,FALSE,64,Ghana,1996,FALSE,GBR,TRUE,FALSE,0,,,,,,0
GHA,1998,0.42140399999999995,5,26,GBR,FALSE,64,Ghana,1997,FALSE,GBR,TRUE,FALSE,0,,,,,,0
GHA,1999,0.0757006,2,35,GBR,FALSE,64,Ghana,1998,FALSE,GBR,TRUE,FALSE,0,,,,,,0
GHA,2000,0.009987300000000032,2,12,GBR,FALSE,64,Ghana,1999,FALSE,GBR,TRUE,FALSE,0,,,,,,0
GHA,2001,0.07756750000000001,3,10,GBR,FALSE,64,Ghana,2000,FALSE,GBR,TRUE,FALSE,0,,,,,,0
GHA,2002,0.15157510000000007,4,13,GBR,FALSE,64,Ghana,2001,FALSE,GBR,TRUE,FALSE,0,,,,,,0
GHA,2003,0.35246770000000005,7,13,GBR,FALSE,64,Ghana,2002,FALSE,GBR,TRUE,FALSE,0,,,,,,0
GHA,2004,0.29481630000000003,4,10,GBR,FALSE,64,Ghana,2003,FALSE,GBR,TRUE,FALSE,0,,,,,,0
GHA,2005,0.22473400000000004,6,10,ZAF,FALSE,64,Ghana,2004,FALSE,GBR,TRUE,FALSE,0,,,,,,0
GHA,2006,0.4432772,3,12,NLD,FALSE,64,Ghana,2005,FALSE,ZAF,TRUE,FALSE,0,,,,,,0
GHA,2007,0.2848742000000001,6,19,ZAF,FALSE,64,Ghana,2006,FALSE,NLD,TRUE,FALSE,0,,,,,,0
GHA,2008,0.2524694,6,14,ZAF,FALSE,64,Ghana,2007,FALSE,ZAF,TRUE,FALSE,0,,,,,,0
GHA,2009,0.20258690000000001,7,17,ZAF,FALSE,64,Ghana,2008,FALSE,ZAF,TRUE,FALSE,0,,,,,,0
GHA,2010,0.32369820000000005,5,15,NLD,FALSE,64,Ghana,2009,FALSE,ZAF,TRUE,FALSE,0,,,,,,0
GHA,2011,0.22676509999999994,5,9,ZAF,FALSE,64,Ghana,2010,FALSE,NLD,TRUE,FALSE,0,,,,,,0
GHA,2012,0.3075264,9,6,ARE,FALSE,64,Ghana,2011,FALSE,ZAF,TRUE,FALSE,0,,,,,,0
GHA,2013,0.17020940000000007,11,5,ARE,FALSE,64,Ghana,2012,FALSE,ARE,TRUE,FALSE,0,,,,,,0
GHA,2014,0.44169790000000003,12,3,CHE,FALSE,64,Ghana,2013,FALSE,ARE,TRUE,FALSE,0,,,,,,0
GHA,2015,0.07981869999999999,10,3,IND,FALSE,64,Ghana,2014,FALSE,CHE,TRUE,FALSE,0,,,,,,0
GHA,2016,0.007404500000000036,6,4,CHE,FALSE,64,Ghana,2015,FALSE,IND,TRUE,FALSE,0,,,,,,0
GHA,2017,0.03755590000000003,6,2,IND,FALSE,64,Ghana,2016,FALSE,CHE,TRUE,FALSE,0,,,,,,0
GHA,2018,0.3254983,7,2,IND,FALSE,64,Ghana,2017,FALSE,IND,TRUE,FALSE,0,,,,,,0
GHA,2019,0.2315295,6,1,CHN,TRUE,64,Ghana,2018,FALSE,IND,TRUE,TRUE,1,2019,2018,FALSE,IND,TRUE,1
GHA,2020,0.12670970000000004,6,2,CHE,FALSE,64,Ghana,2019,TRUE,CHN,TRUE,FALSE,1,2019,2018,FALSE,IND,TRUE,0
GHA,2021,0.16344010000000003,2,5,CHE,FALSE,64,Ghana,2020,FALSE,CHE,TRUE,FALSE,1,2019,2018,FALSE,IND,TRUE,0
GHA,2022,0.6365814000000001,3,4,ARE,FALSE,64,Ghana,2021,FALSE,CHE,TRUE,FALSE,1,2019,2018,FALSE,IND,TRUE,0
GHA,2023,0.29640180000000005,,,,,64,Ghana,2022,FALSE,ARE,TRUE,FALSE,1,2019,2018,FALSE,IND,TRUE,
GIN,1990,0.4070623,17,,ESP,FALSE,65,Guinea,,,,FALSE,FALSE,0,,,,,,0
GIN,1991,0.37767520000000004,1,,USA,FALSE,65,Guinea,1990,FALSE,ESP,TRUE,FALSE,0,,,,,,0
GIN,1992,0.06645480000000004,1,25,USA,FALSE,65,Guinea,1991,FALSE,USA,TRUE,FALSE,0,,,,,,0
GIN,1993,0.5807836000000001,1,6,USA,FALSE,65,Guinea,1992,FALSE,USA,TRUE,FALSE,0,,,,,,0
GIN,1994,1.0472318,1,9,USA,FALSE,65,Guinea,1993,FALSE,USA,TRUE,FALSE,0,,,,,,0
GIN,1995,1.0783987000000002,1,25,USA,FALSE,65,Guinea,1994,FALSE,USA,TRUE,FALSE,0,,,,,,0
GIN,1996,0.5054912999999999,1,23,USA,FALSE,65,Guinea,1995,FALSE,USA,TRUE,FALSE,0,,,,,,0
GIN,1997,0.39129310000000006,1,10,USA,FALSE,65,Guinea,1996,FALSE,USA,TRUE,FALSE,0,,,,,,0
GIN,1998,0.422533,1,41,USA,FALSE,65,Guinea,1997,FALSE,USA,TRUE,FALSE,0,,,,,,0
GIN,1999,0.08765339999999999,1,16,USA,FALSE,65,Guinea,1998,FALSE,USA,TRUE,FALSE,0,,,,,,0
GIN,2000,0.217449,4,66,BEL,FALSE,65,Guinea,1999,FALSE,USA,TRUE,FALSE,0,,,,,,0
GIN,2001,0.1382394,6,71,BEL,FALSE,65,Guinea,2000,FALSE,BEL,TRUE,FALSE,0,,,,,,0
GIN,2002,0.2722821000000001,6,15,KOR,FALSE,65,Guinea,2001,FALSE,BEL,TRUE,FALSE,0,,,,,,0
GIN,2003,0.24227929999999998,3,17,KOR,FALSE,65,Guinea,2002,FALSE,KOR,TRUE,FALSE,0,,,,,,0
GIN,2004,0.10724,5,15,RUS,FALSE,65,Guinea,2003,FALSE,KOR,TRUE,FALSE,0,,,,,,0
GIN,2005,0.039538900000000043,7,24,RUS,FALSE,65,Guinea,2004,FALSE,RUS,TRUE,FALSE,0,,,,,,0
GIN,2006,0.14356599999999997,6,17,IND,FALSE,65,Guinea,2005,FALSE,RUS,TRUE,FALSE,0,,,,,,0
GIN,2007,0.25306529999999994,4,9,IND,FALSE,65,Guinea,2006,FALSE,IND,TRUE,FALSE,0,,,,,,0
GIN,2008,0.32516500000000004,6,14,FRA,FALSE,65,Guinea,2007,FALSE,IND,TRUE,FALSE,0,,,,,,0
GIN,2009,0.16532809999999998,5,18,ESP,FALSE,65,Guinea,2008,FALSE,FRA,TRUE,FALSE,0,,,,,,0
GIN,2010,0.18072829999999984,6,11,CHL,FALSE,65,Guinea,2009,FALSE,ESP,TRUE,FALSE,0,,,,,,0
GIN,2011,0.10778869999999996,6,14,CHL,FALSE,65,Guinea,2010,FALSE,CHL,TRUE,FALSE,0,,,,,,0
GIN,2012,0.21539719999999996,5,19,CHE,FALSE,65,Guinea,2011,FALSE,CHL,TRUE,FALSE,0,,,,,,0
GIN,2013,0.1069523,6,10,IND,FALSE,65,Guinea,2012,FALSE,CHE,TRUE,FALSE,0,,,,,,0
GIN,2014,0.3292948,8,12,KOR,FALSE,65,Guinea,2013,FALSE,IND,TRUE,FALSE,0,,,,,,0
GIN,2015,0.5769835,10,14,IND,FALSE,65,Guinea,2014,FALSE,KOR,TRUE,FALSE,0,,,,,,0
GIN,2016,0.29506029999999994,21,2,ARE,FALSE,65,Guinea,2015,FALSE,IND,TRUE,FALSE,0,,,,,,0
GIN,2017,0.44145170000000006,17,2,ARE,FALSE,65,Guinea,2016,FALSE,ARE,TRUE,FALSE,0,,,,,,0
GIN,2018,0.16227859999999994,28,2,ARE,FALSE,65,Guinea,2017,FALSE,ARE,TRUE,FALSE,0,,,,,,0
GIN,2019,0.4316651,23,1,CHN,TRUE,65,Guinea,2018,FALSE,ARE,TRUE,TRUE,1,2019,2018,FALSE,ARE,TRUE,1
GIN,2020,0.10027220000000003,22,2,ARE,FALSE,65,Guinea,2019,TRUE,CHN,TRUE,FALSE,1,2019,2018,FALSE,ARE,TRUE,0
GIN,2021,0.2622195,22,2,IND,FALSE,65,Guinea,2020,FALSE,ARE,TRUE,FALSE,1,2019,2018,FALSE,ARE,TRUE,0
GIN,2022,0.7364398999999999,21,1,CHN,TRUE,65,Guinea,2021,FALSE,IND,TRUE,TRUE,2,2022,2021,FALSE,IND,TRUE,1
GIN,2023,0.3369515,,,,,65,Guinea,2022,TRUE,CHN,TRUE,FALSE,2,2022,2021,FALSE,IND,TRUE,
GMB,1990,0.39401529999999996,13,,JPN,FALSE,66,Gambia,,,,FALSE,FALSE,0,,,,,,0
GMB,1991,0.32503869999999996,5,,JPN,FALSE,66,Gambia,1990,FALSE,JPN,TRUE,FALSE,0,,,,,,0
GMB,1992,0.4103904,6,30,JPN,FALSE,66,Gambia,1991,FALSE,JPN,TRUE,FALSE,0,,,,,,0
GMB,1993,1.2721852,2,9,JPN,FALSE,66,Gambia,1992,FALSE,JPN,TRUE,FALSE,0,,,,,,0
GMB,1994,1.3709343999999999,5,26,JPN,FALSE,66,Gambia,1993,FALSE,JPN,TRUE,FALSE,0,,,,,,0
GMB,1995,0.510785,8,17,BLX,FALSE,66,Gambia,1994,FALSE,JPN,TRUE,FALSE,0,,,,,,0
GMB,1996,0.4500873999999999,5,16,BLX,FALSE,66,Gambia,1995,FALSE,BLX,TRUE,FALSE,0,,,,,,0
GMB,1997,0.3134998,8,,BLX,FALSE,66,Gambia,1996,FALSE,BLX,TRUE,FALSE,0,,,,,,0
GMB,1998,0.08079219999999998,8,44,BLX,FALSE,66,Gambia,1997,FALSE,BLX,TRUE,FALSE,0,,,,,,0
GMB,1999,0.2807279,16,71,BEL,FALSE,66,Gambia,1998,FALSE,BLX,TRUE,FALSE,0,,,,,,0
GMB,2000,0.1667580999999999,20,49,BEL,FALSE,66,Gambia,1999,FALSE,BEL,TRUE,FALSE,0,,,,,,0
GMB,2001,0.12930430000000004,20,46,GBR,FALSE,66,Gambia,2000,FALSE,BEL,TRUE,FALSE,0,,,,,,0
GMB,2002,0.4193399,9,43,FRA,FALSE,66,Gambia,2001,FALSE,GBR,TRUE,FALSE,0,,,,,,0
GMB,2003,0.12038280000000001,25,5,PNG,FALSE,66,Gambia,2002,FALSE,FRA,TRUE,FALSE,0,,,,,,0
GMB,2004,0.06226009999999993,16,27,IND,FALSE,66,Gambia,2003,FALSE,PNG,TRUE,FALSE,0,,,,,,0
GMB,2005,0.5757175999999999,13,21,IND,FALSE,66,Gambia,2004,FALSE,IND,TRUE,FALSE,0,,,,,,0
GMB,2006,0.18209489999999995,13,14,IND,FALSE,66,Gambia,2005,FALSE,IND,TRUE,FALSE,0,,,,,,0
GMB,2007,0.5617359999999999,20,2,IND,FALSE,66,Gambia,2006,FALSE,IND,TRUE,FALSE,0,,,,,,0
GMB,2008,0.35292329999999994,12,3,IND,FALSE,66,Gambia,2007,FALSE,IND,TRUE,FALSE,0,,,,,,0
GMB,2009,0.09089349999999996,9,4,IND,FALSE,66,Gambia,2008,FALSE,IND,TRUE,FALSE,0,,,,,,0
GMB,2010,0.24866410000000005,7,2,SEN,FALSE,66,Gambia,2009,FALSE,IND,TRUE,FALSE,0,,,,,,0
GMB,2011,0.2563162,48,1,CHN,TRUE,66,Gambia,2010,FALSE,SEN,TRUE,TRUE,1,2011,2010,FALSE,SEN,TRUE,1
GMB,2012,0.4666345,29,1,CHN,TRUE,66,Gambia,2011,TRUE,CHN,TRUE,FALSE,1,2011,2010,FALSE,SEN,TRUE,1
GMB,2013,0.21453280000000008,14,1,CHN,TRUE,66,Gambia,2012,TRUE,CHN,TRUE,FALSE,1,2011,2010,FALSE,SEN,TRUE,1
GMB,2014,0.002187300000000003,24,2,MLI,FALSE,66,Gambia,2013,TRUE,CHN,TRUE,FALSE,1,2011,2010,FALSE,SEN,TRUE,0
GMB,2015,0.6407927,17,1,CHN,TRUE,66,Gambia,2014,FALSE,MLI,TRUE,TRUE,2,2015,2014,FALSE,MLI,TRUE,1
GMB,2016,0.2782019,21,1,CHN,TRUE,66,Gambia,2015,TRUE,CHN,TRUE,FALSE,2,2015,2014,FALSE,MLI,TRUE,1
GMB,2017,0.256634,14,1,CHN,TRUE,66,Gambia,2016,TRUE,CHN,TRUE,FALSE,2,2015,2014,FALSE,MLI,TRUE,1
GMB,2018,0.05147240000000003,22,2,IND,FALSE,66,Gambia,2017,TRUE,CHN,TRUE,FALSE,2,2015,2014,FALSE,MLI,TRUE,0
GMB,2019,0.17673470000000002,24,1,CHN,TRUE,66,Gambia,2018,FALSE,IND,TRUE,TRUE,3,2019,2018,FALSE,IND,TRUE,1
GMB,2020,0.10740840000000007,18,3,UGA,FALSE,66,Gambia,2019,TRUE,CHN,TRUE,FALSE,3,2019,2018,FALSE,IND,TRUE,0
GMB,2021,0.2468375,16,2,UGA,FALSE,66,Gambia,2020,FALSE,UGA,TRUE,FALSE,3,2019,2018,FALSE,IND,TRUE,0
GMB,2022,0.7097387,13,2,IND,FALSE,66,Gambia,2021,FALSE,UGA,TRUE,FALSE,3,2019,2018,FALSE,IND,TRUE,0
GMB,2023,0.31215380000000004,,,,,66,Gambia,2022,FALSE,IND,TRUE,FALSE,3,2019,2018,FALSE,IND,TRUE,
GNB,1990,0.3914217,14,10,ESP,FALSE,67,Guinea-Bissau,,,,FALSE,FALSE,0,,,,,,0
GNB,1991,0.3628718,8,,IND,FALSE,67,Guinea-Bissau,1990,FALSE,ESP,TRUE,FALSE,0,,,,,,0
GNB,1992,0.018230100000000027,13,,IND,FALSE,67,Guinea-Bissau,1991,FALSE,IND,TRUE,FALSE,0,,,,,,0
GNB,1993,0.8493887000000001,8,4,IND,FALSE,67,Guinea-Bissau,1992,FALSE,IND,TRUE,FALSE,0,,,,,,0
GNB,1995,1.1753049,19,30,ESP,FALSE,67,Guinea-Bissau,1993,FALSE,IND,TRUE,FALSE,0,,,,,,0
GNB,1996,0.6632552999999999,18,,ESP,FALSE,67,Guinea-Bissau,1995,FALSE,ESP,TRUE,FALSE,0,,,,,,0
GNB,1997,0.4159549,16,7,IND,FALSE,67,Guinea-Bissau,1996,FALSE,ESP,TRUE,FALSE,0,,,,,,0
GNB,1998,0.36893119999999996,15,,URY,FALSE,67,Guinea-Bissau,1997,FALSE,IND,TRUE,FALSE,0,,,,,,0
GNB,1999,0.11314970000000002,16,13,IND,FALSE,67,Guinea-Bissau,1998,FALSE,URY,TRUE,FALSE,0,,,,,,0
GNB,2002,0.29801450000000007,17,,IND,FALSE,67,Guinea-Bissau,1999,FALSE,IND,TRUE,FALSE,0,,,,,,0
GNB,2003,0.23740669999999997,5,,IND,FALSE,67,Guinea-Bissau,2002,FALSE,IND,TRUE,FALSE,0,,,,,,0
GNB,2004,0.47009550000000005,2,41,IND,FALSE,67,Guinea-Bissau,2003,FALSE,IND,TRUE,FALSE,0,,,,,,0
GNB,2005,0.27156,14,,IND,FALSE,67,Guinea-Bissau,2004,FALSE,IND,TRUE,FALSE,0,,,,,,0
GNB,2006,0.46176110000000004,8,39,IND,FALSE,67,Guinea-Bissau,2005,FALSE,IND,TRUE,FALSE,0,,,,,,0
GNB,2007,0.027548100000000075,16,12,IND,FALSE,67,Guinea-Bissau,2006,FALSE,IND,TRUE,FALSE,0,,,,,,0
GNB,2008,0.30726000000000003,15,3,IND,FALSE,67,Guinea-Bissau,2007,FALSE,IND,TRUE,FALSE,0,,,,,,0
GNB,2009,0.07965250000000001,22,4,IND,FALSE,67,Guinea-Bissau,2008,FALSE,IND,TRUE,FALSE,0,,,,,,0
GNB,2010,0.33702470000000007,7,4,IND,FALSE,67,Guinea-Bissau,2009,FALSE,IND,TRUE,FALSE,0,,,,,,0
GNB,2011,0.22814389999999996,10,6,IND,FALSE,67,Guinea-Bissau,2010,FALSE,IND,TRUE,FALSE,0,,,,,,0
GNB,2012,0.3751598,22,3,IND,FALSE,67,Guinea-Bissau,2011,FALSE,IND,TRUE,FALSE,0,,,,,,0
GNB,2013,0.11624920000000005,16,5,IND,FALSE,67,Guinea-Bissau,2012,FALSE,IND,TRUE,FALSE,0,,,,,,0
GNB,2014,0.3590281,35,2,IND,FALSE,67,Guinea-Bissau,2013,FALSE,IND,TRUE,FALSE,0,,,,,,0
GNB,2015,0.34238389999999996,33,3,IND,FALSE,67,Guinea-Bissau,2014,FALSE,IND,TRUE,FALSE,0,,,,,,0
GNB,2016,0.2235939,35,22,IND,FALSE,67,Guinea-Bissau,2015,FALSE,IND,TRUE,FALSE,0,,,,,,0
GNB,2017,0.2835359,21,10,IND,FALSE,67,Guinea-Bissau,2016,FALSE,IND,TRUE,FALSE,0,,,,,,0
GNB,2018,0.04852010000000001,14,2,IND,FALSE,67,Guinea-Bissau,2017,FALSE,IND,TRUE,FALSE,0,,,,,,0
GNB,2019,0.0878795,8,4,IND,FALSE,67,Guinea-Bissau,2018,FALSE,IND,TRUE,FALSE,0,,,,,,0
GNB,2020,0.0505810000000001,9,27,IND,FALSE,67,Guinea-Bissau,2019,FALSE,IND,TRUE,FALSE,0,,,,,,0
GNB,2021,0.22570900000000005,13,,IND,FALSE,67,Guinea-Bissau,2020,FALSE,IND,TRUE,FALSE,0,,,,,,0
GNB,2022,0.5454938,24,30,IND,FALSE,67,Guinea-Bissau,2021,FALSE,IND,TRUE,FALSE,0,,,,,,0
GNB,2023,0.12972040000000007,,,,,67,Guinea-Bissau,2022,FALSE,IND,TRUE,FALSE,0,,,,,,
GNQ,1995,1.6610579,9,3,JPN,FALSE,68,Equatorial Guinea,,,,FALSE,FALSE,0,,,,,,0
GNQ,1996,1.4343835999999999,1,4,USA,FALSE,68,Equatorial Guinea,1995,FALSE,JPN,TRUE,FALSE,0,,,,,,0
GNQ,1997,0.9760362,5,2,ESP,FALSE,68,Equatorial Guinea,1996,FALSE,USA,TRUE,FALSE,0,,,,,,0
GNQ,1998,0.1752381,3,2,ESP,FALSE,68,Equatorial Guinea,1997,FALSE,ESP,TRUE,FALSE,0,,,,,,0
GNQ,1999,0.41649959999999997,6,2,ESP,FALSE,68,Equatorial Guinea,1998,FALSE,ESP,TRUE,FALSE,0,,,,,,0
GNQ,2000,0.12221940000000009,3,2,ESP,FALSE,68,Equatorial Guinea,1999,FALSE,ESP,TRUE,FALSE,0,,,,,,0
GNQ,2001,0.1485223,3,2,ESP,FALSE,68,Equatorial Guinea,2000,FALSE,ESP,TRUE,FALSE,0,,,,,,0
GNQ,2002,0.3802227,1,3,USA,FALSE,68,Equatorial Guinea,2001,FALSE,ESP,TRUE,FALSE,0,,,,,,0
GNQ,2003,0.9033871,1,3,USA,FALSE,68,Equatorial Guinea,2002,FALSE,USA,TRUE,FALSE,0,,,,,,0
GNQ,2004,0.6595699,1,2,USA,FALSE,68,Equatorial Guinea,2003,FALSE,USA,TRUE,FALSE,0,,,,,,0
GNQ,2005,0.5334246,1,2,USA,FALSE,68,Equatorial Guinea,2004,FALSE,USA,TRUE,FALSE,0,,,,,,0
GNQ,2006,1.4476067000000001,2,1,CHN,TRUE,68,Equatorial Guinea,2005,FALSE,USA,TRUE,TRUE,1,2006,2005,FALSE,USA,TRUE,1
GNQ,2007,0.6227843580000001,1,2,USA,FALSE,68,Equatorial Guinea,2006,TRUE,CHN,TRUE,FALSE,1,2006,2005,FALSE,USA,TRUE,0
GNQ,2008,0.2135993,1,3,USA,FALSE,68,Equatorial Guinea,2007,FALSE,USA,TRUE,FALSE,1,2006,2005,FALSE,USA,TRUE,0
GNQ,2009,0.0573051,1,2,USA,FALSE,68,Equatorial Guinea,2008,FALSE,USA,TRUE,FALSE,1,2006,2005,FALSE,USA,TRUE,0
GNQ,2010,0.17369790000000007,1,6,USA,FALSE,68,Equatorial Guinea,2009,FALSE,USA,TRUE,FALSE,1,2006,2005,FALSE,USA,TRUE,0
GNQ,2011,0.4346557,5,2,ESP,FALSE,68,Equatorial Guinea,2010,FALSE,USA,TRUE,FALSE,1,2006,2005,FALSE,USA,TRUE,0
GNQ,2012,0.3758448,4,3,JPN,FALSE,68,Equatorial Guinea,2011,FALSE,ESP,TRUE,FALSE,1,2006,2005,FALSE,USA,TRUE,0
GNQ,2013,0.17587619999999998,7,1,CHN,TRUE,68,Equatorial Guinea,2012,FALSE,JPN,TRUE,TRUE,2,2013,2012,FALSE,JPN,TRUE,1
GNQ,2014,0.21006860000000005,12,1,CHN,TRUE,68,Equatorial Guinea,2013,TRUE,CHN,TRUE,FALSE,2,2013,2012,FALSE,JPN,TRUE,1
GNQ,2015,0.48824429999999996,12,1,CHN,TRUE,68,Equatorial Guinea,2014,TRUE,CHN,TRUE,FALSE,2,2013,2012,FALSE,JPN,TRUE,1
GNQ,2016,0.2943943,6,2,IND,FALSE,68,Equatorial Guinea,2015,TRUE,CHN,TRUE,FALSE,2,2013,2012,FALSE,JPN,TRUE,0
GNQ,2017,0.04421420000000004,5,1,CHN,TRUE,68,Equatorial Guinea,2016,FALSE,IND,TRUE,TRUE,3,2017,2016,FALSE,IND,TRUE,1
GNQ,2018,0.14996180000000003,4,1,CHN,TRUE,68,Equatorial Guinea,2017,TRUE,CHN,TRUE,FALSE,3,2017,2016,FALSE,IND,TRUE,1
GNQ,2019,0.19657000000000002,4,1,CHN,TRUE,68,Equatorial Guinea,2018,TRUE,CHN,TRUE,FALSE,3,2017,2016,FALSE,IND,TRUE,1
GNQ,2020,0.10485600000000006,6,1,CHN,TRUE,68,Equatorial Guinea,2019,TRUE,CHN,TRUE,FALSE,3,2017,2016,FALSE,IND,TRUE,1
GNQ,2021,0.5876766,6,1,CHN,TRUE,68,Equatorial Guinea,2020,TRUE,CHN,TRUE,FALSE,3,2017,2016,FALSE,IND,TRUE,1
GNQ,2022,0.4859274,9,1,CHN,TRUE,68,Equatorial Guinea,2021,TRUE,CHN,TRUE,FALSE,3,2017,2016,FALSE,IND,TRUE,1
GNQ,2023,0.07115470000000002,,,,,68,Equatorial Guinea,2022,TRUE,CHN,TRUE,FALSE,3,2017,2016,FALSE,IND,TRUE,
GRC,1990,1.1526,5,25,DEU,FALSE,69,Greece,,,,FALSE,FALSE,0,,,,,,0
GRC,1991,1.2360508,3,29,DEU,FALSE,69,Greece,1990,FALSE,DEU,TRUE,FALSE,0,,,,,,0
GRC,1992,1.6792846,5,47,DEU,FALSE,69,Greece,1991,FALSE,DEU,TRUE,FALSE,0,,,,,,0
GRC,1993,2.4538082,5,40,DEU,FALSE,69,Greece,1992,FALSE,DEU,TRUE,FALSE,0,,,,,,0
GRC,1994,2.9336919999999997,5,44,DEU,FALSE,69,Greece,1993,FALSE,DEU,TRUE,FALSE,0,,,,,,0
GRC,1995,3.1633880000000003,7,49,DEU,FALSE,69,Greece,1994,FALSE,DEU,TRUE,FALSE,0,,,,,,0
GRC,1996,2.767467,5,31,DEU,FALSE,69,Greece,1995,FALSE,DEU,TRUE,FALSE,0,,,,,,0
GRC,1997,2.592476,5,27,DEU,FALSE,69,Greece,1996,FALSE,DEU,TRUE,FALSE,0,,,,,,0
GRC,1998,1.5981841,4,47,DEU,FALSE,69,Greece,1997,FALSE,DEU,TRUE,FALSE,0,,,,,,0
GRC,1999,1.7809854,4,48,DEU,FALSE,69,Greece,1998,FALSE,DEU,TRUE,FALSE,0,,,,,,0
GRC,2000,1.8585116000000002,4,36,DEU,FALSE,69,Greece,1999,FALSE,DEU,TRUE,FALSE,0,,,,,,0
GRC,2001,1.6987633,5,36,DEU,FALSE,69,Greece,2000,FALSE,DEU,TRUE,FALSE,0,,,,,,0
GRC,2002,1.5703666,5,37,DEU,FALSE,69,Greece,2001,FALSE,DEU,TRUE,FALSE,0,,,,,,0
GRC,2003,1.9814162,5,37,ITA,FALSE,69,Greece,2002,FALSE,DEU,TRUE,FALSE,0,,,,,,0
GRC,2004,1.7394981,6,35,ITA,FALSE,69,Greece,2003,FALSE,ITA,TRUE,FALSE,0,,,,,,0
GRC,2005,1.6995147,6,37,DEU,FALSE,69,Greece,2004,FALSE,ITA,TRUE,FALSE,0,,,,,,0
GRC,2006,1.8730641000000001,7,38,ITA,FALSE,69,Greece,2005,FALSE,DEU,TRUE,FALSE,0,,,,,,0
GRC,2007,1.6494170000000001,6,31,ITA,FALSE,69,Greece,2006,FALSE,ITA,TRUE,FALSE,0,,,,,,0
GRC,2008,1.6109946000000002,8,38,DEU,FALSE,69,Greece,2007,FALSE,ITA,TRUE,FALSE,0,,,,,,0
GRC,2009,1.5740034,9,28,DEU,FALSE,69,Greece,2008,FALSE,DEU,TRUE,FALSE,0,,,,,,0
GRC,2010,0.49818490000000004,10,18,ITA,FALSE,69,Greece,2009,FALSE,DEU,TRUE,FALSE,0,,,,,,0
GRC,2011,1.6178766,9,24,ITA,FALSE,69,Greece,2010,FALSE,ITA,TRUE,FALSE,0,,,,,,0
GRC,2012,1.7337276,8,21,TUR,FALSE,69,Greece,2011,FALSE,ITA,TRUE,FALSE,0,,,,,,0
GRC,2013,1.4235302,10,21,TUR,FALSE,69,Greece,2012,FALSE,TUR,TRUE,FALSE,0,,,,,,0
GRC,2014,1.7173976,7,24,TUR,FALSE,69,Greece,2013,FALSE,TUR,TRUE,FALSE,0,,,,,,0
GRC,2015,1.0534454,5,21,ITA,FALSE,69,Greece,2014,FALSE,TUR,TRUE,FALSE,0,,,,,,0
GRC,2016,1.2154489000000002,6,23,ITA,FALSE,69,Greece,2015,FALSE,ITA,TRUE,FALSE,0,,,,,,0
GRC,2017,1.2812887,7,20,ITA,FALSE,69,Greece,2016,FALSE,ITA,TRUE,FALSE,0,,,,,,0
GRC,2018,1.3855903,6,19,ITA,FALSE,69,Greece,2017,FALSE,ITA,TRUE,FALSE,0,,,,,,0
GRC,2019,1.3991524,5,14,ITA,FALSE,69,Greece,2018,FALSE,ITA,TRUE,FALSE,0,,,,,,0
GRC,2020,1.5347886000000002,7,12,ITA,FALSE,69,Greece,2019,FALSE,ITA,TRUE,FALSE,0,,,,,,0
GRC,2021,1.1982755,7,13,ITA,FALSE,69,Greece,2020,FALSE,ITA,TRUE,FALSE,0,,,,,,0
GRC,2022,2.131459,5,17,ITA,FALSE,69,Greece,2021,FALSE,ITA,TRUE,FALSE,0,,,,,,0
GRC,2023,1.8269197,,,,,69,Greece,2022,FALSE,ITA,TRUE,FALSE,0,,,,,,
GRD,1990,0.10942394,4,,GBR,FALSE,70,Grenada,,,,FALSE,FALSE,0,,,,,,0
GRD,1991,0.0018311999999999773,1,,USA,FALSE,70,Grenada,1990,FALSE,GBR,TRUE,FALSE,0,,,,,,0
GRD,1992,0.3403125,1,27,USA,FALSE,70,Grenada,1991,FALSE,USA,TRUE,FALSE,0,,,,,,0
GRD,1993,1.2369386,1,43,USA,FALSE,70,Grenada,1992,FALSE,USA,TRUE,FALSE,0,,,,,,0
GRD,1994,1.4919505,1,40,USA,FALSE,70,Grenada,1993,FALSE,USA,TRUE,FALSE,0,,,,,,0
GRD,1995,1.8978806000000001,1,,USA,FALSE,70,Grenada,1994,FALSE,USA,TRUE,FALSE,0,,,,,,0
GRD,1996,1.35269953,1,50,USA,FALSE,70,Grenada,1995,FALSE,USA,TRUE,FALSE,0,,,,,,0
GRD,1997,0.8280964000000001,1,65,USA,FALSE,70,Grenada,1996,FALSE,USA,TRUE,FALSE,0,,,,,,0
GRD,1998,0.2100644,1,50,USA,FALSE,70,Grenada,1997,FALSE,USA,TRUE,FALSE,0,,,,,,0
GRD,1999,0.33637469999999997,1,,USA,FALSE,70,Grenada,1998,FALSE,USA,TRUE,FALSE,0,,,,,,0
GRD,2000,0.37566960000000005,1,42,USA,FALSE,70,Grenada,1999,FALSE,USA,TRUE,FALSE,0,,,,,,0
GRD,2001,0.2586391,1,46,USA,FALSE,70,Grenada,2000,FALSE,USA,TRUE,FALSE,0,,,,,,0
GRD,2002,0.08129529999999996,1,82,USA,FALSE,70,Grenada,2001,FALSE,USA,TRUE,FALSE,0,,,,,,0
GRD,2003,0.3461212,1,23,USA,FALSE,70,Grenada,2002,FALSE,USA,TRUE,FALSE,0,,,,,,0
GRD,2004,1.0748137,1,65,USA,FALSE,70,Grenada,2003,FALSE,USA,TRUE,FALSE,0,,,,,,0
GRD,2005,0.74631064,1,37,USA,FALSE,70,Grenada,2004,FALSE,USA,TRUE,FALSE,0,,,,,,0
GRD,2006,0.21263739999999998,1,30,USA,FALSE,70,Grenada,2005,FALSE,USA,TRUE,FALSE,0,,,,,,0
GRD,2007,0.39413220000000004,2,33,ECU,FALSE,70,Grenada,2006,FALSE,USA,TRUE,FALSE,0,,,,,,0
GRD,2008,0.19737120000000002,2,21,GBR,FALSE,70,Grenada,2007,FALSE,ECU,TRUE,FALSE,0,,,,,,0
GRD,2009,0.1320812,2,,EGY,FALSE,70,Grenada,2008,FALSE,GBR,TRUE,FALSE,0,,,,,,0
GRD,2010,1.6187305,1,36,USA,FALSE,70,Grenada,2009,FALSE,EGY,TRUE,FALSE,0,,,,,,0
GRD,2011,0.31717039999999996,1,39,USA,FALSE,70,Grenada,2010,FALSE,USA,TRUE,FALSE,0,,,,,,0
GRD,2012,0.30104620000000004,1,39,USA,FALSE,70,Grenada,2011,FALSE,USA,TRUE,FALSE,0,,,,,,0
GRD,2013,0.26527579999999995,1,41,USA,FALSE,70,Grenada,2012,FALSE,USA,TRUE,FALSE,0,,,,,,0
GRD,2014,0.31586939999999997,1,41,USA,FALSE,70,Grenada,2013,FALSE,USA,TRUE,FALSE,0,,,,,,0
GRD,2015,0.28174029999999994,1,70,USA,FALSE,70,Grenada,2014,FALSE,USA,TRUE,FALSE,0,,,,,,0
GRD,2016,0.0032300000000000106,1,24,USA,FALSE,70,Grenada,2015,FALSE,USA,TRUE,FALSE,0,,,,,,0
GRD,2017,0.18174400000000007,1,44,USA,FALSE,70,Grenada,2016,FALSE,USA,TRUE,FALSE,0,,,,,,0
GRD,2018,0.0918021,1,53,USA,FALSE,70,Grenada,2017,FALSE,USA,TRUE,FALSE,0,,,,,,0
GRD,2019,0.1728052,1,44,USA,FALSE,70,Grenada,2018,FALSE,USA,TRUE,FALSE,0,,,,,,0
GRD,2020,0.036158899999999994,1,43,USA,FALSE,70,Grenada,2019,FALSE,USA,TRUE,FALSE,0,,,,,,0
GRD,2021,0.31339480000000003,1,25,USA,FALSE,70,Grenada,2020,FALSE,USA,TRUE,FALSE,0,,,,,,0
GRD,2022,0.5801528,1,39,USA,FALSE,70,Grenada,2021,FALSE,USA,TRUE,FALSE,0,,,,,,0
GRD,2023,0.363464,,,,,70,Grenada,2022,FALSE,USA,TRUE,FALSE,0,,,,,,
GTM,1990,0.37660970000000005,1,,USA,FALSE,71,Guatemala,,,,FALSE,FALSE,0,,,,,,0
GTM,1991,0.1573831,1,54,USA,FALSE,71,Guatemala,1990,FALSE,USA,TRUE,FALSE,0,,,,,,0
GTM,1992,0.43785430000000003,1,72,USA,FALSE,71,Guatemala,1991,FALSE,USA,TRUE,FALSE,0,,,,,,0
GTM,1993,1.1087218,1,75,USA,FALSE,71,Guatemala,1992,FALSE,USA,TRUE,FALSE,0,,,,,,0
GTM,1994,1.3345801,1,72,USA,FALSE,71,Guatemala,1993,FALSE,USA,TRUE,FALSE,0,,,,,,0
GTM,1995,1.2763856000000002,1,18,USA,FALSE,71,Guatemala,1994,FALSE,USA,TRUE,FALSE,0,,,,,,0
GTM,1996,1.4015958899999998,1,82,USA,FALSE,71,Guatemala,1995,FALSE,USA,TRUE,FALSE,0,,,,,,0
GTM,1997,1.16292228,1,81,USA,FALSE,71,Guatemala,1996,FALSE,USA,TRUE,FALSE,0,,,,,,0
GTM,1998,0.396454479,1,73,USA,FALSE,71,Guatemala,1997,FALSE,USA,TRUE,FALSE,0,,,,,,0
GTM,1999,0.7694082999999999,1,80,USA,FALSE,71,Guatemala,1998,FALSE,USA,TRUE,FALSE,0,,,,,,0
GTM,2000,0.7764695100000001,1,45,USA,FALSE,71,Guatemala,1999,FALSE,USA,TRUE,FALSE,0,,,,,,0
GTM,2001,0.548959698,1,83,USA,FALSE,71,Guatemala,2000,FALSE,USA,TRUE,FALSE,0,,,,,,0
GTM,2002,0.5517091599999999,1,89,USA,FALSE,71,Guatemala,2001,FALSE,USA,TRUE,FALSE,0,,,,,,0
GTM,2003,1.0705356,1,63,USA,FALSE,71,Guatemala,2002,FALSE,USA,TRUE,FALSE,0,,,,,,0
GTM,2004,0.8589340200000001,1,21,USA,FALSE,71,Guatemala,2003,FALSE,USA,TRUE,FALSE,0,,,,,,0
GTM,2005,0.72960706,1,10,USA,FALSE,71,Guatemala,2004,FALSE,USA,TRUE,FALSE,0,,,,,,0
GTM,2006,0.8225768,1,17,USA,FALSE,71,Guatemala,2005,FALSE,USA,TRUE,FALSE,0,,,,,,0
GTM,2007,0.4906016000000001,1,15,USA,FALSE,71,Guatemala,2006,FALSE,USA,TRUE,FALSE,0,,,,,,0
GTM,2008,0.4870449,1,34,USA,FALSE,71,Guatemala,2007,FALSE,USA,TRUE,FALSE,0,,,,,,0
GTM,2009,0.4263842,1,32,USA,FALSE,71,Guatemala,2008,FALSE,USA,TRUE,FALSE,0,,,,,,0
GTM,2010,0.6669720000000001,1,32,USA,FALSE,71,Guatemala,2009,FALSE,USA,TRUE,FALSE,0,,,,,,0
GTM,2011,0.5457869,1,47,USA,FALSE,71,Guatemala,2010,FALSE,USA,TRUE,FALSE,0,,,,,,0
GTM,2012,0.7272235,1,22,USA,FALSE,71,Guatemala,2011,FALSE,USA,TRUE,FALSE,0,,,,,,0
GTM,2013,0.34250499999999995,1,11,USA,FALSE,71,Guatemala,2012,FALSE,USA,TRUE,FALSE,0,,,,,,0
GTM,2014,0.6668882,1,31,USA,FALSE,71,Guatemala,2013,FALSE,USA,TRUE,FALSE,0,,,,,,0
GTM,2015,0.0071330000000000005,1,11,USA,FALSE,71,Guatemala,2014,FALSE,USA,TRUE,FALSE,0,,,,,,0
GTM,2016,0.42946392,1,18,USA,FALSE,71,Guatemala,2015,FALSE,USA,TRUE,FALSE,0,,,,,,0
GTM,2017,0.39338762,1,21,USA,FALSE,71,Guatemala,2016,FALSE,USA,TRUE,FALSE,0,,,,,,0
GTM,2018,0.7066826,1,18,USA,FALSE,71,Guatemala,2017,FALSE,USA,TRUE,FALSE,0,,,,,,0
GTM,2019,0.4781248,1,11,USA,FALSE,71,Guatemala,2018,FALSE,USA,TRUE,FALSE,0,,,,,,0
GTM,2020,0.7101685000000001,1,10,USA,FALSE,71,Guatemala,2019,FALSE,USA,TRUE,FALSE,0,,,,,,0
GTM,2021,0.24665500999999998,1,7,USA,FALSE,71,Guatemala,2020,FALSE,USA,TRUE,FALSE,0,,,,,,0
GTM,2022,1.2931181,1,7,USA,FALSE,71,Guatemala,2021,FALSE,USA,TRUE,FALSE,0,,,,,,0
GTM,2023,0.9381239,,,,,71,Guatemala,2022,FALSE,USA,TRUE,FALSE,0,,,,,,
GUY,1990,0.6433529,9,,CAN,FALSE,72,Guyana,,,,FALSE,FALSE,0,,,,,,0
GUY,1991,0.3636696,1,,USA,FALSE,72,Guyana,1990,FALSE,CAN,TRUE,FALSE,0,,,,,,0
GUY,1992,0.13925489999999996,1,,USA,FALSE,72,Guyana,1991,FALSE,USA,TRUE,FALSE,0,,,,,,0
GUY,1993,1.2573407,3,48,GBR,FALSE,72,Guyana,1992,FALSE,USA,TRUE,FALSE,0,,,,,,0
GUY,1994,1.2955567,3,,CAN,FALSE,72,Guyana,1993,FALSE,GBR,TRUE,FALSE,0,,,,,,0
GUY,1995,1.2082194000000002,2,,CAN,FALSE,72,Guyana,1994,FALSE,CAN,TRUE,FALSE,0,,,,,,0
GUY,1996,0.9347228999999999,3,51,CAN,FALSE,72,Guyana,1995,FALSE,CAN,TRUE,FALSE,0,,,,,,0
GUY,1997,0.7694946,3,79,CAN,FALSE,72,Guyana,1996,FALSE,CAN,TRUE,FALSE,0,,,,,,0
GUY,1998,0.0751542,1,27,USA,FALSE,72,Guyana,1997,FALSE,CAN,TRUE,FALSE,0,,,,,,0
GUY,1999,0.22407459999999996,1,21,USA,FALSE,72,Guyana,1998,FALSE,USA,TRUE,FALSE,0,,,,,,0
GUY,2000,0.26694640000000003,1,18,USA,FALSE,72,Guyana,1999,FALSE,USA,TRUE,FALSE,0,,,,,,0
GUY,2001,0.1063539,1,21,USA,FALSE,72,Guyana,2000,FALSE,USA,TRUE,FALSE,0,,,,,,0
GUY,2002,0.046618599999999955,2,15,CAN,FALSE,72,Guyana,2001,FALSE,USA,TRUE,FALSE,0,,,,,,0
GUY,2003,0.3186432,1,43,USA,FALSE,72,Guyana,2002,FALSE,CAN,TRUE,FALSE,0,,,,,,0
GUY,2004,0.1752884,2,44,CAN,FALSE,72,Guyana,2003,FALSE,USA,TRUE,FALSE,0,,,,,,0
GUY,2005,0.11123340000000004,1,13,USA,FALSE,72,Guyana,2004,FALSE,CAN,TRUE,FALSE,0,,,,,,0
GUY,2006,0.4050745,1,12,USA,FALSE,72,Guyana,2005,FALSE,USA,TRUE,FALSE,0,,,,,,0
GUY,2007,0.15108100000000008,1,12,USA,FALSE,72,Guyana,2006,FALSE,USA,TRUE,FALSE,0,,,,,,0
GUY,2008,0.112977,2,11,CAN,FALSE,72,Guyana,2007,FALSE,USA,TRUE,FALSE,0,,,,,,0
GUY,2009,0.09744870000000005,2,13,CAN,FALSE,72,Guyana,2008,FALSE,CAN,TRUE,FALSE,0,,,,,,0
GUY,2010,0.05889260000000007,1,13,USA,FALSE,72,Guyana,2009,FALSE,CAN,TRUE,FALSE,0,,,,,,0
GUY,2011,0.12512619999999997,1,13,USA,FALSE,72,Guyana,2010,FALSE,USA,TRUE,FALSE,0,,,,,,0
GUY,2012,0.14452279999999995,1,10,USA,FALSE,72,Guyana,2011,FALSE,USA,TRUE,FALSE,0,,,,,,0
GUY,2013,0.2239234,1,11,USA,FALSE,72,Guyana,2012,FALSE,USA,TRUE,FALSE,0,,,,,,0
GUY,2014,0.07053960000000004,1,12,USA,FALSE,72,Guyana,2013,FALSE,USA,TRUE,FALSE,0,,,,,,0
GUY,2015,0.4952305,1,8,USA,FALSE,72,Guyana,2014,FALSE,USA,TRUE,FALSE,0,,,,,,0
GUY,2016,0.09728519999999996,2,12,CAN,FALSE,72,Guyana,2015,FALSE,USA,TRUE,FALSE,0,,,,,,0
GUY,2017,0.3238142,2,13,CAN,FALSE,72,Guyana,2016,FALSE,CAN,TRUE,FALSE,0,,,,,,0
GUY,2018,0.2510947,2,11,CAN,FALSE,72,Guyana,2017,FALSE,CAN,TRUE,FALSE,0,,,,,,0
GUY,2019,0.1261441,3,12,CAN,FALSE,72,Guyana,2018,FALSE,CAN,TRUE,FALSE,0,,,,,,0
GUY,2020,0.4798760000000001,1,5,USA,FALSE,72,Guyana,2019,FALSE,CAN,TRUE,FALSE,0,,,,,,0
GUY,2021,0.021911299999999967,1,6,USA,FALSE,72,Guyana,2020,FALSE,USA,TRUE,FALSE,0,,,,,,0
GUY,2022,0.9126812,2,4,PAN,FALSE,72,Guyana,2021,FALSE,USA,TRUE,FALSE,0,,,,,,0
GUY,2023,0.6193597000000001,,,,,72,Guyana,2022,FALSE,PAN,TRUE,FALSE,0,,,,,,
HND,1990,0.22086049000000002,1,,USA,FALSE,73,Honduras,,,,FALSE,FALSE,0,,,,,,0
HND,1991,0.016076900000000005,1,39,USA,FALSE,73,Honduras,1990,FALSE,USA,TRUE,FALSE,0,,,,,,0
HND,1992,0.6339281,1,57,USA,FALSE,73,Honduras,1991,FALSE,USA,TRUE,FALSE,0,,,,,,0
HND,1993,1.44862704,1,,USA,FALSE,73,Honduras,1992,FALSE,USA,TRUE,FALSE,0,,,,,,0
HND,1994,1.4154893,1,38,USA,FALSE,73,Honduras,1993,FALSE,USA,TRUE,FALSE,0,,,,,,0
HND,1995,1.4479421000000001,1,57,USA,FALSE,73,Honduras,1994,FALSE,USA,TRUE,FALSE,0,,,,,,0
HND,1996,1.2086911999999999,1,32,USA,FALSE,73,Honduras,1995,FALSE,USA,TRUE,FALSE,0,,,,,,0
HND,1997,1.0224655,1,54,USA,FALSE,73,Honduras,1996,FALSE,USA,TRUE,FALSE,0,,,,,,0
HND,1998,0.48284726,1,42,USA,FALSE,73,Honduras,1997,FALSE,USA,TRUE,FALSE,0,,,,,,0
HND,1999,0.14073999999999998,1,60,USA,FALSE,73,Honduras,1998,FALSE,USA,TRUE,FALSE,0,,,,,,0
HND,2000,0.46154340000000005,1,69,USA,FALSE,73,Honduras,1999,FALSE,USA,TRUE,FALSE,0,,,,,,0
HND,2001,0.3520433,1,61,USA,FALSE,73,Honduras,2000,FALSE,USA,TRUE,FALSE,0,,,,,,0
HND,2002,0.3350841,1,55,USA,FALSE,73,Honduras,2001,FALSE,USA,TRUE,FALSE,0,,,,,,0
HND,2003,1.2009274,1,34,USA,FALSE,73,Honduras,2002,FALSE,USA,TRUE,FALSE,0,,,,,,0
HND,2004,0.91320903,1,18,USA,FALSE,73,Honduras,2003,FALSE,USA,TRUE,FALSE,0,,,,,,0
HND,2005,0.76544456,1,18,USA,FALSE,73,Honduras,2004,FALSE,USA,TRUE,FALSE,0,,,,,,0
HND,2006,0.83450136,1,21,USA,FALSE,73,Honduras,2005,FALSE,USA,TRUE,FALSE,0,,,,,,0
HND,2007,0.49326470000000006,1,26,USA,FALSE,73,Honduras,2006,FALSE,USA,TRUE,FALSE,0,,,,,,0
HND,2008,0.5187511,1,29,USA,FALSE,73,Honduras,2007,FALSE,USA,TRUE,FALSE,0,,,,,,0
HND,2009,0.4248325,1,13,USA,FALSE,73,Honduras,2008,FALSE,USA,TRUE,FALSE,0,,,,,,0
HND,2010,0.6725094,1,11,USA,FALSE,73,Honduras,2009,FALSE,USA,TRUE,FALSE,0,,,,,,0
HND,2011,0.67233159,1,9,USA,FALSE,73,Honduras,2010,FALSE,USA,TRUE,FALSE,0,,,,,,0
HND,2012,0.9517442,1,6,USA,FALSE,73,Honduras,2011,FALSE,USA,TRUE,FALSE,0,,,,,,0
HND,2013,0.44444329,1,6,USA,FALSE,73,Honduras,2012,FALSE,USA,TRUE,FALSE,0,,,,,,0
HND,2014,0.82381925,1,9,USA,FALSE,73,Honduras,2013,FALSE,USA,TRUE,FALSE,0,,,,,,0
HND,2015,0.19882645,1,20,USA,FALSE,73,Honduras,2014,FALSE,USA,TRUE,FALSE,0,,,,,,0
HND,2016,0.4928016,1,18,USA,FALSE,73,Honduras,2015,FALSE,USA,TRUE,FALSE,0,,,,,,0
HND,2017,0.45497329,1,21,USA,FALSE,73,Honduras,2016,FALSE,USA,TRUE,FALSE,0,,,,,,0
HND,2018,0.6878628,1,18,USA,FALSE,73,Honduras,2017,FALSE,USA,TRUE,FALSE,0,,,,,,0
HND,2019,0.46793222,1,23,USA,FALSE,73,Honduras,2018,FALSE,USA,TRUE,FALSE,0,,,,,,0
HND,2020,0.6760457500000001,1,20,USA,FALSE,73,Honduras,2019,FALSE,USA,TRUE,FALSE,0,,,,,,0
HND,2021,0.28092162,1,23,USA,FALSE,73,Honduras,2020,FALSE,USA,TRUE,FALSE,0,,,,,,0
HND,2022,1.05264451,1,26,USA,FALSE,73,Honduras,2021,FALSE,USA,TRUE,FALSE,0,,,,,,0
HND,2023,0.6248802,,,,,73,Honduras,2022,FALSE,USA,TRUE,FALSE,0,,,,,,
HRV,1992,1.8380334,12,7,SVN,FALSE,74,Croatia,,,,FALSE,FALSE,0,,,,,,0
HRV,1993,2.624631,8,13,DEU,FALSE,74,Croatia,1992,FALSE,SVN,TRUE,FALSE,0,,,,,,0
HRV,1994,2.6194518,8,31,DEU,FALSE,74,Croatia,1993,FALSE,DEU,TRUE,FALSE,0,,,,,,0
HRV,1995,2.559938,9,20,DEU,FALSE,74,Croatia,1994,FALSE,DEU,TRUE,FALSE,0,,,,,,0
HRV,1996,2.407348,9,19,ITA,FALSE,74,Croatia,1995,FALSE,DEU,TRUE,FALSE,0,,,,,,0
HRV,1997,2.3674030000000004,9,29,ITA,FALSE,74,Croatia,1996,FALSE,ITA,TRUE,FALSE,0,,,,,,0
HRV,1998,1.3866197,9,73,DEU,FALSE,74,Croatia,1997,FALSE,ITA,TRUE,FALSE,0,,,,,,0
HRV,1999,1.5657761,7,40,ITA,FALSE,74,Croatia,1998,FALSE,DEU,TRUE,FALSE,0,,,,,,0
HRV,2000,1.8120856,7,44,ITA,FALSE,74,Croatia,1999,FALSE,ITA,TRUE,FALSE,0,,,,,,0
HRV,2001,1.4446972,7,48,ITA,FALSE,74,Croatia,2000,FALSE,ITA,TRUE,FALSE,0,,,,,,0
HRV,2002,1.4801061,8,48,ITA,FALSE,74,Croatia,2001,FALSE,ITA,TRUE,FALSE,0,,,,,,0
HRV,2003,1.9715002,7,48,ITA,FALSE,74,Croatia,2002,FALSE,ITA,TRUE,FALSE,0,,,,,,0
HRV,2004,1.7771307,6,34,ITA,FALSE,74,Croatia,2003,FALSE,ITA,TRUE,FALSE,0,,,,,,0
HRV,2005,1.7041997,7,32,ITA,FALSE,74,Croatia,2004,FALSE,ITA,TRUE,FALSE,0,,,,,,0
HRV,2006,1.8266694,6,29,ITA,FALSE,74,Croatia,2005,FALSE,ITA,TRUE,FALSE,0,,,,,,0
HRV,2007,1.5953581,8,37,ITA,FALSE,74,Croatia,2006,FALSE,ITA,TRUE,FALSE,0,,,,,,0
HRV,2008,1.636533,8,43,BIH,FALSE,74,Croatia,2007,FALSE,ITA,TRUE,FALSE,0,,,,,,0
HRV,2009,1.563018,7,27,ITA,FALSE,74,Croatia,2008,FALSE,BIH,TRUE,FALSE,0,,,,,,0
HRV,2010,1.8320502,7,41,ITA,FALSE,74,Croatia,2009,FALSE,ITA,TRUE,FALSE,0,,,,,,0
HRV,2011,1.7230467,6,28,ITA,FALSE,74,Croatia,2010,FALSE,ITA,TRUE,FALSE,0,,,,,,0
HRV,2012,1.834736,7,31,ITA,FALSE,74,Croatia,2011,FALSE,ITA,TRUE,FALSE,0,,,,,,0
HRV,2013,1.4733635999999999,6,21,ITA,FALSE,74,Croatia,2012,FALSE,ITA,TRUE,FALSE,0,,,,,,0
HRV,2014,1.7682605,7,26,ITA,FALSE,74,Croatia,2013,FALSE,ITA,TRUE,FALSE,0,,,,,,0
HRV,2015,1.2684841999999998,6,22,ITA,FALSE,74,Croatia,2014,FALSE,ITA,TRUE,FALSE,0,,,,,,0
HRV,2016,1.5938049,6,16,ITA,FALSE,74,Croatia,2015,FALSE,ITA,TRUE,FALSE,0,,,,,,0
HRV,2017,1.4255462,7,17,ITA,FALSE,74,Croatia,2016,FALSE,ITA,TRUE,FALSE,0,,,,,,0
HRV,2018,1.5938326,7,15,ITA,FALSE,74,Croatia,2017,FALSE,ITA,TRUE,FALSE,0,,,,,,0
HRV,2019,1.4185524,7,20,ITA,FALSE,74,Croatia,2018,FALSE,ITA,TRUE,FALSE,0,,,,,,0
HRV,2020,1.7512014000000002,7,21,ITA,FALSE,74,Croatia,2019,FALSE,ITA,TRUE,FALSE,0,,,,,,0
HRV,2021,1.4565841,7,11,ITA,FALSE,74,Croatia,2020,FALSE,ITA,TRUE,FALSE,0,,,,,,0
HRV,2022,2.437907,7,23,ITA,FALSE,74,Croatia,2021,FALSE,ITA,TRUE,FALSE,0,,,,,,0
HRV,2023,2.1389407,,,,,74,Croatia,2022,FALSE,ITA,TRUE,FALSE,0,,,,,,
HTI,1990,0.06871160000000001,1,,USA,FALSE,75,Haiti,,,,FALSE,FALSE,0,,,,,,0
HTI,1991,0.29403190000000007,1,24,USA,FALSE,75,Haiti,1990,FALSE,USA,TRUE,FALSE,0,,,,,,0
HTI,1992,0.2910869,1,,USA,FALSE,75,Haiti,1991,FALSE,USA,TRUE,FALSE,0,,,,,,0
HTI,1993,1.1898722000000002,1,33,USA,FALSE,75,Haiti,1992,FALSE,USA,TRUE,FALSE,0,,,,,,0
HTI,1994,1.4815092,1,18,USA,FALSE,75,Haiti,1993,FALSE,USA,TRUE,FALSE,0,,,,,,0
HTI,1995,1.3591306,1,20,USA,FALSE,75,Haiti,1994,FALSE,USA,TRUE,FALSE,0,,,,,,0
HTI,1996,1.1293282999999998,1,22,USA,FALSE,75,Haiti,1995,FALSE,USA,TRUE,FALSE,0,,,,,,0
HTI,1997,0.9159113000000001,1,72,USA,FALSE,75,Haiti,1996,FALSE,USA,TRUE,FALSE,0,,,,,,0
HTI,1998,0.001954100000000014,1,,USA,FALSE,75,Haiti,1997,FALSE,USA,TRUE,FALSE,0,,,,,,0
HTI,1999,0.27687219999999996,1,,USA,FALSE,75,Haiti,1998,FALSE,USA,TRUE,FALSE,0,,,,,,0
HTI,2000,0.33272320000000005,1,53,USA,FALSE,75,Haiti,1999,FALSE,USA,TRUE,FALSE,0,,,,,,0
HTI,2001,0.11317250000000001,1,33,USA,FALSE,75,Haiti,2000,FALSE,USA,TRUE,FALSE,0,,,,,,0
HTI,2002,0.2900575000000001,1,54,USA,FALSE,75,Haiti,2001,FALSE,USA,TRUE,FALSE,0,,,,,,0
HTI,2003,0.15577530000000006,1,47,USA,FALSE,75,Haiti,2002,FALSE,USA,TRUE,FALSE,0,,,,,,0
HTI,2004,1.2744146,1,36,USA,FALSE,75,Haiti,2003,FALSE,USA,TRUE,FALSE,0,,,,,,0
HTI,2005,0.5771761,1,48,USA,FALSE,75,Haiti,2004,FALSE,USA,TRUE,FALSE,0,,,,,,0
HTI,2006,0.77118434,1,46,USA,FALSE,75,Haiti,2005,FALSE,USA,TRUE,FALSE,0,,,,,,0
HTI,2007,0.18003790000000003,1,21,USA,FALSE,75,Haiti,2006,FALSE,USA,TRUE,FALSE,0,,,,,,0
HTI,2008,0.40580170000000004,1,14,USA,FALSE,75,Haiti,2007,FALSE,USA,TRUE,FALSE,0,,,,,,0
HTI,2009,0.1766108,1,9,USA,FALSE,75,Haiti,2008,FALSE,USA,TRUE,FALSE,0,,,,,,0
HTI,2010,0.23401020000000006,1,8,USA,FALSE,75,Haiti,2009,FALSE,USA,TRUE,FALSE,0,,,,,,0
HTI,2011,0.6002602,1,14,USA,FALSE,75,Haiti,2010,FALSE,USA,TRUE,FALSE,0,,,,,,0
HTI,2012,0.4837494,1,6,USA,FALSE,75,Haiti,2011,FALSE,USA,TRUE,FALSE,0,,,,,,0
HTI,2013,0.19332789999999994,1,5,USA,FALSE,75,Haiti,2012,FALSE,USA,TRUE,FALSE,0,,,,,,0
HTI,2014,0.5340461000000001,1,4,USA,FALSE,75,Haiti,2013,FALSE,USA,TRUE,FALSE,0,,,,,,0
HTI,2015,0.07975770000000001,1,6,USA,FALSE,75,Haiti,2014,FALSE,USA,TRUE,FALSE,0,,,,,,0
HTI,2016,0.2045379,1,9,USA,FALSE,75,Haiti,2015,FALSE,USA,TRUE,FALSE,0,,,,,,0
HTI,2017,0.11270229999999998,1,7,USA,FALSE,75,Haiti,2016,FALSE,USA,TRUE,FALSE,0,,,,,,0
HTI,2018,0.60197809,1,11,USA,FALSE,75,Haiti,2017,FALSE,USA,TRUE,FALSE,0,,,,,,0
HTI,2019,0.5939225,1,13,USA,FALSE,75,Haiti,2018,FALSE,USA,TRUE,FALSE,0,,,,,,0
HTI,2020,0.7480171,1,15,USA,FALSE,75,Haiti,2019,FALSE,USA,TRUE,FALSE,0,,,,,,0
HTI,2021,0.20688868,1,9,USA,FALSE,75,Haiti,2020,FALSE,USA,TRUE,FALSE,0,,,,,,0
HTI,2022,0.9392045,1,19,USA,FALSE,75,Haiti,2021,FALSE,USA,TRUE,FALSE,0,,,,,,0
HTI,2023,0.5951711000000001,,,,,75,Haiti,2022,FALSE,USA,TRUE,FALSE,0,,,,,,
HUN,1990,1.23795,27,50,DEU,FALSE,76,Hungary,,,,FALSE,FALSE,0,,,,,,0
HUN,1991,1.5601711,2,,DEU,FALSE,76,Hungary,1990,FALSE,DEU,TRUE,FALSE,0,,,,,,0
HUN,1992,2.1211604,5,42,DEU,FALSE,76,Hungary,1991,FALSE,DEU,TRUE,FALSE,0,,,,,,0
HUN,1993,2.851103,5,22,DEU,FALSE,76,Hungary,1992,FALSE,DEU,TRUE,FALSE,0,,,,,,0
HUN,1994,3.276907,5,40,DEU,FALSE,76,Hungary,1993,FALSE,DEU,TRUE,FALSE,0,,,,,,0
HUN,1995,2.8668820000000004,5,37,DEU,FALSE,76,Hungary,1994,FALSE,DEU,TRUE,FALSE,0,,,,,,0
HUN,1996,2.850321,4,30,DEU,FALSE,76,Hungary,1995,FALSE,DEU,TRUE,FALSE,0,,,,,,0
HUN,1997,2.588744,4,41,DEU,FALSE,76,Hungary,1996,FALSE,DEU,TRUE,FALSE,0,,,,,,0
HUN,1998,1.7487241,3,58,DEU,FALSE,76,Hungary,1997,FALSE,DEU,TRUE,FALSE,0,,,,,,0
HUN,1999,2.0125204,2,32,DEU,FALSE,76,Hungary,1998,FALSE,DEU,TRUE,FALSE,0,,,,,,0
HUN,2000,1.9980326000000002,2,32,DEU,FALSE,76,Hungary,1999,FALSE,DEU,TRUE,FALSE,0,,,,,,0
HUN,2001,1.8123022999999998,2,26,DEU,FALSE,76,Hungary,2000,FALSE,DEU,TRUE,FALSE,0,,,,,,0
HUN,2002,1.7184096,2,25,DEU,FALSE,76,Hungary,2001,FALSE,DEU,TRUE,FALSE,0,,,,,,0
HUN,2003,2.0831932,3,23,DEU,FALSE,76,Hungary,2002,FALSE,DEU,TRUE,FALSE,0,,,,,,0
HUN,2004,1.850074,6,23,DEU,FALSE,76,Hungary,2003,FALSE,DEU,TRUE,FALSE,0,,,,,,0
HUN,2005,1.7553534,6,26,DEU,FALSE,76,Hungary,2004,FALSE,DEU,TRUE,FALSE,0,,,,,,0
HUN,2006,1.8681470999999998,7,18,DEU,FALSE,76,Hungary,2005,FALSE,DEU,TRUE,FALSE,0,,,,,,0
HUN,2007,1.6974209999999998,10,17,DEU,FALSE,76,Hungary,2006,FALSE,DEU,TRUE,FALSE,0,,,,,,0
HUN,2008,1.6465551,11,16,DEU,FALSE,76,Hungary,2007,FALSE,DEU,TRUE,FALSE,0,,,,,,0
HUN,2009,1.6812613,12,14,DEU,FALSE,76,Hungary,2008,FALSE,DEU,TRUE,FALSE,0,,,,,,0
HUN,2010,1.8984737000000003,13,14,DEU,FALSE,76,Hungary,2009,FALSE,DEU,TRUE,FALSE,0,,,,,,0
HUN,2011,1.6677389,11,13,DEU,FALSE,76,Hungary,2010,FALSE,DEU,TRUE,FALSE,0,,,,,,0
HUN,2012,1.8840957,10,13,DEU,FALSE,76,Hungary,2011,FALSE,DEU,TRUE,FALSE,0,,,,,,0
HUN,2013,1.5927248,8,12,DEU,FALSE,76,Hungary,2012,FALSE,DEU,TRUE,FALSE,0,,,,,,0
HUN,2014,1.9518064000000002,4,11,DEU,FALSE,76,Hungary,2013,FALSE,DEU,TRUE,FALSE,0,,,,,,0
HUN,2015,1.3993512,2,11,DEU,FALSE,76,Hungary,2014,FALSE,DEU,TRUE,FALSE,0,,,,,,0
HUN,2016,1.6770619,3,9,DEU,FALSE,76,Hungary,2015,FALSE,DEU,TRUE,FALSE,0,,,,,,0
HUN,2017,1.4723252,4,7,DEU,FALSE,76,Hungary,2016,FALSE,DEU,TRUE,FALSE,0,,,,,,0
HUN,2018,1.8648966,6,9,DEU,FALSE,76,Hungary,2017,FALSE,DEU,TRUE,FALSE,0,,,,,,0
HUN,2019,1.5885894,4,11,DEU,FALSE,76,Hungary,2018,FALSE,DEU,TRUE,FALSE,0,,,,,,0
HUN,2020,1.8561854000000002,4,7,DEU,FALSE,76,Hungary,2019,FALSE,DEU,TRUE,FALSE,0,,,,,,0
HUN,2021,1.4706591,4,6,DEU,FALSE,76,Hungary,2020,FALSE,DEU,TRUE,FALSE,0,,,,,,0
HUN,2022,2.588111,4,10,DEU,FALSE,76,Hungary,2021,FALSE,DEU,TRUE,FALSE,0,,,,,,0
HUN,2023,2.2842677,,,,,76,Hungary,2022,FALSE,DEU,TRUE,FALSE,0,,,,,,
IDN,1990,0.66745,2,6,JPN,FALSE,77,Indonesia,,,,FALSE,FALSE,0,,,,,,0
IDN,1991,0.9110319,2,5,JPN,FALSE,77,Indonesia,1990,FALSE,JPN,TRUE,FALSE,0,,,,,,0
IDN,1992,0.3798336,2,5,JPN,FALSE,77,Indonesia,1991,FALSE,JPN,TRUE,FALSE,0,,,,,,0
IDN,1993,0.050947000000000076,2,6,JPN,FALSE,77,Indonesia,1992,FALSE,JPN,TRUE,FALSE,0,,,,,,0
IDN,1994,0.265072,2,7,JPN,FALSE,77,Indonesia,1993,FALSE,JPN,TRUE,FALSE,0,,,,,,0
IDN,1995,0.1619140000000001,2,5,JPN,FALSE,77,Indonesia,1994,FALSE,JPN,TRUE,FALSE,0,,,,,,0
IDN,1996,0.19834400000000008,2,5,JPN,FALSE,77,Indonesia,1995,FALSE,JPN,TRUE,FALSE,0,,,,,,0
IDN,1997,0.14250699999999994,2,5,JPN,FALSE,77,Indonesia,1996,FALSE,JPN,TRUE,FALSE,0,,,,,,0
IDN,1998,0.5556239000000001,2,5,JPN,FALSE,77,Indonesia,1997,FALSE,JPN,TRUE,FALSE,0,,,,,,0
IDN,1999,0.24828309999999998,2,5,JPN,FALSE,77,Indonesia,1998,FALSE,JPN,TRUE,FALSE,0,,,,,,0
IDN,2000,0.20218119999999995,2,5,JPN,FALSE,77,Indonesia,1999,FALSE,JPN,TRUE,FALSE,0,,,,,,0
IDN,2001,0.4000794,2,5,JPN,FALSE,77,Indonesia,2000,FALSE,JPN,TRUE,FALSE,0,,,,,,0
IDN,2002,0.40990210000000005,2,5,JPN,FALSE,77,Indonesia,2001,FALSE,JPN,TRUE,FALSE,0,,,,,,0
IDN,2003,0.07305289999999998,2,4,JPN,FALSE,77,Indonesia,2002,FALSE,JPN,TRUE,FALSE,0,,,,,,0
IDN,2004,0.287342,2,4,JPN,FALSE,77,Indonesia,2003,FALSE,JPN,TRUE,FALSE,0,,,,,,0
IDN,2005,0.4623725999999999,2,3,JPN,FALSE,77,Indonesia,2004,FALSE,JPN,TRUE,FALSE,0,,,,,,0
IDN,2006,0.3722409000000001,2,4,JPN,FALSE,77,Indonesia,2005,FALSE,JPN,TRUE,FALSE,0,,,,,,0
IDN,2007,0.44435100000000005,2,4,JPN,FALSE,77,Indonesia,2006,FALSE,JPN,TRUE,FALSE,0,,,,,,0
IDN,2008,0.3930859,2,3,JPN,FALSE,77,Indonesia,2007,FALSE,JPN,TRUE,FALSE,0,,,,,,0
IDN,2009,0.3785507,3,2,JPN,FALSE,77,Indonesia,2008,FALSE,JPN,TRUE,FALSE,0,,,,,,0
IDN,2010,0.3333552999999999,3,2,JPN,FALSE,77,Indonesia,2009,FALSE,JPN,TRUE,FALSE,0,,,,,,0
IDN,2011,0.020149399999999984,3,2,JPN,FALSE,77,Indonesia,2010,FALSE,JPN,TRUE,FALSE,0,,,,,,0
IDN,2012,0.08612379999999997,4,2,JPN,FALSE,77,Indonesia,2011,FALSE,JPN,TRUE,FALSE,0,,,,,,0
IDN,2013,0.42155890000000007,3,1,CHN,TRUE,77,Indonesia,2012,FALSE,JPN,TRUE,TRUE,1,2013,2012,FALSE,JPN,TRUE,1
IDN,2014,0.3052616,3,2,JPN,FALSE,77,Indonesia,2013,TRUE,CHN,TRUE,FALSE,1,2013,2012,FALSE,JPN,TRUE,0
IDN,2015,0.8303957999999999,1,2,USA,FALSE,77,Indonesia,2014,FALSE,JPN,TRUE,FALSE,1,2013,2012,FALSE,JPN,TRUE,0
IDN,2016,0.5458061000000001,2,1,CHN,TRUE,77,Indonesia,2015,FALSE,USA,TRUE,TRUE,2,2016,2015,FALSE,USA,TRUE,1
IDN,2017,0.6413207999999999,2,1,CHN,TRUE,77,Indonesia,2016,TRUE,CHN,TRUE,FALSE,2,2016,2015,FALSE,USA,TRUE,1
IDN,2018,0.5535813999999999,2,1,CHN,TRUE,77,Indonesia,2017,TRUE,CHN,TRUE,FALSE,2,2016,2015,FALSE,USA,TRUE,1
IDN,2019,0.4679542,2,1,CHN,TRUE,77,Indonesia,2018,TRUE,CHN,TRUE,FALSE,2,2016,2015,FALSE,USA,TRUE,1
IDN,2020,0.3322959999999999,2,1,CHN,TRUE,77,Indonesia,2019,TRUE,CHN,TRUE,FALSE,2,2016,2015,FALSE,USA,TRUE,1
IDN,2021,0.5701,2,1,CHN,TRUE,77,Indonesia,2020,TRUE,CHN,TRUE,FALSE,2,2016,2015,FALSE,USA,TRUE,1
IDN,2022,0.20316350000000005,2,1,CHN,TRUE,77,Indonesia,2021,TRUE,CHN,TRUE,FALSE,2,2016,2015,FALSE,USA,TRUE,1
IDN,2023,0.023026299999999944,,,,,77,Indonesia,2022,TRUE,CHN,TRUE,FALSE,2,2016,2015,FALSE,USA,TRUE,
IND,1990,0.7445833,2,52,SVU,FALSE,78,India,,,,FALSE,FALSE,0,,,,,,0
IND,1991,0.4300911,1,43,USA,FALSE,78,India,1990,FALSE,SVU,TRUE,FALSE,0,,,,,,0
IND,1992,5.157999999999552e-4,1,24,USA,FALSE,78,India,1991,FALSE,USA,TRUE,FALSE,0,,,,,,0
IND,1993,0.287436,1,15,USA,FALSE,78,India,1992,FALSE,USA,TRUE,FALSE,0,,,,,,0
IND,1994,0.28385099999999985,1,23,USA,FALSE,78,India,1993,FALSE,USA,TRUE,FALSE,0,,,,,,0
IND,1995,0.09981399999999985,1,19,USA,FALSE,78,India,1994,FALSE,USA,TRUE,FALSE,0,,,,,,0
IND,1996,0.331701,1,17,USA,FALSE,78,India,1995,FALSE,USA,TRUE,FALSE,0,,,,,,0
IND,1997,0.009406999999999943,1,14,USA,FALSE,78,India,1996,FALSE,USA,TRUE,FALSE,0,,,,,,0
IND,1998,0.2556688,1,12,USA,FALSE,78,India,1997,FALSE,USA,TRUE,FALSE,0,,,,,,0
IND,1999,0.04075050000000002,1,11,USA,FALSE,78,India,1998,FALSE,USA,TRUE,FALSE,0,,,,,,0
IND,2000,0.1203065000000001,1,9,USA,FALSE,78,India,1999,FALSE,USA,TRUE,FALSE,0,,,,,,0
IND,2001,0.04120489999999999,1,7,USA,FALSE,78,India,2000,FALSE,USA,TRUE,FALSE,0,,,,,,0
IND,2002,0.39665399999999995,1,6,USA,FALSE,78,India,2001,FALSE,USA,TRUE,FALSE,0,,,,,,0
IND,2003,0.8258437,1,2,USA,FALSE,78,India,2002,FALSE,USA,TRUE,FALSE,0,,,,,,0
IND,2004,0.4217131,1,2,USA,FALSE,78,India,2003,FALSE,USA,TRUE,FALSE,0,,,,,,0
IND,2005,0.4870114,1,2,USA,FALSE,78,India,2004,FALSE,USA,TRUE,FALSE,0,,,,,,0
IND,2006,0.30295190000000005,1,3,USA,FALSE,78,India,2005,FALSE,USA,TRUE,FALSE,0,,,,,,0
IND,2007,0.13208380000000003,1,2,USA,FALSE,78,India,2006,FALSE,USA,TRUE,FALSE,0,,,,,,0
IND,2008,0.020133900000000038,1,2,USA,FALSE,78,India,2007,FALSE,USA,TRUE,FALSE,0,,,,,,0
IND,2009,0.1448683,2,3,ARE,FALSE,78,India,2008,FALSE,USA,TRUE,FALSE,0,,,,,,0
IND,2010,0.2959423000000001,1,3,USA,FALSE,78,India,2009,FALSE,ARE,TRUE,FALSE,0,,,,,,0
IND,2011,0.22344869999999994,2,3,ARE,FALSE,78,India,2010,FALSE,USA,TRUE,FALSE,0,,,,,,0
IND,2012,0.18552979999999997,1,3,USA,FALSE,78,India,2011,FALSE,ARE,TRUE,FALSE,0,,,,,,0
IND,2013,0.1037074,1,3,USA,FALSE,78,India,2012,FALSE,USA,TRUE,FALSE,0,,,,,,0
IND,2014,0.0204164,1,3,USA,FALSE,78,India,2013,FALSE,USA,TRUE,FALSE,0,,,,,,0
IND,2015,0.0690286,1,3,USA,FALSE,78,India,2014,FALSE,USA,TRUE,FALSE,0,,,,,,0
IND,2016,0.1454647,1,4,USA,FALSE,78,India,2015,FALSE,USA,TRUE,FALSE,0,,,,,,0
IND,2017,0.16902569999999997,1,3,USA,FALSE,78,India,2016,FALSE,USA,TRUE,FALSE,0,,,,,,0
IND,2018,0.2215341,1,3,USA,FALSE,78,India,2017,FALSE,USA,TRUE,FALSE,0,,,,,,0
IND,2019,0.1751165,1,3,USA,FALSE,78,India,2018,FALSE,USA,TRUE,FALSE,0,,,,,,0
IND,2020,0.46121710000000005,1,2,USA,FALSE,78,India,2019,FALSE,USA,TRUE,FALSE,0,,,,,,0
IND,2021,0.18648266999999996,1,2,USA,FALSE,78,India,2020,FALSE,USA,TRUE,FALSE,0,,,,,,0
IND,2022,0.7930421000000001,1,3,USA,FALSE,78,India,2021,FALSE,USA,TRUE,FALSE,0,,,,,,0
IND,2023,0.5560315,,,,,78,India,2022,FALSE,USA,TRUE,FALSE,0,,,,,,
IRL,1990,1.185953,28,40,DEU,FALSE,79,Ireland,,,,FALSE,FALSE,0,,,,,,0
IRL,1991,1.4319861,2,42,DEU,FALSE,79,Ireland,1990,FALSE,DEU,TRUE,FALSE,0,,,,,,0
IRL,1992,1.8489194,4,41,GBR,FALSE,79,Ireland,1991,FALSE,DEU,TRUE,FALSE,0,,,,,,0
IRL,1993,2.643153,4,43,GBR,FALSE,79,Ireland,1992,FALSE,GBR,TRUE,FALSE,0,,,,,,0
IRL,1994,2.786123,4,41,GBR,FALSE,79,Ireland,1993,FALSE,GBR,TRUE,FALSE,0,,,,,,0
IRL,1995,2.5952900000000003,3,39,GBR,FALSE,79,Ireland,1994,FALSE,GBR,TRUE,FALSE,0,,,,,,0
IRL,1996,2.385001,3,42,GBR,FALSE,79,Ireland,1995,FALSE,GBR,TRUE,FALSE,0,,,,,,0
IRL,1997,2.39704,2,39,GBR,FALSE,79,Ireland,1996,FALSE,GBR,TRUE,FALSE,0,,,,,,0
IRL,1998,1.4561061,2,38,GBR,FALSE,79,Ireland,1997,FALSE,GBR,TRUE,FALSE,0,,,,,,0
IRL,1999,1.5490843,3,33,GBR,FALSE,79,Ireland,1998,FALSE,GBR,TRUE,FALSE,0,,,,,,0
IRL,2000,1.5939026,1,23,USA,FALSE,79,Ireland,1999,FALSE,GBR,TRUE,FALSE,0,,,,,,0
IRL,2001,1.4801465999999999,1,18,USA,FALSE,79,Ireland,2000,FALSE,USA,TRUE,FALSE,0,,,,,,0
IRL,2002,1.3701938,1,17,USA,FALSE,79,Ireland,2001,FALSE,USA,TRUE,FALSE,0,,,,,,0
IRL,2003,1.7079165,1,14,USA,FALSE,79,Ireland,2002,FALSE,USA,TRUE,FALSE,0,,,,,,0
IRL,2004,1.6950013,1,15,USA,FALSE,79,Ireland,2003,FALSE,USA,TRUE,FALSE,0,,,,,,0
IRL,2005,1.5550687,1,14,USA,FALSE,79,Ireland,2004,FALSE,USA,TRUE,FALSE,0,,,,,,0
IRL,2006,1.7045573,1,13,USA,FALSE,79,Ireland,2005,FALSE,USA,TRUE,FALSE,0,,,,,,0
IRL,2007,1.4459799000000002,1,12,USA,FALSE,79,Ireland,2006,FALSE,USA,TRUE,FALSE,0,,,,,,0
IRL,2008,1.4536584000000001,1,11,USA,FALSE,79,Ireland,2007,FALSE,USA,TRUE,FALSE,0,,,,,,0
IRL,2009,1.4521582,1,11,USA,FALSE,79,Ireland,2008,FALSE,USA,TRUE,FALSE,0,,,,,,0
IRL,2010,1.6012136,1,10,USA,FALSE,79,Ireland,2009,FALSE,USA,TRUE,FALSE,0,,,,,,0
IRL,2011,1.5926046999999999,1,10,USA,FALSE,79,Ireland,2010,FALSE,USA,TRUE,FALSE,0,,,,,,0
IRL,2012,1.5692781999999998,1,8,USA,FALSE,79,Ireland,2011,FALSE,USA,TRUE,FALSE,0,,,,,,0
IRL,2013,1.3144983,1,8,USA,FALSE,79,Ireland,2012,FALSE,USA,TRUE,FALSE,0,,,,,,0
IRL,2014,1.6856455000000001,1,7,USA,FALSE,79,Ireland,2013,FALSE,USA,TRUE,FALSE,0,,,,,,0
IRL,2015,0.9214549,1,9,USA,FALSE,79,Ireland,2014,FALSE,USA,TRUE,FALSE,0,,,,,,0
IRL,2016,1.222034,1,9,USA,FALSE,79,Ireland,2015,FALSE,USA,TRUE,FALSE,0,,,,,,0
IRL,2017,1.0990328999999999,1,5,USA,FALSE,79,Ireland,2016,FALSE,USA,TRUE,FALSE,0,,,,,,0
IRL,2018,1.2230344,1,5,USA,FALSE,79,Ireland,2017,FALSE,USA,TRUE,FALSE,0,,,,,,0
IRL,2019,1.1494012,1,5,USA,FALSE,79,Ireland,2018,FALSE,USA,TRUE,FALSE,0,,,,,,0
IRL,2020,1.283339,1,5,USA,FALSE,79,Ireland,2019,FALSE,USA,TRUE,FALSE,0,,,,,,0
IRL,2021,0.9654875,1,5,USA,FALSE,79,Ireland,2020,FALSE,USA,TRUE,FALSE,0,,,,,,0
IRL,2022,1.9352488,1,3,USA,FALSE,79,Ireland,2021,FALSE,USA,TRUE,FALSE,0,,,,,,0
IRL,2023,1.6406960000000002,,,,,79,Ireland,2022,FALSE,USA,TRUE,FALSE,0,,,,,,
IRN,1990,0.9000149999999999,,37,JPN,FALSE,80,Iran,,,,FALSE,FALSE,0,,,,,,0
IRN,1991,0.6577170999999999,9,47,JPN,FALSE,80,Iran,1990,FALSE,JPN,TRUE,FALSE,0,,,,,,0
IRN,1992,0.4012956000000001,61,17,JPN,FALSE,80,Iran,1991,FALSE,JPN,TRUE,FALSE,0,,,,,,0
IRN,1993,0.025689000000000073,68,14,JPN,FALSE,80,Iran,1992,FALSE,JPN,TRUE,FALSE,0,,,,,,0
IRN,1994,0.25902099999999995,70,21,JPN,FALSE,80,Iran,1993,FALSE,JPN,TRUE,FALSE,0,,,,,,0
IRN,1995,0.03824499999999986,77,17,JPN,FALSE,80,Iran,1994,FALSE,JPN,TRUE,FALSE,0,,,,,,0
IRN,1996,0.623059,,14,JPN,FALSE,80,Iran,1995,FALSE,JPN,TRUE,FALSE,0,,,,,,0
IRN,1997,0.7116339999999999,67,13,JPN,FALSE,80,Iran,1996,FALSE,JPN,TRUE,FALSE,0,,,,,,0
IRN,1998,1.0440729,72,8,JPN,FALSE,80,Iran,1997,FALSE,JPN,TRUE,FALSE,0,,,,,,0
IRN,1999,0.9243146000000001,72,8,JPN,FALSE,80,Iran,1998,FALSE,JPN,TRUE,FALSE,0,,,,,,0
IRN,2000,0.6527444,22,4,JPN,FALSE,80,Iran,1999,FALSE,JPN,TRUE,FALSE,0,,,,,,0
IRN,2001,0.9583547,23,2,JPN,FALSE,80,Iran,2000,FALSE,JPN,TRUE,FALSE,0,,,,,,0
IRN,2002,0.8144074000000001,22,2,JPN,FALSE,80,Iran,2001,FALSE,JPN,TRUE,FALSE,0,,,,,,0
IRN,2003,0.27409079999999997,24,2,JPN,FALSE,80,Iran,2002,FALSE,JPN,TRUE,FALSE,0,,,,,,0
IRN,2004,0.47877100000000006,27,2,JPN,FALSE,80,Iran,2003,FALSE,JPN,TRUE,FALSE,0,,,,,,0
IRN,2005,0.8118125999999999,27,2,JPN,FALSE,80,Iran,2004,FALSE,JPN,TRUE,FALSE,0,,,,,,0
IRN,2006,0.6387379000000001,31,2,JPN,FALSE,80,Iran,2005,FALSE,JPN,TRUE,FALSE,0,,,,,,0
IRN,2007,0.9002229999999999,29,1,CHN,TRUE,80,Iran,2006,FALSE,JPN,TRUE,TRUE,1,2007,2006,FALSE,JPN,TRUE,1
IRN,2008,1.2237369,39,1,CHN,TRUE,80,Iran,2007,TRUE,CHN,TRUE,FALSE,1,2007,2006,FALSE,JPN,TRUE,1
IRN,2009,1.0396747,37,1,CHN,TRUE,80,Iran,2008,TRUE,CHN,TRUE,FALSE,1,2007,2006,FALSE,JPN,TRUE,1
IRN,2010,1.2024103,44,1,CHN,TRUE,80,Iran,2009,TRUE,CHN,TRUE,FALSE,1,2007,2006,FALSE,JPN,TRUE,1
IRN,2011,0.825044,145,1,CHN,TRUE,80,Iran,2010,TRUE,CHN,TRUE,FALSE,1,2007,2006,FALSE,JPN,TRUE,1
IRN,2012,1.1062542999999998,110,1,CHN,TRUE,80,Iran,2011,TRUE,CHN,TRUE,FALSE,1,2007,2006,FALSE,JPN,TRUE,1
IRN,2013,0.9885702000000001,150,1,CHN,TRUE,80,Iran,2012,TRUE,CHN,TRUE,FALSE,1,2007,2006,FALSE,JPN,TRUE,1
IRN,2014,0.8843796,120,1,CHN,TRUE,80,Iran,2013,TRUE,CHN,TRUE,FALSE,1,2007,2006,FALSE,JPN,TRUE,1
IRN,2015,1.2321288000000001,65,1,CHN,TRUE,80,Iran,2014,TRUE,CHN,TRUE,FALSE,1,2007,2006,FALSE,JPN,TRUE,1
IRN,2016,1.5519651,42,1,CHN,TRUE,80,Iran,2015,TRUE,CHN,TRUE,FALSE,1,2007,2006,FALSE,JPN,TRUE,1
IRN,2017,1.2415548,49,1,CHN,TRUE,80,Iran,2016,TRUE,CHN,TRUE,FALSE,1,2007,2006,FALSE,JPN,TRUE,1
IRN,2018,1.4187854,42,1,CHN,TRUE,80,Iran,2017,TRUE,CHN,TRUE,FALSE,1,2007,2006,FALSE,JPN,TRUE,1
IRN,2019,1.2919886,106,1,CHN,TRUE,80,Iran,2018,TRUE,CHN,TRUE,FALSE,1,2007,2006,FALSE,JPN,TRUE,1
IRN,2020,1.2004495999999998,97,2,TWN,FALSE,80,Iran,2019,TRUE,CHN,TRUE,FALSE,1,2007,2006,FALSE,JPN,TRUE,0
IRN,2021,1.6802019000000001,102,3,TWN,FALSE,80,Iran,2020,FALSE,TWN,TRUE,FALSE,1,2007,2006,FALSE,JPN,TRUE,0
IRN,2022,0.8402499999999999,88,1,CHN,TRUE,80,Iran,2021,FALSE,TWN,TRUE,TRUE,2,2022,2021,FALSE,TWN,TRUE,1
IRN,2023,0.9366233,,,,,80,Iran,2022,TRUE,CHN,TRUE,FALSE,2,2022,2021,FALSE,TWN,TRUE,
IRQ,1990,0.986598,26,21,TUR,FALSE,81,Iraq,,,,FALSE,FALSE,0,,,,,,0
IRQ,1991,1.2810459,1,,USA,FALSE,81,Iraq,1990,FALSE,TUR,TRUE,FALSE,0,,,,,,0
IRQ,1992,0.9129225999999999,,5,GRC,FALSE,81,Iraq,1991,FALSE,USA,TRUE,FALSE,0,,,,,,0
IRQ,1993,0.3196159999999999,,3,GRC,FALSE,81,Iraq,1992,FALSE,GRC,TRUE,FALSE,0,,,,,,0
IRQ,1994,0.01883199999999996,,3,JOR,FALSE,81,Iraq,1993,FALSE,GRC,TRUE,FALSE,0,,,,,,0
IRQ,2004,0.47512200000000004,1,11,USA,FALSE,81,Iraq,1994,FALSE,JOR,TRUE,FALSE,0,,,,,,0
IRQ,2005,0.3453854,1,10,USA,FALSE,81,Iraq,2004,FALSE,USA,TRUE,FALSE,0,,,,,,0
IRQ,2006,0.1444588,1,10,USA,FALSE,81,Iraq,2005,FALSE,USA,TRUE,FALSE,0,,,,,,0
IRQ,2007,0.005631800000000076,1,12,USA,FALSE,81,Iraq,2006,FALSE,USA,TRUE,FALSE,0,,,,,,0
IRQ,2008,0.018830000000000013,1,10,USA,FALSE,81,Iraq,2007,FALSE,USA,TRUE,FALSE,0,,,,,,0
IRQ,2009,0.225259,1,5,USA,FALSE,81,Iraq,2008,FALSE,USA,TRUE,FALSE,0,,,,,,0
IRQ,2010,0.05161710000000008,1,3,USA,FALSE,81,Iraq,2009,FALSE,USA,TRUE,FALSE,0,,,,,,0
IRQ,2011,0.18285090000000004,2,3,IND,FALSE,81,Iraq,2010,FALSE,USA,TRUE,FALSE,0,,,,,,0
IRQ,2012,0.05374060000000003,1,3,USA,FALSE,81,Iraq,2011,FALSE,IND,TRUE,FALSE,0,,,,,,0
IRQ,2013,0.36512100000000003,3,2,IND,FALSE,81,Iraq,2012,FALSE,USA,TRUE,FALSE,0,,,,,,0
IRQ,2014,0.10773319999999997,3,1,CHN,TRUE,81,Iraq,2013,FALSE,IND,TRUE,TRUE,1,2014,2013,FALSE,IND,TRUE,1
IRQ,2015,0.7532949,4,1,CHN,TRUE,81,Iraq,2014,TRUE,CHN,TRUE,FALSE,1,2014,2013,FALSE,IND,TRUE,1
IRQ,2016,0.5865201,3,1,CHN,TRUE,81,Iraq,2015,TRUE,CHN,TRUE,FALSE,1,2014,2013,FALSE,IND,TRUE,1
IRQ,2017,0.4391183,3,2,IND,FALSE,81,Iraq,2016,TRUE,CHN,TRUE,FALSE,1,2014,2013,FALSE,IND,TRUE,0
IRQ,2018,0.40300499999999995,3,2,IND,FALSE,81,Iraq,2017,FALSE,IND,TRUE,FALSE,1,2014,2013,FALSE,IND,TRUE,0
IRQ,2019,0.5442864,4,1,CHN,TRUE,81,Iraq,2018,FALSE,IND,TRUE,TRUE,2,2019,2018,FALSE,IND,TRUE,1
IRQ,2020,0.24086819999999998,5,1,CHN,TRUE,81,Iraq,2019,TRUE,CHN,TRUE,FALSE,2,2019,2018,FALSE,IND,TRUE,1
IRQ,2021,0.512805,6,1,CHN,TRUE,81,Iraq,2020,TRUE,CHN,TRUE,FALSE,2,2019,2018,FALSE,IND,TRUE,1
IRQ,2022,0.21244890000000005,3,1,CHN,TRUE,81,Iraq,2021,TRUE,CHN,TRUE,FALSE,2,2019,2018,FALSE,IND,TRUE,1
IRQ,2023,0.005610299999999957,,,,,81,Iraq,2022,TRUE,CHN,TRUE,FALSE,2,2019,2018,FALSE,IND,TRUE,
ISL,1990,1.4954839999999998,4,43,GBR,FALSE,82,Iceland,,,,FALSE,FALSE,0,,,,,,0
ISL,1991,1.6187331,3,55,GBR,FALSE,82,Iceland,1990,FALSE,GBR,TRUE,FALSE,0,,,,,,0
ISL,1992,2.0565024000000003,3,32,GBR,FALSE,82,Iceland,1991,FALSE,GBR,TRUE,FALSE,0,,,,,,0
ISL,1993,2.8424750000000003,2,26,GBR,FALSE,82,Iceland,1992,FALSE,GBR,TRUE,FALSE,0,,,,,,0
ISL,1994,3.073474,2,28,GBR,FALSE,82,Iceland,1993,FALSE,GBR,TRUE,FALSE,0,,,,,,0
ISL,1995,2.7472570000000003,4,26,GBR,FALSE,82,Iceland,1994,FALSE,GBR,TRUE,FALSE,0,,,,,,0
ISL,1996,2.749169,3,28,GBR,FALSE,82,Iceland,1995,FALSE,GBR,TRUE,FALSE,0,,,,,,0
ISL,1997,2.687452,3,23,GBR,FALSE,82,Iceland,1996,FALSE,GBR,TRUE,FALSE,0,,,,,,0
ISL,1998,1.6114151,3,22,GBR,FALSE,82,Iceland,1997,FALSE,GBR,TRUE,FALSE,0,,,,,,0
ISL,1999,1.9088094,2,23,GBR,FALSE,82,Iceland,1998,FALSE,GBR,TRUE,FALSE,0,,,,,,0
ISL,2000,1.9212206,3,19,GBR,FALSE,82,Iceland,1999,FALSE,GBR,TRUE,FALSE,0,,,,,,0
ISL,2001,1.7450523000000002,4,17,GBR,FALSE,82,Iceland,2000,FALSE,GBR,TRUE,FALSE,0,,,,,,0
ISL,2002,1.6787816,3,20,DEU,FALSE,82,Iceland,2001,FALSE,GBR,TRUE,FALSE,0,,,,,,0
ISL,2003,2.1094382,3,16,DEU,FALSE,82,Iceland,2002,FALSE,DEU,TRUE,FALSE,0,,,,,,0
ISL,2004,1.864994,3,17,GBR,FALSE,82,Iceland,2003,FALSE,DEU,TRUE,FALSE,0,,,,,,0
ISL,2005,1.7616884,3,12,GBR,FALSE,82,Iceland,2004,FALSE,GBR,TRUE,FALSE,0,,,,,,0
ISL,2006,1.8671381,4,15,GBR,FALSE,82,Iceland,2005,FALSE,GBR,TRUE,FALSE,0,,,,,,0
ISL,2007,1.5900873,5,17,NLD,FALSE,82,Iceland,2006,FALSE,GBR,TRUE,FALSE,0,,,,,,0
ISL,2008,1.4685907,6,10,DEU,FALSE,82,Iceland,2007,FALSE,NLD,TRUE,FALSE,0,,,,,,0
ISL,2009,1.5688134,6,10,NLD,FALSE,82,Iceland,2008,FALSE,DEU,TRUE,FALSE,0,,,,,,0
ISL,2010,1.7141366,4,18,DEU,FALSE,82,Iceland,2009,FALSE,NLD,TRUE,FALSE,0,,,,,,0
ISL,2011,1.6040179,5,14,DEU,FALSE,82,Iceland,2010,FALSE,DEU,TRUE,FALSE,0,,,,,,0
ISL,2012,1.6685586,4,14,NLD,FALSE,82,Iceland,2011,FALSE,DEU,TRUE,FALSE,0,,,,,,0
ISL,2013,1.385781,5,16,DEU,FALSE,82,Iceland,2012,FALSE,NLD,TRUE,FALSE,0,,,,,,0
ISL,2014,1.697519,5,16,NLD,FALSE,82,Iceland,2013,FALSE,DEU,TRUE,FALSE,0,,,,,,0
ISL,2015,1.1456724,3,17,GBR,FALSE,82,Iceland,2014,FALSE,NLD,TRUE,FALSE,0,,,,,,0
ISL,2016,1.32277,4,11,NLD,FALSE,82,Iceland,2015,FALSE,GBR,TRUE,FALSE,0,,,,,,0
ISL,2017,1.2865304,4,10,NLD,FALSE,82,Iceland,2016,FALSE,NLD,TRUE,FALSE,0,,,,,,0
ISL,2018,1.3942862,4,11,NLD,FALSE,82,Iceland,2017,FALSE,NLD,TRUE,FALSE,0,,,,,,0
ISL,2019,1.3452107,4,10,NLD,FALSE,82,Iceland,2018,FALSE,NLD,TRUE,FALSE,0,,,,,,0
ISL,2020,1.5391699,4,8,NLD,FALSE,82,Iceland,2019,FALSE,NLD,TRUE,FALSE,0,,,,,,0
ISL,2021,1.2736371,3,7,NLD,FALSE,82,Iceland,2020,FALSE,NLD,TRUE,FALSE,0,,,,,,0
ISL,2022,2.147506,6,18,NLD,FALSE,82,Iceland,2021,FALSE,NLD,TRUE,FALSE,0,,,,,,0
ISL,2023,1.8141427,,,,,82,Iceland,2022,FALSE,NLD,TRUE,FALSE,0,,,,,,
ISR,1990,2.42855,,,JPN,FALSE,83,Israel,,,,FALSE,FALSE,0,,,,,,0
ISR,1991,2.7148311,1,,USA,FALSE,83,Israel,1990,FALSE,JPN,TRUE,FALSE,0,,,,,,0
ISR,1992,3.1612624,1,23,USA,FALSE,83,Israel,1991,FALSE,USA,TRUE,FALSE,0,,,,,,0
ISR,1993,3.8517150000000004,1,17,USA,FALSE,83,Israel,1992,FALSE,USA,TRUE,FALSE,0,,,,,,0
ISR,1994,4.103478,1,17,USA,FALSE,83,Israel,1993,FALSE,USA,TRUE,FALSE,0,,,,,,0
ISR,1995,4.492277,1,23,USA,FALSE,83,Israel,1994,FALSE,USA,TRUE,FALSE,0,,,,,,0
ISR,1996,3.974704,1,24,USA,FALSE,83,Israel,1995,FALSE,USA,TRUE,FALSE,0,,,,,,0
ISR,1997,3.754083,1,29,USA,FALSE,83,Israel,1996,FALSE,USA,TRUE,FALSE,0,,,,,,0
ISR,1998,2.7472261000000002,1,22,USA,FALSE,83,Israel,1997,FALSE,USA,TRUE,FALSE,0,,,,,,0
ISR,1999,2.8707203999999997,1,22,USA,FALSE,83,Israel,1998,FALSE,USA,TRUE,FALSE,0,,,,,,0
ISR,2000,3.0276806,1,19,USA,FALSE,83,Israel,1999,FALSE,USA,TRUE,FALSE,0,,,,,,0
ISR,2001,2.9832503,1,12,USA,FALSE,83,Israel,2000,FALSE,USA,TRUE,FALSE,0,,,,,,0
ISR,2002,2.7827076,1,12,USA,FALSE,83,Israel,2001,FALSE,USA,TRUE,FALSE,0,,,,,,0
ISR,2003,3.3311512,1,10,USA,FALSE,83,Israel,2002,FALSE,USA,TRUE,FALSE,0,,,,,,0
ISR,2004,3.2890430000000004,1,9,USA,FALSE,83,Israel,2003,FALSE,USA,TRUE,FALSE,0,,,,,,0
ISR,2005,3.1732064,1,10,USA,FALSE,83,Israel,2004,FALSE,USA,TRUE,FALSE,0,,,,,,0
ISR,2006,3.2863831,1,6,USA,FALSE,83,Israel,2005,FALSE,USA,TRUE,FALSE,0,,,,,,0
ISR,2007,2.9211460000000002,1,8,USA,FALSE,83,Israel,2006,FALSE,USA,TRUE,FALSE,0,,,,,,0
ISR,2008,2.9778271,1,9,USA,FALSE,83,Israel,2007,FALSE,USA,TRUE,FALSE,0,,,,,,0
ISR,2009,2.9407453,1,8,USA,FALSE,83,Israel,2008,FALSE,USA,TRUE,FALSE,0,,,,,,0
ISR,2010,3.2707127,1,3,USA,FALSE,83,Israel,2009,FALSE,USA,TRUE,FALSE,0,,,,,,0
ISR,2011,3.111346,1,4,USA,FALSE,83,Israel,2010,FALSE,USA,TRUE,FALSE,0,,,,,,0
ISR,2012,3.2143697,1,4,USA,FALSE,83,Israel,2011,FALSE,USA,TRUE,FALSE,0,,,,,,0
ISR,2013,3.0277238,1,3,USA,FALSE,83,Israel,2012,FALSE,USA,TRUE,FALSE,0,,,,,,0
ISR,2014,3.2821314,1,4,USA,FALSE,83,Israel,2013,FALSE,USA,TRUE,FALSE,0,,,,,,0
ISR,2015,2.6231822,1,2,USA,FALSE,83,Israel,2014,FALSE,USA,TRUE,FALSE,0,,,,,,0
ISR,2016,2.8222749,1,2,USA,FALSE,83,Israel,2015,FALSE,USA,TRUE,FALSE,0,,,,,,0
ISR,2017,2.8555132,1,2,USA,FALSE,83,Israel,2016,FALSE,USA,TRUE,FALSE,0,,,,,,0
ISR,2018,3.0253916,1,2,USA,FALSE,83,Israel,2017,FALSE,USA,TRUE,FALSE,0,,,,,,0
ISR,2019,2.8732444,1,2,USA,FALSE,83,Israel,2018,FALSE,USA,TRUE,FALSE,0,,,,,,0
ISR,2020,3.1807854,1,2,USA,FALSE,83,Israel,2019,FALSE,USA,TRUE,FALSE,0,,,,,,0
ISR,2021,2.6488781,1,2,USA,FALSE,83,Israel,2020,FALSE,USA,TRUE,FALSE,0,,,,,,0
ISR,2022,3.3649060000000004,1,2,USA,FALSE,83,Israel,2021,FALSE,USA,TRUE,FALSE,0,,,,,,0
ISR,2023,3.0819506999999997,,,,,83,Israel,2022,FALSE,USA,TRUE,FALSE,0,,,,,,
ITA,1990,1.890596,33,78,DEU,FALSE,84,Italy,,,,FALSE,FALSE,0,,,,,,0
ITA,1991,1.9146731,2,89,DEU,FALSE,84,Italy,1990,FALSE,DEU,TRUE,FALSE,0,,,,,,0
ITA,1992,2.3420514,2,11,DEU,FALSE,84,Italy,1991,FALSE,DEU,TRUE,FALSE,0,,,,,,0
ITA,1993,3.088617,2,9,DEU,FALSE,84,Italy,1992,FALSE,DEU,TRUE,FALSE,0,,,,,,0
ITA,1994,3.305129,3,12,DEU,FALSE,84,Italy,1993,FALSE,DEU,TRUE,FALSE,0,,,,,,0
ITA,1995,2.853679,3,14,DEU,FALSE,84,Italy,1994,FALSE,DEU,TRUE,FALSE,0,,,,,,0
ITA,1996,2.8054129999999997,3,14,DEU,FALSE,84,Italy,1995,FALSE,DEU,TRUE,FALSE,0,,,,,,0
ITA,1997,2.694127,3,18,DEU,FALSE,84,Italy,1996,FALSE,DEU,TRUE,FALSE,0,,,,,,0
ITA,1998,1.6623101,3,18,DEU,FALSE,84,Italy,1997,FALSE,DEU,TRUE,FALSE,0,,,,,,0
ITA,1999,1.7872514000000002,3,15,DEU,FALSE,84,Italy,1998,FALSE,DEU,TRUE,FALSE,0,,,,,,0
ITA,2000,1.8488276000000001,3,14,DEU,FALSE,84,Italy,1999,FALSE,DEU,TRUE,FALSE,0,,,,,,0
ITA,2001,1.7217483000000002,3,11,DEU,FALSE,84,Italy,2000,FALSE,DEU,TRUE,FALSE,0,,,,,,0
ITA,2002,1.7502866,3,11,DEU,FALSE,84,Italy,2001,FALSE,DEU,TRUE,FALSE,0,,,,,,0
ITA,2003,2.0547082000000003,3,13,FRA,FALSE,84,Italy,2002,FALSE,DEU,TRUE,FALSE,0,,,,,,0
ITA,2004,1.8028218,3,13,FRA,FALSE,84,Italy,2003,FALSE,FRA,TRUE,FALSE,0,,,,,,0
ITA,2005,1.7293464,3,11,DEU,FALSE,84,Italy,2004,FALSE,FRA,TRUE,FALSE,0,,,,,,0
ITA,2006,1.722343,3,11,DEU,FALSE,84,Italy,2005,FALSE,DEU,TRUE,FALSE,0,,,,,,0
ITA,2007,1.5442437,3,10,FRA,FALSE,84,Italy,2006,FALSE,DEU,TRUE,FALSE,0,,,,,,0
ITA,2008,1.5471355,3,10,DEU,FALSE,84,Italy,2007,FALSE,FRA,TRUE,FALSE,0,,,,,,0
ITA,2009,1.6762633,3,8,DEU,FALSE,84,Italy,2008,FALSE,DEU,TRUE,FALSE,0,,,,,,0
ITA,2010,1.7434056,3,7,DEU,FALSE,84,Italy,2009,FALSE,DEU,TRUE,FALSE,0,,,,,,0
ITA,2011,1.7317288,3,7,DEU,FALSE,84,Italy,2010,FALSE,DEU,TRUE,FALSE,0,,,,,,0
ITA,2012,1.7346093,3,7,DEU,FALSE,84,Italy,2011,FALSE,DEU,TRUE,FALSE,0,,,,,,0
ITA,2013,1.4704787,3,7,DEU,FALSE,84,Italy,2012,FALSE,DEU,TRUE,FALSE,0,,,,,,0
ITA,2014,1.773658,3,7,DEU,FALSE,84,Italy,2013,FALSE,DEU,TRUE,FALSE,0,,,,,,0
ITA,2015,1.2050726,2,7,DEU,FALSE,84,Italy,2014,FALSE,DEU,TRUE,FALSE,0,,,,,,0
ITA,2016,1.4064222,2,7,DEU,FALSE,84,Italy,2015,FALSE,DEU,TRUE,FALSE,0,,,,,,0
ITA,2017,1.3696792,2,6,DEU,FALSE,84,Italy,2016,FALSE,DEU,TRUE,FALSE,0,,,,,,0
ITA,2018,1.5891736,2,7,DEU,FALSE,84,Italy,2017,FALSE,DEU,TRUE,FALSE,0,,,,,,0
ITA,2019,1.4333834,2,7,DEU,FALSE,84,Italy,2018,FALSE,DEU,TRUE,FALSE,0,,,,,,0
ITA,2020,1.5631817,2,6,DEU,FALSE,84,Italy,2019,FALSE,DEU,TRUE,FALSE,0,,,,,,0
ITA,2021,1.3681721,2,4,DEU,FALSE,84,Italy,2020,FALSE,DEU,TRUE,FALSE,0,,,,,,0
ITA,2022,2.330756,2,6,DEU,FALSE,84,Italy,2021,FALSE,DEU,TRUE,FALSE,0,,,,,,0
ITA,2023,2.0849047,,,,,84,Italy,2022,FALSE,DEU,TRUE,FALSE,0,,,,,,
JAM,1990,0.0192764,5,,CAN,FALSE,85,Jamaica,,,,FALSE,FALSE,0,,,,,,0
JAM,1991,0.285451736,1,63,USA,FALSE,85,Jamaica,1990,FALSE,CAN,TRUE,FALSE,0,,,,,,0
JAM,1992,0.62277420000000006,1,,USA,FALSE,85,Jamaica,1991,FALSE,USA,TRUE,FALSE,0,,,,,,0
JAM,1993,1.44400255,1,59,USA,FALSE,85,Jamaica,1992,FALSE,USA,TRUE,FALSE,0,,,,,,0
JAM,1994,1.5661662,1,66,USA,FALSE,85,Jamaica,1993,FALSE,USA,TRUE,FALSE,0,,,,,,0
JAM,1995,1.4939374900000002,1,14,USA,FALSE,85,Jamaica,1994,FALSE,USA,TRUE,FALSE,0,,,,,,0
JAM,1996,1.1686409,1,65,USA,FALSE,85,Jamaica,1995,FALSE,USA,TRUE,FALSE,0,,,,,,0
JAM,1997,0.9308148,1,20,USA,FALSE,85,Jamaica,1996,FALSE,USA,TRUE,FALSE,0,,,,,,0
JAM,1998,0.1875316,1,13,USA,FALSE,85,Jamaica,1997,FALSE,USA,TRUE,FALSE,0,,,,,,0
JAM,1999,0.30969349999999995,1,18,USA,FALSE,85,Jamaica,1998,FALSE,USA,TRUE,FALSE,0,,,,,,0
JAM,2000,0.39385190000000003,1,9,USA,FALSE,85,Jamaica,1999,FALSE,USA,TRUE,FALSE,0,,,,,,0
JAM,2001,0.11131240000000003,1,8,USA,FALSE,85,Jamaica,2000,FALSE,USA,TRUE,FALSE,0,,,,,,0
JAM,2002,0.06739199999999995,1,8,USA,FALSE,85,Jamaica,2001,FALSE,USA,TRUE,FALSE,0,,,,,,0
JAM,2003,0.40809720000000005,1,6,USA,FALSE,85,Jamaica,2002,FALSE,USA,TRUE,FALSE,0,,,,,,0
JAM,2004,0.28282930000000006,1,2,USA,FALSE,85,Jamaica,2003,FALSE,USA,TRUE,FALSE,0,,,,,,0
JAM,2005,0.094337,1,3,USA,FALSE,85,Jamaica,2004,FALSE,USA,TRUE,FALSE,0,,,,,,0
JAM,2006,0.3995826,1,3,USA,FALSE,85,Jamaica,2005,FALSE,USA,TRUE,FALSE,0,,,,,,0
JAM,2007,0.08679230000000004,1,13,USA,FALSE,85,Jamaica,2006,FALSE,USA,TRUE,FALSE,0,,,,,,0
JAM,2008,0.11202250000000002,1,56,USA,FALSE,85,Jamaica,2007,FALSE,USA,TRUE,FALSE,0,,,,,,0
JAM,2009,0.18408010000000002,1,13,USA,FALSE,85,Jamaica,2008,FALSE,USA,TRUE,FALSE,0,,,,,,0
JAM,2010,0.2875620000000001,1,62,USA,FALSE,85,Jamaica,2009,FALSE,USA,TRUE,FALSE,0,,,,,,0
JAM,2011,0.34538189999999996,1,17,USA,FALSE,85,Jamaica,2010,FALSE,USA,TRUE,FALSE,0,,,,,,0
JAM,2012,0.3136137,1,14,USA,FALSE,85,Jamaica,2011,FALSE,USA,TRUE,FALSE,0,,,,,,0
JAM,2013,0.03393659999999998,1,20,USA,FALSE,85,Jamaica,2012,FALSE,USA,TRUE,FALSE,0,,,,,,0
JAM,2014,0.25788940000000005,1,8,USA,FALSE,85,Jamaica,2013,FALSE,USA,TRUE,FALSE,0,,,,,,0
JAM,2015,0.2335107,1,8,USA,FALSE,85,Jamaica,2014,FALSE,USA,TRUE,FALSE,0,,,,,,0
JAM,2016,0.08715100000000003,1,10,USA,FALSE,85,Jamaica,2015,FALSE,USA,TRUE,FALSE,0,,,,,,0
JAM,2017,0.12952410000000003,1,6,USA,FALSE,85,Jamaica,2016,FALSE,USA,TRUE,FALSE,0,,,,,,0
JAM,2018,0.014546500000000018,1,7,USA,FALSE,85,Jamaica,2017,FALSE,USA,TRUE,FALSE,0,,,,,,0
JAM,2019,0.10465269999999999,1,9,USA,FALSE,85,Jamaica,2018,FALSE,USA,TRUE,FALSE,0,,,,,,0
JAM,2020,0.14672320000000005,1,9,USA,FALSE,85,Jamaica,2019,FALSE,USA,TRUE,FALSE,0,,,,,,0
JAM,2021,0.0824587,1,20,USA,FALSE,85,Jamaica,2020,FALSE,USA,TRUE,FALSE,0,,,,,,0
JAM,2022,0.7318207999999999,1,16,USA,FALSE,85,Jamaica,2021,FALSE,USA,TRUE,FALSE,0,,,,,,0
JAM,2023,0.5716942,,,,,85,Jamaica,2022,FALSE,USA,TRUE,FALSE,0,,,,,,
JOR,1990,0.6133992,41,,IND,FALSE,86,Jordan,,,,FALSE,FALSE,0,,,,,,0
JOR,1991,0.8362259000000001,19,48,IND,FALSE,86,Jordan,1990,FALSE,IND,TRUE,FALSE,0,,,,,,0
JOR,1992,0.057263399999999964,14,5,IND,FALSE,86,Jordan,1991,FALSE,IND,TRUE,FALSE,0,,,,,,0
JOR,1993,0.5536605000000001,9,3,IND,FALSE,86,Jordan,1992,FALSE,IND,TRUE,FALSE,0,,,,,,0
JOR,1994,0.681684,6,18,IRQ,FALSE,86,Jordan,1993,FALSE,IND,TRUE,FALSE,0,,,,,,0
JOR,1995,0.7890216000000001,7,18,IRQ,FALSE,86,Jordan,1994,FALSE,IRQ,TRUE,FALSE,0,,,,,,0
JOR,1996,0.7019950999999999,14,15,SAU,FALSE,86,Jordan,1995,FALSE,IRQ,TRUE,FALSE,0,,,,,,0
JOR,1997,0.5834816,34,10,SAU,FALSE,86,Jordan,1996,FALSE,SAU,TRUE,FALSE,0,,,,,,0
JOR,1998,0.5401449,31,8,IND,FALSE,86,Jordan,1997,FALSE,SAU,TRUE,FALSE,0,,,,,,0
JOR,1999,0.15493710000000005,8,14,IND,FALSE,86,Jordan,1998,FALSE,IND,TRUE,FALSE,0,,,,,,0
JOR,2000,0.48471739999999985,7,8,IND,FALSE,86,Jordan,1999,FALSE,IND,TRUE,FALSE,0,,,,,,0
JOR,2001,0.6498327,3,9,IRQ,FALSE,86,Jordan,2000,FALSE,IND,TRUE,FALSE,0,,,,,,0
JOR,2002,0.7393884,2,8,IRQ,FALSE,86,Jordan,2001,FALSE,IRQ,TRUE,FALSE,0,,,,,,0
JOR,2003,0.3452138,1,9,USA,FALSE,86,Jordan,2002,FALSE,IRQ,TRUE,FALSE,0,,,,,,0
JOR,2004,0.1365889,1,9,USA,FALSE,86,Jordan,2003,FALSE,USA,TRUE,FALSE,0,,,,,,0
JOR,2005,0.20090509999999995,1,12,USA,FALSE,86,Jordan,2004,FALSE,USA,TRUE,FALSE,0,,,,,,0
JOR,2006,0.3710589,1,15,USA,FALSE,86,Jordan,2005,FALSE,USA,TRUE,FALSE,0,,,,,,0
JOR,2007,0.08789669999999994,1,11,USA,FALSE,86,Jordan,2006,FALSE,USA,TRUE,FALSE,0,,,,,,0
JOR,2008,0.061964200000000025,3,13,IND,FALSE,86,Jordan,2007,FALSE,USA,TRUE,FALSE,0,,,,,,0
JOR,2009,0.05724879999999999,2,12,IRQ,FALSE,86,Jordan,2008,FALSE,IND,TRUE,FALSE,0,,,,,,0
JOR,2010,0.20202730000000002,2,9,IRQ,FALSE,86,Jordan,2009,FALSE,IRQ,TRUE,FALSE,0,,,,,,0
JOR,2011,0.12718209999999996,3,10,IND,FALSE,86,Jordan,2010,FALSE,IRQ,TRUE,FALSE,0,,,,,,0
JOR,2012,0.13790499999999994,2,7,IRQ,FALSE,86,Jordan,2011,FALSE,IND,TRUE,FALSE,0,,,,,,0
JOR,2013,0.12620569999999998,2,10,IRQ,FALSE,86,Jordan,2012,FALSE,IRQ,TRUE,FALSE,0,,,,,,0
JOR,2014,0.1396946,1,8,USA,FALSE,86,Jordan,2013,FALSE,IRQ,TRUE,FALSE,0,,,,,,0
JOR,2015,0.3994478,1,9,USA,FALSE,86,Jordan,2014,FALSE,USA,TRUE,FALSE,0,,,,,,0
JOR,2016,0.43375469999999994,1,8,USA,FALSE,86,Jordan,2015,FALSE,USA,TRUE,FALSE,0,,,,,,0
JOR,2017,0.37766530000000004,1,8,USA,FALSE,86,Jordan,2016,FALSE,USA,TRUE,FALSE,0,,,,,,0
JOR,2018,0.12296379999999996,1,7,USA,FALSE,86,Jordan,2017,FALSE,USA,TRUE,FALSE,0,,,,,,0
JOR,2019,0.3710306,1,7,USA,FALSE,86,Jordan,2018,FALSE,USA,TRUE,FALSE,0,,,,,,0
JOR,2020,0.04006310000000002,1,7,USA,FALSE,86,Jordan,2019,FALSE,USA,TRUE,FALSE,0,,,,,,0
JOR,2021,0.311595,1,6,USA,FALSE,86,Jordan,2020,FALSE,USA,TRUE,FALSE,0,,,,,,0
JOR,2022,0.5067602,1,6,USA,FALSE,86,Jordan,2021,FALSE,USA,TRUE,FALSE,0,,,,,,0
JOR,2023,0.06832389999999999,,,,,86,Jordan,2022,FALSE,USA,TRUE,FALSE,0,,,,,,
JPN,1990,1.6645750000000001,1,12,USA,FALSE,87,Japan,,,,FALSE,FALSE,0,,,,,,0
JPN,1991,1.6177561,1,10,USA,FALSE,87,Japan,1990,FALSE,USA,TRUE,FALSE,0,,,,,,0
JPN,1992,1.7911714,1,6,USA,FALSE,87,Japan,1991,FALSE,USA,TRUE,FALSE,0,,,,,,0
JPN,1993,2.727338,1,2,USA,FALSE,87,Japan,1992,FALSE,USA,TRUE,FALSE,0,,,,,,0
JPN,1994,2.970033,1,2,USA,FALSE,87,Japan,1993,FALSE,USA,TRUE,FALSE,0,,,,,,0
JPN,1995,2.595173,1,3,USA,FALSE,87,Japan,1994,FALSE,USA,TRUE,FALSE,0,,,,,,0
JPN,1996,2.407395,1,3,USA,FALSE,87,Japan,1995,FALSE,USA,TRUE,FALSE,0,,,,,,0
JPN,1997,2.0631762,1,3,USA,FALSE,87,Japan,1996,FALSE,USA,TRUE,FALSE,0,,,,,,0
JPN,1998,1.182519,1,2,USA,FALSE,87,Japan,1997,FALSE,USA,TRUE,FALSE,0,,,,,,0
JPN,1999,1.405873,1,2,USA,FALSE,87,Japan,1998,FALSE,USA,TRUE,FALSE,0,,,,,,0
JPN,2000,1.4806238,1,2,USA,FALSE,87,Japan,1999,FALSE,USA,TRUE,FALSE,0,,,,,,0
JPN,2001,1.3551163000000002,1,2,USA,FALSE,87,Japan,2000,FALSE,USA,TRUE,FALSE,0,,,,,,0
JPN,2002,1.3047366,1,2,USA,FALSE,87,Japan,2001,FALSE,USA,TRUE,FALSE,0,,,,,,0
JPN,2003,1.7064587,1,2,USA,FALSE,87,Japan,2002,FALSE,USA,TRUE,FALSE,0,,,,,,0
JPN,2004,1.6136232000000001,1,2,USA,FALSE,87,Japan,2003,FALSE,USA,TRUE,FALSE,0,,,,,,0
JPN,2005,1.4448908,1,2,USA,FALSE,87,Japan,2004,FALSE,USA,TRUE,FALSE,0,,,,,,0
JPN,2006,1.7285418,1,2,USA,FALSE,87,Japan,2005,FALSE,USA,TRUE,FALSE,0,,,,,,0
JPN,2007,1.226877,1,2,USA,FALSE,87,Japan,2006,FALSE,USA,TRUE,FALSE,0,,,,,,0
JPN,2008,1.1883918,2,1,CHN,TRUE,87,Japan,2007,FALSE,USA,TRUE,TRUE,1,2008,2007,FALSE,USA,TRUE,1
JPN,2009,1.2400427,2,1,CHN,TRUE,87,Japan,2008,TRUE,CHN,TRUE,FALSE,1,2008,2007,FALSE,USA,TRUE,1
JPN,2010,1.5016951,2,1,CHN,TRUE,87,Japan,2009,TRUE,CHN,TRUE,FALSE,1,2008,2007,FALSE,USA,TRUE,1
JPN,2011,1.4354580000000001,2,1,CHN,TRUE,87,Japan,2010,TRUE,CHN,TRUE,FALSE,1,2008,2007,FALSE,USA,TRUE,1
JPN,2012,1.4706381,2,1,CHN,TRUE,87,Japan,2011,TRUE,CHN,TRUE,FALSE,1,2008,2007,FALSE,USA,TRUE,1
JPN,2013,1.2132412000000001,2,1,CHN,TRUE,87,Japan,2012,TRUE,CHN,TRUE,FALSE,1,2008,2007,FALSE,USA,TRUE,1
JPN,2014,1.7501704999999999,2,1,CHN,TRUE,87,Japan,2013,TRUE,CHN,TRUE,FALSE,1,2008,2007,FALSE,USA,TRUE,1
JPN,2015,0.9076351,2,1,CHN,TRUE,87,Japan,2014,TRUE,CHN,TRUE,FALSE,1,2008,2007,FALSE,USA,TRUE,1
JPN,2016,1.1966043,2,1,CHN,TRUE,87,Japan,2015,TRUE,CHN,TRUE,FALSE,1,2008,2007,FALSE,USA,TRUE,1
JPN,2017,1.0086135999999999,2,1,CHN,TRUE,87,Japan,2016,TRUE,CHN,TRUE,FALSE,1,2008,2007,FALSE,USA,TRUE,1
JPN,2018,1.281617,2,1,CHN,TRUE,87,Japan,2017,TRUE,CHN,TRUE,FALSE,1,2008,2007,FALSE,USA,TRUE,1
JPN,2019,1.0665224,2,1,CHN,TRUE,87,Japan,2018,TRUE,CHN,TRUE,FALSE,1,2008,2007,FALSE,USA,TRUE,1
JPN,2020,1.1887223,2,1,CHN,TRUE,87,Japan,2019,TRUE,CHN,TRUE,FALSE,1,2008,2007,FALSE,USA,TRUE,1
JPN,2021,0.9959283999999999,2,1,CHN,TRUE,87,Japan,2020,TRUE,CHN,TRUE,FALSE,1,2008,2007,FALSE,USA,TRUE,1
JPN,2022,1.9279194,2,1,CHN,TRUE,87,Japan,2021,TRUE,CHN,TRUE,FALSE,1,2008,2007,FALSE,USA,TRUE,1
JPN,2023,1.6125501,,,,,87,Japan,2022,TRUE,CHN,TRUE,FALSE,1,2008,2007,FALSE,USA,TRUE,
KAZ,1992,1.3415038,3,1,CHN,TRUE,88,Kazakhstan,,,,FALSE,TRUE,1,1992,,,,FALSE,0
KAZ,1993,2.0163751000000003,6,1,CHN,TRUE,88,Kazakhstan,1992,TRUE,CHN,TRUE,FALSE,1,1992,,,,FALSE,0
KAZ,1994,2.2691540999999997,6,1,CHN,TRUE,88,Kazakhstan,1993,TRUE,CHN,TRUE,FALSE,1,1992,,,,FALSE,0
KAZ,1995,2.125926,3,1,CHN,TRUE,88,Kazakhstan,1994,TRUE,CHN,TRUE,FALSE,1,1992,,,,FALSE,0
KAZ,1996,1.8963117,8,2,RUS,FALSE,88,Kazakhstan,1995,TRUE,CHN,TRUE,FALSE,1,1992,,,,FALSE,0
KAZ,1997,1.6053376,10,3,RUS,FALSE,88,Kazakhstan,1996,FALSE,RUS,TRUE,FALSE,1,1992,,,,FALSE,0
KAZ,1998,0.7620971999999999,9,3,RUS,FALSE,88,Kazakhstan,1997,FALSE,RUS,TRUE,FALSE,1,1992,,,,FALSE,0
KAZ,1999,1.1067404,6,4,RUS,FALSE,88,Kazakhstan,1998,FALSE,RUS,TRUE,FALSE,1,1992,,,,FALSE,0
KAZ,2000,1.1265521,8,5,RUS,FALSE,88,Kazakhstan,1999,FALSE,RUS,TRUE,FALSE,1,1992,,,,FALSE,0
KAZ,2001,0.7752928,9,4,RUS,FALSE,88,Kazakhstan,2000,FALSE,RUS,TRUE,FALSE,1,1992,,,,FALSE,0
KAZ,2002,0.7114545999999999,10,3,BMU,FALSE,88,Kazakhstan,2001,FALSE,RUS,TRUE,FALSE,1,1992,,,,FALSE,0
KAZ,2003,1.088813,10,3,BMU,FALSE,88,Kazakhstan,2002,FALSE,BMU,TRUE,FALSE,1,1992,,,,FALSE,0
KAZ,2004,0.73491735,10,3,RUS,FALSE,88,Kazakhstan,2003,FALSE,BMU,TRUE,FALSE,1,1992,,,,FALSE,0
KAZ,2005,0.5486804000000001,7,3,DEU,FALSE,88,Kazakhstan,2004,FALSE,RUS,TRUE,FALSE,1,1992,,,,FALSE,0
KAZ,2006,0.6139469,11,3,DEU,FALSE,88,Kazakhstan,2005,FALSE,DEU,TRUE,FALSE,1,1992,,,,FALSE,0
KAZ,2007,0.46146830000000005,11,1,CHN,TRUE,88,Kazakhstan,2006,FALSE,DEU,TRUE,TRUE,2,2007,2006,FALSE,DEU,TRUE,1
KAZ,2008,0.45019030000000004,13,1,CHN,TRUE,88,Kazakhstan,2007,TRUE,CHN,TRUE,FALSE,2,2007,2006,FALSE,DEU,TRUE,1
KAZ,2009,0.4198223,8,1,CHN,TRUE,88,Kazakhstan,2008,TRUE,CHN,TRUE,FALSE,2,2007,2006,FALSE,DEU,TRUE,1
KAZ,2010,0.5576840000000001,7,1,CHN,TRUE,88,Kazakhstan,2009,TRUE,CHN,TRUE,FALSE,2,2007,2006,FALSE,DEU,TRUE,1
KAZ,2011,0.3681249,12,1,CHN,TRUE,88,Kazakhstan,2010,TRUE,CHN,TRUE,FALSE,2,2007,2006,FALSE,DEU,TRUE,1
KAZ,2012,0.5271996,12,1,CHN,TRUE,88,Kazakhstan,2011,TRUE,CHN,TRUE,FALSE,2,2007,2006,FALSE,DEU,TRUE,1
KAZ,2013,0.013953199999999999,14,1,CHN,TRUE,88,Kazakhstan,2012,TRUE,CHN,TRUE,FALSE,2,2007,2006,FALSE,DEU,TRUE,1
KAZ,2014,0.4496309,13,1,CHN,TRUE,88,Kazakhstan,2013,TRUE,CHN,TRUE,FALSE,2,2007,2006,FALSE,DEU,TRUE,1
KAZ,2015,0.338724,13,1,CHN,TRUE,88,Kazakhstan,2014,TRUE,CHN,TRUE,FALSE,2,2007,2006,FALSE,DEU,TRUE,1
KAZ,2016,0.0527859,8,1,CHN,TRUE,88,Kazakhstan,2015,TRUE,CHN,TRUE,FALSE,2,2007,2006,FALSE,DEU,TRUE,1
KAZ,2017,0.17631310000000006,20,1,CHN,TRUE,88,Kazakhstan,2016,TRUE,CHN,TRUE,FALSE,2,2007,2006,FALSE,DEU,TRUE,1
KAZ,2018,0.10224280000000002,14,1,CHN,TRUE,88,Kazakhstan,2017,TRUE,CHN,TRUE,FALSE,2,2007,2006,FALSE,DEU,TRUE,1
KAZ,2019,0.2515916,16,1,CHN,TRUE,88,Kazakhstan,2018,TRUE,CHN,TRUE,FALSE,2,2007,2006,FALSE,DEU,TRUE,1
KAZ,2020,0.06325060000000005,16,1,CHN,TRUE,88,Kazakhstan,2019,TRUE,CHN,TRUE,FALSE,2,2007,2006,FALSE,DEU,TRUE,1
KAZ,2021,0.23858570000000007,11,1,CHN,TRUE,88,Kazakhstan,2020,TRUE,CHN,TRUE,FALSE,2,2007,2006,FALSE,DEU,TRUE,1
KAZ,2022,0.309179,14,1,CHN,TRUE,88,Kazakhstan,2021,TRUE,CHN,TRUE,FALSE,2,2007,2006,FALSE,DEU,TRUE,1
KAZ,2023,0.30257480000000003,,,,,88,Kazakhstan,2022,TRUE,CHN,TRUE,FALSE,2,2007,2006,FALSE,DEU,TRUE,
KEN,1990,0.1056337,3,76,GBR,FALSE,89,Kenya,,,,FALSE,FALSE,0,,,,,,0
KEN,1991,0.1895403,4,87,GBR,FALSE,89,Kenya,1990,FALSE,GBR,TRUE,FALSE,0,,,,,,0
KEN,1992,0.4425634,4,65,GBR,FALSE,89,Kenya,1991,FALSE,GBR,TRUE,FALSE,0,,,,,,0
KEN,1993,1.5612890000000001,4,42,GBR,FALSE,89,Kenya,1992,FALSE,GBR,TRUE,FALSE,0,,,,,,0
KEN,1994,1.2806969,4,34,GBR,FALSE,89,Kenya,1993,FALSE,GBR,TRUE,FALSE,0,,,,,,0
KEN,1995,1.2372685,4,48,GBR,FALSE,89,Kenya,1994,FALSE,GBR,TRUE,FALSE,0,,,,,,0
KEN,1996,1.0362255999999999,5,62,GBR,FALSE,89,Kenya,1995,FALSE,GBR,TRUE,FALSE,0,,,,,,0
KEN,1997,0.5506341,4,60,GBR,FALSE,89,Kenya,1996,FALSE,GBR,TRUE,FALSE,0,,,,,,0
KEN,1998,0.0789048,6,53,GBR,FALSE,89,Kenya,1997,FALSE,GBR,TRUE,FALSE,0,,,,,,0
KEN,1999,0.10373290000000002,6,37,GBR,FALSE,89,Kenya,1998,FALSE,GBR,TRUE,FALSE,0,,,,,,0
KEN,2000,0.26860670000000003,6,41,UGA,FALSE,89,Kenya,1999,FALSE,GBR,TRUE,FALSE,0,,,,,,0
KEN,2001,0.05311160000000004,5,35,GBR,FALSE,89,Kenya,2000,FALSE,UGA,TRUE,FALSE,0,,,,,,0
KEN,2002,0.03659100000000004,3,37,GBR,FALSE,89,Kenya,2001,FALSE,GBR,TRUE,FALSE,0,,,,,,0
KEN,2003,0.2210548,3,33,UGA,FALSE,89,Kenya,2002,FALSE,GBR,TRUE,FALSE,0,,,,,,0
KEN,2004,0.6892425,3,27,UGA,FALSE,89,Kenya,2003,FALSE,UGA,TRUE,FALSE,0,,,,,,0
KEN,2005,0.23036110000000004,3,26,UGA,FALSE,89,Kenya,2004,FALSE,UGA,TRUE,FALSE,0,,,,,,0
KEN,2006,0.516312,3,28,GBR,FALSE,89,Kenya,2005,FALSE,UGA,TRUE,FALSE,0,,,,,,0
KEN,2007,0.19352920000000007,4,29,GBR,FALSE,89,Kenya,2006,FALSE,GBR,TRUE,FALSE,0,,,,,,0
KEN,2008,0.1054695,5,28,GBR,FALSE,89,Kenya,2007,FALSE,GBR,TRUE,FALSE,0,,,,,,0
KEN,2009,0.2030596,5,24,GBR,FALSE,89,Kenya,2008,FALSE,GBR,TRUE,FALSE,0,,,,,,0
KEN,2010,0.27780420000000006,4,30,UGA,FALSE,89,Kenya,2009,FALSE,GBR,TRUE,FALSE,0,,,,,,0
KEN,2011,0.0039261000000000434,4,23,UGA,FALSE,89,Kenya,2010,FALSE,UGA,TRUE,FALSE,0,,,,,,0
KEN,2012,0.23835099999999998,5,22,UGA,FALSE,89,Kenya,2011,FALSE,UGA,TRUE,FALSE,0,,,,,,0
KEN,2013,0.0030521999999999494,5,25,ZMB,FALSE,89,Kenya,2012,FALSE,UGA,TRUE,FALSE,0,,,,,,0
KEN,2014,0.339082,3,16,ZMB,FALSE,89,Kenya,2013,FALSE,ZMB,TRUE,FALSE,0,,,,,,0
KEN,2015,0.3046337,1,14,USA,FALSE,89,Kenya,2014,FALSE,ZMB,TRUE,FALSE,0,,,,,,0
KEN,2016,0.34867919999999997,1,16,USA,FALSE,89,Kenya,2015,FALSE,USA,TRUE,FALSE,0,,,,,,0
KEN,2017,0.3791473,1,10,USA,FALSE,89,Kenya,2016,FALSE,USA,TRUE,FALSE,0,,,,,,0
KEN,2018,0.23691529999999994,2,9,NLD,FALSE,89,Kenya,2017,FALSE,USA,TRUE,FALSE,0,,,,,,0
KEN,2019,0.077206,2,10,UGA,FALSE,89,Kenya,2018,FALSE,NLD,TRUE,FALSE,0,,,,,,0
KEN,2020,0.01622839999999992,3,11,UGA,FALSE,89,Kenya,2019,FALSE,UGA,TRUE,FALSE,0,,,,,,0
KEN,2021,0.04393210000000003,2,9,UGA,FALSE,89,Kenya,2020,FALSE,UGA,TRUE,FALSE,0,,,,,,0
KEN,2022,0.6296381,1,10,USA,FALSE,89,Kenya,2021,FALSE,UGA,TRUE,FALSE,0,,,,,,0
KEN,2023,0.360283,,,,,89,Kenya,2022,FALSE,USA,TRUE,FALSE,0,,,,,,
KGZ,1992,1.4759346,5,1,CHN,TRUE,90,Kyrgyzstan,,,,FALSE,TRUE,1,1992,,,,FALSE,0
KGZ,1993,1.8661559,3,1,CHN,TRUE,90,Kyrgyzstan,1992,TRUE,CHN,TRUE,FALSE,1,1992,,,,FALSE,0
KGZ,1994,1.7738204199999998,3,1,CHN,TRUE,90,Kyrgyzstan,1993,TRUE,CHN,TRUE,FALSE,1,1992,,,,FALSE,0
KGZ,1995,1.66180937,7,1,CHN,TRUE,90,Kyrgyzstan,1994,TRUE,CHN,TRUE,FALSE,1,1992,,,,FALSE,0
KGZ,1996,1.6752894,6,4,KAZ,FALSE,90,Kyrgyzstan,1995,TRUE,CHN,TRUE,FALSE,1,1992,,,,FALSE,0
KGZ,1997,1.5595953,11,3,RUS,FALSE,90,Kyrgyzstan,1996,FALSE,KAZ,TRUE,FALSE,1,1992,,,,FALSE,0
KGZ,1998,0.8300799,30,4,DEU,FALSE,90,Kyrgyzstan,1997,FALSE,RUS,TRUE,FALSE,1,1992,,,,FALSE,0
KGZ,2000,0.8215524000000001,18,7,DEU,FALSE,90,Kyrgyzstan,1998,FALSE,DEU,TRUE,FALSE,1,1992,,,,FALSE,0
KGZ,2002,0.6123607999999999,3,7,RUS,FALSE,90,Kyrgyzstan,2000,FALSE,DEU,TRUE,FALSE,1,1992,,,,FALSE,0
KGZ,2003,1.01459532,12,8,ARE,FALSE,90,Kyrgyzstan,2002,FALSE,RUS,TRUE,FALSE,1,1992,,,,FALSE,0
KGZ,2004,0.634799,8,5,ARE,FALSE,90,Kyrgyzstan,2003,FALSE,ARE,TRUE,FALSE,1,1992,,,,FALSE,0
KGZ,2005,0.5250234,10,4,ARE,FALSE,90,Kyrgyzstan,2004,FALSE,ARE,TRUE,FALSE,1,1992,,,,FALSE,0
KGZ,2006,0.5308394000000001,9,5,CHE,FALSE,90,Kyrgyzstan,2005,FALSE,ARE,TRUE,FALSE,1,1992,,,,FALSE,0
KGZ,2007,0.15973560000000003,21,5,RUS,FALSE,90,Kyrgyzstan,2006,FALSE,CHE,TRUE,FALSE,1,1992,,,,FALSE,0
KGZ,2008,0.3265473,20,4,RUS,FALSE,90,Kyrgyzstan,2007,FALSE,RUS,TRUE,FALSE,1,1992,,,,FALSE,0
KGZ,2009,0.3053572,13,7,CHE,FALSE,90,Kyrgyzstan,2008,FALSE,RUS,TRUE,FALSE,1,1992,,,,FALSE,0
KGZ,2010,0.6732597,20,6,RUS,FALSE,90,Kyrgyzstan,2009,FALSE,CHE,TRUE,FALSE,1,1992,,,,FALSE,0
KGZ,2011,0.4738542,20,7,CHE,FALSE,90,Kyrgyzstan,2010,FALSE,RUS,TRUE,FALSE,1,1992,,,,FALSE,0
KGZ,2012,0.7039006999999999,20,5,CHE,FALSE,90,Kyrgyzstan,2011,FALSE,CHE,TRUE,FALSE,1,1992,,,,FALSE,0
KGZ,2013,0.1561886,19,7,CHE,FALSE,90,Kyrgyzstan,2012,FALSE,CHE,TRUE,FALSE,1,1992,,,,FALSE,0
KGZ,2014,0.2979975,29,8,KAZ,FALSE,90,Kyrgyzstan,2013,FALSE,CHE,TRUE,FALSE,1,1992,,,,FALSE,0
KGZ,2015,0.5670649999999999,14,6,CHE,FALSE,90,Kyrgyzstan,2014,FALSE,KAZ,TRUE,FALSE,1,1992,,,,FALSE,0
KGZ,2016,0.12163250000000003,23,5,KAZ,FALSE,90,Kyrgyzstan,2015,FALSE,CHE,TRUE,FALSE,1,1992,,,,FALSE,0
KGZ,2017,0.25624490000000005,17,5,CHE,FALSE,90,Kyrgyzstan,2016,FALSE,KAZ,TRUE,FALSE,1,1992,,,,FALSE,0
KGZ,2018,0.2627326,18,6,GBR,FALSE,90,Kyrgyzstan,2017,FALSE,CHE,TRUE,FALSE,1,1992,,,,FALSE,0
KGZ,2019,0.38212840000000003,16,5,GBR,FALSE,90,Kyrgyzstan,2018,FALSE,GBR,TRUE,FALSE,1,1992,,,,FALSE,0
KGZ,2020,0.14304549999999994,16,7,GBR,FALSE,90,Kyrgyzstan,2019,FALSE,GBR,TRUE,FALSE,1,1992,,,,FALSE,0
KGZ,2021,0.5168914,21,7,CHE,FALSE,90,Kyrgyzstan,2020,FALSE,GBR,TRUE,FALSE,1,1992,,,,FALSE,0
KGZ,2022,0.31310230000000006,19,6,RUS,FALSE,90,Kyrgyzstan,2021,FALSE,CHE,TRUE,FALSE,1,1992,,,,FALSE,0
KGZ,2023,0.3040068,,,,,90,Kyrgyzstan,2022,FALSE,RUS,TRUE,FALSE,1,1992,,,,FALSE,
KHM,1991,0.24224430000000002,,9,DEU,FALSE,91,Cambodia,,,,FALSE,FALSE,0,,,,,,0
KHM,1992,0.19656090000000004,20,11,THA,FALSE,91,Cambodia,1991,FALSE,DEU,TRUE,FALSE,0,,,,,,0
KHM,1993,0.8694326000000001,11,17,THA,FALSE,91,Cambodia,1992,FALSE,THA,TRUE,FALSE,0,,,,,,0
KHM,1994,1.6131122,15,16,THA,FALSE,91,Cambodia,1993,FALSE,THA,TRUE,FALSE,0,,,,,,0
KHM,1995,1.50560965,10,9,THA,FALSE,91,Cambodia,1994,FALSE,THA,TRUE,FALSE,0,,,,,,0
KHM,1996,1.1879187999999998,13,8,SGP,FALSE,91,Cambodia,1995,FALSE,THA,TRUE,FALSE,0,,,,,,0
KHM,1999,0.2655546,1,5,USA,FALSE,91,Cambodia,1996,FALSE,SGP,TRUE,FALSE,0,,,,,,0
KHM,2000,0.07925169999999992,1,6,USA,FALSE,91,Cambodia,1999,FALSE,USA,TRUE,FALSE,0,,,,,,0
KHM,2001,0.22032200000000002,1,8,USA,FALSE,91,Cambodia,2000,FALSE,USA,TRUE,FALSE,0,,,,,,0
KHM,2002,0.23442510000000005,1,11,USA,FALSE,91,Cambodia,2001,FALSE,USA,TRUE,FALSE,0,,,,,,0
KHM,2003,0.276436,1,11,USA,FALSE,91,Cambodia,2002,FALSE,USA,TRUE,FALSE,0,,,,,,0
KHM,2004,0.2569357,1,10,USA,FALSE,91,Cambodia,2003,FALSE,USA,TRUE,FALSE,0,,,,,,0
KHM,2005,0.008492999999999973,1,10,USA,FALSE,91,Cambodia,2004,FALSE,USA,TRUE,FALSE,0,,,,,,0
KHM,2006,0.05419180000000001,1,10,USA,FALSE,91,Cambodia,2005,FALSE,USA,TRUE,FALSE,0,,,,,,0
KHM,2007,1.0660000000006775e-4,1,10,USA,FALSE,91,Cambodia,2006,FALSE,USA,TRUE,FALSE,0,,,,,,0
KHM,2008,0.050162200000000046,1,15,USA,FALSE,91,Cambodia,2007,FALSE,USA,TRUE,FALSE,0,,,,,,0
KHM,2009,0.02018909999999996,1,16,USA,FALSE,91,Cambodia,2008,FALSE,USA,TRUE,FALSE,0,,,,,,0
KHM,2010,0.10222890000000007,1,11,USA,FALSE,91,Cambodia,2009,FALSE,USA,TRUE,FALSE,0,,,,,,0
KHM,2011,0.08035380000000003,1,10,USA,FALSE,91,Cambodia,2010,FALSE,USA,TRUE,FALSE,0,,,,,,0
KHM,2012,0.2185256,1,12,USA,FALSE,91,Cambodia,2011,FALSE,USA,TRUE,FALSE,0,,,,,,0
KHM,2013,0.2844884000000001,1,7,USA,FALSE,91,Cambodia,2012,FALSE,USA,TRUE,FALSE,0,,,,,,0
KHM,2014,0.09210320000000005,1,9,USA,FALSE,91,Cambodia,2013,FALSE,USA,TRUE,FALSE,0,,,,,,0
KHM,2015,0.7195332999999999,1,7,USA,FALSE,91,Cambodia,2014,FALSE,USA,TRUE,FALSE,0,,,,,,0
KHM,2016,0.4179385,1,9,USA,FALSE,91,Cambodia,2015,FALSE,USA,TRUE,FALSE,0,,,,,,0
KHM,2017,0.6392738,1,5,USA,FALSE,91,Cambodia,2016,FALSE,USA,TRUE,FALSE,0,,,,,,0
KHM,2018,0.7983304,1,4,USA,FALSE,91,Cambodia,2017,FALSE,USA,TRUE,FALSE,0,,,,,,0
KHM,2019,0.8187606000000001,1,6,USA,FALSE,91,Cambodia,2018,FALSE,USA,TRUE,FALSE,0,,,,,,0
KHM,2020,0.5047786,1,4,USA,FALSE,91,Cambodia,2019,FALSE,USA,TRUE,FALSE,0,,,,,,0
KHM,2021,0.9071439000000001,1,3,USA,FALSE,91,Cambodia,2020,FALSE,USA,TRUE,FALSE,0,,,,,,0
KHM,2022,0.5151071,1,3,USA,FALSE,91,Cambodia,2021,FALSE,USA,TRUE,FALSE,0,,,,,,0
KHM,2023,0.2665313,,,,,91,Cambodia,2022,FALSE,USA,TRUE,FALSE,0,,,,,,
KIR,2000,0.7713219800000001,4,32,JPN,FALSE,92,Kiribati,,,,FALSE,FALSE,0,,,,,,0
KIR,2001,0.9559213,4,,JPN,FALSE,92,Kiribati,2000,FALSE,JPN,TRUE,FALSE,0,,,,,,0
KIR,2002,0.31415649999999995,3,,JPN,FALSE,92,Kiribati,2001,FALSE,JPN,TRUE,FALSE,0,,,,,,0
KIR,2003,0.7402852,3,,JPN,FALSE,92,Kiribati,2002,FALSE,JPN,TRUE,FALSE,0,,,,,,0
KIR,2004,1.2001275,3,,JPN,FALSE,92,Kiribati,2003,FALSE,JPN,TRUE,FALSE,0,,,,,,0
KIR,2005,1.0835835,2,19,JPN,FALSE,92,Kiribati,2004,FALSE,JPN,TRUE,FALSE,0,,,,,,0
KIR,2006,1.3325759000000001,3,44,JPN,FALSE,92,Kiribati,2005,FALSE,JPN,TRUE,FALSE,0,,,,,,0
KIR,2007,1.4235275,5,46,PHL,FALSE,92,Kiribati,2006,FALSE,JPN,TRUE,FALSE,0,,,,,,0
KIR,2008,1.6243332000000001,6,21,ECU,FALSE,92,Kiribati,2007,FALSE,PHL,TRUE,FALSE,0,,,,,,0
KIR,2009,1.619499,6,28,THA,FALSE,92,Kiribati,2008,FALSE,ECU,TRUE,FALSE,0,,,,,,0
KIR,2010,1.8806547,5,33,THA,FALSE,92,Kiribati,2009,FALSE,THA,TRUE,FALSE,0,,,,,,0
KIR,2011,1.7788590000000002,8,13,THA,FALSE,92,Kiribati,2010,FALSE,THA,TRUE,FALSE,0,,,,,,0
KIR,2012,1.8338176000000002,21,17,THA,FALSE,92,Kiribati,2011,FALSE,THA,TRUE,FALSE,0,,,,,,0
KIR,2013,0.8723409,12,13,THA,FALSE,92,Kiribati,2012,FALSE,THA,TRUE,FALSE,0,,,,,,0
KIR,2014,0.6199138,8,7,THA,FALSE,92,Kiribati,2013,FALSE,THA,TRUE,FALSE,0,,,,,,0
KIR,2015,0.2281346,8,5,THA,FALSE,92,Kiribati,2014,FALSE,THA,TRUE,FALSE,0,,,,,,0
KIR,2016,0.17080050000000002,5,3,THA,FALSE,92,Kiribati,2015,FALSE,THA,TRUE,FALSE,0,,,,,,0
KIR,2017,0.0726926,7,13,THA,FALSE,92,Kiribati,2016,FALSE,THA,TRUE,FALSE,0,,,,,,0
KIR,2018,0.9880668,8,16,THA,FALSE,92,Kiribati,2017,FALSE,THA,TRUE,FALSE,0,,,,,,0
KIR,2019,0.380361752,6,8,THA,FALSE,92,Kiribati,2018,FALSE,THA,TRUE,FALSE,0,,,,,,0
KIR,2020,0.53180943,9,14,THA,FALSE,92,Kiribati,2019,FALSE,THA,TRUE,FALSE,0,,,,,,0
KIR,2021,0.060046899999999986,10,49,THA,FALSE,92,Kiribati,2020,FALSE,THA,TRUE,FALSE,0,,,,,,0
KIR,2022,1.02172031,8,45,PHL,FALSE,92,Kiribati,2021,FALSE,THA,TRUE,FALSE,0,,,,,,0
KIR,2023,0.83743425,,,,,92,Kiribati,2022,FALSE,PHL,TRUE,FALSE,0,,,,,,
KNA,1990,0.27935679999999996,1,,USA,FALSE,93,St. Kitts & Nevis,,,,FALSE,FALSE,0,,,,,,0
KNA,1991,0.27538817,1,,USA,FALSE,93,St. Kitts & Nevis,1990,FALSE,USA,TRUE,FALSE,0,,,,,,0
KNA,1992,0.6275318,1,,USA,FALSE,93,St. Kitts & Nevis,1991,FALSE,USA,TRUE,FALSE,0,,,,,,0
KNA,1993,1.3558052,1,27,USA,FALSE,93,St. Kitts & Nevis,1992,FALSE,USA,TRUE,FALSE,0,,,,,,0
KNA,1994,1.5726684,1,,USA,FALSE,93,St. Kitts & Nevis,1993,FALSE,USA,TRUE,FALSE,0,,,,,,0
KNA,1995,1.3804517,1,,USA,FALSE,93,St. Kitts & Nevis,1994,FALSE,USA,TRUE,FALSE,0,,,,,,0
KNA,1996,1.1716989,1,,USA,FALSE,93,St. Kitts & Nevis,1995,FALSE,USA,TRUE,FALSE,0,,,,,,0
KNA,1997,0.6240208,1,53,USA,FALSE,93,St. Kitts & Nevis,1996,FALSE,USA,TRUE,FALSE,0,,,,,,0
KNA,1998,0.08286939999999998,1,,USA,FALSE,93,St. Kitts & Nevis,1997,FALSE,USA,TRUE,FALSE,0,,,,,,0
KNA,1999,0.009234300000000029,1,52,USA,FALSE,93,St. Kitts & Nevis,1998,FALSE,USA,TRUE,FALSE,0,,,,,,0
KNA,2000,0.037136600000000075,1,17,USA,FALSE,93,St. Kitts & Nevis,1999,FALSE,USA,TRUE,FALSE,0,,,,,,0
KNA,2001,0.012849499999999958,1,35,USA,FALSE,93,St. Kitts & Nevis,2000,FALSE,USA,TRUE,FALSE,0,,,,,,0
KNA,2002,0.10416740000000002,1,59,USA,FALSE,93,St. Kitts & Nevis,2001,FALSE,USA,TRUE,FALSE,0,,,,,,0
KNA,2003,0.3948058,1,52,USA,FALSE,93,St. Kitts & Nevis,2002,FALSE,USA,TRUE,FALSE,0,,,,,,0
KNA,2004,0.20473580000000002,1,55,USA,FALSE,93,St. Kitts & Nevis,2003,FALSE,USA,TRUE,FALSE,0,,,,,,0
KNA,2005,0.4166265,1,71,USA,FALSE,93,St. Kitts & Nevis,2004,FALSE,USA,TRUE,FALSE,0,,,,,,0
KNA,2006,0.25619610000000004,1,64,USA,FALSE,93,St. Kitts & Nevis,2005,FALSE,USA,TRUE,FALSE,0,,,,,,0
KNA,2007,0.09925050000000002,1,54,USA,FALSE,93,St. Kitts & Nevis,2006,FALSE,USA,TRUE,FALSE,0,,,,,,0
KNA,2008,0.25978260000000003,1,37,USA,FALSE,93,St. Kitts & Nevis,2007,FALSE,USA,TRUE,FALSE,0,,,,,,0
KNA,2009,0.15283570000000002,1,36,USA,FALSE,93,St. Kitts & Nevis,2008,FALSE,USA,TRUE,FALSE,0,,,,,,0
KNA,2010,0.24777150000000003,1,20,USA,FALSE,93,St. Kitts & Nevis,2009,FALSE,USA,TRUE,FALSE,0,,,,,,0
KNA,2011,0.10633519999999996,1,16,USA,FALSE,93,St. Kitts & Nevis,2010,FALSE,USA,TRUE,FALSE,0,,,,,,0
KNA,2012,0.3339037,1,32,USA,FALSE,93,St. Kitts & Nevis,2011,FALSE,USA,TRUE,FALSE,0,,,,,,0
KNA,2013,0.06992569999999998,1,28,USA,FALSE,93,St. Kitts & Nevis,2012,FALSE,USA,TRUE,FALSE,0,,,,,,0
KNA,2014,0.3581236,1,22,USA,FALSE,93,St. Kitts & Nevis,2013,FALSE,USA,TRUE,FALSE,0,,,,,,0
KNA,2015,0.33532129999999993,1,22,USA,FALSE,93,St. Kitts & Nevis,2014,FALSE,USA,TRUE,FALSE,0,,,,,,0
KNA,2016,0.19602220000000004,1,15,USA,FALSE,93,St. Kitts & Nevis,2015,FALSE,USA,TRUE,FALSE,0,,,,,,0
KNA,2017,0.16277930000000002,1,11,USA,FALSE,93,St. Kitts & Nevis,2016,FALSE,USA,TRUE,FALSE,0,,,,,,0
KNA,2018,0.0177408,1,8,USA,FALSE,93,St. Kitts & Nevis,2017,FALSE,USA,TRUE,FALSE,0,,,,,,0
KNA,2019,0.07062689999999999,1,17,USA,FALSE,93,St. Kitts & Nevis,2018,FALSE,USA,TRUE,FALSE,0,,,,,,0
KNA,2020,0.21564300000000003,1,15,USA,FALSE,93,St. Kitts & Nevis,2019,FALSE,USA,TRUE,FALSE,0,,,,,,0
KNA,2021,0.2757578,1,12,USA,FALSE,93,St. Kitts & Nevis,2020,FALSE,USA,TRUE,FALSE,0,,,,,,0
KNA,2022,0.6411697000000001,1,8,USA,FALSE,93,St. Kitts & Nevis,2021,FALSE,USA,TRUE,FALSE,0,,,,,,0
KNA,2023,0.38861760000000006,,,,,93,St. Kitts & Nevis,2022,FALSE,USA,TRUE,FALSE,0,,,,,,
KOR,1991,0.7961674999999999,1,13,USA,FALSE,94,South Korea,,,,FALSE,FALSE,0,,,,,,0
KOR,1992,1.2864535,1,4,USA,FALSE,94,South Korea,1991,FALSE,USA,TRUE,FALSE,0,,,,,,0
KOR,1993,2.0400001000000003,1,3,USA,FALSE,94,South Korea,1992,FALSE,USA,TRUE,FALSE,0,,,,,,0
KOR,1994,2.2576237,1,3,USA,FALSE,94,South Korea,1993,FALSE,USA,TRUE,FALSE,0,,,,,,0
KOR,1995,2.0906607,1,3,USA,FALSE,94,South Korea,1994,FALSE,USA,TRUE,FALSE,0,,,,,,0
KOR,1996,1.9295551999999998,1,3,USA,FALSE,94,South Korea,1995,FALSE,USA,TRUE,FALSE,0,,,,,,0
KOR,1997,1.7713637,1,2,USA,FALSE,94,South Korea,1996,FALSE,USA,TRUE,FALSE,0,,,,,,0
KOR,1998,1.1385565,1,2,USA,FALSE,94,South Korea,1997,FALSE,USA,TRUE,FALSE,0,,,,,,0
KOR,1999,1.2449642,1,2,USA,FALSE,94,South Korea,1998,FALSE,USA,TRUE,FALSE,0,,,,,,0
KOR,2000,1.3587481000000001,1,2,USA,FALSE,94,South Korea,1999,FALSE,USA,TRUE,FALSE,0,,,,,,0
KOR,2001,1.2116253000000001,1,2,USA,FALSE,94,South Korea,2000,FALSE,USA,TRUE,FALSE,0,,,,,,0
KOR,2002,1.3119728,1,2,USA,FALSE,94,South Korea,2001,FALSE,USA,TRUE,FALSE,0,,,,,,0
KOR,2003,1.7117227000000002,2,1,CHN,TRUE,94,South Korea,2002,FALSE,USA,TRUE,TRUE,1,2003,2002,FALSE,USA,TRUE,1
KOR,2004,1.5742327999999999,2,1,CHN,TRUE,94,South Korea,2003,TRUE,CHN,TRUE,FALSE,1,2003,2002,FALSE,USA,TRUE,1
KOR,2005,1.2656615,2,1,CHN,TRUE,94,South Korea,2004,TRUE,CHN,TRUE,FALSE,1,2003,2002,FALSE,USA,TRUE,1
KOR,2006,1.5589912,2,1,CHN,TRUE,94,South Korea,2005,TRUE,CHN,TRUE,FALSE,1,2003,2002,FALSE,USA,TRUE,1
KOR,2007,1.1749297,2,1,CHN,TRUE,94,South Korea,2006,TRUE,CHN,TRUE,FALSE,1,2003,2002,FALSE,USA,TRUE,1
KOR,2008,1.2614305,2,1,CHN,TRUE,94,South Korea,2007,TRUE,CHN,TRUE,FALSE,1,2003,2002,FALSE,USA,TRUE,1
KOR,2009,1.2835871,2,1,CHN,TRUE,94,South Korea,2008,TRUE,CHN,TRUE,FALSE,1,2003,2002,FALSE,USA,TRUE,1
KOR,2010,1.4543226,2,1,CHN,TRUE,94,South Korea,2009,TRUE,CHN,TRUE,FALSE,1,2003,2002,FALSE,USA,TRUE,1
KOR,2011,1.4617906,2,1,CHN,TRUE,94,South Korea,2010,TRUE,CHN,TRUE,FALSE,1,2003,2002,FALSE,USA,TRUE,1
KOR,2012,1.5634673000000001,2,1,CHN,TRUE,94,South Korea,2011,TRUE,CHN,TRUE,FALSE,1,2003,2002,FALSE,USA,TRUE,1
KOR,2013,1.2090399,2,1,CHN,TRUE,94,South Korea,2012,TRUE,CHN,TRUE,FALSE,1,2003,2002,FALSE,USA,TRUE,1
KOR,2014,1.6238302,2,1,CHN,TRUE,94,South Korea,2013,TRUE,CHN,TRUE,FALSE,1,2003,2002,FALSE,USA,TRUE,1
KOR,2015,1.0340631,2,1,CHN,TRUE,94,South Korea,2014,TRUE,CHN,TRUE,FALSE,1,2003,2002,FALSE,USA,TRUE,1
KOR,2016,1.5031079,2,1,CHN,TRUE,94,South Korea,2015,TRUE,CHN,TRUE,FALSE,1,2003,2002,FALSE,USA,TRUE,1
KOR,2017,1.3246597,2,1,CHN,TRUE,94,South Korea,2016,TRUE,CHN,TRUE,FALSE,1,2003,2002,FALSE,USA,TRUE,1
KOR,2018,1.3999762,2,1,CHN,TRUE,94,South Korea,2017,TRUE,CHN,TRUE,FALSE,1,2003,2002,FALSE,USA,TRUE,1
KOR,2019,1.2017901,2,1,CHN,TRUE,94,South Korea,2018,TRUE,CHN,TRUE,FALSE,1,2003,2002,FALSE,USA,TRUE,1
KOR,2020,1.4802714,2,1,CHN,TRUE,94,South Korea,2019,TRUE,CHN,TRUE,FALSE,1,2003,2002,FALSE,USA,TRUE,1
KOR,2021,1.2305310999999999,2,1,CHN,TRUE,94,South Korea,2020,TRUE,CHN,TRUE,FALSE,1,2003,2002,FALSE,USA,TRUE,1
KOR,2022,2.0737095,2,1,CHN,TRUE,94,South Korea,2021,TRUE,CHN,TRUE,FALSE,1,2003,2002,FALSE,USA,TRUE,1
KOR,2023,1.7984509000000002,,,,,94,South Korea,2022,TRUE,CHN,TRUE,FALSE,1,2003,2002,FALSE,USA,TRUE,
KWT,1990,0.5573095,24,,JPN,FALSE,95,Kuwait,,,,FALSE,FALSE,0,,,,,,0
KWT,1991,0.3979706,4,,IND,FALSE,95,Kuwait,1990,FALSE,JPN,TRUE,FALSE,0,,,,,,0
KWT,1992,0.3523857,5,19,JPN,FALSE,95,Kuwait,1991,FALSE,IND,TRUE,FALSE,0,,,,,,0
KWT,1993,1.1045224,1,17,USA,FALSE,95,Kuwait,1992,FALSE,JPN,TRUE,FALSE,0,,,,,,0
KWT,1994,1.2708637,1,13,USA,FALSE,95,Kuwait,1993,FALSE,USA,TRUE,FALSE,0,,,,,,0
KWT,1995,1.0873131,2,10,JPN,FALSE,95,Kuwait,1994,FALSE,USA,TRUE,FALSE,0,,,,,,0
KWT,1996,0.8946978999999999,2,13,JPN,FALSE,95,Kuwait,1995,FALSE,JPN,TRUE,FALSE,0,,,,,,0
KWT,1997,0.7375255000000001,2,13,JPN,FALSE,95,Kuwait,1996,FALSE,JPN,TRUE,FALSE,0,,,,,,0
KWT,1998,0.1935056,3,9,JPN,FALSE,95,Kuwait,1997,FALSE,JPN,TRUE,FALSE,0,,,,,,0
KWT,1999,0.16957269999999997,3,10,JPN,FALSE,95,Kuwait,1998,FALSE,JPN,TRUE,FALSE,0,,,,,,0
KWT,2000,0.08661870000000005,2,13,JPN,FALSE,95,Kuwait,1999,FALSE,JPN,TRUE,FALSE,0,,,,,,0
KWT,2001,0.018425999999999942,3,8,JPN,FALSE,95,Kuwait,2000,FALSE,JPN,TRUE,FALSE,0,,,,,,0
KWT,2002,0.15422040000000004,3,8,JPN,FALSE,95,Kuwait,2001,FALSE,JPN,TRUE,FALSE,0,,,,,,0
KWT,2003,0.26983979999999996,3,11,JPN,FALSE,95,Kuwait,2002,FALSE,JPN,TRUE,FALSE,0,,,,,,0
KWT,2004,0.23353899999999994,3,10,JPN,FALSE,95,Kuwait,2003,FALSE,JPN,TRUE,FALSE,0,,,,,,0
KWT,2005,0.4010716000000001,3,10,JPN,FALSE,95,Kuwait,2004,FALSE,JPN,TRUE,FALSE,0,,,,,,0
KWT,2006,0.09107310000000002,6,8,JPN,FALSE,95,Kuwait,2005,FALSE,JPN,TRUE,FALSE,0,,,,,,0
KWT,2007,0.39436899999999986,6,8,JPN,FALSE,95,Kuwait,2006,FALSE,JPN,TRUE,FALSE,0,,,,,,0
KWT,2008,0.40897190000000005,5,7,JPN,FALSE,95,Kuwait,2007,FALSE,JPN,TRUE,FALSE,0,,,,,,0
KWT,2009,0.5011606999999999,5,6,JPN,FALSE,95,Kuwait,2008,FALSE,JPN,TRUE,FALSE,0,,,,,,0
KWT,2010,0.18818729999999995,6,4,KOR,FALSE,95,Kuwait,2009,FALSE,JPN,TRUE,FALSE,0,,,,,,0
KWT,2011,0.036544699999999986,5,4,KOR,FALSE,95,Kuwait,2010,FALSE,KOR,TRUE,FALSE,0,,,,,,0
KWT,2012,0.4270963,4,5,KOR,FALSE,95,Kuwait,2011,FALSE,KOR,TRUE,FALSE,0,,,,,,0
KWT,2013,0.43366720000000003,4,5,KOR,FALSE,95,Kuwait,2012,FALSE,KOR,TRUE,FALSE,0,,,,,,0
KWT,2014,0.2267925999999999,4,5,KOR,FALSE,95,Kuwait,2013,FALSE,KOR,TRUE,FALSE,0,,,,,,0
KWT,2015,0.7777728,5,2,KOR,FALSE,95,Kuwait,2014,FALSE,KOR,TRUE,FALSE,0,,,,,,0
KWT,2016,0.483127,5,2,KOR,FALSE,95,Kuwait,2015,FALSE,KOR,TRUE,FALSE,0,,,,,,0
KWT,2017,0.4153451000000001,7,2,KOR,FALSE,95,Kuwait,2016,FALSE,KOR,TRUE,FALSE,0,,,,,,0
KWT,2018,0.37378520000000004,10,1,CHN,TRUE,95,Kuwait,2017,FALSE,KOR,TRUE,TRUE,1,2018,2017,FALSE,KOR,TRUE,1
KWT,2019,0.42329479999999997,12,1,CHN,TRUE,95,Kuwait,2018,TRUE,CHN,TRUE,FALSE,1,2018,2017,FALSE,KOR,TRUE,1
KWT,2020,0.06457859999999993,12,1,CHN,TRUE,95,Kuwait,2019,TRUE,CHN,TRUE,FALSE,1,2018,2017,FALSE,KOR,TRUE,1
KWT,2021,0.3161114,10,1,CHN,TRUE,95,Kuwait,2020,TRUE,CHN,TRUE,FALSE,1,2018,2017,FALSE,KOR,TRUE,1
KWT,2022,0.5395013,11,1,CHN,TRUE,95,Kuwait,2021,TRUE,CHN,TRUE,FALSE,1,2018,2017,FALSE,KOR,TRUE,1
KWT,2023,0.08688250000000008,,,,,95,Kuwait,2022,TRUE,CHN,TRUE,FALSE,1,2018,2017,FALSE,KOR,TRUE,
LAO,1990,0.5913574,17,5,THA,FALSE,96,Laos,,,,FALSE,FALSE,0,,,,,,0
LAO,1991,0.5803115999999999,4,6,THA,FALSE,96,Laos,1990,FALSE,THA,TRUE,FALSE,0,,,,,,0
LAO,1992,0.3018825999999999,4,6,THA,FALSE,96,Laos,1991,FALSE,THA,TRUE,FALSE,0,,,,,,0
LAO,1993,0.288243,5,7,THA,FALSE,96,Laos,1992,FALSE,THA,TRUE,FALSE,0,,,,,,0
LAO,1994,0.2593159999999999,6,7,THA,FALSE,96,Laos,1993,FALSE,THA,TRUE,FALSE,0,,,,,,0
LAO,1995,0.375942,7,9,THA,FALSE,96,Laos,1994,FALSE,THA,TRUE,FALSE,0,,,,,,0
LAO,1996,0.134085,6,9,THA,FALSE,96,Laos,1995,FALSE,THA,TRUE,FALSE,0,,,,,,0
LAO,1997,0.1481969999999999,6,11,THA,FALSE,96,Laos,1996,FALSE,THA,TRUE,FALSE,0,,,,,,0
LAO,1998,0.7134859,4,9,THA,FALSE,96,Laos,1997,FALSE,THA,TRUE,FALSE,0,,,,,,0
LAO,1999,0.5189195999999999,7,8,THA,FALSE,96,Laos,1998,FALSE,THA,TRUE,FALSE,0,,,,,,0
LAO,2000,0.46232839999999986,10,12,VNM,FALSE,96,Laos,1999,FALSE,THA,TRUE,FALSE,0,,,,,,0
LAO,2001,0.7523426999999999,13,9,THA,FALSE,96,Laos,2000,FALSE,VNM,TRUE,FALSE,0,,,,,,0
LAO,2002,0.4966284000000001,13,9,THA,FALSE,96,Laos,2001,FALSE,THA,TRUE,FALSE,0,,,,,,0
LAO,2003,0.22440440000000006,12,1,CHN,TRUE,96,Laos,2002,FALSE,THA,TRUE,TRUE,1,2003,2002,FALSE,THA,TRUE,1
LAO,2004,0.022990399999999966,16,9,THA,FALSE,96,Laos,2003,TRUE,CHN,TRUE,FALSE,1,2003,2002,FALSE,THA,TRUE,0
LAO,2005,0.035194999999999976,19,6,THA,FALSE,96,Laos,2004,FALSE,THA,TRUE,FALSE,1,2003,2002,FALSE,THA,TRUE,0
LAO,2006,0.04801169999999999,14,4,THA,FALSE,96,Laos,2005,FALSE,THA,TRUE,FALSE,1,2003,2002,FALSE,THA,TRUE,0
LAO,2007,0.13483939999999994,10,3,THA,FALSE,96,Laos,2006,FALSE,THA,TRUE,FALSE,1,2003,2002,FALSE,THA,TRUE,0
LAO,2008,0.14014119999999997,7,3,THA,FALSE,96,Laos,2007,FALSE,THA,TRUE,FALSE,1,2003,2002,FALSE,THA,TRUE,0
LAO,2009,0.28617190000000003,6,2,THA,FALSE,96,Laos,2008,FALSE,THA,TRUE,FALSE,1,2003,2002,FALSE,THA,TRUE,0
LAO,2010,0.00800629999999991,7,2,THA,FALSE,96,Laos,2009,FALSE,THA,TRUE,FALSE,1,2003,2002,FALSE,THA,TRUE,0
LAO,2011,0.19728590000000001,9,2,THA,FALSE,96,Laos,2010,FALSE,THA,TRUE,FALSE,1,2003,2002,FALSE,THA,TRUE,0
LAO,2012,0.11883370000000004,12,2,THA,FALSE,96,Laos,2011,FALSE,THA,TRUE,FALSE,1,2003,2002,FALSE,THA,TRUE,0
LAO,2013,0.38223780000000007,12,2,THA,FALSE,96,Laos,2012,FALSE,THA,TRUE,FALSE,1,2003,2002,FALSE,THA,TRUE,0
LAO,2014,0.27969260000000007,11,1,CHN,TRUE,96,Laos,2013,FALSE,THA,TRUE,TRUE,2,2014,2013,FALSE,THA,TRUE,1
LAO,2015,0.9617288,8,2,THA,FALSE,96,Laos,2014,TRUE,CHN,TRUE,FALSE,2,2014,2013,FALSE,THA,TRUE,0
LAO,2016,0.4994497,8,2,THA,FALSE,96,Laos,2015,FALSE,THA,TRUE,FALSE,2,2014,2013,FALSE,THA,TRUE,0
LAO,2017,0.8263548000000001,6,2,THA,FALSE,96,Laos,2016,FALSE,THA,TRUE,FALSE,2,2014,2013,FALSE,THA,TRUE,0
LAO,2018,0.5143494,5,2,THA,FALSE,96,Laos,2017,FALSE,THA,TRUE,FALSE,2,2014,2013,FALSE,THA,TRUE,0
LAO,2019,0.48564039999999997,5,2,THA,FALSE,96,Laos,2018,FALSE,THA,TRUE,FALSE,2,2014,2013,FALSE,THA,TRUE,0
LAO,2020,0.2631043999999999,7,2,THA,FALSE,96,Laos,2019,FALSE,THA,TRUE,FALSE,2,2014,2013,FALSE,THA,TRUE,0
LAO,2021,0.4896226000000001,5,2,THA,FALSE,96,Laos,2020,FALSE,THA,TRUE,FALSE,2,2014,2013,FALSE,THA,TRUE,0
LAO,2022,0.3288856,5,2,THA,FALSE,96,Laos,2021,FALSE,THA,TRUE,FALSE,2,2014,2013,FALSE,THA,TRUE,0
LAO,2023,0.03377929999999996,,,,,96,Laos,2022,FALSE,THA,TRUE,FALSE,2,2014,2013,FALSE,THA,TRUE,
LBN,1990,0.4033274,20,,CHE,FALSE,97,Lebanon,,,,FALSE,FALSE,0,,,,,,0
LBN,1991,0.2267457,4,,CHE,FALSE,97,Lebanon,1990,FALSE,CHE,TRUE,FALSE,0,,,,,,0
LBN,1992,0.11858800000000003,3,34,SAU,FALSE,97,Lebanon,1991,FALSE,CHE,TRUE,FALSE,0,,,,,,0
LBN,1993,0.6519138000000001,3,33,SAU,FALSE,97,Lebanon,1992,FALSE,SAU,TRUE,FALSE,0,,,,,,0
LBN,1994,0.663206,5,45,CHE,FALSE,97,Lebanon,1993,FALSE,SAU,TRUE,FALSE,0,,,,,,0
LBN,1995,0.4304840000000001,5,45,CHE,FALSE,97,Lebanon,1994,FALSE,CHE,TRUE,FALSE,0,,,,,,0
LBN,1996,0.05332800000000004,4,69,CHE,FALSE,97,Lebanon,1995,FALSE,CHE,TRUE,FALSE,0,,,,,,0
LBN,1997,0.0961510000000001,4,86,CHE,FALSE,97,Lebanon,1996,FALSE,CHE,TRUE,FALSE,0,,,,,,0
LBN,1998,0.9272719,3,88,CHE,FALSE,97,Lebanon,1997,FALSE,CHE,TRUE,FALSE,0,,,,,,0
LBN,1999,0.45714960000000004,5,76,CHE,FALSE,97,Lebanon,1998,FALSE,CHE,TRUE,FALSE,0,,,,,,0
LBN,2000,0.2982654,3,78,CHE,FALSE,97,Lebanon,1999,FALSE,CHE,TRUE,FALSE,0,,,,,,0
LBN,2001,0.6399567,3,83,SAU,FALSE,97,Lebanon,2000,FALSE,CHE,TRUE,FALSE,0,,,,,,0
LBN,2002,0.5752094000000001,6,66,SYR,FALSE,97,Lebanon,2001,FALSE,SAU,TRUE,FALSE,0,,,,,,0
LBN,2003,0.33328479999999994,6,59,SYR,FALSE,97,Lebanon,2002,FALSE,SYR,TRUE,FALSE,0,,,,,,0
LBN,2004,0.34592200000000006,7,55,SYR,FALSE,97,Lebanon,2003,FALSE,SYR,TRUE,FALSE,0,,,,,,0
LBN,2005,0.012153799999999992,6,55,CHE,FALSE,97,Lebanon,2004,FALSE,SYR,TRUE,FALSE,0,,,,,,0
LBN,2006,0.18520380000000003,9,42,CHE,FALSE,97,Lebanon,2005,FALSE,CHE,TRUE,FALSE,0,,,,,,0
LBN,2007,0.1657422999999999,10,52,CHE,FALSE,97,Lebanon,2006,FALSE,CHE,TRUE,FALSE,0,,,,,,0
LBN,2008,0.1607271,13,64,ARE,FALSE,97,Lebanon,2007,FALSE,CHE,TRUE,FALSE,0,,,,,,0
LBN,2009,0.2299333,15,58,ARE,FALSE,97,Lebanon,2008,FALSE,ARE,TRUE,FALSE,0,,,,,,0
LBN,2010,0.2252002999999999,12,51,ARE,FALSE,97,Lebanon,2009,FALSE,ARE,TRUE,FALSE,0,,,,,,0
LBN,2011,0.278655,14,56,ZAF,FALSE,97,Lebanon,2010,FALSE,ARE,TRUE,FALSE,0,,,,,,0
LBN,2012,0.2924433000000001,14,36,ZAF,FALSE,97,Lebanon,2011,FALSE,ZAF,TRUE,FALSE,0,,,,,,0
LBN,2013,0.5132062,14,21,SYR,FALSE,97,Lebanon,2012,FALSE,ZAF,TRUE,FALSE,0,,,,,,0
LBN,2014,0.24870559999999997,16,34,SAU,FALSE,97,Lebanon,2013,FALSE,SYR,TRUE,FALSE,0,,,,,,0
LBN,2015,0.615873,12,43,SAU,FALSE,97,Lebanon,2014,FALSE,SAU,TRUE,FALSE,0,,,,,,0
LBN,2016,0.8230820999999999,8,39,SAU,FALSE,97,Lebanon,2015,FALSE,SAU,TRUE,FALSE,0,,,,,,0
LBN,2017,0.6964378,10,33,ARE,FALSE,97,Lebanon,2016,FALSE,SAU,TRUE,FALSE,0,,,,,,0
LBN,2018,0.45785319999999996,11,22,ARE,FALSE,97,Lebanon,2017,FALSE,ARE,TRUE,FALSE,0,,,,,,0
LBN,2019,0.7559776,9,31,CHE,FALSE,97,Lebanon,2018,FALSE,ARE,TRUE,FALSE,0,,,,,,0
LBN,2020,0.4431746,4,23,CHE,FALSE,97,Lebanon,2019,FALSE,CHE,TRUE,FALSE,0,,,,,,0
LBN,2021,0.44308830000000005,4,19,ARE,FALSE,97,Lebanon,2020,FALSE,CHE,TRUE,FALSE,0,,,,,,0
LBN,2022,0.22115890000000005,4,15,ARE,FALSE,97,Lebanon,2021,FALSE,ARE,TRUE,FALSE,0,,,,,,0
LBN,2023,0.05889069999999996,,,,,97,Lebanon,2022,FALSE,ARE,TRUE,FALSE,0,,,,,,
LBR,1991,0.039763099999999996,4,,ESP,FALSE,98,Liberia,,,,FALSE,FALSE,0,,,,,,0
LBR,1992,0.2954847,7,40,ESP,FALSE,98,Liberia,1991,FALSE,ESP,TRUE,FALSE,0,,,,,,0
LBR,1995,1.1212082,7,30,BLX,FALSE,98,Liberia,1992,FALSE,ESP,TRUE,FALSE,0,,,,,,0
LBR,1996,0.6942048,8,,BLX,FALSE,98,Liberia,1995,FALSE,BLX,TRUE,FALSE,0,,,,,,0
LBR,1997,0.7299337,10,30,NOR,FALSE,98,Liberia,1996,FALSE,BLX,TRUE,FALSE,0,,,,,,0
LBR,2004,0.4315007,4,10,DNK,FALSE,98,Liberia,1997,FALSE,NOR,TRUE,FALSE,0,,,,,,0
LBR,2005,0.30221180000000003,5,11,BEL,FALSE,98,Liberia,2004,FALSE,DNK,TRUE,FALSE,0,,,,,,0
LBR,2006,0.46766810000000003,4,34,DEU,FALSE,98,Liberia,2005,FALSE,BEL,TRUE,FALSE,0,,,,,,0
LBR,2007,0.39107250000000005,4,19,MYS,FALSE,98,Liberia,2006,FALSE,DEU,TRUE,FALSE,0,,,,,,0
LBR,2008,0.520598,2,23,IND,FALSE,98,Liberia,2007,FALSE,MYS,TRUE,FALSE,0,,,,,,0
LBR,2009,0.4899333,5,20,DEU,FALSE,98,Liberia,2008,FALSE,IND,TRUE,FALSE,0,,,,,,0
LBR,2010,0.5293849,2,13,POL,FALSE,98,Liberia,2009,FALSE,DEU,TRUE,FALSE,0,,,,,,0
LBR,2011,0.467275,1,8,USA,FALSE,98,Liberia,2010,FALSE,POL,TRUE,FALSE,0,,,,,,0
LBR,2012,0.6865036,4,1,CHN,TRUE,98,Liberia,2011,FALSE,USA,TRUE,TRUE,1,2012,2011,FALSE,USA,TRUE,1
LBR,2013,0.1969705,5,2,POL,FALSE,98,Liberia,2012,TRUE,CHN,TRUE,FALSE,1,2012,2011,FALSE,USA,TRUE,0
LBR,2014,0.7257624,6,1,CHN,TRUE,98,Liberia,2013,FALSE,POL,TRUE,TRUE,2,2014,2013,FALSE,POL,TRUE,1
LBR,2015,0.15673567,8,4,CIV,FALSE,98,Liberia,2014,TRUE,CHN,TRUE,FALSE,2,2014,2013,FALSE,POL,TRUE,0
LBR,2016,0.17068090000000002,8,7,POL,FALSE,98,Liberia,2015,FALSE,CIV,TRUE,FALSE,2,2014,2013,FALSE,POL,TRUE,0
LBR,2017,0.12402499999999997,4,10,DEU,FALSE,98,Liberia,2016,FALSE,POL,TRUE,FALSE,2,2014,2013,FALSE,POL,TRUE,0
LBR,2018,0.6775486,8,5,CHE,FALSE,98,Liberia,2017,FALSE,DEU,TRUE,FALSE,2,2014,2013,FALSE,POL,TRUE,0
LBR,2019,0.7277392,9,4,POL,FALSE,98,Liberia,2018,FALSE,CHE,TRUE,FALSE,2,2014,2013,FALSE,POL,TRUE,0
LBR,2020,0.8316536000000001,8,5,FRA,FALSE,98,Liberia,2019,FALSE,POL,TRUE,FALSE,2,2014,2013,FALSE,POL,TRUE,0
LBR,2021,0.596894,7,18,CHE,FALSE,98,Liberia,2020,FALSE,FRA,TRUE,FALSE,2,2014,2013,FALSE,POL,TRUE,0
LBR,2022,2.249092,7,21,CHE,FALSE,98,Liberia,2021,FALSE,CHE,TRUE,FALSE,2,2014,2013,FALSE,POL,TRUE,0
LBR,2023,1.4154202,,,,,98,Liberia,2022,FALSE,CHE,TRUE,FALSE,2,2014,2013,FALSE,POL,TRUE,
LBY,1990,0.5902039,,,DEU,FALSE,99,Libya,,,,FALSE,FALSE,0,,,,,,0
LBY,1991,0.6211211000000001,,,DEU,FALSE,99,Libya,1990,FALSE,DEU,TRUE,FALSE,0,,,,,,0
LBY,1992,0.5859266000000001,,6,DEU,FALSE,99,Libya,1991,FALSE,DEU,TRUE,FALSE,0,,,,,,0
LBY,1993,0.21811599999999998,,7,DEU,FALSE,99,Libya,1992,FALSE,DEU,TRUE,FALSE,0,,,,,,0
LBY,1994,0.14062400000000008,,29,ITA,FALSE,99,Libya,1993,FALSE,DEU,TRUE,FALSE,0,,,,,,0
LBY,1995,0.588597,,15,ITA,FALSE,99,Libya,1994,FALSE,ITA,TRUE,FALSE,0,,,,,,0
LBY,1996,0.5358350000000001,,15,ITA,FALSE,99,Libya,1995,FALSE,ITA,TRUE,FALSE,0,,,,,,0
LBY,1997,0.846352,,19,ITA,FALSE,99,Libya,1996,FALSE,ITA,TRUE,FALSE,0,,,,,,0
LBY,1998,1.2582229,,14,ITA,FALSE,99,Libya,1997,FALSE,ITA,TRUE,FALSE,0,,,,,,0
LBY,1999,0.7954996,,18,ITA,FALSE,99,Libya,1998,FALSE,ITA,TRUE,FALSE,0,,,,,,0
LBY,2000,1.0392763999999999,,18,ITA,FALSE,99,Libya,1999,FALSE,ITA,TRUE,FALSE,0,,,,,,0
LBY,2001,1.1840487,,15,ITA,FALSE,99,Libya,2000,FALSE,ITA,TRUE,FALSE,0,,,,,,0
LBY,2002,1.1499824,,40,ITA,FALSE,99,Libya,2001,FALSE,ITA,TRUE,FALSE,0,,,,,,0
LBY,2003,0.6481288000000001,,19,ITA,FALSE,99,Libya,2002,FALSE,ITA,TRUE,FALSE,0,,,,,,0
LBY,2004,0.4925649999999999,11,8,ITA,FALSE,99,Libya,2003,FALSE,ITA,TRUE,FALSE,0,,,,,,0
LBY,2005,0.5103586,5,7,ITA,FALSE,99,Libya,2004,FALSE,ITA,TRUE,FALSE,0,,,,,,0
LBY,2006,0.6397628999999999,4,6,ITA,FALSE,99,Libya,2005,FALSE,ITA,TRUE,FALSE,0,,,,,,0
LBY,2007,0.91894,4,6,ITA,FALSE,99,Libya,2006,FALSE,ITA,TRUE,FALSE,0,,,,,,0
LBY,2008,0.9321119,5,8,ITA,FALSE,99,Libya,2007,FALSE,ITA,TRUE,FALSE,0,,,,,,0
LBY,2009,0.6849976999999999,6,3,ITA,FALSE,99,Libya,2008,FALSE,ITA,TRUE,FALSE,0,,,,,,0
LBY,2010,0.4973112999999999,6,3,ITA,FALSE,99,Libya,2009,FALSE,ITA,TRUE,FALSE,0,,,,,,0
LBY,2011,0.1962927,7,4,ITA,FALSE,99,Libya,2010,FALSE,ITA,TRUE,FALSE,0,,,,,,0
LBY,2012,0.1445172,7,3,ITA,FALSE,99,Libya,2011,FALSE,ITA,TRUE,FALSE,0,,,,,,0
LBY,2013,0.2627796,4,7,ITA,FALSE,99,Libya,2012,FALSE,ITA,TRUE,FALSE,0,,,,,,0
LBY,2014,0.2473955,15,11,ITA,FALSE,99,Libya,2013,FALSE,ITA,TRUE,FALSE,0,,,,,,0
LBY,2015,0.5644042,11,4,ITA,FALSE,99,Libya,2014,FALSE,ITA,TRUE,FALSE,0,,,,,,0
LBY,2016,0.41016549999999996,11,7,ARE,FALSE,99,Libya,2015,FALSE,ITA,TRUE,FALSE,0,,,,,,0
LBY,2017,0.4601122,6,7,ITA,FALSE,99,Libya,2016,FALSE,ARE,TRUE,FALSE,0,,,,,,0
LBY,2018,0.08267709999999995,6,2,ITA,FALSE,99,Libya,2017,FALSE,ITA,TRUE,FALSE,0,,,,,,0
LBY,2019,0.44623290000000004,6,2,ITA,FALSE,99,Libya,2018,FALSE,ITA,TRUE,FALSE,0,,,,,,0
LBY,2020,0.049528100000000075,9,5,ITA,FALSE,99,Libya,2019,FALSE,ITA,TRUE,FALSE,0,,,,,,0
LBY,2021,0.4058711,5,4,ITA,FALSE,99,Libya,2020,FALSE,ITA,TRUE,FALSE,0,,,,,,0
LBY,2022,0.2718726,7,4,ITA,FALSE,99,Libya,2021,FALSE,ITA,TRUE,FALSE,0,,,,,,0
LBY,2023,0.01621500000000009,,,,,99,Libya,2022,FALSE,ITA,TRUE,FALSE,0,,,,,,
LCA,1990,0.032402200000000006,8,,GBR,FALSE,100,St. Lucia,,,,FALSE,FALSE,0,,,,,,0
LCA,1991,0.16895079999999998,2,,GBR,FALSE,100,St. Lucia,1990,FALSE,GBR,TRUE,FALSE,0,,,,,,0
LCA,1992,0.8510531,2,42,GBR,FALSE,100,St. Lucia,1991,FALSE,GBR,TRUE,FALSE,0,,,,,,0
LCA,1993,1.2236014000000002,2,,GBR,FALSE,100,St. Lucia,1992,FALSE,GBR,TRUE,FALSE,0,,,,,,0
LCA,1994,1.3883287,2,47,GBR,FALSE,100,St. Lucia,1993,FALSE,GBR,TRUE,FALSE,0,,,,,,0
LCA,1995,1.3276108,2,50,GBR,FALSE,100,St. Lucia,1994,FALSE,GBR,TRUE,FALSE,0,,,,,,0
LCA,1996,1.0612751,2,,GBR,FALSE,100,St. Lucia,1995,FALSE,GBR,TRUE,FALSE,0,,,,,,0
LCA,1997,0.5256642,2,,GBR,FALSE,100,St. Lucia,1996,FALSE,GBR,TRUE,FALSE,0,,,,,,0
LCA,1998,0.1693923,2,54,GBR,FALSE,100,St. Lucia,1997,FALSE,GBR,TRUE,FALSE,0,,,,,,0
LCA,1999,0.17206830000000006,2,43,GBR,FALSE,100,St. Lucia,1998,FALSE,GBR,TRUE,FALSE,0,,,,,,0
LCA,2000,0.010851999999999973,2,22,GBR,FALSE,100,St. Lucia,1999,FALSE,GBR,TRUE,FALSE,0,,,,,,0
LCA,2001,0.22525030000000001,1,19,USA,FALSE,100,St. Lucia,2000,FALSE,GBR,TRUE,FALSE,0,,,,,,0
LCA,2002,0.34196650000000006,2,55,GBR,FALSE,100,St. Lucia,2001,FALSE,USA,TRUE,FALSE,0,,,,,,0
LCA,2003,0.14216950000000006,2,31,GBR,FALSE,100,St. Lucia,2002,FALSE,GBR,TRUE,FALSE,0,,,,,,0
LCA,2004,0.2624139,2,56,GBR,FALSE,100,St. Lucia,2003,FALSE,GBR,TRUE,FALSE,0,,,,,,0
LCA,2005,0.020637899999999987,3,2,FRA,FALSE,100,St. Lucia,2004,FALSE,GBR,TRUE,FALSE,0,,,,,,0
LCA,2006,0.029038499999999967,3,31,FRA,FALSE,100,St. Lucia,2005,FALSE,FRA,TRUE,FALSE,0,,,,,,0
LCA,2007,0.12364850000000005,2,38,FRA,FALSE,100,St. Lucia,2006,FALSE,FRA,TRUE,FALSE,0,,,,,,0
LCA,2008,0.415752,2,25,TTO,FALSE,100,St. Lucia,2007,FALSE,FRA,TRUE,FALSE,0,,,,,,0
LCA,2009,0.3555664,1,26,USA,FALSE,100,St. Lucia,2008,FALSE,TTO,TRUE,FALSE,0,,,,,,0
LCA,2010,0.47717880000000007,1,19,USA,FALSE,100,St. Lucia,2009,FALSE,USA,TRUE,FALSE,0,,,,,,0
LCA,2011,0.5085705,3,21,GBR,FALSE,100,St. Lucia,2010,FALSE,USA,TRUE,FALSE,0,,,,,,0
LCA,2012,0.21466850000000004,3,16,TTO,FALSE,100,St. Lucia,2011,FALSE,GBR,TRUE,FALSE,0,,,,,,0
LCA,2013,0.15135330000000002,4,34,DOM,FALSE,100,St. Lucia,2012,FALSE,TTO,TRUE,FALSE,0,,,,,,0
LCA,2014,0.11750020000000005,2,19,SUR,FALSE,100,St. Lucia,2013,FALSE,DOM,TRUE,FALSE,0,,,,,,0
LCA,2015,0.47725799999999996,2,16,SUR,FALSE,100,St. Lucia,2014,FALSE,SUR,TRUE,FALSE,0,,,,,,0
LCA,2016,0.030164499999999983,4,24,SUR,FALSE,100,St. Lucia,2015,FALSE,SUR,TRUE,FALSE,0,,,,,,0
LCA,2017,0.15081899999999998,2,19,SUR,FALSE,100,St. Lucia,2016,FALSE,SUR,TRUE,FALSE,0,,,,,,0
LCA,2018,0.006022599999999989,1,26,USA,FALSE,100,St. Lucia,2017,FALSE,SUR,TRUE,FALSE,0,,,,,,0
LCA,2019,0.11330800000000002,2,23,SUR,FALSE,100,St. Lucia,2018,FALSE,USA,TRUE,FALSE,0,,,,,,0
LCA,2020,0.16217070000000006,2,34,SUR,FALSE,100,St. Lucia,2019,FALSE,SUR,TRUE,FALSE,0,,,,,,0
LCA,2021,0.19697170000000003,2,21,GUY,FALSE,100,St. Lucia,2020,FALSE,SUR,TRUE,FALSE,0,,,,,,0
LCA,2022,0.6609537999999999,2,30,GUY,FALSE,100,St. Lucia,2021,FALSE,GUY,TRUE,FALSE,0,,,,,,0
LCA,2023,0.3474627,,,,,100,St. Lucia,2022,FALSE,GUY,TRUE,FALSE,0,,,,,,
LKA,1990,0.4142941,1,51,USA,FALSE,101,Sri Lanka,,,,FALSE,FALSE,0,,,,,,0
LKA,1991,0.6474230000000001,1,45,USA,FALSE,101,Sri Lanka,1990,FALSE,USA,TRUE,FALSE,0,,,,,,0
LKA,1992,0.27834059999999994,1,40,USA,FALSE,101,Sri Lanka,1991,FALSE,USA,TRUE,FALSE,0,,,,,,0
LKA,1993,0.5372160000000001,1,37,USA,FALSE,101,Sri Lanka,1992,FALSE,USA,TRUE,FALSE,0,,,,,,0
LKA,1994,0.505374,1,50,USA,FALSE,101,Sri Lanka,1993,FALSE,USA,TRUE,FALSE,0,,,,,,0
LKA,1995,0.443562,1,60,USA,FALSE,101,Sri Lanka,1994,FALSE,USA,TRUE,FALSE,0,,,,,,0
LKA,1996,0.3812425999999999,1,57,USA,FALSE,101,Sri Lanka,1995,FALSE,USA,TRUE,FALSE,0,,,,,,0
LKA,1997,0.3135918000000001,1,60,USA,FALSE,101,Sri Lanka,1996,FALSE,USA,TRUE,FALSE,0,,,,,,0
LKA,1998,0.3382707,1,61,USA,FALSE,101,Sri Lanka,1997,FALSE,USA,TRUE,FALSE,0,,,,,,0
LKA,1999,0.18153229999999998,1,44,USA,FALSE,101,Sri Lanka,1998,FALSE,USA,TRUE,FALSE,0,,,,,,0
LKA,2000,0.12810959999999993,1,37,USA,FALSE,101,Sri Lanka,1999,FALSE,USA,TRUE,FALSE,0,,,,,,0
LKA,2001,0.16214099999999998,1,41,USA,FALSE,101,Sri Lanka,2000,FALSE,USA,TRUE,FALSE,0,,,,,,0
LKA,2002,0.2386062,1,27,USA,FALSE,101,Sri Lanka,2001,FALSE,USA,TRUE,FALSE,0,,,,,,0
LKA,2003,0.34627600000000003,1,27,USA,FALSE,101,Sri Lanka,2002,FALSE,USA,TRUE,FALSE,0,,,,,,0
LKA,2004,0.12807460000000004,1,28,USA,FALSE,101,Sri Lanka,2003,FALSE,USA,TRUE,FALSE,0,,,,,,0
LKA,2005,0.22435280000000002,1,23,USA,FALSE,101,Sri Lanka,2004,FALSE,USA,TRUE,FALSE,0,,,,,,0
LKA,2006,0.1677674,1,26,USA,FALSE,101,Sri Lanka,2005,FALSE,USA,TRUE,FALSE,0,,,,,,0
LKA,2007,0.0561391,1,27,USA,FALSE,101,Sri Lanka,2006,FALSE,USA,TRUE,FALSE,0,,,,,,0
LKA,2008,0.3815849,1,22,USA,FALSE,101,Sri Lanka,2007,FALSE,USA,TRUE,FALSE,0,,,,,,0
LKA,2009,0.35194539999999996,1,16,USA,FALSE,101,Sri Lanka,2008,FALSE,USA,TRUE,FALSE,0,,,,,,0
LKA,2010,0.08179789999999998,1,13,USA,FALSE,101,Sri Lanka,2009,FALSE,USA,TRUE,FALSE,0,,,,,,0
LKA,2011,0.21519719999999998,1,12,USA,FALSE,101,Sri Lanka,2010,FALSE,USA,TRUE,FALSE,0,,,,,,0
LKA,2012,0.002720399999999956,1,12,USA,FALSE,101,Sri Lanka,2011,FALSE,USA,TRUE,FALSE,0,,,,,,0
LKA,2013,0.5755872,1,13,USA,FALSE,101,Sri Lanka,2012,FALSE,USA,TRUE,FALSE,0,,,,,,0
LKA,2014,0.2996346,1,9,USA,FALSE,101,Sri Lanka,2013,FALSE,USA,TRUE,FALSE,0,,,,,,0
LKA,2015,0.4527635,1,6,USA,FALSE,101,Sri Lanka,2014,FALSE,USA,TRUE,FALSE,0,,,,,,0
LKA,2016,0.19234839999999997,1,8,USA,FALSE,101,Sri Lanka,2015,FALSE,USA,TRUE,FALSE,0,,,,,,0
LKA,2017,0.32381260000000006,1,5,USA,FALSE,101,Sri Lanka,2016,FALSE,USA,TRUE,FALSE,0,,,,,,0
LKA,2018,0.06027260000000001,1,7,USA,FALSE,101,Sri Lanka,2017,FALSE,USA,TRUE,FALSE,0,,,,,,0
LKA,2019,0.29186619999999996,1,6,USA,FALSE,101,Sri Lanka,2018,FALSE,USA,TRUE,FALSE,0,,,,,,0
LKA,2020,0.1688890999999999,1,6,USA,FALSE,101,Sri Lanka,2019,FALSE,USA,TRUE,FALSE,0,,,,,,0
LKA,2021,0.7017202,1,5,USA,FALSE,101,Sri Lanka,2020,FALSE,USA,TRUE,FALSE,0,,,,,,0
LKA,2022,0.22678350000000003,1,6,USA,FALSE,101,Sri Lanka,2021,FALSE,USA,TRUE,FALSE,0,,,,,,0
LKA,2023,0.020356800000000064,,,,,101,Sri Lanka,2022,FALSE,USA,TRUE,FALSE,0,,,,,,
LSO,1990,0.039820400000000006,7,,IND,FALSE,102,Lesotho,,,,FALSE,FALSE,0,,,,,,0
LSO,1991,0.013031899999999985,,,IND,FALSE,102,Lesotho,1990,FALSE,IND,TRUE,FALSE,0,,,,,,0
LSO,1992,0.3647657,,,IND,FALSE,102,Lesotho,1991,FALSE,IND,TRUE,FALSE,0,,,,,,0
LSO,1993,0.8894364000000001,,,IND,FALSE,102,Lesotho,1992,FALSE,IND,TRUE,FALSE,0,,,,,,0
LSO,1994,0.5911709999999999,,,GBR,FALSE,102,Lesotho,1993,FALSE,IND,TRUE,FALSE,0,,,,,,0
LSO,1995,1.3638447,,,GIN,FALSE,102,Lesotho,1994,FALSE,GBR,TRUE,FALSE,0,,,,,,0
LSO,1996,0.8906087999999999,,,CHL,FALSE,102,Lesotho,1995,FALSE,GIN,TRUE,FALSE,0,,,,,,0
LSO,1997,0.32043030000000006,,,AUS,FALSE,102,Lesotho,1996,FALSE,CHL,TRUE,FALSE,0,,,,,,0
LSO,1998,0.018680799999999997,,,SAU,FALSE,102,Lesotho,1997,FALSE,AUS,TRUE,FALSE,0,,,,,,0
LSO,1999,0.23643509999999995,,,CHL,FALSE,102,Lesotho,1998,FALSE,SAU,TRUE,FALSE,0,,,,,,0
LSO,2000,0.051756000000000024,1,17,USA,FALSE,102,Lesotho,1999,FALSE,CHL,TRUE,FALSE,0,,,,,,0
LSO,2001,0.021164900000000042,1,7,USA,FALSE,102,Lesotho,2000,FALSE,USA,TRUE,FALSE,0,,,,,,0
LSO,2002,0.009481800000000096,1,,USA,FALSE,102,Lesotho,2001,FALSE,USA,TRUE,FALSE,0,,,,,,0
LSO,2003,0.25405259999999996,1,40,USA,FALSE,102,Lesotho,2002,FALSE,USA,TRUE,FALSE,0,,,,,,0
LSO,2004,0.26229840000000004,1,54,USA,FALSE,102,Lesotho,2003,FALSE,USA,TRUE,FALSE,0,,,,,,0
LSO,2005,0.18488320000000003,1,13,USA,FALSE,102,Lesotho,2004,FALSE,USA,TRUE,FALSE,0,,,,,,0
LSO,2006,0.27677830000000003,1,12,USA,FALSE,102,Lesotho,2005,FALSE,USA,TRUE,FALSE,0,,,,,,0
LSO,2007,0.10090460000000001,1,11,USA,FALSE,102,Lesotho,2006,FALSE,USA,TRUE,FALSE,0,,,,,,0
LSO,2008,0.11066799999999999,1,8,USA,FALSE,102,Lesotho,2007,FALSE,USA,TRUE,FALSE,0,,,,,,0
LSO,2009,0.144799,1,7,USA,FALSE,102,Lesotho,2008,FALSE,USA,TRUE,FALSE,0,,,,,,0
LSO,2010,0.2341506000000001,1,6,USA,FALSE,102,Lesotho,2009,FALSE,USA,TRUE,FALSE,0,,,,,,0
LSO,2011,0.005212500000000064,1,6,USA,FALSE,102,Lesotho,2010,FALSE,USA,TRUE,FALSE,0,,,,,,0
LSO,2012,0.3395954,1,7,USA,FALSE,102,Lesotho,2011,FALSE,USA,TRUE,FALSE,0,,,,,,0
LSO,2013,0.20428820000000003,1,4,USA,FALSE,102,Lesotho,2012,FALSE,USA,TRUE,FALSE,0,,,,,,0
LSO,2014,0.04988239999999999,2,4,BEL,FALSE,102,Lesotho,2013,FALSE,USA,TRUE,FALSE,0,,,,,,0
LSO,2015,0.2885656,2,5,BEL,FALSE,102,Lesotho,2014,FALSE,BEL,TRUE,FALSE,0,,,,,,0
LSO,2016,0.29089889999999996,1,5,USA,FALSE,102,Lesotho,2015,FALSE,BEL,TRUE,FALSE,0,,,,,,0
LSO,2017,0.37314430000000004,1,6,USA,FALSE,102,Lesotho,2016,FALSE,USA,TRUE,FALSE,0,,,,,,0
LSO,2018,0.1184174,1,5,USA,FALSE,102,Lesotho,2017,FALSE,USA,TRUE,FALSE,0,,,,,,0
LSO,2019,0.05544260000000001,1,7,USA,FALSE,102,Lesotho,2018,FALSE,USA,TRUE,FALSE,0,,,,,,0
LSO,2020,0.29776280000000005,1,6,USA,FALSE,102,Lesotho,2019,FALSE,USA,TRUE,FALSE,0,,,,,,0
LSO,2021,0.06363730000000001,1,6,USA,FALSE,102,Lesotho,2020,FALSE,USA,TRUE,FALSE,0,,,,,,0
LSO,2022,0.7194484999999999,1,6,USA,FALSE,102,Lesotho,2021,FALSE,USA,TRUE,FALSE,0,,,,,,0
LSO,2023,0.2370137,,,,,102,Lesotho,2022,FALSE,USA,TRUE,FALSE,0,,,,,,
LTU,1991,1.4197180999999999,,,,,103,Lithuania,,,,FALSE,FALSE,0,,,,,,
LTU,1992,1.8885794,10,9,DEU,FALSE,103,Lithuania,1991,,,FALSE,FALSE,0,,,,,,0
LTU,1993,2.581881,13,11,DEU,FALSE,103,Lithuania,1992,FALSE,DEU,TRUE,FALSE,0,,,,,,0
LTU,1994,2.996908,18,30,RUS,FALSE,103,Lithuania,1993,FALSE,DEU,TRUE,FALSE,0,,,,,,0
LTU,1995,2.783747,19,61,RUS,FALSE,103,Lithuania,1994,FALSE,RUS,TRUE,FALSE,0,,,,,,0
LTU,1996,2.782669,16,72,DEU,FALSE,103,Lithuania,1995,FALSE,RUS,TRUE,FALSE,0,,,,,,0
LTU,1997,2.59283,14,38,RUS,FALSE,103,Lithuania,1996,FALSE,DEU,TRUE,FALSE,0,,,,,,0
LTU,1998,1.6364581,10,58,DEU,FALSE,103,Lithuania,1997,FALSE,RUS,TRUE,FALSE,0,,,,,,0
LTU,1999,1.8344424,10,61,DEU,FALSE,103,Lithuania,1998,FALSE,DEU,TRUE,FALSE,0,,,,,,0
LTU,2000,1.9238536,8,34,DEU,FALSE,103,Lithuania,1999,FALSE,DEU,TRUE,FALSE,0,,,,,,0
LTU,2001,1.7080223,9,38,DEU,FALSE,103,Lithuania,2000,FALSE,DEU,TRUE,FALSE,0,,,,,,0
LTU,2002,1.6588436,4,32,DEU,FALSE,103,Lithuania,2001,FALSE,DEU,TRUE,FALSE,0,,,,,,0
LTU,2003,2.1524012,8,32,CHE,FALSE,103,Lithuania,2002,FALSE,DEU,TRUE,FALSE,0,,,,,,0
LTU,2004,1.8166982,5,33,LVA,FALSE,103,Lithuania,2003,FALSE,CHE,TRUE,FALSE,0,,,,,,0
LTU,2005,1.7420664000000001,5,42,LVA,FALSE,103,Lithuania,2004,FALSE,LVA,TRUE,FALSE,0,,,,,,0
LTU,2006,1.8546211000000001,7,42,LVA,FALSE,103,Lithuania,2005,FALSE,LVA,TRUE,FALSE,0,,,,,,0
LTU,2007,1.64432,11,50,LVA,FALSE,103,Lithuania,2006,FALSE,LVA,TRUE,FALSE,0,,,,,,0
LTU,2008,1.6319328,9,51,LVA,FALSE,103,Lithuania,2007,FALSE,LVA,TRUE,FALSE,0,,,,,,0
LTU,2009,1.6927553,8,37,LVA,FALSE,103,Lithuania,2008,FALSE,LVA,TRUE,FALSE,0,,,,,,0
LTU,2010,1.9470307,10,38,DEU,FALSE,103,Lithuania,2009,FALSE,LVA,TRUE,FALSE,0,,,,,,0
LTU,2011,1.7903630000000001,8,28,LVA,FALSE,103,Lithuania,2010,FALSE,DEU,TRUE,FALSE,0,,,,,,0
LTU,2012,1.8997766999999999,7,31,LVA,FALSE,103,Lithuania,2011,FALSE,LVA,TRUE,FALSE,0,,,,,,0
LTU,2013,1.5205358,4,30,LVA,FALSE,103,Lithuania,2012,FALSE,LVA,TRUE,FALSE,0,,,,,,0
LTU,2014,1.8910494,8,23,BLR,FALSE,103,Lithuania,2013,FALSE,LVA,TRUE,FALSE,0,,,,,,0
LTU,2015,1.3998902,4,25,LVA,FALSE,103,Lithuania,2014,FALSE,BLR,TRUE,FALSE,0,,,,,,0
LTU,2016,1.6711169,3,26,LVA,FALSE,103,Lithuania,2015,FALSE,LVA,TRUE,FALSE,0,,,,,,0
LTU,2017,1.4708972,4,23,LVA,FALSE,103,Lithuania,2016,FALSE,LVA,TRUE,FALSE,0,,,,,,0
LTU,2018,1.7133936,5,23,LVA,FALSE,103,Lithuania,2017,FALSE,LVA,TRUE,FALSE,0,,,,,,0
LTU,2019,1.5865404,7,19,LVA,FALSE,103,Lithuania,2018,FALSE,LVA,TRUE,FALSE,0,,,,,,0
LTU,2020,1.8199784,5,17,LVA,FALSE,103,Lithuania,2019,FALSE,LVA,TRUE,FALSE,0,,,,,,0
LTU,2021,1.5001981,5,21,LVA,FALSE,103,Lithuania,2020,FALSE,LVA,TRUE,FALSE,0,,,,,,0
LTU,2022,2.4513879999999997,5,44,LVA,FALSE,103,Lithuania,2021,FALSE,LVA,TRUE,FALSE,0,,,,,,0
LTU,2023,2.2089107,,,,,103,Lithuania,2022,FALSE,LVA,TRUE,FALSE,0,,,,,,
LUX,1990,2.036782,,,,,104,Luxembourg,,,,FALSE,FALSE,0,,,,,,
LUX,1991,1.9794421,,,,,104,Luxembourg,1990,,,FALSE,FALSE,0,,,,,,
LUX,1992,2.3524064,,,,,104,Luxembourg,1991,,,FALSE,FALSE,0,,,,,,
LUX,1993,3.0844820000000004,,,,,104,Luxembourg,1992,,,FALSE,FALSE,0,,,,,,
LUX,1994,3.283536,,,,,104,Luxembourg,1993,,,FALSE,FALSE,0,,,,,,
LUX,1995,2.836442,,,,,104,Luxembourg,1994,,,FALSE,FALSE,0,,,,,,
LUX,1996,2.889787,,,,,104,Luxembourg,1995,,,FALSE,FALSE,0,,,,,,
LUX,1997,2.76615,,,,,104,Luxembourg,1996,,,FALSE,FALSE,0,,,,,,
LUX,1998,1.7144461,,,,,104,Luxembourg,1997,,,FALSE,FALSE,0,,,,,,
LUX,1999,1.9133934,6,15,FRA,FALSE,104,Luxembourg,1998,,,FALSE,FALSE,0,,,,,,0
LUX,2000,1.9943876,5,14,FRA,FALSE,104,Luxembourg,1999,FALSE,FRA,TRUE,FALSE,0,,,,,,0
LUX,2001,1.7729083,7,15,DEU,FALSE,104,Luxembourg,2000,FALSE,FRA,TRUE,FALSE,0,,,,,,0
LUX,2002,1.6709866,7,16,DEU,FALSE,104,Luxembourg,2001,FALSE,DEU,TRUE,FALSE,0,,,,,,0
LUX,2003,2.1585752,10,16,DEU,FALSE,104,Luxembourg,2002,FALSE,DEU,TRUE,FALSE,0,,,,,,0
LUX,2004,1.8170612,10,18,DEU,FALSE,104,Luxembourg,2003,FALSE,DEU,TRUE,FALSE,0,,,,,,0
LUX,2005,1.7378254,9,17,DEU,FALSE,104,Luxembourg,2004,FALSE,DEU,TRUE,FALSE,0,,,,,,0
LUX,2006,1.8662760999999999,8,13,DEU,FALSE,104,Luxembourg,2005,FALSE,DEU,TRUE,FALSE,0,,,,,,0
LUX,2007,1.623872,9,16,DEU,FALSE,104,Luxembourg,2006,FALSE,DEU,TRUE,FALSE,0,,,,,,0
LUX,2008,1.6327538000000001,9,14,DEU,FALSE,104,Luxembourg,2007,FALSE,DEU,TRUE,FALSE,0,,,,,,0
LUX,2009,1.5689719,9,13,DEU,FALSE,104,Luxembourg,2008,FALSE,DEU,TRUE,FALSE,0,,,,,,0
LUX,2010,1.7474632,8,11,DEU,FALSE,104,Luxembourg,2009,FALSE,DEU,TRUE,FALSE,0,,,,,,0
LUX,2011,1.6654002,8,12,DEU,FALSE,104,Luxembourg,2010,FALSE,DEU,TRUE,FALSE,0,,,,,,0
LUX,2012,1.7326953999999999,7,13,DEU,FALSE,104,Luxembourg,2011,FALSE,DEU,TRUE,FALSE,0,,,,,,0
LUX,2013,1.4548483,7,14,DEU,FALSE,104,Luxembourg,2012,FALSE,DEU,TRUE,FALSE,0,,,,,,0
LUX,2014,1.7649219,9,14,DEU,FALSE,104,Luxembourg,2013,FALSE,DEU,TRUE,FALSE,0,,,,,,0
LUX,2015,1.2753691999999999,7,10,DEU,FALSE,104,Luxembourg,2014,FALSE,DEU,TRUE,FALSE,0,,,,,,0
LUX,2016,1.4890719000000001,8,9,DEU,FALSE,104,Luxembourg,2015,FALSE,DEU,TRUE,FALSE,0,,,,,,0
LUX,2017,1.4354472,9,13,DEU,FALSE,104,Luxembourg,2016,FALSE,DEU,TRUE,FALSE,0,,,,,,0
LUX,2018,1.4809303,9,12,DEU,FALSE,104,Luxembourg,2017,FALSE,DEU,TRUE,FALSE,0,,,,,,0
LUX,2019,1.4314184,8,13,DEU,FALSE,104,Luxembourg,2018,FALSE,DEU,TRUE,FALSE,0,,,,,,0
LUX,2020,1.6218143999999999,8,12,DEU,FALSE,104,Luxembourg,2019,FALSE,DEU,TRUE,FALSE,0,,,,,,0
LUX,2021,1.3811921,8,12,DEU,FALSE,104,Luxembourg,2020,FALSE,DEU,TRUE,FALSE,0,,,,,,0
LUX,2022,2.186718,8,12,DEU,FALSE,104,Luxembourg,2021,FALSE,DEU,TRUE,FALSE,0,,,,,,0
LUX,2023,1.9681096999999999,,,,,104,Luxembourg,2022,FALSE,DEU,TRUE,FALSE,0,,,,,,
LVA,1991,1.5985611,,,,,105,Latvia,,,,FALSE,FALSE,0,,,,,,
LVA,1992,1.9993554,6,12,DEU,FALSE,105,Latvia,1991,,,FALSE,FALSE,0,,,,,,0
LVA,1993,2.5613609999999998,7,9,DEU,FALSE,105,Latvia,1992,FALSE,DEU,TRUE,FALSE,0,,,,,,0
LVA,1994,3.0365510000000002,8,12,GBR,FALSE,105,Latvia,1993,FALSE,DEU,TRUE,FALSE,0,,,,,,0
LVA,1995,3.402556,9,20,SWE,FALSE,105,Latvia,1994,FALSE,GBR,TRUE,FALSE,0,,,,,,0
LVA,1996,2.704167,16,30,GBR,FALSE,105,Latvia,1995,FALSE,SWE,TRUE,FALSE,0,,,,,,0
LVA,1997,2.6212660000000003,12,39,GBR,FALSE,105,Latvia,1996,FALSE,GBR,TRUE,FALSE,0,,,,,,0
LVA,1998,1.6451091,9,29,GBR,FALSE,105,Latvia,1997,FALSE,GBR,TRUE,FALSE,0,,,,,,0
LVA,1999,1.8053634,7,24,GBR,FALSE,105,Latvia,1998,FALSE,GBR,TRUE,FALSE,0,,,,,,0
LVA,2000,1.9415626000000001,5,48,GBR,FALSE,105,Latvia,1999,FALSE,GBR,TRUE,FALSE,0,,,,,,0
LVA,2001,1.7515782999999998,7,39,GBR,FALSE,105,Latvia,2000,FALSE,GBR,TRUE,FALSE,0,,,,,,0
LVA,2002,1.6593806,4,36,GBR,FALSE,105,Latvia,2001,FALSE,GBR,TRUE,FALSE,0,,,,,,0
LVA,2003,2.0645442000000003,4,25,GBR,FALSE,105,Latvia,2002,FALSE,GBR,TRUE,FALSE,0,,,,,,0
LVA,2004,1.998843,5,38,GBR,FALSE,105,Latvia,2003,FALSE,GBR,TRUE,FALSE,0,,,,,,0
LVA,2005,1.8719834,6,40,GBR,FALSE,105,Latvia,2004,FALSE,GBR,TRUE,FALSE,0,,,,,,0
LVA,2006,1.8781330999999999,8,36,GBR,FALSE,105,Latvia,2005,FALSE,GBR,TRUE,FALSE,0,,,,,,0
LVA,2007,1.657581,7,39,LTU,FALSE,105,Latvia,2006,FALSE,GBR,TRUE,FALSE,0,,,,,,0
LVA,2008,1.6544051,16,58,LTU,FALSE,105,Latvia,2007,FALSE,LTU,TRUE,FALSE,0,,,,,,0
LVA,2009,1.5896089,15,45,LTU,FALSE,105,Latvia,2008,FALSE,LTU,TRUE,FALSE,0,,,,,,0
LVA,2010,1.9541617000000002,12,39,LTU,FALSE,105,Latvia,2009,FALSE,LTU,TRUE,FALSE,0,,,,,,0
LVA,2011,1.7983989999999999,9,31,LTU,FALSE,105,Latvia,2010,FALSE,LTU,TRUE,FALSE,0,,,,,,0
LVA,2012,1.9004207000000002,13,30,LTU,FALSE,105,Latvia,2011,FALSE,LTU,TRUE,FALSE,0,,,,,,0
LVA,2013,1.5300988,13,24,LTU,FALSE,105,Latvia,2012,FALSE,LTU,TRUE,FALSE,0,,,,,,0
LVA,2014,1.8908754,15,19,LTU,FALSE,105,Latvia,2013,FALSE,LTU,TRUE,FALSE,0,,,,,,0
LVA,2015,1.3775502,12,17,LTU,FALSE,105,Latvia,2014,FALSE,LTU,TRUE,FALSE,0,,,,,,0
LVA,2016,1.6326509,10,18,LTU,FALSE,105,Latvia,2015,FALSE,LTU,TRUE,FALSE,0,,,,,,0
LVA,2017,1.4526342,10,17,LTU,FALSE,105,Latvia,2016,FALSE,LTU,TRUE,FALSE,0,,,,,,0
LVA,2018,1.6929396,6,17,LTU,FALSE,105,Latvia,2017,FALSE,LTU,TRUE,FALSE,0,,,,,,0
LVA,2019,1.5356974,5,16,LTU,FALSE,105,Latvia,2018,FALSE,LTU,TRUE,FALSE,0,,,,,,0
LVA,2020,1.7632143999999998,9,16,LTU,FALSE,105,Latvia,2019,FALSE,LTU,TRUE,FALSE,0,,,,,,0
LVA,2021,1.4771111,8,16,LTU,FALSE,105,Latvia,2020,FALSE,LTU,TRUE,FALSE,0,,,,,,0
LVA,2022,2.345435,11,14,LTU,FALSE,105,Latvia,2021,FALSE,LTU,TRUE,FALSE,0,,,,,,0
LVA,2023,2.0731627,,,,,105,Latvia,2022,FALSE,LTU,TRUE,FALSE,0,,,,,,
MAR,1990,0.5773102,27,,DEU,FALSE,106,Morocco,,,,FALSE,FALSE,0,,,,,,0
MAR,1991,0.5588040000000001,6,,DEU,FALSE,106,Morocco,1990,FALSE,DEU,TRUE,FALSE,0,,,,,,0
MAR,1992,0.057139300000000004,6,15,DEU,FALSE,106,Morocco,1991,FALSE,DEU,TRUE,FALSE,0,,,,,,0
MAR,1993,0.5475258000000001,6,25,FRA,FALSE,106,Morocco,1992,FALSE,DEU,TRUE,FALSE,0,,,,,,0
MAR,1994,1.5378534,8,33,FRA,FALSE,106,Morocco,1993,FALSE,FRA,TRUE,FALSE,0,,,,,,0
MAR,1995,1.32572,8,22,FRA,FALSE,106,Morocco,1994,FALSE,FRA,TRUE,FALSE,0,,,,,,0
MAR,1996,0.6246147999999999,8,33,FRA,FALSE,106,Morocco,1995,FALSE,FRA,TRUE,FALSE,0,,,,,,0
MAR,1997,0.4036873000000001,9,23,FRA,FALSE,106,Morocco,1996,FALSE,FRA,TRUE,FALSE,0,,,,,,0
MAR,1998,0.36229720000000004,7,13,FRA,FALSE,106,Morocco,1997,FALSE,FRA,TRUE,FALSE,0,,,,,,0
MAR,1999,0.1492808,6,18,FRA,FALSE,106,Morocco,1998,FALSE,FRA,TRUE,FALSE,0,,,,,,0
MAR,2000,0.22433110000000006,6,20,FRA,FALSE,106,Morocco,1999,FALSE,FRA,TRUE,FALSE,0,,,,,,0
MAR,2001,0.40551079999999995,6,13,FRA,FALSE,106,Morocco,2000,FALSE,FRA,TRUE,FALSE,0,,,,,,0
MAR,2002,0.5459784000000001,6,13,FRA,FALSE,106,Morocco,2001,FALSE,FRA,TRUE,FALSE,0,,,,,,0
MAR,2003,0.20651780000000008,6,13,FRA,FALSE,106,Morocco,2002,FALSE,FRA,TRUE,FALSE,0,,,,,,0
MAR,2004,0.19292299999999996,5,12,FRA,FALSE,106,Morocco,2003,FALSE,FRA,TRUE,FALSE,0,,,,,,0
MAR,2005,0.2855394,6,10,FRA,FALSE,106,Morocco,2004,FALSE,FRA,TRUE,FALSE,0,,,,,,0
MAR,2006,0.18885470000000004,5,10,FRA,FALSE,106,Morocco,2005,FALSE,FRA,TRUE,FALSE,0,,,,,,0
MAR,2007,0.09028939999999996,5,10,ESP,FALSE,106,Morocco,2006,FALSE,FRA,TRUE,FALSE,0,,,,,,0
MAR,2008,0.0067030000000000145,5,13,FRA,FALSE,106,Morocco,2007,FALSE,ESP,TRUE,FALSE,0,,,,,,0
MAR,2009,0.10374070000000002,7,10,FRA,FALSE,106,Morocco,2008,FALSE,FRA,TRUE,FALSE,0,,,,,,0
MAR,2010,0.20151200000000002,4,10,FRA,FALSE,106,Morocco,2009,FALSE,FRA,TRUE,FALSE,0,,,,,,0
MAR,2011,0.16447259999999997,5,11,FRA,FALSE,106,Morocco,2010,FALSE,FRA,TRUE,FALSE,0,,,,,,0
MAR,2012,0.17186409999999996,5,10,FRA,FALSE,106,Morocco,2011,FALSE,FRA,TRUE,FALSE,0,,,,,,0
MAR,2013,0.1982444,4,12,ESP,FALSE,106,Morocco,2012,FALSE,FRA,TRUE,FALSE,0,,,,,,0
MAR,2014,0.1290633,4,12,ESP,FALSE,106,Morocco,2013,FALSE,ESP,TRUE,FALSE,0,,,,,,0
MAR,2015,0.30510329999999997,4,10,ESP,FALSE,106,Morocco,2014,FALSE,ESP,TRUE,FALSE,0,,,,,,0
MAR,2016,0.1975051,3,10,ESP,FALSE,106,Morocco,2015,FALSE,ESP,TRUE,FALSE,0,,,,,,0
MAR,2017,0.005771000000000026,3,10,ESP,FALSE,106,Morocco,2016,FALSE,ESP,TRUE,FALSE,0,,,,,,0
MAR,2018,0.062136899999999995,3,10,ESP,FALSE,106,Morocco,2017,FALSE,ESP,TRUE,FALSE,0,,,,,,0
MAR,2019,0.26376009999999994,3,10,ESP,FALSE,106,Morocco,2018,FALSE,ESP,TRUE,FALSE,0,,,,,,0
MAR,2020,0.047123899999999996,7,11,ESP,FALSE,106,Morocco,2019,FALSE,ESP,TRUE,FALSE,0,,,,,,0
MAR,2021,0.15053860000000002,8,10,ESP,FALSE,106,Morocco,2020,FALSE,ESP,TRUE,FALSE,0,,,,,,0
MAR,2022,0.6223428,6,11,ESP,FALSE,106,Morocco,2021,FALSE,ESP,TRUE,FALSE,0,,,,,,0
MAR,2023,0.3773521,,,,,106,Morocco,2022,FALSE,ESP,TRUE,FALSE,0,,,,,,
MCO,1993,1.2133181,,,GBR,FALSE,107,Monaco,,,,FALSE,FALSE,0,,,,,,0
MCO,1994,3.2942039999999997,,,GBR,FALSE,107,Monaco,1993,FALSE,GBR,TRUE,FALSE,0,,,,,,0
MCO,1995,3.011193,,,GBR,FALSE,107,Monaco,1994,FALSE,GBR,TRUE,FALSE,0,,,,,,0
MCO,1996,2.768504,,,GBR,FALSE,107,Monaco,1995,FALSE,GBR,TRUE,FALSE,0,,,,,,0
MCO,1997,2.5026640000000002,,,GBR,FALSE,107,Monaco,1996,FALSE,GBR,TRUE,FALSE,0,,,,,,0
MCO,1998,1.8523281,,,CMR,FALSE,107,Monaco,1997,FALSE,GBR,TRUE,FALSE,0,,,,,,0
MCO,1999,2.0795724,,,JOR,FALSE,107,Monaco,1998,FALSE,CMR,TRUE,FALSE,0,,,,,,0
MCO,2000,1.9377826,,,HRV,FALSE,107,Monaco,1999,FALSE,JOR,TRUE,FALSE,0,,,,,,0
MCO,2001,1.7301993000000002,,,,,107,Monaco,2000,FALSE,HRV,TRUE,FALSE,0,,,,,,
MCO,2002,1.6824306,,,SLE,FALSE,107,Monaco,2001,,,FALSE,FALSE,0,,,,,,0
MCO,2003,2.0288592000000003,,,,,107,Monaco,2002,FALSE,SLE,TRUE,FALSE,0,,,,,,
MCO,2004,1.7948584,,,ARG,FALSE,107,Monaco,2003,,,FALSE,FALSE,0,,,,,,0
MCO,2005,1.7334944,,,,,107,Monaco,2004,FALSE,ARG,TRUE,FALSE,0,,,,,,
MCO,2006,1.8622321,,,,,107,Monaco,2005,,,FALSE,FALSE,0,,,,,,
MCO,2007,1.5911576,,,,,107,Monaco,2006,,,FALSE,FALSE,0,,,,,,
MCO,2008,1.6124682,,,,,107,Monaco,2007,,,FALSE,FALSE,0,,,,,,
MCO,2009,1.5416939,,,,,107,Monaco,2008,,,FALSE,FALSE,0,,,,,,
MCO,2010,1.7604112,,,,,107,Monaco,2009,,,FALSE,FALSE,0,,,,,,
MCO,2011,1.6918205,,,,,107,Monaco,2010,,,FALSE,FALSE,0,,,,,,
MCO,2012,1.7870747,,,,,107,Monaco,2011,,,FALSE,FALSE,0,,,,,,
MCO,2013,1.4401068000000001,,,,,107,Monaco,2012,,,FALSE,FALSE,0,,,,,,
MCO,2014,1.8344032000000001,,,,,107,Monaco,2013,,,FALSE,FALSE,0,,,,,,
MCO,2015,1.3320782,,,,,107,Monaco,2014,,,FALSE,FALSE,0,,,,,,
MCO,2016,1.6367639,,,,,107,Monaco,2015,,,FALSE,FALSE,0,,,,,,
MCO,2017,1.3605277,,,,,107,Monaco,2016,,,FALSE,FALSE,0,,,,,,
MCO,2018,1.5538236,,,,,107,Monaco,2017,,,FALSE,FALSE,0,,,,,,
MCO,2019,1.3830874,,,,,107,Monaco,2018,,,FALSE,FALSE,0,,,,,,
MCO,2020,1.6590124,,,,,107,Monaco,2019,,,FALSE,FALSE,0,,,,,,
MCO,2021,1.3802161,,,,,107,Monaco,2020,,,FALSE,FALSE,0,,,,,,
MCO,2022,2.234887,,,,,107,Monaco,2021,,,FALSE,FALSE,0,,,,,,
MCO,2023,2.0199847,,,,,107,Monaco,2022,,,FALSE,FALSE,0,,,,,,
MDA,1992,1.9108164,12,19,ROU,FALSE,108,Moldova,,,,FALSE,FALSE,0,,,,,,0
MDA,1993,2.667555,14,8,ROU,FALSE,108,Moldova,1992,FALSE,ROU,TRUE,FALSE,0,,,,,,0
MDA,1994,2.936934,14,43,RUS,FALSE,108,Moldova,1993,FALSE,ROU,TRUE,FALSE,0,,,,,,0
MDA,1995,2.685675,5,44,RUS,FALSE,108,Moldova,1994,FALSE,RUS,TRUE,FALSE,0,,,,,,0
MDA,1996,2.4204169999999996,5,37,RUS,FALSE,108,Moldova,1995,FALSE,RUS,TRUE,FALSE,0,,,,,,0
MDA,1997,2.311083,3,36,RUS,FALSE,108,Moldova,1996,FALSE,RUS,TRUE,FALSE,0,,,,,,0
MDA,1998,1.4133481,2,40,RUS,FALSE,108,Moldova,1997,FALSE,RUS,TRUE,FALSE,0,,,,,,0
MDA,1999,1.6469136,2,69,RUS,FALSE,108,Moldova,1998,FALSE,RUS,TRUE,FALSE,0,,,,,,0
MDA,2000,1.643318,2,14,RUS,FALSE,108,Moldova,1999,FALSE,RUS,TRUE,FALSE,0,,,,,,0
MDA,2001,1.4803267,2,10,RUS,FALSE,108,Moldova,2000,FALSE,RUS,TRUE,FALSE,0,,,,,,0
MDA,2002,1.4018061,4,22,RUS,FALSE,108,Moldova,2001,FALSE,RUS,TRUE,FALSE,0,,,,,,0
MDA,2003,1.6688102,6,17,RUS,FALSE,108,Moldova,2002,FALSE,RUS,TRUE,FALSE,0,,,,,,0
MDA,2004,1.5235926000000002,7,71,RUS,FALSE,108,Moldova,2003,FALSE,RUS,TRUE,FALSE,0,,,,,,0
MDA,2005,1.5192373,7,78,RUS,FALSE,108,Moldova,2004,FALSE,RUS,TRUE,FALSE,0,,,,,,0
MDA,2006,1.9063291000000002,7,57,RUS,FALSE,108,Moldova,2005,FALSE,RUS,TRUE,FALSE,0,,,,,,0
MDA,2007,1.5134669,13,54,RUS,FALSE,108,Moldova,2006,FALSE,RUS,TRUE,FALSE,0,,,,,,0
MDA,2008,1.5199981,18,45,RUS,FALSE,108,Moldova,2007,FALSE,RUS,TRUE,FALSE,0,,,,,,0
MDA,2009,1.5601601999999999,13,39,RUS,FALSE,108,Moldova,2008,FALSE,RUS,TRUE,FALSE,0,,,,,,0
MDA,2010,1.7495895,13,31,RUS,FALSE,108,Moldova,2009,FALSE,RUS,TRUE,FALSE,0,,,,,,0
MDA,2011,1.6924104,15,22,RUS,FALSE,108,Moldova,2010,FALSE,RUS,TRUE,FALSE,0,,,,,,0
MDA,2012,1.7928682,13,20,RUS,FALSE,108,Moldova,2011,FALSE,RUS,TRUE,FALSE,0,,,,,,0
MDA,2013,1.4385710999999999,13,23,RUS,FALSE,108,Moldova,2012,FALSE,RUS,TRUE,FALSE,0,,,,,,0
MDA,2014,1.7685222999999999,13,20,ROU,FALSE,108,Moldova,2013,FALSE,RUS,TRUE,FALSE,0,,,,,,0
MDA,2015,1.1324148,11,21,ROU,FALSE,108,Moldova,2014,FALSE,ROU,TRUE,FALSE,0,,,,,,0
MDA,2016,1.3095926,13,18,ROU,FALSE,108,Moldova,2015,FALSE,ROU,TRUE,FALSE,0,,,,,,0
MDA,2017,1.1391867,16,19,ROU,FALSE,108,Moldova,2016,FALSE,ROU,TRUE,FALSE,0,,,,,,0
MDA,2018,1.2574719,13,19,ROU,FALSE,108,Moldova,2017,FALSE,ROU,TRUE,FALSE,0,,,,,,0
MDA,2019,1.0590072,12,18,ROU,FALSE,108,Moldova,2018,FALSE,ROU,TRUE,FALSE,0,,,,,,0
MDA,2020,1.2161478,11,10,ROU,FALSE,108,Moldova,2019,FALSE,ROU,TRUE,FALSE,0,,,,,,0
MDA,2021,0.9705431,13,9,ROU,FALSE,108,Moldova,2020,FALSE,ROU,TRUE,FALSE,0,,,,,,0
MDA,2022,1.9642732999999999,10,12,ROU,FALSE,108,Moldova,2021,FALSE,ROU,TRUE,FALSE,0,,,,,,0
MDA,2023,1.6850605,,,,,108,Moldova,2022,FALSE,ROU,TRUE,FALSE,0,,,,,,
MDG,1990,0.6976263,2,19,FRA,FALSE,109,Madagascar,,,,FALSE,FALSE,0,,,,,,0
MDG,1991,0.44722619999999996,2,22,FRA,FALSE,109,Madagascar,1990,FALSE,FRA,TRUE,FALSE,0,,,,,,0
MDG,1992,0.05551890000000004,2,23,FRA,FALSE,109,Madagascar,1991,FALSE,FRA,TRUE,FALSE,0,,,,,,0
MDG,1993,0.6440992000000001,2,24,FRA,FALSE,109,Madagascar,1992,FALSE,FRA,TRUE,FALSE,0,,,,,,0
MDG,1994,1.1747893,2,28,FRA,FALSE,109,Madagascar,1993,FALSE,FRA,TRUE,FALSE,0,,,,,,0
MDG,1995,0.9376576000000001,2,17,FRA,FALSE,109,Madagascar,1994,FALSE,FRA,TRUE,FALSE,0,,,,,,0
MDG,1996,0.7897641999999999,3,20,FRA,FALSE,109,Madagascar,1995,FALSE,FRA,TRUE,FALSE,0,,,,,,0
MDG,1997,0.8859692,2,18,FRA,FALSE,109,Madagascar,1996,FALSE,FRA,TRUE,FALSE,0,,,,,,0
MDG,1998,0.2007176,2,16,FRA,FALSE,109,Madagascar,1997,FALSE,FRA,TRUE,FALSE,0,,,,,,0
MDG,1999,0.22661399999999998,2,19,FRA,FALSE,109,Madagascar,1998,FALSE,FRA,TRUE,FALSE,0,,,,,,0
MDG,2000,0.018265099999999923,2,15,FRA,FALSE,109,Madagascar,1999,FALSE,FRA,TRUE,FALSE,0,,,,,,0
MDG,2001,0.09581050000000002,2,14,FRA,FALSE,109,Madagascar,2000,FALSE,FRA,TRUE,FALSE,0,,,,,,0
MDG,2002,0.32777309999999993,2,11,FRA,FALSE,109,Madagascar,2001,FALSE,FRA,TRUE,FALSE,0,,,,,,0
MDG,2003,0.393571,2,11,FRA,FALSE,109,Madagascar,2002,FALSE,FRA,TRUE,FALSE,0,,,,,,0
MDG,2004,0.28256520000000007,1,11,USA,FALSE,109,Madagascar,2003,FALSE,FRA,TRUE,FALSE,0,,,,,,0
MDG,2005,0.3116759,2,9,FRA,FALSE,109,Madagascar,2004,FALSE,USA,TRUE,FALSE,0,,,,,,0
MDG,2006,0.5562913,2,10,FRA,FALSE,109,Madagascar,2005,FALSE,FRA,TRUE,FALSE,0,,,,,,0
MDG,2007,0.36246210000000006,2,7,FRA,FALSE,109,Madagascar,2006,FALSE,FRA,TRUE,FALSE,0,,,,,,0
MDG,2008,0.26630950000000003,2,5,FRA,FALSE,109,Madagascar,2007,FALSE,FRA,TRUE,FALSE,0,,,,,,0
MDG,2009,0.2229774,2,4,FRA,FALSE,109,Madagascar,2008,FALSE,FRA,TRUE,FALSE,0,,,,,,0
MDG,2010,0.43968760000000007,2,3,FRA,FALSE,109,Madagascar,2009,FALSE,FRA,TRUE,FALSE,0,,,,,,0
MDG,2011,0.3618357,6,3,FRA,FALSE,109,Madagascar,2010,FALSE,FRA,TRUE,FALSE,0,,,,,,0
MDG,2012,0.4145688,5,3,FRA,FALSE,109,Madagascar,2011,FALSE,FRA,TRUE,FALSE,0,,,,,,0
MDG,2013,1.5609999999999236e-4,3,2,FRA,FALSE,109,Madagascar,2012,FALSE,FRA,TRUE,FALSE,0,,,,,,0
MDG,2014,0.86475986,2,6,FRA,FALSE,109,Madagascar,2013,FALSE,FRA,TRUE,FALSE,0,,,,,,0
MDG,2015,0.19701130000000003,2,3,FRA,FALSE,109,Madagascar,2014,FALSE,FRA,TRUE,FALSE,0,,,,,,0
MDG,2016,0.13730869999999995,2,4,FRA,FALSE,109,Madagascar,2015,FALSE,FRA,TRUE,FALSE,0,,,,,,0
MDG,2017,0.17115819999999998,1,4,USA,FALSE,109,Madagascar,2016,FALSE,FRA,TRUE,FALSE,0,,,,,,0
MDG,2018,0.16566439999999993,1,5,USA,FALSE,109,Madagascar,2017,FALSE,USA,TRUE,FALSE,0,,,,,,0
MDG,2019,0.19928860000000004,1,5,USA,FALSE,109,Madagascar,2018,FALSE,USA,TRUE,FALSE,0,,,,,,0
MDG,2020,0.47699500000000006,1,5,USA,FALSE,109,Madagascar,2019,FALSE,USA,TRUE,FALSE,0,,,,,,0
MDG,2021,0.09495819999999996,1,3,USA,FALSE,109,Madagascar,2020,FALSE,USA,TRUE,FALSE,0,,,,,,0
MDG,2022,0.6279352,1,3,USA,FALSE,109,Madagascar,2021,FALSE,USA,TRUE,FALSE,0,,,,,,0
MDG,2023,0.2954565,,,,,109,Madagascar,2022,FALSE,USA,TRUE,FALSE,0,,,,,,
MDV,1990,0.6487209,13,,THA,FALSE,110,Maldives,,,,FALSE,FALSE,0,,,,,,0
MDV,1991,0.4555022,1,,USA,FALSE,110,Maldives,1990,FALSE,THA,TRUE,FALSE,0,,,,,,0
MDV,1992,0.14856789999999997,1,7,USA,FALSE,110,Maldives,1991,FALSE,USA,TRUE,FALSE,0,,,,,,0
MDV,1993,0.8568176000000001,1,8,USA,FALSE,110,Maldives,1992,FALSE,USA,TRUE,FALSE,0,,,,,,0
MDV,1994,1.1784963,2,13,LKA,FALSE,110,Maldives,1993,FALSE,USA,TRUE,FALSE,0,,,,,,0
MDV,1995,1.0402907000000001,2,23,GBR,FALSE,110,Maldives,1994,FALSE,LKA,TRUE,FALSE,0,,,,,,0
MDV,1996,0.8065780999999999,1,42,USA,FALSE,110,Maldives,1995,FALSE,GBR,TRUE,FALSE,0,,,,,,0
MDV,1997,0.6028813000000001,1,,USA,FALSE,110,Maldives,1996,FALSE,USA,TRUE,FALSE,0,,,,,,0
MDV,1998,0.014467300000000016,1,26,USA,FALSE,110,Maldives,1997,FALSE,USA,TRUE,FALSE,0,,,,,,0
MDV,1999,0.24554359999999997,1,39,USA,FALSE,110,Maldives,1998,FALSE,USA,TRUE,FALSE,0,,,,,,0
MDV,2000,0.19069760000000002,1,38,USA,FALSE,110,Maldives,1999,FALSE,USA,TRUE,FALSE,0,,,,,,0
MDV,2001,0.05726039999999999,1,26,USA,FALSE,110,Maldives,2000,FALSE,USA,TRUE,FALSE,0,,,,,,0
MDV,2002,0.038417799999999946,1,62,USA,FALSE,110,Maldives,2001,FALSE,USA,TRUE,FALSE,0,,,,,,0
MDV,2003,0.26529270000000005,1,46,USA,FALSE,110,Maldives,2002,FALSE,USA,TRUE,FALSE,0,,,,,,0
MDV,2004,0.12707069999999998,1,26,USA,FALSE,110,Maldives,2003,FALSE,USA,TRUE,FALSE,0,,,,,,0
MDV,2005,0.13111929999999994,6,33,THA,FALSE,110,Maldives,2004,FALSE,USA,TRUE,FALSE,0,,,,,,0
MDV,2006,0.28541890000000003,13,22,THA,FALSE,110,Maldives,2005,FALSE,THA,TRUE,FALSE,0,,,,,,0
MDV,2007,0.15505269999999993,11,28,THA,FALSE,110,Maldives,2006,FALSE,THA,TRUE,FALSE,0,,,,,,0
MDV,2008,0.11411539999999998,8,15,THA,FALSE,110,Maldives,2007,FALSE,THA,TRUE,FALSE,0,,,,,,0
MDV,2009,0.26503350000000003,9,28,FRA,FALSE,110,Maldives,2008,FALSE,THA,TRUE,FALSE,0,,,,,,0
MDV,2010,0.46227470000000004,14,23,IND,FALSE,110,Maldives,2009,FALSE,FRA,TRUE,FALSE,0,,,,,,0
MDV,2011,0.4521959,12,33,FRA,FALSE,110,Maldives,2010,FALSE,IND,TRUE,FALSE,0,,,,,,0
MDV,2012,0.2580743,5,32,FRA,FALSE,110,Maldives,2011,FALSE,FRA,TRUE,FALSE,0,,,,,,0
MDV,2013,0.03914769999999995,3,23,THA,FALSE,110,Maldives,2012,FALSE,FRA,TRUE,FALSE,0,,,,,,0
MDV,2014,0.1318182,3,24,THA,FALSE,110,Maldives,2013,FALSE,THA,TRUE,FALSE,0,,,,,,0
MDV,2015,0.41958419999999996,2,32,THA,FALSE,110,Maldives,2014,FALSE,THA,TRUE,FALSE,0,,,,,,0
MDV,2016,0.048275999999999986,3,34,LKA,FALSE,110,Maldives,2015,FALSE,THA,TRUE,FALSE,0,,,,,,0
MDV,2017,0.25205610000000006,3,29,LKA,FALSE,110,Maldives,2016,FALSE,LKA,TRUE,FALSE,0,,,,,,0
MDV,2018,0.006947099999999984,2,22,THA,FALSE,110,Maldives,2017,FALSE,LKA,TRUE,FALSE,0,,,,,,0
MDV,2019,0.1885829,3,2,THA,FALSE,110,Maldives,2018,FALSE,THA,TRUE,FALSE,0,,,,,,0
MDV,2020,0.18264070000000004,5,9,THA,FALSE,110,Maldives,2019,FALSE,THA,TRUE,FALSE,0,,,,,,0
MDV,2021,0.1266101,5,12,THA,FALSE,110,Maldives,2020,FALSE,THA,TRUE,FALSE,0,,,,,,0
MDV,2022,0.8153629,14,37,IND,FALSE,110,Maldives,2021,FALSE,THA,TRUE,FALSE,0,,,,,,0
MDV,2023,0.2424425,,,,,110,Maldives,2022,FALSE,IND,TRUE,FALSE,0,,,,,,
MEX,1990,0.6761621,1,26,USA,FALSE,111,Mexico,,,,FALSE,FALSE,0,,,,,,0
MEX,1991,0.4813983,1,33,USA,FALSE,111,Mexico,1990,FALSE,USA,TRUE,FALSE,0,,,,,,0
MEX,1992,0.2851365,1,23,USA,FALSE,111,Mexico,1991,FALSE,USA,TRUE,FALSE,0,,,,,,0
MEX,1993,1.1243714,1,20,USA,FALSE,111,Mexico,1992,FALSE,USA,TRUE,FALSE,0,,,,,,0
MEX,1994,1.0060181,1,22,USA,FALSE,111,Mexico,1993,FALSE,USA,TRUE,FALSE,0,,,,,,0
MEX,1995,1.130184,1,21,USA,FALSE,111,Mexico,1994,FALSE,USA,TRUE,FALSE,0,,,,,,0
MEX,1996,0.8874031999999998,1,19,USA,FALSE,111,Mexico,1995,FALSE,USA,TRUE,FALSE,0,,,,,,0
MEX,1997,0.7232045,1,27,USA,FALSE,111,Mexico,1996,FALSE,USA,TRUE,FALSE,0,,,,,,0
MEX,1998,0.2505808,1,30,USA,FALSE,111,Mexico,1997,FALSE,USA,TRUE,FALSE,0,,,,,,0
MEX,1999,0.16845099999999996,1,32,USA,FALSE,111,Mexico,1998,FALSE,USA,TRUE,FALSE,0,,,,,,0
MEX,2000,0.26890890000000006,1,17,USA,FALSE,111,Mexico,1999,FALSE,USA,TRUE,FALSE,0,,,,,,0
MEX,2001,0.014081499999999969,1,9,USA,FALSE,111,Mexico,2000,FALSE,USA,TRUE,FALSE,0,,,,,,0
MEX,2002,0.18265789999999998,1,6,USA,FALSE,111,Mexico,2001,FALSE,USA,TRUE,FALSE,0,,,,,,0
MEX,2003,0.6239745999999999,1,5,USA,FALSE,111,Mexico,2002,FALSE,USA,TRUE,FALSE,0,,,,,,0
MEX,2004,0.6907697,1,5,USA,FALSE,111,Mexico,2003,FALSE,USA,TRUE,FALSE,0,,,,,,0
MEX,2005,0.62685822,1,6,USA,FALSE,111,Mexico,2004,FALSE,USA,TRUE,FALSE,0,,,,,,0
MEX,2006,0.79630007,1,6,USA,FALSE,111,Mexico,2005,FALSE,USA,TRUE,FALSE,0,,,,,,0
MEX,2007,0.5432840600000001,1,6,USA,FALSE,111,Mexico,2006,FALSE,USA,TRUE,FALSE,0,,,,,,0
MEX,2008,0.56328893,1,6,USA,FALSE,111,Mexico,2007,FALSE,USA,TRUE,FALSE,0,,,,,,0
MEX,2009,0.53485892,1,4,USA,FALSE,111,Mexico,2008,FALSE,USA,TRUE,FALSE,0,,,,,,0
MEX,2010,0.8046958700000001,1,3,USA,FALSE,111,Mexico,2009,FALSE,USA,TRUE,FALSE,0,,,,,,0
MEX,2011,0.72252589,1,3,USA,FALSE,111,Mexico,2010,FALSE,USA,TRUE,FALSE,0,,,,,,0
MEX,2012,0.78599713,1,3,USA,FALSE,111,Mexico,2011,FALSE,USA,TRUE,FALSE,0,,,,,,0
MEX,2013,0.3956556,1,3,USA,FALSE,111,Mexico,2012,FALSE,USA,TRUE,FALSE,0,,,,,,0
MEX,2014,0.7258891000000001,1,3,USA,FALSE,111,Mexico,2013,FALSE,USA,TRUE,FALSE,0,,,,,,0
MEX,2015,0.00581520000000002,1,3,USA,FALSE,111,Mexico,2014,FALSE,USA,TRUE,FALSE,0,,,,,,0
MEX,2016,0.3418918,1,3,USA,FALSE,111,Mexico,2015,FALSE,USA,TRUE,FALSE,0,,,,,,0
MEX,2017,0.39676906,1,3,USA,FALSE,111,Mexico,2016,FALSE,USA,TRUE,FALSE,0,,,,,,0
MEX,2018,0.49414736000000004,1,3,USA,FALSE,111,Mexico,2017,FALSE,USA,TRUE,FALSE,0,,,,,,0
MEX,2019,0.33702702,1,3,USA,FALSE,111,Mexico,2018,FALSE,USA,TRUE,FALSE,0,,,,,,0
MEX,2020,0.584839816,1,3,USA,FALSE,111,Mexico,2019,FALSE,USA,TRUE,FALSE,0,,,,,,0
MEX,2021,0.21812862,1,3,USA,FALSE,111,Mexico,2020,FALSE,USA,TRUE,FALSE,0,,,,,,0
MEX,2022,1.12768553,1,3,USA,FALSE,111,Mexico,2021,FALSE,USA,TRUE,FALSE,0,,,,,,0
MEX,2023,0.82353335,,,,,111,Mexico,2022,FALSE,USA,TRUE,FALSE,0,,,,,,
MHL,1991,0.9151615,,,JPN,FALSE,112,Marshall Islands,,,,FALSE,FALSE,0,,,,,,0
MHL,1992,1.7419244,1,,USA,FALSE,112,Marshall Islands,1991,FALSE,JPN,TRUE,FALSE,0,,,,,,0
MHL,1993,2.2584168,1,8,USA,FALSE,112,Marshall Islands,1992,FALSE,USA,TRUE,FALSE,0,,,,,,0
MHL,1994,2.5401119,2,,JPN,FALSE,112,Marshall Islands,1993,FALSE,USA,TRUE,FALSE,0,,,,,,0
MHL,1995,2.1480047,2,,JPN,FALSE,112,Marshall Islands,1994,FALSE,JPN,TRUE,FALSE,0,,,,,,0
MHL,1996,2.2492563,2,,JPN,FALSE,112,Marshall Islands,1995,FALSE,JPN,TRUE,FALSE,0,,,,,,0
MHL,1997,2.0443319,3,,JPN,FALSE,112,Marshall Islands,1996,FALSE,JPN,TRUE,FALSE,0,,,,,,0
MHL,1998,1.6065041,5,,ITA,FALSE,112,Marshall Islands,1997,FALSE,JPN,TRUE,FALSE,0,,,,,,0
MHL,1999,2.0042304,4,,THA,FALSE,112,Marshall Islands,1998,FALSE,ITA,TRUE,FALSE,0,,,,,,0
MHL,2000,2.1173436,10,,THA,FALSE,112,Marshall Islands,1999,FALSE,THA,TRUE,FALSE,0,,,,,,0
MHL,2001,2.9586193,10,,DEU,FALSE,112,Marshall Islands,2000,FALSE,THA,TRUE,FALSE,0,,,,,,0
MHL,2002,3.2073266,5,30,GRC,FALSE,112,Marshall Islands,2001,FALSE,DEU,TRUE,FALSE,0,,,,,,0
MHL,2003,2.8542492,8,22,POL,FALSE,112,Marshall Islands,2002,FALSE,GRC,TRUE,FALSE,0,,,,,,0
MHL,2004,2.049776,9,,BEL,FALSE,112,Marshall Islands,2003,FALSE,POL,TRUE,FALSE,0,,,,,,0
MHL,2005,2.6152904,7,50,DEU,FALSE,112,Marshall Islands,2004,FALSE,BEL,TRUE,FALSE,0,,,,,,0
MHL,2006,2.8305011,10,24,DEU,FALSE,112,Marshall Islands,2005,FALSE,DEU,TRUE,FALSE,0,,,,,,0
MHL,2007,2.384991,8,33,POL,FALSE,112,Marshall Islands,2006,FALSE,DEU,TRUE,FALSE,0,,,,,,0
MHL,2008,2.0009101,10,55,DNK,FALSE,112,Marshall Islands,2007,FALSE,POL,TRUE,FALSE,0,,,,,,0
MHL,2009,1.8610063000000001,10,12,POL,FALSE,112,Marshall Islands,2008,FALSE,DNK,TRUE,FALSE,0,,,,,,0
MHL,2010,2.1642067000000003,10,16,CIV,FALSE,112,Marshall Islands,2009,FALSE,POL,TRUE,FALSE,0,,,,,,0
MHL,2011,2.081834,7,6,POL,FALSE,112,Marshall Islands,2010,FALSE,CIV,TRUE,FALSE,0,,,,,,0
MHL,2012,2.1517917,7,5,THA,FALSE,112,Marshall Islands,2011,FALSE,POL,TRUE,FALSE,0,,,,,,0
MHL,2013,1.463763,7,4,NAM,FALSE,112,Marshall Islands,2012,FALSE,THA,TRUE,FALSE,0,,,,,,0
MHL,2014,1.675183,10,6,THA,FALSE,112,Marshall Islands,2013,FALSE,NAM,TRUE,FALSE,0,,,,,,0
MHL,2015,0.9481751,10,5,POL,FALSE,112,Marshall Islands,2014,FALSE,THA,TRUE,FALSE,0,,,,,,0
MHL,2016,1.2167303999999999,11,7,GRC,FALSE,112,Marshall Islands,2015,FALSE,POL,TRUE,FALSE,0,,,,,,0
MHL,2017,1.312871,15,10,DNK,FALSE,112,Marshall Islands,2016,FALSE,GRC,TRUE,FALSE,0,,,,,,0
MHL,2018,1.3606733,13,7,KOR,FALSE,112,Marshall Islands,2017,FALSE,DNK,TRUE,FALSE,0,,,,,,0
MHL,2019,1.3929434,16,8,POL,FALSE,112,Marshall Islands,2018,FALSE,KOR,TRUE,FALSE,0,,,,,,0
MHL,2020,1.4913288,9,18,NLD,FALSE,112,Marshall Islands,2019,FALSE,POL,TRUE,FALSE,0,,,,,,0
MHL,2021,1.1180055,14,24,DNK,FALSE,112,Marshall Islands,2020,FALSE,NLD,TRUE,FALSE,0,,,,,,0
MHL,2022,2.2221130000000002,21,40,DEU,FALSE,112,Marshall Islands,2021,FALSE,DNK,TRUE,FALSE,0,,,,,,0
MHL,2023,1.7533935,,,,,112,Marshall Islands,2022,FALSE,DEU,TRUE,FALSE,0,,,,,,
MKD,1993,2.0846657,2,12,DEU,FALSE,113,North Macedonia,,,,FALSE,FALSE,0,,,,,,0
MKD,1994,2.776049,4,89,DEU,FALSE,113,North Macedonia,1993,FALSE,DEU,TRUE,FALSE,0,,,,,,0
MKD,1995,2.5468556,4,64,DEU,FALSE,113,North Macedonia,1994,FALSE,DEU,TRUE,FALSE,0,,,,,,0
MKD,1996,2.482744,3,30,DEU,FALSE,113,North Macedonia,1995,FALSE,DEU,TRUE,FALSE,0,,,,,,0
MKD,1997,2.3537689999999998,2,51,DEU,FALSE,113,North Macedonia,1996,FALSE,DEU,TRUE,FALSE,0,,,,,,0
MKD,1998,1.3466534000000001,2,57,DEU,FALSE,113,North Macedonia,1997,FALSE,DEU,TRUE,FALSE,0,,,,,,0
MKD,1999,1.5526901,3,49,DEU,FALSE,113,North Macedonia,1998,FALSE,DEU,TRUE,FALSE,0,,,,,,0
MKD,2000,1.7410606,3,40,DEU,FALSE,113,North Macedonia,1999,FALSE,DEU,TRUE,FALSE,0,,,,,,0
MKD,2001,1.5794142999999998,3,49,DEU,FALSE,113,North Macedonia,2000,FALSE,DEU,TRUE,FALSE,0,,,,,,0
MKD,2002,1.5107966,3,44,DEU,FALSE,113,North Macedonia,2001,FALSE,DEU,TRUE,FALSE,0,,,,,,0
MKD,2003,1.9427402,6,17,DEU,FALSE,113,North Macedonia,2002,FALSE,DEU,TRUE,FALSE,0,,,,,,0
MKD,2004,1.7830858,6,38,DEU,FALSE,113,North Macedonia,2003,FALSE,DEU,TRUE,FALSE,0,,,,,,0
MKD,2005,1.6772438,12,21,SCG,FALSE,113,North Macedonia,2004,FALSE,DEU,TRUE,FALSE,0,,,,,,0
MKD,2006,1.8234865,15,34,DEU,FALSE,113,North Macedonia,2005,FALSE,SCG,TRUE,FALSE,0,,,,,,0
MKD,2007,1.5780658,13,26,DEU,FALSE,113,North Macedonia,2006,FALSE,DEU,TRUE,FALSE,0,,,,,,0
MKD,2008,1.6308003,11,27,DEU,FALSE,113,North Macedonia,2007,FALSE,DEU,TRUE,FALSE,0,,,,,,0
MKD,2009,1.6611422999999998,11,24,DEU,FALSE,113,North Macedonia,2008,FALSE,DEU,TRUE,FALSE,0,,,,,,0
MKD,2010,1.7064885,20,8,DEU,FALSE,113,North Macedonia,2009,FALSE,DEU,TRUE,FALSE,0,,,,,,0
MKD,2011,1.6853524,20,7,DEU,FALSE,113,North Macedonia,2010,FALSE,DEU,TRUE,FALSE,0,,,,,,0
MKD,2012,1.7869376,11,7,DEU,FALSE,113,North Macedonia,2011,FALSE,DEU,TRUE,FALSE,0,,,,,,0
MKD,2013,1.3463883,20,7,DEU,FALSE,113,North Macedonia,2012,FALSE,DEU,TRUE,FALSE,0,,,,,,0
MKD,2014,1.7324218,8,11,DEU,FALSE,113,North Macedonia,2013,FALSE,DEU,TRUE,FALSE,0,,,,,,0
MKD,2015,1.056278,5,10,DEU,FALSE,113,North Macedonia,2014,FALSE,DEU,TRUE,FALSE,0,,,,,,0
MKD,2016,1.2801338,5,24,DEU,FALSE,113,North Macedonia,2015,FALSE,DEU,TRUE,FALSE,0,,,,,,0
MKD,2017,1.2460326,4,15,DEU,FALSE,113,North Macedonia,2016,FALSE,DEU,TRUE,FALSE,0,,,,,,0
MKD,2018,1.4021886000000001,3,25,DEU,FALSE,113,North Macedonia,2017,FALSE,DEU,TRUE,FALSE,0,,,,,,0
MKD,2019,1.3996674,4,13,DEU,FALSE,113,North Macedonia,2018,FALSE,DEU,TRUE,FALSE,0,,,,,,0
MKD,2020,1.6085344,11,8,DEU,FALSE,113,North Macedonia,2019,FALSE,DEU,TRUE,FALSE,0,,,,,,0
MKD,2021,1.3393921,13,4,DEU,FALSE,113,North Macedonia,2020,FALSE,DEU,TRUE,FALSE,0,,,,,,0
MKD,2022,2.167413,11,14,DEU,FALSE,113,North Macedonia,2021,FALSE,DEU,TRUE,FALSE,0,,,,,,0
MKD,2023,1.8111926999999999,,,,,113,North Macedonia,2022,FALSE,DEU,TRUE,FALSE,0,,,,,,
MLI,1990,0.5173184,27,3,TWN,FALSE,114,Mali,,,,FALSE,FALSE,0,,,,,,0
MLI,1991,0.5061119000000001,17,1,CHN,TRUE,114,Mali,1990,FALSE,TWN,TRUE,TRUE,1,1991,1990,FALSE,TWN,TRUE,0
MLI,1992,0.3573216,20,1,CHN,TRUE,114,Mali,1991,TRUE,CHN,TRUE,FALSE,1,1991,1990,FALSE,TWN,TRUE,0
MLI,1993,0.5420975000000001,21,,BRA,FALSE,114,Mali,1992,TRUE,CHN,TRUE,FALSE,1,1991,1990,FALSE,TWN,TRUE,0
MLI,1994,0.8400498999999999,16,6,THA,FALSE,114,Mali,1993,FALSE,BRA,TRUE,FALSE,1,1991,1990,FALSE,TWN,TRUE,0
MLI,1995,0.9927838000000001,15,2,THA,FALSE,114,Mali,1994,FALSE,THA,TRUE,FALSE,1,1991,1990,FALSE,TWN,TRUE,0
MLI,1996,0.6988591,16,6,THA,FALSE,114,Mali,1995,FALSE,THA,TRUE,FALSE,1,1991,1990,FALSE,TWN,TRUE,0
MLI,1997,0.4700643,24,4,ITA,FALSE,114,Mali,1996,FALSE,THA,TRUE,FALSE,1,1991,1990,FALSE,TWN,TRUE,0
MLI,1998,0.3277494,22,19,ITA,FALSE,114,Mali,1997,FALSE,ITA,TRUE,FALSE,1,1991,1990,FALSE,TWN,TRUE,0
MLI,1999,0.16159710000000005,21,30,THA,FALSE,114,Mali,1998,FALSE,ITA,TRUE,FALSE,1,1991,1990,FALSE,TWN,TRUE,0
MLI,2000,0.05102950000000006,20,46,ZAF,FALSE,114,Mali,1999,FALSE,THA,TRUE,FALSE,1,1991,1990,FALSE,TWN,TRUE,0
MLI,2001,0.14088429999999996,5,34,ZAF,FALSE,114,Mali,2000,FALSE,ZAF,TRUE,FALSE,1,1991,1990,FALSE,TWN,TRUE,0
MLI,2002,0.3848252000000001,24,26,CHE,FALSE,114,Mali,2001,FALSE,ZAF,TRUE,FALSE,1,1991,1990,FALSE,TWN,TRUE,0
MLI,2003,0.22983489999999995,34,4,SGP,FALSE,114,Mali,2002,FALSE,CHE,TRUE,FALSE,1,1991,1990,FALSE,TWN,TRUE,0
MLI,2004,0.23771320000000007,22,3,ZAF,FALSE,114,Mali,2003,FALSE,SGP,TRUE,FALSE,1,1991,1990,FALSE,TWN,TRUE,0
MLI,2005,0.1345754,24,3,ZAF,FALSE,114,Mali,2004,FALSE,ZAF,TRUE,FALSE,1,1991,1990,FALSE,TWN,TRUE,0
MLI,2006,0.27973670000000006,21,1,CHN,TRUE,114,Mali,2005,FALSE,ZAF,TRUE,TRUE,2,2006,2005,FALSE,ZAF,TRUE,1
MLI,2007,0.01677609999999996,13,2,SEN,FALSE,114,Mali,2006,TRUE,CHN,TRUE,FALSE,2,2006,2005,FALSE,ZAF,TRUE,0
MLI,2008,0.05947420000000003,9,3,ZAF,FALSE,114,Mali,2007,FALSE,SEN,TRUE,FALSE,2,2006,2005,FALSE,ZAF,TRUE,0
MLI,2009,0.12437259999999994,19,1,CHN,TRUE,114,Mali,2008,FALSE,ZAF,TRUE,TRUE,3,2009,2008,FALSE,ZAF,TRUE,1
MLI,2010,0.15910810000000009,16,2,ZAF,FALSE,114,Mali,2009,TRUE,CHN,TRUE,FALSE,3,2009,2008,FALSE,ZAF,TRUE,0
MLI,2011,0.09549530000000006,23,2,CHE,FALSE,114,Mali,2010,FALSE,ZAF,TRUE,FALSE,3,2009,2008,FALSE,ZAF,TRUE,0
MLI,2012,0.27407230000000005,22,4,ARE,FALSE,114,Mali,2011,FALSE,CHE,TRUE,FALSE,3,2009,2008,FALSE,ZAF,TRUE,0
MLI,2013,0.029673999999999978,25,3,ARE,FALSE,114,Mali,2012,FALSE,ARE,TRUE,FALSE,3,2009,2008,FALSE,ZAF,TRUE,0
MLI,2014,0.11618340000000005,26,3,ARE,FALSE,114,Mali,2013,FALSE,ARE,TRUE,FALSE,3,2009,2008,FALSE,ZAF,TRUE,0
MLI,2015,0.7400173,24,4,ARE,FALSE,114,Mali,2014,FALSE,ARE,TRUE,FALSE,3,2009,2008,FALSE,ZAF,TRUE,0
MLI,2016,0.2973854,31,5,ARE,FALSE,114,Mali,2015,FALSE,ARE,TRUE,FALSE,3,2009,2008,FALSE,ZAF,TRUE,0
MLI,2017,0.22252469999999996,16,7,CHE,FALSE,114,Mali,2016,FALSE,ARE,TRUE,FALSE,3,2009,2008,FALSE,ZAF,TRUE,0
MLI,2018,0.23057700000000003,23,5,ZAF,FALSE,114,Mali,2017,FALSE,CHE,TRUE,FALSE,3,2009,2008,FALSE,ZAF,TRUE,0
MLI,2019,0.2051961,22,5,ARE,FALSE,114,Mali,2018,FALSE,ZAF,TRUE,FALSE,3,2009,2008,FALSE,ZAF,TRUE,0
MLI,2020,0.46135500000000007,24,4,ARE,FALSE,114,Mali,2019,FALSE,ARE,TRUE,FALSE,3,2009,2008,FALSE,ZAF,TRUE,0
MLI,2021,0.5210827,26,4,ARE,FALSE,114,Mali,2020,FALSE,ARE,TRUE,FALSE,3,2009,2008,FALSE,ZAF,TRUE,0
MLI,2022,0.14097720000000002,19,4,ARE,FALSE,114,Mali,2021,FALSE,ARE,TRUE,FALSE,3,2009,2008,FALSE,ZAF,TRUE,0
MLI,2023,0.2594217000000001,,,,,114,Mali,2022,FALSE,ARE,TRUE,FALSE,3,2009,2008,FALSE,ZAF,TRUE,
MLT,1990,0.7832696,21,,DEU,FALSE,115,Malta,,,,FALSE,FALSE,0,,,,,,0
MLT,1991,0.8106294999999999,2,,DEU,FALSE,115,Malta,1990,FALSE,DEU,TRUE,FALSE,0,,,,,,0
MLT,1992,1.5313753,2,40,DEU,FALSE,115,Malta,1991,FALSE,DEU,TRUE,FALSE,0,,,,,,0
MLT,1993,2.4023588,3,22,DEU,FALSE,115,Malta,1992,FALSE,DEU,TRUE,FALSE,0,,,,,,0
MLT,1994,2.737483,6,75,ITA,FALSE,115,Malta,1993,FALSE,DEU,TRUE,FALSE,0,,,,,,0
MLT,1995,2.4014197,5,13,ITA,FALSE,115,Malta,1994,FALSE,ITA,TRUE,FALSE,0,,,,,,0
MLT,1996,1.7031819,3,10,SGP,FALSE,115,Malta,1995,FALSE,ITA,TRUE,FALSE,0,,,,,,0
MLT,1997,1.5722982,1,53,USA,FALSE,115,Malta,1996,FALSE,SGP,TRUE,FALSE,0,,,,,,0
MLT,1998,0.8329291,1,44,USA,FALSE,115,Malta,1997,FALSE,USA,TRUE,FALSE,0,,,,,,0
MLT,1999,1.3296288,2,21,SGP,FALSE,115,Malta,1998,FALSE,USA,TRUE,FALSE,0,,,,,,0
MLT,2000,1.3796022,1,19,USA,FALSE,115,Malta,1999,FALSE,SGP,TRUE,FALSE,0,,,,,,0
MLT,2001,1.297049,1,9,USA,FALSE,115,Malta,2000,FALSE,USA,TRUE,FALSE,0,,,,,,0
MLT,2002,1.1373940999999999,2,6,SGP,FALSE,115,Malta,2001,FALSE,USA,TRUE,FALSE,0,,,,,,0
MLT,2003,1.6658293,2,6,SGP,FALSE,115,Malta,2002,FALSE,SGP,TRUE,FALSE,0,,,,,,0
MLT,2004,1.4937509,2,6,SGP,FALSE,115,Malta,2003,FALSE,SGP,TRUE,FALSE,0,,,,,,0
MLT,2005,1.3898107,3,6,FRA,FALSE,115,Malta,2004,FALSE,SGP,TRUE,FALSE,0,,,,,,0
MLT,2006,1.5855591,3,4,FRA,FALSE,115,Malta,2005,FALSE,FRA,TRUE,FALSE,0,,,,,,0
MLT,2007,1.3511912000000001,7,5,SYR,FALSE,115,Malta,2006,FALSE,FRA,TRUE,FALSE,0,,,,,,0
MLT,2008,1.3353724,7,5,SYR,FALSE,115,Malta,2007,FALSE,SYR,TRUE,FALSE,0,,,,,,0
MLT,2009,1.3320796000000001,8,2,DEU,FALSE,115,Malta,2008,FALSE,SYR,TRUE,FALSE,0,,,,,,0
MLT,2010,1.4763299,7,2,EGY,FALSE,115,Malta,2009,FALSE,DEU,TRUE,FALSE,0,,,,,,0
MLT,2011,1.4257259,11,1,CHN,TRUE,115,Malta,2010,FALSE,EGY,TRUE,TRUE,1,2011,2010,FALSE,EGY,TRUE,1
MLT,2012,1.4452147,9,1,CHN,TRUE,115,Malta,2011,TRUE,CHN,TRUE,FALSE,1,2011,2010,FALSE,EGY,TRUE,1
MLT,2013,1.1528485,11,2,KOR,FALSE,115,Malta,2012,TRUE,CHN,TRUE,FALSE,1,2011,2010,FALSE,EGY,TRUE,0
MLT,2014,1.5346511,12,2,EGY,FALSE,115,Malta,2013,FALSE,KOR,TRUE,FALSE,1,2011,2010,FALSE,EGY,TRUE,0
MLT,2015,0.799987,11,2,EGY,FALSE,115,Malta,2014,FALSE,EGY,TRUE,FALSE,1,2011,2010,FALSE,EGY,TRUE,0
MLT,2016,1.1168547,1,5,USA,FALSE,115,Malta,2015,FALSE,EGY,TRUE,FALSE,1,2011,2010,FALSE,EGY,TRUE,0
MLT,2017,1.0628783,9,3,ITA,FALSE,115,Malta,2016,FALSE,USA,TRUE,FALSE,1,2011,2010,FALSE,EGY,TRUE,0
MLT,2018,1.2099457999999998,9,4,DEU,FALSE,115,Malta,2017,FALSE,ITA,TRUE,FALSE,1,2011,2010,FALSE,EGY,TRUE,0
MLT,2019,1.1096580999999999,9,4,DEU,FALSE,115,Malta,2018,FALSE,DEU,TRUE,FALSE,1,2011,2010,FALSE,EGY,TRUE,0
MLT,2020,1.2407535,8,2,DEU,FALSE,115,Malta,2019,FALSE,DEU,TRUE,FALSE,1,2011,2010,FALSE,EGY,TRUE,0
MLT,2021,0.9657244,6,1,CHN,TRUE,115,Malta,2020,FALSE,DEU,TRUE,TRUE,2,2021,2020,FALSE,DEU,TRUE,1
MLT,2022,1.8745129,7,1,CHN,TRUE,115,Malta,2021,TRUE,CHN,TRUE,FALSE,2,2021,2020,FALSE,DEU,TRUE,1
MLT,2023,1.6473305,,,,,115,Malta,2022,TRUE,CHN,TRUE,FALSE,2,2021,2020,FALSE,DEU,TRUE,
MMR,1990,0.1817284,29,4,THA,FALSE,116,Myanmar (Burma),,,,FALSE,FALSE,0,,,,,,0
MMR,1991,0.1299768,5,4,THA,FALSE,116,Myanmar (Burma),1990,FALSE,THA,TRUE,FALSE,0,,,,,,0
MMR,1992,0.17000459999999995,6,2,THA,FALSE,116,Myanmar (Burma),1991,FALSE,THA,TRUE,FALSE,0,,,,,,0
MMR,1993,0.25912900000000016,6,1,CHN,TRUE,116,Myanmar (Burma),1992,FALSE,THA,TRUE,TRUE,1,1993,1992,FALSE,THA,TRUE,0
MMR,1994,0.48208399999999996,6,2,THA,FALSE,116,Myanmar (Burma),1993,TRUE,CHN,TRUE,FALSE,1,1993,1992,FALSE,THA,TRUE,0
MMR,1995,0.01669799999999988,7,5,THA,FALSE,116,Myanmar (Burma),1994,FALSE,THA,TRUE,FALSE,1,1993,1992,FALSE,THA,TRUE,0
MMR,1996,0.44327800000000006,5,3,SGP,FALSE,116,Myanmar (Burma),1995,FALSE,THA,TRUE,FALSE,1,1993,1992,FALSE,THA,TRUE,0
MMR,1997,0.39215699999999987,3,6,IND,FALSE,116,Myanmar (Burma),1996,FALSE,SGP,TRUE,FALSE,1,1993,1992,FALSE,THA,TRUE,0
MMR,1998,0.6148799,2,5,IND,FALSE,116,Myanmar (Burma),1997,FALSE,IND,TRUE,FALSE,1,1993,1992,FALSE,THA,TRUE,0
MMR,1999,0.6505986,1,4,USA,FALSE,116,Myanmar (Burma),1998,FALSE,IND,TRUE,FALSE,1,1993,1992,FALSE,THA,TRUE,0
MMR,2000,0.6682573999999999,1,5,USA,FALSE,116,Myanmar (Burma),1999,FALSE,USA,TRUE,FALSE,1,1993,1992,FALSE,THA,TRUE,0
MMR,2001,0.8572456999999999,2,5,THA,FALSE,116,Myanmar (Burma),2000,FALSE,USA,TRUE,FALSE,1,1993,1992,FALSE,THA,TRUE,0
MMR,2002,0.7318924,2,5,THA,FALSE,116,Myanmar (Burma),2001,FALSE,THA,TRUE,FALSE,1,1993,1992,FALSE,THA,TRUE,0
MMR,2003,0.5359107999999999,3,4,THA,FALSE,116,Myanmar (Burma),2002,FALSE,THA,TRUE,FALSE,1,1993,1992,FALSE,THA,TRUE,0
MMR,2004,0.4677720000000001,,4,THA,FALSE,116,Myanmar (Burma),2003,FALSE,THA,TRUE,FALSE,1,1993,1992,FALSE,THA,TRUE,0
MMR,2005,0.34361759999999997,,3,THA,FALSE,116,Myanmar (Burma),2004,FALSE,THA,TRUE,FALSE,1,1993,1992,FALSE,THA,TRUE,0
MMR,2006,0.3492958999999999,,3,THA,FALSE,116,Myanmar (Burma),2005,FALSE,THA,TRUE,FALSE,1,1993,1992,FALSE,THA,TRUE,0
MMR,2007,0.534258,,3,THA,FALSE,116,Myanmar (Burma),2006,FALSE,THA,TRUE,FALSE,1,1993,1992,FALSE,THA,TRUE,0
MMR,2008,0.6649468999999999,,3,THA,FALSE,116,Myanmar (Burma),2007,FALSE,THA,TRUE,FALSE,1,1993,1992,FALSE,THA,TRUE,0
MMR,2009,0.7246047000000001,84,3,THA,FALSE,116,Myanmar (Burma),2008,FALSE,THA,TRUE,FALSE,1,1993,1992,FALSE,THA,TRUE,0
MMR,2010,0.19785929999999985,47,2,THA,FALSE,116,Myanmar (Burma),2009,FALSE,THA,TRUE,FALSE,1,1993,1992,FALSE,THA,TRUE,0
MMR,2011,0.570159,36,2,THA,FALSE,116,Myanmar (Burma),2010,FALSE,THA,TRUE,FALSE,1,1993,1992,FALSE,THA,TRUE,0
MMR,2012,0.07125979999999998,32,2,THA,FALSE,116,Myanmar (Burma),2011,FALSE,THA,TRUE,FALSE,1,1993,1992,FALSE,THA,TRUE,0
MMR,2013,0.7414782,21,2,THA,FALSE,116,Myanmar (Burma),2012,FALSE,THA,TRUE,FALSE,1,1993,1992,FALSE,THA,TRUE,0
MMR,2014,0.13003730000000002,13,1,CHN,TRUE,116,Myanmar (Burma),2013,FALSE,THA,TRUE,TRUE,2,2014,2013,FALSE,THA,TRUE,1
MMR,2015,0.7054524999999999,10,1,CHN,TRUE,116,Myanmar (Burma),2014,TRUE,CHN,TRUE,FALSE,2,2014,2013,FALSE,THA,TRUE,1
MMR,2016,0.2536767,7,1,CHN,TRUE,116,Myanmar (Burma),2015,TRUE,CHN,TRUE,FALSE,2,2014,2013,FALSE,THA,TRUE,1
MMR,2017,0.35627880000000006,7,1,CHN,TRUE,116,Myanmar (Burma),2016,TRUE,CHN,TRUE,FALSE,2,2014,2013,FALSE,THA,TRUE,1
MMR,2018,0.33262479999999994,6,1,CHN,TRUE,116,Myanmar (Burma),2017,TRUE,CHN,TRUE,FALSE,2,2014,2013,FALSE,THA,TRUE,1
MMR,2019,0.3542662,5,1,CHN,TRUE,116,Myanmar (Burma),2018,TRUE,CHN,TRUE,FALSE,2,2014,2013,FALSE,THA,TRUE,1
MMR,2020,0.2844260999999999,5,1,CHN,TRUE,116,Myanmar (Burma),2019,TRUE,CHN,TRUE,FALSE,2,2014,2013,FALSE,THA,TRUE,1
MMR,2021,0.1597073,4,1,CHN,TRUE,116,Myanmar (Burma),2020,TRUE,CHN,TRUE,FALSE,2,2014,2013,FALSE,THA,TRUE,1
MMR,2022,0.9305327999999999,5,1,CHN,TRUE,116,Myanmar (Burma),2021,TRUE,CHN,TRUE,FALSE,2,2014,2013,FALSE,THA,TRUE,1
MMR,2023,0.640004,,,,,116,Myanmar (Burma),2022,TRUE,CHN,TRUE,FALSE,2,2014,2013,FALSE,THA,TRUE,
MNE,2006,1.8167224,23,,ITA,FALSE,117,Montenegro,,,,FALSE,FALSE,0,,,,,,0
MNE,2007,1.5463519,9,19,ITA,FALSE,117,Montenegro,2006,FALSE,ITA,TRUE,FALSE,0,,,,,,0
MNE,2008,1.5704094,30,17,SRB,FALSE,117,Montenegro,2007,FALSE,ITA,TRUE,FALSE,0,,,,,,0
MNE,2009,1.5688267,8,29,SRB,FALSE,117,Montenegro,2008,FALSE,SRB,TRUE,FALSE,0,,,,,,0
MNE,2010,1.7458493000000002,14,16,SRB,FALSE,117,Montenegro,2009,FALSE,SRB,TRUE,FALSE,0,,,,,,0
MNE,2011,1.6251001999999999,18,11,SRB,FALSE,117,Montenegro,2010,FALSE,SRB,TRUE,FALSE,0,,,,,,0
MNE,2012,1.671056,25,9,SRB,FALSE,117,Montenegro,2011,FALSE,SRB,TRUE,FALSE,0,,,,,,0
MNE,2013,1.3331228,27,9,SRB,FALSE,117,Montenegro,2012,FALSE,SRB,TRUE,FALSE,0,,,,,,0
MNE,2014,1.6045798,27,4,MLT,FALSE,117,Montenegro,2013,FALSE,SRB,TRUE,FALSE,0,,,,,,0
MNE,2015,1.0177148999999999,32,5,SRB,FALSE,117,Montenegro,2014,FALSE,MLT,TRUE,FALSE,0,,,,,,0
MNE,2016,1.6081309,31,4,SRB,FALSE,117,Montenegro,2015,FALSE,SRB,TRUE,FALSE,0,,,,,,0
MNE,2017,1.4165562,28,2,MLT,FALSE,117,Montenegro,2016,FALSE,SRB,TRUE,FALSE,0,,,,,,0
MNE,2018,1.5008675999999999,29,3,SRB,FALSE,117,Montenegro,2017,FALSE,MLT,TRUE,FALSE,0,,,,,,0
MNE,2019,1.4201924,26,3,SRB,FALSE,117,Montenegro,2018,FALSE,SRB,TRUE,FALSE,0,,,,,,0
MNE,2020,1.5972203999999999,20,2,SRB,FALSE,117,Montenegro,2019,FALSE,SRB,TRUE,FALSE,0,,,,,,0
MNE,2021,1.3633020999999999,20,17,ESP,FALSE,117,Montenegro,2020,FALSE,SRB,TRUE,FALSE,0,,,,,,0
MNE,2022,2.176995,26,7,ITA,FALSE,117,Montenegro,2021,FALSE,ESP,TRUE,FALSE,0,,,,,,0
MNE,2023,1.9312127000000001,,,,,117,Montenegro,2022,FALSE,ITA,TRUE,FALSE,0,,,,,,
MNG,1990,0.46731940000000005,6,13,JPN,FALSE,118,Mongolia,,,,FALSE,FALSE,0,,,,,,0
MNG,1991,0.0760708,6,5,JPN,FALSE,118,Mongolia,1990,FALSE,JPN,TRUE,FALSE,0,,,,,,0
MNG,1992,0.3779092,3,2,JPN,FALSE,118,Mongolia,1991,FALSE,JPN,TRUE,FALSE,0,,,,,,0
MNG,1993,3.5201010000000004,2,1,CHN,TRUE,118,Mongolia,1992,FALSE,JPN,TRUE,TRUE,1,1993,1992,FALSE,JPN,TRUE,0
MNG,1994,1.4743306,3,1,CHN,TRUE,118,Mongolia,1993,TRUE,CHN,TRUE,FALSE,1,1993,1992,FALSE,JPN,TRUE,0
MNG,1995,1.48033185,3,1,CHN,TRUE,118,Mongolia,1994,TRUE,CHN,TRUE,FALSE,1,1993,1992,FALSE,JPN,TRUE,0
MNG,1996,1.3047953499999998,4,1,CHN,TRUE,118,Mongolia,1995,TRUE,CHN,TRUE,FALSE,1,1993,1992,FALSE,JPN,TRUE,0
MNG,1997,1.08352015,4,1,CHN,TRUE,118,Mongolia,1996,TRUE,CHN,TRUE,FALSE,1,1993,1992,FALSE,JPN,TRUE,0
MNG,1998,0.1879346,4,1,CHN,TRUE,118,Mongolia,1997,TRUE,CHN,TRUE,FALSE,1,1993,1992,FALSE,JPN,TRUE,0
MNG,1999,0.428821,2,1,CHN,TRUE,118,Mongolia,1998,TRUE,CHN,TRUE,FALSE,1,1993,1992,FALSE,JPN,TRUE,0
MNG,2000,0.5007066,2,1,CHN,TRUE,118,Mongolia,1999,TRUE,CHN,TRUE,FALSE,1,1993,1992,FALSE,JPN,TRUE,0
MNG,2001,0.2814281,2,1,CHN,TRUE,118,Mongolia,2000,TRUE,CHN,TRUE,FALSE,1,1993,1992,FALSE,JPN,TRUE,0
MNG,2002,0.08740689999999995,2,1,CHN,TRUE,118,Mongolia,2001,TRUE,CHN,TRUE,FALSE,1,1993,1992,FALSE,JPN,TRUE,0
MNG,2003,0.5654777,2,1,CHN,TRUE,118,Mongolia,2002,TRUE,CHN,TRUE,FALSE,1,1993,1992,FALSE,JPN,TRUE,0
MNG,2004,0.40001280000000006,2,1,CHN,TRUE,118,Mongolia,2003,TRUE,CHN,TRUE,FALSE,1,1993,1992,FALSE,JPN,TRUE,0
MNG,2005,0.2772387,2,1,CHN,TRUE,118,Mongolia,2004,TRUE,CHN,TRUE,FALSE,1,1993,1992,FALSE,JPN,TRUE,0
MNG,2006,0.5816786,3,1,CHN,TRUE,118,Mongolia,2005,TRUE,CHN,TRUE,FALSE,1,1993,1992,FALSE,JPN,TRUE,0
MNG,2007,0.3540922000000001,3,1,CHN,TRUE,118,Mongolia,2006,TRUE,CHN,TRUE,FALSE,1,1993,1992,FALSE,JPN,TRUE,0
MNG,2008,0.3489597,4,1,CHN,TRUE,118,Mongolia,2007,TRUE,CHN,TRUE,FALSE,1,1993,1992,FALSE,JPN,TRUE,0
MNG,2009,0.2291285,8,1,CHN,TRUE,118,Mongolia,2008,TRUE,CHN,TRUE,FALSE,1,1993,1992,FALSE,JPN,TRUE,0
MNG,2010,0.5714146,11,1,CHN,TRUE,118,Mongolia,2009,TRUE,CHN,TRUE,FALSE,1,1993,1992,FALSE,JPN,TRUE,0
MNG,2011,0.5272678,12,1,CHN,TRUE,118,Mongolia,2010,TRUE,CHN,TRUE,FALSE,1,1993,1992,FALSE,JPN,TRUE,0
MNG,2012,0.6296517,12,1,CHN,TRUE,118,Mongolia,2011,TRUE,CHN,TRUE,FALSE,1,1993,1992,FALSE,JPN,TRUE,0
MNG,2013,0.06940099999999999,8,1,CHN,TRUE,118,Mongolia,2012,TRUE,CHN,TRUE,FALSE,1,1993,1992,FALSE,JPN,TRUE,0
MNG,2014,0.39327070000000003,6,1,CHN,TRUE,118,Mongolia,2013,TRUE,CHN,TRUE,FALSE,1,1993,1992,FALSE,JPN,TRUE,0
MNG,2015,0.2467483,8,1,CHN,TRUE,118,Mongolia,2014,TRUE,CHN,TRUE,FALSE,1,1993,1992,FALSE,JPN,TRUE,0
MNG,2016,0.05641099999999999,14,1,CHN,TRUE,118,Mongolia,2015,TRUE,CHN,TRUE,FALSE,1,1993,1992,FALSE,JPN,TRUE,0
MNG,2017,0.18401220000000001,16,1,CHN,TRUE,118,Mongolia,2016,TRUE,CHN,TRUE,FALSE,1,1993,1992,FALSE,JPN,TRUE,0
MNG,2018,0.014750700000000005,14,1,CHN,TRUE,118,Mongolia,2017,TRUE,CHN,TRUE,FALSE,1,1993,1992,FALSE,JPN,TRUE,0
MNG,2019,0.22436239999999996,13,1,CHN,TRUE,118,Mongolia,2018,TRUE,CHN,TRUE,FALSE,1,1993,1992,FALSE,JPN,TRUE,0
MNG,2020,0.04231650000000009,12,1,CHN,TRUE,118,Mongolia,2019,TRUE,CHN,TRUE,FALSE,1,1993,1992,FALSE,JPN,TRUE,0
MNG,2021,0.3274261,9,1,CHN,TRUE,118,Mongolia,2020,TRUE,CHN,TRUE,FALSE,1,1993,1992,FALSE,JPN,TRUE,0
MNG,2022,0.552824,10,1,CHN,TRUE,118,Mongolia,2021,TRUE,CHN,TRUE,FALSE,1,1993,1992,FALSE,JPN,TRUE,0
MNG,2023,0.22893510000000006,,,,,118,Mongolia,2022,TRUE,CHN,TRUE,FALSE,1,1993,1992,FALSE,JPN,TRUE,
MOZ,1990,0.5956882,7,,SGP,FALSE,119,Mozambique,,,,FALSE,FALSE,0,,,,,,0
MOZ,1991,0.3503365,3,,SGP,FALSE,119,Mozambique,1990,FALSE,SGP,TRUE,FALSE,0,,,,,,0
MOZ,1992,0.14801319999999996,4,3,ESP,FALSE,119,Mozambique,1991,FALSE,SGP,TRUE,FALSE,0,,,,,,0
MOZ,1993,0.7698632000000001,5,9,ESP,FALSE,119,Mozambique,1992,FALSE,ESP,TRUE,FALSE,0,,,,,,0
MOZ,1994,0.8798952,4,15,ESP,FALSE,119,Mozambique,1993,FALSE,ESP,TRUE,FALSE,0,,,,,,0
MOZ,1995,0.9520263000000001,3,19,ESP,FALSE,119,Mozambique,1994,FALSE,ESP,TRUE,FALSE,0,,,,,,0
MOZ,1996,0.7968601999999999,3,28,ESP,FALSE,119,Mozambique,1995,FALSE,ESP,TRUE,FALSE,0,,,,,,0
MOZ,1997,0.46608460000000007,2,27,ESP,FALSE,119,Mozambique,1996,FALSE,ESP,TRUE,FALSE,0,,,,,,0
MOZ,1998,0.11308179999999995,3,28,ESP,FALSE,119,Mozambique,1997,FALSE,ESP,TRUE,FALSE,0,,,,,,0
MOZ,1999,0.006502300000000072,6,15,ESP,FALSE,119,Mozambique,1998,FALSE,ESP,TRUE,FALSE,0,,,,,,0
MOZ,2000,0.017797800000000086,6,14,ZWE,FALSE,119,Mozambique,1999,FALSE,ESP,TRUE,FALSE,0,,,,,,0
MOZ,2001,0.07187299999999996,17,15,BEL,FALSE,119,Mozambique,2000,FALSE,ZWE,TRUE,FALSE,0,,,,,,0
MOZ,2002,0.08426350000000005,17,14,BEL,FALSE,119,Mozambique,2001,FALSE,BEL,TRUE,FALSE,0,,,,,,0
MOZ,2003,0.25692400000000004,18,11,BEL,FALSE,119,Mozambique,2002,FALSE,BEL,TRUE,FALSE,0,,,,,,0
MOZ,2004,0.20465960000000005,18,10,NLD,FALSE,119,Mozambique,2003,FALSE,BEL,TRUE,FALSE,0,,,,,,0
MOZ,2005,0.10024260000000007,16,9,BEL,FALSE,119,Mozambique,2004,FALSE,NLD,TRUE,FALSE,0,,,,,,0
MOZ,2006,0.3422735,17,9,BEL,FALSE,119,Mozambique,2005,FALSE,BEL,TRUE,FALSE,0,,,,,,0
MOZ,2007,0.12122300000000008,28,8,ITA,FALSE,119,Mozambique,2006,FALSE,BEL,TRUE,FALSE,0,,,,,,0
MOZ,2008,0.13807570000000002,21,7,ZAF,FALSE,119,Mozambique,2007,FALSE,ITA,TRUE,FALSE,0,,,,,,0
MOZ,2009,0.00428470000000003,12,6,ZAF,FALSE,119,Mozambique,2008,FALSE,ZAF,TRUE,FALSE,0,,,,,,0
MOZ,2010,0.19528440000000002,11,4,ZAF,FALSE,119,Mozambique,2009,FALSE,ZAF,TRUE,FALSE,0,,,,,,0
MOZ,2011,0.05858859999999999,18,5,NLD,FALSE,119,Mozambique,2010,FALSE,ZAF,TRUE,FALSE,0,,,,,,0
MOZ,2012,0.5185746,19,2,ZAF,FALSE,119,Mozambique,2011,FALSE,NLD,TRUE,FALSE,0,,,,,,0
MOZ,2013,0.17643140000000002,10,5,ZAF,FALSE,119,Mozambique,2012,FALSE,ZAF,TRUE,FALSE,0,,,,,,0
MOZ,2014,0.09231690000000004,15,1,CHN,TRUE,119,Mozambique,2013,FALSE,ZAF,TRUE,TRUE,1,2014,2013,FALSE,ZAF,TRUE,1
MOZ,2015,0.6136185,13,3,ZAF,FALSE,119,Mozambique,2014,TRUE,CHN,TRUE,FALSE,1,2014,2013,FALSE,ZAF,TRUE,0
MOZ,2016,0.28880929999999994,8,3,ZAF,FALSE,119,Mozambique,2015,FALSE,ZAF,TRUE,FALSE,1,2014,2013,FALSE,ZAF,TRUE,0
MOZ,2017,0.3832779,8,3,IND,FALSE,119,Mozambique,2016,FALSE,ZAF,TRUE,FALSE,1,2014,2013,FALSE,ZAF,TRUE,0
MOZ,2018,0.12064350000000001,17,3,IND,FALSE,119,Mozambique,2017,FALSE,IND,TRUE,FALSE,1,2014,2013,FALSE,ZAF,TRUE,0
MOZ,2019,0.2544351,12,3,IND,FALSE,119,Mozambique,2018,FALSE,IND,TRUE,FALSE,1,2014,2013,FALSE,ZAF,TRUE,0
MOZ,2020,0.10913650000000003,13,3,IND,FALSE,119,Mozambique,2019,FALSE,IND,TRUE,FALSE,1,2014,2013,FALSE,ZAF,TRUE,0
MOZ,2021,0.3128414,11,2,IND,FALSE,119,Mozambique,2020,FALSE,IND,TRUE,FALSE,1,2014,2013,FALSE,ZAF,TRUE,0
MOZ,2022,0.5244363,13,2,IND,FALSE,119,Mozambique,2021,FALSE,IND,TRUE,FALSE,1,2014,2013,FALSE,ZAF,TRUE,0
MOZ,2023,0.31042050000000004,,,,,119,Mozambique,2022,FALSE,IND,TRUE,FALSE,1,2014,2013,FALSE,ZAF,TRUE,
MRT,1990,0.6066208,,,JPN,FALSE,120,Mauritania,,,,FALSE,FALSE,0,,,,,,0
MRT,1991,0.5834036,4,,JPN,FALSE,120,Mauritania,1990,FALSE,JPN,TRUE,FALSE,0,,,,,,0
MRT,1992,0.17951119999999998,4,16,JPN,FALSE,120,Mauritania,1991,FALSE,JPN,TRUE,FALSE,0,,,,,,0
MRT,1993,0.5443162000000001,6,,JPN,FALSE,120,Mauritania,1992,FALSE,JPN,TRUE,FALSE,0,,,,,,0
MRT,1994,1.0037351,11,41,JPN,FALSE,120,Mauritania,1993,FALSE,JPN,TRUE,FALSE,0,,,,,,0
MRT,1995,0.8368306000000001,11,18,JPN,FALSE,120,Mauritania,1994,FALSE,JPN,TRUE,FALSE,0,,,,,,0
MRT,1996,0.7943094999999999,12,33,JPN,FALSE,120,Mauritania,1995,FALSE,JPN,TRUE,FALSE,0,,,,,,0
MRT,1997,0.6498303000000001,52,33,JPN,FALSE,120,Mauritania,1996,FALSE,JPN,TRUE,FALSE,0,,,,,,0
MRT,1998,0.24155509999999997,35,24,JPN,FALSE,120,Mauritania,1997,FALSE,JPN,TRUE,FALSE,0,,,,,,0
MRT,2000,0.5500073999999999,46,17,FRA,FALSE,120,Mauritania,1998,FALSE,JPN,TRUE,FALSE,0,,,,,,0
MRT,2001,0.7213647,42,19,ITA,FALSE,120,Mauritania,2000,FALSE,FRA,TRUE,FALSE,0,,,,,,0
MRT,2002,0.46116750000000006,36,14,ITA,FALSE,120,Mauritania,2001,FALSE,ITA,TRUE,FALSE,0,,,,,,0
MRT,2003,0.3345427999999999,36,12,FRA,FALSE,120,Mauritania,2002,FALSE,ITA,TRUE,FALSE,0,,,,,,0
MRT,2004,0.25205900000000003,36,8,JPN,FALSE,120,Mauritania,2003,FALSE,FRA,TRUE,FALSE,0,,,,,,0
MRT,2005,0.41624330000000004,37,22,ITA,FALSE,120,Mauritania,2004,FALSE,JPN,TRUE,FALSE,0,,,,,,0
MRT,2006,0.07555080000000003,11,1,CHN,TRUE,120,Mauritania,2005,FALSE,ITA,TRUE,TRUE,1,2006,2005,FALSE,ITA,TRUE,1
MRT,2007,0.07832180000000011,39,1,CHN,TRUE,120,Mauritania,2006,TRUE,CHN,TRUE,FALSE,1,2006,2005,FALSE,ITA,TRUE,1
MRT,2008,0.23928079999999996,12,1,CHN,TRUE,120,Mauritania,2007,TRUE,CHN,TRUE,FALSE,1,2006,2005,FALSE,ITA,TRUE,1
MRT,2009,0.44474270000000005,11,1,CHN,TRUE,120,Mauritania,2008,TRUE,CHN,TRUE,FALSE,1,2006,2005,FALSE,ITA,TRUE,1
MRT,2010,0.11362209999999995,12,1,CHN,TRUE,120,Mauritania,2009,TRUE,CHN,TRUE,FALSE,1,2006,2005,FALSE,ITA,TRUE,1
MRT,2011,0.019588999999999968,44,1,CHN,TRUE,120,Mauritania,2010,TRUE,CHN,TRUE,FALSE,1,2006,2005,FALSE,ITA,TRUE,1
MRT,2012,0.11325929999999995,49,1,CHN,TRUE,120,Mauritania,2011,TRUE,CHN,TRUE,FALSE,1,2006,2005,FALSE,ITA,TRUE,1
MRT,2013,0.1692964,4,1,CHN,TRUE,120,Mauritania,2012,TRUE,CHN,TRUE,FALSE,1,2006,2005,FALSE,ITA,TRUE,1
MRT,2014,0.10346750000000005,11,1,CHN,TRUE,120,Mauritania,2013,TRUE,CHN,TRUE,FALSE,1,2006,2005,FALSE,ITA,TRUE,1
MRT,2015,0.5687962,49,1,CHN,TRUE,120,Mauritania,2014,TRUE,CHN,TRUE,FALSE,1,2006,2005,FALSE,ITA,TRUE,1
MRT,2016,0.40233949999999996,11,1,CHN,TRUE,120,Mauritania,2015,TRUE,CHN,TRUE,FALSE,1,2006,2005,FALSE,ITA,TRUE,1
MRT,2017,0.27293360000000005,10,1,CHN,TRUE,120,Mauritania,2016,TRUE,CHN,TRUE,FALSE,1,2006,2005,FALSE,ITA,TRUE,1
MRT,2018,0.21137169999999994,32,1,CHN,TRUE,120,Mauritania,2017,TRUE,CHN,TRUE,FALSE,1,2006,2005,FALSE,ITA,TRUE,1
MRT,2019,0.5358719,36,1,CHN,TRUE,120,Mauritania,2018,TRUE,CHN,TRUE,FALSE,1,2006,2005,FALSE,ITA,TRUE,1
MRT,2020,0.11667729999999998,31,1,CHN,TRUE,120,Mauritania,2019,TRUE,CHN,TRUE,FALSE,1,2006,2005,FALSE,ITA,TRUE,1
MRT,2021,0.35252790000000006,30,1,CHN,TRUE,120,Mauritania,2020,TRUE,CHN,TRUE,FALSE,1,2006,2005,FALSE,ITA,TRUE,1
MRT,2022,0.3509683,38,1,CHN,TRUE,120,Mauritania,2021,TRUE,CHN,TRUE,FALSE,1,2006,2005,FALSE,ITA,TRUE,1
MRT,2023,0.023277900000000074,,,,,120,Mauritania,2022,TRUE,CHN,TRUE,FALSE,1,2006,2005,FALSE,ITA,TRUE,
MUS,1990,0.10225780000000001,13,41,DEU,FALSE,121,Mauritius,,,,FALSE,FALSE,0,,,,,,0
MUS,1991,0.24323492,1,,USA,FALSE,121,Mauritius,1990,FALSE,DEU,TRUE,FALSE,0,,,,,,0
MUS,1992,0.5266573999999999,1,33,USA,FALSE,121,Mauritius,1991,FALSE,USA,TRUE,FALSE,0,,,,,,0
MUS,1993,1.2721481000000001,3,37,GBR,FALSE,121,Mauritius,1992,FALSE,USA,TRUE,FALSE,0,,,,,,0
MUS,1994,1.3354662,3,40,GBR,FALSE,121,Mauritius,1993,FALSE,GBR,TRUE,FALSE,0,,,,,,0
MUS,1995,1.1102433,3,48,GBR,FALSE,121,Mauritius,1994,FALSE,GBR,TRUE,FALSE,0,,,,,,0
MUS,1996,1.2080734,3,97,GBR,FALSE,121,Mauritius,1995,FALSE,GBR,TRUE,FALSE,0,,,,,,0
MUS,1997,1.0695664,3,40,GBR,FALSE,121,Mauritius,1996,FALSE,GBR,TRUE,FALSE,0,,,,,,0
MUS,1998,0.14084429999999998,3,37,GBR,FALSE,121,Mauritius,1997,FALSE,GBR,TRUE,FALSE,0,,,,,,0
MUS,1999,0.31862429999999997,3,9,GBR,FALSE,121,Mauritius,1998,FALSE,GBR,TRUE,FALSE,0,,,,,,0
MUS,2000,0.35416410000000004,3,10,GBR,FALSE,121,Mauritius,1999,FALSE,GBR,TRUE,FALSE,0,,,,,,0
MUS,2001,0.2924098,3,19,GBR,FALSE,121,Mauritius,2000,FALSE,GBR,TRUE,FALSE,0,,,,,,0
MUS,2002,0.25913839999999994,3,25,GBR,FALSE,121,Mauritius,2001,FALSE,GBR,TRUE,FALSE,0,,,,,,0
MUS,2003,0.6519571,3,29,GBR,FALSE,121,Mauritius,2002,FALSE,GBR,TRUE,FALSE,0,,,,,,0
MUS,2004,0.32192370000000003,3,19,GBR,FALSE,121,Mauritius,2003,FALSE,GBR,TRUE,FALSE,0,,,,,,0
MUS,2005,0.2158717,3,17,GBR,FALSE,121,Mauritius,2004,FALSE,GBR,TRUE,FALSE,0,,,,,,0
MUS,2006,0.5237887999999999,4,23,GBR,FALSE,121,Mauritius,2005,FALSE,GBR,TRUE,FALSE,0,,,,,,0
MUS,2007,0.24293700000000007,3,29,GBR,FALSE,121,Mauritius,2006,FALSE,GBR,TRUE,FALSE,0,,,,,,0
MUS,2008,0.2640772,3,23,GBR,FALSE,121,Mauritius,2007,FALSE,GBR,TRUE,FALSE,0,,,,,,0
MUS,2009,0.18619760000000002,3,32,GBR,FALSE,121,Mauritius,2008,FALSE,GBR,TRUE,FALSE,0,,,,,,0
MUS,2010,0.33030590000000004,3,32,GBR,FALSE,121,Mauritius,2009,FALSE,GBR,TRUE,FALSE,0,,,,,,0
MUS,2011,0.3749222,3,27,GBR,FALSE,121,Mauritius,2010,FALSE,GBR,TRUE,FALSE,0,,,,,,0
MUS,2012,0.26200120000000005,3,31,GBR,FALSE,121,Mauritius,2011,FALSE,GBR,TRUE,FALSE,0,,,,,,0
MUS,2013,0.025730399999999987,3,32,GBR,FALSE,121,Mauritius,2012,FALSE,GBR,TRUE,FALSE,0,,,,,,0
MUS,2014,0.29833370000000003,1,26,USA,FALSE,121,Mauritius,2013,FALSE,GBR,TRUE,FALSE,0,,,,,,0
MUS,2015,0.07700550000000003,2,29,ZMB,FALSE,121,Mauritius,2014,FALSE,USA,TRUE,FALSE,0,,,,,,0
MUS,2016,0.001483000000000012,2,16,ZMB,FALSE,121,Mauritius,2015,FALSE,ZMB,TRUE,FALSE,0,,,,,,0
MUS,2017,0.3227357,2,20,FRA,FALSE,121,Mauritius,2016,FALSE,ZMB,TRUE,FALSE,0,,,,,,0
MUS,2018,0.041610499999999995,1,19,USA,FALSE,121,Mauritius,2017,FALSE,FRA,TRUE,FALSE,0,,,,,,0
MUS,2019,0.15798250000000003,1,15,USA,FALSE,121,Mauritius,2018,FALSE,USA,TRUE,FALSE,0,,,,,,0
MUS,2020,0.03408790000000006,1,18,USA,FALSE,121,Mauritius,2019,FALSE,USA,TRUE,FALSE,0,,,,,,0
MUS,2021,0.35654500000000006,1,17,USA,FALSE,121,Mauritius,2020,FALSE,USA,TRUE,FALSE,0,,,,,,0
MUS,2022,0.5476232,2,18,ZWE,FALSE,121,Mauritius,2021,FALSE,USA,TRUE,FALSE,0,,,,,,0
MUS,2023,0.46592930000000005,,,,,121,Mauritius,2022,FALSE,ZWE,TRUE,FALSE,0,,,,,,
MWI,1990,0.4977454,2,,GBR,FALSE,122,Malawi,,,,FALSE,FALSE,0,,,,,,0
MWI,1991,0.4096351,1,34,USA,FALSE,122,Malawi,1990,FALSE,GBR,TRUE,FALSE,0,,,,,,0
MWI,1992,0.9079524,3,33,DEU,FALSE,122,Malawi,1991,FALSE,USA,TRUE,FALSE,0,,,,,,0
MWI,1993,1.3391341,1,,USA,FALSE,122,Malawi,1992,FALSE,DEU,TRUE,FALSE,0,,,,,,0
MWI,1994,1.3498054,1,26,USA,FALSE,122,Malawi,1993,FALSE,USA,TRUE,FALSE,0,,,,,,0
MWI,1995,1.2780228,2,33,DEU,FALSE,122,Malawi,1994,FALSE,USA,TRUE,FALSE,0,,,,,,0
MWI,1996,1.0038445999999999,1,49,USA,FALSE,122,Malawi,1995,FALSE,DEU,TRUE,FALSE,0,,,,,,0
MWI,1997,0.9115809,1,53,USA,FALSE,122,Malawi,1996,FALSE,USA,TRUE,FALSE,0,,,,,,0
MWI,1998,0.06147449999999999,1,,USA,FALSE,122,Malawi,1997,FALSE,USA,TRUE,FALSE,0,,,,,,0
MWI,1999,0.4750752,2,,DEU,FALSE,122,Malawi,1998,FALSE,USA,TRUE,FALSE,0,,,,,,0
MWI,2000,0.18460220000000005,1,65,USA,FALSE,122,Malawi,1999,FALSE,DEU,TRUE,FALSE,0,,,,,,0
MWI,2001,0.34495,1,55,USA,FALSE,122,Malawi,2000,FALSE,USA,TRUE,FALSE,0,,,,,,0
MWI,2002,0.02971349999999995,1,34,USA,FALSE,122,Malawi,2001,FALSE,USA,TRUE,FALSE,0,,,,,,0
MWI,2003,0.4813302,1,83,USA,FALSE,122,Malawi,2002,FALSE,USA,TRUE,FALSE,0,,,,,,0
MWI,2004,0.86798156,2,74,ZAF,FALSE,122,Malawi,2003,FALSE,USA,TRUE,FALSE,0,,,,,,0
MWI,2005,0.3297318,1,35,USA,FALSE,122,Malawi,2004,FALSE,ZAF,TRUE,FALSE,0,,,,,,0
MWI,2006,0.80201358,4,49,ZWE,FALSE,122,Malawi,2005,FALSE,USA,TRUE,FALSE,0,,,,,,0
MWI,2007,0.34837360000000006,4,23,ZWE,FALSE,122,Malawi,2006,FALSE,ZWE,TRUE,FALSE,0,,,,,,0
MWI,2008,0.06115599999999999,2,21,ZAF,FALSE,122,Malawi,2007,FALSE,ZWE,TRUE,FALSE,0,,,,,,0
MWI,2009,0.2745073,4,16,DEU,FALSE,122,Malawi,2008,FALSE,ZAF,TRUE,FALSE,0,,,,,,0
MWI,2010,0.40492940000000005,4,12,EGY,FALSE,122,Malawi,2009,FALSE,DEU,TRUE,FALSE,0,,,,,,0
MWI,2011,0.39127629999999997,6,9,CAN,FALSE,122,Malawi,2010,FALSE,EGY,TRUE,FALSE,0,,,,,,0
MWI,2012,0.6258874,6,7,DEU,FALSE,122,Malawi,2011,FALSE,CAN,TRUE,FALSE,0,,,,,,0
MWI,2013,0.41226894999999997,2,10,CAN,FALSE,122,Malawi,2012,FALSE,DEU,TRUE,FALSE,0,,,,,,0
MWI,2014,0.5213639,5,12,BEL,FALSE,122,Malawi,2013,FALSE,CAN,TRUE,FALSE,0,,,,,,0
MWI,2015,0.2580291,4,11,BEL,FALSE,122,Malawi,2014,FALSE,BEL,TRUE,FALSE,0,,,,,,0
MWI,2016,0.144279,3,12,BEL,FALSE,122,Malawi,2015,FALSE,BEL,TRUE,FALSE,0,,,,,,0
MWI,2017,0.10022050000000005,4,9,BEL,FALSE,122,Malawi,2016,FALSE,BEL,TRUE,FALSE,0,,,,,,0
MWI,2018,0.19942940000000003,3,10,BEL,FALSE,122,Malawi,2017,FALSE,BEL,TRUE,FALSE,0,,,,,,0
MWI,2019,0.03372019999999998,2,17,BEL,FALSE,122,Malawi,2018,FALSE,BEL,TRUE,FALSE,0,,,,,,0
MWI,2020,0.48640250000000007,5,19,BEL,FALSE,122,Malawi,2019,FALSE,BEL,TRUE,FALSE,0,,,,,,0
MWI,2021,0.07744379999999998,7,21,BEL,FALSE,122,Malawi,2020,FALSE,BEL,TRUE,FALSE,0,,,,,,0
MWI,2022,1.248531,4,18,ARE,FALSE,122,Malawi,2021,FALSE,BEL,TRUE,FALSE,0,,,,,,0
MWI,2023,0.77512751,,,,,122,Malawi,2022,FALSE,ARE,TRUE,FALSE,0,,,,,,
MYS,1990,0.5944513,3,9,SGP,FALSE,123,Malaysia,,,,FALSE,FALSE,0,,,,,,0
MYS,1991,1.0415019,2,10,SGP,FALSE,123,Malaysia,1990,FALSE,SGP,TRUE,FALSE,0,,,,,,0
MYS,1992,0.3974165999999999,2,9,SGP,FALSE,123,Malaysia,1991,FALSE,SGP,TRUE,FALSE,0,,,,,,0
MYS,1993,0.31937300000000013,2,9,SGP,FALSE,123,Malaysia,1992,FALSE,SGP,TRUE,FALSE,0,,,,,,0
MYS,1994,0.8799362,2,9,SGP,FALSE,123,Malaysia,1993,FALSE,SGP,TRUE,FALSE,0,,,,,,0
MYS,1995,0.8472621000000001,2,9,SGP,FALSE,123,Malaysia,1994,FALSE,SGP,TRUE,FALSE,0,,,,,,0
MYS,1996,0.5932514999999999,2,9,SGP,FALSE,123,Malaysia,1995,FALSE,SGP,TRUE,FALSE,0,,,,,,0
MYS,1997,0.4450446,2,10,SGP,FALSE,123,Malaysia,1996,FALSE,SGP,TRUE,FALSE,0,,,,,,0
MYS,1998,0.2730394,1,8,USA,FALSE,123,Malaysia,1997,FALSE,SGP,TRUE,FALSE,0,,,,,,0
MYS,1999,0.022639900000000046,1,6,USA,FALSE,123,Malaysia,1998,FALSE,USA,TRUE,FALSE,0,,,,,,0
MYS,2000,0.0278250000000001,1,4,USA,FALSE,123,Malaysia,1999,FALSE,USA,TRUE,FALSE,0,,,,,,0
MYS,2001,0.4118598,1,4,USA,FALSE,123,Malaysia,2000,FALSE,USA,TRUE,FALSE,0,,,,,,0
MYS,2002,0.2578996,1,4,USA,FALSE,123,Malaysia,2001,FALSE,USA,TRUE,FALSE,0,,,,,,0
MYS,2003,0.09348580000000006,1,3,USA,FALSE,123,Malaysia,2002,FALSE,USA,TRUE,FALSE,0,,,,,,0
MYS,2004,0.004305100000000062,1,3,USA,FALSE,123,Malaysia,2003,FALSE,USA,TRUE,FALSE,0,,,,,,0
MYS,2005,0.43969860000000005,1,2,USA,FALSE,123,Malaysia,2004,FALSE,USA,TRUE,FALSE,0,,,,,,0
MYS,2006,0.05350149999999998,1,2,USA,FALSE,123,Malaysia,2005,FALSE,USA,TRUE,FALSE,0,,,,,,0
MYS,2007,0.5428809999999998,2,3,SGP,FALSE,123,Malaysia,2006,FALSE,USA,TRUE,FALSE,0,,,,,,0
MYS,2008,0.25477859999999997,3,2,SGP,FALSE,123,Malaysia,2007,FALSE,SGP,TRUE,FALSE,0,,,,,,0
MYS,2009,0.47498070000000003,3,1,CHN,TRUE,123,Malaysia,2008,FALSE,SGP,TRUE,TRUE,1,2009,2008,FALSE,SGP,TRUE,1
MYS,2010,0.34688430000000003,3,1,CHN,TRUE,123,Malaysia,2009,TRUE,CHN,TRUE,FALSE,1,2009,2008,FALSE,SGP,TRUE,1
MYS,2011,0.04116439999999999,4,1,CHN,TRUE,123,Malaysia,2010,TRUE,CHN,TRUE,FALSE,1,2009,2008,FALSE,SGP,TRUE,1
MYS,2012,0.04868729999999999,4,1,CHN,TRUE,123,Malaysia,2011,TRUE,CHN,TRUE,FALSE,1,2009,2008,FALSE,SGP,TRUE,1
MYS,2013,0.10196040000000006,4,1,CHN,TRUE,123,Malaysia,2012,TRUE,CHN,TRUE,FALSE,1,2009,2008,FALSE,SGP,TRUE,1
MYS,2014,0.0010023000000000115,3,1,CHN,TRUE,123,Malaysia,2013,TRUE,CHN,TRUE,FALSE,1,2009,2008,FALSE,SGP,TRUE,1
MYS,2015,0.5135708,2,1,CHN,TRUE,123,Malaysia,2014,TRUE,CHN,TRUE,FALSE,1,2009,2008,FALSE,SGP,TRUE,1
MYS,2016,0.2733234,2,1,CHN,TRUE,123,Malaysia,2015,TRUE,CHN,TRUE,FALSE,1,2009,2008,FALSE,SGP,TRUE,1
MYS,2017,0.35454670000000005,3,1,CHN,TRUE,123,Malaysia,2016,TRUE,CHN,TRUE,FALSE,1,2009,2008,FALSE,SGP,TRUE,1
MYS,2018,0.1917605,3,1,CHN,TRUE,123,Malaysia,2017,TRUE,CHN,TRUE,FALSE,1,2009,2008,FALSE,SGP,TRUE,1
MYS,2019,0.3096078,3,1,CHN,TRUE,123,Malaysia,2018,TRUE,CHN,TRUE,FALSE,1,2009,2008,FALSE,SGP,TRUE,1
MYS,2020,0.08297499999999991,2,1,CHN,TRUE,123,Malaysia,2019,TRUE,CHN,TRUE,FALSE,1,2009,2008,FALSE,SGP,TRUE,1
MYS,2021,0.40363070000000006,2,1,CHN,TRUE,123,Malaysia,2020,TRUE,CHN,TRUE,FALSE,1,2009,2008,FALSE,SGP,TRUE,1
MYS,2022,0.46578569999999997,3,1,CHN,TRUE,123,Malaysia,2021,TRUE,CHN,TRUE,FALSE,1,2009,2008,FALSE,SGP,TRUE,1
MYS,2023,0.10094570000000003,,,,,123,Malaysia,2022,TRUE,CHN,TRUE,FALSE,1,2009,2008,FALSE,SGP,TRUE,
NAM,1990,0.6833305,4,,TUR,FALSE,124,Namibia,,,,FALSE,FALSE,0,,,,,,0
NAM,1991,0.7842149,5,,TUR,FALSE,124,Namibia,1990,FALSE,TUR,TRUE,FALSE,0,,,,,,0
NAM,1992,0.35421159999999996,1,,USA,FALSE,124,Namibia,1991,FALSE,TUR,TRUE,FALSE,0,,,,,,0
NAM,1993,0.5046086000000001,1,,USA,FALSE,124,Namibia,1992,FALSE,USA,TRUE,FALSE,0,,,,,,0
NAM,1994,0.7335395,2,27,MYS,FALSE,124,Namibia,1993,FALSE,USA,TRUE,FALSE,0,,,,,,0
NAM,1995,0.7296764000000001,12,17,MYS,FALSE,124,Namibia,1994,FALSE,MYS,TRUE,FALSE,0,,,,,,0
NAM,1996,0.5944894,17,7,MYS,FALSE,124,Namibia,1995,FALSE,MYS,TRUE,FALSE,0,,,,,,0
NAM,1997,0.24688350000000003,4,33,ZAF,FALSE,124,Namibia,1996,FALSE,MYS,TRUE,FALSE,0,,,,,,0
NAM,1998,0.1739171,6,2,ZAF,FALSE,124,Namibia,1997,FALSE,ZAF,TRUE,FALSE,0,,,,,,0
NAM,1999,0.09258640000000007,19,,ZAF,FALSE,124,Namibia,1998,FALSE,ZAF,TRUE,FALSE,0,,,,,,0
NAM,2000,0.06160960000000004,6,24,ESP,FALSE,124,Namibia,1999,FALSE,ZAF,TRUE,FALSE,0,,,,,,0
NAM,2001,0.08464309999999997,6,13,GBR,FALSE,124,Namibia,2000,FALSE,ESP,TRUE,FALSE,0,,,,,,0
NAM,2002,0.09512510000000007,6,8,GBR,FALSE,124,Namibia,2001,FALSE,GBR,TRUE,FALSE,0,,,,,,0
NAM,2003,0.2983127,5,8,ZAF,FALSE,124,Namibia,2002,FALSE,GBR,TRUE,FALSE,0,,,,,,0
NAM,2004,0.2682261,3,10,GBR,FALSE,124,Namibia,2003,FALSE,ZAF,TRUE,FALSE,0,,,,,,0
NAM,2005,0.27792140000000004,5,9,ZAF,FALSE,124,Namibia,2004,FALSE,GBR,TRUE,FALSE,0,,,,,,0
NAM,2006,0.2217597,9,8,GBR,FALSE,124,Namibia,2005,FALSE,ZAF,TRUE,FALSE,0,,,,,,0
NAM,2007,0.12342190000000003,5,6,ZAF,FALSE,124,Namibia,2006,FALSE,GBR,TRUE,FALSE,0,,,,,,0
NAM,2008,0.005499299999999985,4,5,ZAF,FALSE,124,Namibia,2007,FALSE,ZAF,TRUE,FALSE,0,,,,,,0
NAM,2009,0.34965159999999995,3,4,ZAF,FALSE,124,Namibia,2008,FALSE,ZAF,TRUE,FALSE,0,,,,,,0
NAM,2010,0.1303974000000001,7,2,ZAF,FALSE,124,Namibia,2009,FALSE,ZAF,TRUE,FALSE,0,,,,,,0
NAM,2011,0.00754100000000002,3,8,GBR,FALSE,124,Namibia,2010,FALSE,ZAF,TRUE,FALSE,0,,,,,,0
NAM,2012,0.09727459999999999,8,7,ZAF,FALSE,124,Namibia,2011,FALSE,GBR,TRUE,FALSE,0,,,,,,0
NAM,2013,0.3360831000000001,4,5,BWA,FALSE,124,Namibia,2012,FALSE,ZAF,TRUE,FALSE,0,,,,,,0
NAM,2014,0.03669869999999997,7,5,BWA,FALSE,124,Namibia,2013,FALSE,BWA,TRUE,FALSE,0,,,,,,0
NAM,2015,0.8277008,14,4,BWA,FALSE,124,Namibia,2014,FALSE,BWA,TRUE,FALSE,0,,,,,,0
NAM,2016,0.31708040000000004,14,5,BWA,FALSE,124,Namibia,2015,FALSE,BWA,TRUE,FALSE,0,,,,,,0
NAM,2017,0.4150308,13,5,ZAF,FALSE,124,Namibia,2016,FALSE,BWA,TRUE,FALSE,0,,,,,,0
NAM,2018,0.13687320000000003,14,5,ZAF,FALSE,124,Namibia,2017,FALSE,ZAF,TRUE,FALSE,0,,,,,,0
NAM,2019,0.10137039999999997,10,3,ZAF,FALSE,124,Namibia,2018,FALSE,ZAF,TRUE,FALSE,0,,,,,,0
NAM,2020,0.0035658999999998997,13,2,ZAF,FALSE,124,Namibia,2019,FALSE,ZAF,TRUE,FALSE,0,,,,,,0
NAM,2021,0.23940509999999998,10,2,ZAF,FALSE,124,Namibia,2020,FALSE,ZAF,TRUE,FALSE,0,,,,,,0
NAM,2022,0.5111021,5,2,ZAF,FALSE,124,Namibia,2021,FALSE,ZAF,TRUE,FALSE,0,,,,,,0
NAM,2023,0.15046380000000004,,,,,124,Namibia,2022,FALSE,ZAF,TRUE,FALSE,0,,,,,,
NER,1990,0.5818635,12,,ESP,FALSE,125,Niger,,,,FALSE,FALSE,0,,,,,,0
NER,1991,0.41812889999999997,2,,CAN,FALSE,125,Niger,1990,FALSE,ESP,TRUE,FALSE,0,,,,,,0
NER,1992,0.028395500000000018,2,,CAN,FALSE,125,Niger,1991,FALSE,CAN,TRUE,FALSE,0,,,,,,0
NER,1993,0.6794927000000001,3,22,CAN,FALSE,125,Niger,1992,FALSE,CAN,TRUE,FALSE,0,,,,,,0
NER,1994,0.9881795,5,8,FRA,FALSE,125,Niger,1993,FALSE,CAN,TRUE,FALSE,0,,,,,,0
NER,1995,0.7937791000000001,14,29,BEN,FALSE,125,Niger,1994,FALSE,FRA,TRUE,FALSE,0,,,,,,0
NER,1996,0.6332547,16,44,BEN,FALSE,125,Niger,1995,FALSE,BEN,TRUE,FALSE,0,,,,,,0
NER,1997,0.16225599999999996,5,23,KOR,FALSE,125,Niger,1996,FALSE,BEN,TRUE,FALSE,0,,,,,,0
NER,1998,0.3693384,13,,FRA,FALSE,125,Niger,1997,FALSE,KOR,TRUE,FALSE,0,,,,,,0
NER,2000,0.028881500000000004,5,32,KOR,FALSE,125,Niger,1998,FALSE,FRA,TRUE,FALSE,0,,,,,,0
NER,2003,0.004175600000000057,5,47,FRA,FALSE,125,Niger,2000,FALSE,KOR,TRUE,FALSE,0,,,,,,0
NER,2004,0.11810809999999994,5,25,FRA,FALSE,125,Niger,2003,FALSE,FRA,TRUE,FALSE,0,,,,,,0
NER,2005,0.22176480000000004,2,18,FRA,FALSE,125,Niger,2004,FALSE,FRA,TRUE,FALSE,0,,,,,,0
NER,2006,0.197581,2,11,FRA,FALSE,125,Niger,2005,FALSE,FRA,TRUE,FALSE,0,,,,,,0
NER,2007,0.18351459999999997,4,17,FRA,FALSE,125,Niger,2006,FALSE,FRA,TRUE,FALSE,0,,,,,,0
NER,2008,0.0855281,5,16,JPN,FALSE,125,Niger,2007,FALSE,FRA,TRUE,FALSE,0,,,,,,0
NER,2009,0.13269730000000002,2,14,FRA,FALSE,125,Niger,2008,FALSE,JPN,TRUE,FALSE,0,,,,,,0
NER,2010,0.23063690000000003,2,20,FRA,FALSE,125,Niger,2009,FALSE,FRA,TRUE,FALSE,0,,,,,,0
NER,2011,0.0211325,1,6,USA,FALSE,125,Niger,2010,FALSE,FRA,TRUE,FALSE,0,,,,,,0
NER,2012,0.21545599999999998,4,7,FRA,FALSE,125,Niger,2011,FALSE,USA,TRUE,FALSE,0,,,,,,0
NER,2013,0.14506810000000003,4,7,NGA,FALSE,125,Niger,2012,FALSE,FRA,TRUE,FALSE,0,,,,,,0
NER,2014,0.1305362,6,5,FRA,FALSE,125,Niger,2013,FALSE,NGA,TRUE,FALSE,0,,,,,,0
NER,2015,0.6664536999999999,4,3,FRA,FALSE,125,Niger,2014,FALSE,FRA,TRUE,FALSE,0,,,,,,0
NER,2016,0.14285629999999994,9,3,FRA,FALSE,125,Niger,2015,FALSE,FRA,TRUE,FALSE,0,,,,,,0
NER,2017,0.2492237,8,5,NGA,FALSE,125,Niger,2016,FALSE,FRA,TRUE,FALSE,0,,,,,,0
NER,2018,0.21139509999999995,8,4,ARE,FALSE,125,Niger,2017,FALSE,NGA,TRUE,FALSE,0,,,,,,0
NER,2019,0.23637439999999998,13,2,ARE,FALSE,125,Niger,2018,FALSE,ARE,TRUE,FALSE,0,,,,,,0
NER,2020,0.2769381000000001,20,2,ARE,FALSE,125,Niger,2019,FALSE,ARE,TRUE,FALSE,0,,,,,,0
NER,2021,0.2881137,11,2,ARE,FALSE,125,Niger,2020,FALSE,ARE,TRUE,FALSE,0,,,,,,0
NER,2022,0.5216706,19,2,ARE,FALSE,125,Niger,2021,FALSE,ARE,TRUE,FALSE,0,,,,,,0
NER,2023,0.12283280000000008,,,,,125,Niger,2022,FALSE,ARE,TRUE,FALSE,0,,,,,,
NGA,1990,0.6252087,10,19,ESP,FALSE,126,Nigeria,,,,FALSE,FALSE,0,,,,,,0
NGA,1991,0.46090709999999996,1,18,USA,FALSE,126,Nigeria,1990,FALSE,ESP,TRUE,FALSE,0,,,,,,0
NGA,1992,0.0076296999999999615,1,20,USA,FALSE,126,Nigeria,1991,FALSE,USA,TRUE,FALSE,0,,,,,,0
NGA,1993,1.0844772,1,39,USA,FALSE,126,Nigeria,1992,FALSE,USA,TRUE,FALSE,0,,,,,,0
NGA,1994,1.0800306,1,38,USA,FALSE,126,Nigeria,1993,FALSE,USA,TRUE,FALSE,0,,,,,,0
NGA,1995,0.1374470000000001,1,20,USA,FALSE,126,Nigeria,1994,FALSE,USA,TRUE,FALSE,0,,,,,,0
NGA,1996,0.249506,1,41,USA,FALSE,126,Nigeria,1995,FALSE,USA,TRUE,FALSE,0,,,,,,0
NGA,1997,0.420428,1,35,USA,FALSE,126,Nigeria,1996,FALSE,USA,TRUE,FALSE,0,,,,,,0
NGA,1998,0.7736869,1,28,USA,FALSE,126,Nigeria,1997,FALSE,USA,TRUE,FALSE,0,,,,,,0
NGA,1999,0.19653499999999996,1,17,USA,FALSE,126,Nigeria,1998,FALSE,USA,TRUE,FALSE,0,,,,,,0
NGA,2000,0.03421150000000006,1,16,USA,FALSE,126,Nigeria,1999,FALSE,USA,TRUE,FALSE,0,,,,,,0
NGA,2001,0.07693419999999995,1,19,USA,FALSE,126,Nigeria,2000,FALSE,USA,TRUE,FALSE,0,,,,,,0
NGA,2002,0.21293040000000008,1,25,USA,FALSE,126,Nigeria,2001,FALSE,USA,TRUE,FALSE,0,,,,,,0
NGA,2003,0.36018890000000003,1,27,USA,FALSE,126,Nigeria,2002,FALSE,USA,TRUE,FALSE,0,,,,,,0
NGA,2004,0.04611109999999996,1,13,USA,FALSE,126,Nigeria,2003,FALSE,USA,TRUE,FALSE,0,,,,,,0
NGA,2005,0.2589405,1,16,USA,FALSE,126,Nigeria,2004,FALSE,USA,TRUE,FALSE,0,,,,,,0
NGA,2006,0.555669,1,23,USA,FALSE,126,Nigeria,2005,FALSE,USA,TRUE,FALSE,0,,,,,,0
NGA,2007,0.21480250000000006,1,16,USA,FALSE,126,Nigeria,2006,FALSE,USA,TRUE,FALSE,0,,,,,,0
NGA,2008,0.19059510000000002,1,19,USA,FALSE,126,Nigeria,2007,FALSE,USA,TRUE,FALSE,0,,,,,,0
NGA,2009,0.04879979999999995,1,14,USA,FALSE,126,Nigeria,2008,FALSE,USA,TRUE,FALSE,0,,,,,,0
NGA,2010,0.36566990000000005,1,17,USA,FALSE,126,Nigeria,2009,FALSE,USA,TRUE,FALSE,0,,,,,,0
NGA,2011,0.25642149999999997,1,16,USA,FALSE,126,Nigeria,2010,FALSE,USA,TRUE,FALSE,0,,,,,,0
NGA,2012,0.24464229999999998,1,18,USA,FALSE,126,Nigeria,2011,FALSE,USA,TRUE,FALSE,0,,,,,,0
NGA,2013,0.14425920000000003,2,17,IND,FALSE,126,Nigeria,2012,FALSE,USA,TRUE,FALSE,0,,,,,,0
NGA,2014,0.11844120000000002,10,13,IND,FALSE,126,Nigeria,2013,FALSE,IND,TRUE,FALSE,0,,,,,,0
NGA,2015,0.6954383,9,13,IND,FALSE,126,Nigeria,2014,FALSE,IND,TRUE,FALSE,0,,,,,,0
NGA,2016,0.3347226,2,13,IND,FALSE,126,Nigeria,2015,FALSE,IND,TRUE,FALSE,0,,,,,,0
NGA,2017,0.11679280000000003,2,9,IND,FALSE,126,Nigeria,2016,FALSE,IND,TRUE,FALSE,0,,,,,,0
NGA,2018,0.08277650000000003,3,11,IND,FALSE,126,Nigeria,2017,FALSE,IND,TRUE,FALSE,0,,,,,,0
NGA,2019,0.017444100000000018,3,7,IND,FALSE,126,Nigeria,2018,FALSE,IND,TRUE,FALSE,0,,,,,,0
NGA,2020,0.30736460000000004,8,3,IND,FALSE,126,Nigeria,2019,FALSE,IND,TRUE,FALSE,0,,,,,,0
NGA,2021,0.3333202,3,5,IND,FALSE,126,Nigeria,2020,FALSE,IND,TRUE,FALSE,0,,,,,,0
NGA,2022,0.3771725,4,15,ESP,FALSE,126,Nigeria,2021,FALSE,IND,TRUE,FALSE,0,,,,,,0
NGA,2023,0.03919040000000007,,,,,126,Nigeria,2022,FALSE,ESP,TRUE,FALSE,0,,,,,,
NIC,1990,0.41723030000000005,29,5,CAN,FALSE,127,Nicaragua,,,,FALSE,FALSE,0,,,,,,0
NIC,1991,0.32145760000000007,1,,USA,FALSE,127,Nicaragua,1990,FALSE,CAN,TRUE,FALSE,0,,,,,,0
NIC,1992,0.3914511,1,33,USA,FALSE,127,Nicaragua,1991,FALSE,USA,TRUE,FALSE,0,,,,,,0
NIC,1993,1.43971088,1,38,USA,FALSE,127,Nicaragua,1992,FALSE,USA,TRUE,FALSE,0,,,,,,0
NIC,1994,1.70200554,1,46,USA,FALSE,127,Nicaragua,1993,FALSE,USA,TRUE,FALSE,0,,,,,,0
NIC,1995,1.53989927,1,64,USA,FALSE,127,Nicaragua,1994,FALSE,USA,TRUE,FALSE,0,,,,,,0
NIC,1996,1.2300406799999999,1,50,USA,FALSE,127,Nicaragua,1995,FALSE,USA,TRUE,FALSE,0,,,,,,0
NIC,1997,1.179372356,1,66,USA,FALSE,127,Nicaragua,1996,FALSE,USA,TRUE,FALSE,0,,,,,,0
NIC,1998,0.6058507,1,76,USA,FALSE,127,Nicaragua,1997,FALSE,USA,TRUE,FALSE,0,,,,,,0
NIC,1999,0.59716428,1,51,USA,FALSE,127,Nicaragua,1998,FALSE,USA,TRUE,FALSE,0,,,,,,0
NIC,2000,0.6149329,1,40,USA,FALSE,127,Nicaragua,1999,FALSE,USA,TRUE,FALSE,0,,,,,,0
NIC,2001,0.8606453000000001,1,53,USA,FALSE,127,Nicaragua,2000,FALSE,USA,TRUE,FALSE,0,,,,,,0
NIC,2002,0.27348949999999994,1,49,USA,FALSE,127,Nicaragua,2001,FALSE,USA,TRUE,FALSE,0,,,,,,0
NIC,2003,0.91292083,1,38,USA,FALSE,127,Nicaragua,2002,FALSE,USA,TRUE,FALSE,0,,,,,,0
NIC,2004,0.8516597100000001,1,25,USA,FALSE,127,Nicaragua,2003,FALSE,USA,TRUE,FALSE,0,,,,,,0
NIC,2005,0.66895956,1,12,USA,FALSE,127,Nicaragua,2004,FALSE,USA,TRUE,FALSE,0,,,,,,0
NIC,2006,0.82057458,1,40,USA,FALSE,127,Nicaragua,2005,FALSE,USA,TRUE,FALSE,0,,,,,,0
NIC,2007,0.16395969999999993,1,32,USA,FALSE,127,Nicaragua,2006,FALSE,USA,TRUE,FALSE,0,,,,,,0
NIC,2008,0.36945589999999995,1,38,USA,FALSE,127,Nicaragua,2007,FALSE,USA,TRUE,FALSE,0,,,,,,0
NIC,2009,0.5921267,1,30,USA,FALSE,127,Nicaragua,2008,FALSE,USA,TRUE,FALSE,0,,,,,,0
NIC,2010,0.23342030000000002,1,30,USA,FALSE,127,Nicaragua,2009,FALSE,USA,TRUE,FALSE,0,,,,,,0
NIC,2011,0.823705,1,22,USA,FALSE,127,Nicaragua,2010,FALSE,USA,TRUE,FALSE,0,,,,,,0
NIC,2012,0.8150343000000001,1,7,USA,FALSE,127,Nicaragua,2011,FALSE,USA,TRUE,FALSE,0,,,,,,0
NIC,2013,1.0876252,1,9,USA,FALSE,127,Nicaragua,2012,FALSE,USA,TRUE,FALSE,0,,,,,,0
NIC,2014,0.4332105999999999,1,15,USA,FALSE,127,Nicaragua,2013,FALSE,USA,TRUE,FALSE,0,,,,,,0
NIC,2015,1.3165988000000002,1,16,USA,FALSE,127,Nicaragua,2014,FALSE,USA,TRUE,FALSE,0,,,,,,0
NIC,2016,1.0269741,1,22,USA,FALSE,127,Nicaragua,2015,FALSE,USA,TRUE,FALSE,0,,,,,,0
NIC,2017,0.9288318,1,20,USA,FALSE,127,Nicaragua,2016,FALSE,USA,TRUE,FALSE,0,,,,,,0
NIC,2018,0.9925594,1,7,USA,FALSE,127,Nicaragua,2017,FALSE,USA,TRUE,FALSE,0,,,,,,0
NIC,2019,1.1361606,1,14,USA,FALSE,127,Nicaragua,2018,FALSE,USA,TRUE,FALSE,0,,,,,,0
NIC,2020,0.9602866,1,21,USA,FALSE,127,Nicaragua,2019,FALSE,USA,TRUE,FALSE,0,,,,,,0
NIC,2021,1.3214979,1,22,USA,FALSE,127,Nicaragua,2020,FALSE,USA,TRUE,FALSE,0,,,,,,0
NIC,2022,0.625983,1,18,USA,FALSE,127,Nicaragua,2021,FALSE,USA,TRUE,FALSE,0,,,,,,0
NIC,2023,0.9239873,,,,,127,Nicaragua,2022,FALSE,USA,TRUE,FALSE,0,,,,,,
NLD,1990,2.033029,22,43,DEU,FALSE,128,Netherlands,,,,FALSE,FALSE,0,,,,,,0
NLD,1991,2.0526981,2,54,DEU,FALSE,128,Netherlands,1990,FALSE,DEU,TRUE,FALSE,0,,,,,,0
NLD,1992,2.3582094,6,25,DEU,FALSE,128,Netherlands,1991,FALSE,DEU,TRUE,FALSE,0,,,,,,0
NLD,1993,3.179428,6,19,DEU,FALSE,128,Netherlands,1992,FALSE,DEU,TRUE,FALSE,0,,,,,,0
NLD,1994,3.306123,6,23,DEU,FALSE,128,Netherlands,1993,FALSE,DEU,TRUE,FALSE,0,,,,,,0
NLD,1995,2.949813,6,26,DEU,FALSE,128,Netherlands,1994,FALSE,DEU,TRUE,FALSE,0,,,,,,0
NLD,1996,2.9434959999999997,6,24,DEU,FALSE,128,Netherlands,1995,FALSE,DEU,TRUE,FALSE,0,,,,,,0
NLD,1997,2.82172,6,25,DEU,FALSE,128,Netherlands,1996,FALSE,DEU,TRUE,FALSE,0,,,,,,0
NLD,1998,1.7261461,6,26,DEU,FALSE,128,Netherlands,1997,FALSE,DEU,TRUE,FALSE,0,,,,,,0
NLD,1999,1.9697404,6,25,DEU,FALSE,128,Netherlands,1998,FALSE,DEU,TRUE,FALSE,0,,,,,,0
NLD,2000,1.9796136,6,24,DEU,FALSE,128,Netherlands,1999,FALSE,DEU,TRUE,FALSE,0,,,,,,0
NLD,2001,1.8049373000000002,6,20,DEU,FALSE,128,Netherlands,2000,FALSE,DEU,TRUE,FALSE,0,,,,,,0
NLD,2002,1.8312476,6,18,DEU,FALSE,128,Netherlands,2001,FALSE,DEU,TRUE,FALSE,0,,,,,,0
NLD,2003,2.0670722,6,16,DEU,FALSE,128,Netherlands,2002,FALSE,DEU,TRUE,FALSE,0,,,,,,0
NLD,2004,1.822731,6,15,BEL,FALSE,128,Netherlands,2003,FALSE,DEU,TRUE,FALSE,0,,,,,,0
NLD,2005,1.7870064,6,19,DEU,FALSE,128,Netherlands,2004,FALSE,BEL,TRUE,FALSE,0,,,,,,0
NLD,2006,1.8556691,6,16,DEU,FALSE,128,Netherlands,2005,FALSE,DEU,TRUE,FALSE,0,,,,,,0
NLD,2007,1.682089,6,16,BEL,FALSE,128,Netherlands,2006,FALSE,DEU,TRUE,FALSE,0,,,,,,0
NLD,2008,1.6544971,6,16,BEL,FALSE,128,Netherlands,2007,FALSE,BEL,TRUE,FALSE,0,,,,,,0
NLD,2009,1.7739533,7,12,DEU,FALSE,128,Netherlands,2008,FALSE,BEL,TRUE,FALSE,0,,,,,,0
NLD,2010,1.9177587000000003,6,12,DEU,FALSE,128,Netherlands,2009,FALSE,DEU,TRUE,FALSE,0,,,,,,0
NLD,2011,1.865608,6,11,DEU,FALSE,128,Netherlands,2010,FALSE,DEU,TRUE,FALSE,0,,,,,,0
NLD,2012,1.8415807,6,9,DEU,FALSE,128,Netherlands,2011,FALSE,DEU,TRUE,FALSE,0,,,,,,0
NLD,2013,1.5142928,6,9,DEU,FALSE,128,Netherlands,2012,FALSE,DEU,TRUE,FALSE,0,,,,,,0
NLD,2014,1.9047614,6,9,DEU,FALSE,128,Netherlands,2013,FALSE,DEU,TRUE,FALSE,0,,,,,,0
NLD,2015,1.3377712,6,9,DEU,FALSE,128,Netherlands,2014,FALSE,DEU,TRUE,FALSE,0,,,,,,0
NLD,2016,1.5294609,6,9,DEU,FALSE,128,Netherlands,2015,FALSE,DEU,TRUE,FALSE,0,,,,,,0
NLD,2017,1.3885262,6,9,DEU,FALSE,128,Netherlands,2016,FALSE,DEU,TRUE,FALSE,0,,,,,,0
NLD,2018,1.6007326,6,9,DEU,FALSE,128,Netherlands,2017,FALSE,DEU,TRUE,FALSE,0,,,,,,0
NLD,2019,1.4363774,6,9,DEU,FALSE,128,Netherlands,2018,FALSE,DEU,TRUE,FALSE,0,,,,,,0
NLD,2020,1.7886444,6,9,DEU,FALSE,128,Netherlands,2019,FALSE,DEU,TRUE,FALSE,0,,,,,,0
NLD,2021,1.4025021,6,9,DEU,FALSE,128,Netherlands,2020,FALSE,DEU,TRUE,FALSE,0,,,,,,0
NLD,2022,2.359448,5,10,DEU,FALSE,128,Netherlands,2021,FALSE,DEU,TRUE,FALSE,0,,,,,,0
NLD,2023,1.9680737000000001,,,,,128,Netherlands,2022,FALSE,DEU,TRUE,FALSE,0,,,,,,
NOR,1990,1.4649670000000001,35,41,DEU,FALSE,129,Norway,,,,FALSE,FALSE,0,,,,,,0
NOR,1991,1.6367201,3,50,DEU,FALSE,129,Norway,1990,FALSE,DEU,TRUE,FALSE,0,,,,,,0
NOR,1992,2.0171264,3,15,DEU,FALSE,129,Norway,1991,FALSE,DEU,TRUE,FALSE,0,,,,,,0
NOR,1993,2.8096690000000004,5,21,GBR,FALSE,129,Norway,1992,FALSE,DEU,TRUE,FALSE,0,,,,,,0
NOR,1994,3.062685,5,21,DEU,FALSE,129,Norway,1993,FALSE,GBR,TRUE,FALSE,0,,,,,,0
NOR,1995,2.7616880000000004,5,20,DEU,FALSE,129,Norway,1994,FALSE,DEU,TRUE,FALSE,0,,,,,,0
NOR,1996,2.734827,5,21,GBR,FALSE,129,Norway,1995,FALSE,DEU,TRUE,FALSE,0,,,,,,0
NOR,1997,2.651444,5,16,GBR,FALSE,129,Norway,1996,FALSE,GBR,TRUE,FALSE,0,,,,,,0
NOR,1998,1.6199421,6,18,GBR,FALSE,129,Norway,1997,FALSE,GBR,TRUE,FALSE,0,,,,,,0
NOR,1999,1.8060564000000001,5,17,GBR,FALSE,129,Norway,1998,FALSE,GBR,TRUE,FALSE,0,,,,,,0
NOR,2000,1.8745536,5,16,GBR,FALSE,129,Norway,1999,FALSE,GBR,TRUE,FALSE,0,,,,,,0
NOR,2001,1.7836433,5,16,GBR,FALSE,129,Norway,2000,FALSE,GBR,TRUE,FALSE,0,,,,,,0
NOR,2002,1.6801076,3,13,GBR,FALSE,129,Norway,2001,FALSE,GBR,TRUE,FALSE,0,,,,,,0
NOR,2003,2.1107152,5,16,GBR,FALSE,129,Norway,2002,FALSE,GBR,TRUE,FALSE,0,,,,,,0
NOR,2004,1.826492,5,11,GBR,FALSE,129,Norway,2003,FALSE,GBR,TRUE,FALSE,0,,,,,,0
NOR,2005,1.6563406999999999,5,16,GBR,FALSE,129,Norway,2004,FALSE,GBR,TRUE,FALSE,0,,,,,,0
NOR,2006,1.8613971,5,15,GBR,FALSE,129,Norway,2005,FALSE,GBR,TRUE,FALSE,0,,,,,,0
NOR,2007,1.5465647,5,16,GBR,FALSE,129,Norway,2006,FALSE,GBR,TRUE,FALSE,0,,,,,,0
NOR,2008,1.4197232,5,15,GBR,FALSE,129,Norway,2007,FALSE,GBR,TRUE,FALSE,0,,,,,,0
NOR,2009,1.4759457999999999,5,10,GBR,FALSE,129,Norway,2008,FALSE,GBR,TRUE,FALSE,0,,,,,,0
NOR,2010,1.7151384,5,9,GBR,FALSE,129,Norway,2009,FALSE,GBR,TRUE,FALSE,0,,,,,,0
NOR,2011,1.6134226,6,10,GBR,FALSE,129,Norway,2010,FALSE,GBR,TRUE,FALSE,0,,,,,,0
NOR,2012,1.7483811999999999,6,11,GBR,FALSE,129,Norway,2011,FALSE,GBR,TRUE,FALSE,0,,,,,,0
NOR,2013,1.4198791,7,11,GBR,FALSE,129,Norway,2012,FALSE,GBR,TRUE,FALSE,0,,,,,,0
NOR,2014,1.807272,6,8,GBR,FALSE,129,Norway,2013,FALSE,GBR,TRUE,FALSE,0,,,,,,0
NOR,2015,1.1645638999999999,5,6,GBR,FALSE,129,Norway,2014,FALSE,GBR,TRUE,FALSE,0,,,,,,0
NOR,2016,1.3962742000000001,5,6,GBR,FALSE,129,Norway,2015,FALSE,GBR,TRUE,FALSE,0,,,,,,0
NOR,2017,1.3008809,5,9,GBR,FALSE,129,Norway,2016,FALSE,GBR,TRUE,FALSE,0,,,,,,0
NOR,2018,1.4320548,5,9,GBR,FALSE,129,Norway,2017,FALSE,GBR,TRUE,FALSE,0,,,,,,0
NOR,2019,1.3179913,5,6,GBR,FALSE,129,Norway,2018,FALSE,GBR,TRUE,FALSE,0,,,,,,0
NOR,2020,1.5874454,6,3,GBR,FALSE,129,Norway,2019,FALSE,GBR,TRUE,FALSE,0,,,,,,0
NOR,2021,1.3366300999999998,7,3,GBR,FALSE,129,Norway,2020,FALSE,GBR,TRUE,FALSE,0,,,,,,0
NOR,2022,2.131724,9,6,GBR,FALSE,129,Norway,2021,FALSE,GBR,TRUE,FALSE,0,,,,,,0
NOR,2023,1.7265433,,,,,129,Norway,2022,FALSE,GBR,TRUE,FALSE,0,,,,,,
NPL,1990,0.09607279999999999,10,6,DEU,FALSE,130,Nepal,,,,FALSE,FALSE,0,,,,,,0
NPL,1991,0.24296029999999996,2,19,DEU,FALSE,130,Nepal,1990,FALSE,DEU,TRUE,FALSE,0,,,,,,0
NPL,1992,0.3875852,2,14,DEU,FALSE,130,Nepal,1991,FALSE,DEU,TRUE,FALSE,0,,,,,,0
NPL,1993,1.2594660000000002,2,9,DEU,FALSE,130,Nepal,1992,FALSE,DEU,TRUE,FALSE,0,,,,,,0
NPL,1994,1.1839103999999998,2,12,DEU,FALSE,130,Nepal,1993,FALSE,DEU,TRUE,FALSE,0,,,,,,0
NPL,1995,1.1423083,2,27,DEU,FALSE,130,Nepal,1994,FALSE,DEU,TRUE,FALSE,0,,,,,,0
NPL,1996,0.6950496999999999,2,11,DEU,FALSE,130,Nepal,1995,FALSE,DEU,TRUE,FALSE,0,,,,,,0
NPL,1997,0.5080823,2,5,DEU,FALSE,130,Nepal,1996,FALSE,DEU,TRUE,FALSE,0,,,,,,0
NPL,1998,0.13502379999999997,1,11,USA,FALSE,130,Nepal,1997,FALSE,DEU,TRUE,FALSE,0,,,,,,0
NPL,1999,0.21116630000000003,2,7,IND,FALSE,130,Nepal,1998,FALSE,USA,TRUE,FALSE,0,,,,,,0
NPL,2000,0.09409330000000005,2,11,IND,FALSE,130,Nepal,1999,FALSE,IND,TRUE,FALSE,0,,,,,,0
NPL,2001,0.16625219999999996,2,12,IND,FALSE,130,Nepal,2000,FALSE,IND,TRUE,FALSE,0,,,,,,0
NPL,2002,0.2506733,2,9,IND,FALSE,130,Nepal,2001,FALSE,IND,TRUE,FALSE,0,,,,,,0
NPL,2003,0.42974840000000003,2,5,IND,FALSE,130,Nepal,2002,FALSE,IND,TRUE,FALSE,0,,,,,,0
NPL,2004,0.13330430000000004,2,8,IND,FALSE,130,Nepal,2003,FALSE,IND,TRUE,FALSE,0,,,,,,0
NPL,2005,0.28080330000000003,2,9,IND,FALSE,130,Nepal,2004,FALSE,IND,TRUE,FALSE,0,,,,,,0
NPL,2006,0.4965276,2,9,IND,FALSE,130,Nepal,2005,FALSE,IND,TRUE,FALSE,0,,,,,,0
NPL,2007,0.20754570000000006,2,6,IND,FALSE,130,Nepal,2006,FALSE,IND,TRUE,FALSE,0,,,,,,0
NPL,2008,0.2197055,2,12,IND,FALSE,130,Nepal,2007,FALSE,IND,TRUE,FALSE,0,,,,,,0
NPL,2009,0.09345749999999997,3,9,IND,FALSE,130,Nepal,2008,FALSE,IND,TRUE,FALSE,0,,,,,,0
NPL,2010,0.31720780000000004,2,9,IND,FALSE,130,Nepal,2009,FALSE,IND,TRUE,FALSE,0,,,,,,0
NPL,2011,0.024126700000000056,2,7,IND,FALSE,130,Nepal,2010,FALSE,IND,TRUE,FALSE,0,,,,,,0
NPL,2012,0.2892076,2,4,IND,FALSE,130,Nepal,2011,FALSE,IND,TRUE,FALSE,0,,,,,,0
NPL,2013,0.23031040000000003,2,3,IND,FALSE,130,Nepal,2012,FALSE,IND,TRUE,FALSE,0,,,,,,0
NPL,2014,0.15124559999999998,2,3,IND,FALSE,130,Nepal,2013,FALSE,IND,TRUE,FALSE,0,,,,,,0
NPL,2015,0.49665799999999993,2,5,IND,FALSE,130,Nepal,2014,FALSE,IND,TRUE,FALSE,0,,,,,,0
NPL,2016,0.25648269999999995,2,6,IND,FALSE,130,Nepal,2015,FALSE,IND,TRUE,FALSE,0,,,,,,0
NPL,2017,0.4111206,2,6,IND,FALSE,130,Nepal,2016,FALSE,IND,TRUE,FALSE,0,,,,,,0
NPL,2018,0.08033009999999996,2,7,IND,FALSE,130,Nepal,2017,FALSE,IND,TRUE,FALSE,0,,,,,,0
NPL,2019,0.246251,2,5,IND,FALSE,130,Nepal,2018,FALSE,IND,TRUE,FALSE,0,,,,,,0
NPL,2020,0.020195800000000097,2,5,IND,FALSE,130,Nepal,2019,FALSE,IND,TRUE,FALSE,0,,,,,,0
NPL,2021,0.3188387,2,4,IND,FALSE,130,Nepal,2020,FALSE,IND,TRUE,FALSE,0,,,,,,0
NPL,2022,0.5755416,2,6,IND,FALSE,130,Nepal,2021,FALSE,IND,TRUE,FALSE,0,,,,,,0
NPL,2023,0.3176396,,,,,130,Nepal,2022,FALSE,IND,TRUE,FALSE,0,,,,,,
NRU,2000,0.9834080000000001,6,,NZL,FALSE,131,Nauru,,,,FALSE,FALSE,0,,,,,,0
NRU,2001,0.9545029,12,,IND,FALSE,131,Nauru,2000,FALSE,NZL,TRUE,FALSE,0,,,,,,0
NRU,2002,0.9158933,7,,KOR,FALSE,131,Nauru,2001,FALSE,IND,TRUE,FALSE,0,,,,,,0
NRU,2003,1.4556966,6,,NGA,FALSE,131,Nauru,2002,FALSE,KOR,TRUE,FALSE,0,,,,,,0
NRU,2004,1.3376474,14,53,ZAF,FALSE,131,Nauru,2003,FALSE,NGA,TRUE,FALSE,0,,,,,,0
NRU,2005,2.1591364,9,51,KOR,FALSE,131,Nauru,2004,FALSE,ZAF,TRUE,FALSE,0,,,,,,0
NRU,2006,1.3385843,7,51,POL,FALSE,131,Nauru,2005,FALSE,KOR,TRUE,FALSE,0,,,,,,0
NRU,2007,1.2842504,11,,KOR,FALSE,131,Nauru,2006,FALSE,POL,TRUE,FALSE,0,,,,,,0
NRU,2008,1.5193281,12,,KOR,FALSE,131,Nauru,2007,FALSE,KOR,TRUE,FALSE,0,,,,,,0
NRU,2009,2.6649593,11,,IND,FALSE,131,Nauru,2008,FALSE,KOR,TRUE,FALSE,0,,,,,,0
NRU,2010,3.4005587,11,,KOR,FALSE,131,Nauru,2009,FALSE,IND,TRUE,FALSE,0,,,,,,0
NRU,2011,3.394912,10,35,KOR,FALSE,131,Nauru,2010,FALSE,KOR,TRUE,FALSE,0,,,,,,0
NRU,2012,1.6802367999999999,9,20,KOR,FALSE,131,Nauru,2011,FALSE,KOR,TRUE,FALSE,0,,,,,,0
NRU,2013,0.7494936999999999,9,27,KOR,FALSE,131,Nauru,2012,FALSE,KOR,TRUE,FALSE,0,,,,,,0
NRU,2014,1.4401977000000001,11,39,NZL,FALSE,131,Nauru,2013,FALSE,KOR,TRUE,FALSE,0,,,,,,0
NRU,2015,1.0714945,7,15,AUS,FALSE,131,Nauru,2014,FALSE,NZL,TRUE,FALSE,0,,,,,,0
NRU,2016,0.579478,6,34,JPN,FALSE,131,Nauru,2015,FALSE,AUS,TRUE,FALSE,0,,,,,,0
NRU,2017,0.7579119999999999,6,20,AUS,FALSE,131,Nauru,2016,FALSE,JPN,TRUE,FALSE,0,,,,,,0
NRU,2018,0.9662936,5,17,AUS,FALSE,131,Nauru,2017,FALSE,AUS,TRUE,FALSE,0,,,,,,0
NRU,2019,0.6993697999999999,3,27,THA,FALSE,131,Nauru,2018,FALSE,AUS,TRUE,FALSE,0,,,,,,0
NRU,2020,0.9920498,3,15,THA,FALSE,131,Nauru,2019,FALSE,THA,TRUE,FALSE,0,,,,,,0
NRU,2021,0.49116509999999997,9,20,THA,FALSE,131,Nauru,2020,FALSE,THA,TRUE,FALSE,0,,,,,,0
NRU,2022,1.4380012,6,16,PHL,FALSE,131,Nauru,2021,FALSE,THA,TRUE,FALSE,0,,,,,,0
NRU,2023,1.1727837,,,,,131,Nauru,2022,FALSE,PHL,TRUE,FALSE,0,,,,,,
NZL,1990,1.1352482,3,20,JPN,FALSE,132,New Zealand,,,,FALSE,FALSE,0,,,,,,0
NZL,1991,1.3637731,3,12,JPN,FALSE,132,New Zealand,1990,FALSE,JPN,TRUE,FALSE,0,,,,,,0
NZL,1992,1.7480104,3,7,AUS,FALSE,132,New Zealand,1991,FALSE,JPN,TRUE,FALSE,0,,,,,,0
NZL,1993,2.2557497,3,8,AUS,FALSE,132,New Zealand,1992,FALSE,AUS,TRUE,FALSE,0,,,,,,0
NZL,1994,2.5709123,3,7,AUS,FALSE,132,New Zealand,1993,FALSE,AUS,TRUE,FALSE,0,,,,,,0
NZL,1995,2.2561502,3,8,AUS,FALSE,132,New Zealand,1994,FALSE,AUS,TRUE,FALSE,0,,,,,,0
NZL,1996,2.0441171,3,6,AUS,FALSE,132,New Zealand,1995,FALSE,AUS,TRUE,FALSE,0,,,,,,0
NZL,1997,2.0742407,3,10,AUS,FALSE,132,New Zealand,1996,FALSE,AUS,TRUE,FALSE,0,,,,,,0
NZL,1998,1.3681224,3,8,AUS,FALSE,132,New Zealand,1997,FALSE,AUS,TRUE,FALSE,0,,,,,,0
NZL,1999,1.437044,3,6,AUS,FALSE,132,New Zealand,1998,FALSE,AUS,TRUE,FALSE,0,,,,,,0
NZL,2000,1.5152290000000002,3,6,AUS,FALSE,132,New Zealand,1999,FALSE,AUS,TRUE,FALSE,0,,,,,,0
NZL,2001,1.4555796,2,6,AUS,FALSE,132,New Zealand,2000,FALSE,AUS,TRUE,FALSE,0,,,,,,0
NZL,2002,1.2717496,2,5,AUS,FALSE,132,New Zealand,2001,FALSE,AUS,TRUE,FALSE,0,,,,,,0
NZL,2003,1.7026052,2,4,AUS,FALSE,132,New Zealand,2002,FALSE,AUS,TRUE,FALSE,0,,,,,,0
NZL,2004,1.5770096,2,4,AUS,FALSE,132,New Zealand,2003,FALSE,AUS,TRUE,FALSE,0,,,,,,0
NZL,2005,1.4592133999999999,2,4,AUS,FALSE,132,New Zealand,2004,FALSE,AUS,TRUE,FALSE,0,,,,,,0
NZL,2006,1.5842591000000001,2,4,AUS,FALSE,132,New Zealand,2005,FALSE,AUS,TRUE,FALSE,0,,,,,,0
NZL,2007,1.2584404,2,4,AUS,FALSE,132,New Zealand,2006,FALSE,AUS,TRUE,FALSE,0,,,,,,0
NZL,2008,1.3639705,2,4,AUS,FALSE,132,New Zealand,2007,FALSE,AUS,TRUE,FALSE,0,,,,,,0
NZL,2009,1.517484,2,3,AUS,FALSE,132,New Zealand,2008,FALSE,AUS,TRUE,FALSE,0,,,,,,0
NZL,2010,1.6953294,3,2,AUS,FALSE,132,New Zealand,2009,FALSE,AUS,TRUE,FALSE,0,,,,,,0
NZL,2011,1.5796443999999998,3,2,AUS,FALSE,132,New Zealand,2010,FALSE,AUS,TRUE,FALSE,0,,,,,,0
NZL,2012,1.5491742,3,2,AUS,FALSE,132,New Zealand,2011,FALSE,AUS,TRUE,FALSE,0,,,,,,0
NZL,2013,1.210814,3,1,CHN,TRUE,132,New Zealand,2012,FALSE,AUS,TRUE,TRUE,1,2013,2012,FALSE,AUS,TRUE,1
NZL,2014,1.6140914,3,1,CHN,TRUE,132,New Zealand,2013,TRUE,CHN,TRUE,FALSE,1,2013,2012,FALSE,AUS,TRUE,1
NZL,2015,0.8507898,3,1,CHN,TRUE,132,New Zealand,2014,TRUE,CHN,TRUE,FALSE,1,2013,2012,FALSE,AUS,TRUE,1
NZL,2016,1.146288,3,1,CHN,TRUE,132,New Zealand,2015,TRUE,CHN,TRUE,FALSE,1,2013,2012,FALSE,AUS,TRUE,1
NZL,2017,1.0043472,3,1,CHN,TRUE,132,New Zealand,2016,TRUE,CHN,TRUE,FALSE,1,2013,2012,FALSE,AUS,TRUE,1
NZL,2018,1.2374234,3,1,CHN,TRUE,132,New Zealand,2017,TRUE,CHN,TRUE,FALSE,1,2013,2012,FALSE,AUS,TRUE,1
NZL,2019,1.0993481,3,1,CHN,TRUE,132,New Zealand,2018,TRUE,CHN,TRUE,FALSE,1,2013,2012,FALSE,AUS,TRUE,1
NZL,2020,1.2889373000000002,3,1,CHN,TRUE,132,New Zealand,2019,TRUE,CHN,TRUE,FALSE,1,2013,2012,FALSE,AUS,TRUE,1
NZL,2021,0.9487909999999999,3,1,CHN,TRUE,132,New Zealand,2020,TRUE,CHN,TRUE,FALSE,1,2013,2012,FALSE,AUS,TRUE,1
NZL,2022,1.9075839,3,1,CHN,TRUE,132,New Zealand,2021,TRUE,CHN,TRUE,FALSE,1,2013,2012,FALSE,AUS,TRUE,1
NZL,2023,1.6526813,,,,,132,New Zealand,2022,TRUE,CHN,TRUE,FALSE,1,2013,2012,FALSE,AUS,TRUE,
OMN,1990,0.4231264,14,62,JPN,FALSE,133,Oman,,,,FALSE,FALSE,0,,,,,,0
OMN,1991,0.3646594,6,62,JPN,FALSE,133,Oman,1990,FALSE,JPN,TRUE,FALSE,0,,,,,,0
OMN,1992,0.10258120000000004,9,4,JPN,FALSE,133,Oman,1991,FALSE,JPN,TRUE,FALSE,0,,,,,,0
OMN,1993,0.7221824000000001,7,3,JPN,FALSE,133,Oman,1992,FALSE,JPN,TRUE,FALSE,0,,,,,,0
OMN,1994,0.8369057999999999,4,5,JPN,FALSE,133,Oman,1993,FALSE,JPN,TRUE,FALSE,0,,,,,,0
OMN,1995,0.7989020000000001,6,5,JPN,FALSE,133,Oman,1994,FALSE,JPN,TRUE,FALSE,0,,,,,,0
OMN,1996,0.5339609999999999,6,4,JPN,FALSE,133,Oman,1995,FALSE,JPN,TRUE,FALSE,0,,,,,,0
OMN,1997,0.35306880000000007,7,3,JPN,FALSE,133,Oman,1996,FALSE,JPN,TRUE,FALSE,0,,,,,,0
OMN,1998,0.5135912,6,4,THA,FALSE,133,Oman,1997,FALSE,JPN,TRUE,FALSE,0,,,,,,0
OMN,1999,0.18318440000000002,7,5,JPN,FALSE,133,Oman,1998,FALSE,THA,TRUE,FALSE,0,,,,,,0
OMN,2000,0.5536394,8,1,CHN,TRUE,133,Oman,1999,FALSE,JPN,TRUE,TRUE,1,2000,1999,FALSE,JPN,TRUE,1
OMN,2001,0.6157657,8,3,JPN,FALSE,133,Oman,2000,TRUE,CHN,TRUE,FALSE,1,2000,1999,FALSE,JPN,TRUE,0
OMN,2002,0.7055344000000001,9,3,JPN,FALSE,133,Oman,2001,FALSE,JPN,TRUE,FALSE,1,2000,1999,FALSE,JPN,TRUE,0
OMN,2003,0.3542088000000001,5,3,JPN,FALSE,133,Oman,2002,FALSE,JPN,TRUE,FALSE,1,2000,1999,FALSE,JPN,TRUE,0
OMN,2004,0.27718700000000007,7,1,CHN,TRUE,133,Oman,2003,FALSE,JPN,TRUE,TRUE,2,2004,2003,FALSE,JPN,TRUE,1
OMN,2005,0.4363136000000001,6,1,CHN,TRUE,133,Oman,2004,TRUE,CHN,TRUE,FALSE,2,2004,2003,FALSE,JPN,TRUE,1
OMN,2006,0.20165489999999997,7,1,CHN,TRUE,133,Oman,2005,TRUE,CHN,TRUE,FALSE,2,2004,2003,FALSE,JPN,TRUE,1
OMN,2007,0.8013529999999999,5,1,CHN,TRUE,133,Oman,2006,TRUE,CHN,TRUE,FALSE,2,2004,2003,FALSE,JPN,TRUE,1
OMN,2008,0.7368999,8,1,CHN,TRUE,133,Oman,2007,TRUE,CHN,TRUE,FALSE,2,2004,2003,FALSE,JPN,TRUE,1
OMN,2009,0.7048827000000001,8,1,CHN,TRUE,133,Oman,2008,TRUE,CHN,TRUE,FALSE,2,2004,2003,FALSE,JPN,TRUE,1
OMN,2010,0.43000929999999993,8,1,CHN,TRUE,133,Oman,2009,TRUE,CHN,TRUE,FALSE,2,2004,2003,FALSE,JPN,TRUE,1
OMN,2011,0.4050220000000001,6,1,CHN,TRUE,133,Oman,2010,TRUE,CHN,TRUE,FALSE,2,2004,2003,FALSE,JPN,TRUE,1
OMN,2012,0.4589093000000001,10,1,CHN,TRUE,133,Oman,2011,TRUE,CHN,TRUE,FALSE,2,2004,2003,FALSE,JPN,TRUE,1
OMN,2013,0.7285391999999999,10,1,CHN,TRUE,133,Oman,2012,TRUE,CHN,TRUE,FALSE,2,2004,2003,FALSE,JPN,TRUE,1
OMN,2014,0.49661159999999993,10,1,CHN,TRUE,133,Oman,2013,TRUE,CHN,TRUE,FALSE,2,2004,2003,FALSE,JPN,TRUE,1
OMN,2015,1.0723718,8,1,CHN,TRUE,133,Oman,2014,TRUE,CHN,TRUE,FALSE,2,2004,2003,FALSE,JPN,TRUE,1
OMN,2016,0.6032641000000001,8,1,CHN,TRUE,133,Oman,2015,TRUE,CHN,TRUE,FALSE,2,2004,2003,FALSE,JPN,TRUE,1
OMN,2017,0.6658808,8,1,CHN,TRUE,133,Oman,2016,TRUE,CHN,TRUE,FALSE,2,2004,2003,FALSE,JPN,TRUE,1
OMN,2018,0.4687302,8,1,CHN,TRUE,133,Oman,2017,TRUE,CHN,TRUE,FALSE,2,2004,2003,FALSE,JPN,TRUE,1
OMN,2019,0.5685599,8,1,CHN,TRUE,133,Oman,2018,TRUE,CHN,TRUE,FALSE,2,2004,2003,FALSE,JPN,TRUE,1
OMN,2020,0.2741439,7,1,CHN,TRUE,133,Oman,2019,TRUE,CHN,TRUE,FALSE,2,2004,2003,FALSE,JPN,TRUE,1
OMN,2021,0.5688115,6,1,CHN,TRUE,133,Oman,2020,TRUE,CHN,TRUE,FALSE,2,2004,2003,FALSE,JPN,TRUE,1
OMN,2022,0.17093440000000004,5,1,CHN,TRUE,133,Oman,2021,TRUE,CHN,TRUE,FALSE,2,2004,2003,FALSE,JPN,TRUE,1
OMN,2023,0.13632219999999995,,,,,133,Oman,2022,TRUE,CHN,TRUE,FALSE,2,2004,2003,FALSE,JPN,TRUE,
PAK,1990,0.3878201,22,15,JPN,FALSE,134,Pakistan,,,,FALSE,FALSE,0,,,,,,0
PAK,1991,0.6479136000000001,1,18,USA,FALSE,134,Pakistan,1990,FALSE,JPN,TRUE,FALSE,0,,,,,,0
PAK,1992,0.27770859999999997,1,14,USA,FALSE,134,Pakistan,1991,FALSE,USA,TRUE,FALSE,0,,,,,,0
PAK,1993,0.4549940000000001,1,13,USA,FALSE,134,Pakistan,1992,FALSE,USA,TRUE,FALSE,0,,,,,,0
PAK,1994,0.6632849999999999,1,9,USA,FALSE,134,Pakistan,1993,FALSE,USA,TRUE,FALSE,0,,,,,,0
PAK,1995,0.40659200000000006,1,9,USA,FALSE,134,Pakistan,1994,FALSE,USA,TRUE,FALSE,0,,,,,,0
PAK,1996,0.24479299999999982,1,5,USA,FALSE,134,Pakistan,1995,FALSE,USA,TRUE,FALSE,0,,,,,,0
PAK,1997,0.2732779000000001,1,6,USA,FALSE,134,Pakistan,1996,FALSE,USA,TRUE,FALSE,0,,,,,,0
PAK,1998,0.28798019999999996,1,5,USA,FALSE,134,Pakistan,1997,FALSE,USA,TRUE,FALSE,0,,,,,,0
PAK,1999,0.050212399999999935,1,5,USA,FALSE,134,Pakistan,1998,FALSE,USA,TRUE,FALSE,0,,,,,,0
PAK,2000,0.160709,1,5,USA,FALSE,134,Pakistan,1999,FALSE,USA,TRUE,FALSE,0,,,,,,0
PAK,2001,0.16982819999999998,1,3,USA,FALSE,134,Pakistan,2000,FALSE,USA,TRUE,FALSE,0,,,,,,0
PAK,2002,0.19705879999999998,1,3,USA,FALSE,134,Pakistan,2001,FALSE,USA,TRUE,FALSE,0,,,,,,0
PAK,2003,0.5179462,1,5,USA,FALSE,134,Pakistan,2002,FALSE,USA,TRUE,FALSE,0,,,,,,0
PAK,2004,0.18262109999999998,1,6,USA,FALSE,134,Pakistan,2003,FALSE,USA,TRUE,FALSE,0,,,,,,0
PAK,2005,0.10119089999999997,1,4,USA,FALSE,134,Pakistan,2004,FALSE,USA,TRUE,FALSE,0,,,,,,0
PAK,2006,0.1993853,1,4,USA,FALSE,134,Pakistan,2005,FALSE,USA,TRUE,FALSE,0,,,,,,0
PAK,2007,0.010112800000000033,1,4,USA,FALSE,134,Pakistan,2006,FALSE,USA,TRUE,FALSE,0,,,,,,0
PAK,2008,0.11168999999999996,1,5,USA,FALSE,134,Pakistan,2007,FALSE,USA,TRUE,FALSE,0,,,,,,0
PAK,2009,0.08020640000000001,1,3,USA,FALSE,134,Pakistan,2008,FALSE,USA,TRUE,FALSE,0,,,,,,0
PAK,2010,0.03302959999999999,1,3,USA,FALSE,134,Pakistan,2009,FALSE,USA,TRUE,FALSE,0,,,,,,0
PAK,2011,0.03848039999999997,1,2,USA,FALSE,134,Pakistan,2010,FALSE,USA,TRUE,FALSE,0,,,,,,0
PAK,2012,0.05213559999999995,1,2,USA,FALSE,134,Pakistan,2011,FALSE,USA,TRUE,FALSE,0,,,,,,0
PAK,2013,0.05859389999999998,1,2,USA,FALSE,134,Pakistan,2012,FALSE,USA,TRUE,FALSE,0,,,,,,0
PAK,2014,0.15243410000000002,1,2,USA,FALSE,134,Pakistan,2013,FALSE,USA,TRUE,FALSE,0,,,,,,0
PAK,2015,0.035895099999999985,1,2,USA,FALSE,134,Pakistan,2014,FALSE,USA,TRUE,FALSE,0,,,,,,0
PAK,2016,0.10999200000000003,1,2,USA,FALSE,134,Pakistan,2015,FALSE,USA,TRUE,FALSE,0,,,,,,0
PAK,2017,0.13997339999999997,1,2,USA,FALSE,134,Pakistan,2016,FALSE,USA,TRUE,FALSE,0,,,,,,0
PAK,2018,0.14186500000000002,1,2,USA,FALSE,134,Pakistan,2017,FALSE,USA,TRUE,FALSE,0,,,,,,0
PAK,2019,0.24523,1,2,USA,FALSE,134,Pakistan,2018,FALSE,USA,TRUE,FALSE,0,,,,,,0
PAK,2020,0.43252860000000004,1,2,USA,FALSE,134,Pakistan,2019,FALSE,USA,TRUE,FALSE,0,,,,,,0
PAK,2021,0.20067953,1,2,USA,FALSE,134,Pakistan,2020,FALSE,USA,TRUE,FALSE,0,,,,,,0
PAK,2022,0.5843087,1,2,USA,FALSE,134,Pakistan,2021,FALSE,USA,TRUE,FALSE,0,,,,,,0
PAK,2023,0.38354200000000005,,,,,134,Pakistan,2022,FALSE,USA,TRUE,FALSE,0,,,,,,
PAN,1990,0.6061615,10,,CHE,FALSE,135,Panama,,,,FALSE,FALSE,0,,,,,,0
PAN,1991,0.8128093999999999,1,,USA,FALSE,135,Panama,1990,FALSE,CHE,TRUE,FALSE,0,,,,,,0
PAN,1992,1.0629594,3,53,MEX,FALSE,135,Panama,1991,FALSE,USA,TRUE,FALSE,0,,,,,,0
PAN,1993,1.8720814000000001,3,32,MEX,FALSE,135,Panama,1992,FALSE,MEX,TRUE,FALSE,0,,,,,,0
PAN,1994,1.5725761,2,43,KOR,FALSE,135,Panama,1993,FALSE,MEX,TRUE,FALSE,0,,,,,,0
PAN,1995,1.5210402900000002,3,34,KOR,FALSE,135,Panama,1994,FALSE,KOR,TRUE,FALSE,0,,,,,,0
PAN,1996,1.0565839,2,51,KOR,FALSE,135,Panama,1995,FALSE,KOR,TRUE,FALSE,0,,,,,,0
PAN,1997,0.8604398,2,62,KOR,FALSE,135,Panama,1996,FALSE,KOR,TRUE,FALSE,0,,,,,,0
PAN,1998,0.09635890000000003,1,61,USA,FALSE,135,Panama,1997,FALSE,KOR,TRUE,FALSE,0,,,,,,0
PAN,1999,0.3782105,1,63,USA,FALSE,135,Panama,1998,FALSE,USA,TRUE,FALSE,0,,,,,,0
PAN,2000,0.31964830000000005,2,75,VEN,FALSE,135,Panama,1999,FALSE,USA,TRUE,FALSE,0,,,,,,0
PAN,2001,0.3351694,2,54,VEN,FALSE,135,Panama,2000,FALSE,VEN,TRUE,FALSE,0,,,,,,0
PAN,2002,0.27549009999999996,3,58,ECU,FALSE,135,Panama,2001,FALSE,VEN,TRUE,FALSE,0,,,,,,0
PAN,2003,0.5838683,2,26,GTM,FALSE,135,Panama,2002,FALSE,ECU,TRUE,FALSE,0,,,,,,0
PAN,2004,0.5881978,4,43,GTM,FALSE,135,Panama,2003,FALSE,GTM,TRUE,FALSE,0,,,,,,0
PAN,2005,0.49418360000000006,4,46,VEN,FALSE,135,Panama,2004,FALSE,GTM,TRUE,FALSE,0,,,,,,0
PAN,2006,0.7271223,5,53,ESP,FALSE,135,Panama,2005,FALSE,VEN,TRUE,FALSE,0,,,,,,0
PAN,2007,0.5399103000000001,6,53,VEN,FALSE,135,Panama,2006,FALSE,ESP,TRUE,FALSE,0,,,,,,0
PAN,2008,0.63070927,8,28,VEN,FALSE,135,Panama,2007,FALSE,VEN,TRUE,FALSE,0,,,,,,0
PAN,2009,0.846078,6,35,KOR,FALSE,135,Panama,2008,FALSE,VEN,TRUE,FALSE,0,,,,,,0
PAN,2010,1.0821519,10,39,ECU,FALSE,135,Panama,2009,FALSE,KOR,TRUE,FALSE,0,,,,,,0
PAN,2011,1.0068408,8,36,VEN,FALSE,135,Panama,2010,FALSE,ECU,TRUE,FALSE,0,,,,,,0
PAN,2012,1.0591634,6,30,VEN,FALSE,135,Panama,2011,FALSE,VEN,TRUE,FALSE,0,,,,,,0
PAN,2013,0.6839776,10,34,ECU,FALSE,135,Panama,2012,FALSE,VEN,TRUE,FALSE,0,,,,,,0
PAN,2014,0.9322986,9,14,VEN,FALSE,135,Panama,2013,FALSE,ECU,TRUE,FALSE,0,,,,,,0
PAN,2015,0.25027387,10,6,VEN,FALSE,135,Panama,2014,FALSE,VEN,TRUE,FALSE,0,,,,,,0
PAN,2016,0.3979804,8,31,COG,FALSE,135,Panama,2015,FALSE,VEN,TRUE,FALSE,0,,,,,,0
PAN,2017,0.2550266,8,25,ECU,FALSE,135,Panama,2016,FALSE,COG,TRUE,FALSE,0,,,,,,0
PAN,2018,0.504593106,6,15,ECU,FALSE,135,Panama,2017,FALSE,ECU,TRUE,FALSE,0,,,,,,0
PAN,2019,0.29702216000000004,8,3,ECU,FALSE,135,Panama,2018,FALSE,ECU,TRUE,FALSE,0,,,,,,0
PAN,2020,0.5493001200000001,7,3,GTM,FALSE,135,Panama,2019,FALSE,ECU,TRUE,FALSE,0,,,,,,0
PAN,2021,0.17115750999999998,6,1,CHN,TRUE,135,Panama,2020,FALSE,GTM,TRUE,TRUE,1,2021,2020,FALSE,GTM,TRUE,1
PAN,2022,1.16522799,9,1,CHN,TRUE,135,Panama,2021,TRUE,CHN,TRUE,FALSE,1,2021,2020,FALSE,GTM,TRUE,1
PAN,2023,0.7721302400000001,,,,,135,Panama,2022,TRUE,CHN,TRUE,FALSE,1,2021,2020,FALSE,GTM,TRUE,
PER,1990,0.3093988,7,41,JPN,FALSE,136,Peru,,,,FALSE,FALSE,0,,,,,,0
PER,1991,0.0931537,1,29,USA,FALSE,136,Peru,1990,FALSE,JPN,TRUE,FALSE,0,,,,,,0
PER,1992,0.5548034,1,2,USA,FALSE,136,Peru,1991,FALSE,USA,TRUE,FALSE,0,,,,,,0
PER,1993,1.1381609000000001,1,3,USA,FALSE,136,Peru,1992,FALSE,USA,TRUE,FALSE,0,,,,,,0
PER,1994,1.5596884,1,3,USA,FALSE,136,Peru,1993,FALSE,USA,TRUE,FALSE,0,,,,,,0
PER,1995,1.4531798,1,3,USA,FALSE,136,Peru,1994,FALSE,USA,TRUE,FALSE,0,,,,,,0
PER,1996,1.1587636,1,2,USA,FALSE,136,Peru,1995,FALSE,USA,TRUE,FALSE,0,,,,,,0
PER,1997,0.9866414,1,2,USA,FALSE,136,Peru,1996,FALSE,USA,TRUE,FALSE,0,,,,,,0
PER,1998,0.28435540000000004,1,2,USA,FALSE,136,Peru,1997,FALSE,USA,TRUE,FALSE,0,,,,,,0
PER,1999,0.4841113,1,3,USA,FALSE,136,Peru,1998,FALSE,USA,TRUE,FALSE,0,,,,,,0
PER,2000,0.7465868,1,3,USA,FALSE,136,Peru,1999,FALSE,USA,TRUE,FALSE,0,,,,,,0
PER,2001,0.58019497,1,3,USA,FALSE,136,Peru,2000,FALSE,USA,TRUE,FALSE,0,,,,,,0
PER,2002,0.56329606,1,3,USA,FALSE,136,Peru,2001,FALSE,USA,TRUE,FALSE,0,,,,,,0
PER,2003,0.97329175,1,3,USA,FALSE,136,Peru,2002,FALSE,USA,TRUE,FALSE,0,,,,,,0
PER,2004,0.9368769,1,2,USA,FALSE,136,Peru,2003,FALSE,USA,TRUE,FALSE,0,,,,,,0
PER,2005,0.6536698200000001,1,2,USA,FALSE,136,Peru,2004,FALSE,USA,TRUE,FALSE,0,,,,,,0
PER,2006,0.844143615,1,2,USA,FALSE,136,Peru,2005,FALSE,USA,TRUE,FALSE,0,,,,,,0
PER,2007,0.63492764,1,2,USA,FALSE,136,Peru,2006,FALSE,USA,TRUE,FALSE,0,,,,,,0
PER,2008,0.6579532,1,2,USA,FALSE,136,Peru,2007,FALSE,USA,TRUE,FALSE,0,,,,,,0
PER,2009,0.57652307,1,2,USA,FALSE,136,Peru,2008,FALSE,USA,TRUE,FALSE,0,,,,,,0
PER,2010,0.7782233500000001,2,1,CHN,TRUE,136,Peru,2009,FALSE,USA,TRUE,TRUE,1,2010,2009,FALSE,USA,TRUE,1
PER,2011,0.71844688,2,1,CHN,TRUE,136,Peru,2010,TRUE,CHN,TRUE,FALSE,1,2010,2009,FALSE,USA,TRUE,1
PER,2012,0.7738055699999999,2,1,CHN,TRUE,136,Peru,2011,TRUE,CHN,TRUE,FALSE,1,2010,2009,FALSE,USA,TRUE,1
PER,2013,0.3987458,2,1,CHN,TRUE,136,Peru,2012,TRUE,CHN,TRUE,FALSE,1,2010,2009,FALSE,USA,TRUE,1
PER,2014,0.679028,2,1,CHN,TRUE,136,Peru,2013,TRUE,CHN,TRUE,FALSE,1,2010,2009,FALSE,USA,TRUE,1
PER,2015,0.054180900000000004,2,1,CHN,TRUE,136,Peru,2014,TRUE,CHN,TRUE,FALSE,1,2010,2009,FALSE,USA,TRUE,1
PER,2016,0.300895,2,1,CHN,TRUE,136,Peru,2015,TRUE,CHN,TRUE,FALSE,1,2010,2009,FALSE,USA,TRUE,1
PER,2017,0.19662129999999997,2,1,CHN,TRUE,136,Peru,2016,TRUE,CHN,TRUE,FALSE,1,2010,2009,FALSE,USA,TRUE,1
PER,2018,0.3744848,2,1,CHN,TRUE,136,Peru,2017,TRUE,CHN,TRUE,FALSE,1,2010,2009,FALSE,USA,TRUE,1
PER,2019,0.1998314,2,1,CHN,TRUE,136,Peru,2018,TRUE,CHN,TRUE,FALSE,1,2010,2009,FALSE,USA,TRUE,1
PER,2020,0.44249270000000007,2,1,CHN,TRUE,136,Peru,2019,TRUE,CHN,TRUE,FALSE,1,2010,2009,FALSE,USA,TRUE,1
PER,2021,0.00826300000000002,2,1,CHN,TRUE,136,Peru,2020,TRUE,CHN,TRUE,FALSE,1,2010,2009,FALSE,USA,TRUE,1
PER,2022,0.9332045,2,1,CHN,TRUE,136,Peru,2021,TRUE,CHN,TRUE,FALSE,1,2010,2009,FALSE,USA,TRUE,1
PER,2023,0.6549869,,,,,136,Peru,2022,TRUE,CHN,TRUE,FALSE,1,2010,2009,FALSE,USA,TRUE,
PHL,1990,0.5272368,10,23,JPN,FALSE,137,Philippines,,,,FALSE,FALSE,0,,,,,,0
PHL,1991,0.4695869,1,26,USA,FALSE,137,Philippines,1990,FALSE,JPN,TRUE,FALSE,0,,,,,,0
PHL,1992,0.3148676,1,9,USA,FALSE,137,Philippines,1991,FALSE,USA,TRUE,FALSE,0,,,,,,0
PHL,1993,0.7487315000000001,1,9,USA,FALSE,137,Philippines,1992,FALSE,USA,TRUE,FALSE,0,,,,,,0
PHL,1994,1.1860363,1,11,USA,FALSE,137,Philippines,1993,FALSE,USA,TRUE,FALSE,0,,,,,,0
PHL,1995,1.0497364,1,12,USA,FALSE,137,Philippines,1994,FALSE,USA,TRUE,FALSE,0,,,,,,0
PHL,1996,0.695529,1,12,USA,FALSE,137,Philippines,1995,FALSE,USA,TRUE,FALSE,0,,,,,,0
PHL,1997,0.3055865000000001,1,14,USA,FALSE,137,Philippines,1996,FALSE,USA,TRUE,FALSE,0,,,,,,0
PHL,1998,0.46992649999999997,1,13,USA,FALSE,137,Philippines,1997,FALSE,USA,TRUE,FALSE,0,,,,,,0
PHL,1999,0.1610452,1,11,USA,FALSE,137,Philippines,1998,FALSE,USA,TRUE,FALSE,0,,,,,,0
PHL,2000,0.2571318000000001,1,10,USA,FALSE,137,Philippines,1999,FALSE,USA,TRUE,FALSE,0,,,,,,0
PHL,2001,0.1906664,1,7,USA,FALSE,137,Philippines,2000,FALSE,USA,TRUE,FALSE,0,,,,,,0
PHL,2002,0.09330269999999996,1,4,USA,FALSE,137,Philippines,2001,FALSE,USA,TRUE,FALSE,0,,,,,,0
PHL,2003,0.4293424,1,3,USA,FALSE,137,Philippines,2002,FALSE,USA,TRUE,FALSE,0,,,,,,0
PHL,2004,0.3855218,1,2,USA,FALSE,137,Philippines,2003,FALSE,USA,TRUE,FALSE,0,,,,,,0
PHL,2005,0.27391990000000005,2,1,CHN,TRUE,137,Philippines,2004,FALSE,USA,TRUE,TRUE,1,2005,2004,FALSE,USA,TRUE,1
PHL,2006,0.3842237,2,1,CHN,TRUE,137,Philippines,2005,TRUE,CHN,TRUE,FALSE,1,2005,2004,FALSE,USA,TRUE,1
PHL,2007,0.17591400000000007,2,1,CHN,TRUE,137,Philippines,2006,TRUE,CHN,TRUE,FALSE,1,2005,2004,FALSE,USA,TRUE,1
PHL,2008,0.14970440000000002,2,1,CHN,TRUE,137,Philippines,2007,TRUE,CHN,TRUE,FALSE,1,2005,2004,FALSE,USA,TRUE,1
PHL,2009,0.12222890000000003,2,1,CHN,TRUE,137,Philippines,2008,TRUE,CHN,TRUE,FALSE,1,2005,2004,FALSE,USA,TRUE,1
PHL,2010,0.36118510000000004,3,1,CHN,TRUE,137,Philippines,2009,TRUE,CHN,TRUE,FALSE,1,2005,2004,FALSE,USA,TRUE,1
PHL,2011,0.4023906,2,1,CHN,TRUE,137,Philippines,2010,TRUE,CHN,TRUE,FALSE,1,2005,2004,FALSE,USA,TRUE,1
PHL,2012,0.3938755,2,1,CHN,TRUE,137,Philippines,2011,TRUE,CHN,TRUE,FALSE,1,2005,2004,FALSE,USA,TRUE,1
PHL,2013,0.025857300000000083,2,1,CHN,TRUE,137,Philippines,2012,TRUE,CHN,TRUE,FALSE,1,2005,2004,FALSE,USA,TRUE,1
PHL,2014,0.3640851,2,1,CHN,TRUE,137,Philippines,2013,TRUE,CHN,TRUE,FALSE,1,2005,2004,FALSE,USA,TRUE,1
PHL,2015,0.26789149999999995,2,1,CHN,TRUE,137,Philippines,2014,TRUE,CHN,TRUE,FALSE,1,2005,2004,FALSE,USA,TRUE,1
PHL,2016,0.2902285,2,1,CHN,TRUE,137,Philippines,2015,TRUE,CHN,TRUE,FALSE,1,2005,2004,FALSE,USA,TRUE,1
PHL,2017,0.42465990000000003,2,1,CHN,TRUE,137,Philippines,2016,TRUE,CHN,TRUE,FALSE,1,2005,2004,FALSE,USA,TRUE,1
PHL,2018,0.16218,2,1,CHN,TRUE,137,Philippines,2017,TRUE,CHN,TRUE,FALSE,1,2005,2004,FALSE,USA,TRUE,1
PHL,2019,0.0644556,2,1,CHN,TRUE,137,Philippines,2018,TRUE,CHN,TRUE,FALSE,1,2005,2004,FALSE,USA,TRUE,1
PHL,2020,0.17643690000000006,2,1,CHN,TRUE,137,Philippines,2019,TRUE,CHN,TRUE,FALSE,1,2005,2004,FALSE,USA,TRUE,1
PHL,2021,0.09920900000000005,2,1,CHN,TRUE,137,Philippines,2020,TRUE,CHN,TRUE,FALSE,1,2005,2004,FALSE,USA,TRUE,1
PHL,2022,0.7502792,2,1,CHN,TRUE,137,Philippines,2021,TRUE,CHN,TRUE,FALSE,1,2005,2004,FALSE,USA,TRUE,1
PHL,2023,0.32458970000000004,,,,,137,Philippines,2022,TRUE,CHN,TRUE,FALSE,1,2005,2004,FALSE,USA,TRUE,
PLW,1995,2.5854280000000003,2,8,JPN,FALSE,138,Palau,,,,FALSE,FALSE,0,,,,,,0
PLW,1996,2.2666454,3,,PHL,FALSE,138,Palau,1995,FALSE,JPN,TRUE,FALSE,0,,,,,,0
PLW,2000,2.1626906000000004,2,,JPN,FALSE,138,Palau,1996,FALSE,PHL,TRUE,FALSE,0,,,,,,0
PLW,2001,1.3928707999999999,1,,USA,FALSE,138,Palau,2000,FALSE,JPN,TRUE,FALSE,0,,,,,,0
PLW,2002,2.9230586,1,,USA,FALSE,138,Palau,2001,FALSE,USA,TRUE,FALSE,0,,,,,,0
PLW,2003,3.5303092,2,,JPN,FALSE,138,Palau,2002,FALSE,USA,TRUE,FALSE,0,,,,,,0
PLW,2004,3.5971339999999996,5,,JPN,FALSE,138,Palau,2003,FALSE,JPN,TRUE,FALSE,0,,,,,,0
PLW,2005,2.6392974000000002,3,,JPN,FALSE,138,Palau,2004,FALSE,JPN,TRUE,FALSE,0,,,,,,0
PLW,2006,2.8646441,2,,JPN,FALSE,138,Palau,2005,FALSE,JPN,TRUE,FALSE,0,,,,,,0
PLW,2007,2.445484,3,23,JPN,FALSE,138,Palau,2006,FALSE,JPN,TRUE,FALSE,0,,,,,,0
PLW,2008,2.8095581,14,,JPN,FALSE,138,Palau,2007,FALSE,JPN,TRUE,FALSE,0,,,,,,0
PLW,2009,2.5135523,11,,JPN,FALSE,138,Palau,2008,FALSE,JPN,TRUE,FALSE,0,,,,,,0
PLW,2010,2.9632256999999997,17,8,JPN,FALSE,138,Palau,2009,FALSE,JPN,TRUE,FALSE,0,,,,,,0
PLW,2011,2.887301,6,13,JPN,FALSE,138,Palau,2010,FALSE,JPN,TRUE,FALSE,0,,,,,,0
PLW,2012,2.9274987,2,19,JPN,FALSE,138,Palau,2011,FALSE,JPN,TRUE,FALSE,0,,,,,,0
PLW,2013,2.0978048,7,12,JPN,FALSE,138,Palau,2012,FALSE,JPN,TRUE,FALSE,0,,,,,,0
PLW,2014,2.4247574,2,9,JPN,FALSE,138,Palau,2013,FALSE,JPN,TRUE,FALSE,0,,,,,,0
PLW,2015,1.4006322,3,19,JPN,FALSE,138,Palau,2014,FALSE,JPN,TRUE,FALSE,0,,,,,,0
PLW,2016,1.2738073,3,11,JPN,FALSE,138,Palau,2015,FALSE,JPN,TRUE,FALSE,0,,,,,,0
PLW,2017,1.0344543,4,41,JPN,FALSE,138,Palau,2016,FALSE,JPN,TRUE,FALSE,0,,,,,,0
PLW,2018,0.7756695,4,18,JPN,FALSE,138,Palau,2017,FALSE,JPN,TRUE,FALSE,0,,,,,,0
PLW,2019,0.5501533000000001,3,11,JPN,FALSE,138,Palau,2018,FALSE,JPN,TRUE,FALSE,0,,,,,,0
PLW,2020,0.8390412,8,14,TUR,FALSE,138,Palau,2019,FALSE,JPN,TRUE,FALSE,0,,,,,,0
PLW,2021,0.6531151,15,7,JPN,FALSE,138,Palau,2020,FALSE,TUR,TRUE,FALSE,0,,,,,,0
PLW,2022,1.6902032999999999,9,7,GRC,FALSE,138,Palau,2021,FALSE,JPN,TRUE,FALSE,0,,,,,,0
PLW,2023,1.4076007000000001,,,,,138,Palau,2022,FALSE,GRC,TRUE,FALSE,0,,,,,,
PNG,1990,0.016809400000000002,6,24,JPN,FALSE,139,Papua New Guinea,,,,FALSE,FALSE,0,,,,,,0
PNG,1991,0.33245534,5,41,AUS,FALSE,139,Papua New Guinea,1990,FALSE,JPN,TRUE,FALSE,0,,,,,,0
PNG,1992,0.65370725,6,5,AUS,FALSE,139,Papua New Guinea,1991,FALSE,AUS,TRUE,FALSE,0,,,,,,0
PNG,1993,1.52549408,6,5,AUS,FALSE,139,Papua New Guinea,1992,FALSE,AUS,TRUE,FALSE,0,,,,,,0
PNG,1994,1.71565783,6,5,AUS,FALSE,139,Papua New Guinea,1993,FALSE,AUS,TRUE,FALSE,0,,,,,,0
PNG,1995,1.5224732,7,6,AUS,FALSE,139,Papua New Guinea,1994,FALSE,AUS,TRUE,FALSE,0,,,,,,0
PNG,1996,0.4227078999999999,8,7,AUS,FALSE,139,Papua New Guinea,1995,FALSE,AUS,TRUE,FALSE,0,,,,,,0
PNG,1997,0.4218362,8,7,AUS,FALSE,139,Papua New Guinea,1996,FALSE,AUS,TRUE,FALSE,0,,,,,,0
PNG,1998,0.2846985,6,13,AUS,FALSE,139,Papua New Guinea,1997,FALSE,AUS,TRUE,FALSE,0,,,,,,0
PNG,1999,0.08622090000000004,4,6,AUS,FALSE,139,Papua New Guinea,1998,FALSE,AUS,TRUE,FALSE,0,,,,,,0
PNG,2000,0.35389070000000006,8,4,AUS,FALSE,139,Papua New Guinea,1999,FALSE,AUS,TRUE,FALSE,0,,,,,,0
PNG,2001,0.550243695,10,4,AUS,FALSE,139,Papua New Guinea,2000,FALSE,AUS,TRUE,FALSE,0,,,,,,0
PNG,2002,0.5802828,5,3,AUS,FALSE,139,Papua New Guinea,2001,FALSE,AUS,TRUE,FALSE,0,,,,,,0
PNG,2003,1.0887868,8,3,AUS,FALSE,139,Papua New Guinea,2002,FALSE,AUS,TRUE,FALSE,0,,,,,,0
PNG,2004,1.0115601,7,3,AUS,FALSE,139,Papua New Guinea,2003,FALSE,AUS,TRUE,FALSE,0,,,,,,0
PNG,2005,1.0822126,10,3,AUS,FALSE,139,Papua New Guinea,2004,FALSE,AUS,TRUE,FALSE,0,,,,,,0
PNG,2006,1.0696491,9,3,AUS,FALSE,139,Papua New Guinea,2005,FALSE,AUS,TRUE,FALSE,0,,,,,,0
PNG,2007,0.5393357000000001,8,3,AUS,FALSE,139,Papua New Guinea,2006,FALSE,AUS,TRUE,FALSE,0,,,,,,0
PNG,2008,0.5314003,12,3,AUS,FALSE,139,Papua New Guinea,2007,FALSE,AUS,TRUE,FALSE,0,,,,,,0
PNG,2009,0.64629596,10,3,AUS,FALSE,139,Papua New Guinea,2008,FALSE,AUS,TRUE,FALSE,0,,,,,,0
PNG,2010,0.7433021000000001,12,3,AUS,FALSE,139,Papua New Guinea,2009,FALSE,AUS,TRUE,FALSE,0,,,,,,0
PNG,2011,0.73263762,12,3,AUS,FALSE,139,Papua New Guinea,2010,FALSE,AUS,TRUE,FALSE,0,,,,,,0
PNG,2012,1.0747624,11,3,AUS,FALSE,139,Papua New Guinea,2011,FALSE,AUS,TRUE,FALSE,0,,,,,,0
PNG,2013,0.6278720999999999,14,3,AUS,FALSE,139,Papua New Guinea,2012,FALSE,AUS,TRUE,FALSE,0,,,,,,0
PNG,2014,0.7725522300000001,13,3,AUS,FALSE,139,Papua New Guinea,2013,FALSE,AUS,TRUE,FALSE,0,,,,,,0
PNG,2015,0.028624800000000034,15,3,JPN,FALSE,139,Papua New Guinea,2014,FALSE,AUS,TRUE,FALSE,0,,,,,,0
PNG,2016,0.251983,15,3,AUS,FALSE,139,Papua New Guinea,2015,FALSE,JPN,TRUE,FALSE,0,,,,,,0
PNG,2017,0.25150669999999997,15,3,AUS,FALSE,139,Papua New Guinea,2016,FALSE,AUS,TRUE,FALSE,0,,,,,,0
PNG,2018,0.59322737,15,1,CHN,TRUE,139,Papua New Guinea,2017,FALSE,AUS,TRUE,TRUE,1,2018,2017,FALSE,AUS,TRUE,1
PNG,2019,0.4616371,19,1,CHN,TRUE,139,Papua New Guinea,2018,TRUE,CHN,TRUE,FALSE,1,2018,2017,FALSE,AUS,TRUE,1
PNG,2020,0.888283,17,2,AUS,FALSE,139,Papua New Guinea,2019,TRUE,CHN,TRUE,FALSE,1,2018,2017,FALSE,AUS,TRUE,0
PNG,2021,0.23923790999999997,19,2,JPN,FALSE,139,Papua New Guinea,2020,FALSE,AUS,TRUE,FALSE,1,2018,2017,FALSE,AUS,TRUE,0
PNG,2022,1.1976253,18,2,JPN,FALSE,139,Papua New Guinea,2021,FALSE,JPN,TRUE,FALSE,1,2018,2017,FALSE,AUS,TRUE,0
PNG,2023,1.0921383,,,,,139,Papua New Guinea,2022,FALSE,JPN,TRUE,FALSE,1,2018,2017,FALSE,AUS,TRUE,
POL,1990,1.4580959999999998,29,,DEU,FALSE,140,Poland,,,,FALSE,FALSE,0,,,,,,0
POL,1991,1.6303941,2,,DEU,FALSE,140,Poland,1990,FALSE,DEU,TRUE,FALSE,0,,,,,,0
POL,1992,2.1055744,5,17,DEU,FALSE,140,Poland,1991,FALSE,DEU,TRUE,FALSE,0,,,,,,0
POL,1993,2.870184,4,9,DEU,FALSE,140,Poland,1992,FALSE,DEU,TRUE,FALSE,0,,,,,,0
POL,1994,3.186721,7,24,DEU,FALSE,140,Poland,1993,FALSE,DEU,TRUE,FALSE,0,,,,,,0
POL,1995,2.849545,8,31,DEU,FALSE,140,Poland,1994,FALSE,DEU,TRUE,FALSE,0,,,,,,0
POL,1996,2.7152909999999997,8,46,DEU,FALSE,140,Poland,1995,FALSE,DEU,TRUE,FALSE,0,,,,,,0
POL,1997,2.624425,8,55,DEU,FALSE,140,Poland,1996,FALSE,DEU,TRUE,FALSE,0,,,,,,0
POL,1998,1.6308001,8,38,DEU,FALSE,140,Poland,1997,FALSE,DEU,TRUE,FALSE,0,,,,,,0
POL,1999,1.8175634,7,23,DEU,FALSE,140,Poland,1998,FALSE,DEU,TRUE,FALSE,0,,,,,,0
POL,2000,1.9121546,7,34,DEU,FALSE,140,Poland,1999,FALSE,DEU,TRUE,FALSE,0,,,,,,0
POL,2001,1.7428473000000002,10,23,DEU,FALSE,140,Poland,2000,FALSE,DEU,TRUE,FALSE,0,,,,,,0
POL,2002,1.6610306,9,25,DEU,FALSE,140,Poland,2001,FALSE,DEU,TRUE,FALSE,0,,,,,,0
POL,2003,2.1948962,10,25,DEU,FALSE,140,Poland,2002,FALSE,DEU,TRUE,FALSE,0,,,,,,0
POL,2004,1.9388910000000001,11,24,DEU,FALSE,140,Poland,2003,FALSE,DEU,TRUE,FALSE,0,,,,,,0
POL,2005,1.7533684,11,23,DEU,FALSE,140,Poland,2004,FALSE,DEU,TRUE,FALSE,0,,,,,,0
POL,2006,1.8830041,12,25,DEU,FALSE,140,Poland,2005,FALSE,DEU,TRUE,FALSE,0,,,,,,0
POL,2007,1.659141,18,21,DEU,FALSE,140,Poland,2006,FALSE,DEU,TRUE,FALSE,0,,,,,,0
POL,2008,1.7047151,17,22,DEU,FALSE,140,Poland,2007,FALSE,DEU,TRUE,FALSE,0,,,,,,0
POL,2009,1.8175853000000002,16,21,DEU,FALSE,140,Poland,2008,FALSE,DEU,TRUE,FALSE,0,,,,,,0
POL,2010,1.9217247,12,21,DEU,FALSE,140,Poland,2009,FALSE,DEU,TRUE,FALSE,0,,,,,,0
POL,2011,1.7882889999999998,9,21,DEU,FALSE,140,Poland,2010,FALSE,DEU,TRUE,FALSE,0,,,,,,0
POL,2012,1.8676466999999999,8,21,DEU,FALSE,140,Poland,2011,FALSE,DEU,TRUE,FALSE,0,,,,,,0
POL,2013,1.5189858,9,21,DEU,FALSE,140,Poland,2012,FALSE,DEU,TRUE,FALSE,0,,,,,,0
POL,2014,1.8509844000000002,10,20,DEU,FALSE,140,Poland,2013,FALSE,DEU,TRUE,FALSE,0,,,,,,0
POL,2015,1.3856982,7,18,DEU,FALSE,140,Poland,2014,FALSE,DEU,TRUE,FALSE,0,,,,,,0
POL,2016,1.5832659,7,21,DEU,FALSE,140,Poland,2015,FALSE,DEU,TRUE,FALSE,0,,,,,,0
POL,2017,1.4701512,7,18,DEU,FALSE,140,Poland,2016,FALSE,DEU,TRUE,FALSE,0,,,,,,0
POL,2018,1.7205106000000001,7,18,DEU,FALSE,140,Poland,2017,FALSE,DEU,TRUE,FALSE,0,,,,,,0
POL,2019,1.5552244,7,19,DEU,FALSE,140,Poland,2018,FALSE,DEU,TRUE,FALSE,0,,,,,,0
POL,2020,1.7775484000000001,7,17,DEU,FALSE,140,Poland,2019,FALSE,DEU,TRUE,FALSE,0,,,,,,0
POL,2021,1.4690751,7,16,DEU,FALSE,140,Poland,2020,FALSE,DEU,TRUE,FALSE,0,,,,,,0
POL,2022,2.360588,7,18,DEU,FALSE,140,Poland,2021,FALSE,DEU,TRUE,FALSE,0,,,,,,0
POL,2023,2.0858287,,,,,140,Poland,2022,FALSE,DEU,TRUE,FALSE,0,,,,,,
PRK,1991,1.1113699000000001,36,12,MEX,FALSE,141,North Korea,,,,FALSE,FALSE,0,,,,,,0
PRK,1992,0.6693266,,2,JPN,FALSE,141,North Korea,1991,FALSE,MEX,TRUE,FALSE,0,,,,,,0
PRK,1993,0.298605,,1,CHN,TRUE,141,North Korea,1992,FALSE,JPN,TRUE,TRUE,1,1993,1992,FALSE,JPN,TRUE,0
PRK,1994,0.2975160000000001,,3,JPN,FALSE,141,North Korea,1993,TRUE,CHN,TRUE,FALSE,1,1993,1992,FALSE,JPN,TRUE,0
PRK,1995,0.20531199999999994,,3,JPN,FALSE,141,North Korea,1994,FALSE,JPN,TRUE,FALSE,1,1993,1992,FALSE,JPN,TRUE,0
PRK,1996,0.6635820000000001,,3,JPN,FALSE,141,North Korea,1995,FALSE,JPN,TRUE,FALSE,1,1993,1992,FALSE,JPN,TRUE,0
PRK,1997,0.905484,,5,JPN,FALSE,141,North Korea,1996,FALSE,JPN,TRUE,FALSE,1,1993,1992,FALSE,JPN,TRUE,0
PRK,1998,1.4722289,,7,JPN,FALSE,141,North Korea,1997,FALSE,JPN,TRUE,FALSE,1,1993,1992,FALSE,JPN,TRUE,0
PRK,1999,0.9718896,103,6,JPN,FALSE,141,North Korea,1998,FALSE,JPN,TRUE,FALSE,1,1993,1992,FALSE,JPN,TRUE,0
PRK,2000,0.6949623999999999,89,8,JPN,FALSE,141,North Korea,1999,FALSE,JPN,TRUE,FALSE,1,1993,1992,FALSE,JPN,TRUE,0
PRK,2001,1.0017847,115,2,JPN,FALSE,141,North Korea,2000,FALSE,JPN,TRUE,FALSE,1,1993,1992,FALSE,JPN,TRUE,0
PRK,2002,0.9900854000000001,90,1,CHN,TRUE,141,North Korea,2001,FALSE,JPN,TRUE,TRUE,2,2002,2001,FALSE,JPN,TRUE,1
PRK,2003,0.28631380000000006,,1,CHN,TRUE,141,North Korea,2002,TRUE,CHN,TRUE,FALSE,2,2002,2001,FALSE,JPN,TRUE,1
PRK,2004,0.596549,45,1,CHN,TRUE,141,North Korea,2003,TRUE,CHN,TRUE,FALSE,2,2002,2001,FALSE,JPN,TRUE,1
PRK,2005,0.5894906,131,1,CHN,TRUE,141,North Korea,2004,TRUE,CHN,TRUE,FALSE,2,2002,2001,FALSE,JPN,TRUE,1
PRK,2006,0.142737,,2,IND,FALSE,141,North Korea,2005,TRUE,CHN,TRUE,FALSE,2,2002,2001,FALSE,JPN,TRUE,0
PRK,2007,0.6480499999999999,,2,AGO,FALSE,141,North Korea,2006,FALSE,IND,TRUE,FALSE,2,2002,2001,FALSE,JPN,TRUE,0
PRK,2008,0.7477809,,1,CHN,TRUE,141,North Korea,2007,FALSE,AGO,TRUE,TRUE,3,2008,2007,FALSE,AGO,TRUE,1
PRK,2009,1.0078157,,1,CHN,TRUE,141,North Korea,2008,TRUE,CHN,TRUE,FALSE,3,2008,2007,FALSE,AGO,TRUE,1
PRK,2010,1.3221733000000002,,1,CHN,TRUE,141,North Korea,2009,TRUE,CHN,TRUE,FALSE,3,2008,2007,FALSE,AGO,TRUE,1
PRK,2011,1.01206,,1,CHN,TRUE,141,North Korea,2010,TRUE,CHN,TRUE,FALSE,3,2008,2007,FALSE,AGO,TRUE,1
PRK,2012,1.2532763,,1,CHN,TRUE,141,North Korea,2011,TRUE,CHN,TRUE,FALSE,3,2008,2007,FALSE,AGO,TRUE,1
PRK,2013,1.6758302,,1,CHN,TRUE,141,North Korea,2012,TRUE,CHN,TRUE,FALSE,3,2008,2007,FALSE,AGO,TRUE,1
PRK,2014,1.2694416,,1,CHN,TRUE,141,North Korea,2013,TRUE,CHN,TRUE,FALSE,3,2008,2007,FALSE,AGO,TRUE,1
PRK,2015,0.24391700000000002,,1,CHN,TRUE,141,North Korea,2014,TRUE,CHN,TRUE,FALSE,3,2008,2007,FALSE,AGO,TRUE,1
PRK,2016,0.19761929999999994,,1,CHN,TRUE,141,North Korea,2015,TRUE,CHN,TRUE,FALSE,3,2008,2007,FALSE,AGO,TRUE,1
PRK,2017,0.1543839,,1,CHN,TRUE,141,North Korea,2016,TRUE,CHN,TRUE,FALSE,3,2008,2007,FALSE,AGO,TRUE,1
PRK,2018,0.1542616,,1,CHN,TRUE,141,North Korea,2017,TRUE,CHN,TRUE,FALSE,3,2008,2007,FALSE,AGO,TRUE,1
PRK,2019,0.18747,,1,CHN,TRUE,141,North Korea,2018,TRUE,CHN,TRUE,FALSE,3,2008,2007,FALSE,AGO,TRUE,1
PRK,2020,0.33729230000000004,,2,PNG,FALSE,141,North Korea,2019,TRUE,CHN,TRUE,FALSE,3,2008,2007,FALSE,AGO,TRUE,0
PRK,2021,0.038902999999999965,,3,PNG,FALSE,141,North Korea,2020,FALSE,PNG,TRUE,FALSE,3,2008,2007,FALSE,AGO,TRUE,0
PRK,2022,0.3457135,63,1,CHN,TRUE,141,North Korea,2021,FALSE,PNG,TRUE,TRUE,4,2022,2021,FALSE,PNG,TRUE,1
PRK,2023,0.06186440000000004,,,,,141,North Korea,2022,TRUE,CHN,TRUE,FALSE,4,2022,2021,FALSE,PNG,TRUE,
PRT,1990,1.788385,6,28,DEU,FALSE,142,Portugal,,,,FALSE,FALSE,0,,,,,,0
PRT,1991,1.6865921,6,28,DEU,FALSE,142,Portugal,1990,FALSE,DEU,TRUE,FALSE,0,,,,,,0
PRT,1992,2.0599714000000002,8,33,DEU,FALSE,142,Portugal,1991,FALSE,DEU,TRUE,FALSE,0,,,,,,0
PRT,1993,2.8759930000000002,5,28,GBR,FALSE,142,Portugal,1992,FALSE,DEU,TRUE,FALSE,0,,,,,,0
PRT,1994,3.0933919999999997,5,40,DEU,FALSE,142,Portugal,1993,FALSE,GBR,TRUE,FALSE,0,,,,,,0
PRT,1995,2.737457,5,31,DEU,FALSE,142,Portugal,1994,FALSE,DEU,TRUE,FALSE,0,,,,,,0
PRT,1996,2.792636,6,35,DEU,FALSE,142,Portugal,1995,FALSE,DEU,TRUE,FALSE,0,,,,,,0
PRT,1997,2.634891,6,33,DEU,FALSE,142,Portugal,1996,FALSE,DEU,TRUE,FALSE,0,,,,,,0
PRT,1998,1.6102061,5,39,DEU,FALSE,142,Portugal,1997,FALSE,DEU,TRUE,FALSE,0,,,,,,0
PRT,1999,1.7706714,5,33,DEU,FALSE,142,Portugal,1998,FALSE,DEU,TRUE,FALSE,0,,,,,,0
PRT,2000,1.7804916,5,35,DEU,FALSE,142,Portugal,1999,FALSE,DEU,TRUE,FALSE,0,,,,,,0
PRT,2001,1.6500993,6,29,DEU,FALSE,142,Portugal,2000,FALSE,DEU,TRUE,FALSE,0,,,,,,0
PRT,2002,1.6921625999999999,5,30,ESP,FALSE,142,Portugal,2001,FALSE,DEU,TRUE,FALSE,0,,,,,,0
PRT,2003,2.0287362,5,18,ESP,FALSE,142,Portugal,2002,FALSE,ESP,TRUE,FALSE,0,,,,,,0
PRT,2004,1.8044318000000001,5,16,ESP,FALSE,142,Portugal,2003,FALSE,ESP,TRUE,FALSE,0,,,,,,0
PRT,2005,1.6425509,5,15,ESP,FALSE,142,Portugal,2004,FALSE,ESP,TRUE,FALSE,0,,,,,,0
PRT,2006,1.8538081000000002,5,16,ESP,FALSE,142,Portugal,2005,FALSE,ESP,TRUE,FALSE,0,,,,,,0
PRT,2007,1.5942192,4,17,ESP,FALSE,142,Portugal,2006,FALSE,ESP,TRUE,FALSE,0,,,,,,0
PRT,2008,1.5840307,6,22,ESP,FALSE,142,Portugal,2007,FALSE,ESP,TRUE,FALSE,0,,,,,,0
PRT,2009,1.5142196,6,12,ESP,FALSE,142,Portugal,2008,FALSE,ESP,TRUE,FALSE,0,,,,,,0
PRT,2010,1.7841812,6,11,ESP,FALSE,142,Portugal,2009,FALSE,ESP,TRUE,FALSE,0,,,,,,0
PRT,2011,1.6624439,6,10,ESP,FALSE,142,Portugal,2010,FALSE,ESP,TRUE,FALSE,0,,,,,,0
PRT,2012,1.7678878,5,10,ESP,FALSE,142,Portugal,2011,FALSE,ESP,TRUE,FALSE,0,,,,,,0
PRT,2013,1.4210951,6,10,ESP,FALSE,142,Portugal,2012,FALSE,ESP,TRUE,FALSE,0,,,,,,0
PRT,2014,1.7861878,6,9,ESP,FALSE,142,Portugal,2013,FALSE,ESP,TRUE,FALSE,0,,,,,,0
PRT,2015,1.1397978,5,9,ESP,FALSE,142,Portugal,2014,FALSE,ESP,TRUE,FALSE,0,,,,,,0
PRT,2016,1.392827,5,9,ESP,FALSE,142,Portugal,2015,FALSE,ESP,TRUE,FALSE,0,,,,,,0
PRT,2017,1.3830072,5,8,ESP,FALSE,142,Portugal,2016,FALSE,ESP,TRUE,FALSE,0,,,,,,0
PRT,2018,1.4182415000000002,5,8,ESP,FALSE,142,Portugal,2017,FALSE,ESP,TRUE,FALSE,0,,,,,,0
PRT,2019,1.4181604,5,8,ESP,FALSE,142,Portugal,2018,FALSE,ESP,TRUE,FALSE,0,,,,,,0
PRT,2020,1.5882133999999999,4,6,ESP,FALSE,142,Portugal,2019,FALSE,ESP,TRUE,FALSE,0,,,,,,0
PRT,2021,1.2720101,4,6,ESP,FALSE,142,Portugal,2020,FALSE,ESP,TRUE,FALSE,0,,,,,,0
PRT,2022,2.196842,4,8,ESP,FALSE,142,Portugal,2021,FALSE,ESP,TRUE,FALSE,0,,,,,,0
PRT,2023,1.9137297000000002,,,,,142,Portugal,2022,FALSE,ESP,TRUE,FALSE,0,,,,,,
PRY,1990,0.0872832,5,14,BRA,FALSE,143,Paraguay,,,,FALSE,FALSE,0,,,,,,0
PRY,1991,0.22531501999999998,7,11,BRA,FALSE,143,Paraguay,1990,FALSE,BRA,TRUE,FALSE,0,,,,,,0
PRY,1992,0.8335125800000001,5,10,BRA,FALSE,143,Paraguay,1991,FALSE,BRA,TRUE,FALSE,0,,,,,,0
PRY,1993,1.7795266,5,24,BRA,FALSE,143,Paraguay,1992,FALSE,BRA,TRUE,FALSE,0,,,,,,0
PRY,1994,1.7035541299999999,3,25,BRA,FALSE,143,Paraguay,1993,FALSE,BRA,TRUE,FALSE,0,,,,,,0
PRY,1995,1.7648493,5,13,BRA,FALSE,143,Paraguay,1994,FALSE,BRA,TRUE,FALSE,0,,,,,,0
PRY,1996,1.4470611999999998,5,24,BRA,FALSE,143,Paraguay,1995,FALSE,BRA,TRUE,FALSE,0,,,,,,0
PRY,1997,1.12863308,6,35,BRA,FALSE,143,Paraguay,1996,FALSE,BRA,TRUE,FALSE,0,,,,,,0
PRY,1998,0.39209131,4,27,BRA,FALSE,143,Paraguay,1997,FALSE,BRA,TRUE,FALSE,0,,,,,,0
PRY,1999,0.69688425,5,24,ARG,FALSE,143,Paraguay,1998,FALSE,BRA,TRUE,FALSE,0,,,,,,0
PRY,2000,0.8448021000000001,6,20,BRA,FALSE,143,Paraguay,1999,FALSE,ARG,TRUE,FALSE,0,,,,,,0
PRY,2001,0.7468447,12,25,BRA,FALSE,143,Paraguay,2000,FALSE,BRA,TRUE,FALSE,0,,,,,,0
PRY,2002,0.49246064999999994,7,21,BRA,FALSE,143,Paraguay,2001,FALSE,BRA,TRUE,FALSE,0,,,,,,0
PRY,2003,0.86290705,10,20,BRA,FALSE,143,Paraguay,2002,FALSE,BRA,TRUE,FALSE,0,,,,,,0
PRY,2004,0.819471367,10,14,BRA,FALSE,143,Paraguay,2003,FALSE,BRA,TRUE,FALSE,0,,,,,,0
PRY,2005,0.6154039,10,11,BRA,FALSE,143,Paraguay,2004,FALSE,BRA,TRUE,FALSE,0,,,,,,0
PRY,2006,0.7244987,10,13,BRA,FALSE,143,Paraguay,2005,FALSE,BRA,TRUE,FALSE,0,,,,,,0
PRY,2007,0.52281091,10,27,BRA,FALSE,143,Paraguay,2006,FALSE,BRA,TRUE,FALSE,0,,,,,,0
PRY,2008,0.4174374,13,12,BRA,FALSE,143,Paraguay,2007,FALSE,BRA,TRUE,FALSE,0,,,,,,0
PRY,2009,0.2970097,11,24,BRA,FALSE,143,Paraguay,2008,FALSE,BRA,TRUE,FALSE,0,,,,,,0
PRY,2010,0.5046456,12,21,BRA,FALSE,143,Paraguay,2009,FALSE,BRA,TRUE,FALSE,0,,,,,,0
PRY,2011,0.4073113,12,30,BRA,FALSE,143,Paraguay,2010,FALSE,BRA,TRUE,FALSE,0,,,,,,0
PRY,2012,0.661427,9,25,BRA,FALSE,143,Paraguay,2011,FALSE,BRA,TRUE,FALSE,0,,,,,,0
PRY,2013,0.6403455,10,28,BRA,FALSE,143,Paraguay,2012,FALSE,BRA,TRUE,FALSE,0,,,,,,0
PRY,2014,0.90241003,9,30,BRA,FALSE,143,Paraguay,2013,FALSE,BRA,TRUE,FALSE,0,,,,,,0
PRY,2015,0.24732723299999998,8,29,BRA,FALSE,143,Paraguay,2014,FALSE,BRA,TRUE,FALSE,0,,,,,,0
PRY,2016,0.40297315,11,41,BRA,FALSE,143,Paraguay,2015,FALSE,BRA,TRUE,FALSE,0,,,,,,0
PRY,2017,0.31870303,14,35,BRA,FALSE,143,Paraguay,2016,FALSE,BRA,TRUE,FALSE,0,,,,,,0
PRY,2018,0.3530459,9,27,BRA,FALSE,143,Paraguay,2017,FALSE,BRA,TRUE,FALSE,0,,,,,,0
PRY,2019,0.18215800000000001,6,39,BRA,FALSE,143,Paraguay,2018,FALSE,BRA,TRUE,FALSE,0,,,,,,0
PRY,2020,0.37394460000000007,5,44,BRA,FALSE,143,Paraguay,2019,FALSE,BRA,TRUE,FALSE,0,,,,,,0
PRY,2021,1.1249999999995985e-4,7,21,BRA,FALSE,143,Paraguay,2020,FALSE,BRA,TRUE,FALSE,0,,,,,,0
PRY,2022,0.9114291,4,14,BRA,FALSE,143,Paraguay,2021,FALSE,BRA,TRUE,FALSE,0,,,,,,0
PRY,2023,0.74901249,,,,,143,Paraguay,2022,FALSE,BRA,TRUE,FALSE,0,,,,,,
QAT,1990,0.4376133,,,JPN,FALSE,144,Qatar,,,,FALSE,FALSE,0,,,,,,0
QAT,1991,0.5110041000000001,8,,JPN,FALSE,144,Qatar,1990,FALSE,JPN,TRUE,FALSE,0,,,,,,0
QAT,1992,0.2714233,8,7,JPN,FALSE,144,Qatar,1991,FALSE,JPN,TRUE,FALSE,0,,,,,,0
QAT,1993,0.7710530000000001,6,9,JPN,FALSE,144,Qatar,1992,FALSE,JPN,TRUE,FALSE,0,,,,,,0
QAT,1994,0.7659980999999999,7,8,JPN,FALSE,144,Qatar,1993,FALSE,JPN,TRUE,FALSE,0,,,,,,0
QAT,1995,0.6880679000000001,8,5,JPN,FALSE,144,Qatar,1994,FALSE,JPN,TRUE,FALSE,0,,,,,,0
QAT,1996,0.37285579999999996,6,9,JPN,FALSE,144,Qatar,1995,FALSE,JPN,TRUE,FALSE,0,,,,,,0
QAT,1997,0.15783400000000003,6,5,JPN,FALSE,144,Qatar,1996,FALSE,JPN,TRUE,FALSE,0,,,,,,0
QAT,1998,0.5243993,5,11,JPN,FALSE,144,Qatar,1997,FALSE,JPN,TRUE,FALSE,0,,,,,,0
QAT,1999,0.20954430000000002,6,10,JPN,FALSE,144,Qatar,1998,FALSE,JPN,TRUE,FALSE,0,,,,,,0
QAT,2000,0.4310673999999999,5,4,JPN,FALSE,144,Qatar,1999,FALSE,JPN,TRUE,FALSE,0,,,,,,0
QAT,2001,0.6191127,4,5,JPN,FALSE,144,Qatar,2000,FALSE,JPN,TRUE,FALSE,0,,,,,,0
QAT,2002,0.7295664,4,9,JPN,FALSE,144,Qatar,2001,FALSE,JPN,TRUE,FALSE,0,,,,,,0
QAT,2003,0.3559698,6,7,JPN,FALSE,144,Qatar,2002,FALSE,JPN,TRUE,FALSE,0,,,,,,0
QAT,2004,0.2529109999999999,8,9,JPN,FALSE,144,Qatar,2003,FALSE,JPN,TRUE,FALSE,0,,,,,,0
QAT,2005,0.3661155999999999,9,8,JPN,FALSE,144,Qatar,2004,FALSE,JPN,TRUE,FALSE,0,,,,,,0
QAT,2006,0.013601899999999945,16,10,JPN,FALSE,144,Qatar,2005,FALSE,JPN,TRUE,FALSE,0,,,,,,0
QAT,2007,0.4152509999999999,11,9,JPN,FALSE,144,Qatar,2006,FALSE,JPN,TRUE,FALSE,0,,,,,,0
QAT,2008,0.4724739,13,8,JPN,FALSE,144,Qatar,2007,FALSE,JPN,TRUE,FALSE,0,,,,,,0
QAT,2009,0.5104646999999999,15,8,JPN,FALSE,144,Qatar,2008,FALSE,JPN,TRUE,FALSE,0,,,,,,0
QAT,2010,0.34150230000000004,18,7,JPN,FALSE,144,Qatar,2009,FALSE,JPN,TRUE,FALSE,0,,,,,,0
QAT,2011,0.21940020000000005,16,6,JPN,FALSE,144,Qatar,2010,FALSE,JPN,TRUE,FALSE,0,,,,,,0
QAT,2012,0.4648093000000001,16,5,JPN,FALSE,144,Qatar,2011,FALSE,JPN,TRUE,FALSE,0,,,,,,0
QAT,2013,0.44802110000000006,16,4,JPN,FALSE,144,Qatar,2012,FALSE,JPN,TRUE,FALSE,0,,,,,,0
QAT,2014,0.09795039999999999,11,4,JPN,FALSE,144,Qatar,2013,FALSE,JPN,TRUE,FALSE,0,,,,,,0
QAT,2015,0.7559252,10,4,KOR,FALSE,144,Qatar,2014,FALSE,JPN,TRUE,FALSE,0,,,,,,0
QAT,2016,0.3819226,11,4,JPN,FALSE,144,Qatar,2015,FALSE,KOR,TRUE,FALSE,0,,,,,,0
QAT,2017,0.2358284,12,4,KOR,FALSE,144,Qatar,2016,FALSE,JPN,TRUE,FALSE,0,,,,,,0
QAT,2018,0.17589109999999997,10,4,KOR,FALSE,144,Qatar,2017,FALSE,KOR,TRUE,FALSE,0,,,,,,0
QAT,2019,0.3881521,10,4,JPN,FALSE,144,Qatar,2018,FALSE,KOR,TRUE,FALSE,0,,,,,,0
QAT,2020,0.07563219999999993,13,2,JPN,FALSE,144,Qatar,2019,FALSE,JPN,TRUE,FALSE,0,,,,,,0
QAT,2021,0.35098460000000004,12,1,CHN,TRUE,144,Qatar,2020,FALSE,JPN,TRUE,TRUE,1,2021,2020,FALSE,JPN,TRUE,1
QAT,2022,0.5546736,13,1,CHN,TRUE,144,Qatar,2021,TRUE,CHN,TRUE,FALSE,1,2021,2020,FALSE,JPN,TRUE,1
QAT,2023,0.1412044,,,,,144,Qatar,2022,TRUE,CHN,TRUE,FALSE,1,2021,2020,FALSE,JPN,TRUE,
ROU,1990,1.2343860000000002,4,10,SVU,FALSE,145,Romania,,,,FALSE,FALSE,0,,,,,,0
ROU,1991,1.8034331,10,9,SVU,FALSE,145,Romania,1990,FALSE,SVU,TRUE,FALSE,0,,,,,,0
ROU,1992,2.2286723999999998,16,5,DEU,FALSE,145,Romania,1991,FALSE,SVU,TRUE,FALSE,0,,,,,,0
ROU,1993,2.954158,18,3,DEU,FALSE,145,Romania,1992,FALSE,DEU,TRUE,FALSE,0,,,,,,0
ROU,1994,3.135971,6,4,DEU,FALSE,145,Romania,1993,FALSE,DEU,TRUE,FALSE,0,,,,,,0
ROU,1995,2.774965,6,8,DEU,FALSE,145,Romania,1994,FALSE,DEU,TRUE,FALSE,0,,,,,,0
ROU,1996,2.756903,7,17,DEU,FALSE,145,Romania,1995,FALSE,DEU,TRUE,FALSE,0,,,,,,0
ROU,1997,2.522212,4,21,ITA,FALSE,145,Romania,1996,FALSE,DEU,TRUE,FALSE,0,,,,,,0
ROU,1998,1.6261281,4,37,ITA,FALSE,145,Romania,1997,FALSE,ITA,TRUE,FALSE,0,,,,,,0
ROU,1999,1.8144703999999998,4,27,ITA,FALSE,145,Romania,1998,FALSE,ITA,TRUE,FALSE,0,,,,,,0
ROU,2000,1.8444136,6,18,ITA,FALSE,145,Romania,1999,FALSE,ITA,TRUE,FALSE,0,,,,,,0
ROU,2001,1.7204853,5,17,ITA,FALSE,145,Romania,2000,FALSE,ITA,TRUE,FALSE,0,,,,,,0
ROU,2002,1.6862405999999999,5,9,ITA,FALSE,145,Romania,2001,FALSE,ITA,TRUE,FALSE,0,,,,,,0
ROU,2003,1.9279008,5,10,ITA,FALSE,145,Romania,2002,FALSE,ITA,TRUE,FALSE,0,,,,,,0
ROU,2004,1.841881,6,16,ITA,FALSE,145,Romania,2003,FALSE,ITA,TRUE,FALSE,0,,,,,,0
ROU,2005,1.6895189,6,17,ITA,FALSE,145,Romania,2004,FALSE,ITA,TRUE,FALSE,0,,,,,,0
ROU,2006,1.8481036,7,26,DEU,FALSE,145,Romania,2005,FALSE,ITA,TRUE,FALSE,0,,,,,,0
ROU,2007,1.6017698,7,25,ITA,FALSE,145,Romania,2006,FALSE,DEU,TRUE,FALSE,0,,,,,,0
ROU,2008,1.6824001,9,25,DEU,FALSE,145,Romania,2007,FALSE,ITA,TRUE,FALSE,0,,,,,,0
ROU,2009,1.6358453000000002,13,19,DEU,FALSE,145,Romania,2008,FALSE,DEU,TRUE,FALSE,0,,,,,,0
ROU,2010,1.8409029000000001,13,17,DEU,FALSE,145,Romania,2009,FALSE,DEU,TRUE,FALSE,0,,,,,,0
ROU,2011,1.7464882,10,17,DEU,FALSE,145,Romania,2010,FALSE,DEU,TRUE,FALSE,0,,,,,,0
ROU,2012,1.8589346999999998,9,15,DEU,FALSE,145,Romania,2011,FALSE,DEU,TRUE,FALSE,0,,,,,,0
ROU,2013,1.4400716999999998,9,15,DEU,FALSE,145,Romania,2012,FALSE,DEU,TRUE,FALSE,0,,,,,,0
ROU,2014,1.8028723,9,15,DEU,FALSE,145,Romania,2013,FALSE,DEU,TRUE,FALSE,0,,,,,,0
ROU,2015,1.2175132,7,14,DEU,FALSE,145,Romania,2014,FALSE,DEU,TRUE,FALSE,0,,,,,,0
ROU,2016,1.6228089,7,12,DEU,FALSE,145,Romania,2015,FALSE,DEU,TRUE,FALSE,0,,,,,,0
ROU,2017,1.4755992,9,13,DEU,FALSE,145,Romania,2016,FALSE,DEU,TRUE,FALSE,0,,,,,,0
ROU,2018,1.5948636,7,12,DEU,FALSE,145,Romania,2017,FALSE,DEU,TRUE,FALSE,0,,,,,,0
ROU,2019,1.5380514,10,11,DEU,FALSE,145,Romania,2018,FALSE,DEU,TRUE,FALSE,0,,,,,,0
ROU,2020,1.7334874,10,6,DEU,FALSE,145,Romania,2019,FALSE,DEU,TRUE,FALSE,0,,,,,,0
ROU,2021,1.3949931,9,5,DEU,FALSE,145,Romania,2020,FALSE,DEU,TRUE,FALSE,0,,,,,,0
ROU,2022,2.342447,6,9,DEU,FALSE,145,Romania,2021,FALSE,DEU,TRUE,FALSE,0,,,,,,0
ROU,2023,2.1107177,,,,,145,Romania,2022,FALSE,DEU,TRUE,FALSE,0,,,,,,
RUS,1990,0.005267400000000005,,,,,146,Russia,,,,FALSE,FALSE,0,,,,,,
RUS,1991,1.002878,,,,,146,Russia,1990,,,FALSE,FALSE,0,,,,,,
RUS,1992,1.8830814,10,2,DEU,FALSE,146,Russia,1991,,,FALSE,FALSE,0,,,,,,0
RUS,1993,2.836205,5,1,CHN,TRUE,146,Russia,1992,FALSE,DEU,TRUE,TRUE,1,1993,1992,FALSE,DEU,TRUE,0
RUS,1994,2.838399,4,5,DEU,FALSE,146,Russia,1993,TRUE,CHN,TRUE,FALSE,1,1993,1992,FALSE,DEU,TRUE,0
RUS,1995,2.7434950000000002,3,5,DEU,FALSE,146,Russia,1994,FALSE,DEU,TRUE,FALSE,1,1993,1992,FALSE,DEU,TRUE,0
RUS,1996,2.1123349,5,3,UKR,FALSE,146,Russia,1995,FALSE,DEU,TRUE,FALSE,1,1993,1992,FALSE,DEU,TRUE,0
RUS,1997,1.7607592,3,5,UKR,FALSE,146,Russia,1996,FALSE,UKR,TRUE,FALSE,1,1993,1992,FALSE,DEU,TRUE,0
RUS,1998,0.9293515000000001,2,5,UKR,FALSE,146,Russia,1997,FALSE,UKR,TRUE,FALSE,1,1993,1992,FALSE,DEU,TRUE,0
RUS,1999,1.0692707,3,4,DEU,FALSE,146,Russia,1998,FALSE,UKR,TRUE,FALSE,1,1993,1992,FALSE,DEU,TRUE,0
RUS,2000,0.9453868000000001,2,5,DEU,FALSE,146,Russia,1999,FALSE,DEU,TRUE,FALSE,1,1993,1992,FALSE,DEU,TRUE,0
RUS,2001,0.7704768,3,2,DEU,FALSE,146,Russia,2000,FALSE,DEU,TRUE,FALSE,1,1993,1992,FALSE,DEU,TRUE,0
RUS,2002,0.8075085,3,2,DEU,FALSE,146,Russia,2001,FALSE,DEU,TRUE,FALSE,1,1993,1992,FALSE,DEU,TRUE,0
RUS,2003,1.210371,3,2,DEU,FALSE,146,Russia,2002,FALSE,DEU,TRUE,FALSE,1,1993,1992,FALSE,DEU,TRUE,0
RUS,2004,0.9477869000000001,2,3,DEU,FALSE,146,Russia,2003,FALSE,DEU,TRUE,FALSE,1,1993,1992,FALSE,DEU,TRUE,0
RUS,2005,0.80594149,2,3,DEU,FALSE,146,Russia,2004,FALSE,DEU,TRUE,FALSE,1,1993,1992,FALSE,DEU,TRUE,0
RUS,2006,0.6584805,2,3,DEU,FALSE,146,Russia,2005,FALSE,DEU,TRUE,FALSE,1,1993,1992,FALSE,DEU,TRUE,0
RUS,2007,0.54767381,2,3,DEU,FALSE,146,Russia,2006,FALSE,DEU,TRUE,FALSE,1,1993,1992,FALSE,DEU,TRUE,0
RUS,2008,0.4599933,2,3,DEU,FALSE,146,Russia,2007,FALSE,DEU,TRUE,FALSE,1,1993,1992,FALSE,DEU,TRUE,0
RUS,2009,0.5922461,3,2,DEU,FALSE,146,Russia,2008,FALSE,DEU,TRUE,FALSE,1,1993,1992,FALSE,DEU,TRUE,0
RUS,2010,0.8855096600000001,2,3,DEU,FALSE,146,Russia,2009,FALSE,DEU,TRUE,FALSE,1,1993,1992,FALSE,DEU,TRUE,0
RUS,2011,0.569366,3,2,DEU,FALSE,146,Russia,2010,FALSE,DEU,TRUE,FALSE,1,1993,1992,FALSE,DEU,TRUE,0
RUS,2012,0.9734721,3,1,CHN,TRUE,146,Russia,2011,FALSE,DEU,TRUE,TRUE,2,2012,2011,FALSE,DEU,TRUE,1
RUS,2013,0.48475119,3,1,CHN,TRUE,146,Russia,2012,TRUE,CHN,TRUE,FALSE,2,2012,2011,FALSE,DEU,TRUE,1
RUS,2014,0.89537817,4,1,CHN,TRUE,146,Russia,2013,TRUE,CHN,TRUE,FALSE,2,2012,2011,FALSE,DEU,TRUE,1
RUS,2015,0.4247451,3,1,CHN,TRUE,146,Russia,2014,TRUE,CHN,TRUE,FALSE,2,2012,2011,FALSE,DEU,TRUE,1
RUS,2016,0.658893,3,1,CHN,TRUE,146,Russia,2015,TRUE,CHN,TRUE,FALSE,2,2012,2011,FALSE,DEU,TRUE,1
RUS,2017,0.4680954,4,1,CHN,TRUE,146,Russia,2016,TRUE,CHN,TRUE,FALSE,2,2012,2011,FALSE,DEU,TRUE,1
RUS,2018,0.60304981,4,1,CHN,TRUE,146,Russia,2017,TRUE,CHN,TRUE,FALSE,2,2012,2011,FALSE,DEU,TRUE,1
RUS,2019,0.46355295,3,1,CHN,TRUE,146,Russia,2018,TRUE,CHN,TRUE,FALSE,2,2012,2011,FALSE,DEU,TRUE,1
RUS,2020,0.6381400500000001,4,1,CHN,TRUE,146,Russia,2019,TRUE,CHN,TRUE,FALSE,2,2012,2011,FALSE,DEU,TRUE,1
RUS,2021,0.3751375,2,1,CHN,TRUE,146,Russia,2020,TRUE,CHN,TRUE,FALSE,2,2012,2011,FALSE,DEU,TRUE,1
RUS,2022,0.5770019,9,1,CHN,TRUE,146,Russia,2021,TRUE,CHN,TRUE,FALSE,2,2012,2011,FALSE,DEU,TRUE,1
RUS,2023,0.2730735000000001,,,,,146,Russia,2022,TRUE,CHN,TRUE,FALSE,2,2012,2011,FALSE,DEU,TRUE,
RWA,1990,0.39403829999999995,1,20,USA,FALSE,147,Rwanda,,,,FALSE,FALSE,0,,,,,,0
RWA,1991,0.26086060000000005,5,,DEU,FALSE,147,Rwanda,1990,FALSE,USA,TRUE,FALSE,0,,,,,,0
RWA,1992,0.3261326,5,26,DEU,FALSE,147,Rwanda,1991,FALSE,DEU,TRUE,FALSE,0,,,,,,0
RWA,1993,1.1192902,5,31,DEU,FALSE,147,Rwanda,1992,FALSE,DEU,TRUE,FALSE,0,,,,,,0
RWA,1994,1.4111215,8,,DEU,FALSE,147,Rwanda,1993,FALSE,DEU,TRUE,FALSE,0,,,,,,0
RWA,1995,1.1552449,9,27,NLD,FALSE,147,Rwanda,1994,FALSE,DEU,TRUE,FALSE,0,,,,,,0
RWA,1996,0.8650335999999998,2,25,DEU,FALSE,147,Rwanda,1995,FALSE,NLD,TRUE,FALSE,0,,,,,,0
RWA,1997,1.5024664,5,18,BLX,FALSE,147,Rwanda,1996,FALSE,DEU,TRUE,FALSE,0,,,,,,0
RWA,1998,0.34676931,7,9,BLX,FALSE,147,Rwanda,1997,FALSE,BLX,TRUE,FALSE,0,,,,,,0
RWA,1999,0.13719099999999995,4,11,KEN,FALSE,147,Rwanda,1998,FALSE,BLX,TRUE,FALSE,0,,,,,,0
RWA,2000,0.08801880000000006,4,9,DEU,FALSE,147,Rwanda,1999,FALSE,KEN,TRUE,FALSE,0,,,,,,0
RWA,2001,0.287992,5,7,BVT,FALSE,147,Rwanda,2000,FALSE,DEU,TRUE,FALSE,0,,,,,,0
RWA,2002,0.18216619999999994,10,4,IDN,FALSE,147,Rwanda,2001,FALSE,BVT,TRUE,FALSE,0,,,,,,0
RWA,2003,1.0785241,10,5,IDN,FALSE,147,Rwanda,2002,FALSE,IDN,TRUE,FALSE,0,,,,,,0
RWA,2004,0.21994120000000006,7,3,IDN,FALSE,147,Rwanda,2003,FALSE,IDN,TRUE,FALSE,0,,,,,,0
RWA,2005,0.05322990000000005,7,5,BEL,FALSE,147,Rwanda,2004,FALSE,IDN,TRUE,FALSE,0,,,,,,0
RWA,2006,0.38162240000000003,6,2,KEN,FALSE,147,Rwanda,2005,FALSE,BEL,TRUE,FALSE,0,,,,,,0
RWA,2007,0.373055,6,3,GBR,FALSE,147,Rwanda,2006,FALSE,KEN,TRUE,FALSE,0,,,,,,0
RWA,2008,0.2541483,10,4,KEN,FALSE,147,Rwanda,2007,FALSE,GBR,TRUE,FALSE,0,,,,,,0
RWA,2009,0.19934010000000002,6,3,SDN,FALSE,147,Rwanda,2008,FALSE,KEN,TRUE,FALSE,0,,,,,,0
RWA,2010,0.47061700000000006,4,2,CHE,FALSE,147,Rwanda,2009,FALSE,SDN,TRUE,FALSE,0,,,,,,0
RWA,2011,0.5519068,7,2,MYS,FALSE,147,Rwanda,2010,FALSE,CHE,TRUE,FALSE,0,,,,,,0
RWA,2012,0.6936905,7,2,KEN,FALSE,147,Rwanda,2011,FALSE,MYS,TRUE,FALSE,0,,,,,,0
RWA,2013,0.1151103,10,2,COD,FALSE,147,Rwanda,2012,FALSE,KEN,TRUE,FALSE,0,,,,,,0
RWA,2014,0.46093870000000003,7,2,COD,FALSE,147,Rwanda,2013,FALSE,COD,TRUE,FALSE,0,,,,,,0
RWA,2015,0.18802870000000002,4,3,KEN,FALSE,147,Rwanda,2014,FALSE,COD,TRUE,FALSE,0,,,,,,0
RWA,2016,0.07842670000000002,6,4,ARE,FALSE,147,Rwanda,2015,FALSE,KEN,TRUE,FALSE,0,,,,,,0
RWA,2017,0.19850929999999997,5,7,ARE,FALSE,147,Rwanda,2016,FALSE,ARE,TRUE,FALSE,0,,,,,,0
RWA,2018,0.48281073,2,6,ARE,FALSE,147,Rwanda,2017,FALSE,ARE,TRUE,FALSE,0,,,,,,0
RWA,2019,0.2353503,2,4,ARE,FALSE,147,Rwanda,2018,FALSE,ARE,TRUE,FALSE,0,,,,,,0
RWA,2020,0.43126290000000006,4,3,ARE,FALSE,147,Rwanda,2019,FALSE,ARE,TRUE,FALSE,0,,,,,,0
RWA,2021,0.15068909999999996,5,7,ARE,FALSE,147,Rwanda,2020,FALSE,ARE,TRUE,FALSE,0,,,,,,0
RWA,2022,1.00334639,5,4,ARE,FALSE,147,Rwanda,2021,FALSE,ARE,TRUE,FALSE,0,,,,,,0
RWA,2023,0.36415850000000005,,,,,147,Rwanda,2022,FALSE,ARE,TRUE,FALSE,0,,,,,,
SAU,1990,0.4067636,43,46,JPN,FALSE,148,Saudi Arabia,,,,FALSE,FALSE,0,,,,,,0
SAU,1991,0.5488073,2,18,TWN,FALSE,148,Saudi Arabia,1990,FALSE,JPN,TRUE,FALSE,0,,,,,,0
SAU,1992,0.2795844,2,31,TWN,FALSE,148,Saudi Arabia,1991,FALSE,TWN,TRUE,FALSE,0,,,,,,0
SAU,1993,1.0657551,4,28,TWN,FALSE,148,Saudi Arabia,1992,FALSE,TWN,TRUE,FALSE,0,,,,,,0
SAU,1994,1.0299258,1,22,USA,FALSE,148,Saudi Arabia,1993,FALSE,TWN,TRUE,FALSE,0,,,,,,0
SAU,1995,0.8474044000000001,2,16,JPN,FALSE,148,Saudi Arabia,1994,FALSE,USA,TRUE,FALSE,0,,,,,,0
SAU,1996,0.4815966999999999,2,15,JPN,FALSE,148,Saudi Arabia,1995,FALSE,JPN,TRUE,FALSE,0,,,,,,0
SAU,1997,0.4408156000000001,2,16,JPN,FALSE,148,Saudi Arabia,1996,FALSE,JPN,TRUE,FALSE,0,,,,,,0
SAU,1998,0.40047269999999996,1,12,USA,FALSE,148,Saudi Arabia,1997,FALSE,JPN,TRUE,FALSE,0,,,,,,0
SAU,1999,0.02536729999999998,1,12,USA,FALSE,148,Saudi Arabia,1998,FALSE,USA,TRUE,FALSE,0,,,,,,0
SAU,2000,0.3309933999999999,1,10,USA,FALSE,148,Saudi Arabia,1999,FALSE,USA,TRUE,FALSE,0,,,,,,0
SAU,2001,0.09934759999999998,1,6,USA,FALSE,148,Saudi Arabia,2000,FALSE,USA,TRUE,FALSE,0,,,,,,0
SAU,2002,0.5968903999999999,1,5,USA,FALSE,148,Saudi Arabia,2001,FALSE,USA,TRUE,FALSE,0,,,,,,0
SAU,2003,0.4289478,1,4,USA,FALSE,148,Saudi Arabia,2002,FALSE,USA,TRUE,FALSE,0,,,,,,0
SAU,2004,0.44436600000000004,1,4,USA,FALSE,148,Saudi Arabia,2003,FALSE,USA,TRUE,FALSE,0,,,,,,0
SAU,2005,0.23547279999999993,1,4,USA,FALSE,148,Saudi Arabia,2004,FALSE,USA,TRUE,FALSE,0,,,,,,0
SAU,2006,0.2350219,2,4,JPN,FALSE,148,Saudi Arabia,2005,FALSE,USA,TRUE,FALSE,0,,,,,,0
SAU,2007,0.2102970999999999,1,4,USA,FALSE,148,Saudi Arabia,2006,FALSE,JPN,TRUE,FALSE,0,,,,,,0
SAU,2008,0.284273,1,4,USA,FALSE,148,Saudi Arabia,2007,FALSE,USA,TRUE,FALSE,0,,,,,,0
SAU,2009,0.17260929999999997,3,2,JPN,FALSE,148,Saudi Arabia,2008,FALSE,USA,TRUE,FALSE,0,,,,,,0
SAU,2010,0.09749459999999999,3,2,JPN,FALSE,148,Saudi Arabia,2009,FALSE,JPN,TRUE,FALSE,0,,,,,,0
SAU,2011,0.03600740000000002,3,2,JPN,FALSE,148,Saudi Arabia,2010,FALSE,JPN,TRUE,FALSE,0,,,,,,0
SAU,2012,0.35153029999999996,1,2,USA,FALSE,148,Saudi Arabia,2011,FALSE,JPN,TRUE,FALSE,0,,,,,,0
SAU,2013,0.3734626,2,1,CHN,TRUE,148,Saudi Arabia,2012,FALSE,USA,TRUE,TRUE,1,2013,2012,FALSE,USA,TRUE,1
SAU,2014,0.22685560000000005,2,1,CHN,TRUE,148,Saudi Arabia,2013,TRUE,CHN,TRUE,FALSE,1,2013,2012,FALSE,USA,TRUE,1
SAU,2015,0.7046454999999999,2,1,CHN,TRUE,148,Saudi Arabia,2014,TRUE,CHN,TRUE,FALSE,1,2013,2012,FALSE,USA,TRUE,1
SAU,2016,0.3160269,4,1,CHN,TRUE,148,Saudi Arabia,2015,TRUE,CHN,TRUE,FALSE,1,2013,2012,FALSE,USA,TRUE,1
SAU,2017,0.2461311,5,1,CHN,TRUE,148,Saudi Arabia,2016,TRUE,CHN,TRUE,FALSE,1,2013,2012,FALSE,USA,TRUE,1
SAU,2018,0.18005519999999997,5,1,CHN,TRUE,148,Saudi Arabia,2017,TRUE,CHN,TRUE,FALSE,1,2013,2012,FALSE,USA,TRUE,1
SAU,2019,0.06446780000000002,5,1,CHN,TRUE,148,Saudi Arabia,2018,TRUE,CHN,TRUE,FALSE,1,2013,2012,FALSE,USA,TRUE,1
SAU,2020,0.02964840000000002,5,1,CHN,TRUE,148,Saudi Arabia,2019,TRUE,CHN,TRUE,FALSE,1,2013,2012,FALSE,USA,TRUE,1
SAU,2021,0.007375600000000038,5,1,CHN,TRUE,148,Saudi Arabia,2020,TRUE,CHN,TRUE,FALSE,1,2013,2012,FALSE,USA,TRUE,1
SAU,2022,0.38350090000000003,5,1,CHN,TRUE,148,Saudi Arabia,2021,TRUE,CHN,TRUE,FALSE,1,2013,2012,FALSE,USA,TRUE,1
SAU,2023,0.047580100000000014,,,,,148,Saudi Arabia,2022,TRUE,CHN,TRUE,FALSE,1,2013,2012,FALSE,USA,TRUE,
SDN,1990,0.7860111,7,1,CHN,TRUE,149,Sudan,,,,FALSE,TRUE,1,1990,,,,FALSE,0
SDN,1991,1.0418319,4,7,THA,FALSE,149,Sudan,1990,TRUE,CHN,TRUE,FALSE,1,1990,,,,FALSE,0
SDN,1992,1.2650455999999999,6,7,THA,FALSE,149,Sudan,1991,FALSE,THA,TRUE,FALSE,1,1990,,,,FALSE,0
SDN,1993,0.37875599999999987,8,42,TUR,FALSE,149,Sudan,1992,FALSE,THA,TRUE,FALSE,1,1990,,,,FALSE,0
SDN,1994,0.38218799999999997,6,2,ITA,FALSE,149,Sudan,1993,FALSE,TUR,TRUE,FALSE,1,1990,,,,FALSE,0
SDN,1995,0.39453399999999994,3,2,ITA,FALSE,149,Sudan,1994,FALSE,ITA,TRUE,FALSE,1,1990,,,,FALSE,0
SDN,1996,0.44328900000000004,6,4,THA,FALSE,149,Sudan,1995,FALSE,ITA,TRUE,FALSE,1,1990,,,,FALSE,0
SDN,1997,0.5005459999999999,11,8,SAU,FALSE,149,Sudan,1996,FALSE,THA,TRUE,FALSE,1,1990,,,,FALSE,0
SDN,1998,1.0121619,21,38,SAU,FALSE,149,Sudan,1997,FALSE,SAU,TRUE,FALSE,1,1990,,,,FALSE,0
SDN,1999,0.8624096,75,5,SAU,FALSE,149,Sudan,1998,FALSE,SAU,TRUE,FALSE,1,1990,,,,FALSE,0
SDN,2000,0.7776703999999999,42,1,CHN,TRUE,149,Sudan,1999,FALSE,SAU,TRUE,TRUE,2,2000,1999,FALSE,SAU,TRUE,1
SDN,2001,0.9714626999999999,31,1,CHN,TRUE,149,Sudan,2000,TRUE,CHN,TRUE,FALSE,2,2000,1999,FALSE,SAU,TRUE,1
SDN,2002,1.1294474,43,1,CHN,TRUE,149,Sudan,2001,TRUE,CHN,TRUE,FALSE,2,2000,1999,FALSE,SAU,TRUE,1
SDN,2003,0.026673199999999953,38,1,CHN,TRUE,149,Sudan,2002,TRUE,CHN,TRUE,FALSE,2,2000,1999,FALSE,SAU,TRUE,1
SDN,2004,0.20814699999999986,33,1,CHN,TRUE,149,Sudan,2003,TRUE,CHN,TRUE,FALSE,2,2000,1999,FALSE,SAU,TRUE,1
SDN,2005,0.47938159999999996,20,1,CHN,TRUE,149,Sudan,2004,TRUE,CHN,TRUE,FALSE,2,2000,1999,FALSE,SAU,TRUE,1
SDN,2006,0.5631099,25,2,JPN,FALSE,149,Sudan,2005,TRUE,CHN,TRUE,FALSE,2,2000,1999,FALSE,SAU,TRUE,0
SDN,2007,0.911007,30,1,CHN,TRUE,149,Sudan,2006,FALSE,JPN,TRUE,TRUE,3,2007,2006,FALSE,JPN,TRUE,1
SDN,2008,0.8302699,35,1,CHN,TRUE,149,Sudan,2007,TRUE,CHN,TRUE,FALSE,3,2007,2006,FALSE,JPN,TRUE,1
SDN,2009,0.9975287,28,1,CHN,TRUE,149,Sudan,2008,TRUE,CHN,TRUE,FALSE,3,2007,2006,FALSE,JPN,TRUE,1
SDN,2010,0.5610323,26,1,CHN,TRUE,149,Sudan,2009,TRUE,CHN,TRUE,FALSE,3,2007,2006,FALSE,JPN,TRUE,1
SDN,2011,0.4131490000000001,,2,SAU,FALSE,149,Sudan,2010,TRUE,CHN,TRUE,FALSE,3,2007,2006,FALSE,JPN,TRUE,0
SDN,2012,0.29283629999999994,25,2,ARE,FALSE,149,Sudan,2011,FALSE,SAU,TRUE,FALSE,3,2007,2006,FALSE,JPN,TRUE,0
SDN,2013,0.9625892,27,1,CHN,TRUE,149,Sudan,2012,FALSE,ARE,TRUE,TRUE,4,2013,2012,FALSE,ARE,TRUE,1
SDN,2014,0.5581926,27,2,ARE,FALSE,149,Sudan,2013,TRUE,CHN,TRUE,FALSE,4,2013,2012,FALSE,ARE,TRUE,0
SDN,2015,1.5108428,28,2,ARE,FALSE,149,Sudan,2014,FALSE,ARE,TRUE,FALSE,4,2013,2012,FALSE,ARE,TRUE,0
SDN,2016,0.7515901,24,4,ARE,FALSE,149,Sudan,2015,FALSE,ARE,TRUE,FALSE,4,2013,2012,FALSE,ARE,TRUE,0
SDN,2017,0.9348128,23,3,ARE,FALSE,149,Sudan,2016,FALSE,ARE,TRUE,FALSE,4,2013,2012,FALSE,ARE,TRUE,0
SDN,2018,0.6133434,17,3,ARE,FALSE,149,Sudan,2017,FALSE,ARE,TRUE,FALSE,4,2013,2012,FALSE,ARE,TRUE,0
SDN,2019,0.6812305999999999,17,2,ARE,FALSE,149,Sudan,2018,FALSE,ARE,TRUE,FALSE,4,2013,2012,FALSE,ARE,TRUE,0
SDN,2020,0.5162315999999999,8,2,ARE,FALSE,149,Sudan,2019,FALSE,ARE,TRUE,FALSE,4,2013,2012,FALSE,ARE,TRUE,0
SDN,2021,0.6622744,18,2,ARE,FALSE,149,Sudan,2020,FALSE,ARE,TRUE,FALSE,4,2013,2012,FALSE,ARE,TRUE,0
SDN,2022,0.36525640000000004,12,2,ARE,FALSE,149,Sudan,2021,FALSE,ARE,TRUE,FALSE,4,2013,2012,FALSE,ARE,TRUE,0
SDN,2023,0.3310852999999999,,,,,149,Sudan,2022,FALSE,ARE,TRUE,FALSE,4,2013,2012,FALSE,ARE,TRUE,
SEN,1990,0.4033565,17,35,IND,FALSE,150,Senegal,,,,FALSE,FALSE,0,,,,,,0
SEN,1991,0.37901219999999997,9,15,IND,FALSE,150,Senegal,1990,FALSE,IND,TRUE,FALSE,0,,,,,,0
SEN,1992,0.02684260000000005,8,25,IND,FALSE,150,Senegal,1991,FALSE,IND,TRUE,FALSE,0,,,,,,0
SEN,1993,1.0108114000000001,11,14,IND,FALSE,150,Senegal,1992,FALSE,IND,TRUE,FALSE,0,,,,,,0
SEN,1994,1.2061939,14,25,FRA,FALSE,150,Senegal,1993,FALSE,IND,TRUE,FALSE,0,,,,,,0
SEN,1995,0.9403559000000001,16,41,FRA,FALSE,150,Senegal,1994,FALSE,FRA,TRUE,FALSE,0,,,,,,0
SEN,1996,0.9302449999999999,25,39,FRA,FALSE,150,Senegal,1995,FALSE,FRA,TRUE,FALSE,0,,,,,,0
SEN,1997,0.8199721,23,55,FRA,FALSE,150,Senegal,1996,FALSE,FRA,TRUE,FALSE,0,,,,,,0
SEN,1998,0.048490299999999986,21,62,FRA,FALSE,150,Senegal,1997,FALSE,FRA,TRUE,FALSE,0,,,,,,0
SEN,1999,0.3061193,22,53,FRA,FALSE,150,Senegal,1998,FALSE,FRA,TRUE,FALSE,0,,,,,,0
SEN,2000,0.34074970000000004,25,40,MLI,FALSE,150,Senegal,1999,FALSE,FRA,TRUE,FALSE,0,,,,,,0
SEN,2001,0.07473160000000001,12,64,FRA,FALSE,150,Senegal,2000,FALSE,MLI,TRUE,FALSE,0,,,,,,0
SEN,2002,0.026920799999999967,26,40,IND,FALSE,150,Senegal,2001,FALSE,FRA,TRUE,FALSE,0,,,,,,0
SEN,2003,0.12701759999999995,23,24,MLI,FALSE,150,Senegal,2002,FALSE,IND,TRUE,FALSE,0,,,,,,0
SEN,2004,0.0061373999999999596,39,35,IND,FALSE,150,Senegal,2003,FALSE,MLI,TRUE,FALSE,0,,,,,,0
SEN,2005,0.006896200000000019,13,15,IND,FALSE,150,Senegal,2004,FALSE,IND,TRUE,FALSE,0,,,,,,0
SEN,2006,0.10117399999999999,13,25,MLI,FALSE,150,Senegal,2005,FALSE,IND,TRUE,FALSE,0,,,,,,0
SEN,2007,0.1861889,19,16,MLI,FALSE,150,Senegal,2006,FALSE,MLI,TRUE,FALSE,0,,,,,,0
SEN,2008,0.15023750000000002,24,41,MLI,FALSE,150,Senegal,2007,FALSE,MLI,TRUE,FALSE,0,,,,,,0
SEN,2009,0.13226059999999995,38,13,MLI,FALSE,150,Senegal,2008,FALSE,MLI,TRUE,FALSE,0,,,,,,0
SEN,2010,0.09022780000000008,40,10,MLI,FALSE,150,Senegal,2009,FALSE,MLI,TRUE,FALSE,0,,,,,,0
SEN,2011,0.342144,42,10,MLI,FALSE,150,Senegal,2010,FALSE,MLI,TRUE,FALSE,0,,,,,,0
SEN,2012,0.3581484,28,12,MLI,FALSE,150,Senegal,2011,FALSE,MLI,TRUE,FALSE,0,,,,,,0
SEN,2013,0.14194289999999998,22,16,MLI,FALSE,150,Senegal,2012,FALSE,MLI,TRUE,FALSE,0,,,,,,0
SEN,2014,0.16719700000000004,22,11,MLI,FALSE,150,Senegal,2013,FALSE,MLI,TRUE,FALSE,0,,,,,,0
SEN,2015,0.46975009999999995,11,7,MLI,FALSE,150,Senegal,2014,FALSE,MLI,TRUE,FALSE,0,,,,,,0
SEN,2016,0.14639539999999995,14,4,MLI,FALSE,150,Senegal,2015,FALSE,MLI,TRUE,FALSE,0,,,,,,0
SEN,2017,0.1836526,12,4,MLI,FALSE,150,Senegal,2016,FALSE,MLI,TRUE,FALSE,0,,,,,,0
SEN,2018,0.18419760000000002,9,6,MLI,FALSE,150,Senegal,2017,FALSE,MLI,TRUE,FALSE,0,,,,,,0
SEN,2019,0.15772240000000004,9,4,MLI,FALSE,150,Senegal,2018,FALSE,MLI,TRUE,FALSE,0,,,,,,0
SEN,2020,0.0770569000000001,10,4,MLI,FALSE,150,Senegal,2019,FALSE,MLI,TRUE,FALSE,0,,,,,,0
SEN,2021,0.23421490000000006,8,4,MLI,FALSE,150,Senegal,2020,FALSE,MLI,TRUE,FALSE,0,,,,,,0
SEN,2022,0.5765091,4,5,IND,FALSE,150,Senegal,2021,FALSE,MLI,TRUE,FALSE,0,,,,,,0
SEN,2023,0.218051,,,,,150,Senegal,2022,FALSE,IND,TRUE,FALSE,0,,,,,,
SGP,1990,0.0865747,1,14,USA,FALSE,151,Singapore,,,,FALSE,FALSE,0,,,,,,0
SGP,1991,0.135687,1,13,USA,FALSE,151,Singapore,1990,FALSE,USA,TRUE,FALSE,0,,,,,,0
SGP,1992,0.5814887,1,16,USA,FALSE,151,Singapore,1991,FALSE,USA,TRUE,FALSE,0,,,,,,0
SGP,1993,1.2631116,1,5,USA,FALSE,151,Singapore,1992,FALSE,USA,TRUE,FALSE,0,,,,,,0
SGP,1994,1.3994586,1,11,USA,FALSE,151,Singapore,1993,FALSE,USA,TRUE,FALSE,0,,,,,,0
SGP,1995,1.2341457,1,5,USA,FALSE,151,Singapore,1994,FALSE,USA,TRUE,FALSE,0,,,,,,0
SGP,1996,0.8835184999999999,1,10,USA,FALSE,151,Singapore,1995,FALSE,USA,TRUE,FALSE,0,,,,,,0
SGP,1997,0.5771084000000001,1,9,USA,FALSE,151,Singapore,1996,FALSE,USA,TRUE,FALSE,0,,,,,,0
SGP,1998,0.1620364,1,6,USA,FALSE,151,Singapore,1997,FALSE,USA,TRUE,FALSE,0,,,,,,0
SGP,1999,0.3122179,1,6,USA,FALSE,151,Singapore,1998,FALSE,USA,TRUE,FALSE,0,,,,,,0
SGP,2000,0.5349430000000001,1,5,USA,FALSE,151,Singapore,1999,FALSE,USA,TRUE,FALSE,0,,,,,,0
SGP,2001,0.292161,1,4,USA,FALSE,151,Singapore,2000,FALSE,USA,TRUE,FALSE,0,,,,,,0
SGP,2002,0.3602358,1,4,USA,FALSE,151,Singapore,2001,FALSE,USA,TRUE,FALSE,0,,,,,,0
SGP,2003,0.7688696,1,3,USA,FALSE,151,Singapore,2002,FALSE,USA,TRUE,FALSE,0,,,,,,0
SGP,2004,0.6256120000000001,1,3,USA,FALSE,151,Singapore,2003,FALSE,USA,TRUE,FALSE,0,,,,,,0
SGP,2005,0.40912990000000005,3,2,HKG,FALSE,151,Singapore,2004,FALSE,USA,TRUE,FALSE,0,,,,,,0
SGP,2006,0.6134593,3,2,HKG,FALSE,151,Singapore,2005,FALSE,HKG,TRUE,FALSE,0,,,,,,0
SGP,2007,0.35610500000000006,3,2,HKG,FALSE,151,Singapore,2006,FALSE,HKG,TRUE,FALSE,0,,,,,,0
SGP,2008,0.2692756,5,3,HKG,FALSE,151,Singapore,2007,FALSE,HKG,TRUE,FALSE,0,,,,,,0
SGP,2009,0.2019302,4,2,HKG,FALSE,151,Singapore,2008,FALSE,HKG,TRUE,FALSE,0,,,,,,0
SGP,2010,0.3689758000000001,5,2,HKG,FALSE,151,Singapore,2009,FALSE,HKG,TRUE,FALSE,0,,,,,,0
SGP,2011,0.03829019999999994,5,2,HKG,FALSE,151,Singapore,2010,FALSE,HKG,TRUE,FALSE,0,,,,,,0
SGP,2012,0.4676437,5,2,HKG,FALSE,151,Singapore,2011,FALSE,HKG,TRUE,FALSE,0,,,,,,0
SGP,2013,0.13784649999999998,5,2,HKG,FALSE,151,Singapore,2012,FALSE,HKG,TRUE,FALSE,0,,,,,,0
SGP,2014,0.3932781,5,2,HKG,FALSE,151,Singapore,2013,FALSE,HKG,TRUE,FALSE,0,,,,,,0
SGP,2015,0.4506411,5,2,HKG,FALSE,151,Singapore,2014,FALSE,HKG,TRUE,FALSE,0,,,,,,0
SGP,2016,0.17514759999999996,4,2,HKG,FALSE,151,Singapore,2015,FALSE,HKG,TRUE,FALSE,0,,,,,,0
SGP,2017,0.3828944,5,2,HKG,FALSE,151,Singapore,2016,FALSE,HKG,TRUE,FALSE,0,,,,,,0
SGP,2018,0.10038150000000001,4,2,HKG,FALSE,151,Singapore,2017,FALSE,HKG,TRUE,FALSE,0,,,,,,0
SGP,2019,0.09514459999999997,3,2,HKG,FALSE,151,Singapore,2018,FALSE,HKG,TRUE,FALSE,0,,,,,,0
SGP,2020,0.23837740000000007,3,2,HKG,FALSE,151,Singapore,2019,FALSE,HKG,TRUE,FALSE,0,,,,,,0
SGP,2021,0.1104794,3,2,HKG,FALSE,151,Singapore,2020,FALSE,HKG,TRUE,FALSE,0,,,,,,0
SGP,2022,0.7916297,4,2,HKG,FALSE,151,Singapore,2021,FALSE,HKG,TRUE,FALSE,0,,,,,,0
SGP,2023,0.49016420000000005,,,,,151,Singapore,2022,FALSE,HKG,TRUE,FALSE,0,,,,,,
SLB,1990,0.002530599999999994,18,,JPN,FALSE,152,Solomon Islands,,,,FALSE,FALSE,0,,,,,,0
SLB,1991,0.45150349999999995,16,,JPN,FALSE,152,Solomon Islands,1990,FALSE,JPN,TRUE,FALSE,0,,,,,,0
SLB,1992,1.3624345,8,,JPN,FALSE,152,Solomon Islands,1991,FALSE,JPN,TRUE,FALSE,0,,,,,,0
SLB,1993,1.8635540000000002,8,19,JPN,FALSE,152,Solomon Islands,1992,FALSE,JPN,TRUE,FALSE,0,,,,,,0
SLB,1994,2.1225063,11,5,JPN,FALSE,152,Solomon Islands,1993,FALSE,JPN,TRUE,FALSE,0,,,,,,0
SLB,1995,1.8919308000000001,6,12,JPN,FALSE,152,Solomon Islands,1994,FALSE,JPN,TRUE,FALSE,0,,,,,,0
SLB,1996,1.4797065999999999,9,25,JPN,FALSE,152,Solomon Islands,1995,FALSE,JPN,TRUE,FALSE,0,,,,,,0
SLB,1997,1.4158763,12,26,JPN,FALSE,152,Solomon Islands,1996,FALSE,JPN,TRUE,FALSE,0,,,,,,0
SLB,1998,0.35161955,15,10,JPN,FALSE,152,Solomon Islands,1997,FALSE,JPN,TRUE,FALSE,0,,,,,,0
SLB,1999,0.7426206399999999,13,3,JPN,FALSE,152,Solomon Islands,1998,FALSE,JPN,TRUE,FALSE,0,,,,,,0
SLB,2000,0.7658080500000001,19,3,JPN,FALSE,152,Solomon Islands,1999,FALSE,JPN,TRUE,FALSE,0,,,,,,0
SLB,2001,0.57360564,9,5,JPN,FALSE,152,Solomon Islands,2000,FALSE,JPN,TRUE,FALSE,0,,,,,,0
SLB,2002,0.7759731,13,2,JPN,FALSE,152,Solomon Islands,2001,FALSE,JPN,TRUE,FALSE,0,,,,,,0
SLB,2003,1.1795002,15,1,CHN,TRUE,152,Solomon Islands,2002,FALSE,JPN,TRUE,TRUE,1,2003,2002,FALSE,JPN,TRUE,1
SLB,2004,1.0577395,11,1,CHN,TRUE,152,Solomon Islands,2003,TRUE,CHN,TRUE,FALSE,1,2003,2002,FALSE,JPN,TRUE,1
SLB,2005,0.78984254,12,1,CHN,TRUE,152,Solomon Islands,2004,TRUE,CHN,TRUE,FALSE,1,2003,2002,FALSE,JPN,TRUE,1
SLB,2006,0.7371239,14,1,CHN,TRUE,152,Solomon Islands,2005,TRUE,CHN,TRUE,FALSE,1,2003,2002,FALSE,JPN,TRUE,1
SLB,2007,0.35579570000000005,14,1,CHN,TRUE,152,Solomon Islands,2006,TRUE,CHN,TRUE,FALSE,1,2003,2002,FALSE,JPN,TRUE,1
SLB,2008,0.04805879999999996,17,1,CHN,TRUE,152,Solomon Islands,2007,TRUE,CHN,TRUE,FALSE,1,2003,2002,FALSE,JPN,TRUE,1
SLB,2009,0.1279386,18,1,CHN,TRUE,152,Solomon Islands,2008,TRUE,CHN,TRUE,FALSE,1,2003,2002,FALSE,JPN,TRUE,1
SLB,2010,0.47498070000000003,18,1,CHN,TRUE,152,Solomon Islands,2009,TRUE,CHN,TRUE,FALSE,1,2003,2002,FALSE,JPN,TRUE,1
SLB,2011,0.4310624,22,1,CHN,TRUE,152,Solomon Islands,2010,TRUE,CHN,TRUE,FALSE,1,2003,2002,FALSE,JPN,TRUE,1
SLB,2012,0.4155663,23,1,CHN,TRUE,152,Solomon Islands,2011,TRUE,CHN,TRUE,FALSE,1,2003,2002,FALSE,JPN,TRUE,1
SLB,2013,0.06399729999999998,8,1,CHN,TRUE,152,Solomon Islands,2012,TRUE,CHN,TRUE,FALSE,1,2003,2002,FALSE,JPN,TRUE,1
SLB,2014,0.3493349,8,1,CHN,TRUE,152,Solomon Islands,2013,TRUE,CHN,TRUE,FALSE,1,2003,2002,FALSE,JPN,TRUE,1
SLB,2015,0.3487236,19,1,CHN,TRUE,152,Solomon Islands,2014,TRUE,CHN,TRUE,FALSE,1,2003,2002,FALSE,JPN,TRUE,1
SLB,2016,0.11757470000000003,17,1,CHN,TRUE,152,Solomon Islands,2015,TRUE,CHN,TRUE,FALSE,1,2003,2002,FALSE,JPN,TRUE,1
SLB,2017,0.40242701999999997,18,1,CHN,TRUE,152,Solomon Islands,2016,TRUE,CHN,TRUE,FALSE,1,2003,2002,FALSE,JPN,TRUE,1
SLB,2018,0.7902892,17,1,CHN,TRUE,152,Solomon Islands,2017,TRUE,CHN,TRUE,FALSE,1,2003,2002,FALSE,JPN,TRUE,1
SLB,2019,0.2591792,14,1,CHN,TRUE,152,Solomon Islands,2018,TRUE,CHN,TRUE,FALSE,1,2003,2002,FALSE,JPN,TRUE,1
SLB,2020,0.6824347700000001,16,1,CHN,TRUE,152,Solomon Islands,2019,TRUE,CHN,TRUE,FALSE,1,2003,2002,FALSE,JPN,TRUE,1
SLB,2021,0.06028840000000002,17,1,CHN,TRUE,152,Solomon Islands,2020,TRUE,CHN,TRUE,FALSE,1,2003,2002,FALSE,JPN,TRUE,1
SLB,2022,0.7109901000000001,16,1,CHN,TRUE,152,Solomon Islands,2021,TRUE,CHN,TRUE,FALSE,1,2003,2002,FALSE,JPN,TRUE,1
SLB,2023,0.4892751,,,,,152,Solomon Islands,2022,TRUE,CHN,TRUE,FALSE,1,2003,2002,FALSE,JPN,TRUE,
SLE,1990,0.540003,9,,DEU,FALSE,153,Sierra Leone,,,,FALSE,FALSE,0,,,,,,0
SLE,1991,0.29189930000000003,1,,USA,FALSE,153,Sierra Leone,1990,FALSE,DEU,TRUE,FALSE,0,,,,,,0
SLE,1992,0.139525,1,,USA,FALSE,153,Sierra Leone,1991,FALSE,USA,TRUE,FALSE,0,,,,,,0
SLE,1993,0.6162288000000001,1,27,USA,FALSE,153,Sierra Leone,1992,FALSE,USA,TRUE,FALSE,0,,,,,,0
SLE,1994,0.9910797,1,45,USA,FALSE,153,Sierra Leone,1993,FALSE,USA,TRUE,FALSE,0,,,,,,0
SLE,1995,1.0681522,2,,BLX,FALSE,153,Sierra Leone,1994,FALSE,USA,TRUE,FALSE,0,,,,,,0
SLE,1996,0.9325952999999999,3,,BLX,FALSE,153,Sierra Leone,1995,FALSE,BLX,TRUE,FALSE,0,,,,,,0
SLE,1997,0.6860752000000001,3,,BLX,FALSE,153,Sierra Leone,1996,FALSE,BLX,TRUE,FALSE,0,,,,,,0
SLE,1998,0.10426569999999996,2,60,BLX,FALSE,153,Sierra Leone,1997,FALSE,BLX,TRUE,FALSE,0,,,,,,0
SLE,1999,0.368741,3,,BEL,FALSE,153,Sierra Leone,1998,FALSE,BLX,TRUE,FALSE,0,,,,,,0
SLE,2000,0.18440480000000004,5,57,GRC,FALSE,153,Sierra Leone,1999,FALSE,BEL,TRUE,FALSE,0,,,,,,0
SLE,2001,0.06505090000000002,4,74,FRA,FALSE,153,Sierra Leone,2000,FALSE,GRC,TRUE,FALSE,0,,,,,,0
SLE,2002,0.3481019000000001,5,29,BEL,FALSE,153,Sierra Leone,2001,FALSE,FRA,TRUE,FALSE,0,,,,,,0
SLE,2003,0.5114983,6,95,BEL,FALSE,153,Sierra Leone,2002,FALSE,BEL,TRUE,FALSE,0,,,,,,0
SLE,2004,0.3021237,5,13,BEL,FALSE,153,Sierra Leone,2003,FALSE,BEL,TRUE,FALSE,0,,,,,,0
SLE,2005,0.03454800000000002,4,10,BEL,FALSE,153,Sierra Leone,2004,FALSE,BEL,TRUE,FALSE,0,,,,,,0
SLE,2006,0.34857060000000006,2,21,BEL,FALSE,153,Sierra Leone,2005,FALSE,BEL,TRUE,FALSE,0,,,,,,0
SLE,2007,0.11432900000000007,2,10,BEL,FALSE,153,Sierra Leone,2006,FALSE,BEL,TRUE,FALSE,0,,,,,,0
SLE,2008,0.1770218,2,10,BEL,FALSE,153,Sierra Leone,2007,FALSE,BEL,TRUE,FALSE,0,,,,,,0
SLE,2009,0.18480190000000002,3,7,BEL,FALSE,153,Sierra Leone,2008,FALSE,BEL,TRUE,FALSE,0,,,,,,0
SLE,2010,0.3444134000000001,3,7,BEL,FALSE,153,Sierra Leone,2009,FALSE,BEL,TRUE,FALSE,0,,,,,,0
SLE,2011,0.2540892,6,5,BEL,FALSE,153,Sierra Leone,2010,FALSE,BEL,TRUE,FALSE,0,,,,,,0
SLE,2012,0.2746278,8,1,CHN,TRUE,153,Sierra Leone,2011,FALSE,BEL,TRUE,TRUE,1,2012,2011,FALSE,BEL,TRUE,1
SLE,2013,0.009163400000000044,3,1,CHN,TRUE,153,Sierra Leone,2012,TRUE,CHN,TRUE,FALSE,1,2012,2011,FALSE,BEL,TRUE,1
SLE,2014,0.4109533,6,1,CHN,TRUE,153,Sierra Leone,2013,TRUE,CHN,TRUE,FALSE,1,2012,2011,FALSE,BEL,TRUE,1
SLE,2015,0.36537549999999996,4,1,CHN,TRUE,153,Sierra Leone,2014,TRUE,CHN,TRUE,FALSE,1,2012,2011,FALSE,BEL,TRUE,1
SLE,2016,0.033780299999999985,5,1,CHN,TRUE,153,Sierra Leone,2015,TRUE,CHN,TRUE,FALSE,1,2012,2011,FALSE,BEL,TRUE,1
SLE,2017,0.23587580000000002,5,1,CHN,TRUE,153,Sierra Leone,2016,TRUE,CHN,TRUE,FALSE,1,2012,2011,FALSE,BEL,TRUE,1
SLE,2018,0.06600519999999999,4,1,CHN,TRUE,153,Sierra Leone,2017,TRUE,CHN,TRUE,FALSE,1,2012,2011,FALSE,BEL,TRUE,1
SLE,2019,0.22951339999999998,7,1,CHN,TRUE,153,Sierra Leone,2018,TRUE,CHN,TRUE,FALSE,1,2012,2011,FALSE,BEL,TRUE,1
SLE,2020,0.006346499999999922,5,1,CHN,TRUE,153,Sierra Leone,2019,TRUE,CHN,TRUE,FALSE,1,2012,2011,FALSE,BEL,TRUE,1
SLE,2021,0.36137400000000003,8,1,CHN,TRUE,153,Sierra Leone,2020,TRUE,CHN,TRUE,FALSE,1,2012,2011,FALSE,BEL,TRUE,1
SLE,2022,0.6553808,10,1,CHN,TRUE,153,Sierra Leone,2021,TRUE,CHN,TRUE,FALSE,1,2012,2011,FALSE,BEL,TRUE,1
SLE,2023,0.5103206,,,,,153,Sierra Leone,2022,TRUE,CHN,TRUE,FALSE,1,2012,2011,FALSE,BEL,TRUE,
SLV,1990,0.2505499,1,,USA,FALSE,154,El Salvador,,,,FALSE,FALSE,0,,,,,,0
SLV,1991,0.054384199999999994,1,31,USA,FALSE,154,El Salvador,1990,FALSE,USA,TRUE,FALSE,0,,,,,,0
SLV,1992,0.5809366,1,28,USA,FALSE,154,El Salvador,1991,FALSE,USA,TRUE,FALSE,0,,,,,,0
SLV,1993,1.3379839,1,31,USA,FALSE,154,El Salvador,1992,FALSE,USA,TRUE,FALSE,0,,,,,,0
SLV,1994,1.6729511099999999,1,41,USA,FALSE,154,El Salvador,1993,FALSE,USA,TRUE,FALSE,0,,,,,,0
SLV,1995,1.60093217,1,21,USA,FALSE,154,El Salvador,1994,FALSE,USA,TRUE,FALSE,0,,,,,,0
SLV,1996,1.22635619,1,49,USA,FALSE,154,El Salvador,1995,FALSE,USA,TRUE,FALSE,0,,,,,,0
SLV,1997,0.9704172,1,70,USA,FALSE,154,El Salvador,1996,FALSE,USA,TRUE,FALSE,0,,,,,,0
SLV,1998,0.14706740000000001,1,44,USA,FALSE,154,El Salvador,1997,FALSE,USA,TRUE,FALSE,0,,,,,,0
SLV,1999,0.3196733,1,62,USA,FALSE,154,El Salvador,1998,FALSE,USA,TRUE,FALSE,0,,,,,,0
SLV,2000,0.44521180000000005,1,48,USA,FALSE,154,El Salvador,1999,FALSE,USA,TRUE,FALSE,0,,,,,,0
SLV,2001,0.25792390000000004,1,42,USA,FALSE,154,El Salvador,2000,FALSE,USA,TRUE,FALSE,0,,,,,,0
SLV,2002,0.20417539999999995,1,30,USA,FALSE,154,El Salvador,2001,FALSE,USA,TRUE,FALSE,0,,,,,,0
SLV,2003,0.94805249,1,33,USA,FALSE,154,El Salvador,2002,FALSE,USA,TRUE,FALSE,0,,,,,,0
SLV,2004,0.7188371800000001,1,39,USA,FALSE,154,El Salvador,2003,FALSE,USA,TRUE,FALSE,0,,,,,,0
SLV,2005,0.6307054200000001,1,18,USA,FALSE,154,El Salvador,2004,FALSE,USA,TRUE,FALSE,0,,,,,,0
SLV,2006,0.7034747,1,29,USA,FALSE,154,El Salvador,2005,FALSE,USA,TRUE,FALSE,0,,,,,,0
SLV,2007,0.45197230000000005,1,29,USA,FALSE,154,El Salvador,2006,FALSE,USA,TRUE,FALSE,0,,,,,,0
SLV,2008,0.60251973,1,28,USA,FALSE,154,El Salvador,2007,FALSE,USA,TRUE,FALSE,0,,,,,,0
SLV,2009,0.40285400000000005,1,37,USA,FALSE,154,El Salvador,2008,FALSE,USA,TRUE,FALSE,0,,,,,,0
SLV,2010,0.6955760000000001,1,31,USA,FALSE,154,El Salvador,2009,FALSE,USA,TRUE,FALSE,0,,,,,,0
SLV,2011,0.6879997099999999,1,38,USA,FALSE,154,El Salvador,2010,FALSE,USA,TRUE,FALSE,0,,,,,,0
SLV,2012,0.83575973,1,31,USA,FALSE,154,El Salvador,2011,FALSE,USA,TRUE,FALSE,0,,,,,,0
SLV,2013,0.12618069999999998,1,32,USA,FALSE,154,El Salvador,2012,FALSE,USA,TRUE,FALSE,0,,,,,,0
SLV,2014,0.356837,1,32,USA,FALSE,154,El Salvador,2013,FALSE,USA,TRUE,FALSE,0,,,,,,0
SLV,2015,0.27671729999999994,1,13,USA,FALSE,154,El Salvador,2014,FALSE,USA,TRUE,FALSE,0,,,,,,0
SLV,2016,0.06930619999999998,1,13,USA,FALSE,154,El Salvador,2015,FALSE,USA,TRUE,FALSE,0,,,,,,0
SLV,2017,0.10953980000000002,1,8,USA,FALSE,154,El Salvador,2016,FALSE,USA,TRUE,FALSE,0,,,,,,0
SLV,2018,0.022956699999999997,1,7,USA,FALSE,154,El Salvador,2017,FALSE,USA,TRUE,FALSE,0,,,,,,0
SLV,2019,0.00438369999999999,1,9,USA,FALSE,154,El Salvador,2018,FALSE,USA,TRUE,FALSE,0,,,,,,0
SLV,2020,0.19732410000000006,1,7,USA,FALSE,154,El Salvador,2019,FALSE,USA,TRUE,FALSE,0,,,,,,0
SLV,2021,0.1724546,1,6,USA,FALSE,154,El Salvador,2020,FALSE,USA,TRUE,FALSE,0,,,,,,0
SLV,2022,0.7069175,1,6,USA,FALSE,154,El Salvador,2021,FALSE,USA,TRUE,FALSE,0,,,,,,0
SLV,2023,0.5841982,,,,,154,El Salvador,2022,FALSE,USA,TRUE,FALSE,0,,,,,,
SMR,1991,1.6374541,,,,,155,San Marino,,,,FALSE,FALSE,0,,,,,,
SMR,1992,2.0934564,,,,,155,San Marino,1991,,,FALSE,FALSE,0,,,,,,
SMR,1993,2.68724,,,,,155,San Marino,1992,,,FALSE,FALSE,0,,,,,,
SMR,1995,2.3589135,,,,,155,San Marino,1993,,,FALSE,FALSE,0,,,,,,
SMR,1996,2.158636,,,,,155,San Marino,1995,,,FALSE,FALSE,0,,,,,,
SMR,1997,2.2742180000000003,,,,,155,San Marino,1996,,,FALSE,FALSE,0,,,,,,
SMR,1998,1.2253674,,,,,155,San Marino,1997,,,FALSE,FALSE,0,,,,,,
SMR,1999,1.4349969,,,,,155,San Marino,1998,,,FALSE,FALSE,0,,,,,,
SMR,2000,1.6249158000000001,4,,ROU,FALSE,155,San Marino,1999,,,FALSE,FALSE,0,,,,,,0
SMR,2001,1.5582009000000001,4,35,ROU,FALSE,155,San Marino,2000,FALSE,ROU,TRUE,FALSE,0,,,,,,0
SMR,2002,1.4052614,8,,ROU,FALSE,155,San Marino,2001,FALSE,ROU,TRUE,FALSE,0,,,,,,0
SMR,2003,1.8467396,2,36,ESP,FALSE,155,San Marino,2002,FALSE,ROU,TRUE,FALSE,0,,,,,,0
SMR,2004,1.6755611,9,47,ESP,FALSE,155,San Marino,2003,FALSE,ESP,TRUE,FALSE,0,,,,,,0
SMR,2005,1.5729717,10,,ESP,FALSE,155,San Marino,2004,FALSE,ESP,TRUE,FALSE,0,,,,,,0
SMR,2006,1.798282,8,,ESP,FALSE,155,San Marino,2005,FALSE,ESP,TRUE,FALSE,0,,,,,,0
SMR,2007,1.4515094,16,45,ROU,FALSE,155,San Marino,2006,FALSE,ESP,TRUE,FALSE,0,,,,,,0
SMR,2008,1.5400646999999998,27,37,ROU,FALSE,155,San Marino,2007,FALSE,ROU,TRUE,FALSE,0,,,,,,0
SMR,2009,1.5148491000000002,22,60,ROU,FALSE,155,San Marino,2008,FALSE,ROU,TRUE,FALSE,0,,,,,,0
SMR,2010,1.6908786,11,36,AUT,FALSE,155,San Marino,2009,FALSE,ROU,TRUE,FALSE,0,,,,,,0
SMR,2011,1.6607199000000001,10,36,ROU,FALSE,155,San Marino,2010,FALSE,AUT,TRUE,FALSE,0,,,,,,0
SMR,2012,1.741517,10,27,ROU,FALSE,155,San Marino,2011,FALSE,ROU,TRUE,FALSE,0,,,,,,0
SMR,2013,1.3180863999999999,7,18,ROU,FALSE,155,San Marino,2012,FALSE,ROU,TRUE,FALSE,0,,,,,,0
SMR,2014,1.6474505000000002,7,16,ROU,FALSE,155,San Marino,2013,FALSE,ROU,TRUE,FALSE,0,,,,,,0
SMR,2015,0.8896145,4,13,AUT,FALSE,155,San Marino,2014,FALSE,ROU,TRUE,FALSE,0,,,,,,0
SMR,2016,1.1117177,9,6,AUT,FALSE,155,San Marino,2015,FALSE,AUT,TRUE,FALSE,0,,,,,,0
SMR,2017,1.0649248,10,14,ROU,FALSE,155,San Marino,2016,FALSE,AUT,TRUE,FALSE,0,,,,,,0
SMR,2018,1.2506922,4,13,ROU,FALSE,155,San Marino,2017,FALSE,ROU,TRUE,FALSE,0,,,,,,0
SMR,2019,1.1328084999999999,3,14,ROU,FALSE,155,San Marino,2018,FALSE,ROU,TRUE,FALSE,0,,,,,,0
SMR,2020,1.2898299,3,16,ROU,FALSE,155,San Marino,2019,FALSE,ROU,TRUE,FALSE,0,,,,,,0
SMR,2021,0.9440199,5,15,LBN,FALSE,155,San Marino,2020,FALSE,ROU,TRUE,FALSE,0,,,,,,0
SMR,2022,1.9745609,2,12,AUT,FALSE,155,San Marino,2021,FALSE,LBN,TRUE,FALSE,0,,,,,,0
SMR,2023,1.6432638000000002,,,,,155,San Marino,2022,FALSE,AUT,TRUE,FALSE,0,,,,,,
SOM,1990,0.6261526,22,7,ITA,FALSE,156,Somalia,,,,FALSE,FALSE,0,,,,,,0
SOM,1991,0.6813399,2,8,ITA,FALSE,156,Somalia,1990,FALSE,ITA,TRUE,FALSE,0,,,,,,0
SOM,2002,0.5594974000000001,19,11,ARE,FALSE,156,Somalia,1991,FALSE,ITA,TRUE,FALSE,0,,,,,,0
SOM,2003,0.11751280000000008,30,7,ARE,FALSE,156,Somalia,2002,FALSE,ARE,TRUE,FALSE,0,,,,,,0
SOM,2004,0.06106519999999993,20,2,YEM,FALSE,156,Somalia,2003,FALSE,ARE,TRUE,FALSE,0,,,,,,0
SOM,2005,0.011356599999999939,23,9,YEM,FALSE,156,Somalia,2004,FALSE,YEM,TRUE,FALSE,0,,,,,,0
SOM,2006,0.27876140000000005,24,10,YEM,FALSE,156,Somalia,2005,FALSE,YEM,TRUE,FALSE,0,,,,,,0
SOM,2007,0.665595,27,13,YEM,FALSE,156,Somalia,2006,FALSE,YEM,TRUE,FALSE,0,,,,,,0
SOM,2008,0.6331309,28,27,YEM,FALSE,156,Somalia,2007,FALSE,YEM,TRUE,FALSE,0,,,,,,0
SOM,2009,0.6218457000000001,24,10,OMN,FALSE,156,Somalia,2008,FALSE,YEM,TRUE,FALSE,0,,,,,,0
SOM,2010,0.1195527999999999,35,8,SAU,FALSE,156,Somalia,2009,FALSE,OMN,TRUE,FALSE,0,,,,,,0
SOM,2011,0.0445643,24,7,SAU,FALSE,156,Somalia,2010,FALSE,SAU,TRUE,FALSE,0,,,,,,0
SOM,2012,0.18973790000000001,27,11,SAU,FALSE,156,Somalia,2011,FALSE,SAU,TRUE,FALSE,0,,,,,,0
SOM,2013,0.17158000000000007,28,7,SAU,FALSE,156,Somalia,2012,FALSE,SAU,TRUE,FALSE,0,,,,,,0
SOM,2014,0.3657854,28,6,SAU,FALSE,156,Somalia,2013,FALSE,SAU,TRUE,FALSE,0,,,,,,0
SOM,2015,0.5410292999999999,19,4,SAU,FALSE,156,Somalia,2014,FALSE,SAU,TRUE,FALSE,0,,,,,,0
SOM,2016,0.0112892,17,7,SAU,FALSE,156,Somalia,2015,FALSE,SAU,TRUE,FALSE,0,,,,,,0
SOM,2017,0.23630980000000007,17,4,OMN,FALSE,156,Somalia,2016,FALSE,SAU,TRUE,FALSE,0,,,,,,0
SOM,2018,0.006318500000000005,19,5,ARE,FALSE,156,Somalia,2017,FALSE,OMN,TRUE,FALSE,0,,,,,,0
SOM,2019,0.23239929999999998,24,6,ARE,FALSE,156,Somalia,2018,FALSE,ARE,TRUE,FALSE,0,,,,,,0
SOM,2020,0.018615199999999943,33,7,OMN,FALSE,156,Somalia,2019,FALSE,ARE,TRUE,FALSE,0,,,,,,0
SOM,2021,0.33802590000000005,30,7,OMN,FALSE,156,Somalia,2020,FALSE,OMN,TRUE,FALSE,0,,,,,,0
SOM,2022,0.4405652,24,7,ARE,FALSE,156,Somalia,2021,FALSE,OMN,TRUE,FALSE,0,,,,,,0
SOM,2023,0.08531690000000003,,,,,156,Somalia,2022,FALSE,ARE,TRUE,FALSE,0,,,,,,
SSD,2011,0.73852396,,,,,157,South Sudan,,,,FALSE,FALSE,0,,,,,,
SSD,2012,1.1120573999999999,9,1,CHN,TRUE,157,South Sudan,2011,,,FALSE,TRUE,1,2012,2011,,,FALSE,0
SSD,2013,0.7548242999999999,5,1,CHN,TRUE,157,South Sudan,2012,TRUE,CHN,TRUE,FALSE,1,2012,2011,,,FALSE,0
SSD,2014,1.1812107,10,1,CHN,TRUE,157,South Sudan,2013,TRUE,CHN,TRUE,FALSE,1,2012,2011,,,FALSE,0
SSD,2015,0.27250743,13,1,CHN,TRUE,157,South Sudan,2014,TRUE,CHN,TRUE,FALSE,1,2012,2011,,,FALSE,0
SSD,2016,0.6674836,12,1,CHN,TRUE,157,South Sudan,2015,TRUE,CHN,TRUE,FALSE,1,2012,2011,,,FALSE,0
SSD,2017,1.0836244,6,1,CHN,TRUE,157,South Sudan,2016,TRUE,CHN,TRUE,FALSE,1,2012,2011,,,FALSE,0
SSD,2018,0.6224004,26,1,CHN,TRUE,157,South Sudan,2017,TRUE,CHN,TRUE,FALSE,1,2012,2011,,,FALSE,0
SSD,2019,0.45516379,3,1,CHN,TRUE,157,South Sudan,2018,TRUE,CHN,TRUE,FALSE,1,2012,2011,,,FALSE,0
SSD,2020,0.3439732000000001,11,1,CHN,TRUE,157,South Sudan,2019,TRUE,CHN,TRUE,FALSE,1,2012,2011,,,FALSE,0
SSD,2021,0.04533379999999998,15,1,CHN,TRUE,157,South Sudan,2020,TRUE,CHN,TRUE,FALSE,1,2012,2011,,,FALSE,0
SSD,2022,1.2797627,20,1,CHN,TRUE,157,South Sudan,2021,TRUE,CHN,TRUE,FALSE,1,2012,2011,,,FALSE,0
SSD,2023,1.1853038,,,,,157,South Sudan,2022,TRUE,CHN,TRUE,FALSE,1,2012,2011,,,FALSE,
STP,1991,0.25411069999999997,13,8,DEU,FALSE,158,São Tomé & Príncipe,,,,FALSE,FALSE,0,,,,,,0
STP,1992,0.20753430000000006,6,,BLX,FALSE,158,São Tomé & Príncipe,1991,FALSE,DEU,TRUE,FALSE,0,,,,,,0
STP,2000,0.5475907,12,,PRT,FALSE,158,São Tomé & Príncipe,1992,FALSE,BLX,TRUE,FALSE,0,,,,,,0
STP,2002,0.15984050000000005,10,,NLD,FALSE,158,São Tomé & Príncipe,2000,FALSE,PRT,TRUE,FALSE,0,,,,,,0
STP,2003,0.2658191,10,,NLD,FALSE,158,São Tomé & Príncipe,2002,FALSE,NLD,TRUE,FALSE,0,,,,,,0
STP,2004,0.3244693,24,3,NLD,FALSE,158,São Tomé & Príncipe,2003,FALSE,NLD,TRUE,FALSE,0,,,,,,0
STP,2005,0.060696399999999984,10,,NLD,FALSE,158,São Tomé & Príncipe,2004,FALSE,NLD,TRUE,FALSE,0,,,,,,0
STP,2006,0.3649954,14,,ESP,FALSE,158,São Tomé & Príncipe,2005,FALSE,NLD,TRUE,FALSE,0,,,,,,0
STP,2007,0.21765030000000007,9,,AGO,FALSE,158,São Tomé & Príncipe,2006,FALSE,ESP,TRUE,FALSE,0,,,,,,0
STP,2008,0.08506500000000006,13,29,AGO,FALSE,158,São Tomé & Príncipe,2007,FALSE,AGO,TRUE,FALSE,0,,,,,,0
STP,2009,0.060133300000000056,9,49,ABW,FALSE,158,São Tomé & Príncipe,2008,FALSE,AGO,TRUE,FALSE,0,,,,,,0
STP,2010,0.6215202000000001,9,40,ABW,FALSE,158,São Tomé & Príncipe,2009,FALSE,ABW,TRUE,FALSE,0,,,,,,0
STP,2011,0.4482544,7,54,ABW,FALSE,158,São Tomé & Príncipe,2010,FALSE,ABW,TRUE,FALSE,0,,,,,,0
STP,2012,0.33006219999999997,6,27,ABW,FALSE,158,São Tomé & Príncipe,2011,FALSE,ABW,TRUE,FALSE,0,,,,,,0
STP,2013,0.1452867,11,55,NLD,FALSE,158,São Tomé & Príncipe,2012,FALSE,ABW,TRUE,FALSE,0,,,,,,0
STP,2014,0.451438,8,42,NLD,FALSE,158,São Tomé & Príncipe,2013,FALSE,NLD,TRUE,FALSE,0,,,,,,0
STP,2015,0.1441899,5,30,NLD,FALSE,158,São Tomé & Príncipe,2014,FALSE,NLD,TRUE,FALSE,0,,,,,,0
STP,2016,0.007742599999999988,11,36,AGO,FALSE,158,São Tomé & Príncipe,2015,FALSE,NLD,TRUE,FALSE,0,,,,,,0
STP,2017,0.0950993,9,17,NLD,FALSE,158,São Tomé & Príncipe,2016,FALSE,AGO,TRUE,FALSE,0,,,,,,0
STP,2018,0.22476070000000004,6,23,NLD,FALSE,158,São Tomé & Príncipe,2017,FALSE,NLD,TRUE,FALSE,0,,,,,,0
STP,2019,0.12366709999999997,6,31,SGP,FALSE,158,São Tomé & Príncipe,2018,FALSE,NLD,TRUE,FALSE,0,,,,,,0
STP,2020,0.10583620000000005,9,26,SGP,FALSE,158,São Tomé & Príncipe,2019,FALSE,SGP,TRUE,FALSE,0,,,,,,0
STP,2021,0.10754440000000004,7,20,NLD,FALSE,158,São Tomé & Príncipe,2020,FALSE,SGP,TRUE,FALSE,0,,,,,,0
STP,2022,0.7044319,11,14,NLD,FALSE,158,São Tomé & Príncipe,2021,FALSE,NLD,TRUE,FALSE,0,,,,,,0
STP,2023,0.03470909999999994,,,,,158,São Tomé & Príncipe,2022,FALSE,NLD,TRUE,FALSE,0,,,,,,
SUR,1990,0.38579209999999997,14,,DEU,FALSE,159,Suriname,,,,FALSE,FALSE,0,,,,,,0
SUR,1991,0.30558350000000006,1,,USA,FALSE,159,Suriname,1990,FALSE,DEU,TRUE,FALSE,0,,,,,,0
SUR,1992,0.4160102,2,14,NLD,FALSE,159,Suriname,1991,FALSE,USA,TRUE,FALSE,0,,,,,,0
SUR,1993,1.0583282,3,20,NOR,FALSE,159,Suriname,1992,FALSE,NLD,TRUE,FALSE,0,,,,,,0
SUR,1994,1.3368915,5,25,NOR,FALSE,159,Suriname,1993,FALSE,NOR,TRUE,FALSE,0,,,,,,0
SUR,1995,1.4530402,2,16,NOR,FALSE,159,Suriname,1994,FALSE,NOR,TRUE,FALSE,0,,,,,,0
SUR,1996,1.29822763,2,38,NOR,FALSE,159,Suriname,1995,FALSE,NOR,TRUE,FALSE,0,,,,,,0
SUR,1997,0.48723700000000003,3,33,NOR,FALSE,159,Suriname,1996,FALSE,NOR,TRUE,FALSE,0,,,,,,0
SUR,1998,0.28830930000000005,1,18,USA,FALSE,159,Suriname,1997,FALSE,NOR,TRUE,FALSE,0,,,,,,0
SUR,1999,0.238024,1,35,USA,FALSE,159,Suriname,1998,FALSE,USA,TRUE,FALSE,0,,,,,,0
SUR,2000,0.30652690000000005,1,24,USA,FALSE,159,Suriname,1999,FALSE,USA,TRUE,FALSE,0,,,,,,0
SUR,2001,0.27746380000000004,1,17,USA,FALSE,159,Suriname,2000,FALSE,USA,TRUE,FALSE,0,,,,,,0
SUR,2002,0.1688206,1,17,USA,FALSE,159,Suriname,2001,FALSE,USA,TRUE,FALSE,0,,,,,,0
SUR,2003,0.40656840000000005,1,8,USA,FALSE,159,Suriname,2002,FALSE,USA,TRUE,FALSE,0,,,,,,0
SUR,2004,0.19495720000000005,2,22,NOR,FALSE,159,Suriname,2003,FALSE,USA,TRUE,FALSE,0,,,,,,0
SUR,2005,0.10503390000000001,2,15,NOR,FALSE,159,Suriname,2004,FALSE,NOR,TRUE,FALSE,0,,,,,,0
SUR,2006,0.20687069999999996,3,20,NOR,FALSE,159,Suriname,2005,FALSE,NOR,TRUE,FALSE,0,,,,,,0
SUR,2007,0.021700700000000017,4,26,CAN,FALSE,159,Suriname,2006,FALSE,NOR,TRUE,FALSE,0,,,,,,0
SUR,2008,0.13783279999999998,4,21,CAN,FALSE,159,Suriname,2007,FALSE,CAN,TRUE,FALSE,0,,,,,,0
SUR,2009,0.010372700000000012,3,14,CAN,FALSE,159,Suriname,2008,FALSE,CAN,TRUE,FALSE,0,,,,,,0
SUR,2010,0.13981790000000005,2,14,CAN,FALSE,159,Suriname,2009,FALSE,CAN,TRUE,FALSE,0,,,,,,0
SUR,2011,0.07965310000000003,1,13,USA,FALSE,159,Suriname,2010,FALSE,CAN,TRUE,FALSE,0,,,,,,0
SUR,2012,0.21038210000000002,3,12,ARE,FALSE,159,Suriname,2011,FALSE,USA,TRUE,FALSE,0,,,,,,0
SUR,2013,0.22923090000000002,3,12,ARE,FALSE,159,Suriname,2012,FALSE,ARE,TRUE,FALSE,0,,,,,,0
SUR,2014,0.12484660000000003,2,11,ARE,FALSE,159,Suriname,2013,FALSE,ARE,TRUE,FALSE,0,,,,,,0
SUR,2015,0.41551839999999995,4,10,ARE,FALSE,159,Suriname,2014,FALSE,ARE,TRUE,FALSE,0,,,,,,0
SUR,2016,0.2898784,6,10,CHE,FALSE,159,Suriname,2015,FALSE,ARE,TRUE,FALSE,0,,,,,,0
SUR,2017,0.11438130000000002,7,11,CHE,FALSE,159,Suriname,2016,FALSE,CHE,TRUE,FALSE,0,,,,,,0
SUR,2018,0.1383784,7,9,CHE,FALSE,159,Suriname,2017,FALSE,CHE,TRUE,FALSE,0,,,,,,0
SUR,2019,0.31495059999999997,5,8,CHE,FALSE,159,Suriname,2018,FALSE,CHE,TRUE,FALSE,0,,,,,,0
SUR,2020,0.02880870000000002,3,6,CHE,FALSE,159,Suriname,2019,FALSE,CHE,TRUE,FALSE,0,,,,,,0
SUR,2021,0.1336212,6,8,CHE,FALSE,159,Suriname,2020,FALSE,CHE,TRUE,FALSE,0,,,,,,0
SUR,2022,0.9374028,8,10,CHE,FALSE,159,Suriname,2021,FALSE,CHE,TRUE,FALSE,0,,,,,,0
SUR,2023,0.6184829000000001,,,,,159,Suriname,2022,FALSE,CHE,TRUE,FALSE,0,,,,,,
SVK,1993,2.843872,5,6,CZE,FALSE,160,Slovakia,,,,FALSE,FALSE,0,,,,,,0
SVK,1994,3.166369,8,36,CZE,FALSE,160,Slovakia,1993,FALSE,CZE,TRUE,FALSE,0,,,,,,0
SVK,1995,2.796429,11,23,CZE,FALSE,160,Slovakia,1994,FALSE,CZE,TRUE,FALSE,0,,,,,,0
SVK,1996,2.705301,11,19,CZE,FALSE,160,Slovakia,1995,FALSE,CZE,TRUE,FALSE,0,,,,,,0
SVK,1997,2.57332,10,47,DEU,FALSE,160,Slovakia,1996,FALSE,CZE,TRUE,FALSE,0,,,,,,0
SVK,1998,1.6332741,11,56,DEU,FALSE,160,Slovakia,1997,FALSE,DEU,TRUE,FALSE,0,,,,,,0
SVK,1999,1.7789014,9,52,DEU,FALSE,160,Slovakia,1998,FALSE,DEU,TRUE,FALSE,0,,,,,,0
SVK,2000,1.8451246000000001,8,34,DEU,FALSE,160,Slovakia,1999,FALSE,DEU,TRUE,FALSE,0,,,,,,0
SVK,2001,1.6006623000000002,10,42,DEU,FALSE,160,Slovakia,2000,FALSE,DEU,TRUE,FALSE,0,,,,,,0
SVK,2002,1.5663586,10,24,DEU,FALSE,160,Slovakia,2001,FALSE,DEU,TRUE,FALSE,0,,,,,,0
SVK,2003,1.9875792,6,21,DEU,FALSE,160,Slovakia,2002,FALSE,DEU,TRUE,FALSE,0,,,,,,0
SVK,2004,1.8095821,6,24,DEU,FALSE,160,Slovakia,2003,FALSE,DEU,TRUE,FALSE,0,,,,,,0
SVK,2005,1.6967542,8,22,DEU,FALSE,160,Slovakia,2004,FALSE,DEU,TRUE,FALSE,0,,,,,,0
SVK,2006,1.8597961,8,21,DEU,FALSE,160,Slovakia,2005,FALSE,DEU,TRUE,FALSE,0,,,,,,0
SVK,2007,1.6470890000000002,9,17,DEU,FALSE,160,Slovakia,2006,FALSE,DEU,TRUE,FALSE,0,,,,,,0
SVK,2008,1.6153221,12,14,DEU,FALSE,160,Slovakia,2007,FALSE,DEU,TRUE,FALSE,0,,,,,,0
SVK,2009,1.7004622999999999,17,12,DEU,FALSE,160,Slovakia,2008,FALSE,DEU,TRUE,FALSE,0,,,,,,0
SVK,2010,1.8706897000000002,14,11,DEU,FALSE,160,Slovakia,2009,FALSE,DEU,TRUE,FALSE,0,,,,,,0
SVK,2011,1.79236,13,8,DEU,FALSE,160,Slovakia,2010,FALSE,DEU,TRUE,FALSE,0,,,,,,0
SVK,2012,1.8756667,11,8,DEU,FALSE,160,Slovakia,2011,FALSE,DEU,TRUE,FALSE,0,,,,,,0
SVK,2013,1.5104768,11,9,DEU,FALSE,160,Slovakia,2012,FALSE,DEU,TRUE,FALSE,0,,,,,,0
SVK,2014,1.8567733999999998,11,8,DEU,FALSE,160,Slovakia,2013,FALSE,DEU,TRUE,FALSE,0,,,,,,0
SVK,2015,1.3138002,9,10,DEU,FALSE,160,Slovakia,2014,FALSE,DEU,TRUE,FALSE,0,,,,,,0
SVK,2016,1.6027019,9,11,DEU,FALSE,160,Slovakia,2015,FALSE,DEU,TRUE,FALSE,0,,,,,,0
SVK,2017,1.4237262,9,11,DEU,FALSE,160,Slovakia,2016,FALSE,DEU,TRUE,FALSE,0,,,,,,0
SVK,2018,1.5994886,8,4,DEU,FALSE,160,Slovakia,2017,FALSE,DEU,TRUE,FALSE,0,,,,,,0
SVK,2019,1.4931724,5,3,DEU,FALSE,160,Slovakia,2018,FALSE,DEU,TRUE,FALSE,0,,,,,,0
SVK,2020,1.7728934,5,3,DEU,FALSE,160,Slovakia,2019,FALSE,DEU,TRUE,FALSE,0,,,,,,0
SVK,2021,1.4779590999999999,7,3,DEU,FALSE,160,Slovakia,2020,FALSE,DEU,TRUE,FALSE,0,,,,,,0
SVK,2022,2.4328190000000003,5,4,DEU,FALSE,160,Slovakia,2021,FALSE,DEU,TRUE,FALSE,0,,,,,,0
SVK,2023,2.0869157,,,,,160,Slovakia,2022,FALSE,DEU,TRUE,FALSE,0,,,,,,
SVN,1992,2.0649284000000003,3,,DEU,FALSE,161,Slovenia,,,,FALSE,FALSE,0,,,,,,0
SVN,1993,2.6069620000000002,3,25,DEU,FALSE,161,Slovenia,1992,FALSE,DEU,TRUE,FALSE,0,,,,,,0
SVN,1994,2.8689799999999996,6,49,DEU,FALSE,161,Slovenia,1993,FALSE,DEU,TRUE,FALSE,0,,,,,,0
SVN,1995,2.729432,6,60,DEU,FALSE,161,Slovenia,1994,FALSE,DEU,TRUE,FALSE,0,,,,,,0
SVN,1996,2.71335,6,41,DEU,FALSE,161,Slovenia,1995,FALSE,DEU,TRUE,FALSE,0,,,,,,0
SVN,1997,2.533752,7,52,DEU,FALSE,161,Slovenia,1996,FALSE,DEU,TRUE,FALSE,0,,,,,,0
SVN,1998,1.5935131,7,63,DEU,FALSE,161,Slovenia,1997,FALSE,DEU,TRUE,FALSE,0,,,,,,0
SVN,1999,1.7879644,7,45,DEU,FALSE,161,Slovenia,1998,FALSE,DEU,TRUE,FALSE,0,,,,,,0
SVN,2000,1.8509496,7,41,DEU,FALSE,161,Slovenia,1999,FALSE,DEU,TRUE,FALSE,0,,,,,,0
SVN,2001,1.7367303,7,47,DEU,FALSE,161,Slovenia,2000,FALSE,DEU,TRUE,FALSE,0,,,,,,0
SVN,2002,1.6627935999999999,7,33,DEU,FALSE,161,Slovenia,2001,FALSE,DEU,TRUE,FALSE,0,,,,,,0
SVN,2003,1.9691382,6,33,DEU,FALSE,161,Slovenia,2002,FALSE,DEU,TRUE,FALSE,0,,,,,,0
SVN,2004,1.83998,6,32,DEU,FALSE,161,Slovenia,2003,FALSE,DEU,TRUE,FALSE,0,,,,,,0
SVN,2005,1.7557644000000001,10,31,DEU,FALSE,161,Slovenia,2004,FALSE,DEU,TRUE,FALSE,0,,,,,,0
SVN,2006,1.8726221,10,28,DEU,FALSE,161,Slovenia,2005,FALSE,DEU,TRUE,FALSE,0,,,,,,0
SVN,2007,1.6333540000000002,16,28,DEU,FALSE,161,Slovenia,2006,FALSE,DEU,TRUE,FALSE,0,,,,,,0
SVN,2008,1.6231807,14,29,DEU,FALSE,161,Slovenia,2007,FALSE,DEU,TRUE,FALSE,0,,,,,,0
SVN,2009,1.5197910000000001,13,29,DEU,FALSE,161,Slovenia,2008,FALSE,DEU,TRUE,FALSE,0,,,,,,0
SVN,2010,1.736747,12,28,DEU,FALSE,161,Slovenia,2009,FALSE,DEU,TRUE,FALSE,0,,,,,,0
SVN,2011,1.6621435,12,29,DEU,FALSE,161,Slovenia,2010,FALSE,DEU,TRUE,FALSE,0,,,,,,0
SVN,2012,1.744977,10,24,DEU,FALSE,161,Slovenia,2011,FALSE,DEU,TRUE,FALSE,0,,,,,,0
SVN,2013,1.4085850999999998,10,23,DEU,FALSE,161,Slovenia,2012,FALSE,DEU,TRUE,FALSE,0,,,,,,0
SVN,2014,1.7326487,9,21,DEU,FALSE,161,Slovenia,2013,FALSE,DEU,TRUE,FALSE,0,,,,,,0
SVN,2015,1.2528032,9,21,DEU,FALSE,161,Slovenia,2014,FALSE,DEU,TRUE,FALSE,0,,,,,,0
SVN,2016,1.5593249,8,20,DEU,FALSE,161,Slovenia,2015,FALSE,DEU,TRUE,FALSE,0,,,,,,0
SVN,2017,1.4179442,9,17,DEU,FALSE,161,Slovenia,2016,FALSE,DEU,TRUE,FALSE,0,,,,,,0
SVN,2018,1.5384896,9,14,DEU,FALSE,161,Slovenia,2017,FALSE,DEU,TRUE,FALSE,0,,,,,,0
SVN,2019,1.3871744,9,18,DEU,FALSE,161,Slovenia,2018,FALSE,DEU,TRUE,FALSE,0,,,,,,0
SVN,2020,1.7148854,7,15,DEU,FALSE,161,Slovenia,2019,FALSE,DEU,TRUE,FALSE,0,,,,,,0
SVN,2021,1.4393240999999999,8,15,DEU,FALSE,161,Slovenia,2020,FALSE,DEU,TRUE,FALSE,0,,,,,,0
SVN,2022,2.1596580000000003,6,18,DEU,FALSE,161,Slovenia,2021,FALSE,DEU,TRUE,FALSE,0,,,,,,0
SVN,2023,1.8840357,,,,,161,Slovenia,2022,FALSE,DEU,TRUE,FALSE,0,,,,,,
SWE,1990,1.1403715,26,,DEU,FALSE,162,Sweden,,,,FALSE,FALSE,0,,,,,,0
SWE,1991,1.5206741,2,60,DEU,FALSE,162,Sweden,1990,FALSE,DEU,TRUE,FALSE,0,,,,,,0
SWE,1992,1.9427154,3,18,DEU,FALSE,162,Sweden,1991,FALSE,DEU,TRUE,FALSE,0,,,,,,0
SWE,1993,2.6843760000000003,3,16,DEU,FALSE,162,Sweden,1992,FALSE,DEU,TRUE,FALSE,0,,,,,,0
SWE,1994,2.831258,3,17,DEU,FALSE,162,Sweden,1993,FALSE,DEU,TRUE,FALSE,0,,,,,,0
SWE,1995,2.672879,3,16,DEU,FALSE,162,Sweden,1994,FALSE,DEU,TRUE,FALSE,0,,,,,,0
SWE,1996,2.456981,2,13,DEU,FALSE,162,Sweden,1995,FALSE,DEU,TRUE,FALSE,0,,,,,,0
SWE,1997,2.5157499999999997,2,13,DEU,FALSE,162,Sweden,1996,FALSE,DEU,TRUE,FALSE,0,,,,,,0
SWE,1998,1.5119831000000001,2,11,DEU,FALSE,162,Sweden,1997,FALSE,DEU,TRUE,FALSE,0,,,,,,0
SWE,1999,1.6923613999999998,1,13,USA,FALSE,162,Sweden,1998,FALSE,DEU,TRUE,FALSE,0,,,,,,0
SWE,2000,1.7466156000000002,1,12,USA,FALSE,162,Sweden,1999,FALSE,USA,TRUE,FALSE,0,,,,,,0
SWE,2001,1.6126073,1,12,USA,FALSE,162,Sweden,2000,FALSE,USA,TRUE,FALSE,0,,,,,,0
SWE,2002,1.4157652,1,13,USA,FALSE,162,Sweden,2001,FALSE,USA,TRUE,FALSE,0,,,,,,0
SWE,2003,1.9179803,1,12,USA,FALSE,162,Sweden,2002,FALSE,USA,TRUE,FALSE,0,,,,,,0
SWE,2004,1.7781128000000002,1,12,USA,FALSE,162,Sweden,2003,FALSE,USA,TRUE,FALSE,0,,,,,,0
SWE,2005,1.6539806000000001,1,12,USA,FALSE,162,Sweden,2004,FALSE,USA,TRUE,FALSE,0,,,,,,0
SWE,2006,1.7138955,2,12,DEU,FALSE,162,Sweden,2005,FALSE,USA,TRUE,FALSE,0,,,,,,0
SWE,2007,1.4897550000000002,3,12,DEU,FALSE,162,Sweden,2006,FALSE,DEU,TRUE,FALSE,0,,,,,,0
SWE,2008,1.4873612,3,11,DEU,FALSE,162,Sweden,2007,FALSE,DEU,TRUE,FALSE,0,,,,,,0
SWE,2009,1.543583,5,9,DEU,FALSE,162,Sweden,2008,FALSE,DEU,TRUE,FALSE,0,,,,,,0
SWE,2010,1.7365027,4,9,DEU,FALSE,162,Sweden,2009,FALSE,DEU,TRUE,FALSE,0,,,,,,0
SWE,2011,1.65822,5,9,DEU,FALSE,162,Sweden,2010,FALSE,DEU,TRUE,FALSE,0,,,,,,0
SWE,2012,1.6549768,5,9,DEU,FALSE,162,Sweden,2011,FALSE,DEU,TRUE,FALSE,0,,,,,,0
SWE,2013,1.4116678999999999,5,9,DEU,FALSE,162,Sweden,2012,FALSE,DEU,TRUE,FALSE,0,,,,,,0
SWE,2014,1.6537255,5,9,DEU,FALSE,162,Sweden,2013,FALSE,DEU,TRUE,FALSE,0,,,,,,0
SWE,2015,0.9084092,4,7,DEU,FALSE,162,Sweden,2014,FALSE,DEU,TRUE,FALSE,0,,,,,,0
SWE,2016,1.202721,3,8,DEU,FALSE,162,Sweden,2015,FALSE,DEU,TRUE,FALSE,0,,,,,,0
SWE,2017,1.1640618,3,6,DEU,FALSE,162,Sweden,2016,FALSE,DEU,TRUE,FALSE,0,,,,,,0
SWE,2018,1.361338,3,6,DEU,FALSE,162,Sweden,2017,FALSE,DEU,TRUE,FALSE,0,,,,,,0
SWE,2019,1.2354839,2,5,DEU,FALSE,162,Sweden,2018,FALSE,DEU,TRUE,FALSE,0,,,,,,0
SWE,2020,1.4508137,2,4,DEU,FALSE,162,Sweden,2019,FALSE,DEU,TRUE,FALSE,0,,,,,,0
SWE,2021,1.1108155,3,5,DEU,FALSE,162,Sweden,2020,FALSE,DEU,TRUE,FALSE,0,,,,,,0
SWE,2022,2.2639880000000003,2,8,DEU,FALSE,162,Sweden,2021,FALSE,DEU,TRUE,FALSE,0,,,,,,0
SWE,2023,2.0258437000000002,,,,,162,Sweden,2022,FALSE,DEU,TRUE,FALSE,0,,,,,,
SWZ,1990,0.2287415,9,22,FIN,FALSE,163,Eswatini,,,,FALSE,FALSE,0,,,,,,0
SWZ,1991,0.08460410000000002,,,FIN,FALSE,163,Eswatini,1990,FALSE,FIN,TRUE,FALSE,0,,,,,,0
SWZ,1992,0.4734483,,,FIN,FALSE,163,Eswatini,1991,FALSE,FIN,TRUE,FALSE,0,,,,,,0
SWZ,1993,1.2952494,18,,KWT,FALSE,163,Eswatini,1992,FALSE,FIN,TRUE,FALSE,0,,,,,,0
SWZ,1994,1.61840033,14,,KWT,FALSE,163,Eswatini,1993,FALSE,KWT,TRUE,FALSE,0,,,,,,0
SWZ,1995,1.65612256,19,,GBR,FALSE,163,Eswatini,1994,FALSE,KWT,TRUE,FALSE,0,,,,,,0
SWZ,1996,1.2229139299999998,12,,JPN,FALSE,163,Eswatini,1995,FALSE,GBR,TRUE,FALSE,0,,,,,,0
SWZ,1997,1.2436972,13,,ZAF,FALSE,163,Eswatini,1996,FALSE,JPN,TRUE,FALSE,0,,,,,,0
SWZ,1998,0.37804357,31,,ZAF,FALSE,163,Eswatini,1997,FALSE,ZAF,TRUE,FALSE,0,,,,,,0
SWZ,1999,0.4633947,,,JPN,FALSE,163,Eswatini,1998,FALSE,ZAF,TRUE,FALSE,0,,,,,,0
SWZ,2000,0.09530100000000008,3,59,ZAF,FALSE,163,Eswatini,1999,FALSE,JPN,TRUE,FALSE,0,,,,,,0
SWZ,2001,0.20797719999999997,3,20,ZAF,FALSE,163,Eswatini,2000,FALSE,ZAF,TRUE,FALSE,0,,,,,,0
SWZ,2002,0.10371390000000003,3,16,CIV,FALSE,163,Eswatini,2001,FALSE,ZAF,TRUE,FALSE,0,,,,,,0
SWZ,2003,0.38263539999999996,2,14,ZAF,FALSE,163,Eswatini,2002,FALSE,CIV,TRUE,FALSE,0,,,,,,0
SWZ,2004,0.3419996,2,13,ZAF,FALSE,163,Eswatini,2003,FALSE,ZAF,TRUE,FALSE,0,,,,,,0
SWZ,2005,0.09849490000000005,2,12,ZAF,FALSE,163,Eswatini,2004,FALSE,ZAF,TRUE,FALSE,0,,,,,,0
SWZ,2006,0.37752610000000003,2,15,ZAF,FALSE,163,Eswatini,2005,FALSE,ZAF,TRUE,FALSE,0,,,,,,0
SWZ,2007,0.05192319999999995,2,22,ZAF,FALSE,163,Eswatini,2006,FALSE,ZAF,TRUE,FALSE,0,,,,,,0
SWZ,2008,7.47500000000012e-4,2,30,ZAF,FALSE,163,Eswatini,2007,FALSE,ZAF,TRUE,FALSE,0,,,,,,0
SWZ,2009,0.012068199999999973,2,26,ZAF,FALSE,163,Eswatini,2008,FALSE,ZAF,TRUE,FALSE,0,,,,,,0
SWZ,2010,0.015744700000000056,2,43,ZAF,FALSE,163,Eswatini,2009,FALSE,ZAF,TRUE,FALSE,0,,,,,,0
SWZ,2011,0.26599399999999995,2,73,ZAF,FALSE,163,Eswatini,2010,FALSE,ZAF,TRUE,FALSE,0,,,,,,0
SWZ,2012,0.059536799999999945,4,3,ZAF,FALSE,163,Eswatini,2011,FALSE,ZAF,TRUE,FALSE,0,,,,,,0
SWZ,2013,0.2541570000000001,7,2,ZAF,FALSE,163,Eswatini,2012,FALSE,ZAF,TRUE,FALSE,0,,,,,,0
SWZ,2014,0.21446869999999996,4,9,ZAF,FALSE,163,Eswatini,2013,FALSE,ZAF,TRUE,FALSE,0,,,,,,0
SWZ,2015,0.43352749999999995,13,79,ZAF,FALSE,163,Eswatini,2014,FALSE,ZAF,TRUE,FALSE,0,,,,,,0
SWZ,2016,0.23986339999999995,14,77,ZAF,FALSE,163,Eswatini,2015,FALSE,ZAF,TRUE,FALSE,0,,,,,,0
SWZ,2017,0.35667,14,35,ZAF,FALSE,163,Eswatini,2016,FALSE,ZAF,TRUE,FALSE,0,,,,,,0
SWZ,2018,0.3996078,22,8,ZAF,FALSE,163,Eswatini,2017,FALSE,ZAF,TRUE,FALSE,0,,,,,,0
SWZ,2019,0.1486064,17,58,NGA,FALSE,163,Eswatini,2018,FALSE,ZAF,TRUE,FALSE,0,,,,,,0
SWZ,2020,0.13655340000000005,10,68,ZAF,FALSE,163,Eswatini,2019,FALSE,NGA,TRUE,FALSE,0,,,,,,0
SWZ,2021,0.2572366,10,52,ZAF,FALSE,163,Eswatini,2020,FALSE,ZAF,TRUE,FALSE,0,,,,,,0
SWZ,2022,0.7837223,18,51,ZAF,FALSE,163,Eswatini,2021,FALSE,ZAF,TRUE,FALSE,0,,,,,,0
SWZ,2023,0.42981260000000004,,,,,163,Eswatini,2022,FALSE,ZAF,TRUE,FALSE,0,,,,,,
SYC,1990,0.5420303,17,,THA,FALSE,164,Seychelles,,,,FALSE,FALSE,0,,,,,,0
SYC,1991,0.30907670000000004,6,,THA,FALSE,164,Seychelles,1990,FALSE,THA,TRUE,FALSE,0,,,,,,0
SYC,1992,0.252761,5,,THA,FALSE,164,Seychelles,1991,FALSE,THA,TRUE,FALSE,0,,,,,,0
SYC,1993,0.7533455000000001,10,,THA,FALSE,164,Seychelles,1992,FALSE,THA,TRUE,FALSE,0,,,,,,0
SYC,1994,0.9816706,5,,THA,FALSE,164,Seychelles,1993,FALSE,THA,TRUE,FALSE,0,,,,,,0
SYC,1995,0.8227107000000001,5,,YEM,FALSE,164,Seychelles,1994,FALSE,THA,TRUE,FALSE,0,,,,,,0
SYC,1996,0.7628247999999999,8,,THA,FALSE,164,Seychelles,1995,FALSE,YEM,TRUE,FALSE,0,,,,,,0
SYC,1998,0.0167022,10,37,GBR,FALSE,164,Seychelles,1996,FALSE,THA,TRUE,FALSE,0,,,,,,0
SYC,1999,0.007303100000000007,7,47,GBR,FALSE,164,Seychelles,1998,FALSE,GBR,TRUE,FALSE,0,,,,,,0
SYC,2001,0.10584660000000001,4,42,GBR,FALSE,164,Seychelles,1999,FALSE,GBR,TRUE,FALSE,0,,,,,,0
SYC,2002,0.06280049999999998,6,38,GBR,FALSE,164,Seychelles,2001,FALSE,GBR,TRUE,FALSE,0,,,,,,0
SYC,2003,0.27451760000000003,9,54,SAU,FALSE,164,Seychelles,2002,FALSE,GBR,TRUE,FALSE,0,,,,,,0
SYC,2004,0.17736300000000005,13,69,SAU,FALSE,164,Seychelles,2003,FALSE,SAU,TRUE,FALSE,0,,,,,,0
SYC,2005,0.059849800000000064,14,74,SAU,FALSE,164,Seychelles,2004,FALSE,SAU,TRUE,FALSE,0,,,,,,0
SYC,2006,0.0529056,10,38,SAU,FALSE,164,Seychelles,2005,FALSE,SAU,TRUE,FALSE,0,,,,,,0
SYC,2007,0.3715516000000001,14,22,SAU,FALSE,164,Seychelles,2006,FALSE,SAU,TRUE,FALSE,0,,,,,,0
SYC,2008,0.3838149,12,21,GBR,FALSE,164,Seychelles,2007,FALSE,SAU,TRUE,FALSE,0,,,,,,0
SYC,2009,0.229084,12,41,GBR,FALSE,164,Seychelles,2008,FALSE,GBR,TRUE,FALSE,0,,,,,,0
SYC,2010,0.2359854,16,102,FRA,FALSE,164,Seychelles,2009,FALSE,GBR,TRUE,FALSE,0,,,,,,0
SYC,2011,0.4686005,8,46,FRA,FALSE,164,Seychelles,2010,FALSE,FRA,TRUE,FALSE,0,,,,,,0
SYC,2012,0.6710361,7,94,FRA,FALSE,164,Seychelles,2011,FALSE,FRA,TRUE,FALSE,0,,,,,,0
SYC,2013,0.055625699999999945,15,84,FRA,FALSE,164,Seychelles,2012,FALSE,FRA,TRUE,FALSE,0,,,,,,0
SYC,2014,0.4184753,11,79,FRA,FALSE,164,Seychelles,2013,FALSE,FRA,TRUE,FALSE,0,,,,,,0
SYC,2015,0.3348272,18,73,FRA,FALSE,164,Seychelles,2014,FALSE,FRA,TRUE,FALSE,0,,,,,,0
SYC,2016,0.20782199999999995,16,35,FRA,FALSE,164,Seychelles,2015,FALSE,FRA,TRUE,FALSE,0,,,,,,0
SYC,2017,0.003011600000000003,16,41,CYM,FALSE,164,Seychelles,2016,FALSE,FRA,TRUE,FALSE,0,,,,,,0
SYC,2018,0.03573150000000003,18,91,GBR,FALSE,164,Seychelles,2017,FALSE,CYM,TRUE,FALSE,0,,,,,,0
SYC,2019,0.04838359999999997,10,31,GBR,FALSE,164,Seychelles,2018,FALSE,GBR,TRUE,FALSE,0,,,,,,0
SYC,2020,0.30410590000000004,20,60,BMU,FALSE,164,Seychelles,2019,FALSE,GBR,TRUE,FALSE,0,,,,,,0
SYC,2021,0.1302702,16,88,FRA,FALSE,164,Seychelles,2020,FALSE,BMU,TRUE,FALSE,0,,,,,,0
SYC,2022,1.11642205,7,74,FRA,FALSE,164,Seychelles,2021,FALSE,FRA,TRUE,FALSE,0,,,,,,0
SYC,2023,0.6670587,,,,,164,Seychelles,2022,FALSE,FRA,TRUE,FALSE,0,,,,,,
SYR,1990,0.87312,22,,DEU,FALSE,165,Syria,,,,FALSE,FALSE,0,,,,,,0
SYR,1991,0.6417417999999999,8,,DEU,FALSE,165,Syria,1990,FALSE,DEU,TRUE,FALSE,0,,,,,,0
SYR,1992,0.48504860000000005,19,28,DEU,FALSE,165,Syria,1991,FALSE,DEU,TRUE,FALSE,0,,,,,,0
SYR,1993,0.09324699999999986,4,33,DEU,FALSE,165,Syria,1992,FALSE,DEU,TRUE,FALSE,0,,,,,,0
SYR,1994,0.05545,13,33,DEU,FALSE,165,Syria,1993,FALSE,DEU,TRUE,FALSE,0,,,,,,0
SYR,1995,0.05945899999999993,22,36,DEU,FALSE,165,Syria,1994,FALSE,DEU,TRUE,FALSE,0,,,,,,0
SYR,1996,0.662911,22,31,ITA,FALSE,165,Syria,1995,FALSE,DEU,TRUE,FALSE,0,,,,,,0
SYR,1997,0.5464180000000001,20,34,ITA,FALSE,165,Syria,1996,FALSE,ITA,TRUE,FALSE,0,,,,,,0
SYR,1998,1.1633539,20,49,DEU,FALSE,165,Syria,1997,FALSE,ITA,TRUE,FALSE,0,,,,,,0
SYR,1999,0.8664105999999999,9,80,DEU,FALSE,165,Syria,1998,FALSE,DEU,TRUE,FALSE,0,,,,,,0
SYR,2000,1.0187743999999999,9,83,DEU,FALSE,165,Syria,1999,FALSE,DEU,TRUE,FALSE,0,,,,,,0
SYR,2001,0.7137577,11,115,DEU,FALSE,165,Syria,2000,FALSE,DEU,TRUE,FALSE,0,,,,,,0
SYR,2002,0.9427194000000001,13,41,TUR,FALSE,165,Syria,2001,FALSE,DEU,TRUE,FALSE,0,,,,,,0
SYR,2003,0.17139379999999993,10,30,TUR,FALSE,165,Syria,2002,FALSE,TUR,TRUE,FALSE,0,,,,,,0
SYR,2004,0.044709200000000004,8,30,IRQ,FALSE,165,Syria,2003,FALSE,TUR,TRUE,FALSE,0,,,,,,0
SYR,2005,0.3965896,5,32,DEU,FALSE,165,Syria,2004,FALSE,IRQ,TRUE,FALSE,0,,,,,,0
SYR,2006,0.5752289,10,19,DEU,FALSE,165,Syria,2005,FALSE,DEU,TRUE,FALSE,0,,,,,,0
SYR,2007,0.873025,11,46,DEU,FALSE,165,Syria,2006,FALSE,DEU,TRUE,FALSE,0,,,,,,0
SYR,2008,1.0353729,8,41,IRQ,FALSE,165,Syria,2007,FALSE,DEU,TRUE,FALSE,0,,,,,,0
SYR,2009,1.1206757,9,38,IRQ,FALSE,165,Syria,2008,FALSE,IRQ,TRUE,FALSE,0,,,,,,0
SYR,2010,1.2158552999999999,7,19,IRQ,FALSE,165,Syria,2009,FALSE,IRQ,TRUE,FALSE,0,,,,,,0
SYR,2011,0.9014669999999999,6,30,DEU,FALSE,165,Syria,2010,FALSE,IRQ,TRUE,FALSE,0,,,,,,0
SYR,2012,1.0855213,20,23,SAU,FALSE,165,Syria,2011,FALSE,DEU,TRUE,FALSE,0,,,,,,0
SYR,2013,1.2653242,24,29,EGY,FALSE,165,Syria,2012,FALSE,SAU,TRUE,FALSE,0,,,,,,0
SYR,2014,0.8373145999999999,23,38,JOR,FALSE,165,Syria,2013,FALSE,EGY,TRUE,FALSE,0,,,,,,0
SYR,2015,1.3423018,21,29,LBN,FALSE,165,Syria,2014,FALSE,JOR,TRUE,FALSE,0,,,,,,0
SYR,2016,1.5896141000000001,19,26,LBN,FALSE,165,Syria,2015,FALSE,LBN,TRUE,FALSE,0,,,,,,0
SYR,2017,1.5252307999999999,19,36,LBN,FALSE,165,Syria,2016,FALSE,LBN,TRUE,FALSE,0,,,,,,0
SYR,2018,1.3478744,19,36,SAU,FALSE,165,Syria,2017,FALSE,LBN,TRUE,FALSE,0,,,,,,0
SYR,2019,1.6168126,17,30,SAU,FALSE,165,Syria,2018,FALSE,SAU,TRUE,FALSE,0,,,,,,0
SYR,2020,1.3132706,18,31,TUR,FALSE,165,Syria,2019,FALSE,SAU,TRUE,FALSE,0,,,,,,0
SYR,2021,1.8308509,16,36,SAU,FALSE,165,Syria,2020,FALSE,TUR,TRUE,FALSE,0,,,,,,0
SYR,2022,0.9934649999999998,13,22,TUR,FALSE,165,Syria,2021,FALSE,SAU,TRUE,FALSE,0,,,,,,0
SYR,2023,1.3692703000000002,,,,,165,Syria,2022,FALSE,TUR,TRUE,FALSE,0,,,,,,
TCD,1990,0.38276030000000005,,,PRT,FALSE,166,Chad,,,,FALSE,FALSE,0,,,,,,0
TCD,1991,0.3910932,18,3,PRT,FALSE,166,Chad,1990,FALSE,PRT,TRUE,FALSE,0,,,,,,0
TCD,1992,0.14929959999999998,16,13,PRT,FALSE,166,Chad,1991,FALSE,PRT,TRUE,FALSE,0,,,,,,0
TCD,1993,0.6783206,14,29,PRT,FALSE,166,Chad,1992,FALSE,PRT,TRUE,FALSE,0,,,,,,0
TCD,1995,0.7269747000000001,6,14,PRT,FALSE,166,Chad,1993,FALSE,PRT,TRUE,FALSE,0,,,,,,0
TCD,1996,0.4032923999999999,4,19,PRT,FALSE,166,Chad,1995,FALSE,PRT,TRUE,FALSE,0,,,,,,0
TCD,1997,0.20825740000000004,8,18,PRT,FALSE,166,Chad,1996,FALSE,PRT,TRUE,FALSE,0,,,,,,0
TCD,1998,0.1989998,3,,PRT,FALSE,166,Chad,1997,FALSE,PRT,TRUE,FALSE,0,,,,,,0
TCD,1999,0.5151316,3,,PRT,FALSE,166,Chad,1998,FALSE,PRT,TRUE,FALSE,0,,,,,,0
TCD,2000,0.3599884,5,44,PRT,FALSE,166,Chad,1999,FALSE,PRT,TRUE,FALSE,0,,,,,,0
TCD,2001,0.6166086999999999,4,40,PRT,FALSE,166,Chad,2000,FALSE,PRT,TRUE,FALSE,0,,,,,,0
TCD,2002,0.5169964,3,10,PRT,FALSE,166,Chad,2001,FALSE,PRT,TRUE,FALSE,0,,,,,,0
TCD,2003,0.09945779999999993,1,11,USA,FALSE,166,Chad,2002,FALSE,PRT,TRUE,FALSE,0,,,,,,0
TCD,2004,0.327801,1,2,USA,FALSE,166,Chad,2003,FALSE,USA,TRUE,FALSE,0,,,,,,0
TCD,2005,0.44905360000000005,1,2,USA,FALSE,166,Chad,2004,FALSE,USA,TRUE,FALSE,0,,,,,,0
TCD,2006,0.5956954999999999,1,2,USA,FALSE,166,Chad,2005,FALSE,USA,TRUE,FALSE,0,,,,,,0
TCD,2007,0.08833240000000009,1,3,USA,FALSE,166,Chad,2006,FALSE,USA,TRUE,FALSE,0,,,,,,0
TCD,2008,0.13536000000000004,1,5,USA,FALSE,166,Chad,2007,FALSE,USA,TRUE,FALSE,0,,,,,,0
TCD,2009,0.0060886,1,3,USA,FALSE,166,Chad,2008,FALSE,USA,TRUE,FALSE,0,,,,,,0
TCD,2010,0.24845620000000002,1,2,USA,FALSE,166,Chad,2009,FALSE,USA,TRUE,FALSE,0,,,,,,0
TCD,2011,0.2652307,1,2,USA,FALSE,166,Chad,2010,FALSE,USA,TRUE,FALSE,0,,,,,,0
TCD,2012,0.6161721,1,2,USA,FALSE,166,Chad,2011,FALSE,USA,TRUE,FALSE,0,,,,,,0
TCD,2013,0.09932610000000008,1,4,USA,FALSE,166,Chad,2012,FALSE,USA,TRUE,FALSE,0,,,,,,0
TCD,2014,0.5581006,1,5,USA,FALSE,166,Chad,2013,FALSE,USA,TRUE,FALSE,0,,,,,,0
TCD,2015,0.44055939999999993,1,4,USA,FALSE,166,Chad,2014,FALSE,USA,TRUE,FALSE,0,,,,,,0
TCD,2016,0.26542659999999996,1,4,USA,FALSE,166,Chad,2015,FALSE,USA,TRUE,FALSE,0,,,,,,0
TCD,2017,0.24352980000000007,1,2,USA,FALSE,166,Chad,2016,FALSE,USA,TRUE,FALSE,0,,,,,,0
TCD,2018,0.19519370000000003,2,5,IND,FALSE,166,Chad,2017,FALSE,USA,TRUE,FALSE,0,,,,,,0
TCD,2019,0.19587140000000003,4,1,CHN,TRUE,166,Chad,2018,FALSE,IND,TRUE,TRUE,1,2019,2018,FALSE,IND,TRUE,1
TCD,2020,0.09422460000000005,12,1,CHN,TRUE,166,Chad,2019,TRUE,CHN,TRUE,FALSE,1,2019,2018,FALSE,IND,TRUE,1
TCD,2021,0.32466200000000006,9,5,DEU,FALSE,166,Chad,2020,TRUE,CHN,TRUE,FALSE,1,2019,2018,FALSE,IND,TRUE,0
TCD,2022,0.7325334,10,2,DEU,FALSE,166,Chad,2021,FALSE,DEU,TRUE,FALSE,1,2019,2018,FALSE,IND,TRUE,0
TCD,2023,0.34213550000000004,,,,,166,Chad,2022,FALSE,DEU,TRUE,FALSE,1,2019,2018,FALSE,IND,TRUE,
TGO,1990,0.0783932,15,18,CAN,FALSE,167,Togo,,,,FALSE,FALSE,0,,,,,,0
TGO,1991,0.005740500000000037,18,13,CAN,FALSE,167,Togo,1990,FALSE,CAN,TRUE,FALSE,0,,,,,,0
TGO,1992,0.71380577,20,18,CAN,FALSE,167,Togo,1991,FALSE,CAN,TRUE,FALSE,0,,,,,,0
TGO,1993,0.9530337000000001,8,20,CAN,FALSE,167,Togo,1992,FALSE,CAN,TRUE,FALSE,0,,,,,,0
TGO,1994,1.1643303,15,28,TWN,FALSE,167,Togo,1993,FALSE,CAN,TRUE,FALSE,0,,,,,,0
TGO,1995,0.7399224000000001,2,36,CHE,FALSE,167,Togo,1994,FALSE,TWN,TRUE,FALSE,0,,,,,,0
TGO,1996,0.6177446999999999,11,24,BEN,FALSE,167,Togo,1995,FALSE,CHE,TRUE,FALSE,0,,,,,,0
TGO,1997,0.37683690000000003,33,18,GHA,FALSE,167,Togo,1996,FALSE,BEN,TRUE,FALSE,0,,,,,,0
TGO,1998,0.15722799999999998,25,22,TWN,FALSE,167,Togo,1997,FALSE,GHA,TRUE,FALSE,0,,,,,,0
TGO,1999,0.24442519999999995,24,60,BEN,FALSE,167,Togo,1998,FALSE,TWN,TRUE,FALSE,0,,,,,,0
TGO,2000,0.12359989999999998,20,59,GHA,FALSE,167,Togo,1999,FALSE,BEN,TRUE,FALSE,0,,,,,,0
TGO,2001,0.2619119,8,53,NGA,FALSE,167,Togo,2000,FALSE,GHA,TRUE,FALSE,0,,,,,,0
TGO,2002,0.441991,29,19,MLI,FALSE,167,Togo,2001,FALSE,NGA,TRUE,FALSE,0,,,,,,0
TGO,2003,0.08426659999999997,14,8,NGA,FALSE,167,Togo,2002,FALSE,MLI,TRUE,FALSE,0,,,,,,0
TGO,2004,0.10139160000000003,32,3,BFA,FALSE,167,Togo,2003,FALSE,NGA,TRUE,FALSE,0,,,,,,0
TGO,2005,0.03160439999999998,22,8,MLI,FALSE,167,Togo,2004,FALSE,BFA,TRUE,FALSE,0,,,,,,0
TGO,2006,0.07334740000000006,28,10,MLI,FALSE,167,Togo,2005,FALSE,MLI,TRUE,FALSE,0,,,,,,0
TGO,2007,0.1528584999999999,25,11,NGA,FALSE,167,Togo,2006,FALSE,MLI,TRUE,FALSE,0,,,,,,0
TGO,2008,0.037116600000000055,22,14,NGA,FALSE,167,Togo,2007,FALSE,NGA,TRUE,FALSE,0,,,,,,0
TGO,2009,0.11534330000000004,22,12,DEU,FALSE,167,Togo,2008,FALSE,NGA,TRUE,FALSE,0,,,,,,0
TGO,2010,0.39356040000000003,21,5,DEU,FALSE,167,Togo,2009,FALSE,DEU,TRUE,FALSE,0,,,,,,0
TGO,2011,0.30142949999999996,18,9,BEN,FALSE,167,Togo,2010,FALSE,DEU,TRUE,FALSE,0,,,,,,0
TGO,2012,0.86865148,15,10,CHE,FALSE,167,Togo,2011,FALSE,BEN,TRUE,FALSE,0,,,,,,0
TGO,2013,0.42995743999999997,30,8,CHE,FALSE,167,Togo,2012,FALSE,CHE,TRUE,FALSE,0,,,,,,0
TGO,2014,0.6571472,27,10,GAB,FALSE,167,Togo,2013,FALSE,CHE,TRUE,FALSE,0,,,,,,0
TGO,2015,0.06793349999999998,23,5,ARE,FALSE,167,Togo,2014,FALSE,GAB,TRUE,FALSE,0,,,,,,0
TGO,2016,0.48274031,26,7,ARE,FALSE,167,Togo,2015,FALSE,ARE,TRUE,FALSE,0,,,,,,0
TGO,2017,0.3946879,26,12,ARE,FALSE,167,Togo,2016,FALSE,ARE,TRUE,FALSE,0,,,,,,0
TGO,2018,0.48433304,30,8,AGO,FALSE,167,Togo,2017,FALSE,ARE,TRUE,FALSE,0,,,,,,0
TGO,2019,0.349354,30,6,CMR,FALSE,167,Togo,2018,FALSE,AGO,TRUE,FALSE,0,,,,,,0
TGO,2020,0.55177779,24,3,IND,FALSE,167,Togo,2019,FALSE,CMR,TRUE,FALSE,0,,,,,,0
TGO,2021,0.21969598999999998,28,3,AGO,FALSE,167,Togo,2020,FALSE,IND,TRUE,FALSE,0,,,,,,0
TGO,2022,0.8442845,15,6,ARE,FALSE,167,Togo,2021,FALSE,AGO,TRUE,FALSE,0,,,,,,0
TGO,2023,0.466442,,,,,167,Togo,2022,FALSE,ARE,TRUE,FALSE,0,,,,,,
THA,1990,0.2473416,1,17,USA,FALSE,168,Thailand,,,,FALSE,FALSE,0,,,,,,0
THA,1991,0.2933134,1,17,USA,FALSE,168,Thailand,1990,FALSE,USA,TRUE,FALSE,0,,,,,,0
THA,1992,0.21498260000000002,1,16,USA,FALSE,168,Thailand,1991,FALSE,USA,TRUE,FALSE,0,,,,,,0
THA,1993,0.7997246000000001,1,11,USA,FALSE,168,Thailand,1992,FALSE,USA,TRUE,FALSE,0,,,,,,0
THA,1994,0.9955065,1,9,USA,FALSE,168,Thailand,1993,FALSE,USA,TRUE,FALSE,0,,,,,,0
THA,1995,0.8103980000000001,1,6,USA,FALSE,168,Thailand,1994,FALSE,USA,TRUE,FALSE,0,,,,,,0
THA,1996,0.7815509999999999,1,6,USA,FALSE,168,Thailand,1995,FALSE,USA,TRUE,FALSE,0,,,,,,0
THA,1997,0.5228130000000001,1,6,USA,FALSE,168,Thailand,1996,FALSE,USA,TRUE,FALSE,0,,,,,,0
THA,1998,0.0824587,1,5,USA,FALSE,168,Thailand,1997,FALSE,USA,TRUE,FALSE,0,,,,,,0
THA,1999,0.1722651,1,5,USA,FALSE,168,Thailand,1998,FALSE,USA,TRUE,FALSE,0,,,,,,0
THA,2000,0.43344250000000006,1,4,USA,FALSE,168,Thailand,1999,FALSE,USA,TRUE,FALSE,0,,,,,,0
THA,2001,0.1515471,1,4,USA,FALSE,168,Thailand,2000,FALSE,USA,TRUE,FALSE,0,,,,,,0
THA,2002,0.15507959999999998,1,3,USA,FALSE,168,Thailand,2001,FALSE,USA,TRUE,FALSE,0,,,,,,0
THA,2003,0.6968389,1,3,USA,FALSE,168,Thailand,2002,FALSE,USA,TRUE,FALSE,0,,,,,,0
THA,2004,0.7207357200000001,1,3,USA,FALSE,168,Thailand,2003,FALSE,USA,TRUE,FALSE,0,,,,,,0
THA,2005,0.4016173,1,3,USA,FALSE,168,Thailand,2004,FALSE,USA,TRUE,FALSE,0,,,,,,0
THA,2006,0.5507331,1,2,USA,FALSE,168,Thailand,2005,FALSE,USA,TRUE,FALSE,0,,,,,,0
THA,2007,0.36647880000000005,1,2,USA,FALSE,168,Thailand,2006,FALSE,USA,TRUE,FALSE,0,,,,,,0
THA,2008,0.3593496,2,1,CHN,TRUE,168,Thailand,2007,FALSE,USA,TRUE,TRUE,1,2008,2007,FALSE,USA,TRUE,1
THA,2009,0.11486890000000005,2,1,CHN,TRUE,168,Thailand,2008,TRUE,CHN,TRUE,FALSE,1,2008,2007,FALSE,USA,TRUE,1
THA,2010,0.30899920000000003,2,1,CHN,TRUE,168,Thailand,2009,TRUE,CHN,TRUE,FALSE,1,2008,2007,FALSE,USA,TRUE,1
THA,2011,0.3181923,2,1,CHN,TRUE,168,Thailand,2010,TRUE,CHN,TRUE,FALSE,1,2008,2007,FALSE,USA,TRUE,1
THA,2012,0.4029777,2,1,CHN,TRUE,168,Thailand,2011,TRUE,CHN,TRUE,FALSE,1,2008,2007,FALSE,USA,TRUE,1
THA,2013,0.08613679999999996,2,1,CHN,TRUE,168,Thailand,2012,TRUE,CHN,TRUE,FALSE,1,2008,2007,FALSE,USA,TRUE,1
THA,2014,0.4175826,2,1,CHN,TRUE,168,Thailand,2013,TRUE,CHN,TRUE,FALSE,1,2008,2007,FALSE,USA,TRUE,1
THA,2015,0.21435200000000001,2,1,CHN,TRUE,168,Thailand,2014,TRUE,CHN,TRUE,FALSE,1,2008,2007,FALSE,USA,TRUE,1
THA,2016,0.016220399999999968,2,1,CHN,TRUE,168,Thailand,2015,TRUE,CHN,TRUE,FALSE,1,2008,2007,FALSE,USA,TRUE,1
THA,2017,0.19488560000000005,2,1,CHN,TRUE,168,Thailand,2016,TRUE,CHN,TRUE,FALSE,1,2008,2007,FALSE,USA,TRUE,1
THA,2018,0.157941,2,1,CHN,TRUE,168,Thailand,2017,TRUE,CHN,TRUE,FALSE,1,2008,2007,FALSE,USA,TRUE,1
THA,2019,0.10891600000000001,2,1,CHN,TRUE,168,Thailand,2018,TRUE,CHN,TRUE,FALSE,1,2008,2007,FALSE,USA,TRUE,1
THA,2020,0.27243300000000004,2,1,CHN,TRUE,168,Thailand,2019,TRUE,CHN,TRUE,FALSE,1,2008,2007,FALSE,USA,TRUE,1
THA,2021,0.04791460000000003,2,1,CHN,TRUE,168,Thailand,2020,TRUE,CHN,TRUE,FALSE,1,2008,2007,FALSE,USA,TRUE,1
THA,2022,0.7544919999999999,1,2,USA,FALSE,168,Thailand,2021,TRUE,CHN,TRUE,FALSE,1,2008,2007,FALSE,USA,TRUE,0
THA,2023,0.4577144,,,,,168,Thailand,2022,FALSE,USA,TRUE,FALSE,1,2008,2007,FALSE,USA,TRUE,
TJK,1992,0.6318333,7,9,JPN,FALSE,169,Tajikistan,,,,FALSE,FALSE,0,,,,,,0
TJK,1993,2.0354788,2,6,ITA,FALSE,169,Tajikistan,1992,FALSE,JPN,TRUE,FALSE,0,,,,,,0
TJK,1994,2.5443043999999997,1,16,USA,FALSE,169,Tajikistan,1993,FALSE,ITA,TRUE,FALSE,0,,,,,,0
TJK,1995,2.2615648000000004,2,7,ITA,FALSE,169,Tajikistan,1994,FALSE,USA,TRUE,FALSE,0,,,,,,0
TJK,1996,2.1286253,3,16,ITA,FALSE,169,Tajikistan,1995,FALSE,ITA,TRUE,FALSE,0,,,,,,0
TJK,1997,1.4819934,7,8,RUS,FALSE,169,Tajikistan,1996,FALSE,ITA,TRUE,FALSE,0,,,,,,0
TJK,1998,0.6197689,3,8,RUS,FALSE,169,Tajikistan,1997,FALSE,RUS,TRUE,FALSE,0,,,,,,0
TJK,1999,0.69736672,2,11,RUS,FALSE,169,Tajikistan,1998,FALSE,RUS,TRUE,FALSE,0,,,,,,0
TJK,2000,0.8775327,8,4,RUS,FALSE,169,Tajikistan,1999,FALSE,RUS,TRUE,FALSE,0,,,,,,0
TJK,2002,0.57475736,28,19,HUN,FALSE,169,Tajikistan,2000,FALSE,RUS,TRUE,FALSE,0,,,,,,0
TJK,2003,1.02843996,16,21,HUN,FALSE,169,Tajikistan,2002,FALSE,HUN,TRUE,FALSE,0,,,,,,0
TJK,2004,0.72365508,17,7,NOR,FALSE,169,Tajikistan,2003,FALSE,HUN,TRUE,FALSE,0,,,,,,0
TJK,2005,0.44015540000000003,1,11,USA,FALSE,169,Tajikistan,2004,FALSE,NOR,TRUE,FALSE,0,,,,,,0
TJK,2006,0.5355715000000001,4,15,NOR,FALSE,169,Tajikistan,2005,FALSE,USA,TRUE,FALSE,0,,,,,,0
TJK,2007,0.2910072000000001,44,21,NOR,FALSE,169,Tajikistan,2006,FALSE,NOR,TRUE,FALSE,0,,,,,,0
TJK,2008,0.20881470000000002,23,10,RUS,FALSE,169,Tajikistan,2007,FALSE,NOR,TRUE,FALSE,0,,,,,,0
TJK,2009,0.19121130000000003,15,2,RUS,FALSE,169,Tajikistan,2008,FALSE,RUS,TRUE,FALSE,0,,,,,,0
TJK,2010,0.5396589,33,6,TUR,FALSE,169,Tajikistan,2009,FALSE,RUS,TRUE,FALSE,0,,,,,,0
TJK,2011,0.4238205,17,4,TUR,FALSE,169,Tajikistan,2010,FALSE,TUR,TRUE,FALSE,0,,,,,,0
TJK,2012,0.46874509999999997,11,2,TUR,FALSE,169,Tajikistan,2011,FALSE,TUR,TRUE,FALSE,0,,,,,,0
TJK,2013,0.0406417,37,2,TUR,FALSE,169,Tajikistan,2012,FALSE,TUR,TRUE,FALSE,0,,,,,,0
TJK,2014,0.06459689999999996,18,6,TUR,FALSE,169,Tajikistan,2013,FALSE,TUR,TRUE,FALSE,0,,,,,,0
TJK,2015,0.44362199999999996,9,5,TUR,FALSE,169,Tajikistan,2014,FALSE,TUR,TRUE,FALSE,0,,,,,,0
TJK,2016,0.16241850000000002,32,8,KAZ,FALSE,169,Tajikistan,2015,FALSE,TUR,TRUE,FALSE,0,,,,,,0
TJK,2017,0.32958820000000005,14,7,KAZ,FALSE,169,Tajikistan,2016,FALSE,KAZ,TRUE,FALSE,0,,,,,,0
TJK,2018,0.07418269999999993,29,6,KAZ,FALSE,169,Tajikistan,2017,FALSE,KAZ,TRUE,FALSE,0,,,,,,0
TJK,2019,0.2576182,24,6,TUR,FALSE,169,Tajikistan,2018,FALSE,KAZ,TRUE,FALSE,0,,,,,,0
TJK,2020,0.072959,33,6,CHE,FALSE,169,Tajikistan,2019,FALSE,TUR,TRUE,FALSE,0,,,,,,0
TJK,2021,0.3000065,31,4,KAZ,FALSE,169,Tajikistan,2020,FALSE,CHE,TRUE,FALSE,0,,,,,,0
TJK,2022,0.4162049,28,3,KAZ,FALSE,169,Tajikistan,2021,FALSE,KAZ,TRUE,FALSE,0,,,,,,0
TJK,2023,0.14451730000000007,,,,,169,Tajikistan,2022,FALSE,KAZ,TRUE,FALSE,0,,,,,,
TKM,1992,0.82082957,12,16,FRA,FALSE,170,Turkmenistan,,,,FALSE,FALSE,0,,,,,,0
TKM,1993,1.8351861,16,20,TUR,FALSE,170,Turkmenistan,1992,FALSE,FRA,TRUE,FALSE,0,,,,,,0
TKM,1994,1.9604833,19,10,ITA,FALSE,170,Turkmenistan,1993,FALSE,TUR,TRUE,FALSE,0,,,,,,0
TKM,1995,1.3800613000000002,22,12,TUR,FALSE,170,Turkmenistan,1994,FALSE,ITA,TRUE,FALSE,0,,,,,,0
TKM,1996,0.19408899999999996,28,17,UKR,FALSE,170,Turkmenistan,1995,FALSE,TUR,TRUE,FALSE,0,,,,,,0
TKM,1997,1.3330184,14,11,UKR,FALSE,170,Turkmenistan,1996,FALSE,UKR,TRUE,FALSE,0,,,,,,0
TKM,1998,0.46591651,14,16,ITA,FALSE,170,Turkmenistan,1997,FALSE,UKR,TRUE,FALSE,0,,,,,,0
TKM,1999,0.66388707,15,29,UKR,FALSE,170,Turkmenistan,1998,FALSE,ITA,TRUE,FALSE,0,,,,,,0
TKM,2000,0.8193656800000001,10,26,RUS,FALSE,170,Turkmenistan,1999,FALSE,UKR,TRUE,FALSE,0,,,,,,0
TKM,2001,0.58846525,7,29,UKR,FALSE,170,Turkmenistan,2000,FALSE,RUS,TRUE,FALSE,0,,,,,,0
TKM,2002,0.59821043,7,32,UKR,FALSE,170,Turkmenistan,2001,FALSE,UKR,TRUE,FALSE,0,,,,,,0
TKM,2003,0.05041450000000003,5,21,UKR,FALSE,170,Turkmenistan,2002,FALSE,UKR,TRUE,FALSE,0,,,,,,0
TKM,2004,0.4270369999999999,9,17,UKR,FALSE,170,Turkmenistan,2003,FALSE,UKR,TRUE,FALSE,0,,,,,,0
TKM,2005,0.5628055999999999,8,18,UKR,FALSE,170,Turkmenistan,2004,FALSE,UKR,TRUE,FALSE,0,,,,,,0
TKM,2006,0.15873479999999995,10,17,UKR,FALSE,170,Turkmenistan,2005,FALSE,UKR,TRUE,FALSE,0,,,,,,0
TKM,2007,0.33523119999999995,4,10,UKR,FALSE,170,Turkmenistan,2006,FALSE,UKR,TRUE,FALSE,0,,,,,,0
TKM,2008,0.19672080000000003,7,19,UKR,FALSE,170,Turkmenistan,2007,FALSE,UKR,TRUE,FALSE,0,,,,,,0
TKM,2009,0.23781790000000003,4,15,UKR,FALSE,170,Turkmenistan,2008,FALSE,UKR,TRUE,FALSE,0,,,,,,0
TKM,2010,0.06584590000000001,10,1,CHN,TRUE,170,Turkmenistan,2009,FALSE,UKR,TRUE,TRUE,1,2010,2009,FALSE,UKR,TRUE,1
TKM,2011,0.19823639999999998,13,1,CHN,TRUE,170,Turkmenistan,2010,TRUE,CHN,TRUE,FALSE,1,2010,2009,FALSE,UKR,TRUE,1
TKM,2012,0.0030039000000000593,8,1,CHN,TRUE,170,Turkmenistan,2011,TRUE,CHN,TRUE,FALSE,1,2010,2009,FALSE,UKR,TRUE,1
TKM,2013,0.4377573,15,1,CHN,TRUE,170,Turkmenistan,2012,TRUE,CHN,TRUE,FALSE,1,2010,2009,FALSE,UKR,TRUE,1
TKM,2014,0.016295100000000007,17,1,CHN,TRUE,170,Turkmenistan,2013,TRUE,CHN,TRUE,FALSE,1,2010,2009,FALSE,UKR,TRUE,1
TKM,2015,0.6994829,11,1,CHN,TRUE,170,Turkmenistan,2014,TRUE,CHN,TRUE,FALSE,1,2010,2009,FALSE,UKR,TRUE,1
TKM,2016,0.3646271,18,1,CHN,TRUE,170,Turkmenistan,2015,TRUE,CHN,TRUE,FALSE,1,2010,2009,FALSE,UKR,TRUE,1
TKM,2017,0.5096022,19,1,CHN,TRUE,170,Turkmenistan,2016,TRUE,CHN,TRUE,FALSE,1,2010,2009,FALSE,UKR,TRUE,1
TKM,2018,0.36941349999999995,23,1,CHN,TRUE,170,Turkmenistan,2017,TRUE,CHN,TRUE,FALSE,1,2010,2009,FALSE,UKR,TRUE,1
TKM,2019,0.41420979999999996,20,1,CHN,TRUE,170,Turkmenistan,2018,TRUE,CHN,TRUE,FALSE,1,2010,2009,FALSE,UKR,TRUE,1
TKM,2020,0.09857209999999994,16,1,CHN,TRUE,170,Turkmenistan,2019,TRUE,CHN,TRUE,FALSE,1,2010,2009,FALSE,UKR,TRUE,1
TKM,2021,0.6165959000000001,17,1,CHN,TRUE,170,Turkmenistan,2020,TRUE,CHN,TRUE,FALSE,1,2010,2009,FALSE,UKR,TRUE,1
TKM,2022,0.3553746,17,1,CHN,TRUE,170,Turkmenistan,2021,TRUE,CHN,TRUE,FALSE,1,2010,2009,FALSE,UKR,TRUE,1
TKM,2023,0.0280648,,,,,170,Turkmenistan,2022,TRUE,CHN,TRUE,FALSE,1,2010,2009,FALSE,UKR,TRUE,
TLS,2002,0.28905079999999994,,,BGD,FALSE,171,Timor-Leste,,,,FALSE,FALSE,0,,,,,,0
TLS,2003,0.7783694,8,33,IDN,FALSE,171,Timor-Leste,2002,FALSE,BGD,TRUE,FALSE,0,,,,,,0
TLS,2004,0.615656,13,51,KOR,FALSE,171,Timor-Leste,2003,FALSE,IDN,TRUE,FALSE,0,,,,,,0
TLS,2005,0.5354544,4,43,NZL,FALSE,171,Timor-Leste,2004,FALSE,KOR,TRUE,FALSE,0,,,,,,0
TLS,2006,0.6653531,,2,JPN,FALSE,171,Timor-Leste,2005,FALSE,NZL,TRUE,FALSE,0,,,,,,0
TLS,2007,0.52564396,,21,JPN,FALSE,171,Timor-Leste,2006,FALSE,JPN,TRUE,FALSE,0,,,,,,0
TLS,2008,0.65667526,,16,JPN,FALSE,171,Timor-Leste,2007,FALSE,JPN,TRUE,FALSE,0,,,,,,0
TLS,2009,0.7396457,,25,JPN,FALSE,171,Timor-Leste,2008,FALSE,JPN,TRUE,FALSE,0,,,,,,0
TLS,2010,0.6477113000000001,,10,JPN,FALSE,171,Timor-Leste,2009,FALSE,JPN,TRUE,FALSE,0,,,,,,0
TLS,2011,0.5887800999999999,,4,SGP,FALSE,171,Timor-Leste,2010,FALSE,JPN,TRUE,FALSE,0,,,,,,0
TLS,2012,0.6400963,43,10,SGP,FALSE,171,Timor-Leste,2011,FALSE,SGP,TRUE,FALSE,0,,,,,,0
TLS,2013,0.058773699999999984,10,20,IRN,FALSE,171,Timor-Leste,2012,FALSE,SGP,TRUE,FALSE,0,,,,,,0
TLS,2014,0.5174891,10,14,KOR,FALSE,171,Timor-Leste,2013,FALSE,IRN,TRUE,FALSE,0,,,,,,0
TLS,2015,0.1630827,4,7,SGP,FALSE,171,Timor-Leste,2014,FALSE,KOR,TRUE,FALSE,0,,,,,,0
TLS,2016,0.16496919999999998,2,13,THA,FALSE,171,Timor-Leste,2015,FALSE,SGP,TRUE,FALSE,0,,,,,,0
TLS,2017,0.0594538,2,7,SGP,FALSE,171,Timor-Leste,2016,FALSE,THA,TRUE,FALSE,0,,,,,,0
TLS,2018,0.21467770000000003,2,6,SGP,FALSE,171,Timor-Leste,2017,FALSE,SGP,TRUE,FALSE,0,,,,,,0
TLS,2019,0.016648600000000013,6,2,SGP,FALSE,171,Timor-Leste,2018,FALSE,SGP,TRUE,FALSE,0,,,,,,0
TLS,2020,0.24771390000000004,7,10,MYS,FALSE,171,Timor-Leste,2019,FALSE,SGP,TRUE,FALSE,0,,,,,,0
TLS,2021,0.02574730000000003,7,1,CHN,TRUE,171,Timor-Leste,2020,FALSE,MYS,TRUE,TRUE,1,2021,2020,FALSE,MYS,TRUE,1
TLS,2022,0.9194003,8,1,CHN,TRUE,171,Timor-Leste,2021,TRUE,CHN,TRUE,FALSE,1,2021,2020,FALSE,MYS,TRUE,1
TLS,2023,0.6610568,,,,,171,Timor-Leste,2022,TRUE,CHN,TRUE,FALSE,1,2021,2020,FALSE,MYS,TRUE,
TON,1999,1.0905813,2,,JPN,FALSE,172,Tonga,,,,FALSE,FALSE,0,,,,,,0
TON,2000,1.1639145000000002,2,17,JPN,FALSE,172,Tonga,1999,FALSE,JPN,TRUE,FALSE,0,,,,,,0
TON,2001,0.8373842,2,22,JPN,FALSE,172,Tonga,2000,FALSE,JPN,TRUE,FALSE,0,,,,,,0
TON,2002,0.7483837,2,22,JPN,FALSE,172,Tonga,2001,FALSE,JPN,TRUE,FALSE,0,,,,,,0
TON,2003,1.2192557,2,20,JPN,FALSE,172,Tonga,2002,FALSE,JPN,TRUE,FALSE,0,,,,,,0
TON,2004,1.1422694,2,16,JPN,FALSE,172,Tonga,2003,FALSE,JPN,TRUE,FALSE,0,,,,,,0
TON,2005,0.7606466700000001,2,32,JPN,FALSE,172,Tonga,2004,FALSE,JPN,TRUE,FALSE,0,,,,,,0
TON,2006,1.1758486000000001,2,23,JPN,FALSE,172,Tonga,2005,FALSE,JPN,TRUE,FALSE,0,,,,,,0
TON,2007,0.8433405,1,21,USA,FALSE,172,Tonga,2006,FALSE,JPN,TRUE,FALSE,0,,,,,,0
TON,2008,0.8919385,1,23,USA,FALSE,172,Tonga,2007,FALSE,USA,TRUE,FALSE,0,,,,,,0
TON,2009,0.8707465,2,17,HKG,FALSE,172,Tonga,2008,FALSE,USA,TRUE,FALSE,0,,,,,,0
TON,2010,1.0869782000000001,2,18,HKG,FALSE,172,Tonga,2009,FALSE,HKG,TRUE,FALSE,0,,,,,,0
TON,2011,1.0009375999999999,3,17,HKG,FALSE,172,Tonga,2010,FALSE,HKG,TRUE,FALSE,0,,,,,,0
TON,2012,1.1268196,4,41,NZL,FALSE,172,Tonga,2011,FALSE,HKG,TRUE,FALSE,0,,,,,,0
TON,2013,0.7363744,5,34,NZL,FALSE,172,Tonga,2012,FALSE,NZL,TRUE,FALSE,0,,,,,,0
TON,2014,1.0280497,3,23,NZL,FALSE,172,Tonga,2013,FALSE,NZL,TRUE,FALSE,0,,,,,,0
TON,2015,0.3444952,4,17,JPN,FALSE,172,Tonga,2014,FALSE,NZL,TRUE,FALSE,0,,,,,,0
TON,2016,0.5891135000000001,3,17,JPN,FALSE,172,Tonga,2015,FALSE,JPN,TRUE,FALSE,0,,,,,,0
TON,2017,0.43323009999999995,3,6,KOR,FALSE,172,Tonga,2016,FALSE,JPN,TRUE,FALSE,0,,,,,,0
TON,2018,0.6891741,4,12,AUS,FALSE,172,Tonga,2017,FALSE,KOR,TRUE,FALSE,0,,,,,,0
TON,2019,0.4913139,2,8,KOR,FALSE,172,Tonga,2018,FALSE,AUS,TRUE,FALSE,0,,,,,,0
TON,2020,0.7073253,1,8,USA,FALSE,172,Tonga,2019,FALSE,KOR,TRUE,FALSE,0,,,,,,0
TON,2021,0.40534709999999996,1,13,USA,FALSE,172,Tonga,2020,FALSE,USA,TRUE,FALSE,0,,,,,,0
TON,2022,0.9797166,1,33,USA,FALSE,172,Tonga,2021,FALSE,USA,TRUE,FALSE,0,,,,,,0
TON,2023,0.87960755,,,,,172,Tonga,2022,FALSE,USA,TRUE,FALSE,0,,,,,,
TTO,1990,0.3707659,6,,DEU,FALSE,173,Trinidad & Tobago,,,,FALSE,FALSE,0,,,,,,0
TTO,1991,0.4178416,1,30,USA,FALSE,173,Trinidad & Tobago,1990,FALSE,DEU,TRUE,FALSE,0,,,,,,0
TTO,1992,0.23292199999999996,1,38,USA,FALSE,173,Trinidad & Tobago,1991,FALSE,USA,TRUE,FALSE,0,,,,,,0
TTO,1993,0.9923815,1,53,USA,FALSE,173,Trinidad & Tobago,1992,FALSE,USA,TRUE,FALSE,0,,,,,,0
TTO,1994,1.3893498,1,65,USA,FALSE,173,Trinidad & Tobago,1993,FALSE,USA,TRUE,FALSE,0,,,,,,0
TTO,1995,1.3088521000000002,1,92,USA,FALSE,173,Trinidad & Tobago,1994,FALSE,USA,TRUE,FALSE,0,,,,,,0
TTO,1996,1.1451023999999999,1,49,USA,FALSE,173,Trinidad & Tobago,1995,FALSE,USA,TRUE,FALSE,0,,,,,,0
TTO,1997,0.9230198000000001,1,73,USA,FALSE,173,Trinidad & Tobago,1996,FALSE,USA,TRUE,FALSE,0,,,,,,0
TTO,1998,0.1881563,1,112,USA,FALSE,173,Trinidad & Tobago,1997,FALSE,USA,TRUE,FALSE,0,,,,,,0
TTO,1999,0.3338021,1,48,USA,FALSE,173,Trinidad & Tobago,1998,FALSE,USA,TRUE,FALSE,0,,,,,,0
TTO,2000,0.46995200000000004,1,60,USA,FALSE,173,Trinidad & Tobago,1999,FALSE,USA,TRUE,FALSE,0,,,,,,0
TTO,2001,0.3096918,1,69,USA,FALSE,173,Trinidad & Tobago,2000,FALSE,USA,TRUE,FALSE,0,,,,,,0
TTO,2002,0.11196939999999994,1,42,USA,FALSE,173,Trinidad & Tobago,2001,FALSE,USA,TRUE,FALSE,0,,,,,,0
TTO,2003,0.3928205,1,35,USA,FALSE,173,Trinidad & Tobago,2002,FALSE,USA,TRUE,FALSE,0,,,,,,0
TTO,2004,0.27711850000000005,1,51,USA,FALSE,173,Trinidad & Tobago,2003,FALSE,USA,TRUE,FALSE,0,,,,,,0
TTO,2005,0.1911868,1,34,USA,FALSE,173,Trinidad & Tobago,2004,FALSE,USA,TRUE,FALSE,0,,,,,,0
TTO,2006,0.3770856,1,49,USA,FALSE,173,Trinidad & Tobago,2005,FALSE,USA,TRUE,FALSE,0,,,,,,0
TTO,2007,0.0975106,1,43,USA,FALSE,173,Trinidad & Tobago,2006,FALSE,USA,TRUE,FALSE,0,,,,,,0
TTO,2008,0.12297780000000003,1,48,USA,FALSE,173,Trinidad & Tobago,2007,FALSE,USA,TRUE,FALSE,0,,,,,,0
TTO,2009,0.14388499999999999,1,20,USA,FALSE,173,Trinidad & Tobago,2008,FALSE,USA,TRUE,FALSE,0,,,,,,0
TTO,2010,0.20192010000000005,1,25,USA,FALSE,173,Trinidad & Tobago,2009,FALSE,USA,TRUE,FALSE,0,,,,,,0
TTO,2011,0.10642509999999994,1,15,USA,FALSE,173,Trinidad & Tobago,2010,FALSE,USA,TRUE,FALSE,0,,,,,,0
TTO,2012,0.30171780000000004,1,23,USA,FALSE,173,Trinidad & Tobago,2011,FALSE,USA,TRUE,FALSE,0,,,,,,0
TTO,2013,0.06844629999999996,1,28,USA,FALSE,173,Trinidad & Tobago,2012,FALSE,USA,TRUE,FALSE,0,,,,,,0
TTO,2014,0.3651958,1,21,USA,FALSE,173,Trinidad & Tobago,2013,FALSE,USA,TRUE,FALSE,0,,,,,,0
TTO,2015,0.4589546,1,23,USA,FALSE,173,Trinidad & Tobago,2014,FALSE,USA,TRUE,FALSE,0,,,,,,0
TTO,2016,0.1314037,1,15,USA,FALSE,173,Trinidad & Tobago,2015,FALSE,USA,TRUE,FALSE,0,,,,,,0
TTO,2017,0.29280810000000007,1,13,USA,FALSE,173,Trinidad & Tobago,2016,FALSE,USA,TRUE,FALSE,0,,,,,,0
TTO,2018,0.11107860000000003,1,8,USA,FALSE,173,Trinidad & Tobago,2017,FALSE,USA,TRUE,FALSE,0,,,,,,0
TTO,2019,0.09657460000000001,1,4,USA,FALSE,173,Trinidad & Tobago,2018,FALSE,USA,TRUE,FALSE,0,,,,,,0
TTO,2020,0.12675230000000004,1,4,USA,FALSE,173,Trinidad & Tobago,2019,FALSE,USA,TRUE,FALSE,0,,,,,,0
TTO,2021,0.1960791,1,4,USA,FALSE,173,Trinidad & Tobago,2020,FALSE,USA,TRUE,FALSE,0,,,,,,0
TTO,2022,0.5832284,1,8,USA,FALSE,173,Trinidad & Tobago,2021,FALSE,USA,TRUE,FALSE,0,,,,,,0
TTO,2023,0.31786580000000003,,,,,173,Trinidad & Tobago,2022,FALSE,USA,TRUE,FALSE,0,,,,,,
TUN,1990,0.6070508,34,,DEU,FALSE,174,Tunisia,,,,FALSE,FALSE,0,,,,,,0
TUN,1991,0.4437676,17,22,FRA,FALSE,174,Tunisia,1990,FALSE,DEU,TRUE,FALSE,0,,,,,,0
TUN,1992,0.03144469999999999,13,19,FRA,FALSE,174,Tunisia,1991,FALSE,FRA,TRUE,FALSE,0,,,,,,0
TUN,1993,0.570366,12,14,FRA,FALSE,174,Tunisia,1992,FALSE,FRA,TRUE,FALSE,0,,,,,,0
TUN,1994,0.9550732,13,29,FRA,FALSE,174,Tunisia,1993,FALSE,FRA,TRUE,FALSE,0,,,,,,0
TUN,1995,0.8826596000000001,10,15,FRA,FALSE,174,Tunisia,1994,FALSE,FRA,TRUE,FALSE,0,,,,,,0
TUN,1996,0.5462417999999999,11,16,FRA,FALSE,174,Tunisia,1995,FALSE,FRA,TRUE,FALSE,0,,,,,,0
TUN,1997,0.3728614,12,21,FRA,FALSE,174,Tunisia,1996,FALSE,FRA,TRUE,FALSE,0,,,,,,0
TUN,1998,0.5172912000000001,11,13,FRA,FALSE,174,Tunisia,1997,FALSE,FRA,TRUE,FALSE,0,,,,,,0
TUN,1999,0.1728345,12,17,FRA,FALSE,174,Tunisia,1998,FALSE,FRA,TRUE,FALSE,0,,,,,,0
TUN,2000,0.36236239999999986,10,61,FRA,FALSE,174,Tunisia,1999,FALSE,FRA,TRUE,FALSE,0,,,,,,0
TUN,2001,0.6846537,9,26,FRA,FALSE,174,Tunisia,2000,FALSE,FRA,TRUE,FALSE,0,,,,,,0
TUN,2002,0.6707494,11,18,FRA,FALSE,174,Tunisia,2001,FALSE,FRA,TRUE,FALSE,0,,,,,,0
TUN,2003,0.3436687999999999,11,27,FRA,FALSE,174,Tunisia,2002,FALSE,FRA,TRUE,FALSE,0,,,,,,0
TUN,2004,0.28058399999999994,8,20,FRA,FALSE,174,Tunisia,2003,FALSE,FRA,TRUE,FALSE,0,,,,,,0
TUN,2005,0.06869360000000002,8,20,FRA,FALSE,174,Tunisia,2004,FALSE,FRA,TRUE,FALSE,0,,,,,,0
TUN,2006,0.20497890000000007,6,23,FRA,FALSE,174,Tunisia,2005,FALSE,FRA,TRUE,FALSE,0,,,,,,0
TUN,2007,0.00469749999999991,6,34,FRA,FALSE,174,Tunisia,2006,FALSE,FRA,TRUE,FALSE,0,,,,,,0
TUN,2008,0.3209883,6,21,FRA,FALSE,174,Tunisia,2007,FALSE,FRA,TRUE,FALSE,0,,,,,,0
TUN,2009,0.5242397,9,21,FRA,FALSE,174,Tunisia,2008,FALSE,FRA,TRUE,FALSE,0,,,,,,0
TUN,2010,0.12848549999999992,8,22,FRA,FALSE,174,Tunisia,2009,FALSE,FRA,TRUE,FALSE,0,,,,,,0
TUN,2011,0.24193029999999993,7,14,FRA,FALSE,174,Tunisia,2010,FALSE,FRA,TRUE,FALSE,0,,,,,,0
TUN,2012,0.12442390000000003,5,16,FRA,FALSE,174,Tunisia,2011,FALSE,FRA,TRUE,FALSE,0,,,,,,0
TUN,2013,0.27011490000000005,4,16,FRA,FALSE,174,Tunisia,2012,FALSE,FRA,TRUE,FALSE,0,,,,,,0
TUN,2014,0.1681933,6,15,FRA,FALSE,174,Tunisia,2013,FALSE,FRA,TRUE,FALSE,0,,,,,,0
TUN,2015,0.4071519,6,14,FRA,FALSE,174,Tunisia,2014,FALSE,FRA,TRUE,FALSE,0,,,,,,0
TUN,2016,0.25936230000000005,7,18,FRA,FALSE,174,Tunisia,2015,FALSE,FRA,TRUE,FALSE,0,,,,,,0
TUN,2017,0.3447216,5,13,FRA,FALSE,174,Tunisia,2016,FALSE,FRA,TRUE,FALSE,0,,,,,,0
TUN,2018,0.04658390000000001,5,8,FRA,FALSE,174,Tunisia,2017,FALSE,FRA,TRUE,FALSE,0,,,,,,0
TUN,2019,0.3611038,6,13,FRA,FALSE,174,Tunisia,2018,FALSE,FRA,TRUE,FALSE,0,,,,,,0
TUN,2020,0.051872199999999924,5,10,FRA,FALSE,174,Tunisia,2019,FALSE,FRA,TRUE,FALSE,0,,,,,,0
TUN,2021,0.3166655,4,11,FRA,FALSE,174,Tunisia,2020,FALSE,FRA,TRUE,FALSE,0,,,,,,0
TUN,2022,0.39511110000000005,5,17,FRA,FALSE,174,Tunisia,2021,FALSE,FRA,TRUE,FALSE,0,,,,,,0
TUN,2023,0.18818469999999998,,,,,174,Tunisia,2022,FALSE,FRA,TRUE,FALSE,0,,,,,,
TUR,1990,0.9387686,2,44,DEU,FALSE,175,Turkey,,,,FALSE,FALSE,0,,,,,,0
TUR,1991,1.0086325999999999,2,51,DEU,FALSE,175,Turkey,1990,FALSE,DEU,TRUE,FALSE,0,,,,,,0
TUR,1992,1.4848037,2,29,DEU,FALSE,175,Turkey,1991,FALSE,DEU,TRUE,FALSE,0,,,,,,0
TUR,1993,2.2999882,2,9,DEU,FALSE,175,Turkey,1992,FALSE,DEU,TRUE,FALSE,0,,,,,,0
TUR,1994,2.6018627,2,9,DEU,FALSE,175,Turkey,1993,FALSE,DEU,TRUE,FALSE,0,,,,,,0
TUR,1995,2.3747196,2,32,DEU,FALSE,175,Turkey,1994,FALSE,DEU,TRUE,FALSE,0,,,,,,0
TUR,1996,2.1121803999999997,2,43,DEU,FALSE,175,Turkey,1995,FALSE,DEU,TRUE,FALSE,0,,,,,,0
TUR,1997,1.8411745000000002,2,54,DEU,FALSE,175,Turkey,1996,FALSE,DEU,TRUE,FALSE,0,,,,,,0
TUR,1998,1.0474799,2,59,DEU,FALSE,175,Turkey,1997,FALSE,DEU,TRUE,FALSE,0,,,,,,0
TUR,1999,1.3163086,2,63,DEU,FALSE,175,Turkey,1998,FALSE,DEU,TRUE,FALSE,0,,,,,,0
TUR,2000,1.4206922,2,38,DEU,FALSE,175,Turkey,1999,FALSE,DEU,TRUE,FALSE,0,,,,,,0
TUR,2001,1.2389601,2,27,DEU,FALSE,175,Turkey,2000,FALSE,DEU,TRUE,FALSE,0,,,,,,0
TUR,2002,1.2881304,3,23,DEU,FALSE,175,Turkey,2001,FALSE,DEU,TRUE,FALSE,0,,,,,,0
TUR,2003,1.5660124,3,21,DEU,FALSE,175,Turkey,2002,FALSE,DEU,TRUE,FALSE,0,,,,,,0
TUR,2004,1.3961635000000001,3,24,DEU,FALSE,175,Turkey,2003,FALSE,DEU,TRUE,FALSE,0,,,,,,0
TUR,2005,1.3870567,3,24,DEU,FALSE,175,Turkey,2004,FALSE,DEU,TRUE,FALSE,0,,,,,,0
TUR,2006,1.4064283,4,23,DEU,FALSE,175,Turkey,2005,FALSE,DEU,TRUE,FALSE,0,,,,,,0
TUR,2007,1.1563201,6,20,DEU,FALSE,175,Turkey,2006,FALSE,DEU,TRUE,FALSE,0,,,,,,0
TUR,2008,1.1077223,8,18,DEU,FALSE,175,Turkey,2007,FALSE,DEU,TRUE,FALSE,0,,,,,,0
TUR,2009,1.1122559,6,19,DEU,FALSE,175,Turkey,2008,FALSE,DEU,TRUE,FALSE,0,,,,,,0
TUR,2010,1.3070169,7,10,DEU,FALSE,175,Turkey,2009,FALSE,DEU,TRUE,FALSE,0,,,,,,0
TUR,2011,1.2884045,7,10,DEU,FALSE,175,Turkey,2010,FALSE,DEU,TRUE,FALSE,0,,,,,,0
TUR,2012,1.2762433,9,11,DEU,FALSE,175,Turkey,2011,FALSE,DEU,TRUE,FALSE,0,,,,,,0
TUR,2013,0.9493883999999999,7,9,DEU,FALSE,175,Turkey,2012,FALSE,DEU,TRUE,FALSE,0,,,,,,0
TUR,2014,1.3165843,5,8,DEU,FALSE,175,Turkey,2013,FALSE,DEU,TRUE,FALSE,0,,,,,,0
TUR,2015,0.8310319,4,12,DEU,FALSE,175,Turkey,2014,FALSE,DEU,TRUE,FALSE,0,,,,,,0
TUR,2016,1.1054674,5,15,DEU,FALSE,175,Turkey,2015,FALSE,DEU,TRUE,FALSE,0,,,,,,0
TUR,2017,1.0351649,4,9,DEU,FALSE,175,Turkey,2016,FALSE,DEU,TRUE,FALSE,0,,,,,,0
TUR,2018,1.1050323,4,13,DEU,FALSE,175,Turkey,2017,FALSE,DEU,TRUE,FALSE,0,,,,,,0
TUR,2019,0.9678039,3,16,DEU,FALSE,175,Turkey,2018,FALSE,DEU,TRUE,FALSE,0,,,,,,0
TUR,2020,1.1944364,3,12,DEU,FALSE,175,Turkey,2019,FALSE,DEU,TRUE,FALSE,0,,,,,,0
TUR,2021,0.9665645,2,12,DEU,FALSE,175,Turkey,2020,FALSE,DEU,TRUE,FALSE,0,,,,,,0
TUR,2022,1.6672634,2,15,DEU,FALSE,175,Turkey,2021,FALSE,DEU,TRUE,FALSE,0,,,,,,0
TUR,2023,1.3117952000000002,,,,,175,Turkey,2022,FALSE,DEU,TRUE,FALSE,0,,,,,,
TUV,2001,2.3547613,,,SWE,FALSE,176,Tuvalu,,,,FALSE,FALSE,0,,,,,,0
TUV,2002,0.8712283,27,,SWE,FALSE,176,Tuvalu,2001,FALSE,SWE,TRUE,FALSE,0,,,,,,0
TUV,2003,1.1646884,21,,PHL,FALSE,176,Tuvalu,2002,FALSE,SWE,TRUE,FALSE,0,,,,,,0
TUV,2004,0.9301286,8,,FRA,FALSE,176,Tuvalu,2003,FALSE,PHL,TRUE,FALSE,0,,,,,,0
TUV,2005,0.9340734,4,,ITA,FALSE,176,Tuvalu,2004,FALSE,FRA,TRUE,FALSE,0,,,,,,0
TUV,2006,1.2375026,9,5,IDN,FALSE,176,Tuvalu,2005,FALSE,ITA,TRUE,FALSE,0,,,,,,0
TUV,2007,0.22259360000000006,13,6,AUS,FALSE,176,Tuvalu,2006,FALSE,IDN,TRUE,FALSE,0,,,,,,0
TUV,2008,0.56126475,6,,IND,FALSE,176,Tuvalu,2007,FALSE,AUS,TRUE,FALSE,0,,,,,,0
TUV,2009,0.47053120000000004,7,21,THA,FALSE,176,Tuvalu,2008,FALSE,IND,TRUE,FALSE,0,,,,,,0
TUV,2010,0.613619,23,44,THA,FALSE,176,Tuvalu,2009,FALSE,THA,TRUE,FALSE,0,,,,,,0
TUV,2011,0.3738225,34,49,THA,FALSE,176,Tuvalu,2010,FALSE,THA,TRUE,FALSE,0,,,,,,0
TUV,2012,0.32171249999999996,12,,JPN,FALSE,176,Tuvalu,2011,FALSE,THA,TRUE,FALSE,0,,,,,,0
TUV,2013,0.26803639999999995,18,43,THA,FALSE,176,Tuvalu,2012,FALSE,JPN,TRUE,FALSE,0,,,,,,0
TUV,2014,0.6070789,9,43,COG,FALSE,176,Tuvalu,2013,FALSE,THA,TRUE,FALSE,0,,,,,,0
TUV,2015,0.2129284,8,3,THA,FALSE,176,Tuvalu,2014,FALSE,COG,TRUE,FALSE,0,,,,,,0
TUV,2016,0.1359127,18,13,THA,FALSE,176,Tuvalu,2015,FALSE,THA,TRUE,FALSE,0,,,,,,0
TUV,2017,0.43321625999999996,6,25,THA,FALSE,176,Tuvalu,2016,FALSE,THA,TRUE,FALSE,0,,,,,,0
TUV,2018,0.59269782,11,27,THA,FALSE,176,Tuvalu,2017,FALSE,THA,TRUE,FALSE,0,,,,,,0
TUV,2019,0.30306053,8,15,THA,FALSE,176,Tuvalu,2018,FALSE,THA,TRUE,FALSE,0,,,,,,0
TUV,2020,0.7144759,10,18,THA,FALSE,176,Tuvalu,2019,FALSE,THA,TRUE,FALSE,0,,,,,,0
TUV,2021,0.14553449999999998,14,16,THA,FALSE,176,Tuvalu,2020,FALSE,THA,TRUE,FALSE,0,,,,,,0
TUV,2022,1.02836244,6,21,HRV,FALSE,176,Tuvalu,2021,FALSE,THA,TRUE,FALSE,0,,,,,,0
TUV,2023,0.8324444900000001,,,,,176,Tuvalu,2022,FALSE,HRV,TRUE,FALSE,0,,,,,,
TZA,1990,0.6741282,11,29,IND,FALSE,177,Tanzania,,,,FALSE,FALSE,0,,,,,,0
TZA,1991,0.5822171,8,40,DEU,FALSE,177,Tanzania,1990,FALSE,IND,TRUE,FALSE,0,,,,,,0
TZA,1992,0.4252456,11,33,DEU,FALSE,177,Tanzania,1991,FALSE,DEU,TRUE,FALSE,0,,,,,,0
TZA,1993,0.6968428000000001,10,32,IND,FALSE,177,Tanzania,1992,FALSE,DEU,TRUE,FALSE,0,,,,,,0
TZA,1994,0.46813799999999994,8,17,IND,FALSE,177,Tanzania,1993,FALSE,IND,TRUE,FALSE,0,,,,,,0
TZA,1995,0.23751200000000017,7,19,IND,FALSE,177,Tanzania,1994,FALSE,IND,TRUE,FALSE,0,,,,,,0
TZA,1996,0.215484,10,11,IND,FALSE,177,Tanzania,1995,FALSE,IND,TRUE,FALSE,0,,,,,,0
TZA,1997,0.18338070000000006,8,13,DEU,FALSE,177,Tanzania,1996,FALSE,IND,TRUE,FALSE,0,,,,,,0
TZA,1998,0.48745259999999996,7,17,IND,FALSE,177,Tanzania,1997,FALSE,DEU,TRUE,FALSE,0,,,,,,0
TZA,1999,0.47974260000000013,5,23,IND,FALSE,177,Tanzania,1998,FALSE,IND,TRUE,FALSE,0,,,,,,0
TZA,2000,0.2762619999999999,7,26,GBR,FALSE,177,Tanzania,1999,FALSE,IND,TRUE,FALSE,0,,,,,,0
TZA,2001,0.32574709999999996,10,34,FRA,FALSE,177,Tanzania,2000,FALSE,GBR,TRUE,FALSE,0,,,,,,0
TZA,2002,0.17355350000000003,8,26,GBR,FALSE,177,Tanzania,2001,FALSE,FRA,TRUE,FALSE,0,,,,,,0
TZA,2003,0.3333779,10,9,GBR,FALSE,177,Tanzania,2002,FALSE,GBR,TRUE,FALSE,0,,,,,,0
TZA,2004,0.1959396,15,8,GBR,FALSE,177,Tanzania,2003,FALSE,GBR,TRUE,FALSE,0,,,,,,0
TZA,2005,0.2611234,14,2,ZAF,FALSE,177,Tanzania,2004,FALSE,GBR,TRUE,FALSE,0,,,,,,0
TZA,2006,0.74894307,16,3,CHE,FALSE,177,Tanzania,2005,FALSE,ZAF,TRUE,FALSE,0,,,,,,0
TZA,2007,0.20426260000000007,14,2,CHE,FALSE,177,Tanzania,2006,FALSE,CHE,TRUE,FALSE,0,,,,,,0
TZA,2008,0.23169,13,5,CHE,FALSE,177,Tanzania,2007,FALSE,CHE,TRUE,FALSE,0,,,,,,0
TZA,2009,0.24222320000000003,12,3,CHE,FALSE,177,Tanzania,2008,FALSE,CHE,TRUE,FALSE,0,,,,,,0
TZA,2010,0.31591800000000003,19,2,CHE,FALSE,177,Tanzania,2009,FALSE,CHE,TRUE,FALSE,0,,,,,,0
TZA,2011,0.22999249999999993,14,1,CHN,TRUE,177,Tanzania,2010,FALSE,CHE,TRUE,TRUE,1,2011,2010,FALSE,CHE,TRUE,1
TZA,2012,0.23569300000000004,9,4,ARE,FALSE,177,Tanzania,2011,TRUE,CHN,TRUE,FALSE,1,2011,2010,FALSE,CHE,TRUE,0
TZA,2013,0.21389770000000008,14,3,ARE,FALSE,177,Tanzania,2012,FALSE,ARE,TRUE,FALSE,1,2011,2010,FALSE,CHE,TRUE,0
TZA,2014,0.03829760000000004,11,4,IND,FALSE,177,Tanzania,2013,FALSE,ARE,TRUE,FALSE,1,2011,2010,FALSE,CHE,TRUE,0
TZA,2015,0.6516244,13,3,IND,FALSE,177,Tanzania,2014,FALSE,IND,TRUE,FALSE,1,2011,2010,FALSE,CHE,TRUE,0
TZA,2016,0.39186109999999996,13,5,ARE,FALSE,177,Tanzania,2015,FALSE,IND,TRUE,FALSE,1,2011,2010,FALSE,CHE,TRUE,0
TZA,2017,0.41124750000000004,9,4,IND,FALSE,177,Tanzania,2016,FALSE,ARE,TRUE,FALSE,1,2011,2010,FALSE,CHE,TRUE,0
TZA,2018,0.2890258,12,3,IND,FALSE,177,Tanzania,2017,FALSE,IND,TRUE,FALSE,1,2011,2010,FALSE,CHE,TRUE,0
TZA,2019,0.2677775,11,4,IND,FALSE,177,Tanzania,2018,FALSE,IND,TRUE,FALSE,1,2011,2010,FALSE,CHE,TRUE,0
TZA,2020,0.027676100000000092,12,6,IND,FALSE,177,Tanzania,2019,FALSE,IND,TRUE,FALSE,1,2011,2010,FALSE,CHE,TRUE,0
TZA,2021,0.20563160000000003,14,5,IND,FALSE,177,Tanzania,2020,FALSE,IND,TRUE,FALSE,1,2011,2010,FALSE,CHE,TRUE,0
TZA,2022,0.5597119,10,4,IND,FALSE,177,Tanzania,2021,FALSE,IND,TRUE,FALSE,1,2011,2010,FALSE,CHE,TRUE,0
TZA,2023,0.4274024,,,,,177,Tanzania,2022,FALSE,IND,TRUE,FALSE,1,2011,2010,FALSE,CHE,TRUE,
UGA,1990,0.6853418,4,,NLD,FALSE,178,Uganda,,,,FALSE,FALSE,0,,,,,,0
UGA,1991,0.7278469000000001,2,,NLD,FALSE,178,Uganda,1990,FALSE,NLD,TRUE,FALSE,0,,,,,,0
UGA,1992,0.3447655999999999,7,47,BLX,FALSE,178,Uganda,1991,FALSE,NLD,TRUE,FALSE,0,,,,,,0
UGA,1993,0.19719799999999998,4,49,ESP,FALSE,178,Uganda,1992,FALSE,BLX,TRUE,FALSE,0,,,,,,0
UGA,1994,0.5184309999999999,4,29,ESP,FALSE,178,Uganda,1993,FALSE,ESP,TRUE,FALSE,0,,,,,,0
UGA,1995,0.7326405000000001,15,55,ESP,FALSE,178,Uganda,1994,FALSE,ESP,TRUE,FALSE,0,,,,,,0
UGA,1996,0.296138,14,38,ESP,FALSE,178,Uganda,1995,FALSE,ESP,TRUE,FALSE,0,,,,,,0
UGA,1997,0.21523900000000007,6,26,ESP,FALSE,178,Uganda,1996,FALSE,ESP,TRUE,FALSE,0,,,,,,0
UGA,1998,0.3911107,13,78,ESP,FALSE,178,Uganda,1997,FALSE,ESP,TRUE,FALSE,0,,,,,,0
UGA,1999,0.06727650000000007,8,27,ESP,FALSE,178,Uganda,1998,FALSE,ESP,TRUE,FALSE,0,,,,,,0
UGA,2000,0.053710500000000105,6,43,KEN,FALSE,178,Uganda,1999,FALSE,ESP,TRUE,FALSE,0,,,,,,0
UGA,2001,0.17814339999999995,7,40,NLD,FALSE,178,Uganda,2000,FALSE,KEN,TRUE,FALSE,0,,,,,,0
UGA,2002,0.2271398,10,25,KEN,FALSE,178,Uganda,2001,FALSE,NLD,TRUE,FALSE,0,,,,,,0
UGA,2003,0.6118013,3,31,NLD,FALSE,178,Uganda,2002,FALSE,KEN,TRUE,FALSE,0,,,,,,0
UGA,2004,0.590623,8,17,NLD,FALSE,178,Uganda,2003,FALSE,NLD,TRUE,FALSE,0,,,,,,0
UGA,2005,0.6731513,11,14,NLD,FALSE,178,Uganda,2004,FALSE,NLD,TRUE,FALSE,0,,,,,,0
UGA,2006,0.85985269,10,14,ARE,FALSE,178,Uganda,2005,FALSE,NLD,TRUE,FALSE,0,,,,,,0
UGA,2007,0.0327656999999999,14,18,ARE,FALSE,178,Uganda,2006,FALSE,ARE,TRUE,FALSE,0,,,,,,0
UGA,2008,0.08875719999999998,15,20,RWA,FALSE,178,Uganda,2007,FALSE,ARE,TRUE,FALSE,0,,,,,,0
UGA,2009,0.3306693,13,15,COD,FALSE,178,Uganda,2008,FALSE,RWA,TRUE,FALSE,0,,,,,,0
UGA,2010,0.010450300000000023,9,13,COD,FALSE,178,Uganda,2009,FALSE,COD,TRUE,FALSE,0,,,,,,0
UGA,2011,0.0261363,12,16,KEN,FALSE,178,Uganda,2010,FALSE,COD,TRUE,FALSE,0,,,,,,0
UGA,2012,0.17907240000000002,15,14,SDN,FALSE,178,Uganda,2011,FALSE,KEN,TRUE,FALSE,0,,,,,,0
UGA,2013,0.5900052,12,10,COD,FALSE,178,Uganda,2012,FALSE,SDN,TRUE,FALSE,0,,,,,,0
UGA,2014,0.09265069999999997,13,8,KEN,FALSE,178,Uganda,2013,FALSE,COD,TRUE,FALSE,0,,,,,,0
UGA,2015,0.7948357999999999,14,10,KEN,FALSE,178,Uganda,2014,FALSE,KEN,TRUE,FALSE,0,,,,,,0
UGA,2016,0.6760221,12,16,ARE,FALSE,178,Uganda,2015,FALSE,KEN,TRUE,FALSE,0,,,,,,0
UGA,2017,0.7024998,10,18,ARE,FALSE,178,Uganda,2016,FALSE,ARE,TRUE,FALSE,0,,,,,,0
UGA,2018,0.4579674,9,14,ARE,FALSE,178,Uganda,2017,FALSE,ARE,TRUE,FALSE,0,,,,,,0
UGA,2019,0.4520273,8,14,ARE,FALSE,178,Uganda,2018,FALSE,ARE,TRUE,FALSE,0,,,,,,0
UGA,2020,0.1554302999999999,7,15,ARE,FALSE,178,Uganda,2019,FALSE,ARE,TRUE,FALSE,0,,,,,,0
UGA,2021,0.4896268,8,17,ARE,FALSE,178,Uganda,2020,FALSE,ARE,TRUE,FALSE,0,,,,,,0
UGA,2022,0.3928726,6,13,ARE,FALSE,178,Uganda,2021,FALSE,ARE,TRUE,FALSE,0,,,,,,0
UGA,2023,0.11198140000000001,,,,,178,Uganda,2022,FALSE,ARE,TRUE,FALSE,0,,,,,,
UKR,1990,0.135450389,,,,,179,Ukraine,,,,FALSE,FALSE,0,,,,,,
UKR,1991,0.6558984,,,,,179,Ukraine,1990,,,FALSE,FALSE,0,,,,,,
UKR,1992,1.2086955,5,3,DEU,FALSE,179,Ukraine,1991,,,FALSE,FALSE,0,,,,,,0
UKR,1993,1.7929007000000001,4,1,CHN,TRUE,179,Ukraine,1992,FALSE,DEU,TRUE,TRUE,1,1993,1992,FALSE,DEU,TRUE,0
UKR,1994,2.4476998,4,1,CHN,TRUE,179,Ukraine,1993,TRUE,CHN,TRUE,FALSE,1,1993,1992,FALSE,DEU,TRUE,0
UKR,1995,2.1272285,4,3,TUR,FALSE,179,Ukraine,1994,TRUE,CHN,TRUE,FALSE,1,1993,1992,FALSE,DEU,TRUE,0
UKR,1996,1.9614633,4,6,RUS,FALSE,179,Ukraine,1995,FALSE,TUR,TRUE,FALSE,1,1993,1992,FALSE,DEU,TRUE,0
UKR,1997,1.7223595,5,8,RUS,FALSE,179,Ukraine,1996,FALSE,RUS,TRUE,FALSE,1,1993,1992,FALSE,DEU,TRUE,0
UKR,1998,0.8173965000000001,5,15,RUS,FALSE,179,Ukraine,1997,FALSE,RUS,TRUE,FALSE,1,1993,1992,FALSE,DEU,TRUE,0
UKR,1999,1.084419,3,7,RUS,FALSE,179,Ukraine,1998,FALSE,RUS,TRUE,FALSE,1,1993,1992,FALSE,DEU,TRUE,0
UKR,2000,1.1611324,2,7,RUS,FALSE,179,Ukraine,1999,FALSE,RUS,TRUE,FALSE,1,1993,1992,FALSE,DEU,TRUE,0
UKR,2001,1.0223393,5,7,RUS,FALSE,179,Ukraine,2000,FALSE,RUS,TRUE,FALSE,1,1993,1992,FALSE,DEU,TRUE,0
UKR,2002,0.9360686,10,5,RUS,FALSE,179,Ukraine,2001,FALSE,RUS,TRUE,FALSE,1,1993,1992,FALSE,DEU,TRUE,0
UKR,2003,1.3606042,11,3,RUS,FALSE,179,Ukraine,2002,FALSE,RUS,TRUE,FALSE,1,1993,1992,FALSE,DEU,TRUE,0
UKR,2004,1.2487022,9,7,RUS,FALSE,179,Ukraine,2003,FALSE,RUS,TRUE,FALSE,1,1993,1992,FALSE,DEU,TRUE,0
UKR,2005,1.3414732,5,12,RUS,FALSE,179,Ukraine,2004,FALSE,RUS,TRUE,FALSE,1,1993,1992,FALSE,DEU,TRUE,0
UKR,2006,1.6934749,4,21,RUS,FALSE,179,Ukraine,2005,FALSE,RUS,TRUE,FALSE,1,1993,1992,FALSE,DEU,TRUE,0
UKR,2007,1.5923324,8,19,RUS,FALSE,179,Ukraine,2006,FALSE,RUS,TRUE,FALSE,1,1993,1992,FALSE,DEU,TRUE,0
UKR,2008,1.6458191,4,15,RUS,FALSE,179,Ukraine,2007,FALSE,RUS,TRUE,FALSE,1,1993,1992,FALSE,DEU,TRUE,0
UKR,2009,1.5898827,27,3,RUS,FALSE,179,Ukraine,2008,FALSE,RUS,TRUE,FALSE,1,1993,1992,FALSE,DEU,TRUE,0
UKR,2010,1.7034959,12,4,RUS,FALSE,179,Ukraine,2009,FALSE,RUS,TRUE,FALSE,1,1993,1992,FALSE,DEU,TRUE,0
UKR,2011,1.408954,11,4,RUS,FALSE,179,Ukraine,2010,FALSE,RUS,TRUE,FALSE,1,1993,1992,FALSE,DEU,TRUE,0
UKR,2012,1.6614879999999999,14,4,RUS,FALSE,179,Ukraine,2011,FALSE,RUS,TRUE,FALSE,1,1993,1992,FALSE,DEU,TRUE,0
UKR,2013,1.3381546,14,3,RUS,FALSE,179,Ukraine,2012,FALSE,RUS,TRUE,FALSE,1,1993,1992,FALSE,DEU,TRUE,0
UKR,2014,1.8772934000000001,16,3,RUS,FALSE,179,Ukraine,2013,FALSE,RUS,TRUE,FALSE,1,1993,1992,FALSE,DEU,TRUE,0
UKR,2015,1.208397,12,2,RUS,FALSE,179,Ukraine,2014,FALSE,RUS,TRUE,FALSE,1,1993,1992,FALSE,DEU,TRUE,0
UKR,2016,1.5844309,18,3,RUS,FALSE,179,Ukraine,2015,FALSE,RUS,TRUE,FALSE,1,1993,1992,FALSE,DEU,TRUE,0
UKR,2017,1.5554852000000001,13,7,RUS,FALSE,179,Ukraine,2016,FALSE,RUS,TRUE,FALSE,1,1993,1992,FALSE,DEU,TRUE,0
UKR,2018,1.5931506,13,5,RUS,FALSE,179,Ukraine,2017,FALSE,RUS,TRUE,FALSE,1,1993,1992,FALSE,DEU,TRUE,0
UKR,2019,1.5990634,13,2,RUS,FALSE,179,Ukraine,2018,FALSE,RUS,TRUE,FALSE,1,1993,1992,FALSE,DEU,TRUE,0
UKR,2020,1.6760034,13,1,CHN,TRUE,179,Ukraine,2019,FALSE,RUS,TRUE,TRUE,2,2020,2019,FALSE,RUS,TRUE,1
UKR,2021,1.4606651,10,1,CHN,TRUE,179,Ukraine,2020,TRUE,CHN,TRUE,FALSE,2,2020,2019,FALSE,RUS,TRUE,1
UKR,2022,2.393848,12,3,POL,FALSE,179,Ukraine,2021,TRUE,CHN,TRUE,FALSE,2,2020,2019,FALSE,RUS,TRUE,0
UKR,2023,2.2718267,,,,,179,Ukraine,2022,FALSE,POL,TRUE,FALSE,2,2020,2019,FALSE,RUS,TRUE,
URY,1990,0.16015114,16,25,BRA,FALSE,180,Uruguay,,,,FALSE,FALSE,0,,,,,,0
URY,1991,0.7258155,2,18,BRA,FALSE,180,Uruguay,1990,FALSE,BRA,TRUE,FALSE,0,,,,,,0
URY,1992,1.1126602,2,4,BRA,FALSE,180,Uruguay,1991,FALSE,BRA,TRUE,FALSE,0,,,,,,0
URY,1993,1.7407196,3,7,ARG,FALSE,180,Uruguay,1992,FALSE,BRA,TRUE,FALSE,0,,,,,,0
URY,1994,1.7914969,3,7,BRA,FALSE,180,Uruguay,1993,FALSE,ARG,TRUE,FALSE,0,,,,,,0
URY,1995,1.47462726,3,6,BRA,FALSE,180,Uruguay,1994,FALSE,BRA,TRUE,FALSE,0,,,,,,0
URY,1996,1.40813566,3,9,BRA,FALSE,180,Uruguay,1995,FALSE,BRA,TRUE,FALSE,0,,,,,,0
URY,1997,1.2065858,3,8,BRA,FALSE,180,Uruguay,1996,FALSE,BRA,TRUE,FALSE,0,,,,,,0
URY,1998,0.3325448,3,14,BRA,FALSE,180,Uruguay,1997,FALSE,BRA,TRUE,FALSE,0,,,,,,0
URY,1999,0.6909689999999999,3,12,BRA,FALSE,180,Uruguay,1998,FALSE,BRA,TRUE,FALSE,0,,,,,,0
URY,2000,0.7858203500000001,3,4,BRA,FALSE,180,Uruguay,1999,FALSE,BRA,TRUE,FALSE,0,,,,,,0
URY,2001,0.62132703,3,5,BRA,FALSE,180,Uruguay,2000,FALSE,BRA,TRUE,FALSE,0,,,,,,0
URY,2002,0.5783484099999999,2,9,BRA,FALSE,180,Uruguay,2001,FALSE,BRA,TRUE,FALSE,0,,,,,,0
URY,2003,0.98553017,2,11,BRA,FALSE,180,Uruguay,2002,FALSE,BRA,TRUE,FALSE,0,,,,,,0
URY,2004,0.86683102,2,8,BRA,FALSE,180,Uruguay,2003,FALSE,BRA,TRUE,FALSE,0,,,,,,0
URY,2005,0.64641358,1,5,USA,FALSE,180,Uruguay,2004,FALSE,BRA,TRUE,FALSE,0,,,,,,0
URY,2006,0.79494204,2,4,BRA,FALSE,180,Uruguay,2005,FALSE,USA,TRUE,FALSE,0,,,,,,0
URY,2007,0.4695768,2,4,BRA,FALSE,180,Uruguay,2006,FALSE,BRA,TRUE,FALSE,0,,,,,,0
URY,2008,0.5295094,10,2,BRA,FALSE,180,Uruguay,2007,FALSE,BRA,TRUE,FALSE,0,,,,,,0
URY,2009,0.45463600000000004,11,2,BRA,FALSE,180,Uruguay,2008,FALSE,BRA,TRUE,FALSE,0,,,,,,0
URY,2010,0.7159659,9,2,BRA,FALSE,180,Uruguay,2009,FALSE,BRA,TRUE,FALSE,0,,,,,,0
URY,2011,0.42254769999999997,9,2,BRA,FALSE,180,Uruguay,2010,FALSE,BRA,TRUE,FALSE,0,,,,,,0
URY,2012,0.4654799,7,2,BRA,FALSE,180,Uruguay,2011,FALSE,BRA,TRUE,FALSE,0,,,,,,0
URY,2013,0.08691069999999995,6,1,CHN,TRUE,180,Uruguay,2012,FALSE,BRA,TRUE,TRUE,1,2013,2012,FALSE,BRA,TRUE,1
URY,2014,0.39755840000000003,6,1,CHN,TRUE,180,Uruguay,2013,TRUE,CHN,TRUE,FALSE,1,2013,2012,FALSE,BRA,TRUE,1
URY,2015,0.2240421,4,1,CHN,TRUE,180,Uruguay,2014,TRUE,CHN,TRUE,FALSE,1,2013,2012,FALSE,BRA,TRUE,1
URY,2016,0.034775500000000015,5,1,CHN,TRUE,180,Uruguay,2015,TRUE,CHN,TRUE,FALSE,1,2013,2012,FALSE,BRA,TRUE,1
URY,2017,0.09822810000000004,4,1,CHN,TRUE,180,Uruguay,2016,TRUE,CHN,TRUE,FALSE,1,2013,2012,FALSE,BRA,TRUE,1
URY,2018,0.14917810000000004,6,1,CHN,TRUE,180,Uruguay,2017,TRUE,CHN,TRUE,FALSE,1,2013,2012,FALSE,BRA,TRUE,1
URY,2019,0.025385800000000014,4,1,CHN,TRUE,180,Uruguay,2018,TRUE,CHN,TRUE,FALSE,1,2013,2012,FALSE,BRA,TRUE,1
URY,2020,0.52820467,4,1,CHN,TRUE,180,Uruguay,2019,TRUE,CHN,TRUE,FALSE,1,2013,2012,FALSE,BRA,TRUE,1
URY,2021,0.17964964,3,1,CHN,TRUE,180,Uruguay,2020,TRUE,CHN,TRUE,FALSE,1,2013,2012,FALSE,BRA,TRUE,1
URY,2022,1.15221168,4,1,CHN,TRUE,180,Uruguay,2021,TRUE,CHN,TRUE,FALSE,1,2013,2012,FALSE,BRA,TRUE,1
URY,2023,0.8357266600000001,,,,,180,Uruguay,2022,TRUE,CHN,TRUE,FALSE,1,2013,2012,FALSE,BRA,TRUE,
USA,1990,3.257153,,23,CAN,FALSE,181,United States,,,,FALSE,FALSE,0,,,,,,0
USA,1991,3.2944321,,15,CAN,FALSE,181,United States,1990,FALSE,CAN,TRUE,FALSE,0,,,,,,0
USA,1992,3.7791813999999997,,13,CAN,FALSE,181,United States,1991,FALSE,CAN,TRUE,FALSE,0,,,,,,0
USA,1993,4.463,,10,CAN,FALSE,181,United States,1992,FALSE,CAN,TRUE,FALSE,0,,,,,,0
USA,1994,4.74404,,10,CAN,FALSE,181,United States,1993,FALSE,CAN,TRUE,FALSE,0,,,,,,0
USA,1995,4.785747000000001,,10,CAN,FALSE,181,United States,1994,FALSE,CAN,TRUE,FALSE,0,,,,,,0
USA,1996,4.517588,,10,CAN,FALSE,181,United States,1995,FALSE,CAN,TRUE,FALSE,0,,,,,,0
USA,1997,4.216035,,12,CAN,FALSE,181,United States,1996,FALSE,CAN,TRUE,FALSE,0,,,,,,0
USA,1998,3.2389021000000002,,10,CAN,FALSE,181,United States,1997,FALSE,CAN,TRUE,FALSE,0,,,,,,0
USA,1999,3.3477764,,8,CAN,FALSE,181,United States,1998,FALSE,CAN,TRUE,FALSE,0,,,,,,0
USA,2000,3.4001176,,9,CAN,FALSE,181,United States,1999,FALSE,CAN,TRUE,FALSE,0,,,,,,0
USA,2001,3.2258353,,7,CAN,FALSE,181,United States,2000,FALSE,CAN,TRUE,FALSE,0,,,,,,0
USA,2002,3.2516036,,6,CAN,FALSE,181,United States,2001,FALSE,CAN,TRUE,FALSE,0,,,,,,0
USA,2003,3.8556932,,6,CAN,FALSE,181,United States,2002,FALSE,CAN,TRUE,FALSE,0,,,,,,0
USA,2004,3.646167,,5,CAN,FALSE,181,United States,2003,FALSE,CAN,TRUE,FALSE,0,,,,,,0
USA,2005,3.6194004,,5,CAN,FALSE,181,United States,2004,FALSE,CAN,TRUE,FALSE,0,,,,,,0
USA,2006,3.6647191,,5,CAN,FALSE,181,United States,2005,FALSE,CAN,TRUE,FALSE,0,,,,,,0
USA,2007,3.3727620000000003,,4,CAN,FALSE,181,United States,2006,FALSE,CAN,TRUE,FALSE,0,,,,,,0
USA,2008,3.4033591,,3,CAN,FALSE,181,United States,2007,FALSE,CAN,TRUE,FALSE,0,,,,,,0
USA,2009,3.1834503,,3,CAN,FALSE,181,United States,2008,FALSE,CAN,TRUE,FALSE,0,,,,,,0
USA,2010,3.3835457,,3,CAN,FALSE,181,United States,2009,FALSE,CAN,TRUE,FALSE,0,,,,,,0
USA,2011,3.242031,,3,CAN,FALSE,181,United States,2010,FALSE,CAN,TRUE,FALSE,0,,,,,,0
USA,2012,3.4119257000000003,,3,CAN,FALSE,181,United States,2011,FALSE,CAN,TRUE,FALSE,0,,,,,,0
USA,2013,3.1598088,,3,CAN,FALSE,181,United States,2012,FALSE,CAN,TRUE,FALSE,0,,,,,,0
USA,2014,3.4940754,,3,CAN,FALSE,181,United States,2013,FALSE,CAN,TRUE,FALSE,0,,,,,,0
USA,2015,2.7868572,,3,CAN,FALSE,181,United States,2014,FALSE,CAN,TRUE,FALSE,0,,,,,,0
USA,2016,2.9816738999999997,,3,CAN,FALSE,181,United States,2015,FALSE,CAN,TRUE,FALSE,0,,,,,,0
USA,2017,2.9994442,,3,CAN,FALSE,181,United States,2016,FALSE,CAN,TRUE,FALSE,0,,,,,,0
USA,2018,3.1922726,,3,CAN,FALSE,181,United States,2017,FALSE,CAN,TRUE,FALSE,0,,,,,,0
USA,2019,2.9773644,,3,CAN,FALSE,181,United States,2018,FALSE,CAN,TRUE,FALSE,0,,,,,,0
USA,2020,3.2959064,,3,CAN,FALSE,181,United States,2019,FALSE,CAN,TRUE,FALSE,0,,,,,,0
USA,2021,2.8922671,,3,CAN,FALSE,181,United States,2020,FALSE,CAN,TRUE,FALSE,0,,,,,,0
USA,2022,3.596451,,3,CAN,FALSE,181,United States,2021,FALSE,CAN,TRUE,FALSE,0,,,,,,0
USA,2023,3.3044357,,,,,181,United States,2022,FALSE,CAN,TRUE,FALSE,0,,,,,,
UZB,1994,2.1094912,26,7,DEU,FALSE,182,Uzbekistan,,,,FALSE,FALSE,0,,,,,,0
UZB,1995,2.577743,14,7,ITA,FALSE,182,Uzbekistan,1994,FALSE,DEU,TRUE,FALSE,0,,,,,,0
UZB,1996,2.1417186,3,5,RUS,FALSE,182,Uzbekistan,1995,FALSE,ITA,TRUE,FALSE,0,,,,,,0
UZB,1997,1.856519,11,3,RUS,FALSE,182,Uzbekistan,1996,FALSE,RUS,TRUE,FALSE,0,,,,,,0
UZB,1998,1.1383919,13,14,RUS,FALSE,182,Uzbekistan,1997,FALSE,RUS,TRUE,FALSE,0,,,,,,0
UZB,1999,1.403444,13,26,KOR,FALSE,182,Uzbekistan,1998,FALSE,RUS,TRUE,FALSE,0,,,,,,0
UZB,2000,1.2218958,12,24,RUS,FALSE,182,Uzbekistan,1999,FALSE,KOR,TRUE,FALSE,0,,,,,,0
UZB,2002,1.044053,6,16,GBR,FALSE,182,Uzbekistan,2000,FALSE,RUS,TRUE,FALSE,0,,,,,,0
UZB,2003,1.381926,9,11,RUS,FALSE,182,Uzbekistan,2002,FALSE,GBR,TRUE,FALSE,0,,,,,,0
UZB,2004,0.9364556,10,2,RUS,FALSE,182,Uzbekistan,2003,FALSE,RUS,TRUE,FALSE,0,,,,,,0
UZB,2005,0.3863442,12,2,RUS,FALSE,182,Uzbekistan,2004,FALSE,RUS,TRUE,FALSE,0,,,,,,0
UZB,2006,0.3668984,9,2,RUS,FALSE,182,Uzbekistan,2005,FALSE,RUS,TRUE,FALSE,0,,,,,,0
UZB,2007,0.12099420000000005,9,6,RUS,FALSE,182,Uzbekistan,2006,FALSE,RUS,TRUE,FALSE,0,,,,,,0
UZB,2008,0.1950535,9,6,UKR,FALSE,182,Uzbekistan,2007,FALSE,RUS,TRUE,FALSE,0,,,,,,0
UZB,2009,0.38243689999999997,10,5,UKR,FALSE,182,Uzbekistan,2008,FALSE,UKR,TRUE,FALSE,0,,,,,,0
UZB,2010,0.49059630000000004,11,2,RUS,FALSE,182,Uzbekistan,2009,FALSE,UKR,TRUE,FALSE,0,,,,,,0
UZB,2011,0.226012,14,3,RUS,FALSE,182,Uzbekistan,2010,FALSE,RUS,TRUE,FALSE,0,,,,,,0
UZB,2012,0.6103255,16,2,RUS,FALSE,182,Uzbekistan,2011,FALSE,RUS,TRUE,FALSE,0,,,,,,0
UZB,2013,0.17545689999999997,20,1,CHN,TRUE,182,Uzbekistan,2012,FALSE,RUS,TRUE,TRUE,1,2013,2012,FALSE,RUS,TRUE,1
UZB,2014,0.4639294,26,1,CHN,TRUE,182,Uzbekistan,2013,TRUE,CHN,TRUE,FALSE,1,2013,2012,FALSE,RUS,TRUE,1
UZB,2015,0.12029870000000001,21,2,CHE,FALSE,182,Uzbekistan,2014,TRUE,CHN,TRUE,FALSE,1,2013,2012,FALSE,RUS,TRUE,0
UZB,2016,0.2268631,14,2,CHE,FALSE,182,Uzbekistan,2015,FALSE,CHE,TRUE,FALSE,1,2013,2012,FALSE,RUS,TRUE,0
UZB,2017,0.11679059999999997,29,3,CHE,FALSE,182,Uzbekistan,2016,FALSE,CHE,TRUE,FALSE,1,2013,2012,FALSE,RUS,TRUE,0
UZB,2018,0.06124270000000004,28,3,CHE,FALSE,182,Uzbekistan,2017,FALSE,CHE,TRUE,FALSE,1,2013,2012,FALSE,RUS,TRUE,0
UZB,2019,0.05168280000000003,28,3,CHE,FALSE,182,Uzbekistan,2018,FALSE,CHE,TRUE,FALSE,1,2013,2012,FALSE,RUS,TRUE,0
UZB,2020,0.07162629999999992,14,2,GBR,FALSE,182,Uzbekistan,2019,FALSE,CHE,TRUE,FALSE,1,2013,2012,FALSE,RUS,TRUE,0
UZB,2021,0.4594498000000001,15,2,CHE,FALSE,182,Uzbekistan,2020,FALSE,GBR,TRUE,FALSE,1,2013,2012,FALSE,RUS,TRUE,0
UZB,2022,0.3599369,25,3,CHE,FALSE,182,Uzbekistan,2021,FALSE,CHE,TRUE,FALSE,1,2013,2012,FALSE,RUS,TRUE,0
UZB,2023,0.04684379999999999,,,,,182,Uzbekistan,2022,FALSE,CHE,TRUE,FALSE,1,2013,2012,FALSE,RUS,TRUE,
VCT,1990,0.27395780000000003,13,,GBR,FALSE,183,St. Vincent & Grenadines,,,,FALSE,FALSE,0,,,,,,0
VCT,1991,0.294657897,3,,GBR,FALSE,183,St. Vincent & Grenadines,1990,FALSE,GBR,TRUE,FALSE,0,,,,,,0
VCT,1992,0.8961717,6,,GBR,FALSE,183,St. Vincent & Grenadines,1991,FALSE,GBR,TRUE,FALSE,0,,,,,,0
VCT,1993,1.3513867000000002,5,,GBR,FALSE,183,St. Vincent & Grenadines,1992,FALSE,GBR,TRUE,FALSE,0,,,,,,0
VCT,1994,1.6892581359999999,7,40,GBR,FALSE,183,St. Vincent & Grenadines,1993,FALSE,GBR,TRUE,FALSE,0,,,,,,0
VCT,1995,1.6835958000000002,6,,GBR,FALSE,183,St. Vincent & Grenadines,1994,FALSE,GBR,TRUE,FALSE,0,,,,,,0
VCT,1996,1.310780111,4,,GBR,FALSE,183,St. Vincent & Grenadines,1995,FALSE,GBR,TRUE,FALSE,0,,,,,,0
VCT,1997,1.0505501000000002,10,26,FRA,FALSE,183,St. Vincent & Grenadines,1996,FALSE,GBR,TRUE,FALSE,0,,,,,,0
VCT,1998,0.049152099999999976,8,24,GBR,FALSE,183,St. Vincent & Grenadines,1997,FALSE,FRA,TRUE,FALSE,0,,,,,,0
VCT,1999,0.648863832,6,28,NOR,FALSE,183,St. Vincent & Grenadines,1998,FALSE,GBR,TRUE,FALSE,0,,,,,,0
VCT,2000,0.33752570000000004,8,,GBR,FALSE,183,St. Vincent & Grenadines,1999,FALSE,NOR,TRUE,FALSE,0,,,,,,0
VCT,2001,0.15588190000000002,3,44,FRA,FALSE,183,St. Vincent & Grenadines,2000,FALSE,GBR,TRUE,FALSE,0,,,,,,0
VCT,2002,0.6496959999999999,4,44,GRC,FALSE,183,St. Vincent & Grenadines,2001,FALSE,FRA,TRUE,FALSE,0,,,,,,0
VCT,2003,0.95009368,4,,GBR,FALSE,183,St. Vincent & Grenadines,2002,FALSE,GRC,TRUE,FALSE,0,,,,,,0
VCT,2004,0.5734052000000001,8,49,ESP,FALSE,183,St. Vincent & Grenadines,2003,FALSE,GBR,TRUE,FALSE,0,,,,,,0
VCT,2005,0.4395177,3,29,ITA,FALSE,183,St. Vincent & Grenadines,2004,FALSE,ESP,TRUE,FALSE,0,,,,,,0
VCT,2006,0.4727368,13,,IND,FALSE,183,St. Vincent & Grenadines,2005,FALSE,ITA,TRUE,FALSE,0,,,,,,0
VCT,2007,0.15532290000000004,16,48,GRC,FALSE,183,St. Vincent & Grenadines,2006,FALSE,IND,TRUE,FALSE,0,,,,,,0
VCT,2008,0.159908,19,3,GRC,FALSE,183,St. Vincent & Grenadines,2007,FALSE,GRC,TRUE,FALSE,0,,,,,,0
VCT,2009,0.013665000000000038,16,79,GRC,FALSE,183,St. Vincent & Grenadines,2008,FALSE,GRC,TRUE,FALSE,0,,,,,,0
VCT,2010,0.13675340000000002,14,43,FRA,FALSE,183,St. Vincent & Grenadines,2009,FALSE,GRC,TRUE,FALSE,0,,,,,,0
VCT,2011,0.05454760000000003,12,43,CMR,FALSE,183,St. Vincent & Grenadines,2010,FALSE,FRA,TRUE,FALSE,0,,,,,,0
VCT,2012,0.15897530000000004,10,47,LCA,FALSE,183,St. Vincent & Grenadines,2011,FALSE,CMR,TRUE,FALSE,0,,,,,,0
VCT,2013,0.17571440000000005,9,47,BRB,FALSE,183,St. Vincent & Grenadines,2012,FALSE,LCA,TRUE,FALSE,0,,,,,,0
VCT,2014,0.1680568,15,79,COG,FALSE,183,St. Vincent & Grenadines,2013,FALSE,BRB,TRUE,FALSE,0,,,,,,0
VCT,2015,0.4604015,13,78,JOR,FALSE,183,St. Vincent & Grenadines,2014,FALSE,COG,TRUE,FALSE,0,,,,,,0
VCT,2016,0.07805689999999998,18,63,FRA,FALSE,183,St. Vincent & Grenadines,2015,FALSE,JOR,TRUE,FALSE,0,,,,,,0
VCT,2017,0.3343004,11,77,FRA,FALSE,183,St. Vincent & Grenadines,2016,FALSE,FRA,TRUE,FALSE,0,,,,,,0
VCT,2018,0.1352356,7,42,JOR,FALSE,183,St. Vincent & Grenadines,2017,FALSE,FRA,TRUE,FALSE,0,,,,,,0
VCT,2019,0.2474615,9,69,JOR,FALSE,183,St. Vincent & Grenadines,2018,FALSE,JOR,TRUE,FALSE,0,,,,,,0
VCT,2020,0.0016534999999999744,3,47,GAB,FALSE,183,St. Vincent & Grenadines,2019,FALSE,JOR,TRUE,FALSE,0,,,,,,0
VCT,2021,0.21206600000000003,7,72,GAB,FALSE,183,St. Vincent & Grenadines,2020,FALSE,GAB,TRUE,FALSE,0,,,,,,0
VCT,2022,0.6177779,11,49,MYS,FALSE,183,St. Vincent & Grenadines,2021,FALSE,GAB,TRUE,FALSE,0,,,,,,0
VCT,2023,0.3814775,,,,,183,St. Vincent & Grenadines,2022,FALSE,MYS,TRUE,FALSE,0,,,,,,
VEN,1990,0.18742009999999998,8,,DEU,FALSE,184,Venezuela,,,,FALSE,FALSE,0,,,,,,0
VEN,1991,0.11329320000000004,1,,USA,FALSE,184,Venezuela,1990,FALSE,DEU,TRUE,FALSE,0,,,,,,0
VEN,1992,0.4673395,1,19,USA,FALSE,184,Venezuela,1991,FALSE,USA,TRUE,FALSE,0,,,,,,0
VEN,1993,1.2039614,1,19,USA,FALSE,184,Venezuela,1992,FALSE,USA,TRUE,FALSE,0,,,,,,0
VEN,1994,1.1133758999999999,1,32,USA,FALSE,184,Venezuela,1993,FALSE,USA,TRUE,FALSE,0,,,,,,0
VEN,1995,1.2756866000000002,1,42,USA,FALSE,184,Venezuela,1994,FALSE,USA,TRUE,FALSE,0,,,,,,0
VEN,1996,1.0156717,1,42,USA,FALSE,184,Venezuela,1995,FALSE,USA,TRUE,FALSE,0,,,,,,0
VEN,1997,0.9474893,1,39,USA,FALSE,184,Venezuela,1996,FALSE,USA,TRUE,FALSE,0,,,,,,0
VEN,1998,0.016403500000000015,1,45,USA,FALSE,184,Venezuela,1997,FALSE,USA,TRUE,FALSE,0,,,,,,0
VEN,1999,0.1583736,1,36,USA,FALSE,184,Venezuela,1998,FALSE,USA,TRUE,FALSE,0,,,,,,0
VEN,2000,0.20766010000000001,1,30,USA,FALSE,184,Venezuela,1999,FALSE,USA,TRUE,FALSE,0,,,,,,0
VEN,2001,0.015549800000000058,1,29,USA,FALSE,184,Venezuela,2000,FALSE,USA,TRUE,FALSE,0,,,,,,0
VEN,2002,0.06461999999999996,1,28,USA,FALSE,184,Venezuela,2001,FALSE,USA,TRUE,FALSE,0,,,,,,0
VEN,2003,0.40575890000000003,1,7,USA,FALSE,184,Venezuela,2002,FALSE,USA,TRUE,FALSE,0,,,,,,0
VEN,2004,0.20314699999999997,1,8,USA,FALSE,184,Venezuela,2003,FALSE,USA,TRUE,FALSE,0,,,,,,0
VEN,2005,0.4198405999999999,1,7,USA,FALSE,184,Venezuela,2004,FALSE,USA,TRUE,FALSE,0,,,,,,0
VEN,2006,0.3721259,1,3,USA,FALSE,184,Venezuela,2005,FALSE,USA,TRUE,FALSE,0,,,,,,0
VEN,2007,0.562992,1,2,USA,FALSE,184,Venezuela,2006,FALSE,USA,TRUE,FALSE,0,,,,,,0
VEN,2008,0.6788489,1,3,USA,FALSE,184,Venezuela,2007,FALSE,USA,TRUE,FALSE,0,,,,,,0
VEN,2009,0.7741617,1,2,USA,FALSE,184,Venezuela,2008,FALSE,USA,TRUE,FALSE,0,,,,,,0
VEN,2010,0.41036930000000005,1,2,USA,FALSE,184,Venezuela,2009,FALSE,USA,TRUE,FALSE,0,,,,,,0
VEN,2011,1.103211,1,3,USA,FALSE,184,Venezuela,2010,FALSE,USA,TRUE,FALSE,0,,,,,,0
VEN,2012,0.6016923,1,3,USA,FALSE,184,Venezuela,2011,FALSE,USA,TRUE,FALSE,0,,,,,,0
VEN,2013,0.9805872,1,4,USA,FALSE,184,Venezuela,2012,FALSE,USA,TRUE,FALSE,0,,,,,,0
VEN,2014,0.47775259999999997,1,3,USA,FALSE,184,Venezuela,2013,FALSE,USA,TRUE,FALSE,0,,,,,,0
VEN,2015,1.3824078000000002,1,2,USA,FALSE,184,Venezuela,2014,FALSE,USA,TRUE,FALSE,0,,,,,,0
VEN,2016,1.0942871,1,2,USA,FALSE,184,Venezuela,2015,FALSE,USA,TRUE,FALSE,0,,,,,,0
VEN,2017,1.2111218,1,2,USA,FALSE,184,Venezuela,2016,FALSE,USA,TRUE,FALSE,0,,,,,,0
VEN,2018,0.9755634,1,2,USA,FALSE,184,Venezuela,2017,FALSE,USA,TRUE,FALSE,0,,,,,,0
VEN,2019,1.3901206,3,2,IND,FALSE,184,Venezuela,2018,FALSE,USA,TRUE,FALSE,0,,,,,,0
VEN,2020,1.0499155999999998,6,2,IND,FALSE,184,Venezuela,2019,FALSE,IND,TRUE,FALSE,0,,,,,,0
VEN,2021,1.4925509000000001,3,1,CHN,TRUE,184,Venezuela,2020,FALSE,IND,TRUE,TRUE,1,2021,2020,FALSE,IND,TRUE,1
VNM,1990,0.7405471,,25,JPN,FALSE,185,Vietnam,,,,FALSE,FALSE,0,,,,,,0
VNM,1991,0.7943119000000001,,15,JPN,FALSE,185,Vietnam,1990,FALSE,JPN,TRUE,FALSE,0,,,,,,0
VNM,1992,0.6133816000000001,66,8,JPN,FALSE,185,Vietnam,1991,FALSE,JPN,TRUE,FALSE,0,,,,,,0
VNM,1993,0.17974899999999994,,6,JPN,FALSE,185,Vietnam,1992,FALSE,JPN,TRUE,FALSE,0,,,,,,0
VNM,1994,0.04688599999999998,13,5,JPN,FALSE,185,Vietnam,1993,FALSE,JPN,TRUE,FALSE,0,,,,,,0
VNM,1995,0.020293999999999812,7,4,JPN,FALSE,185,Vietnam,1994,FALSE,JPN,TRUE,FALSE,0,,,,,,0
VNM,1996,0.1496010000000001,6,5,JPN,FALSE,185,Vietnam,1995,FALSE,JPN,TRUE,FALSE,0,,,,,,0
VNM,1997,0.4153579999999999,6,9,JPN,FALSE,185,Vietnam,1996,FALSE,JPN,TRUE,FALSE,0,,,,,,0
VNM,1998,0.9253468999999999,4,17,JPN,FALSE,185,Vietnam,1997,FALSE,JPN,TRUE,FALSE,0,,,,,,0
VNM,1999,0.7959386,5,12,JPN,FALSE,185,Vietnam,1998,FALSE,JPN,TRUE,FALSE,0,,,,,,0
VNM,2000,0.5386873999999999,6,4,JPN,FALSE,185,Vietnam,1999,FALSE,JPN,TRUE,FALSE,0,,,,,,0
VNM,2001,0.8409417,4,5,JPN,FALSE,185,Vietnam,2000,FALSE,JPN,TRUE,FALSE,0,,,,,,0
VNM,2002,0.8805664,1,4,USA,FALSE,185,Vietnam,2001,FALSE,JPN,TRUE,FALSE,0,,,,,,0
VNM,2003,0.5285538000000001,1,4,USA,FALSE,185,Vietnam,2002,FALSE,USA,TRUE,FALSE,0,,,,,,0
VNM,2004,0.6260729999999999,1,3,USA,FALSE,185,Vietnam,2003,FALSE,USA,TRUE,FALSE,0,,,,,,0
VNM,2005,0.6647086,1,4,USA,FALSE,185,Vietnam,2004,FALSE,USA,TRUE,FALSE,0,,,,,,0
VNM,2006,0.5472978999999999,1,4,USA,FALSE,185,Vietnam,2005,FALSE,USA,TRUE,FALSE,0,,,,,,0
VNM,2007,0.5739089999999999,1,4,USA,FALSE,185,Vietnam,2006,FALSE,USA,TRUE,FALSE,0,,,,,,0
VNM,2008,0.6418208999999999,1,4,USA,FALSE,185,Vietnam,2007,FALSE,USA,TRUE,FALSE,0,,,,,,0
VNM,2009,0.6562727,1,3,USA,FALSE,185,Vietnam,2008,FALSE,USA,TRUE,FALSE,0,,,,,,0
VNM,2010,0.46019129999999986,1,3,USA,FALSE,185,Vietnam,2009,FALSE,USA,TRUE,FALSE,0,,,,,,0
VNM,2011,0.45282600000000006,1,3,USA,FALSE,185,Vietnam,2010,FALSE,USA,TRUE,FALSE,0,,,,,,0
VNM,2012,0.27950430000000004,1,2,USA,FALSE,185,Vietnam,2011,FALSE,USA,TRUE,FALSE,0,,,,,,0
VNM,2013,0.6146772,1,2,USA,FALSE,185,Vietnam,2012,FALSE,USA,TRUE,FALSE,0,,,,,,0
VNM,2014,0.2651066000000001,1,2,USA,FALSE,185,Vietnam,2013,FALSE,USA,TRUE,FALSE,0,,,,,,0
VNM,2015,0.8654338,1,2,USA,FALSE,185,Vietnam,2014,FALSE,USA,TRUE,FALSE,0,,,,,,0
VNM,2016,0.6286201,1,2,USA,FALSE,185,Vietnam,2015,FALSE,USA,TRUE,FALSE,0,,,,,,0
VNM,2017,0.5903449000000001,1,2,USA,FALSE,185,Vietnam,2016,FALSE,USA,TRUE,FALSE,0,,,,,,0
VNM,2018,0.37957739999999995,2,1,CHN,TRUE,185,Vietnam,2017,FALSE,USA,TRUE,TRUE,1,2018,2017,FALSE,USA,TRUE,1
VNM,2019,0.4167379,1,2,USA,FALSE,185,Vietnam,2018,TRUE,CHN,TRUE,FALSE,1,2018,2017,FALSE,USA,TRUE,0
VNM,2020,0.19870339999999997,1,2,USA,FALSE,185,Vietnam,2019,FALSE,USA,TRUE,FALSE,1,2018,2017,FALSE,USA,TRUE,0
VNM,2021,0.46371710000000005,1,2,USA,FALSE,185,Vietnam,2020,FALSE,USA,TRUE,FALSE,1,2018,2017,FALSE,USA,TRUE,0
VNM,2022,0.34911480000000006,1,2,USA,FALSE,185,Vietnam,2021,FALSE,USA,TRUE,FALSE,1,2018,2017,FALSE,USA,TRUE,0
VNM,2023,0.18413140000000006,,,,,185,Vietnam,2022,FALSE,USA,TRUE,FALSE,1,2018,2017,FALSE,USA,TRUE,
VUT,1990,0.1614509,13,,JPN,FALSE,186,Vanuatu,,,,FALSE,FALSE,0,,,,,,0
VUT,1991,0.33055209999999996,4,,DEU,FALSE,186,Vanuatu,1990,FALSE,JPN,TRUE,FALSE,0,,,,,,0
VUT,1992,0.2023066,2,,DEU,FALSE,186,Vanuatu,1991,FALSE,DEU,TRUE,FALSE,0,,,,,,0
VUT,1993,0.9057107000000001,4,12,KOR,FALSE,186,Vanuatu,1992,FALSE,DEU,TRUE,FALSE,0,,,,,,0
VUT,1994,1.8946741999999999,3,22,JPN,FALSE,186,Vanuatu,1993,FALSE,KOR,TRUE,FALSE,0,,,,,,0
VUT,1995,1.3159001000000001,15,,JPN,FALSE,186,Vanuatu,1994,FALSE,JPN,TRUE,FALSE,0,,,,,,0
VUT,1996,1.2094808,11,29,KOR,FALSE,186,Vanuatu,1995,FALSE,JPN,TRUE,FALSE,0,,,,,,0
VUT,1997,1.09469773,5,,SVK,FALSE,186,Vanuatu,1996,FALSE,KOR,TRUE,FALSE,0,,,,,,0
VUT,1998,0.409866548,4,20,BLX,FALSE,186,Vanuatu,1997,FALSE,SVK,TRUE,FALSE,0,,,,,,0
VUT,2000,0.70985239,12,20,FRO,FALSE,186,Vanuatu,1998,FALSE,BLX,TRUE,FALSE,0,,,,,,0
VUT,2001,0.7731392,11,17,IND,FALSE,186,Vanuatu,2000,FALSE,FRO,TRUE,FALSE,0,,,,,,0
VUT,2002,0.9001919999999999,6,23,THA,FALSE,186,Vanuatu,2001,FALSE,IND,TRUE,FALSE,0,,,,,,0
VUT,2003,0.84010237,14,23,THA,FALSE,186,Vanuatu,2002,FALSE,THA,TRUE,FALSE,0,,,,,,0
VUT,2004,1.1756286,20,27,THA,FALSE,186,Vanuatu,2003,FALSE,THA,TRUE,FALSE,0,,,,,,0
VUT,2005,1.0019644,15,21,THA,FALSE,186,Vanuatu,2004,FALSE,THA,TRUE,FALSE,0,,,,,,0
VUT,2006,1.2237953,13,16,THA,FALSE,186,Vanuatu,2005,FALSE,THA,TRUE,FALSE,0,,,,,,0
VUT,2007,0.9610230000000001,17,24,THA,FALSE,186,Vanuatu,2006,FALSE,THA,TRUE,FALSE,0,,,,,,0
VUT,2008,0.844985,13,19,THA,FALSE,186,Vanuatu,2007,FALSE,THA,TRUE,FALSE,0,,,,,,0
VUT,2009,1.0657289,7,15,THA,FALSE,186,Vanuatu,2008,FALSE,THA,TRUE,FALSE,0,,,,,,0
VUT,2010,0.6722073000000001,16,24,POL,FALSE,186,Vanuatu,2009,FALSE,THA,TRUE,FALSE,0,,,,,,0
VUT,2011,0.82281183,15,16,TTO,FALSE,186,Vanuatu,2010,FALSE,POL,TRUE,FALSE,0,,,,,,0
VUT,2012,0.9715657,13,14,THA,FALSE,186,Vanuatu,2011,FALSE,TTO,TRUE,FALSE,0,,,,,,0
VUT,2013,0.6546848999999999,11,10,THA,FALSE,186,Vanuatu,2012,FALSE,THA,TRUE,FALSE,0,,,,,,0
VUT,2014,0.9542442,14,10,COG,FALSE,186,Vanuatu,2013,FALSE,THA,TRUE,FALSE,0,,,,,,0
VUT,2015,0.0895859,11,7,COG,FALSE,186,Vanuatu,2014,FALSE,COG,TRUE,FALSE,0,,,,,,0
VUT,2016,0.44780946,12,11,COG,FALSE,186,Vanuatu,2015,FALSE,COG,TRUE,FALSE,0,,,,,,0
VUT,2017,0.27650284999999997,11,6,MRT,FALSE,186,Vanuatu,2016,FALSE,COG,TRUE,FALSE,0,,,,,,0
VUT,2018,0.6313356,8,3,JPN,FALSE,186,Vanuatu,2017,FALSE,MRT,TRUE,FALSE,0,,,,,,0
VUT,2019,0.38543073,7,5,JPN,FALSE,186,Vanuatu,2018,FALSE,JPN,TRUE,FALSE,0,,,,,,0
VUT,2020,0.4411594000000001,9,6,THA,FALSE,186,Vanuatu,2019,FALSE,JPN,TRUE,FALSE,0,,,,,,0
VUT,2021,0.15222919999999998,9,6,THA,FALSE,186,Vanuatu,2020,FALSE,THA,TRUE,FALSE,0,,,,,,0
VUT,2022,0.886405,3,2,PHL,FALSE,186,Vanuatu,2021,FALSE,THA,TRUE,FALSE,0,,,,,,0
VUT,2023,0.7717730300000001,,,,,186,Vanuatu,2022,FALSE,PHL,TRUE,FALSE,0,,,,,,
WSM,1990,0.2986421,3,,NZL,FALSE,187,Samoa,,,,FALSE,FALSE,0,,,,,,0
WSM,1991,0.691692,4,,NZL,FALSE,187,Samoa,1990,FALSE,NZL,TRUE,FALSE,0,,,,,,0
WSM,1992,1.4931461000000001,5,,AUS,FALSE,187,Samoa,1991,FALSE,NZL,TRUE,FALSE,0,,,,,,0
WSM,1993,1.8437890000000001,3,,AUS,FALSE,187,Samoa,1992,FALSE,AUS,TRUE,FALSE,0,,,,,,0
WSM,1994,2.2599487,4,,AUS,FALSE,187,Samoa,1993,FALSE,AUS,TRUE,FALSE,0,,,,,,0
WSM,1995,1.8727448,5,20,AUS,FALSE,187,Samoa,1994,FALSE,AUS,TRUE,FALSE,0,,,,,,0
WSM,1996,1.6519754999999998,7,,AUS,FALSE,187,Samoa,1995,FALSE,AUS,TRUE,FALSE,0,,,,,,0
WSM,1997,1.5004282,2,,AUS,FALSE,187,Samoa,1996,FALSE,AUS,TRUE,FALSE,0,,,,,,0
WSM,1998,0.5513736,2,11,AUS,FALSE,187,Samoa,1997,FALSE,AUS,TRUE,FALSE,0,,,,,,0
WSM,1999,0.9803725,2,,AUS,FALSE,187,Samoa,1998,FALSE,AUS,TRUE,FALSE,0,,,,,,0
WSM,2000,1.0855256,2,17,AUS,FALSE,187,Samoa,1999,FALSE,AUS,TRUE,FALSE,0,,,,,,0
WSM,2001,0.853399,2,,AUS,FALSE,187,Samoa,2000,FALSE,AUS,TRUE,FALSE,0,,,,,,0
WSM,2002,0.7608431999999999,3,,AUS,FALSE,187,Samoa,2001,FALSE,AUS,TRUE,FALSE,0,,,,,,0
WSM,2003,1.1901138,3,14,AUS,FALSE,187,Samoa,2002,FALSE,AUS,TRUE,FALSE,0,,,,,,0
WSM,2004,1.1539842,3,9,AUS,FALSE,187,Samoa,2003,FALSE,AUS,TRUE,FALSE,0,,,,,,0
WSM,2005,0.9773786,3,27,AUS,FALSE,187,Samoa,2004,FALSE,AUS,TRUE,FALSE,0,,,,,,0
WSM,2006,1.211852,4,41,AUS,FALSE,187,Samoa,2005,FALSE,AUS,TRUE,FALSE,0,,,,,,0
WSM,2007,0.7948497000000001,3,9,AUS,FALSE,187,Samoa,2006,FALSE,AUS,TRUE,FALSE,0,,,,,,0
WSM,2008,0.8745229999999999,4,6,AUS,FALSE,187,Samoa,2007,FALSE,AUS,TRUE,FALSE,0,,,,,,0
WSM,2009,0.8752071,7,4,AUS,FALSE,187,Samoa,2008,FALSE,AUS,TRUE,FALSE,0,,,,,,0
WSM,2010,1.0925735,4,34,AUS,FALSE,187,Samoa,2009,FALSE,AUS,TRUE,FALSE,0,,,,,,0
WSM,2011,1.004413,5,39,AUS,FALSE,187,Samoa,2010,FALSE,AUS,TRUE,FALSE,0,,,,,,0
WSM,2012,1.0754462,6,48,AUS,FALSE,187,Samoa,2011,FALSE,AUS,TRUE,FALSE,0,,,,,,0
WSM,2013,0.6521143,2,35,TWN,FALSE,187,Samoa,2012,FALSE,AUS,TRUE,FALSE,0,,,,,,0
WSM,2014,0.9734261,2,22,AUS,FALSE,187,Samoa,2013,FALSE,TWN,TRUE,FALSE,0,,,,,,0
WSM,2015,0.233215456,4,14,AUS,FALSE,187,Samoa,2014,FALSE,AUS,TRUE,FALSE,0,,,,,,0
WSM,2016,0.3185522,5,17,AUS,FALSE,187,Samoa,2015,FALSE,AUS,TRUE,FALSE,0,,,,,,0
WSM,2017,0.240973,4,14,AUS,FALSE,187,Samoa,2016,FALSE,AUS,TRUE,FALSE,0,,,,,,0
WSM,2018,0.58313097,2,19,ASM,FALSE,187,Samoa,2017,FALSE,AUS,TRUE,FALSE,0,,,,,,0
WSM,2019,0.38420981,2,18,ASM,FALSE,187,Samoa,2018,FALSE,ASM,TRUE,FALSE,0,,,,,,0
WSM,2020,0.6189707000000001,3,11,SEN,FALSE,187,Samoa,2019,FALSE,ASM,TRUE,FALSE,0,,,,,,0
WSM,2021,0.23794732,1,18,USA,FALSE,187,Samoa,2020,FALSE,SEN,TRUE,FALSE,0,,,,,,0
WSM,2022,1.1339038,2,11,IND,FALSE,187,Samoa,2021,FALSE,USA,TRUE,FALSE,0,,,,,,0
WSM,2023,0.8672737500000001,,,,,187,Samoa,2022,FALSE,IND,TRUE,FALSE,0,,,,,,
YEM,1991,0.9457139000000001,2,,DEU,FALSE,188,Yemen,,,,FALSE,FALSE,0,,,,,,0
YEM,1992,0.5675176,7,3,DEU,FALSE,188,Yemen,1991,FALSE,DEU,TRUE,FALSE,0,,,,,,0
YEM,1993,0.40405,7,1,CHN,TRUE,188,Yemen,1992,FALSE,DEU,TRUE,TRUE,1,1993,1992,FALSE,DEU,TRUE,0
YEM,1994,0.617586,2,3,KOR,FALSE,188,Yemen,1993,TRUE,CHN,TRUE,FALSE,1,1993,1992,FALSE,DEU,TRUE,0
YEM,1995,1.0045398,8,2,KOR,FALSE,188,Yemen,1994,FALSE,KOR,TRUE,FALSE,1,1993,1992,FALSE,DEU,TRUE,0
YEM,1996,0.5236388999999999,13,1,CHN,TRUE,188,Yemen,1995,FALSE,KOR,TRUE,TRUE,2,1996,1995,FALSE,KOR,TRUE,0
YEM,1997,0.269452,20,1,CHN,TRUE,188,Yemen,1996,TRUE,CHN,TRUE,FALSE,2,1996,1995,FALSE,KOR,TRUE,0
YEM,1998,0.42651520000000004,9,1,CHN,TRUE,188,Yemen,1997,TRUE,CHN,TRUE,FALSE,2,1996,1995,FALSE,KOR,TRUE,0
YEM,1999,0.038735899999999934,11,2,THA,FALSE,188,Yemen,1998,TRUE,CHN,TRUE,FALSE,2,1996,1995,FALSE,KOR,TRUE,0
YEM,2000,0.025580500000000006,4,2,THA,FALSE,188,Yemen,1999,FALSE,THA,TRUE,FALSE,2,1996,1995,FALSE,KOR,TRUE,0
YEM,2001,0.4806817,6,2,THA,FALSE,188,Yemen,2000,FALSE,THA,TRUE,FALSE,2,1996,1995,FALSE,KOR,TRUE,0
YEM,2002,0.6970814000000001,5,3,THA,FALSE,188,Yemen,2001,FALSE,THA,TRUE,FALSE,2,1996,1995,FALSE,KOR,TRUE,0
YEM,2003,0.35342779999999996,9,1,CHN,TRUE,188,Yemen,2002,FALSE,THA,TRUE,TRUE,3,2003,2002,FALSE,THA,TRUE,1
YEM,2004,0.33643599999999996,7,2,THA,FALSE,188,Yemen,2003,TRUE,CHN,TRUE,FALSE,3,2003,2002,FALSE,THA,TRUE,0
YEM,2005,0.4009845999999999,6,1,CHN,TRUE,188,Yemen,2004,FALSE,THA,TRUE,TRUE,4,2005,2004,FALSE,THA,TRUE,1
YEM,2006,0.0047719999999999985,4,1,CHN,TRUE,188,Yemen,2005,TRUE,CHN,TRUE,FALSE,4,2005,2004,FALSE,THA,TRUE,1
YEM,2007,0.30877219999999994,6,1,CHN,TRUE,188,Yemen,2006,TRUE,CHN,TRUE,FALSE,4,2005,2004,FALSE,THA,TRUE,1
YEM,2008,0.5337299,15,1,CHN,TRUE,188,Yemen,2007,TRUE,CHN,TRUE,FALSE,4,2005,2004,FALSE,THA,TRUE,1
YEM,2009,0.6018677,18,1,CHN,TRUE,188,Yemen,2008,TRUE,CHN,TRUE,FALSE,4,2005,2004,FALSE,THA,TRUE,1
YEM,2010,0.14705099999999993,8,1,CHN,TRUE,188,Yemen,2009,TRUE,CHN,TRUE,FALSE,4,2005,2004,FALSE,THA,TRUE,1
YEM,2011,0.22263450000000007,6,1,CHN,TRUE,188,Yemen,2010,TRUE,CHN,TRUE,FALSE,4,2005,2004,FALSE,THA,TRUE,1
YEM,2012,0.3047453000000001,9,1,CHN,TRUE,188,Yemen,2011,TRUE,CHN,TRUE,FALSE,4,2005,2004,FALSE,THA,TRUE,1
YEM,2013,0.5326641999999999,16,1,CHN,TRUE,188,Yemen,2012,TRUE,CHN,TRUE,FALSE,4,2005,2004,FALSE,THA,TRUE,1
YEM,2014,0.2639876,14,1,CHN,TRUE,188,Yemen,2013,TRUE,CHN,TRUE,FALSE,4,2005,2004,FALSE,THA,TRUE,1
YEM,2015,0.7079276,7,1,CHN,TRUE,188,Yemen,2014,TRUE,CHN,TRUE,FALSE,4,2005,2004,FALSE,THA,TRUE,1
YEM,2016,0.27550889999999995,23,3,ARE,FALSE,188,Yemen,2015,TRUE,CHN,TRUE,FALSE,4,2005,2004,FALSE,THA,TRUE,0
YEM,2017,0.23757480000000003,15,1,CHN,TRUE,188,Yemen,2016,FALSE,ARE,TRUE,TRUE,5,2017,2016,FALSE,ARE,TRUE,1
YEM,2018,0.30476559999999997,24,1,CHN,TRUE,188,Yemen,2017,TRUE,CHN,TRUE,FALSE,5,2017,2016,FALSE,ARE,TRUE,1
YEM,2019,0.33802239999999995,19,1,CHN,TRUE,188,Yemen,2018,TRUE,CHN,TRUE,FALSE,5,2017,2016,FALSE,ARE,TRUE,1
YEM,2020,0.033532600000000023,21,1,CHN,TRUE,188,Yemen,2019,TRUE,CHN,TRUE,FALSE,5,2017,2016,FALSE,ARE,TRUE,1
YEM,2021,0.2569179,15,2,THA,FALSE,188,Yemen,2020,TRUE,CHN,TRUE,FALSE,5,2017,2016,FALSE,ARE,TRUE,0
YEM,2022,0.49851599999999996,8,1,CHN,TRUE,188,Yemen,2021,FALSE,THA,TRUE,TRUE,6,2022,2021,FALSE,THA,TRUE,1
YEM,2023,0.38177120000000003,,,,,188,Yemen,2022,TRUE,CHN,TRUE,FALSE,6,2022,2021,FALSE,THA,TRUE,
YUG,1990,0.6436762,16,,DEU,FALSE,189,,,,,FALSE,FALSE,0,,,,,,0
YUG,1991,0.42768390000000006,2,,DEU,FALSE,189,,1990,FALSE,DEU,TRUE,FALSE,0,,,,,,0
YUG,1992,0.009439500000000045,,,,,189,,1991,FALSE,DEU,TRUE,FALSE,0,,,,,,
YUG,2000,1.5356178,,,,,189,,1992,,,FALSE,FALSE,0,,,,,,
YUG,2001,1.4680507,,,,,189,,2000,,,FALSE,FALSE,0,,,,,,
YUG,2002,1.5030098,,,,,189,,2001,,,FALSE,FALSE,0,,,,,,
YUG,2003,1.9212641000000001,,,,,189,,2002,,,FALSE,FALSE,0,,,,,,
YUG,2004,1.77471,,,,,189,,2003,,,FALSE,FALSE,0,,,,,,
YUG,2005,1.6558403,,,,,189,,2004,,,FALSE,FALSE,0,,,,,,
YUG,2006,1.8294595999999999,,,,,189,,2005,,,FALSE,FALSE,0,,,,,,
YUG,2007,1.4315618,,,,,189,,2006,,,FALSE,FALSE,0,,,,,,
YUG,2008,1.0761648,,,,,189,,2007,,,FALSE,FALSE,0,,,,,,
YUG,2009,1.0507388,,,,,189,,2008,,,FALSE,FALSE,0,,,,,,
YUG,2010,1.324411,,,,,189,,2009,,,FALSE,FALSE,0,,,,,,
YUG,2011,1.1778965000000001,,,,,189,,2010,,,FALSE,FALSE,0,,,,,,
YUG,2012,1.3439443,,,,,189,,2011,,,FALSE,FALSE,0,,,,,,
YUG,2013,1.1170125,,,,,189,,2012,,,FALSE,FALSE,0,,,,,,
YUG,2014,1.4617474000000001,,,,,189,,2013,,,FALSE,FALSE,0,,,,,,
YUG,2015,0.738768,,,,,189,,2014,,,FALSE,FALSE,0,,,,,,
YUG,2016,0.9682747,,,,,189,,2015,,,FALSE,FALSE,0,,,,,,
YUG,2017,0.8773135000000001,,,,,189,,2016,,,FALSE,FALSE,0,,,,,,
YUG,2018,0.8861253,,,,,189,,2017,,,FALSE,FALSE,0,,,,,,
YUG,2019,0.8116175999999999,,,,,189,,2018,,,FALSE,FALSE,0,,,,,,
YUG,2020,1.0248944,,,,,189,,2019,,,FALSE,FALSE,0,,,,,,
YUG,2021,0.686643,,,,,189,,2020,,,FALSE,FALSE,0,,,,,,
YUG,2022,1.4995262999999999,,,,,189,,2021,,,FALSE,FALSE,0,,,,,,
YUG,2023,1.2686688,,,,,189,,2022,,,FALSE,FALSE,0,,,,,,
ZAF,1994,1.5010974,9,55,JPN,FALSE,190,South Africa,,,,FALSE,FALSE,0,,,,,,0
ZAF,1995,1.3338489,8,18,GBR,FALSE,190,South Africa,1994,FALSE,JPN,TRUE,FALSE,0,,,,,,0
ZAF,1996,1.2037875999999998,13,33,GBR,FALSE,190,South Africa,1995,FALSE,GBR,TRUE,FALSE,0,,,,,,0
ZAF,1997,1.1219883800000001,12,34,GBR,FALSE,190,South Africa,1996,FALSE,GBR,TRUE,FALSE,0,,,,,,0
ZAF,1998,0.34576059,9,34,GBR,FALSE,190,South Africa,1997,FALSE,GBR,TRUE,FALSE,0,,,,,,0
ZAF,1999,0.6983773799999999,7,24,GBR,FALSE,190,South Africa,1998,FALSE,GBR,TRUE,FALSE,0,,,,,,0
ZAF,2000,0.7900269600000001,2,14,GBR,FALSE,190,South Africa,1999,FALSE,GBR,TRUE,FALSE,0,,,,,,0
ZAF,2001,0.64791686,1,11,USA,FALSE,190,South Africa,2000,FALSE,GBR,TRUE,FALSE,0,,,,,,0
ZAF,2002,0.21226999999999996,2,11,GBR,FALSE,190,South Africa,2001,FALSE,USA,TRUE,FALSE,0,,,,,,0
ZAF,2003,0.6099907,2,8,GBR,FALSE,190,South Africa,2002,FALSE,GBR,TRUE,FALSE,0,,,,,,0
ZAF,2004,0.3452775,2,6,GBR,FALSE,190,South Africa,2003,FALSE,GBR,TRUE,FALSE,0,,,,,,0
ZAF,2005,0.29292250000000003,2,5,GBR,FALSE,190,South Africa,2004,FALSE,GBR,TRUE,FALSE,0,,,,,,0
ZAF,2006,0.32792620000000006,1,5,USA,FALSE,190,South Africa,2005,FALSE,GBR,TRUE,FALSE,0,,,,,,0
ZAF,2007,0.03629850000000001,1,4,USA,FALSE,190,South Africa,2006,FALSE,USA,TRUE,FALSE,0,,,,,,0
ZAF,2008,0.053857400000000055,2,4,GBR,FALSE,190,South Africa,2007,FALSE,USA,TRUE,FALSE,0,,,,,,0
ZAF,2009,0.10279959999999999,2,1,CHN,TRUE,190,South Africa,2008,FALSE,GBR,TRUE,TRUE,1,2009,2008,FALSE,GBR,TRUE,1
ZAF,2010,0.37717080000000003,2,1,CHN,TRUE,190,South Africa,2009,TRUE,CHN,TRUE,FALSE,1,2009,2008,FALSE,GBR,TRUE,1
ZAF,2011,0.09247479999999997,2,1,CHN,TRUE,190,South Africa,2010,TRUE,CHN,TRUE,FALSE,1,2009,2008,FALSE,GBR,TRUE,1
ZAF,2012,0.461372,2,1,CHN,TRUE,190,South Africa,2011,TRUE,CHN,TRUE,FALSE,1,2009,2008,FALSE,GBR,TRUE,1
ZAF,2013,0.028962699999999952,2,1,CHN,TRUE,190,South Africa,2012,TRUE,CHN,TRUE,FALSE,1,2009,2008,FALSE,GBR,TRUE,1
ZAF,2014,0.33410280000000003,2,1,CHN,TRUE,190,South Africa,2013,TRUE,CHN,TRUE,FALSE,1,2009,2008,FALSE,GBR,TRUE,1
ZAF,2015,0.6230082,2,1,CHN,TRUE,190,South Africa,2014,TRUE,CHN,TRUE,FALSE,1,2009,2008,FALSE,GBR,TRUE,1
ZAF,2016,0.0998542,3,1,CHN,TRUE,190,South Africa,2015,TRUE,CHN,TRUE,FALSE,1,2009,2008,FALSE,GBR,TRUE,1
ZAF,2017,0.10339430000000005,2,1,CHN,TRUE,190,South Africa,2016,TRUE,CHN,TRUE,FALSE,1,2009,2008,FALSE,GBR,TRUE,1
ZAF,2018,0.05922359999999999,3,1,CHN,TRUE,190,South Africa,2017,TRUE,CHN,TRUE,FALSE,1,2009,2008,FALSE,GBR,TRUE,1
ZAF,2019,0.0146598,4,1,CHN,TRUE,190,South Africa,2018,TRUE,CHN,TRUE,FALSE,1,2009,2008,FALSE,GBR,TRUE,1
ZAF,2020,0.2538134,2,1,CHN,TRUE,190,South Africa,2019,TRUE,CHN,TRUE,FALSE,1,2009,2008,FALSE,GBR,TRUE,1
ZAF,2021,0.1166854,2,1,CHN,TRUE,190,South Africa,2020,TRUE,CHN,TRUE,FALSE,1,2009,2008,FALSE,GBR,TRUE,1
ZAF,2022,0.6412929,2,1,CHN,TRUE,190,South Africa,2021,TRUE,CHN,TRUE,FALSE,1,2009,2008,FALSE,GBR,TRUE,1
ZAF,2023,0.2596402,,,,,190,South Africa,2022,TRUE,CHN,TRUE,FALSE,1,2009,2008,FALSE,GBR,TRUE,
ZMB,1990,0.7560452,30,,JPN,FALSE,191,Zambia,,,,FALSE,FALSE,0,,,,,,0
ZMB,1991,0.3724489,7,,JPN,FALSE,191,Zambia,1990,FALSE,JPN,TRUE,FALSE,0,,,,,,0
ZMB,1992,0.12168210000000002,7,10,JPN,FALSE,191,Zambia,1991,FALSE,JPN,TRUE,FALSE,0,,,,,,0
ZMB,1993,1.1362217000000001,7,9,JPN,FALSE,191,Zambia,1992,FALSE,JPN,TRUE,FALSE,0,,,,,,0
ZMB,1994,1.1172377999999998,5,20,JPN,FALSE,191,Zambia,1993,FALSE,JPN,TRUE,FALSE,0,,,,,,0
ZMB,1995,1.2023427,11,36,JPN,FALSE,191,Zambia,1994,FALSE,JPN,TRUE,FALSE,0,,,,,,0
ZMB,1996,0.8716489999999999,5,23,JPN,FALSE,191,Zambia,1995,FALSE,JPN,TRUE,FALSE,0,,,,,,0
ZMB,1997,0.9020439,9,14,ARE,FALSE,191,Zambia,1996,FALSE,JPN,TRUE,FALSE,0,,,,,,0
ZMB,1998,0.50267496,5,26,JPN,FALSE,191,Zambia,1997,FALSE,ARE,TRUE,FALSE,0,,,,,,0
ZMB,1999,0.25589229999999996,6,16,JPN,FALSE,191,Zambia,1998,FALSE,JPN,TRUE,FALSE,0,,,,,,0
ZMB,2000,0.07898260000000001,13,3,JPN,FALSE,191,Zambia,1999,FALSE,JPN,TRUE,FALSE,0,,,,,,0
ZMB,2001,0.02828759999999997,15,8,GBR,FALSE,191,Zambia,2000,FALSE,JPN,TRUE,FALSE,0,,,,,,0
ZMB,2002,0.11091519999999999,21,6,SAU,FALSE,191,Zambia,2001,FALSE,GBR,TRUE,FALSE,0,,,,,,0
ZMB,2003,0.23022739999999997,18,7,SAU,FALSE,191,Zambia,2002,FALSE,SAU,TRUE,FALSE,0,,,,,,0
ZMB,2004,0.1572979,16,2,ZWE,FALSE,191,Zambia,2003,FALSE,SAU,TRUE,FALSE,0,,,,,,0
ZMB,2005,0.26256320000000005,18,2,CHE,FALSE,191,Zambia,2004,FALSE,ZWE,TRUE,FALSE,0,,,,,,0
ZMB,2006,0.19887849999999996,20,3,KOR,FALSE,191,Zambia,2005,FALSE,CHE,TRUE,FALSE,0,,,,,,0
ZMB,2007,0.0014755999999999103,14,3,KOR,FALSE,191,Zambia,2006,FALSE,KOR,TRUE,FALSE,0,,,,,,0
ZMB,2008,0.09993180000000002,17,4,CHE,FALSE,191,Zambia,2007,FALSE,KOR,TRUE,FALSE,0,,,,,,0
ZMB,2009,0.10844120000000002,34,2,CHE,FALSE,191,Zambia,2008,FALSE,CHE,TRUE,FALSE,0,,,,,,0
ZMB,2010,0.3095460000000001,22,2,CHE,FALSE,191,Zambia,2009,FALSE,CHE,TRUE,FALSE,0,,,,,,0
ZMB,2011,0.058645100000000006,25,2,CHE,FALSE,191,Zambia,2010,FALSE,CHE,TRUE,FALSE,0,,,,,,0
ZMB,2012,0.5256297,18,1,CHN,TRUE,191,Zambia,2011,FALSE,CHE,TRUE,TRUE,1,2012,2011,FALSE,CHE,TRUE,1
ZMB,2013,0.10231650000000003,26,2,CHE,FALSE,191,Zambia,2012,TRUE,CHN,TRUE,FALSE,1,2012,2011,FALSE,CHE,TRUE,0
ZMB,2014,0.08564190000000005,20,1,CHN,TRUE,191,Zambia,2013,FALSE,CHE,TRUE,TRUE,2,2014,2013,FALSE,CHE,TRUE,1
ZMB,2015,0.3322988,21,1,CHN,TRUE,191,Zambia,2014,TRUE,CHN,TRUE,FALSE,2,2014,2013,FALSE,CHE,TRUE,1
ZMB,2016,0.1864842,21,2,CHE,FALSE,191,Zambia,2015,TRUE,CHN,TRUE,FALSE,2,2014,2013,FALSE,CHE,TRUE,0
ZMB,2017,0.34092110000000003,23,2,CHE,FALSE,191,Zambia,2016,FALSE,CHE,TRUE,FALSE,2,2014,2013,FALSE,CHE,TRUE,0
ZMB,2018,0.16165549999999995,11,1,CHN,TRUE,191,Zambia,2017,FALSE,CHE,TRUE,TRUE,3,2018,2017,FALSE,CHE,TRUE,1
ZMB,2019,0.13761729999999994,16,1,CHN,TRUE,191,Zambia,2018,TRUE,CHN,TRUE,FALSE,3,2018,2017,FALSE,CHE,TRUE,1
ZMB,2020,0.019005800000000073,22,2,CHE,FALSE,191,Zambia,2019,TRUE,CHN,TRUE,FALSE,3,2018,2017,FALSE,CHE,TRUE,0
ZMB,2021,0.012004999999999988,9,2,CHE,FALSE,191,Zambia,2020,FALSE,CHE,TRUE,FALSE,3,2018,2017,FALSE,CHE,TRUE,0
ZMB,2022,0.57987,15,1,CHN,TRUE,191,Zambia,2021,FALSE,CHE,TRUE,TRUE,4,2022,2021,FALSE,CHE,TRUE,1
ZMB,2023,0.6150119000000001,,,,,191,Zambia,2022,TRUE,CHN,TRUE,FALSE,4,2022,2021,FALSE,CHE,TRUE,
ZWE,1990,0.6578456,12,9,JPN,FALSE,192,Zimbabwe,,,,FALSE,FALSE,0,,,,,,0
ZWE,1991,0.7156849000000001,4,7,DEU,FALSE,192,Zimbabwe,1990,FALSE,JPN,TRUE,FALSE,0,,,,,,0
ZWE,1992,0.41767259999999995,3,4,DEU,FALSE,192,Zimbabwe,1991,FALSE,DEU,TRUE,FALSE,0,,,,,,0
ZWE,1993,0.4217250000000001,2,5,GBR,FALSE,192,Zimbabwe,1992,FALSE,DEU,TRUE,FALSE,0,,,,,,0
ZWE,1994,0.5311569999999999,4,14,GBR,FALSE,192,Zimbabwe,1993,FALSE,GBR,TRUE,FALSE,0,,,,,,0
ZWE,1995,0.6820872000000001,4,12,GBR,FALSE,192,Zimbabwe,1994,FALSE,GBR,TRUE,FALSE,0,,,,,,0
ZWE,1996,0.5536418999999999,5,7,GBR,FALSE,192,Zimbabwe,1995,FALSE,GBR,TRUE,FALSE,0,,,,,,0
ZWE,1997,0.2496583,5,8,GBR,FALSE,192,Zimbabwe,1996,FALSE,GBR,TRUE,FALSE,0,,,,,,0
ZWE,1998,0.6872768999999999,4,15,GBR,FALSE,192,Zimbabwe,1997,FALSE,GBR,TRUE,FALSE,0,,,,,,0
ZWE,1999,0.04642409999999997,3,10,GBR,FALSE,192,Zimbabwe,1998,FALSE,GBR,TRUE,FALSE,0,,,,,,0
ZWE,2000,0.016286500000000093,5,8,GBR,FALSE,192,Zimbabwe,1999,FALSE,GBR,TRUE,FALSE,0,,,,,,0
ZWE,2001,0.08934790000000004,9,5,GBR,FALSE,192,Zimbabwe,2000,FALSE,GBR,TRUE,FALSE,0,,,,,,0
ZWE,2002,0.43127630000000006,7,2,ZAF,FALSE,192,Zimbabwe,2001,FALSE,GBR,TRUE,FALSE,0,,,,,,0
ZWE,2003,0.0025005000000000166,9,3,ZAF,FALSE,192,Zimbabwe,2002,FALSE,ZAF,TRUE,FALSE,0,,,,,,0
ZWE,2004,0.38277499999999987,9,2,ZAF,FALSE,192,Zimbabwe,2003,FALSE,ZAF,TRUE,FALSE,0,,,,,,0
ZWE,2005,0.35836659999999987,8,2,ZAF,FALSE,192,Zimbabwe,2004,FALSE,ZAF,TRUE,FALSE,0,,,,,,0
ZWE,2006,0.38177990000000006,3,6,COD,FALSE,192,Zimbabwe,2005,FALSE,ZAF,TRUE,FALSE,0,,,,,,0
ZWE,2007,0.795422,5,4,ZAF,FALSE,192,Zimbabwe,2006,FALSE,COD,TRUE,FALSE,0,,,,,,0
ZWE,2008,0.7542348999999999,5,2,ZAF,FALSE,192,Zimbabwe,2007,FALSE,ZAF,TRUE,FALSE,0,,,,,,0
ZWE,2009,0.7251667,16,2,ZAF,FALSE,192,Zimbabwe,2008,FALSE,ZAF,TRUE,FALSE,0,,,,,,0
ZWE,2010,0.6191473,9,2,ARE,FALSE,192,Zimbabwe,2009,FALSE,ZAF,TRUE,FALSE,0,,,,,,0
ZWE,2011,0.6263249999999999,15,1,CHN,TRUE,192,Zimbabwe,2010,FALSE,ARE,TRUE,TRUE,1,2011,2010,FALSE,ARE,TRUE,1
ZWE,2012,0.4364473000000001,12,1,CHN,TRUE,192,Zimbabwe,2011,TRUE,CHN,TRUE,FALSE,1,2011,2010,FALSE,ARE,TRUE,1
ZWE,2013,1.1969772,27,1,CHN,TRUE,192,Zimbabwe,2012,TRUE,CHN,TRUE,FALSE,1,2011,2010,FALSE,ARE,TRUE,1
ZWE,2014,0.8140606,10,1,CHN,TRUE,192,Zimbabwe,2013,TRUE,CHN,TRUE,FALSE,1,2011,2010,FALSE,ARE,TRUE,1
ZWE,2015,1.4100058000000002,8,1,CHN,TRUE,192,Zimbabwe,2014,TRUE,CHN,TRUE,FALSE,1,2011,2010,FALSE,ARE,TRUE,1
ZWE,2016,1.1867821,18,1,CHN,TRUE,192,Zimbabwe,2015,TRUE,CHN,TRUE,FALSE,1,2011,2010,FALSE,ARE,TRUE,1
ZWE,2017,1.5990008,12,1,CHN,TRUE,192,Zimbabwe,2016,TRUE,CHN,TRUE,FALSE,1,2011,2010,FALSE,ARE,TRUE,1
ZWE,2018,0.9226684,8,2,ARE,FALSE,192,Zimbabwe,2017,TRUE,CHN,TRUE,FALSE,1,2011,2010,FALSE,ARE,TRUE,0
ZWE,2019,0.042005000000000015,11,1,CHN,TRUE,192,Zimbabwe,2018,FALSE,ARE,TRUE,TRUE,2,2019,2018,FALSE,ARE,TRUE,1
ZWE,2020,0.13202560000000008,15,2,ARE,FALSE,192,Zimbabwe,2019,TRUE,CHN,TRUE,FALSE,2,2019,2018,FALSE,ARE,TRUE,0
ZWE,2021,0.4407321,12,2,ARE,FALSE,192,Zimbabwe,2020,FALSE,ARE,TRUE,FALSE,2,2019,2018,FALSE,ARE,TRUE,0
ZWE,2022,0.1306130000000001,9,2,ARE,FALSE,192,Zimbabwe,2021,FALSE,ARE,TRUE,FALSE,2,2019,2018,FALSE,ARE,TRUE,0
ZWE,2023,0.27959520000000004,,,,,192,Zimbabwe,2022,FALSE,ARE,TRUE,FALSE,2,2019,2018,FALSE,ARE,TRUE,
