source_bpm5,metric,metric_label,iso3c,country_name,year,top1_partner_iso3_bpm5,top1_partner_name_bpm5,top1_value_musd_bpm5,top2_partner_iso3_bpm5,top2_partner_name_bpm5,top2_value_musd_bpm5,top1_top2_margin_musd_bpm5,top1_top2_margin_share_bpm5,source_bpm6,top1_partner_iso3_bpm6,top1_partner_name_bpm6,top1_value_musd_bpm6,top2_partner_iso3_bpm6,top2_partner_name_bpm6,top2_value_musd_bpm6,top1_top2_margin_musd_bpm6,top1_top2_margin_share_bpm6,present_bpm5,present_bpm6,comparison_sample,both_sources_present,top1_same,top2_ordered_same,top2_unordered_same,china_top1_bpm5,china_top1_bpm6,china_top1_status_same,china_in_top2_bpm5,china_in_top2_bpm6,china_in_top2_status_same,china_in_top2_any_source,china_top1_any_source,top1_disagreement_involves_china,top2_disagreement_involves_china,min_top1_top2_margin_share,close_top1_top2_case
BPM5,goods_services_exports_combined,Bens + serviços: exportações,AGO,Angola,2007,USA,United States,14001.237782,CHN,China,13297.965161,703.2726210000001,0.05022931771818973,BPM6,CHN,China,12965.437856,USA,United States,12954.809599,10.628257000000303,8.197376068623766e-4,TRUE,TRUE,common_bpm5_bpm6,TRUE,FALSE,FALSE,TRUE,FALSE,TRUE,FALSE,TRUE,TRUE,TRUE,TRUE,TRUE,TRUE,FALSE,8.197376068623766e-4,TRUE
BPM5,goods_services_exports_combined,Bens + serviços: exportações,ARG,Argentina,2011,BRA,Brazil,18585.851281,CHN,China,6871.912418,11713.938863,0.6302610887118719,BPM6,BRA,Brazil,18475.856313999997,USA,United States,7268.024635,11207.831678999997,0.6066204179401046,TRUE,TRUE,common_bpm5_bpm6,TRUE,TRUE,FALSE,FALSE,FALSE,FALSE,TRUE,TRUE,FALSE,FALSE,TRUE,FALSE,FALSE,TRUE,0.6066204179401046,FALSE
BPM5,goods_services_exports_combined,Bens + serviços: exportações,ARG,Argentina,2012,BRA,Brazil,17792.724398000002,CHN,China,7210.4819709999965,10582.242427000005,0.5947511010843008,BPM6,BRA,Brazil,17713.105158000002,USA,United States,7144.597510999998,10568.507647000004,0.596649065916419,TRUE,TRUE,common_bpm5_bpm6,TRUE,TRUE,FALSE,FALSE,FALSE,FALSE,TRUE,TRUE,FALSE,FALSE,TRUE,FALSE,FALSE,TRUE,0.5947511010843008,FALSE
BPM5,goods_services_exports_combined,Bens + serviços: exportações,BDI,Burundi,2011,ARE,United Arab Emirates,63.82167,FRA,France,30.868810000000003,32.952859999999994,0.5163271346550473,BPM6,ARE,United Arab Emirates,68.520322,CHN,China,36.885768,31.634553999999994,0.46168133885885704,TRUE,TRUE,common_bpm5_bpm6,TRUE,TRUE,FALSE,FALSE,FALSE,FALSE,TRUE,FALSE,TRUE,FALSE,TRUE,FALSE,FALSE,TRUE,0.46168133885885704,FALSE
BPM5,goods_services_exports_combined,Bens + serviços: exportações,BDI,Burundi,2012,ARE,United Arab Emirates,163.269547,FRA,France,31.702378,131.56716899999998,0.8058279784410745,BPM6,ARE,United Arab Emirates,164.25294799999998,CHN,China,36.706643,127.54630499999998,0.7765236883297827,TRUE,TRUE,common_bpm5_bpm6,TRUE,TRUE,FALSE,FALSE,FALSE,FALSE,TRUE,FALSE,TRUE,FALSE,TRUE,FALSE,FALSE,TRUE,0.7765236883297827,FALSE
BPM5,goods_services_exports_combined,Bens + serviços: exportações,BEN,Benin,2006,MLI,Mali,169.616523,NGA,Nigeria,119.57668099999998,50.03984200000002,0.29501749661499677,BPM6,MLI,Mali,166.753075,CHN,China,111.66611999999999,55.086955,0.3303504598041146,TRUE,TRUE,common_bpm5_bpm6,TRUE,TRUE,FALSE,FALSE,FALSE,FALSE,TRUE,FALSE,TRUE,FALSE,TRUE,FALSE,FALSE,TRUE,0.29501749661499677,FALSE
BPM5,goods_services_exports_combined,Bens + serviços: exportações,BEN,Benin,2012,CHN,China,347.01286400000004,ARE,United Arab Emirates,303.02907200000004,43.983791999999994,0.12674974493164606,BPM6,CHN,China,345.5446620000001,IND,India,280.93774899999994,64.60691300000013,0.18697123730998375,TRUE,TRUE,common_bpm5_bpm6,TRUE,TRUE,FALSE,FALSE,TRUE,TRUE,TRUE,TRUE,TRUE,TRUE,TRUE,TRUE,FALSE,TRUE,0.12674974493164606,FALSE
BPM5,goods_services_exports_combined,Bens + serviços: exportações,BFA,Burkina Faso,2008,CHE,Switzerland,141.42515899999998,CHN,China,93.20611400000001,48.219044999999966,0.34095096898565247,BPM6,CHE,Switzerland,123.749957,BEL,Belgium,87.60222599999997,36.14773100000002,0.29210297826608556,TRUE,TRUE,common_bpm5_bpm6,TRUE,TRUE,FALSE,FALSE,FALSE,FALSE,TRUE,TRUE,FALSE,FALSE,TRUE,FALSE,FALSE,TRUE,0.29210297826608556,FALSE
BPM5,goods_services_exports_combined,Bens + serviços: exportações,BFA,Burkina Faso,2009,CHE,Switzerland,425.224923,FRA,France,217.265203,207.95971999999998,0.48905816369564015,BPM6,CHE,Switzerland,397.44074,CHN,China,157.19061699999997,240.25012300000003,0.6044929440298447,TRUE,TRUE,common_bpm5_bpm6,TRUE,TRUE,FALSE,FALSE,FALSE,FALSE,TRUE,FALSE,TRUE,FALSE,TRUE,FALSE,FALSE,TRUE,0.48905816369564015,FALSE
BPM5,goods_services_exports_combined,Bens + serviços: exportações,BFA,Burkina Faso,2010,CHE,Switzerland,910.3681049999999,CHN,China,173.51998600000002,736.8481189999999,0.8093957981974774,BPM6,CHE,Switzerland,838.9957279999999,ZAF,South Africa,147.488171,691.5075569999999,0.824208674635826,TRUE,TRUE,common_bpm5_bpm6,TRUE,TRUE,FALSE,FALSE,FALSE,FALSE,TRUE,TRUE,FALSE,FALSE,TRUE,FALSE,FALSE,TRUE,0.8093957981974774,FALSE
BPM5,goods_services_exports_combined,Bens + serviços: exportações,BFA,Burkina Faso,2011,CHE,Switzerland,1757.5171790000002,CHN,China,244.37147,1513.1457090000001,0.8609564259627643,BPM6,CHE,Switzerland,1648.624348,ZAF,South Africa,244.501497,1404.122851,0.8516936272980484,TRUE,TRUE,common_bpm5_bpm6,TRUE,TRUE,FALSE,FALSE,FALSE,FALSE,TRUE,TRUE,FALSE,FALSE,TRUE,FALSE,FALSE,TRUE,0.8516936272980484,FALSE
BPM5,goods_services_exports_combined,Bens + serviços: exportações,CAF,Central African Republic,2011,DEU,Germany,53.805516999999995,CHN,China,51.17241100000001,2.6331059999999837,0.048937472341358305,BPM6,BEL,Belgium,50.45425600000001,CHN,China,46.441849000000005,4.012407000000003,0.07952564001736548,TRUE,TRUE,common_bpm5_bpm6,TRUE,FALSE,FALSE,FALSE,FALSE,FALSE,TRUE,TRUE,TRUE,TRUE,TRUE,FALSE,FALSE,TRUE,0.048937472341358305,TRUE
BPM5,goods_services_exports_combined,Bens + serviços: exportações,CAF,Central African Republic,2012,CHN,China,71.884108,BEL,Belgium,56.814049999999995,15.070058000000003,0.20964380611080274,BPM6,DEU,Germany,64.810622,CHN,China,64.736939,0.0736829999999884,0.0011368969734619797,TRUE,TRUE,common_bpm5_bpm6,TRUE,FALSE,FALSE,FALSE,TRUE,FALSE,FALSE,TRUE,TRUE,TRUE,TRUE,TRUE,TRUE,TRUE,0.0011368969734619797,TRUE
BPM5,goods_services_exports_combined,Bens + serviços: exportações,CHL,Chile,2007,CHN,China,10763.555417,USA,United States,10541.754674000003,221.80074299999615,0.020606642917421432,BPM6,USA,United States,11098.662367000003,CHN,China,10781.794489,316.86787800000275,0.028550096175747795,TRUE,TRUE,common_bpm5_bpm6,TRUE,FALSE,FALSE,TRUE,TRUE,FALSE,FALSE,TRUE,TRUE,TRUE,TRUE,TRUE,TRUE,FALSE,0.020606642917421432,TRUE
BPM5,goods_services_exports_combined,Bens + serviços: exportações,CRI,Costa Rica,2010,USA,United States,9700.977767000002,NLD,Netherlands,3296.0169000000005,6404.960867000002,0.6602386914840561,BPM6,USA,United States,11000.630147000002,CHN,China,3237.779328000001,7762.850819000001,0.7056732855541934,TRUE,TRUE,common_bpm5_bpm6,TRUE,TRUE,FALSE,FALSE,FALSE,FALSE,TRUE,FALSE,TRUE,FALSE,TRUE,FALSE,FALSE,TRUE,0.6602386914840561,FALSE
BPM5,goods_services_exports_combined,Bens + serviços: exportações,CUB,Cuba,2005,CAN,Canada,627.032781,CHN,China,419.44113400000003,207.59164699999997,0.33106984720787663,BPM6,ESP,Spain,507.94176500000003,CHN,China,445.11521500000003,62.82655,0.12368849015595319,TRUE,TRUE,common_bpm5_bpm6,TRUE,FALSE,FALSE,FALSE,FALSE,FALSE,TRUE,TRUE,TRUE,TRUE,TRUE,FALSE,FALSE,TRUE,0.12368849015595319,FALSE
BPM5,goods_services_exports_combined,Bens + serviços: exportações,CUB,Cuba,2006,CHN,China,735.123458,CAN,Canada,445.408595,289.71486300000004,0.39410368401004015,BPM6,CHN,China,741.96871,ESP,Spain,537.8668549999999,204.10185500000011,0.2750814855790888,TRUE,TRUE,common_bpm5_bpm6,TRUE,TRUE,FALSE,FALSE,TRUE,TRUE,TRUE,TRUE,TRUE,TRUE,TRUE,TRUE,FALSE,TRUE,0.2750814855790888,FALSE
BPM5,goods_services_exports_combined,Bens + serviços: exportações,CUB,Cuba,2007,CHN,China,1657.2652130000001,CAN,Canada,897.3267269999999,759.9384860000002,0.4585497119223006,BPM6,CHN,China,1463.0291670000001,ESP,Spain,626.361496,836.6676710000002,0.5718735414657663,TRUE,TRUE,common_bpm5_bpm6,TRUE,TRUE,FALSE,FALSE,TRUE,TRUE,TRUE,TRUE,TRUE,TRUE,TRUE,TRUE,FALSE,TRUE,0.4585497119223006,FALSE
BPM5,goods_services_exports_combined,Bens + serviços: exportações,CUB,Cuba,2008,CHN,China,1448.9537999999998,CAN,Canada,707.491428,741.4623719999997,0.5117225766618645,BPM6,CHN,China,1281.748975,ESP,Spain,670.4533959999999,611.2955790000001,0.47692300982725583,TRUE,TRUE,common_bpm5_bpm6,TRUE,TRUE,FALSE,FALSE,TRUE,TRUE,TRUE,TRUE,TRUE,TRUE,TRUE,TRUE,FALSE,TRUE,0.47692300982725583,FALSE
BPM5,goods_services_exports_combined,Bens + serviços: exportações,CUB,Cuba,2009,CHN,China,1008.8241220000001,VEN,Venezuela,455.8920209999999,552.9321010000002,0.5480956382206731,BPM6,CHN,China,907.481383,USA,United States,606.1571549999999,301.3242280000002,0.33204452856527655,TRUE,TRUE,common_bpm5_bpm6,TRUE,TRUE,FALSE,FALSE,TRUE,TRUE,TRUE,TRUE,TRUE,TRUE,TRUE,TRUE,FALSE,TRUE,0.33204452856527655,FALSE
BPM5,goods_services_exports_combined,Bens + serviços: exportações,CUB,Cuba,2010,CHN,China,1275.960476,CAN,Canada,599.1171589999999,676.8433170000001,0.5304579018950741,BPM6,CHN,China,1187.3150099999998,USA,United States,631.8374689999998,555.477541,0.46784344198596467,TRUE,TRUE,common_bpm5_bpm6,TRUE,TRUE,FALSE,FALSE,TRUE,TRUE,TRUE,TRUE,TRUE,TRUE,TRUE,TRUE,FALSE,TRUE,0.46784344198596467,FALSE
BPM5,goods_services_exports_combined,Bens + serviços: exportações,ETH,Ethiopia,2009,CHN,China,340.3429409999999,USA,United States,264.703004,75.63993699999986,0.22224623427697268,BPM6,USA,United States,588.668028,CHN,China,340.98183599999993,247.68619200000012,0.420756997524588,TRUE,TRUE,common_bpm5_bpm6,TRUE,FALSE,FALSE,TRUE,TRUE,FALSE,FALSE,TRUE,TRUE,TRUE,TRUE,TRUE,TRUE,FALSE,0.22224623427697268,FALSE
BPM5,goods_services_exports_combined,Bens + serviços: exportações,ETH,Ethiopia,2010,CHN,China,378.4664920000001,DEU,Germany,313.83287,64.63362200000006,0.17077766028491645,BPM6,USA,United States,608.995024,CHN,China,390.5505050000001,218.44451899999984,0.35869672229045974,TRUE,TRUE,common_bpm5_bpm6,TRUE,FALSE,FALSE,FALSE,TRUE,FALSE,FALSE,TRUE,TRUE,TRUE,TRUE,TRUE,TRUE,TRUE,0.17077766028491645,FALSE
BPM5,goods_services_exports_combined,Bens + serviços: exportações,ETH,Ethiopia,2011,DEU,Germany,462.18844799999994,CHN,China,412.8405749999999,49.34787300000005,0.10677002684411545,BPM6,USA,United States,683.093466,DEU,Germany,447.68743199999994,235.4060340000001,0.34461760464270064,TRUE,TRUE,common_bpm5_bpm6,TRUE,FALSE,FALSE,FALSE,FALSE,FALSE,TRUE,TRUE,FALSE,FALSE,TRUE,FALSE,FALSE,TRUE,0.10677002684411545,FALSE
BPM5,goods_services_exports_combined,Bens + serviços: exportações,ETH,Ethiopia,2012,CHN,China,442.61573499999975,CHE,Switzerland,411.825055,30.790679999999725,0.06956526297014665,BPM6,USA,United States,667.3089279999999,CHN,China,466.1268629999998,201.18206500000014,0.3014826515253819,TRUE,TRUE,common_bpm5_bpm6,TRUE,FALSE,FALSE,FALSE,TRUE,FALSE,FALSE,TRUE,TRUE,TRUE,TRUE,TRUE,TRUE,TRUE,0.06956526297014665,TRUE
BPM5,goods_services_exports_combined,Bens + serviços: exportações,GAB,Gabon,2005,USA,United States,3262.850779999999,FRA,France,469.18743400000017,2793.6633459999985,0.8562032205469107,BPM6,USA,United States,2991.728353999999,CHN,China,381.01539699999995,2610.712956999999,0.8726437189758305,TRUE,TRUE,common_bpm5_bpm6,TRUE,TRUE,FALSE,FALSE,FALSE,FALSE,TRUE,FALSE,TRUE,FALSE,TRUE,FALSE,FALSE,TRUE,0.8562032205469107,FALSE
BPM5,goods_services_exports_combined,Bens + serviços: exportações,GMB,Gambia,2011,CHN,China,91.434766,IND,India,73.63644900000001,17.798316999999983,0.19465590364172838,BPM6,USA,United States,155.82313399999998,CHN,China,120.281928,35.54120599999999,0.2280868385049937,TRUE,TRUE,common_bpm5_bpm6,TRUE,FALSE,FALSE,FALSE,TRUE,FALSE,FALSE,TRUE,TRUE,TRUE,TRUE,TRUE,TRUE,TRUE,0.19465590364172838,FALSE
BPM5,goods_services_exports_combined,Bens + serviços: exportações,GMB,Gambia,2012,CHN,China,143.952532,GBR,United Kingdom,80.51381,63.438721999999984,0.4406919497602167,BPM6,CHN,China,175.799983,USA,United States,150.721438,25.07854499999999,0.14265385338518485,TRUE,TRUE,common_bpm5_bpm6,TRUE,TRUE,FALSE,FALSE,TRUE,TRUE,TRUE,TRUE,TRUE,TRUE,TRUE,TRUE,FALSE,TRUE,0.14265385338518485,FALSE
BPM5,goods_services_exports_combined,Bens + serviços: exportações,IRN,Iran,2010,CHN,China,18791.024869,IND,India,11481.342282999996,7309.682586000004,0.38899861167545796,BPM6,CHN,China,18538.102371,JPN,Japan,11322.798722999994,7215.303648000006,0.38921479143880633,TRUE,TRUE,common_bpm5_bpm6,TRUE,TRUE,FALSE,FALSE,TRUE,TRUE,TRUE,TRUE,TRUE,TRUE,TRUE,TRUE,FALSE,TRUE,0.38899861167545796,FALSE
BPM5,goods_services_exports_combined,Bens + serviços: exportações,KAZ,Kazakhstan,2007,CHN,China,6717.0205959999985,RUS,Russia,5159.156303,1557.8642929999987,0.23192787199844386,BPM6,CHN,China,6677.141005999999,DEU,Germany,5079.619498000004,1597.5215079999953,0.23925232469472812,TRUE,TRUE,common_bpm5_bpm6,TRUE,TRUE,FALSE,FALSE,TRUE,TRUE,TRUE,TRUE,TRUE,TRUE,TRUE,TRUE,FALSE,TRUE,0.23192787199844386,FALSE
BPM5,goods_services_exports_combined,Bens + serviços: exportações,LBR,Liberia,2012,CHN,China,480.028648,USA,United States,457.45372599999996,22.574922000000015,0.04702828069544719,BPM6,TUR,Turkey,975.355179,DEU,Germany,266.459636,708.8955430000001,0.7268075858548346,TRUE,TRUE,common_bpm5_bpm6,TRUE,FALSE,FALSE,FALSE,TRUE,FALSE,FALSE,TRUE,FALSE,FALSE,TRUE,TRUE,TRUE,TRUE,0.04702828069544719,TRUE
BPM5,goods_services_exports_combined,Bens + serviços: exportações,MLI,Mali,2007,FRA,France,193.388886,CHN,China,60.90731699999999,132.48156900000004,0.6850526508539897,BPM6,FRA,France,88.12661600000001,USA,United States,77.442872,10.683744000000019,0.12123175137009705,TRUE,TRUE,common_bpm5_bpm6,TRUE,TRUE,FALSE,FALSE,FALSE,FALSE,TRUE,TRUE,FALSE,FALSE,TRUE,FALSE,FALSE,TRUE,0.12123175137009705,FALSE
BPM5,goods_services_exports_combined,Bens + serviços: exportações,MYS,Malaysia,2008,SGP,Singapore,40105.90582599999,CHN,China,33356.26784000001,6749.63798599998,0.16829536316380372,BPM6,SGP,Singapore,41885.13657899999,USA,United States,33289.39338799999,8595.743191000001,0.2052218016476437,TRUE,TRUE,common_bpm5_bpm6,TRUE,TRUE,FALSE,FALSE,FALSE,FALSE,TRUE,TRUE,FALSE,FALSE,TRUE,FALSE,FALSE,TRUE,0.16829536316380372,FALSE
BPM5,goods_services_exports_combined,Bens + serviços: exportações,OMN,Oman,2008,CHN,China,12026.931912000002,JPN,Japan,6041.0076340000005,5985.924278000001,0.4977099996739385,BPM6,CHN,China,11720.14861,KOR,South Korea,5725.368149000002,5994.7804609999985,0.5114935535787544,TRUE,TRUE,common_bpm5_bpm6,TRUE,TRUE,FALSE,FALSE,TRUE,TRUE,TRUE,TRUE,TRUE,TRUE,TRUE,TRUE,FALSE,TRUE,0.4977099996739385,FALSE
BPM5,goods_services_exports_combined,Bens + serviços: exportações,OMN,Oman,2011,CHN,China,15407.798534,JPN,Japan,5545.148374999996,9862.650159000004,0.6401076790585198,BPM6,CHN,China,15006.953888999999,KOR,South Korea,5379.405283,9627.548605999998,0.6415391609257179,TRUE,TRUE,common_bpm5_bpm6,TRUE,TRUE,FALSE,FALSE,TRUE,TRUE,TRUE,TRUE,TRUE,TRUE,TRUE,TRUE,FALSE,TRUE,0.6401076790585198,FALSE
BPM5,goods_services_exports_combined,Bens + serviços: exportações,PAK,Pakistan,2012,USA,United States,5918.923419999999,CHN,China,3675.2722290000006,2243.6511909999986,0.379064068208539,BPM6,ARE,United Arab Emirates,5020.512293,USA,United States,4613.5721889999995,406.94010400000025,0.08105549399159698,TRUE,TRUE,common_bpm5_bpm6,TRUE,FALSE,FALSE,FALSE,FALSE,FALSE,TRUE,TRUE,FALSE,FALSE,TRUE,FALSE,FALSE,TRUE,0.08105549399159698,TRUE
BPM5,goods_services_exports_combined,Bens + serviços: exportações,PER,Peru,2010,USA,United States,6864.511214999998,CHN,China,6750.008260999999,114.50295399999868,0.01668042347280202,BPM6,CHN,China,6737.059925999999,USA,United States,6603.266088999997,133.793837000002,0.019859380570990338,TRUE,TRUE,common_bpm5_bpm6,TRUE,FALSE,FALSE,TRUE,FALSE,TRUE,FALSE,TRUE,TRUE,TRUE,TRUE,TRUE,TRUE,FALSE,0.01668042347280202,TRUE
BPM5,goods_services_exports_combined,Bens + serviços: exportações,PRK,North Korea,2005,CHN,China,450.98164299999996,THA,Thailand,133.078394,317.90324899999996,0.7049139448010747,BPM6,CHN,China,647.782876,KOR,South Korea,395.7145589999999,252.0683170000001,0.3891246995544231,TRUE,TRUE,common_bpm5_bpm6,TRUE,TRUE,FALSE,FALSE,TRUE,TRUE,TRUE,TRUE,TRUE,TRUE,TRUE,TRUE,FALSE,TRUE,0.3891246995544231,FALSE
BPM5,goods_services_exports_combined,Bens + serviços: exportações,PRK,North Korea,2006,IND,India,473.07529900000003,CHN,China,442.70866299999994,30.366636000000085,0.06418985743747335,BPM6,CHN,China,679.1138679999999,IND,India,558.1334280000001,120.98043999999982,0.1781445582259849,TRUE,TRUE,common_bpm5_bpm6,TRUE,FALSE,FALSE,TRUE,FALSE,TRUE,FALSE,TRUE,TRUE,TRUE,TRUE,TRUE,TRUE,FALSE,0.06418985743747335,TRUE
BPM5,goods_services_exports_combined,Bens + serviços: exportações,PRK,North Korea,2008,CHN,China,730.7108420000001,VEN,Venezuela,206.59803900000006,524.112803,0.7172643032987869,BPM6,CHN,China,1062.554173,KOR,South Korea,593.8699019999999,468.6842710000001,0.44109211832157574,TRUE,TRUE,common_bpm5_bpm6,TRUE,TRUE,FALSE,FALSE,TRUE,TRUE,TRUE,TRUE,TRUE,TRUE,TRUE,TRUE,FALSE,TRUE,0.44109211832157574,FALSE
BPM5,goods_services_exports_combined,Bens + serviços: exportações,PRK,North Korea,2009,CHN,China,768.5144999999999,BRA,Brazil,100.83518199999999,667.6793179999999,0.8687920891538156,BPM6,CHN,China,1075.309167,KOR,South Korea,465.25670999999994,610.052457,0.567327495869846,TRUE,TRUE,common_bpm5_bpm6,TRUE,TRUE,FALSE,FALSE,TRUE,TRUE,TRUE,TRUE,TRUE,TRUE,TRUE,TRUE,FALSE,TRUE,0.567327495869846,FALSE
BPM5,goods_services_exports_combined,Bens + serviços: exportações,PRK,North Korea,2010,CHN,China,1183.2608240000002,BRA,Brazil,126.823184,1056.43764,0.8928189107357787,BPM6,CHN,China,1576.72226,KOR,South Korea,580.7765410000001,995.9457189999999,0.6316557736680903,TRUE,TRUE,common_bpm5_bpm6,TRUE,TRUE,FALSE,FALSE,TRUE,TRUE,TRUE,TRUE,TRUE,TRUE,TRUE,TRUE,FALSE,TRUE,0.6316557736680903,FALSE
BPM5,goods_services_exports_combined,Bens + serviços: exportações,PRK,North Korea,2011,CHN,China,2467.6628050000004,BHR,Bahrain,236.41394400000004,2231.2488610000005,0.9041951989870837,BPM6,CHN,China,2993.0958500000006,KOR,South Korea,630.606417,2362.4894330000006,0.7893129894253137,TRUE,TRUE,common_bpm5_bpm6,TRUE,TRUE,FALSE,FALSE,TRUE,TRUE,TRUE,TRUE,TRUE,TRUE,TRUE,TRUE,FALSE,TRUE,0.7893129894253137,FALSE
BPM5,goods_services_exports_combined,Bens + serviços: exportações,PRK,North Korea,2012,CHN,China,2497.331615,IDN,Indonesia,61.56083999999999,2435.770775,0.9753493530333576,BPM6,CHN,China,3091.756371,KOR,South Korea,666.3729099999999,2425.383461,0.784467846092133,TRUE,TRUE,common_bpm5_bpm6,TRUE,TRUE,FALSE,FALSE,TRUE,TRUE,TRUE,TRUE,TRUE,TRUE,TRUE,TRUE,FALSE,TRUE,0.784467846092133,FALSE
BPM5,goods_services_exports_combined,Bens + serviços: exportações,RUS,Russia,2009,DEU,Germany,26090.894547999993,USA,United States,22564.862103999993,3526.0324440000004,0.13514417596963113,BPM6,DEU,Germany,25391.339094999996,CHN,China,22628.914595000002,2762.4244999999937,0.10879396670118766,TRUE,TRUE,common_bpm5_bpm6,TRUE,TRUE,FALSE,FALSE,FALSE,FALSE,TRUE,FALSE,TRUE,FALSE,TRUE,FALSE,FALSE,TRUE,0.10879396670118766,FALSE
BPM5,goods_services_exports_combined,Bens + serviços: exportações,RWA,Rwanda,2006,KEN,Kenya,32.060365,CHN,China,26.854279,5.206085999999999,0.16238386556110634,BPM6,USA,United States,79.078939,KEN,Kenya,31.015545,48.063394,0.6077900716396815,TRUE,TRUE,common_bpm5_bpm6,TRUE,FALSE,FALSE,FALSE,FALSE,FALSE,TRUE,TRUE,FALSE,FALSE,TRUE,FALSE,FALSE,TRUE,0.16238386556110634,FALSE
BPM5,goods_services_exports_combined,Bens + serviços: exportações,RWA,Rwanda,2010,CHE,Switzerland,102.35602,CHN,China,50.427791000000006,51.928228999999995,0.507329505387177,BPM6,USA,United States,100.537124,CHE,Switzerland,64.20161999999999,36.335504000000014,0.36141379974227245,TRUE,TRUE,common_bpm5_bpm6,TRUE,FALSE,FALSE,FALSE,FALSE,FALSE,TRUE,TRUE,FALSE,FALSE,TRUE,FALSE,FALSE,TRUE,0.36141379974227245,FALSE
BPM5,goods_services_exports_combined,Bens + serviços: exportações,RWA,Rwanda,2012,KEN,Kenya,109.56451899999999,CHN,China,87.488169,22.07634999999999,0.2014917803819318,BPM6,USA,United States,122.18751700000001,KEN,Kenya,100.994852,21.19266500000002,0.17344378149528988,TRUE,TRUE,common_bpm5_bpm6,TRUE,FALSE,FALSE,FALSE,FALSE,FALSE,TRUE,TRUE,FALSE,FALSE,TRUE,FALSE,FALSE,TRUE,0.17344378149528988,FALSE
BPM5,goods_services_exports_combined,Bens + serviços: exportações,SAU,Saudi Arabia,2012,USA,United States,58477.91604199998,CHN,China,56085.783856999966,2392.1321850000168,0.040906590845028415,BPM6,USA,United States,58246.411151999986,JPN,Japan,55662.707566000005,2583.7035859999814,0.04435815932517356,TRUE,TRUE,common_bpm5_bpm6,TRUE,TRUE,FALSE,FALSE,FALSE,FALSE,TRUE,TRUE,FALSE,FALSE,TRUE,FALSE,FALSE,TRUE,0.040906590845028415,TRUE
BPM5,goods_services_exports_combined,Bens + serviços: exportações,SGP,Singapore,2005,USA,United States,19909.335461999992,HKG,Hong Kong,19215.67088,693.6645819999903,0.03484117203831113,BPM6,CHN,China,19263.286461999985,USA,United States,19129.398253999992,133.88820799999303,0.006950434354185078,TRUE,TRUE,common_bpm5_bpm6,TRUE,FALSE,FALSE,FALSE,FALSE,TRUE,FALSE,FALSE,TRUE,FALSE,TRUE,TRUE,TRUE,TRUE,0.006950434354185078,TRUE
BPM5,goods_services_exports_combined,Bens + serviços: exportações,SGP,Singapore,2008,HKG,Hong Kong,28628.914525999997,IDN,Indonesia,25041.85372299999,3587.0608030000076,0.12529503344397977,BPM6,HKG,Hong Kong,27989.590941,CHN,China,25504.452836000004,2485.1381049999945,0.08878793942499849,TRUE,TRUE,common_bpm5_bpm6,TRUE,TRUE,FALSE,FALSE,FALSE,FALSE,TRUE,FALSE,TRUE,FALSE,TRUE,FALSE,FALSE,TRUE,0.08878793942499849,TRUE
BPM5,goods_services_exports_combined,Bens + serviços: exportações,SLB,Solomon Islands,2005,CHN,China,141.927232,AUS,Australia,101.16616,40.761072,0.28719697711007286,BPM6,CHN,China,102.02373999999999,KOR,South Korea,34.136668,67.88707199999999,0.665404659738998,TRUE,TRUE,common_bpm5_bpm6,TRUE,TRUE,FALSE,FALSE,TRUE,TRUE,TRUE,TRUE,TRUE,TRUE,TRUE,TRUE,FALSE,TRUE,0.28719697711007286,FALSE
BPM5,goods_services_exports_combined,Bens + serviços: exportações,SLB,Solomon Islands,2006,CHN,China,180.788216,AUS,Australia,102.75076299999999,78.03745300000001,0.43165121447959864,BPM6,CHN,China,131.762341,KOR,South Korea,30.764637,100.997704,0.766514189361587,TRUE,TRUE,common_bpm5_bpm6,TRUE,TRUE,FALSE,FALSE,TRUE,TRUE,TRUE,TRUE,TRUE,TRUE,TRUE,TRUE,FALSE,TRUE,0.43165121447959864,FALSE
BPM5,goods_services_exports_combined,Bens + serviços: exportações,SLB,Solomon Islands,2007,CHN,China,261.180658,AUS,Australia,148.113914,113.066744,0.43290626827351053,BPM6,CHN,China,191.201583,KOR,South Korea,27.426177000000003,163.775406,0.8565588392644218,TRUE,TRUE,common_bpm5_bpm6,TRUE,TRUE,FALSE,FALSE,TRUE,TRUE,TRUE,TRUE,TRUE,TRUE,TRUE,TRUE,FALSE,TRUE,0.43290626827351053,FALSE
BPM5,goods_services_exports_combined,Bens + serviços: exportações,SLB,Solomon Islands,2008,CHN,China,314.59053,AUS,Australia,147.839439,166.751091,0.5300575672128465,BPM6,CHN,China,225.291786,THA,Thailand,31.889353999999997,193.402432,0.8584530995728358,TRUE,TRUE,common_bpm5_bpm6,TRUE,TRUE,FALSE,FALSE,TRUE,TRUE,TRUE,TRUE,TRUE,TRUE,TRUE,TRUE,FALSE,TRUE,0.5300575672128465,FALSE
BPM5,goods_services_exports_combined,Bens + serviços: exportações,SLB,Solomon Islands,2009,CHN,China,270.93225199999995,AUS,Australia,112.68941999999998,158.24283199999996,0.5840679019639198,BPM6,CHN,China,188.73902299999997,ESP,Spain,18.425586,170.31343699999996,0.9023753238353893,TRUE,TRUE,common_bpm5_bpm6,TRUE,TRUE,FALSE,FALSE,TRUE,TRUE,TRUE,TRUE,TRUE,TRUE,TRUE,TRUE,FALSE,TRUE,0.5840679019639198,FALSE
BPM5,goods_services_exports_combined,Bens + serviços: exportações,SLB,Solomon Islands,2010,CHN,China,419.930579,AUS,Australia,129.118807,290.811772,0.6925234468338158,BPM6,CHN,China,301.826271,ITA,Italy,23.949279,277.87699200000003,0.9206521058599303,TRUE,TRUE,common_bpm5_bpm6,TRUE,TRUE,FALSE,FALSE,TRUE,TRUE,TRUE,TRUE,TRUE,TRUE,TRUE,TRUE,FALSE,TRUE,0.6925234468338158,FALSE
BPM5,goods_services_exports_combined,Bens + serviços: exportações,TJK,Tajikistan,2009,RUS,Russia,397.937535,CHN,China,240.90075300000004,157.036782,0.394626714466631,BPM6,USA,United States,1096.269104,RUS,Russia,417.35120599999993,678.917898,0.6192985787183145,TRUE,TRUE,common_bpm5_bpm6,TRUE,FALSE,FALSE,FALSE,FALSE,FALSE,TRUE,TRUE,FALSE,FALSE,TRUE,FALSE,FALSE,TRUE,0.394626714466631,FALSE
BPM5,goods_services_exports_combined,Bens + serviços: exportações,TZA,Tanzania,2005,ZAF,South Africa,344.232724,GBR,United Kingdom,242.443789,101.78893500000001,0.29569802027305225,BPM6,ZAF,South Africa,334.37956,CHN,China,232.31340400000002,102.066156,0.3052404160110744,TRUE,TRUE,common_bpm5_bpm6,TRUE,TRUE,FALSE,FALSE,FALSE,FALSE,TRUE,FALSE,TRUE,FALSE,TRUE,FALSE,FALSE,TRUE,0.29569802027305225,FALSE
BPM5,goods_services_exports_combined,Bens + serviços: exportações,TZA,Tanzania,2007,CHE,Switzerland,602.8362219999999,CHN,China,304.5027750000001,298.3334469999998,0.4948830811961393,BPM6,CHE,Switzerland,464.197169,USA,United States,330.70449399999995,133.49267500000002,0.2875775293666214,TRUE,TRUE,common_bpm5_bpm6,TRUE,TRUE,FALSE,FALSE,FALSE,FALSE,TRUE,TRUE,FALSE,FALSE,TRUE,FALSE,FALSE,TRUE,0.2875775293666214,FALSE
BPM5,goods_services_exports_combined,Bens + serviços: exportações,URY,Uruguay,2008,BRA,Brazil,1750.6691610000012,CHN,China,732.8586799999999,1017.8104810000012,0.5813836809798014,BPM6,BRA,Brazil,1608.895387000001,ARG,Argentina,989.1027380000002,619.7926490000008,0.38522868174523545,TRUE,TRUE,common_bpm5_bpm6,TRUE,TRUE,FALSE,FALSE,FALSE,FALSE,TRUE,TRUE,FALSE,FALSE,TRUE,FALSE,FALSE,TRUE,0.38522868174523545,FALSE
BPM5,goods_services_exports_combined,Bens + serviços: exportações,UZB,Uzbekistan,2011,RUS,Russia,2110.318897,CHN,China,985.1606519999999,1125.158245,0.5331697719238118,BPM6,RUS,Russia,2083.7553100000005,TUR,Turkey,1002.2264139999999,1081.5288960000007,0.5190287414312578,TRUE,TRUE,common_bpm5_bpm6,TRUE,TRUE,FALSE,FALSE,FALSE,FALSE,TRUE,TRUE,FALSE,FALSE,TRUE,FALSE,FALSE,TRUE,0.5190287414312578,FALSE
BPM5,goods_services_exports_combined,Bens + serviços: exportações,ZMB,Zambia,2006,KOR,South Korea,470.798306,THA,Thailand,307.76875799999993,163.0295480000001,0.3462832085891152,BPM6,KOR,South Korea,460.948165,CHN,China,309.346315,151.60185,0.3288913190488566,TRUE,TRUE,common_bpm5_bpm6,TRUE,TRUE,FALSE,FALSE,FALSE,FALSE,TRUE,FALSE,TRUE,FALSE,TRUE,FALSE,FALSE,TRUE,0.3288913190488566,FALSE
BPM5,goods_services_two_way_combined,Bens + serviços: exportações + importações,ARM,Armenia,2009,RUS,Russia,1280.9963079999998,CHN,China,354.998465,925.9978429999998,0.7228731552284848,BPM6,RUS,Russia,1251.1060329999996,USA,United States,394.864987,856.2410459999996,0.6843872728731378,TRUE,TRUE,common_bpm5_bpm6,TRUE,TRUE,FALSE,FALSE,FALSE,FALSE,TRUE,TRUE,FALSE,FALSE,TRUE,FALSE,FALSE,TRUE,0.6843872728731378,FALSE
BPM5,goods_services_two_way_combined,Bens + serviços: exportações + importações,ATG,Antigua & Barbuda,2008,CHN,China,544.2938750000001,USA,United States,380.75311800000003,163.54075700000004,0.3004640774250859,BPM6,USA,United States,618.493863,CHN,China,562.178163,56.31569999999999,0.09105296490225642,TRUE,TRUE,common_bpm5_bpm6,TRUE,FALSE,FALSE,TRUE,TRUE,FALSE,FALSE,TRUE,TRUE,TRUE,TRUE,TRUE,TRUE,FALSE,0.09105296490225642,TRUE
BPM5,goods_services_two_way_combined,Bens + serviços: exportações + importações,ATG,Antigua & Barbuda,2011,NGA,Nigeria,6276.104481,CHN,China,601.8804559999998,5674.224025,0.9040996755515932,BPM6,NGA,Nigeria,5989.238372,USA,United States,636.595892,5352.6424799999995,0.89371004250288,TRUE,TRUE,common_bpm5_bpm6,TRUE,TRUE,FALSE,FALSE,FALSE,FALSE,TRUE,TRUE,FALSE,FALSE,TRUE,FALSE,FALSE,TRUE,0.89371004250288,FALSE
BPM5,goods_services_two_way_combined,Bens + serviços: exportações + importações,BDI,Burundi,2012,ARE,United Arab Emirates,195.461927,BEL,Belgium,106.55462500000003,88.90730199999997,0.45485739020673815,BPM6,ARE,United Arab Emirates,196.83227399999998,CHN,China,123.93950800000003,72.89276599999995,0.3703293393846578,TRUE,TRUE,common_bpm5_bpm6,TRUE,TRUE,FALSE,FALSE,FALSE,FALSE,TRUE,FALSE,TRUE,FALSE,TRUE,FALSE,FALSE,TRUE,0.3703293393846578,FALSE
BPM5,goods_services_two_way_combined,Bens + serviços: exportações + importações,BEN,Benin,2005,CHN,China,256.797665,FRA,France,248.92762400000004,7.870040999999958,0.03064685576482932,BPM6,FRA,France,276.24536900000004,CHN,China,251.70170000000002,24.543669000000023,0.08884735005277145,TRUE,TRUE,common_bpm5_bpm6,TRUE,FALSE,FALSE,TRUE,TRUE,FALSE,FALSE,TRUE,TRUE,TRUE,TRUE,TRUE,TRUE,FALSE,0.03064685576482932,TRUE
BPM5,goods_services_two_way_combined,Bens + serviços: exportações + importações,BEN,Benin,2009,FRA,France,557.1830019999999,NGA,Nigeria,377.189552,179.99344999999988,0.3230418899247036,BPM6,FRA,France,418.9812169999999,CHN,China,350.99826900000016,67.98294799999974,0.1622577462702815,TRUE,TRUE,common_bpm5_bpm6,TRUE,TRUE,FALSE,FALSE,FALSE,FALSE,TRUE,FALSE,TRUE,FALSE,TRUE,FALSE,FALSE,TRUE,0.1622577462702815,FALSE
BPM5,goods_services_two_way_combined,Bens + serviços: exportações + importações,BEN,Benin,2012,CHN,China,1370.462156,FRA,France,558.3526069999999,812.1095490000001,0.5925807914100476,BPM6,CHN,China,1383.345319,IND,India,543.4515389999999,839.8937800000001,0.6071468695951832,TRUE,TRUE,common_bpm5_bpm6,TRUE,TRUE,FALSE,FALSE,TRUE,TRUE,TRUE,TRUE,TRUE,TRUE,TRUE,TRUE,FALSE,TRUE,0.5925807914100476,FALSE
BPM5,goods_services_two_way_combined,Bens + serviços: exportações + importações,BFA,Burkina Faso,2007,FRA,France,437.837245,CHN,China,347.6648980000001,90.17234699999989,0.2059494664507125,BPM6,FRA,France,397.94328900000005,CIV,Côte d'Ivoire,340.1178180000003,57.825470999999766,0.14531083347406257,TRUE,TRUE,common_bpm5_bpm6,TRUE,TRUE,FALSE,FALSE,FALSE,FALSE,TRUE,TRUE,FALSE,FALSE,TRUE,FALSE,FALSE,TRUE,0.14531083347406257,FALSE
BPM5,goods_services_two_way_combined,Bens + serviços: exportações + importações,BFA,Burkina Faso,2012,CHE,Switzerland,1594.8868419999997,FRA,France,720.440045,874.4467969999996,0.5482814040295404,BPM6,CHE,Switzerland,1490.5931159999998,CHN,China,627.174433,863.4186829999998,0.579245049324379,TRUE,TRUE,common_bpm5_bpm6,TRUE,TRUE,FALSE,FALSE,FALSE,FALSE,TRUE,FALSE,TRUE,FALSE,TRUE,FALSE,FALSE,TRUE,0.5482814040295404,FALSE
BPM5,goods_services_two_way_combined,Bens + serviços: exportações + importações,BGD,Bangladesh,2010,USA,United States,5885.403346999999,CHN,China,5861.455616000004,23.947730999994747,0.004069004210595314,BPM6,CHN,China,6184.569049000004,USA,United States,6114.954406999999,69.614642000005,0.011256183163038844,TRUE,TRUE,common_bpm5_bpm6,TRUE,FALSE,FALSE,TRUE,FALSE,TRUE,FALSE,TRUE,TRUE,TRUE,TRUE,TRUE,TRUE,FALSE,0.004069004210595314,TRUE
BPM5,goods_services_two_way_combined,Bens + serviços: exportações + importações,CMR,Cameroon,2012,FRA,France,1891.8770929999998,CHN,China,1722.505487,169.37160599999993,0.08952569203712006,BPM6,CHN,China,1719.210862,FRA,France,1600.3911449999998,118.81971700000008,0.06911293991114865,TRUE,TRUE,common_bpm5_bpm6,TRUE,FALSE,FALSE,TRUE,FALSE,TRUE,FALSE,TRUE,TRUE,TRUE,TRUE,TRUE,TRUE,FALSE,0.06911293991114865,TRUE
BPM5,goods_services_two_way_combined,Bens + serviços: exportações + importações,COD,Congo - Kinshasa,2009,CHN,China,1590.0010660000003,ZMB,Zambia,776.5004809999999,813.5005850000003,0.5116352450294522,BPM6,CHN,China,1513.535442,USA,United States,807.134951,706.4004910000001,0.4667221337523195,TRUE,TRUE,common_bpm5_bpm6,TRUE,TRUE,FALSE,FALSE,TRUE,TRUE,TRUE,TRUE,TRUE,TRUE,TRUE,TRUE,FALSE,TRUE,0.4667221337523195,FALSE
BPM5,goods_services_two_way_combined,Bens + serviços: exportações + importações,COG,Congo - Brazzaville,2009,USA,United States,4042.7365589999995,FRA,France,2254.353486,1788.3830729999995,0.44236943142354274,BPM6,USA,United States,3560.1583809999993,CHN,China,2085.460111,1474.6982699999994,0.4142226587081716,TRUE,TRUE,common_bpm5_bpm6,TRUE,TRUE,FALSE,FALSE,FALSE,FALSE,TRUE,FALSE,TRUE,FALSE,TRUE,FALSE,FALSE,TRUE,0.4142226587081716,FALSE
BPM5,goods_services_two_way_combined,Bens + serviços: exportações + importações,CUB,Cuba,2009,CHN,China,2029.0778059999998,ESP,Spain,1129.221185,899.8566209999997,0.4434805892307906,BPM6,CHN,China,1934.9855019999998,USA,United States,1689.6611829999997,245.32431900000006,0.12678354372497003,TRUE,TRUE,common_bpm5_bpm6,TRUE,TRUE,FALSE,FALSE,TRUE,TRUE,TRUE,TRUE,TRUE,TRUE,TRUE,TRUE,FALSE,TRUE,0.12678354372497003,FALSE
BPM5,goods_services_two_way_combined,Bens + serviços: exportações + importações,CUB,Cuba,2010,CHN,China,2386.1378340000006,ESP,Spain,1236.662074,1149.4757600000005,0.4817306626721884,BPM6,CHN,China,2320.6457770000006,USA,United States,1610.0012779999997,710.6444990000009,0.30622704509375054,TRUE,TRUE,common_bpm5_bpm6,TRUE,TRUE,FALSE,FALSE,TRUE,TRUE,TRUE,TRUE,TRUE,TRUE,TRUE,TRUE,FALSE,TRUE,0.30622704509375054,FALSE
BPM5,goods_services_two_way_combined,Bens + serviços: exportações + importações,CUB,Cuba,2011,CHN,China,2588.818237,ESP,Spain,1458.7967670000005,1130.0214699999995,0.43650089212501153,BPM6,CHN,China,2473.237468,USA,United States,1768.6691099999998,704.568358,0.2848769546459095,TRUE,TRUE,common_bpm5_bpm6,TRUE,TRUE,FALSE,FALSE,TRUE,TRUE,TRUE,TRUE,TRUE,TRUE,TRUE,TRUE,FALSE,TRUE,0.2848769546459095,FALSE
BPM5,goods_services_two_way_combined,Bens + serviços: exportações + importações,DJI,Djibouti,2010,CHN,China,472.40497500000015,IND,India,354.31230500000004,118.09267000000011,0.2499818508473584,BPM6,CHN,China,472.6606830000001,USA,United States,349.754415,122.90626800000013,0.2600306571299904,TRUE,TRUE,common_bpm5_bpm6,TRUE,TRUE,FALSE,FALSE,TRUE,TRUE,TRUE,TRUE,TRUE,TRUE,TRUE,TRUE,FALSE,TRUE,0.2499818508473584,FALSE
BPM5,goods_services_two_way_combined,Bens + serviços: exportações + importações,EGY,Egypt,2011,USA,United States,13074.9727,DEU,Germany,8387.98816,4686.9845399999995,0.3584699293483037,BPM6,USA,United States,12539.719430000001,CHN,China,8200.880694000003,4338.838735999998,0.3460076407786101,TRUE,TRUE,common_bpm5_bpm6,TRUE,TRUE,FALSE,FALSE,FALSE,FALSE,TRUE,FALSE,TRUE,FALSE,TRUE,FALSE,FALSE,TRUE,0.3460076407786101,FALSE
BPM5,goods_services_two_way_combined,Bens + serviços: exportações + importações,ERI,Eritrea,2008,ITA,Italy,41.40143199999999,ARE,United Arab Emirates,35.31748500000001,6.083946999999981,0.14695015863219374,BPM6,ITA,Italy,71.524259,CHN,China,40.575585000000004,30.948673999999997,0.4327017774486835,TRUE,TRUE,common_bpm5_bpm6,TRUE,TRUE,FALSE,FALSE,FALSE,FALSE,TRUE,FALSE,TRUE,FALSE,TRUE,FALSE,FALSE,TRUE,0.14695015863219374,FALSE
BPM5,goods_services_two_way_combined,Bens + serviços: exportações + importações,ETH,Ethiopia,2006,SAU,Saudi Arabia,1132.7516849999995,CHN,China,869.2184789999999,263.5332059999996,0.2326486991718752,BPM6,SAU,Saudi Arabia,1121.2865249999998,USA,United States,978.6446270000001,142.64189799999963,0.12721271041761575,TRUE,TRUE,common_bpm5_bpm6,TRUE,TRUE,FALSE,FALSE,FALSE,FALSE,TRUE,TRUE,FALSE,FALSE,TRUE,FALSE,FALSE,TRUE,0.12721271041761575,FALSE
BPM5,goods_services_two_way_combined,Bens + serviços: exportações + importações,ETH,Ethiopia,2007,CHN,China,1324.940162,SAU,Saudi Arabia,853.7160490000001,471.224113,0.3556569017341026,BPM6,CHN,China,1342.489464,USA,United States,1289.926863,52.562601000000086,0.03915308269413732,TRUE,TRUE,common_bpm5_bpm6,TRUE,TRUE,FALSE,FALSE,TRUE,TRUE,TRUE,TRUE,TRUE,TRUE,TRUE,TRUE,FALSE,TRUE,0.03915308269413732,TRUE
BPM5,goods_services_two_way_combined,Bens + serviços: exportações + importações,ETH,Ethiopia,2008,CHN,China,1968.340647,SAU,Saudi Arabia,1492.670643,475.67000400000006,0.2416604080828089,BPM6,CHN,China,2011.325326,USA,United States,1553.5306330000003,457.7946929999996,0.22760847640219076,TRUE,TRUE,common_bpm5_bpm6,TRUE,TRUE,FALSE,FALSE,TRUE,TRUE,TRUE,TRUE,TRUE,TRUE,TRUE,TRUE,FALSE,TRUE,0.22760847640219076,FALSE
BPM5,goods_services_two_way_combined,Bens + serviços: exportações + importações,ETH,Ethiopia,2009,CHN,China,2325.590936,SAU,Saudi Arabia,1166.695714,1158.895222,0.4983229011002647,BPM6,CHN,China,2345.2053750000005,USA,United States,1564.585062,780.6203130000004,0.3328579753916009,TRUE,TRUE,common_bpm5_bpm6,TRUE,TRUE,FALSE,FALSE,TRUE,TRUE,TRUE,TRUE,TRUE,TRUE,TRUE,TRUE,FALSE,TRUE,0.3328579753916009,FALSE
BPM5,goods_services_two_way_combined,Bens + serviços: exportações + importações,ETH,Ethiopia,2010,CHN,China,2509.205761,SAU,Saudi Arabia,1304.1141450000002,1205.091616,0.480268152867516,BPM6,CHN,China,2544.1749980000004,USA,United States,1641.7230539999998,902.4519440000006,0.35471299918811655,TRUE,TRUE,common_bpm5_bpm6,TRUE,TRUE,FALSE,FALSE,TRUE,TRUE,TRUE,TRUE,TRUE,TRUE,TRUE,TRUE,FALSE,TRUE,0.35471299918811655,FALSE
BPM5,goods_services_two_way_combined,Bens + serviços: exportações + importações,ETH,Ethiopia,2011,CHN,China,2209.0565349999997,SAU,Saudi Arabia,1223.565168,985.4913669999996,0.446114144833328,BPM6,CHN,China,2284.6099579999996,USA,United States,1890.244015,394.36594299999956,0.1726184995469584,TRUE,TRUE,common_bpm5_bpm6,TRUE,TRUE,FALSE,FALSE,TRUE,TRUE,TRUE,TRUE,TRUE,TRUE,TRUE,TRUE,FALSE,TRUE,0.1726184995469584,FALSE
BPM5,goods_services_two_way_combined,Bens + serviços: exportações + importações,GHA,Ghana,2010,USA,United States,2281.3113230000004,CHN,China,1291.7214839999995,989.5898390000009,0.4337811455293429,BPM6,USA,United States,2444.445745,GBR,United Kingdom,1383.5181559999999,1060.9275890000001,0.4340156009476087,TRUE,TRUE,common_bpm5_bpm6,TRUE,TRUE,FALSE,FALSE,FALSE,FALSE,TRUE,TRUE,FALSE,FALSE,TRUE,FALSE,FALSE,TRUE,0.4337811455293429,FALSE
BPM5,goods_services_two_way_combined,Bens + serviços: exportações + importações,GHA,Ghana,2012,CHN,China,3281.782174,USA,United States,3164.5569380000006,117.22523599999931,0.035719992913825646,BPM6,USA,United States,3349.9563720000006,CHN,China,3348.8865640000004,1.0698080000001937,3.1934983062525496e-4,TRUE,TRUE,common_bpm5_bpm6,TRUE,FALSE,FALSE,TRUE,TRUE,FALSE,FALSE,TRUE,TRUE,TRUE,TRUE,TRUE,TRUE,FALSE,3.1934983062525496e-4,TRUE
BPM5,goods_services_two_way_combined,Bens + serviços: exportações + importações,GIN,Guinea,2010,FRA,France,521.9833560000002,CHN,China,505.35344000000003,16.62991600000015,0.03185909245734675,BPM6,CHN,China,506.74404400000003,IND,India,462.530326,44.21371800000003,0.08725059233256627,TRUE,TRUE,common_bpm5_bpm6,TRUE,FALSE,FALSE,FALSE,FALSE,TRUE,FALSE,TRUE,TRUE,TRUE,TRUE,TRUE,TRUE,TRUE,0.03185909245734675,TRUE
BPM5,goods_services_two_way_combined,Bens + serviços: exportações + importações,GIN,Guinea,2011,FRA,France,682.045206,CHN,China,669.9934710000001,12.051734999999894,0.0176699944431541,BPM6,CHN,China,679.1521500000001,CHL,Chile,610.6647210000001,68.48742900000002,0.1008425416896641,TRUE,TRUE,common_bpm5_bpm6,TRUE,FALSE,FALSE,FALSE,FALSE,TRUE,FALSE,TRUE,TRUE,TRUE,TRUE,TRUE,TRUE,TRUE,0.0176699944431541,TRUE
BPM5,goods_services_two_way_combined,Bens + serviços: exportações + importações,GIN,Guinea,2012,CHN,China,798.7607150000001,FRA,France,666.8953350000002,131.86537999999996,0.16508746302076202,BPM6,CHN,China,809.1461120000001,NLD,Netherlands,535.6828669999999,273.46324500000026,0.33796522153961756,TRUE,TRUE,common_bpm5_bpm6,TRUE,TRUE,FALSE,FALSE,TRUE,TRUE,TRUE,TRUE,TRUE,TRUE,TRUE,TRUE,FALSE,TRUE,0.16508746302076202,FALSE
BPM5,goods_services_two_way_combined,Bens + serviços: exportações + importações,GMB,Gambia,2011,CHN,China,123.98536299999998,IND,India,97.20816100000002,26.77720199999996,0.21597067066698805,BPM6,USA,United States,188.34174399999998,CHN,China,155.75673399999997,32.58501000000001,0.17301002586022574,TRUE,TRUE,common_bpm5_bpm6,TRUE,FALSE,FALSE,FALSE,TRUE,FALSE,FALSE,TRUE,TRUE,TRUE,TRUE,TRUE,TRUE,TRUE,0.17301002586022574,FALSE
BPM5,goods_services_two_way_combined,Bens + serviços: exportações + importações,GMB,Gambia,2012,CHN,China,181.516342,CIV,Côte d'Ivoire,102.12716199999998,79.38918000000002,0.43736657055374123,BPM6,CHN,China,216.37228100000002,USA,United States,185.645413,30.726868000000024,0.1420092622677487,TRUE,TRUE,common_bpm5_bpm6,TRUE,TRUE,FALSE,FALSE,TRUE,TRUE,TRUE,TRUE,TRUE,TRUE,TRUE,TRUE,FALSE,TRUE,0.1420092622677487,FALSE
BPM5,goods_services_two_way_combined,Bens + serviços: exportações + importações,GNQ,Equatorial Guinea,2006,USA,United States,2999.7204340000003,CHN,China,2623.5590110000003,376.161423,0.12539882674946634,BPM6,CHN,China,2644.6202490000005,USA,United States,2569.8118890000005,74.80836,0.028286995090613474,TRUE,TRUE,common_bpm5_bpm6,TRUE,FALSE,FALSE,TRUE,FALSE,TRUE,FALSE,TRUE,TRUE,TRUE,TRUE,TRUE,TRUE,FALSE,0.028286995090613474,TRUE
BPM5,goods_services_two_way_combined,Bens + serviços: exportações + importações,GNQ,Equatorial Guinea,2011,ESP,Spain,2552.0145079999998,USA,United States,2139.094144,412.9203639999996,0.16180173063498887,BPM6,ESP,Spain,2385.2372,CHN,China,2181.613161,203.6240389999998,0.08536846524110886,TRUE,TRUE,common_bpm5_bpm6,TRUE,TRUE,FALSE,FALSE,FALSE,FALSE,TRUE,FALSE,TRUE,FALSE,TRUE,FALSE,FALSE,TRUE,0.08536846524110886,TRUE
BPM5,goods_services_two_way_combined,Bens + serviços: exportações + importações,ISR,Israel,2011,USA,United States,40585.67953,GBR,United Kingdom,9785.508639000001,30800.170891,0.7588925760928364,BPM6,USA,United States,40484.939765,CHN,China,9783.130745999997,30701.809019000008,0.7583513572506857,TRUE,TRUE,common_bpm5_bpm6,TRUE,TRUE,FALSE,FALSE,FALSE,FALSE,TRUE,FALSE,TRUE,FALSE,TRUE,FALSE,FALSE,TRUE,0.7583513572506857,FALSE
BPM5,goods_services_two_way_combined,Bens + serviços: exportações + importações,ISR,Israel,2012,USA,United States,40377.262787,GBR,United Kingdom,9550.607297999999,30826.655489,0.7634657072129479,BPM6,USA,United States,40542.20893,CHN,China,9691.066637,30851.142293,0.7609635268336623,TRUE,TRUE,common_bpm5_bpm6,TRUE,TRUE,FALSE,FALSE,FALSE,FALSE,TRUE,FALSE,TRUE,FALSE,TRUE,FALSE,FALSE,TRUE,0.7609635268336623,FALSE
BPM5,goods_services_two_way_combined,Bens + serviços: exportações + importações,KGZ,Kyrgyzstan,2011,RUS,Russia,2363.081602000001,CHE,Switzerland,1184.2218719999998,1178.8597300000013,0.49886543444046527,BPM6,RUS,Russia,2323.157043000001,CHN,China,1221.319477,1101.837566000001,0.474284581543892,TRUE,TRUE,common_bpm5_bpm6,TRUE,TRUE,FALSE,FALSE,FALSE,FALSE,TRUE,FALSE,TRUE,FALSE,TRUE,FALSE,FALSE,TRUE,0.474284581543892,FALSE
BPM5,goods_services_two_way_combined,Bens + serviços: exportações + importações,LBY,Libya,2009,ITA,Italy,15675.225205,DEU,Germany,5077.806683999998,10597.418521000003,0.6760616439258362,BPM6,ITA,Italy,15616.99167,CHN,China,4910.30719,10706.68448,0.6855791887606225,TRUE,TRUE,common_bpm5_bpm6,TRUE,TRUE,FALSE,FALSE,FALSE,FALSE,TRUE,FALSE,TRUE,FALSE,TRUE,FALSE,FALSE,TRUE,0.6760616439258362,FALSE
BPM5,goods_services_two_way_combined,Bens + serviços: exportações + importações,MDG,Madagascar,2010,FRA,France,1428.7718880000002,USA,United States,521.700184,907.0717040000002,0.6348611080735374,BPM6,FRA,France,1078.7463890000001,CHN,China,499.31915299999986,579.4272360000002,0.5371301743472164,TRUE,TRUE,common_bpm5_bpm6,TRUE,TRUE,FALSE,FALSE,FALSE,FALSE,TRUE,FALSE,TRUE,FALSE,TRUE,FALSE,FALSE,TRUE,0.5371301743472164,FALSE
BPM5,goods_services_two_way_combined,Bens + serviços: exportações + importações,MDG,Madagascar,2011,FRA,France,1372.721026,ARE,United Arab Emirates,544.4632900000001,828.2577359999998,0.6033693083389835,BPM6,FRA,France,1203.444467,CHN,China,541.1512529999999,662.2932140000001,0.5503313465315056,TRUE,TRUE,common_bpm5_bpm6,TRUE,TRUE,FALSE,FALSE,FALSE,FALSE,TRUE,FALSE,TRUE,FALSE,TRUE,FALSE,FALSE,TRUE,0.5503313465315056,FALSE
BPM5,goods_services_two_way_combined,Bens + serviços: exportações + importações,MLI,Mali,2006,FRA,France,525.068057,SEN,Senegal,289.443097,235.62495999999993,0.44875127492282385,BPM6,FRA,France,443.243496,CHN,China,283.966765,159.27673099999998,0.359343639415749,TRUE,TRUE,common_bpm5_bpm6,TRUE,TRUE,FALSE,FALSE,FALSE,FALSE,TRUE,FALSE,TRUE,FALSE,TRUE,FALSE,FALSE,TRUE,0.359343639415749,FALSE
BPM5,goods_services_two_way_combined,Bens + serviços: exportações + importações,MLI,Mali,2011,FRA,France,862.3331489999998,SEN,Senegal,790.7552779999999,71.57787099999996,0.08300489327472203,BPM6,SEN,Senegal,771.5192319999999,CHN,China,652.113002,119.40622999999982,0.15476766494914782,TRUE,TRUE,common_bpm5_bpm6,TRUE,FALSE,FALSE,FALSE,FALSE,FALSE,TRUE,FALSE,TRUE,FALSE,TRUE,FALSE,FALSE,TRUE,0.08300489327472203,TRUE
BPM5,goods_services_two_way_combined,Bens + serviços: exportações + importações,MMR,Myanmar (Burma),2011,THA,Thailand,4237.462071000002,CHN,China,4174.614098999999,62.8479720000023,0.014831512576859659,BPM6,CHN,China,4258.733646,THA,Thailand,4225.4649180000015,33.26872799999819,0.007811882772064349,TRUE,TRUE,common_bpm5_bpm6,TRUE,FALSE,FALSE,TRUE,FALSE,TRUE,FALSE,TRUE,TRUE,TRUE,TRUE,TRUE,TRUE,FALSE,0.007811882772064349,TRUE
BPM5,goods_services_two_way_combined,Bens + serviços: exportações + importações,MOZ,Mozambique,2009,ZAF,South Africa,1847.893153,CHN,China,424.908775,1422.984378,0.77005771447869,BPM6,ZAF,South Africa,1840.419882,USA,United States,595.520998,1244.898884,0.6764211233401575,TRUE,TRUE,common_bpm5_bpm6,TRUE,TRUE,FALSE,FALSE,FALSE,FALSE,TRUE,TRUE,FALSE,FALSE,TRUE,FALSE,FALSE,TRUE,0.6764211233401575,FALSE
BPM5,goods_services_two_way_combined,Bens + serviços: exportações + importações,MRT,Mauritania,2012,CHN,China,1828.508931,FRA,France,791.0519599999998,1037.4569710000003,0.5673786730878156,BPM6,CHN,China,1839.220492,ARE,United Arab Emirates,762.2971090000004,1076.9233829999994,0.585532505582805,TRUE,TRUE,common_bpm5_bpm6,TRUE,TRUE,FALSE,FALSE,TRUE,TRUE,TRUE,TRUE,TRUE,TRUE,TRUE,TRUE,FALSE,TRUE,0.5673786730878156,FALSE
BPM5,goods_services_two_way_combined,Bens + serviços: exportações + importações,MWI,Malawi,2010,ZAF,South Africa,722.7838150000001,CHN,China,243.63038699999987,479.15342800000025,0.6629277220326248,BPM6,ZAF,South Africa,755.0691340000001,IND,India,411.129502,343.9396320000001,0.4555074714522764,TRUE,TRUE,common_bpm5_bpm6,TRUE,TRUE,FALSE,FALSE,FALSE,FALSE,TRUE,TRUE,FALSE,FALSE,TRUE,FALSE,FALSE,TRUE,0.4555074714522764,FALSE
BPM5,goods_services_two_way_combined,Bens + serviços: exportações + importações,NPL,Nepal,2006,IND,India,1572.64915,CHN,China,339.85050000000007,1232.79865,0.7838993522490378,BPM6,IND,India,1585.887374,USA,United States,766.023074,819.8643,0.5169751102388183,TRUE,TRUE,common_bpm5_bpm6,TRUE,TRUE,FALSE,FALSE,FALSE,FALSE,TRUE,TRUE,FALSE,FALSE,TRUE,FALSE,FALSE,TRUE,0.5169751102388183,FALSE
BPM5,goods_services_two_way_combined,Bens + serviços: exportações + importações,NPL,Nepal,2007,IND,India,2196.7546269999993,CHN,China,505.9132440000001,1690.8413829999993,0.7696997025603624,BPM6,IND,India,2221.5595779999994,USA,United States,873.244077,1348.3155009999996,0.6069229537448849,TRUE,TRUE,common_bpm5_bpm6,TRUE,TRUE,FALSE,FALSE,FALSE,FALSE,TRUE,TRUE,FALSE,FALSE,TRUE,FALSE,FALSE,TRUE,0.6069229537448849,FALSE
BPM5,goods_services_two_way_combined,Bens + serviços: exportações + importações,NPL,Nepal,2008,IND,India,2819.201173,CHN,China,470.50567,2348.695503,0.8331067415457549,BPM6,IND,India,2807.794172,USA,United States,911.716089,1896.0780829999999,0.675290981763602,TRUE,TRUE,common_bpm5_bpm6,TRUE,TRUE,FALSE,FALSE,FALSE,FALSE,TRUE,TRUE,FALSE,FALSE,TRUE,FALSE,FALSE,TRUE,0.675290981763602,FALSE
BPM5,goods_services_two_way_combined,Bens + serviços: exportações + importações,NPL,Nepal,2009,IND,India,3082.9770339999995,CHN,China,560.5346259999999,2522.442408,0.8181839761314291,BPM6,IND,India,3009.3803659999994,USA,United States,881.8578780000001,2127.522487999999,0.7069636367794391,TRUE,TRUE,common_bpm5_bpm6,TRUE,TRUE,FALSE,FALSE,FALSE,FALSE,TRUE,TRUE,FALSE,FALSE,TRUE,FALSE,FALSE,TRUE,0.7069636367794391,FALSE
BPM5,goods_services_two_way_combined,Bens + serviços: exportações + importações,NPL,Nepal,2010,IND,India,4293.958907000001,CHN,China,706.9731839999998,3586.985723000001,0.8353563228452201,BPM6,IND,India,4312.962369000001,USA,United States,961.9726879999998,3350.989681000001,0.7769577831435979,TRUE,TRUE,common_bpm5_bpm6,TRUE,TRUE,FALSE,FALSE,FALSE,FALSE,TRUE,TRUE,FALSE,FALSE,TRUE,FALSE,FALSE,TRUE,0.7769577831435979,FALSE
BPM5,goods_services_two_way_combined,Bens + serviços: exportações + importações,NPL,Nepal,2011,IND,India,5027.389374000002,CHN,China,803.962779,4223.426595000003,0.8400834470554779,BPM6,IND,India,4956.128791000002,USA,United States,1096.24331,3859.885481000002,0.7788105684439225,TRUE,TRUE,common_bpm5_bpm6,TRUE,TRUE,FALSE,FALSE,FALSE,FALSE,TRUE,TRUE,FALSE,FALSE,TRUE,FALSE,FALSE,TRUE,0.7788105684439225,FALSE
BPM5,goods_services_two_way_combined,Bens + serviços: exportações + importações,NPL,Nepal,2012,IND,India,5034.358289000001,CHN,China,917.9681280000001,4116.390161,0.8176593569023985,BPM6,IND,India,4974.404106000001,USA,United States,1136.1832570000001,3838.2208490000007,0.7715940979484227,TRUE,TRUE,common_bpm5_bpm6,TRUE,TRUE,FALSE,FALSE,FALSE,FALSE,TRUE,TRUE,FALSE,FALSE,TRUE,FALSE,FALSE,TRUE,0.7715940979484227,FALSE
BPM5,goods_services_two_way_combined,Bens + serviços: exportações + importações,OMN,Oman,2011,CHN,China,16553.614251999996,JPN,Japan,8703.055013999996,7850.559238,0.47425046388594566,BPM6,CHN,China,16301.858498999998,ARE,United Arab Emirates,8457.568039,7844.290459999998,0.48118994901600876,TRUE,TRUE,common_bpm5_bpm6,TRUE,TRUE,FALSE,FALSE,TRUE,TRUE,TRUE,TRUE,TRUE,TRUE,TRUE,TRUE,FALSE,TRUE,0.47425046388594566,FALSE
BPM5,goods_services_two_way_combined,Bens + serviços: exportações + importações,PAK,Pakistan,2005,USA,United States,7293.724275,CHN,China,3813.274816,3480.4494589999995,0.47718412813185207,BPM6,USA,United States,6368.894085,ARE,United Arab Emirates,5077.605496999998,1291.2885880000022,0.20274926396424792,TRUE,TRUE,common_bpm5_bpm6,TRUE,TRUE,FALSE,FALSE,FALSE,FALSE,TRUE,TRUE,FALSE,FALSE,TRUE,FALSE,FALSE,TRUE,0.20274926396424792,FALSE
BPM5,goods_services_two_way_combined,Bens + serviços: exportações + importações,PAK,Pakistan,2007,USA,United States,8590.470535999997,CHN,China,6018.88334,2571.5871959999968,0.29935347373851906,BPM6,USA,United States,8138.978721999998,ARE,United Arab Emirates,6272.704829000001,1866.2738929999969,0.2293007460451249,TRUE,TRUE,common_bpm5_bpm6,TRUE,TRUE,FALSE,FALSE,FALSE,FALSE,TRUE,TRUE,FALSE,FALSE,TRUE,FALSE,FALSE,TRUE,0.2293007460451249,FALSE
BPM5,goods_services_two_way_combined,Bens + serviços: exportações + importações,PAK,Pakistan,2010,USA,United States,8492.043508,ARE,United Arab Emirates,7916.918817000002,575.1246909999991,0.06772512298814744,BPM6,ARE,United Arab Emirates,10061.570698000001,CHN,China,7463.478386999999,2598.092311000002,0.2582193564983289,TRUE,TRUE,common_bpm5_bpm6,TRUE,FALSE,FALSE,FALSE,FALSE,FALSE,TRUE,FALSE,TRUE,FALSE,TRUE,FALSE,FALSE,TRUE,0.06772512298814744,TRUE
BPM5,goods_services_two_way_combined,Bens + serviços: exportações + importações,PRK,North Korea,2005,CHN,China,1537.494705,THA,Thailand,351.8319189999999,1185.662786,0.771165443460828,BPM6,CHN,China,1899.7046320000002,KOR,South Korea,721.5607299999999,1178.1439020000003,0.6201721478984108,TRUE,TRUE,common_bpm5_bpm6,TRUE,TRUE,FALSE,FALSE,TRUE,TRUE,TRUE,TRUE,TRUE,TRUE,TRUE,TRUE,FALSE,TRUE,0.6201721478984108,FALSE
BPM5,goods_services_two_way_combined,Bens + serviços: exportações + importações,PRK,North Korea,2006,CHN,China,1672.1688359999994,IND,India,595.4198880000001,1076.7489479999992,0.6439235828456736,BPM6,CHN,China,2104.2564439999996,KOR,South Korea,836.7656499999999,1267.4907939999998,0.6023461625193436,TRUE,TRUE,common_bpm5_bpm6,TRUE,TRUE,FALSE,FALSE,TRUE,TRUE,TRUE,TRUE,TRUE,TRUE,TRUE,TRUE,FALSE,TRUE,0.6023461625193436,FALSE
BPM5,goods_services_two_way_combined,Bens + serviços: exportações + importações,PRK,North Korea,2009,CHN,China,2688.542353,IND,India,316.364732,2372.177621,0.8823285295665937,BPM6,CHN,China,3246.9008949999998,KOR,South Korea,885.3481029999998,2361.552792,0.7273251843432074,TRUE,TRUE,common_bpm5_bpm6,TRUE,TRUE,FALSE,FALSE,TRUE,TRUE,TRUE,TRUE,TRUE,TRUE,TRUE,TRUE,FALSE,TRUE,0.7273251843432074,FALSE
BPM5,goods_services_two_way_combined,Bens + serviços: exportações + importações,PRK,North Korea,2010,CHN,China,3497.672584,IND,India,472.6524060000002,3025.0201779999998,0.8648665949574198,BPM6,CHN,China,4222.453717,KOR,South Korea,1070.236881,3152.2168360000005,0.7465367407838897,TRUE,TRUE,common_bpm5_bpm6,TRUE,TRUE,FALSE,FALSE,TRUE,TRUE,TRUE,TRUE,TRUE,TRUE,TRUE,TRUE,FALSE,TRUE,0.7465367407838897,FALSE
BPM5,goods_services_two_way_combined,Bens + serviços: exportações + importações,PRK,North Korea,2011,CHN,China,5687.698872000001,BHR,Bahrain,258.25268900000003,5429.446183000001,0.9545945214731122,BPM6,CHN,China,6606.106111000001,KOR,South Korea,1181.801183,5424.304928000001,0.8211047229422864,TRUE,TRUE,common_bpm5_bpm6,TRUE,TRUE,FALSE,FALSE,TRUE,TRUE,TRUE,TRUE,TRUE,TRUE,TRUE,TRUE,FALSE,TRUE,0.8211047229422864,FALSE
BPM5,goods_services_two_way_combined,Bens + serviços: exportações + importações,PRK,North Korea,2012,CHN,China,6055.197932,IND,India,229.28740799999994,5825.910524,0.9621337880982748,BPM6,CHN,China,7044.172513,KOR,South Korea,1300.131158,5744.041355,0.8154316698518369,TRUE,TRUE,common_bpm5_bpm6,TRUE,TRUE,FALSE,FALSE,TRUE,TRUE,TRUE,TRUE,TRUE,TRUE,TRUE,TRUE,FALSE,TRUE,0.8154316698518369,FALSE
BPM5,goods_services_two_way_combined,Bens + serviços: exportações + importações,PRY,Paraguay,2006,BRA,Brazil,3221.153478,CHN,China,1382.318237,1838.8352410000002,0.5708623490184407,BPM6,BRA,Brazil,2902.8104270000003,ARG,Argentina,1894.3916789999998,1008.4187480000005,0.3473939388602039,TRUE,TRUE,common_bpm5_bpm6,TRUE,TRUE,FALSE,FALSE,FALSE,FALSE,TRUE,TRUE,FALSE,FALSE,TRUE,FALSE,FALSE,TRUE,0.3473939388602039,FALSE
BPM5,goods_services_two_way_combined,Bens + serviços: exportações + importações,PRY,Paraguay,2009,BRA,Brazil,4717.104968999999,CHN,China,2151.1501340000004,2565.9548349999986,0.5439681439914973,BPM6,BRA,Brazil,4199.395258999999,ARG,Argentina,2444.147276,1755.2479829999988,0.41797636915415665,TRUE,TRUE,common_bpm5_bpm6,TRUE,TRUE,FALSE,FALSE,FALSE,FALSE,TRUE,TRUE,FALSE,FALSE,TRUE,FALSE,FALSE,TRUE,0.41797636915415665,FALSE
BPM5,goods_services_two_way_combined,Bens + serviços: exportações + importações,RWA,Rwanda,2010,CHN,China,177.320783,UGA,Uganda,161.640592,15.680191000000008,0.08842838800232462,BPM6,USA,United States,313.79050800000005,CHN,China,178.22454800000003,135.56596000000002,0.4320269623961984,TRUE,TRUE,common_bpm5_bpm6,TRUE,FALSE,FALSE,FALSE,TRUE,FALSE,FALSE,TRUE,TRUE,TRUE,TRUE,TRUE,TRUE,TRUE,0.08842838800232462,TRUE
BPM5,goods_services_two_way_combined,Bens + serviços: exportações + importações,RWA,Rwanda,2011,CHN,China,257.488898,UGA,Uganda,209.205586,48.283311999999995,0.18751609244139136,BPM6,USA,United States,377.612571,CHN,China,258.46528900000004,119.14728199999996,0.31552784825058156,TRUE,TRUE,common_bpm5_bpm6,TRUE,FALSE,FALSE,FALSE,TRUE,FALSE,FALSE,TRUE,TRUE,TRUE,TRUE,TRUE,TRUE,TRUE,0.18751609244139136,FALSE
BPM5,goods_services_two_way_combined,Bens + serviços: exportações + importações,RWA,Rwanda,2012,CHN,China,309.832612,KEN,Kenya,251.62128199999998,58.211330000000004,0.18787993176134735,BPM6,USA,United States,360.45432800000003,CHN,China,313.40951399999994,47.04481400000009,0.1305153256475813,TRUE,TRUE,common_bpm5_bpm6,TRUE,FALSE,FALSE,FALSE,TRUE,FALSE,FALSE,TRUE,TRUE,TRUE,TRUE,TRUE,TRUE,TRUE,0.1305153256475813,FALSE
BPM5,goods_services_two_way_combined,Bens + serviços: exportações + importações,SDN,Sudan,2011,DEU,Germany,552.9409040000002,USA,United States,398.8499,154.09100400000017,0.2786753573217295,BPM6,SAU,Saudi Arabia,870.9332870000001,CHN,China,678.240854,192.69243300000005,0.22124821255109525,TRUE,TRUE,common_bpm5_bpm6,TRUE,FALSE,FALSE,FALSE,FALSE,FALSE,TRUE,FALSE,TRUE,FALSE,TRUE,FALSE,FALSE,TRUE,0.22124821255109525,FALSE
BPM5,goods_services_two_way_combined,Bens + serviços: exportações + importações,SGP,Singapore,2007,USA,United States,67816.285803,CHN,China,56320.32929799999,11495.956505000016,0.16951616221499802,BPM6,USA,United States,68114.93546700002,MYS,Malaysia,58168.51565800001,9946.419809000006,0.1460240656591211,TRUE,TRUE,common_bpm5_bpm6,TRUE,TRUE,FALSE,FALSE,FALSE,FALSE,TRUE,TRUE,FALSE,FALSE,TRUE,FALSE,FALSE,TRUE,0.1460240656591211,FALSE
BPM5,goods_services_two_way_combined,Bens + serviços: exportações + importações,SGP,Singapore,2012,CHN,China,84626.00630700002,USA,United States,84135.19092299999,490.81538400003046,0.005799817401514688,BPM6,USA,United States,83844.657343,CHN,China,83005.67662400001,838.9807189999847,0.010006370657200012,TRUE,TRUE,common_bpm5_bpm6,TRUE,FALSE,FALSE,TRUE,TRUE,FALSE,FALSE,TRUE,TRUE,TRUE,TRUE,TRUE,TRUE,FALSE,0.005799817401514688,TRUE
BPM5,goods_services_two_way_combined,Bens + serviços: exportações + importações,SLB,Solomon Islands,2005,AUS,Australia,157.88794000000001,CHN,China,149.219963,8.667977000000008,0.054899550909334856,BPM6,CHN,China,108.72097999999998,SGP,Singapore,60.07351999999999,48.647459999999995,0.44745236843891584,TRUE,TRUE,common_bpm5_bpm6,TRUE,FALSE,FALSE,FALSE,FALSE,TRUE,FALSE,TRUE,TRUE,TRUE,TRUE,TRUE,TRUE,TRUE,0.054899550909334856,TRUE
BPM5,goods_services_two_way_combined,Bens + serviços: exportações + importações,SLB,Solomon Islands,2006,CHN,China,188.395795,AUS,Australia,176.049814,12.345980999999995,0.06553214736029536,BPM6,CHN,China,138.802966,SGP,Singapore,68.49090000000001,70.31206599999999,0.5065602560683032,TRUE,TRUE,common_bpm5_bpm6,TRUE,TRUE,FALSE,FALSE,TRUE,TRUE,TRUE,TRUE,TRUE,TRUE,TRUE,TRUE,FALSE,TRUE,0.06553214736029536,TRUE
BPM5,goods_services_two_way_combined,Bens + serviços: exportações + importações,SLB,Solomon Islands,2007,CHN,China,277.158223,AUS,Australia,252.71190300000006,24.446319999999957,0.08820348079659883,BPM6,CHN,China,206.22055,SGP,Singapore,104.48292400000001,101.73762599999999,0.4933437816939194,TRUE,TRUE,common_bpm5_bpm6,TRUE,TRUE,FALSE,FALSE,TRUE,TRUE,TRUE,TRUE,TRUE,TRUE,TRUE,TRUE,FALSE,TRUE,0.08820348079659883,TRUE
BPM5,goods_services_two_way_combined,Bens + serviços: exportações + importações,SLB,Solomon Islands,2008,CHN,China,330.393184,AUS,Australia,225.810283,104.58290100000002,0.31654073408487754,BPM6,CHN,China,240.956075,SGP,Singapore,110.01215099999999,130.943924,0.5434348314314135,TRUE,TRUE,common_bpm5_bpm6,TRUE,TRUE,FALSE,FALSE,TRUE,TRUE,TRUE,TRUE,TRUE,TRUE,TRUE,TRUE,FALSE,TRUE,0.31654073408487754,FALSE
BPM5,goods_services_two_way_combined,Bens + serviços: exportações + importações,SLB,Solomon Islands,2009,CHN,China,293.512185,AUS,Australia,187.014645,106.49753999999999,0.36283856494748246,BPM6,CHN,China,210.11194199999997,SGP,Singapore,66.461771,143.65017099999997,0.6836839906986343,TRUE,TRUE,common_bpm5_bpm6,TRUE,TRUE,FALSE,FALSE,TRUE,TRUE,TRUE,TRUE,TRUE,TRUE,TRUE,TRUE,FALSE,TRUE,0.36283856494748246,FALSE
BPM5,goods_services_two_way_combined,Bens + serviços: exportações + importações,SLE,Sierra Leone,2011,CHN,China,272.79993500000006,USA,United States,259.412714,13.387221000000068,0.04907340245517311,BPM6,CHN,China,285.8284020000001,GBR,United Kingdom,234.84448299999997,50.98391900000013,0.17837247328556283,TRUE,TRUE,common_bpm5_bpm6,TRUE,TRUE,FALSE,FALSE,TRUE,TRUE,TRUE,TRUE,TRUE,TRUE,TRUE,TRUE,FALSE,TRUE,0.04907340245517311,TRUE
BPM5,goods_services_two_way_combined,Bens + serviços: exportações + importações,SWZ,Eswatini,2012,ZAF,South Africa,2818.4408470000008,CHN,China,196.65352599999997,2621.7873210000007,0.9302261297378933,BPM6,ZAF,South Africa,2715.1984010000006,USA,United States,719.000202,1996.1981990000006,0.7351942304712635,TRUE,TRUE,common_bpm5_bpm6,TRUE,TRUE,FALSE,FALSE,FALSE,FALSE,TRUE,TRUE,FALSE,FALSE,TRUE,FALSE,FALSE,TRUE,0.7351942304712635,FALSE
BPM5,goods_services_two_way_combined,Bens + serviços: exportações + importações,TCD,Chad,2005,USA,United States,1912.210266,FRA,France,248.03943199999998,1664.170834,0.8702865284167447,BPM6,USA,United States,1736.536196,CHN,China,274.156829,1462.379367,0.8421243221814191,TRUE,TRUE,common_bpm5_bpm6,TRUE,TRUE,FALSE,FALSE,FALSE,FALSE,TRUE,FALSE,TRUE,FALSE,TRUE,FALSE,FALSE,TRUE,0.8421243221814191,FALSE
BPM5,goods_services_two_way_combined,Bens + serviços: exportações + importações,TCD,Chad,2011,USA,United States,3693.4593609999997,FRA,France,610.472174,3082.9871869999997,0.8347153401913389,BPM6,USA,United States,3484.862217,CHN,China,552.855338,2932.006879,0.841355180327349,TRUE,TRUE,common_bpm5_bpm6,TRUE,TRUE,FALSE,FALSE,FALSE,FALSE,TRUE,FALSE,TRUE,FALSE,TRUE,FALSE,FALSE,TRUE,0.8347153401913389,FALSE
BPM5,goods_services_two_way_combined,Bens + serviços: exportações + importações,TGO,Togo,2009,FRA,France,363.018052,CHN,China,278.178467,84.839585,0.23370624279588167,BPM6,FRA,France,302.33358599999997,DEU,Germany,296.70590300000015,5.62768299999982,0.018614150926651665,TRUE,TRUE,common_bpm5_bpm6,TRUE,TRUE,FALSE,FALSE,FALSE,FALSE,TRUE,TRUE,FALSE,FALSE,TRUE,FALSE,FALSE,TRUE,0.018614150926651665,TRUE
BPM5,goods_services_two_way_combined,Bens + serviços: exportações + importações,TGO,Togo,2010,FRA,France,437.1985910000001,CHN,China,427.2383730000001,9.960217999999998,0.022781907821839243,BPM6,CHN,China,440.06636500000013,FRA,France,319.70453200000003,120.3618330000001,0.27350836731182593,TRUE,TRUE,common_bpm5_bpm6,TRUE,FALSE,FALSE,TRUE,FALSE,TRUE,FALSE,TRUE,TRUE,TRUE,TRUE,TRUE,TRUE,FALSE,0.022781907821839243,TRUE
BPM5,goods_services_two_way_combined,Bens + serviços: exportações + importações,THA,Thailand,2012,CHN,China,80780.13744699997,JPN,Japan,79957.14072699999,822.996719999981,0.010188107448318605,BPM6,JPN,Japan,81543.673975,CHN,China,81450.63476799997,93.03920700002345,0.0011409739402782834,TRUE,TRUE,common_bpm5_bpm6,TRUE,FALSE,FALSE,TRUE,TRUE,FALSE,FALSE,TRUE,TRUE,TRUE,TRUE,TRUE,TRUE,FALSE,0.0011409739402782834,TRUE
BPM5,goods_services_two_way_combined,Bens + serviços: exportações + importações,TJK,Tajikistan,2006,RUS,Russia,1026.786505,CHN,China,391.589431,635.197074,0.6186262391518283,BPM6,RUS,Russia,1046.364156,USA,United States,989.4460740000001,56.91808200000003,0.05439605482816254,TRUE,TRUE,common_bpm5_bpm6,TRUE,TRUE,FALSE,FALSE,FALSE,FALSE,TRUE,TRUE,FALSE,FALSE,TRUE,FALSE,FALSE,TRUE,0.05439605482816254,TRUE
BPM5,goods_services_two_way_combined,Bens + serviços: exportações + importações,TJK,Tajikistan,2007,RUS,Russia,1513.181815,CHN,China,623.5683189999999,889.613496,0.5879091905423144,BPM6,RUS,Russia,1444.7779039999998,USA,United States,1088.3482900000001,356.4296139999997,0.24670201074725165,TRUE,TRUE,common_bpm5_bpm6,TRUE,TRUE,FALSE,FALSE,FALSE,FALSE,TRUE,TRUE,FALSE,FALSE,TRUE,FALSE,FALSE,TRUE,0.24670201074725165,FALSE
BPM5,goods_services_two_way_combined,Bens + serviços: exportações + importações,TKM,Turkmenistan,2012,CHN,China,10371.804165000001,TUR,Turkey,1773.0258680000004,8598.778297,0.8290532833252737,BPM6,CHN,China,10841.066202000002,RUS,Russia,1997.9880159999993,8843.078186000002,0.8157018895769308,TRUE,TRUE,common_bpm5_bpm6,TRUE,TRUE,FALSE,FALSE,TRUE,TRUE,TRUE,TRUE,TRUE,TRUE,TRUE,TRUE,FALSE,TRUE,0.8157018895769308,FALSE
BPM5,goods_services_two_way_combined,Bens + serviços: exportações + importações,TZA,Tanzania,2010,CHN,China,1515.956241,CHE,Switzerland,1490.4683419999997,25.487899000000425,0.016813083590847808,BPM6,CHN,China,1522.11883,IND,India,1320.0593479999998,202.05948200000012,0.1327488222453697,TRUE,TRUE,common_bpm5_bpm6,TRUE,TRUE,FALSE,FALSE,TRUE,TRUE,TRUE,TRUE,TRUE,TRUE,TRUE,TRUE,FALSE,TRUE,0.016813083590847808,TRUE
BPM5,goods_services_two_way_combined,Bens + serviços: exportações + importações,UKR,Ukraine,2009,RUS,Russia,28030.950706999993,DEU,Germany,6646.024376000001,21384.92633099999,0.7629040682398143,BPM6,RUS,Russia,28123.270308999992,CHN,China,5740.607308000002,22382.66300099999,0.7958769643456829,TRUE,TRUE,common_bpm5_bpm6,TRUE,TRUE,FALSE,FALSE,FALSE,FALSE,TRUE,FALSE,TRUE,FALSE,TRUE,FALSE,FALSE,TRUE,0.7629040682398143,FALSE
BPM5,goods_services_two_way_combined,Bens + serviços: exportações + importações,UKR,Ukraine,2010,RUS,Russia,43097.794024999996,DEU,Germany,7897.935388000002,35199.858637,0.8167438597108103,BPM6,RUS,Russia,43129.95043499999,CHN,China,7845.153315999996,35284.797118999995,0.8181042816679509,TRUE,TRUE,common_bpm5_bpm6,TRUE,TRUE,FALSE,FALSE,FALSE,FALSE,TRUE,FALSE,TRUE,FALSE,TRUE,FALSE,FALSE,TRUE,0.8167438597108103,FALSE
BPM5,goods_services_two_way_combined,Bens + serviços: exportações + importações,UKR,Ukraine,2011,RUS,Russia,56758.40972400001,DEU,Germany,10632.572915000002,46125.83680900001,0.812669647252219,BPM6,RUS,Russia,56734.977472000006,CHN,China,10819.332464999996,45915.645007000014,0.8093004889207971,TRUE,TRUE,common_bpm5_bpm6,TRUE,TRUE,FALSE,FALSE,FALSE,FALSE,TRUE,FALSE,TRUE,FALSE,TRUE,FALSE,FALSE,TRUE,0.8093004889207971,FALSE
BPM5,goods_services_two_way_combined,Bens + serviços: exportações + importações,URY,Uruguay,2010,BRA,Brazil,4376.087444,CHN,China,2532.566686999999,1843.5207570000007,0.4212714623716282,BPM6,BRA,Brazil,4317.264499,ARG,Argentina,3013.5951770000006,1303.6693219999993,0.30196651659910245,TRUE,TRUE,common_bpm5_bpm6,TRUE,TRUE,FALSE,FALSE,FALSE,FALSE,TRUE,TRUE,FALSE,FALSE,TRUE,FALSE,FALSE,TRUE,0.30196651659910245,FALSE
BPM5,goods_services_two_way_combined,Bens + serviços: exportações + importações,URY,Uruguay,2011,BRA,Brazil,5177.975884,CHN,China,3147.3294069999997,2030.6464770000007,0.3921699371514494,BPM6,BRA,Brazil,4956.319924,ARG,Argentina,3719.0073730000004,1237.312551,0.24964339872584865,TRUE,TRUE,common_bpm5_bpm6,TRUE,TRUE,FALSE,FALSE,FALSE,FALSE,TRUE,TRUE,FALSE,FALSE,TRUE,FALSE,FALSE,TRUE,0.24964339872584865,FALSE
BPM5,goods_services_two_way_combined,Bens + serviços: exportações + importações,VNM,Vietnam,2008,CHN,China,21198.698628000002,USA,United States,18585.866895999996,2612.831732000006,0.1232543458374791,BPM6,CHN,China,21441.558788,JPN,Japan,19413.853234000006,2027.7055539999928,0.09456894314674641,TRUE,TRUE,common_bpm5_bpm6,TRUE,TRUE,FALSE,FALSE,TRUE,TRUE,TRUE,TRUE,TRUE,TRUE,TRUE,TRUE,FALSE,TRUE,0.09456894314674641,TRUE
BPM5,goods_services_two_way_combined,Bens + serviços: exportações + importações,VNM,Vietnam,2012,CHN,China,51204.57212799999,USA,United States,29708.326301,21496.24582699999,0.4198110624430994,BPM6,CHN,China,51571.153493,JPN,Japan,28948.014378999997,22623.139114,0.43867816757425737,TRUE,TRUE,common_bpm5_bpm6,TRUE,TRUE,FALSE,FALSE,TRUE,TRUE,TRUE,TRUE,TRUE,TRUE,TRUE,TRUE,FALSE,TRUE,0.4198110624430994,FALSE
BPM5,goods_services_two_way_combined,Bens + serviços: exportações + importações,ZAF,South Africa,2008,USA,United States,20615.676767999998,CHN,China,18513.035050999995,2102.6417170000022,0.10199236923736398,BPM6,USA,United States,20833.286508,GBR,United Kingdom,19196.796350000008,1636.4901579999932,0.07855170413806672,TRUE,TRUE,common_bpm5_bpm6,TRUE,TRUE,FALSE,FALSE,FALSE,FALSE,TRUE,TRUE,FALSE,FALSE,TRUE,FALSE,FALSE,TRUE,0.07855170413806672,TRUE
BPM5,goods_services_two_way_combined,Bens + serviços: exportações + importações,ZWE,Zimbabwe,2011,ZAF,South Africa,5087.110015,CHN,China,867.0323609999997,4220.077654000001,0.8295628837506084,BPM6,ZAF,South Africa,5068.008328,USA,United States,994.7671730000002,4073.2411549999997,0.8037163499704494,TRUE,TRUE,common_bpm5_bpm6,TRUE,TRUE,FALSE,FALSE,FALSE,FALSE,TRUE,TRUE,FALSE,FALSE,TRUE,FALSE,FALSE,TRUE,0.8037163499704494,FALSE
BPM5,services_exports_only,Serviços: exportações,AGO,Angola,2008,USA,United States,1603.1983999999998,CHN,China,530.1758000000001,1073.0225999999998,0.6693011919173572,BPM6,GBR,United Kingdom,257.47018799999995,PRT,Portugal,217.752507,39.71768099999994,0.15426128092157973,TRUE,TRUE,common_bpm5_bpm6,TRUE,FALSE,FALSE,FALSE,FALSE,FALSE,TRUE,TRUE,FALSE,FALSE,TRUE,FALSE,FALSE,TRUE,0.15426128092157973,FALSE
BPM5,services_exports_only,Serviços: exportações,AGO,Angola,2010,USA,United States,1317.7105000000001,CHN,China,576.4887000000001,741.2218,0.5625073185650413,BPM6,GBR,United Kingdom,381.689561,PRT,Portugal,192.27486299999995,189.41469800000007,0.49625328369931515,TRUE,TRUE,common_bpm5_bpm6,TRUE,FALSE,FALSE,FALSE,FALSE,FALSE,TRUE,TRUE,FALSE,FALSE,TRUE,FALSE,FALSE,TRUE,0.49625328369931515,FALSE
BPM5,services_exports_only,Serviços: exportações,AGO,Angola,2011,USA,United States,1263.2428,CHN,China,623.8499999999999,639.3928000000001,0.5061519448201091,BPM6,PRT,Portugal,259.677412,GBR,United Kingdom,195.638879,64.038533,0.24660802226417752,TRUE,TRUE,common_bpm5_bpm6,TRUE,FALSE,FALSE,FALSE,FALSE,FALSE,TRUE,TRUE,FALSE,FALSE,TRUE,FALSE,FALSE,TRUE,0.24660802226417752,FALSE
BPM5,services_exports_only,Serviços: exportações,AGO,Angola,2012,USA,United States,1301.0864,CHN,China,822.0237000000001,479.06269999999984,0.3682020655968734,BPM6,PRT,Portugal,299.704385,FRA,France,178.12014800000003,121.58423699999997,0.40568054084360483,TRUE,TRUE,common_bpm5_bpm6,TRUE,FALSE,FALSE,FALSE,FALSE,FALSE,TRUE,TRUE,FALSE,FALSE,TRUE,FALSE,FALSE,TRUE,0.3682020655968734,FALSE
BPM5,services_exports_only,Serviços: exportações,ALB,Albania,2012,ITA,Italy,327.8782,CHN,China,104.66529999999999,223.2129,0.6807799359640256,BPM6,ITA,Italy,508.08108,XKX,Kosovo,220.909413,287.17166699999996,0.5652083462741813,TRUE,TRUE,common_bpm5_bpm6,TRUE,TRUE,FALSE,FALSE,FALSE,FALSE,TRUE,TRUE,FALSE,FALSE,TRUE,FALSE,FALSE,TRUE,0.5652083462741813,FALSE
BPM5,services_exports_only,Serviços: exportações,AUS,Australia,2007,USA,United States,5359.944399999999,CHN,China,4428.3403,931.6040999999996,0.17380853801393903,BPM6,USA,United States,4968.601339000001,GBR,United Kingdom,4252.473026,716.1283130000011,0.14413076520728302,TRUE,TRUE,common_bpm5_bpm6,TRUE,TRUE,FALSE,FALSE,FALSE,FALSE,TRUE,TRUE,FALSE,FALSE,TRUE,FALSE,FALSE,TRUE,0.14413076520728302,FALSE
BPM5,services_exports_only,Serviços: exportações,AUS,Australia,2008,CHN,China,5802.057,USA,United States,5701.774299999999,100.28270000000066,0.017283990832906444,BPM6,USA,United States,5445.597419,CHN,China,4080.040365,1365.5570539999999,0.2507634973594437,TRUE,TRUE,common_bpm5_bpm6,TRUE,FALSE,FALSE,TRUE,TRUE,FALSE,FALSE,TRUE,TRUE,TRUE,TRUE,TRUE,TRUE,FALSE,0.017283990832906444,TRUE
BPM5,services_exports_only,Serviços: exportações,AUS,Australia,2009,CHN,China,5393.7881,USA,United States,5069.5518,324.2362999999996,0.06011291025689341,BPM6,USA,United States,5287.662680000001,CHN,China,4275.661075000001,1012.0016050000004,0.1913892141470719,TRUE,TRUE,common_bpm5_bpm6,TRUE,FALSE,FALSE,TRUE,TRUE,FALSE,FALSE,TRUE,TRUE,TRUE,TRUE,TRUE,TRUE,FALSE,0.06011291025689341,TRUE
BPM5,services_exports_only,Serviços: exportações,BDI,Burundi,2010,FRA,France,33.9317,CHE,Switzerland,13.0931,20.8386,0.614133686199041,BPM6,FRA,France,25.235067,CHN,China,16.837712,8.397355000000001,0.3327653142351475,TRUE,TRUE,common_bpm5_bpm6,TRUE,TRUE,FALSE,FALSE,FALSE,FALSE,TRUE,FALSE,TRUE,FALSE,TRUE,FALSE,FALSE,TRUE,0.3327653142351475,FALSE
BPM5,services_exports_only,Serviços: exportações,BDI,Burundi,2011,FRA,France,25.314100000000003,CHE,Switzerland,15.3612,9.952900000000003,0.3931761350393655,BPM6,FRA,France,26.070826,CHN,China,22.729232999999997,3.341593000000003,0.12817365280256188,TRUE,TRUE,common_bpm5_bpm6,TRUE,TRUE,FALSE,FALSE,FALSE,FALSE,TRUE,FALSE,TRUE,FALSE,TRUE,FALSE,FALSE,TRUE,0.12817365280256188,FALSE
BPM5,services_exports_only,Serviços: exportações,BDI,Burundi,2012,FRA,France,23.1995,USA,United States,11.725999999999999,11.473500000000001,0.49455807237224947,BPM6,FRA,France,26.37048,CHN,China,25.615707,0.7547730000000001,0.028621890841577406,TRUE,TRUE,common_bpm5_bpm6,TRUE,TRUE,FALSE,FALSE,FALSE,FALSE,TRUE,FALSE,TRUE,FALSE,TRUE,FALSE,FALSE,TRUE,0.028621890841577406,TRUE
BPM5,services_exports_only,Serviços: exportações,BEN,Benin,2007,NGA,Nigeria,76.64020000000001,FRA,France,64.1871,12.453100000000006,0.16248783275617765,BPM6,FRA,France,53.691691,CHN,China,38.264947,15.426744,0.28732088173568604,TRUE,TRUE,common_bpm5_bpm6,TRUE,FALSE,FALSE,FALSE,FALSE,FALSE,TRUE,FALSE,TRUE,FALSE,TRUE,FALSE,FALSE,TRUE,0.16248783275617765,FALSE
BPM5,services_exports_only,Serviços: exportações,BEN,Benin,2008,FRA,France,58.7374,USA,United States,46.197300000000006,12.540099999999995,0.2134942983516464,BPM6,FRA,France,63.147439,CHN,China,43.905207,19.242232,0.30471911932960577,TRUE,TRUE,common_bpm5_bpm6,TRUE,TRUE,FALSE,FALSE,FALSE,FALSE,TRUE,FALSE,TRUE,FALSE,TRUE,FALSE,FALSE,TRUE,0.2134942983516464,FALSE
BPM5,services_exports_only,Serviços: exportações,BEN,Benin,2009,NGA,Nigeria,80.71020000000001,FRA,France,78.63579999999999,2.0744000000000256,0.025701831986539806,BPM6,FRA,France,58.441548999999995,CHN,China,39.59268,18.848868999999993,0.3225251438835065,TRUE,TRUE,common_bpm5_bpm6,TRUE,FALSE,FALSE,FALSE,FALSE,FALSE,TRUE,FALSE,TRUE,FALSE,TRUE,FALSE,FALSE,TRUE,0.025701831986539806,TRUE
BPM5,services_exports_only,Serviços: exportações,BEN,Benin,2010,FRA,France,119.1065,NGA,Nigeria,90.2955,28.810999999999993,0.2418927598409826,BPM6,FRA,France,59.054387999999996,CHN,China,49.283682,9.770705999999997,0.16545266712441414,TRUE,TRUE,common_bpm5_bpm6,TRUE,TRUE,FALSE,FALSE,FALSE,FALSE,TRUE,FALSE,TRUE,FALSE,TRUE,FALSE,FALSE,TRUE,0.16545266712441414,FALSE
BPM5,services_exports_only,Serviços: exportações,BEN,Benin,2011,FRA,France,89.05969999999999,IND,India,71.31060000000001,17.749099999999984,0.1992944058872867,BPM6,FRA,France,82.82027799999999,CHN,China,64.52831199999999,18.291966000000002,0.22086337358104502,TRUE,TRUE,common_bpm5_bpm6,TRUE,TRUE,FALSE,FALSE,FALSE,FALSE,TRUE,FALSE,TRUE,FALSE,TRUE,FALSE,FALSE,TRUE,0.1992944058872867,FALSE
BPM5,services_exports_only,Serviços: exportações,BFA,Burkina Faso,2005,FRA,France,63.5099,DNK,Denmark,38.1847,25.325200000000002,0.3987598783811658,BPM6,FRA,France,44.345798,CHN,China,13.604114,30.741684000000003,0.6932265374951647,TRUE,TRUE,common_bpm5_bpm6,TRUE,TRUE,FALSE,FALSE,FALSE,FALSE,TRUE,FALSE,TRUE,FALSE,TRUE,FALSE,FALSE,TRUE,0.3987598783811658,FALSE
BPM5,services_exports_only,Serviços: exportações,BFA,Burkina Faso,2012,CHE,Switzerland,168.61969999999997,CHN,China,68.49210000000001,100.12759999999996,0.5938072479075694,BPM6,FRA,France,79.077783,CHN,China,40.753708,38.32407499999999,0.48463770159059716,TRUE,TRUE,common_bpm5_bpm6,TRUE,FALSE,FALSE,FALSE,FALSE,FALSE,TRUE,TRUE,TRUE,TRUE,TRUE,FALSE,FALSE,TRUE,0.48463770159059716,FALSE
BPM5,services_exports_only,Serviços: exportações,BRN,Brunei,2010,JPN,Japan,450.4344,CHN,China,103.1395,347.2949,0.7710221510612866,BPM6,MYS,Malaysia,217.11611299999998,AUS,Australia,56.916692999999995,160.19941999999998,0.7378513634315109,TRUE,TRUE,common_bpm5_bpm6,TRUE,FALSE,FALSE,FALSE,FALSE,FALSE,TRUE,TRUE,FALSE,FALSE,TRUE,FALSE,FALSE,TRUE,0.7378513634315109,FALSE
BPM5,services_exports_only,Serviços: exportações,BRN,Brunei,2011,JPN,Japan,489.0534,CHN,China,99.8222,389.2312,0.7958869113270657,BPM6,MYS,Malaysia,274.961961,AUS,Australia,69.38316300000001,205.57879799999995,0.7476626848758908,TRUE,TRUE,common_bpm5_bpm6,TRUE,FALSE,FALSE,FALSE,FALSE,FALSE,TRUE,TRUE,FALSE,FALSE,TRUE,FALSE,FALSE,TRUE,0.7476626848758908,FALSE
BPM5,services_exports_only,Serviços: exportações,CHL,Chile,2010,USA,United States,1225.5116,CHN,China,1025.255,200.25659999999993,0.1634065316068815,BPM6,USA,United States,2013.019728,ARG,Argentina,1061.1422759999998,951.8774520000002,0.47286046865805986,TRUE,TRUE,common_bpm5_bpm6,TRUE,TRUE,FALSE,FALSE,FALSE,FALSE,TRUE,TRUE,FALSE,FALSE,TRUE,FALSE,FALSE,TRUE,0.1634065316068815,FALSE
BPM5,services_exports_only,Serviços: exportações,CHL,Chile,2011,USA,United States,1509.2094,CHN,China,1109.3033999999998,399.9060000000002,0.2649771463124999,BPM6,USA,United States,2387.8192560000007,ARG,Argentina,1278.1914719999997,1109.627784000001,0.4647034239345294,TRUE,TRUE,common_bpm5_bpm6,TRUE,TRUE,FALSE,FALSE,FALSE,FALSE,TRUE,TRUE,FALSE,FALSE,TRUE,FALSE,FALSE,TRUE,0.2649771463124999,FALSE
BPM5,services_exports_only,Serviços: exportações,CHL,Chile,2012,USA,United States,1630.5640999999998,CHN,China,1015.6979,614.8661999999998,0.3770880273888036,BPM6,USA,United States,2503.1152340000003,ARG,Argentina,1294.10786,1209.0073740000003,0.4830010850391397,TRUE,TRUE,common_bpm5_bpm6,TRUE,TRUE,FALSE,FALSE,FALSE,FALSE,TRUE,TRUE,FALSE,FALSE,TRUE,FALSE,FALSE,TRUE,0.3770880273888036,FALSE
BPM5,services_exports_only,Serviços: exportações,COD,Congo - Kinshasa,2008,CHN,China,97.84440000000001,USA,United States,93.35029999999999,4.494100000000017,0.04593109058873085,BPM6,USA,United States,117.823984,BEL,Belgium,93.834793,23.98919099999999,0.20360193388130546,TRUE,TRUE,common_bpm5_bpm6,TRUE,FALSE,FALSE,FALSE,TRUE,FALSE,FALSE,TRUE,FALSE,FALSE,TRUE,TRUE,TRUE,TRUE,0.04593109058873085,TRUE
BPM5,services_exports_only,Serviços: exportações,COD,Congo - Kinshasa,2009,USA,United States,99.93950000000001,CHN,China,82.2428,17.696700000000007,0.17707412984855844,BPM6,USA,United States,108.088649,BEL,Belgium,82.79653300000001,25.292115999999993,0.23399419119393372,TRUE,TRUE,common_bpm5_bpm6,TRUE,TRUE,FALSE,FALSE,FALSE,FALSE,TRUE,TRUE,FALSE,FALSE,TRUE,FALSE,FALSE,TRUE,0.17707412984855844,FALSE
BPM5,services_exports_only,Serviços: exportações,COD,Congo - Kinshasa,2010,USA,United States,118.43660000000001,CHN,China,117.3315,1.1051000000000073,0.009330730534311245,BPM6,USA,United States,90.759796,BEL,Belgium,83.62792999999999,7.131866000000002,0.07857957283200595,TRUE,TRUE,common_bpm5_bpm6,TRUE,TRUE,FALSE,FALSE,FALSE,FALSE,TRUE,TRUE,FALSE,FALSE,TRUE,FALSE,FALSE,TRUE,0.009330730534311245,TRUE
BPM5,services_exports_only,Serviços: exportações,COD,Congo - Kinshasa,2011,CHN,China,145.0032,USA,United States,128.99620000000002,16.006999999999977,0.11039066724044695,BPM6,USA,United States,117.123664,BEL,Belgium,91.306704,25.81696000000001,0.22042479818595845,TRUE,TRUE,common_bpm5_bpm6,TRUE,FALSE,FALSE,FALSE,TRUE,FALSE,FALSE,TRUE,FALSE,FALSE,TRUE,TRUE,TRUE,TRUE,0.11039066724044695,FALSE
BPM5,services_exports_only,Serviços: exportações,COD,Congo - Kinshasa,2012,CHN,China,167.95200000000003,USA,United States,113.9291,54.02290000000002,0.3216567828903497,BPM6,BEL,Belgium,89.42129400000002,USA,United States,89.01159600000001,0.4096980000000059,0.004581660381698411,TRUE,TRUE,common_bpm5_bpm6,TRUE,FALSE,FALSE,FALSE,TRUE,FALSE,FALSE,TRUE,FALSE,FALSE,TRUE,TRUE,TRUE,TRUE,0.004581660381698411,TRUE
BPM5,services_exports_only,Serviços: exportações,COG,Congo - Brazzaville,2005,USA,United States,217.6681,CHN,China,58.4352,159.2329,0.7315398995075529,BPM6,FRA,France,114.750679,CHN,China,60.31442399999999,54.43625500000002,0.4743872147370911,TRUE,TRUE,common_bpm5_bpm6,TRUE,FALSE,FALSE,FALSE,FALSE,FALSE,TRUE,TRUE,TRUE,TRUE,TRUE,FALSE,FALSE,TRUE,0.4743872147370911,FALSE
BPM5,services_exports_only,Serviços: exportações,COG,Congo - Brazzaville,2006,USA,United States,284.92589999999996,FRA,France,76.8062,208.11969999999997,0.7304344743668442,BPM6,FRA,France,125.38791400000001,CHN,China,75.28123900000001,50.106674999999996,0.3996132753273174,TRUE,TRUE,common_bpm5_bpm6,TRUE,FALSE,FALSE,FALSE,FALSE,FALSE,TRUE,FALSE,TRUE,FALSE,TRUE,FALSE,FALSE,TRUE,0.3996132753273174,FALSE
BPM5,services_exports_only,Serviços: exportações,COG,Congo - Brazzaville,2007,USA,United States,255.37820000000002,FRA,France,82.59490000000001,172.7833,0.6765781104260269,BPM6,FRA,France,142.829361,CHN,China,87.190646,55.638715000000005,0.38954676132731564,TRUE,TRUE,common_bpm5_bpm6,TRUE,FALSE,FALSE,FALSE,FALSE,FALSE,TRUE,FALSE,TRUE,FALSE,TRUE,FALSE,FALSE,TRUE,0.38954676132731564,FALSE
BPM5,services_exports_only,Serviços: exportações,COG,Congo - Brazzaville,2008,USA,United States,416.1478000000001,FRA,France,132.5361,283.61170000000004,0.681516759189884,BPM6,FRA,France,175.68694900000003,CHN,China,119.304952,56.38199700000003,0.32092308120166635,TRUE,TRUE,common_bpm5_bpm6,TRUE,FALSE,FALSE,FALSE,FALSE,FALSE,TRUE,FALSE,TRUE,FALSE,TRUE,FALSE,FALSE,TRUE,0.32092308120166635,FALSE
BPM5,services_exports_only,Serviços: exportações,COG,Congo - Brazzaville,2009,USA,United States,335.15950000000004,FRA,France,246.3171,88.84240000000003,0.2650749866854438,BPM6,FRA,France,171.157644,CHN,China,95.56968,75.587964,0.4416277429011584,TRUE,TRUE,common_bpm5_bpm6,TRUE,FALSE,FALSE,FALSE,FALSE,FALSE,TRUE,FALSE,TRUE,FALSE,TRUE,FALSE,FALSE,TRUE,0.2650749866854438,FALSE
BPM5,services_exports_only,Serviços: exportações,COG,Congo - Brazzaville,2010,USA,United States,401.53139999999996,FRA,France,252.57909999999998,148.95229999999998,0.3709605276200068,BPM6,FRA,France,165.337754,CHN,China,126.750895,38.58685899999999,0.23338201993478144,TRUE,TRUE,common_bpm5_bpm6,TRUE,FALSE,FALSE,FALSE,FALSE,FALSE,TRUE,FALSE,TRUE,FALSE,TRUE,FALSE,FALSE,TRUE,0.23338201993478144,FALSE
BPM5,services_exports_only,Serviços: exportações,COG,Congo - Brazzaville,2011,USA,United States,299.5296,FRA,France,258.85780000000005,40.67179999999996,0.13578557845368192,BPM6,FRA,France,217.629042,CHN,China,169.961578,47.667463999999995,0.21903080380237117,TRUE,TRUE,common_bpm5_bpm6,TRUE,FALSE,FALSE,FALSE,FALSE,FALSE,TRUE,FALSE,TRUE,FALSE,TRUE,FALSE,FALSE,TRUE,0.13578557845368192,FALSE
BPM5,services_exports_only,Serviços: exportações,COG,Congo - Brazzaville,2012,USA,United States,318.7143,FRA,France,238.7943,79.91999999999999,0.25075749660432556,BPM6,CHN,China,178.58833400000003,FRA,France,142.74954699999998,35.83878700000005,0.20067820891369112,TRUE,TRUE,common_bpm5_bpm6,TRUE,FALSE,FALSE,FALSE,FALSE,TRUE,FALSE,FALSE,TRUE,FALSE,TRUE,TRUE,TRUE,TRUE,0.20067820891369112,FALSE
BPM5,services_exports_only,Serviços: exportações,CUB,Cuba,2007,CAN,Canada,874.2312,CHN,China,549.37,324.86119999999994,0.3715964381047027,BPM6,USA,United States,581.750305,ESP,Spain,447.74519,134.00511500000005,0.23034816457895976,TRUE,TRUE,common_bpm5_bpm6,TRUE,FALSE,FALSE,FALSE,FALSE,FALSE,TRUE,TRUE,FALSE,FALSE,TRUE,FALSE,FALSE,TRUE,0.23034816457895976,FALSE
BPM5,services_exports_only,Serviços: exportações,CUB,Cuba,2008,CAN,Canada,698.6204,CHN,China,546.8576999999999,151.7627000000001,0.21723199036272073,BPM6,USA,United States,615.7052689999999,ESP,Spain,469.92342199999996,145.78184699999997,0.23677212838664205,TRUE,TRUE,common_bpm5_bpm6,TRUE,FALSE,FALSE,FALSE,FALSE,FALSE,TRUE,TRUE,FALSE,FALSE,TRUE,FALSE,FALSE,TRUE,0.21723199036272073,FALSE
BPM5,services_exports_only,Serviços: exportações,CUB,Cuba,2009,CAN,Canada,444.2006,CHN,China,435.2409,8.959699999999998,0.0201703914852884,BPM6,USA,United States,606.1571549999999,ESP,Spain,400.664439,205.49271599999986,0.3390089753209296,TRUE,TRUE,common_bpm5_bpm6,TRUE,FALSE,FALSE,FALSE,FALSE,FALSE,TRUE,TRUE,FALSE,FALSE,TRUE,FALSE,FALSE,TRUE,0.0201703914852884,TRUE
BPM5,services_exports_only,Serviços: exportações,CUB,Cuba,2010,CAN,Canada,587.8403999999999,CHN,China,511.9443,75.89609999999993,0.12911004415484192,BPM6,USA,United States,631.8374689999998,ESP,Spain,443.588241,188.24922799999985,0.29793932338001294,TRUE,TRUE,common_bpm5_bpm6,TRUE,FALSE,FALSE,FALSE,FALSE,FALSE,TRUE,TRUE,FALSE,FALSE,TRUE,FALSE,FALSE,TRUE,0.12911004415484192,FALSE
BPM5,services_exports_only,Serviços: exportações,CUB,Cuba,2011,CAN,Canada,662.1748000000001,CHN,China,607.0149,55.15990000000011,0.08330111626114449,BPM6,USA,United States,687.2026179999999,CHN,China,442.048611,245.15400699999992,0.35674195728980757,TRUE,TRUE,common_bpm5_bpm6,TRUE,FALSE,FALSE,FALSE,FALSE,FALSE,TRUE,TRUE,TRUE,TRUE,TRUE,FALSE,FALSE,TRUE,0.08330111626114449,TRUE
BPM5,services_exports_only,Serviços: exportações,CUB,Cuba,2012,CAN,Canada,616.0224,CHN,China,519.9399,96.08249999999998,0.15597241269148654,BPM6,CHN,China,637.308232,USA,United States,567.300944,70.00728800000002,0.10984839750194851,TRUE,TRUE,common_bpm5_bpm6,TRUE,FALSE,FALSE,FALSE,FALSE,TRUE,FALSE,TRUE,TRUE,TRUE,TRUE,TRUE,TRUE,TRUE,0.10984839750194851,FALSE
BPM5,services_exports_only,Serviços: exportações,DOM,Dominican Republic,2012,USA,United States,3349.1874,CHN,China,302.7542,3046.4332,0.9096036847624591,BPM6,USA,United States,3206.9952380000004,DEU,Germany,301.184346,2905.8108920000004,0.9060851907632299,TRUE,TRUE,common_bpm5_bpm6,TRUE,TRUE,FALSE,FALSE,FALSE,FALSE,TRUE,TRUE,FALSE,FALSE,TRUE,FALSE,FALSE,TRUE,0.9060851907632299,FALSE
BPM5,services_exports_only,Serviços: exportações,ETH,Ethiopia,2010,USA,United States,176.00949999999997,CHE,Switzerland,165.3535,10.655999999999977,0.060542186643334474,BPM6,USA,United States,488.529649,CHN,China,110.13751300000001,378.392136,0.7745530630015047,TRUE,TRUE,common_bpm5_bpm6,TRUE,TRUE,FALSE,FALSE,FALSE,FALSE,TRUE,FALSE,TRUE,FALSE,TRUE,FALSE,FALSE,TRUE,0.060542186643334474,TRUE
BPM5,services_exports_only,Serviços: exportações,ETH,Ethiopia,2011,CHE,Switzerland,190.15290000000002,USA,United States,183.0161,7.136800000000022,0.0375319019588974,BPM6,USA,United States,542.237078,CHN,China,140.124608,402.11247000000003,0.741580549015868,TRUE,TRUE,common_bpm5_bpm6,TRUE,FALSE,FALSE,FALSE,FALSE,FALSE,TRUE,FALSE,TRUE,FALSE,TRUE,FALSE,FALSE,TRUE,0.0375319019588974,TRUE
BPM5,services_exports_only,Serviços: exportações,ETH,Ethiopia,2012,CHE,Switzerland,200.0104,USA,United States,186.1349,13.875500000000017,0.06937389255758708,BPM6,USA,United States,530.9384239999999,CHN,China,152.15882800000003,378.7795959999999,0.7134153018090851,TRUE,TRUE,common_bpm5_bpm6,TRUE,FALSE,FALSE,FALSE,FALSE,FALSE,TRUE,FALSE,TRUE,FALSE,TRUE,FALSE,FALSE,TRUE,0.06937389255758708,TRUE
BPM5,services_exports_only,Serviços: exportações,GAB,Gabon,2010,USA,United States,313.1195,FRA,France,138.13359999999997,174.98590000000004,0.5588470216642529,BPM6,FRA,France,123.54758400000001,CHN,China,72.909036,50.638548000000014,0.40987080734820364,TRUE,TRUE,common_bpm5_bpm6,TRUE,FALSE,FALSE,FALSE,FALSE,FALSE,TRUE,FALSE,TRUE,FALSE,TRUE,FALSE,FALSE,TRUE,0.40987080734820364,FALSE
BPM5,services_exports_only,Serviços: exportações,GAB,Gabon,2011,USA,United States,437.23229999999995,TTO,Trinidad & Tobago,162.86010000000002,274.3721999999999,0.6275204279281287,BPM6,FRA,France,136.437964,CHN,China,104.751975,31.685988999999992,0.2322373338845777,TRUE,TRUE,common_bpm5_bpm6,TRUE,FALSE,FALSE,FALSE,FALSE,FALSE,TRUE,FALSE,TRUE,FALSE,TRUE,FALSE,FALSE,TRUE,0.2322373338845777,FALSE
BPM5,services_exports_only,Serviços: exportações,GAB,Gabon,2012,USA,United States,407.82980000000003,JPN,Japan,257.46529999999996,150.36450000000008,0.36869424451082305,BPM6,FRA,France,115.62408699999999,CHN,China,110.26430500000001,5.359781999999981,0.04635523738232832,TRUE,TRUE,common_bpm5_bpm6,TRUE,FALSE,FALSE,FALSE,FALSE,FALSE,TRUE,FALSE,TRUE,FALSE,TRUE,FALSE,FALSE,TRUE,0.04635523738232832,TRUE
BPM5,services_exports_only,Serviços: exportações,GMB,Gambia,2011,GBR,United Kingdom,50.082300000000004,CHN,China,36.5126,13.569700000000005,0.27094801955980463,BPM6,USA,United States,155.76195399999997,IND,India,67.450241,88.31171299999997,0.5669658779447514,TRUE,TRUE,common_bpm5_bpm6,TRUE,FALSE,FALSE,FALSE,FALSE,FALSE,TRUE,TRUE,FALSE,FALSE,TRUE,FALSE,FALSE,TRUE,0.27094801955980463,FALSE
BPM5,services_exports_only,Serviços: exportações,GMB,Gambia,2012,GBR,United Kingdom,74.6631,CHN,China,52.85979999999999,21.803300000000007,0.29202243142864426,BPM6,USA,United States,150.394195,GBR,United Kingdom,99.97594799999999,50.41824700000001,0.33524064542517756,TRUE,TRUE,common_bpm5_bpm6,TRUE,FALSE,FALSE,FALSE,FALSE,FALSE,TRUE,TRUE,FALSE,FALSE,TRUE,FALSE,FALSE,TRUE,0.29202243142864426,FALSE
BPM5,services_exports_only,Serviços: exportações,GNQ,Equatorial Guinea,2007,USA,United States,123.45960000000001,ESP,Spain,55.5405,67.91910000000001,0.5501321889913786,BPM6,IND,India,61.544978,CHN,China,57.252059,4.292918999999998,0.06975254747836611,TRUE,TRUE,common_bpm5_bpm6,TRUE,FALSE,FALSE,FALSE,FALSE,FALSE,TRUE,FALSE,TRUE,FALSE,TRUE,FALSE,FALSE,TRUE,0.06975254747836611,TRUE
BPM5,services_exports_only,Serviços: exportações,GNQ,Equatorial Guinea,2008,USA,United States,204.53040000000001,ESP,Spain,124.1886,80.34180000000002,0.39281104422618845,BPM6,CHN,China,92.602963,MEX,Mexico,78.511478,14.091485000000006,0.15217099478771542,TRUE,TRUE,common_bpm5_bpm6,TRUE,FALSE,FALSE,FALSE,FALSE,TRUE,FALSE,FALSE,TRUE,FALSE,TRUE,TRUE,TRUE,TRUE,0.15217099478771542,FALSE
BPM5,services_exports_only,Serviços: exportações,GNQ,Equatorial Guinea,2009,USA,United States,177.3548,ESP,Spain,62.839999999999996,114.51480000000001,0.6456819888720238,BPM6,CHN,China,76.01116100000002,MEX,Mexico,62.069585000000004,13.941576000000012,0.18341485403702765,TRUE,TRUE,common_bpm5_bpm6,TRUE,FALSE,FALSE,FALSE,FALSE,TRUE,FALSE,FALSE,TRUE,FALSE,TRUE,TRUE,TRUE,TRUE,0.18341485403702765,FALSE
BPM5,services_exports_only,Serviços: exportações,GNQ,Equatorial Guinea,2010,USA,United States,168.97230000000002,ESP,Spain,69.3645,99.60780000000001,0.5894918871317961,BPM6,CHN,China,92.539511,IND,India,84.06692500000001,8.472585999999993,0.0915564163722455,TRUE,TRUE,common_bpm5_bpm6,TRUE,FALSE,FALSE,FALSE,FALSE,TRUE,FALSE,FALSE,TRUE,FALSE,TRUE,TRUE,TRUE,TRUE,0.0915564163722455,TRUE
BPM5,services_exports_only,Serviços: exportações,GNQ,Equatorial Guinea,2011,ESP,Spain,143.6551,USA,United States,121.5079,22.147199999999998,0.15416925678239057,BPM6,CHN,China,134.98343100000002,IND,India,97.926842,37.05658900000003,0.274526945458958,TRUE,TRUE,common_bpm5_bpm6,TRUE,FALSE,FALSE,FALSE,FALSE,TRUE,FALSE,FALSE,TRUE,FALSE,TRUE,TRUE,TRUE,TRUE,0.15416925678239057,FALSE
BPM5,services_exports_only,Serviços: exportações,GNQ,Equatorial Guinea,2012,USA,United States,161.21919999999997,ESP,Spain,116.06720000000001,45.15199999999996,0.28006589785831937,BPM6,CHN,China,151.42961,IND,India,100.98965900000002,50.43995099999998,0.3330917315312374,TRUE,TRUE,common_bpm5_bpm6,TRUE,FALSE,FALSE,FALSE,FALSE,TRUE,FALSE,FALSE,TRUE,FALSE,TRUE,TRUE,TRUE,TRUE,0.28006589785831937,FALSE
BPM5,services_exports_only,Serviços: exportações,HND,Honduras,2010,USA,United States,306.33109999999994,DEU,Germany,30.1525,276.17859999999996,0.9015689232990056,BPM6,USA,United States,629.143412,CHN,China,43.861599,585.281813,0.9302836234737527,TRUE,TRUE,common_bpm5_bpm6,TRUE,TRUE,FALSE,FALSE,FALSE,FALSE,TRUE,FALSE,TRUE,FALSE,TRUE,FALSE,FALSE,TRUE,0.9015689232990056,FALSE
BPM5,services_exports_only,Serviços: exportações,HND,Honduras,2012,USA,United States,335.70669999999996,DEU,Germany,38.1586,297.5481,0.8863335167275482,BPM6,USA,United States,681.596353,CHN,China,56.155837,625.440516,0.9176113006578837,TRUE,TRUE,common_bpm5_bpm6,TRUE,TRUE,FALSE,FALSE,FALSE,FALSE,TRUE,FALSE,TRUE,FALSE,TRUE,FALSE,FALSE,TRUE,0.8863335167275482,FALSE
BPM5,services_exports_only,Serviços: exportações,IRN,Iran,2007,CHN,China,377.6253,DEU,Germany,347.6467,29.97859999999997,0.07938715970566583,BPM6,USA,United States,325.08785,DEU,Germany,260.36208800000003,64.72576199999997,0.19910237186655846,TRUE,TRUE,common_bpm5_bpm6,TRUE,FALSE,FALSE,FALSE,TRUE,FALSE,FALSE,TRUE,FALSE,FALSE,TRUE,TRUE,TRUE,TRUE,0.07938715970566583,TRUE
BPM5,services_exports_only,Serviços: exportações,IRN,Iran,2008,CHN,China,479.62420000000003,IND,India,406.5523,73.07190000000003,0.15235240423648352,BPM6,USA,United States,355.95507699999996,DEU,Germany,282.59578799999997,73.35928899999999,0.20609142484572568,TRUE,TRUE,common_bpm5_bpm6,TRUE,FALSE,FALSE,FALSE,TRUE,FALSE,FALSE,TRUE,FALSE,FALSE,TRUE,TRUE,TRUE,TRUE,0.15235240423648352,FALSE
BPM5,services_exports_only,Serviços: exportações,IRN,Iran,2009,CHN,China,498.4489,IND,India,388.137,110.31189999999998,0.2213103489645578,BPM6,USA,United States,372.29828799999996,DEU,Germany,257.70692999999994,114.59135800000001,0.30779448010784305,TRUE,TRUE,common_bpm5_bpm6,TRUE,FALSE,FALSE,FALSE,TRUE,FALSE,FALSE,TRUE,FALSE,FALSE,TRUE,TRUE,TRUE,TRUE,0.2213103489645578,FALSE
BPM5,services_exports_only,Serviços: exportações,IRN,Iran,2010,TWN,Taiwan,613.7850000000001,CHN,China,504.1854,109.59960000000007,0.1785635035069284,BPM6,USA,United States,387.9361059999999,DEU,Germany,292.07521599999995,95.86088999999993,0.24710484153800305,TRUE,TRUE,common_bpm5_bpm6,TRUE,FALSE,FALSE,FALSE,FALSE,FALSE,TRUE,TRUE,FALSE,FALSE,TRUE,FALSE,FALSE,TRUE,0.1785635035069284,FALSE
BPM5,services_exports_only,Serviços: exportações,IRN,Iran,2011,TWN,Taiwan,780.0570999999999,CHN,China,619.8690999999999,160.188,0.2053541977888542,BPM6,USA,United States,370.878769,CHN,China,272.761867,98.11690199999998,0.26455249046623097,TRUE,TRUE,common_bpm5_bpm6,TRUE,FALSE,FALSE,FALSE,FALSE,FALSE,TRUE,TRUE,TRUE,TRUE,TRUE,FALSE,FALSE,TRUE,0.2053541977888542,FALSE
BPM5,services_exports_only,Serviços: exportações,IRN,Iran,2012,CHN,China,710.7954000000001,IND,India,491.73179999999996,219.06360000000012,0.30819501645621245,BPM6,USA,United States,372.563298,CHN,China,282.717782,89.84551599999998,0.24115503723074724,TRUE,TRUE,common_bpm5_bpm6,TRUE,FALSE,FALSE,FALSE,TRUE,FALSE,FALSE,TRUE,TRUE,TRUE,TRUE,TRUE,TRUE,TRUE,0.24115503723074724,FALSE
BPM5,services_exports_only,Serviços: exportações,IRQ,Iraq,2012,USA,United States,447.2727,CHN,China,414.57169999999996,32.70100000000002,0.0731119963279673,BPM6,GBR,United Kingdom,571.8839370000001,USA,United States,472.61537799999996,99.2685590000001,0.17358165281008772,TRUE,TRUE,common_bpm5_bpm6,TRUE,FALSE,FALSE,FALSE,FALSE,FALSE,TRUE,TRUE,FALSE,FALSE,TRUE,FALSE,FALSE,TRUE,0.0731119963279673,TRUE
BPM5,services_exports_only,Serviços: exportações,KOR,South Korea,2006,USA,United States,10854.6877,CHN,China,6978.158100000001,3876.5296,0.3571295376835208,BPM6,USA,United States,12186.695118,JPN,Japan,5921.848341999999,6264.846776,0.5140726600066242,TRUE,TRUE,common_bpm5_bpm6,TRUE,TRUE,FALSE,FALSE,FALSE,FALSE,TRUE,TRUE,FALSE,FALSE,TRUE,FALSE,FALSE,TRUE,0.3571295376835208,FALSE
BPM5,services_exports_only,Serviços: exportações,KOR,South Korea,2008,CHN,China,12036.5373,USA,United States,11662.0378,374.4994999999999,0.03111355788346204,BPM6,USA,United States,11275.974997,CHN,China,9935.522889,1340.4521079999995,0.11887682513987749,TRUE,TRUE,common_bpm5_bpm6,TRUE,FALSE,FALSE,TRUE,TRUE,FALSE,FALSE,TRUE,TRUE,TRUE,TRUE,TRUE,TRUE,FALSE,0.03111355788346204,TRUE
BPM5,services_exports_only,Serviços: exportações,KOR,South Korea,2009,CHN,China,10439.7771,USA,United States,10375.6211,64.15599999999904,0.0061453419345513655,BPM6,USA,United States,10000.811504,CHN,China,7871.18714,2129.6243639999993,0.21294515581542747,TRUE,TRUE,common_bpm5_bpm6,TRUE,FALSE,FALSE,TRUE,TRUE,FALSE,FALSE,TRUE,TRUE,TRUE,TRUE,TRUE,TRUE,FALSE,0.0061453419345513655,TRUE
BPM5,services_exports_only,Serviços: exportações,KOR,South Korea,2010,CHN,China,12492.4104,USA,United States,12149.2606,343.14980000000105,0.027468662092625537,BPM6,USA,United States,14643.966589999998,CHN,China,9823.515433999999,4820.451155999999,0.32917660159725887,TRUE,TRUE,common_bpm5_bpm6,TRUE,FALSE,FALSE,TRUE,TRUE,FALSE,FALSE,TRUE,TRUE,TRUE,TRUE,TRUE,TRUE,FALSE,0.027468662092625537,TRUE
BPM5,services_exports_only,Serviços: exportações,KOR,South Korea,2011,CHN,China,14880.5388,USA,United States,13359.234600000002,1521.3041999999987,0.10223448360619836,BPM6,USA,United States,12064.706334999999,CHN,China,10592.309965999999,1472.396369,0.12204162522618087,TRUE,TRUE,common_bpm5_bpm6,TRUE,FALSE,FALSE,TRUE,TRUE,FALSE,FALSE,TRUE,TRUE,TRUE,TRUE,TRUE,TRUE,FALSE,0.10223448360619836,FALSE
BPM5,services_exports_only,Serviços: exportações,KOR,South Korea,2012,CHN,China,17931.6148,USA,United States,14419.834400000002,3511.780399999998,0.19584295330725027,BPM6,USA,United States,13331.035056,CHN,China,12310.407478000001,1020.6275779999996,0.07656026510414418,TRUE,TRUE,common_bpm5_bpm6,TRUE,FALSE,FALSE,TRUE,TRUE,FALSE,FALSE,TRUE,TRUE,TRUE,TRUE,TRUE,TRUE,FALSE,0.07656026510414418,TRUE
BPM5,services_exports_only,Serviços: exportações,LAO,Laos,2009,THA,Thailand,79.4483,CHN,China,74.492,4.956299999999999,0.06238396542153827,BPM6,USA,United States,72.822621,FRA,France,61.83263,10.989990999999996,0.15091452146442239,TRUE,TRUE,common_bpm5_bpm6,TRUE,FALSE,FALSE,FALSE,FALSE,FALSE,TRUE,TRUE,FALSE,FALSE,TRUE,FALSE,FALSE,TRUE,0.06238396542153827,TRUE
BPM5,services_exports_only,Serviços: exportações,LAO,Laos,2010,THA,Thailand,107.2043,CHN,China,100.96760000000002,6.236699999999985,0.05817583809604638,BPM6,THA,Thailand,82.19165000000001,USA,United States,74.96053300000001,7.231116999999998,0.08797873019947886,TRUE,TRUE,common_bpm5_bpm6,TRUE,TRUE,FALSE,FALSE,FALSE,FALSE,TRUE,TRUE,FALSE,FALSE,TRUE,FALSE,FALSE,TRUE,0.05817583809604638,TRUE
BPM5,services_exports_only,Serviços: exportações,LAO,Laos,2011,THA,Thailand,125.6636,CHN,China,122.5241,3.139499999999998,0.02498336829439868,BPM6,FRA,France,97.98243,THA,Thailand,91.75298799999999,6.229442000000006,0.06357713316560945,TRUE,TRUE,common_bpm5_bpm6,TRUE,FALSE,FALSE,FALSE,FALSE,FALSE,TRUE,TRUE,FALSE,FALSE,TRUE,FALSE,FALSE,TRUE,0.02498336829439868,TRUE
BPM5,services_exports_only,Serviços: exportações,MLI,Mali,2011,FRA,France,102.03020000000001,ARE,United Arab Emirates,76.3197,25.71050000000001,0.2519891169477273,BPM6,FRA,France,88.46095000000001,CHN,China,80.139241,8.321709000000013,0.0940721188275732,TRUE,TRUE,common_bpm5_bpm6,TRUE,TRUE,FALSE,FALSE,FALSE,FALSE,TRUE,FALSE,TRUE,FALSE,TRUE,FALSE,FALSE,TRUE,0.0940721188275732,TRUE
BPM5,services_exports_only,Serviços: exportações,MLI,Mali,2012,FRA,France,97.74380000000001,ARE,United Arab Emirates,95.4259,2.3179000000000087,0.023714036082084066,BPM6,CHN,China,115.408552,FRA,France,85.308966,30.099586000000002,0.2608089736712059,TRUE,TRUE,common_bpm5_bpm6,TRUE,FALSE,FALSE,FALSE,FALSE,TRUE,FALSE,FALSE,TRUE,FALSE,TRUE,TRUE,TRUE,TRUE,0.023714036082084066,TRUE
BPM5,services_exports_only,Serviços: exportações,MMR,Myanmar (Burma),2011,CHN,China,124.99120000000002,JPN,Japan,120.8308,4.160400000000024,0.033285543302248664,BPM6,CHN,China,138.391509,USA,United States,136.28681,2.1046990000000108,0.015208295763290004,TRUE,TRUE,common_bpm5_bpm6,TRUE,TRUE,FALSE,FALSE,TRUE,TRUE,TRUE,TRUE,TRUE,TRUE,TRUE,TRUE,FALSE,TRUE,0.015208295763290004,TRUE
BPM5,services_exports_only,Serviços: exportações,MMR,Myanmar (Burma),2012,JPN,Japan,150.0616,CHN,China,142.758,7.303599999999989,0.048670679241058265,BPM6,CHN,China,162.38876100000002,USA,United States,133.876758,28.51200300000002,0.17557867197471885,TRUE,TRUE,common_bpm5_bpm6,TRUE,FALSE,FALSE,FALSE,FALSE,TRUE,FALSE,TRUE,TRUE,TRUE,TRUE,TRUE,TRUE,TRUE,0.048670679241058265,TRUE
BPM5,services_exports_only,Serviços: exportações,MNG,Mongolia,2006,CHN,China,146.89740000000003,USA,United States,43.529700000000005,103.36770000000003,0.7036727675234552,BPM6,CHN,China,131.60116299999999,RUS,Russia,58.188334000000005,73.41282899999999,0.5578433148041404,TRUE,TRUE,common_bpm5_bpm6,TRUE,TRUE,FALSE,FALSE,TRUE,TRUE,TRUE,TRUE,TRUE,TRUE,TRUE,TRUE,FALSE,TRUE,0.5578433148041404,FALSE
BPM5,services_exports_only,Serviços: exportações,MOZ,Mozambique,2011,PRT,Portugal,45.12350000000001,CHN,China,43.8703,1.2532000000000068,0.027772668343546192,BPM6,USA,United States,102.76312000000001,GBR,United Kingdom,42.19706,60.566060000000014,0.5893754490910748,TRUE,TRUE,common_bpm5_bpm6,TRUE,FALSE,FALSE,FALSE,FALSE,FALSE,TRUE,TRUE,FALSE,FALSE,TRUE,FALSE,FALSE,TRUE,0.027772668343546192,TRUE
BPM5,services_exports_only,Serviços: exportações,MOZ,Mozambique,2012,CHN,China,78.0217,PRT,Portugal,57.224000000000004,20.797699999999992,0.26656302028794543,BPM6,USA,United States,113.95773,CHN,China,65.269558,48.688171999999994,0.42724764700033946,TRUE,TRUE,common_bpm5_bpm6,TRUE,FALSE,FALSE,FALSE,TRUE,FALSE,FALSE,TRUE,TRUE,TRUE,TRUE,TRUE,TRUE,TRUE,0.26656302028794543,FALSE
BPM5,services_exports_only,Serviços: exportações,MRT,Mauritania,2006,FRA,France,79.90440000000001,USA,United States,24.5183,55.38610000000001,0.6931545697108045,BPM6,FRA,France,30.723952,CHN,China,16.592355,14.131597,0.45995375204335687,TRUE,TRUE,common_bpm5_bpm6,TRUE,TRUE,FALSE,FALSE,FALSE,FALSE,TRUE,FALSE,TRUE,FALSE,TRUE,FALSE,FALSE,TRUE,0.45995375204335687,FALSE
BPM5,services_exports_only,Serviços: exportações,MRT,Mauritania,2007,FRA,France,47.5001,JPN,Japan,24.641900000000003,22.8582,0.4812242500542104,BPM6,FRA,France,35.31751,CHN,China,20.564415,14.753094999999998,0.41772749551143323,TRUE,TRUE,common_bpm5_bpm6,TRUE,TRUE,FALSE,FALSE,FALSE,FALSE,TRUE,FALSE,TRUE,FALSE,TRUE,FALSE,FALSE,TRUE,0.41772749551143323,FALSE
BPM5,services_exports_only,Serviços: exportações,MRT,Mauritania,2009,JPN,Japan,36.1094,CHN,China,34.1218,1.9876000000000005,0.0550438390003711,BPM6,FRA,France,42.32235000000001,CHN,China,28.281245,14.041105000000009,0.3317657218939876,TRUE,TRUE,common_bpm5_bpm6,TRUE,FALSE,FALSE,FALSE,FALSE,FALSE,TRUE,TRUE,TRUE,TRUE,TRUE,FALSE,FALSE,TRUE,0.0550438390003711,TRUE
BPM5,services_exports_only,Serviços: exportações,MRT,Mauritania,2010,CHN,China,41.3907,JPN,Japan,37.4279,3.9628000000000014,0.09574131387002398,BPM6,FRA,France,38.300788,CHN,China,36.137672,2.163115999999995,0.05647706256069706,TRUE,TRUE,common_bpm5_bpm6,TRUE,FALSE,FALSE,FALSE,TRUE,FALSE,FALSE,TRUE,TRUE,TRUE,TRUE,TRUE,TRUE,TRUE,0.05647706256069706,TRUE
BPM5,services_exports_only,Serviços: exportações,MRT,Mauritania,2012,CHN,China,62.252300000000005,JPN,Japan,40.9973,21.255000000000003,0.3414331679311447,BPM6,CHN,China,56.260093000000005,FRA,France,46.591374,9.668719000000003,0.17185750119538554,TRUE,TRUE,common_bpm5_bpm6,TRUE,TRUE,FALSE,FALSE,TRUE,TRUE,TRUE,TRUE,TRUE,TRUE,TRUE,TRUE,FALSE,TRUE,0.17185750119538554,FALSE
BPM5,services_exports_only,Serviços: exportações,MYS,Malaysia,2009,SGP,Singapore,2550.1483999999996,CHN,China,1948.6505,601.4978999999996,0.23586780283061162,BPM6,SGP,Singapore,4385.670255,USA,United States,2064.746533,2320.923722,0.5292061616702645,TRUE,TRUE,common_bpm5_bpm6,TRUE,TRUE,FALSE,FALSE,FALSE,FALSE,TRUE,TRUE,FALSE,FALSE,TRUE,FALSE,FALSE,TRUE,0.23586780283061162,FALSE
BPM5,services_exports_only,Serviços: exportações,MYS,Malaysia,2010,SGP,Singapore,2901.36,CHN,China,2305.8700000000003,595.4899999999998,0.2052451264234703,BPM6,SGP,Singapore,6068.0775699999995,USA,United States,2690.7882529999997,3377.2893169999998,0.5565666025261441,TRUE,TRUE,common_bpm5_bpm6,TRUE,TRUE,FALSE,FALSE,FALSE,FALSE,TRUE,TRUE,FALSE,FALSE,TRUE,FALSE,FALSE,TRUE,0.2052451264234703,FALSE
BPM5,services_exports_only,Serviços: exportações,MYS,Malaysia,2011,SGP,Singapore,3207.6915000000004,CHN,China,2720.6351000000004,487.05639999999994,0.15184016293337432,BPM6,SGP,Singapore,6781.066629000002,USA,United States,2999.185307,3781.8813220000015,0.5577118658333715,TRUE,TRUE,common_bpm5_bpm6,TRUE,TRUE,FALSE,FALSE,FALSE,FALSE,TRUE,TRUE,FALSE,FALSE,TRUE,FALSE,FALSE,TRUE,0.15184016293337432,FALSE
BPM5,services_exports_only,Serviços: exportações,MYS,Malaysia,2012,SGP,Singapore,3670.2432,CHN,China,3005.5771000000004,664.6660999999995,0.18109592846599362,BPM6,SGP,Singapore,7179.595598,USA,United States,2939.5889669999997,4240.006631,0.5905634339879988,TRUE,TRUE,common_bpm5_bpm6,TRUE,TRUE,FALSE,FALSE,FALSE,FALSE,TRUE,TRUE,FALSE,FALSE,TRUE,FALSE,FALSE,TRUE,0.18109592846599362,FALSE
BPM5,services_exports_only,Serviços: exportações,OMN,Oman,2005,JPN,Japan,244.0545,CHN,China,171.80040000000002,72.25409999999997,0.29605723311801246,BPM6,USA,United States,385.95543299999997,GBR,United Kingdom,88.513768,297.44166499999994,0.7706632413178129,TRUE,TRUE,common_bpm5_bpm6,TRUE,FALSE,FALSE,FALSE,FALSE,FALSE,TRUE,TRUE,FALSE,FALSE,TRUE,FALSE,FALSE,TRUE,0.29605723311801246,FALSE
BPM5,services_exports_only,Serviços: exportações,OMN,Oman,2006,JPN,Japan,257.5362999999999,CHN,China,224.964,32.57229999999993,0.12647653942376255,BPM6,USA,United States,395.192401,GBR,United Kingdom,104.41067600000001,290.781725,0.7357978652023726,TRUE,TRUE,common_bpm5_bpm6,TRUE,FALSE,FALSE,FALSE,FALSE,FALSE,TRUE,TRUE,FALSE,FALSE,TRUE,FALSE,FALSE,TRUE,0.12647653942376255,FALSE
BPM5,services_exports_only,Serviços: exportações,OMN,Oman,2007,JPN,Japan,346.7514,CHN,China,295.3839,51.36750000000001,0.1481392721125279,BPM6,USA,United States,382.183275,ARE,United Arab Emirates,126.361745,255.82153,0.6693687210671373,TRUE,TRUE,common_bpm5_bpm6,TRUE,FALSE,FALSE,FALSE,FALSE,FALSE,TRUE,TRUE,FALSE,FALSE,TRUE,FALSE,FALSE,TRUE,0.1481392721125279,FALSE
BPM5,services_exports_only,Serviços: exportações,OMN,Oman,2008,JPN,Japan,458.0417,CHN,China,393.7059,64.3358,0.14045839057884907,BPM6,USA,United States,391.74377699999997,ARE,United Arab Emirates,151.844642,239.89913499999997,0.612387864428029,TRUE,TRUE,common_bpm5_bpm6,TRUE,FALSE,FALSE,FALSE,FALSE,FALSE,TRUE,TRUE,FALSE,FALSE,TRUE,FALSE,FALSE,TRUE,0.14045839057884907,FALSE
BPM5,services_exports_only,Serviços: exportações,OMN,Oman,2009,JPN,Japan,368.704,CHN,China,295.1625,73.541499999999985,0.19945945799340387,BPM6,USA,United States,371.360939,ARE,United Arab Emirates,129.57479399999997,241.786145,0.6510812517091358,TRUE,TRUE,common_bpm5_bpm6,TRUE,FALSE,FALSE,FALSE,FALSE,FALSE,TRUE,TRUE,FALSE,FALSE,TRUE,FALSE,FALSE,TRUE,0.19945945799340387,FALSE
BPM5,services_exports_only,Serviços: exportações,OMN,Oman,2010,CHN,China,402.96509999999995,JPN,Japan,401.64750000000004,1.3175999999999135,0.0032697620712064486,BPM6,USA,United States,307.769042,ARE,United Arab Emirates,146.82748000000004,160.94156199999998,0.522929664901124,TRUE,TRUE,common_bpm5_bpm6,TRUE,FALSE,FALSE,FALSE,TRUE,FALSE,FALSE,TRUE,FALSE,FALSE,TRUE,TRUE,TRUE,TRUE,0.0032697620712064486,TRUE
BPM5,services_exports_only,Serviços: exportações,OMN,Oman,2011,CHN,China,530.5668,JPN,Japan,399.53299999999996,131.03379999999999,0.24696946736961303,BPM6,USA,United States,332.58993699999996,ARE,United Arab Emirates,195.43633600000004,137.15360099999992,0.4123804894313442,TRUE,TRUE,common_bpm5_bpm6,TRUE,FALSE,FALSE,FALSE,TRUE,FALSE,FALSE,TRUE,FALSE,FALSE,TRUE,TRUE,TRUE,TRUE,0.24696946736961303,FALSE
BPM5,services_exports_only,Serviços: exportações,OMN,Oman,2012,CHN,China,543.4418999999999,JPN,Japan,351.5276,191.9142999999999,0.35314593887589446,BPM6,USA,United States,297.868697,ARE,United Arab Emirates,224.029959,73.838738,0.24789022392641683,TRUE,TRUE,common_bpm5_bpm6,TRUE,FALSE,FALSE,FALSE,TRUE,FALSE,FALSE,TRUE,FALSE,FALSE,TRUE,TRUE,TRUE,TRUE,0.24789022392641683,FALSE
BPM5,services_exports_only,Serviços: exportações,PER,Peru,2010,USA,United States,1418.2569,JPN,Japan,423.5116,994.7453,0.7013858349640323,BPM6,USA,United States,1157.011774,CHN,China,289.271665,867.7401090000001,0.7499838190929249,TRUE,TRUE,common_bpm5_bpm6,TRUE,TRUE,FALSE,FALSE,FALSE,FALSE,TRUE,FALSE,TRUE,FALSE,TRUE,FALSE,FALSE,TRUE,0.7013858349640323,FALSE
BPM5,services_exports_only,Serviços: exportações,PER,Peru,2011,USA,United States,1461.8663999999999,JPN,Japan,403.1258,1058.7405999999999,0.7242389591825901,BPM6,USA,United States,1479.7438590000002,CHN,China,368.24998400000004,1111.4938750000001,0.7511393733717803,TRUE,TRUE,common_bpm5_bpm6,TRUE,TRUE,FALSE,FALSE,FALSE,FALSE,TRUE,FALSE,TRUE,FALSE,TRUE,FALSE,FALSE,TRUE,0.7242389591825901,FALSE
BPM5,services_exports_only,Serviços: exportações,PER,Peru,2012,USA,United States,1462.9893,JPN,Japan,441.7668,1021.2225,0.6980382563290107,BPM6,USA,United States,1459.220237,CHN,China,412.64046500000006,1046.579772,0.7172185153843916,TRUE,TRUE,common_bpm5_bpm6,TRUE,TRUE,FALSE,FALSE,FALSE,FALSE,TRUE,FALSE,TRUE,FALSE,TRUE,FALSE,FALSE,TRUE,0.6980382563290107,FALSE
BPM5,services_exports_only,Serviços: exportações,PNG,Papua New Guinea,2011,AUS,Australia,398.91169999999994,CHN,China,60.741,338.17069999999995,0.847733220158747,BPM6,AUS,Australia,427.746407,JPN,Japan,75.46742900000002,352.27897799999994,0.8235696951161064,TRUE,TRUE,common_bpm5_bpm6,TRUE,TRUE,FALSE,FALSE,FALSE,FALSE,TRUE,TRUE,FALSE,FALSE,TRUE,FALSE,FALSE,TRUE,0.8235696951161064,FALSE
BPM5,services_exports_only,Serviços: exportações,PRY,Paraguay,2005,BRA,Brazil,431.78369999999995,CHN,China,41.1314,390.65229999999997,0.9047407301387246,BPM6,ARG,Argentina,332.42995499999995,BRA,Brazil,157.414345,175.01560999999995,0.526473644650946,TRUE,TRUE,common_bpm5_bpm6,TRUE,FALSE,FALSE,FALSE,FALSE,FALSE,TRUE,TRUE,FALSE,FALSE,TRUE,FALSE,FALSE,TRUE,0.526473644650946,FALSE
BPM5,services_exports_only,Serviços: exportações,PRY,Paraguay,2006,BRA,Brazil,506.2086,CHN,China,42.9761,463.23249999999996,0.9151019955014592,BPM6,ARG,Argentina,383.832702,BRA,Brazil,182.147241,201.68546099999998,0.5254514791186291,TRUE,TRUE,common_bpm5_bpm6,TRUE,FALSE,FALSE,FALSE,FALSE,FALSE,TRUE,TRUE,FALSE,FALSE,TRUE,FALSE,FALSE,TRUE,0.5254514791186291,FALSE
BPM5,services_exports_only,Serviços: exportações,PRY,Paraguay,2009,BRA,Brazil,838.8097,CHN,China,42.164500000000004,796.6452,0.9497329370416199,BPM6,ARG,Argentina,531.493645,BRA,Brazil,305.32032499999997,226.17332000000005,0.42554284915297536,TRUE,TRUE,common_bpm5_bpm6,TRUE,FALSE,FALSE,FALSE,FALSE,FALSE,TRUE,TRUE,FALSE,FALSE,TRUE,FALSE,FALSE,TRUE,0.42554284915297536,FALSE
BPM5,services_exports_only,Serviços: exportações,PRY,Paraguay,2010,BRA,Brazil,720.3747000000001,CHN,China,53.774300000000004,666.6004,0.9253523201189603,BPM6,ARG,Argentina,617.571662,BRA,Brazil,379.138987,238.43267499999996,0.3860809840720962,TRUE,TRUE,common_bpm5_bpm6,TRUE,FALSE,FALSE,FALSE,FALSE,FALSE,TRUE,TRUE,FALSE,FALSE,TRUE,FALSE,FALSE,TRUE,0.3860809840720962,FALSE
BPM5,services_exports_only,Serviços: exportações,PRY,Paraguay,2011,BRA,Brazil,873.4769,CHN,China,53.628800000000005,819.8481,0.9386030700983621,BPM6,ARG,Argentina,762.007885,BRA,Brazil,454.634275,307.37361,0.40337326693148323,TRUE,TRUE,common_bpm5_bpm6,TRUE,FALSE,FALSE,FALSE,FALSE,FALSE,TRUE,TRUE,FALSE,FALSE,TRUE,FALSE,FALSE,TRUE,0.40337326693148323,FALSE
BPM5,services_exports_only,Serviços: exportações,PRY,Paraguay,2012,BRA,Brazil,1289.1118,CHN,China,71.2084,1217.9034,0.9447616568244895,BPM6,ARG,Argentina,760.8355499999999,BRA,Brazil,496.22109499999993,264.61445499999996,0.3477945464036217,TRUE,TRUE,common_bpm5_bpm6,TRUE,FALSE,FALSE,FALSE,FALSE,FALSE,TRUE,TRUE,FALSE,FALSE,TRUE,FALSE,FALSE,TRUE,0.3477945464036217,FALSE
BPM5,services_exports_only,Serviços: exportações,SAU,Saudi Arabia,2012,USA,United States,1321.2941999999998,CHN,China,1235.5273,85.76689999999985,0.06491128168124848,BPM6,USA,United States,1089.78931,GBR,United Kingdom,846.5464989999999,243.24281099999996,0.22320168565426649,TRUE,TRUE,common_bpm5_bpm6,TRUE,TRUE,FALSE,FALSE,FALSE,FALSE,TRUE,TRUE,FALSE,FALSE,TRUE,FALSE,FALSE,TRUE,0.06491128168124848,TRUE
BPM5,services_exports_only,Serviços: exportações,SDN,Sudan,2010,USA,United States,83.82239999999999,NOR,Norway,76.4387,7.38369999999999,0.08808743247628309,BPM6,SAU,Saudi Arabia,520.30207,CHN,China,289.09091899999993,231.21115100000003,0.44437868755740306,TRUE,TRUE,common_bpm5_bpm6,TRUE,FALSE,FALSE,FALSE,FALSE,FALSE,TRUE,FALSE,TRUE,FALSE,TRUE,FALSE,FALSE,TRUE,0.08808743247628309,TRUE
BPM5,services_exports_only,Serviços: exportações,SDN,Sudan,2011,USA,United States,90.20410000000001,NOR,Norway,72.1772,18.026900000000012,0.1998456832893406,BPM6,SAU,Saudi Arabia,479.37895899999995,CHN,China,358.259291,121.11966799999993,0.25265954152985665,TRUE,TRUE,common_bpm5_bpm6,TRUE,FALSE,FALSE,FALSE,FALSE,FALSE,TRUE,FALSE,TRUE,FALSE,TRUE,FALSE,FALSE,TRUE,0.1998456832893406,FALSE
BPM5,services_exports_only,Serviços: exportações,SGP,Singapore,2010,CHN,China,8111.5824,USA,United States,7702.3633,409.21910000000025,0.050448738583978414,BPM6,JPN,Japan,8416.591942000001,USA,United States,8241.326519999999,175.26542200000222,0.020823799372451768,TRUE,TRUE,common_bpm5_bpm6,TRUE,FALSE,FALSE,FALSE,TRUE,FALSE,FALSE,TRUE,FALSE,FALSE,TRUE,TRUE,TRUE,TRUE,0.020823799372451768,TRUE
BPM5,services_exports_only,Serviços: exportações,SLB,Solomon Islands,2005,AUS,Australia,98.24780000000001,CHN,China,45.3244,52.923400000000015,0.5386726216770249,BPM6,CHN,China,5.420908,JPN,Japan,4.481699000000002,0.9392089999999982,0.17325676805435514,TRUE,TRUE,common_bpm5_bpm6,TRUE,FALSE,FALSE,FALSE,FALSE,TRUE,FALSE,TRUE,TRUE,TRUE,TRUE,TRUE,TRUE,TRUE,0.17325676805435514,FALSE
BPM5,services_exports_only,Serviços: exportações,SLB,Solomon Islands,2006,AUS,Australia,99.57339999999999,CHN,China,55.913599999999995,43.6598,0.4384685066493662,BPM6,CHN,China,6.887725,JPN,Japan,5.739442000000001,1.1482829999999984,0.16671440860371145,TRUE,TRUE,common_bpm5_bpm6,TRUE,FALSE,FALSE,FALSE,FALSE,TRUE,FALSE,TRUE,TRUE,TRUE,TRUE,TRUE,TRUE,TRUE,0.16671440860371145,FALSE
BPM5,services_exports_only,Serviços: exportações,SLB,Solomon Islands,2007,AUS,Australia,142.047,CHN,China,78.8429,63.2041,0.4449520229219906,BPM6,CHN,China,8.863825,JPN,Japan,5.468534999999999,3.395290000000001,0.38305020688021263,TRUE,TRUE,common_bpm5_bpm6,TRUE,FALSE,FALSE,FALSE,FALSE,TRUE,FALSE,TRUE,TRUE,TRUE,TRUE,TRUE,TRUE,TRUE,0.38305020688021263,FALSE
BPM5,services_exports_only,Serviços: exportações,SLB,Solomon Islands,2008,AUS,Australia,142.3798,CHN,China,99.6368,42.742999999999995,0.30020410198637726,BPM6,CHN,China,10.338056,ITA,Italy,6.439472000000001,3.8985839999999987,0.3771099711589876,TRUE,TRUE,common_bpm5_bpm6,TRUE,FALSE,FALSE,FALSE,FALSE,TRUE,FALSE,TRUE,TRUE,TRUE,TRUE,TRUE,TRUE,TRUE,0.30020410198637726,FALSE
BPM5,services_exports_only,Serviços: exportações,SLB,Solomon Islands,2009,AUS,Australia,108.57079999999999,CHN,China,92.82679999999999,15.744,0.14501136585527602,BPM6,CHN,China,10.633570999999998,NZL,New Zealand,4.4863170000000006,6.1472539999999976,0.5780987403008828,TRUE,TRUE,common_bpm5_bpm6,TRUE,FALSE,FALSE,FALSE,FALSE,TRUE,FALSE,TRUE,TRUE,TRUE,TRUE,TRUE,TRUE,TRUE,0.14501136585527602,FALSE
BPM5,services_exports_only,Serviços: exportações,SLB,Solomon Islands,2010,CHN,China,132.8766,AUS,Australia,123.93260000000001,8.943999999999988,0.06731057236563841,BPM6,CHN,China,14.772292,ITA,Italy,8.311005,6.4612870000000004,0.43739231528864986,TRUE,TRUE,common_bpm5_bpm6,TRUE,TRUE,FALSE,FALSE,TRUE,TRUE,TRUE,TRUE,TRUE,TRUE,TRUE,TRUE,FALSE,TRUE,0.06731057236563841,TRUE
BPM5,services_exports_only,Serviços: exportações,SLE,Sierra Leone,2012,USA,United States,39.967,CHN,China,36.8181,3.1488999999999976,0.07878749968724191,BPM6,CHN,China,42.741687999999996,USA,United States,37.234795000000005,5.506892999999991,0.1288412614869116,TRUE,TRUE,common_bpm5_bpm6,TRUE,FALSE,FALSE,TRUE,FALSE,TRUE,FALSE,TRUE,TRUE,TRUE,TRUE,TRUE,TRUE,FALSE,0.07878749968724191,TRUE
BPM5,services_exports_only,Serviços: exportações,SWZ,Eswatini,2012,ZAF,South Africa,31.940199999999997,USA,United States,18.0037,13.936499999999999,0.43633101859099194,BPM6,USA,United States,80.22534599999999,CHN,China,17.793131,62.432214999999985,0.7782106044142209,TRUE,TRUE,common_bpm5_bpm6,TRUE,FALSE,FALSE,FALSE,FALSE,FALSE,TRUE,FALSE,TRUE,FALSE,TRUE,FALSE,FALSE,TRUE,0.43633101859099194,FALSE
BPM5,services_exports_only,Serviços: exportações,TCD,Chad,2008,USA,United States,304.5204,JPN,Japan,71.79390000000001,232.7265,0.7642394401163272,BPM6,SAU,Saudi Arabia,85.04364500000001,CHN,China,65.59286,19.45078500000001,0.22871532611284484,TRUE,TRUE,common_bpm5_bpm6,TRUE,FALSE,FALSE,FALSE,FALSE,FALSE,TRUE,FALSE,TRUE,FALSE,TRUE,FALSE,FALSE,TRUE,0.22871532611284484,FALSE
BPM5,services_exports_only,Serviços: exportações,TCD,Chad,2009,USA,United States,261.5716,FRA,France,56.07,205.5016,0.7856418663188206,BPM6,SAU,Saudi Arabia,85.148917,CHN,China,62.587506,22.561411,0.26496415685474894,TRUE,TRUE,common_bpm5_bpm6,TRUE,FALSE,FALSE,FALSE,FALSE,FALSE,TRUE,FALSE,TRUE,FALSE,TRUE,FALSE,FALSE,TRUE,0.26496415685474894,FALSE
BPM5,services_exports_only,Serviços: exportações,TCD,Chad,2010,USA,United States,276.8473,CHN,China,54.5012,222.34610000000004,0.8031362415309813,BPM6,SAU,Saudi Arabia,99.704383000000007,CHN,China,82.88208499999999,16.822298000000018,0.1687217501762186,TRUE,TRUE,common_bpm5_bpm6,TRUE,FALSE,FALSE,FALSE,FALSE,FALSE,TRUE,TRUE,TRUE,TRUE,TRUE,FALSE,FALSE,TRUE,0.1687217501762186,FALSE
BPM5,services_exports_only,Serviços: exportações,TCD,Chad,2011,USA,United States,270.5897,CHN,China,38.0813,232.5084,0.8592655226714099,BPM6,CHN,China,107.49959600000001,SAU,Saudi Arabia,103.193316,4.306280000000015,0.04005856915034373,TRUE,TRUE,common_bpm5_bpm6,TRUE,FALSE,FALSE,FALSE,FALSE,TRUE,FALSE,TRUE,TRUE,TRUE,TRUE,TRUE,TRUE,TRUE,0.04005856915034373,TRUE
BPM5,services_exports_only,Serviços: exportações,TCD,Chad,2012,USA,United States,266.6023,CHN,China,40.410399999999996,226.19190000000003,0.8484244134427948,BPM6,CHN,China,124.90125000000002,SAU,Saudi Arabia,106.442841,18.458409000000017,0.14778402137688787,TRUE,TRUE,common_bpm5_bpm6,TRUE,FALSE,FALSE,FALSE,FALSE,TRUE,FALSE,TRUE,TRUE,TRUE,TRUE,TRUE,TRUE,TRUE,0.14778402137688787,FALSE
BPM5,services_exports_only,Serviços: exportações,THA,Thailand,2010,JPN,Japan,3226.5865,USA,United States,2627.8623000000002,598.7241999999997,0.18555963089785432,BPM6,JPN,Japan,2999.318803,CHN,China,2474.5597540000003,524.7590489999998,0.17495941027513365,TRUE,TRUE,common_bpm5_bpm6,TRUE,TRUE,FALSE,FALSE,FALSE,FALSE,TRUE,FALSE,TRUE,FALSE,TRUE,FALSE,FALSE,TRUE,0.17495941027513365,FALSE
BPM5,services_exports_only,Serviços: exportações,TJK,Tajikistan,2008,RUS,Russia,237.08620000000002,CHN,China,20.1092,216.97700000000003,0.9151819043031607,BPM6,USA,United States,1094.271525,RUS,Russia,257.322789,836.948736,0.7648455770609583,TRUE,TRUE,common_bpm5_bpm6,TRUE,FALSE,FALSE,FALSE,FALSE,FALSE,TRUE,TRUE,FALSE,FALSE,TRUE,FALSE,FALSE,TRUE,0.7648455770609583,FALSE
BPM5,services_exports_only,Serviços: exportações,TJK,Tajikistan,2009,RUS,Russia,183.82070000000002,CHN,China,55.9158,127.90490000000003,0.695813365959329,BPM6,USA,United States,1087.3308339999999,RUS,Russia,203.23437099999998,884.0964629999999,0.8130887448005544,TRUE,TRUE,common_bpm5_bpm6,TRUE,FALSE,FALSE,FALSE,FALSE,FALSE,TRUE,TRUE,FALSE,FALSE,TRUE,FALSE,FALSE,TRUE,0.695813365959329,FALSE
BPM5,services_exports_only,Serviços: exportações,TJK,Tajikistan,2010,RUS,Russia,230.0543,CHN,China,38.4067,191.6476,0.8330537616554005,BPM6,USA,United States,1036.982327,RUS,Russia,271.08136199999996,765.900965,0.7385863240463886,TRUE,TRUE,common_bpm5_bpm6,TRUE,FALSE,FALSE,FALSE,FALSE,FALSE,TRUE,TRUE,FALSE,FALSE,TRUE,FALSE,FALSE,TRUE,0.7385863240463886,FALSE
BPM5,services_exports_only,Serviços: exportações,TJK,Tajikistan,2011,RUS,Russia,240.7962,CHN,China,48.983799999999995,191.8124,0.7965756934702458,BPM6,USA,United States,1107.122353,RUS,Russia,292.75642799999997,814.3659250000001,0.7355699420152526,TRUE,TRUE,common_bpm5_bpm6,TRUE,FALSE,FALSE,FALSE,FALSE,FALSE,TRUE,TRUE,FALSE,FALSE,TRUE,FALSE,FALSE,TRUE,0.7355699420152526,FALSE
BPM5,services_exports_only,Serviços: exportações,TJK,Tajikistan,2012,RUS,Russia,293.1872,CHN,China,69.6474,223.5398,0.7624473374008143,BPM6,USA,United States,1034.103729,RUS,Russia,344.113445,689.990284,0.6672350796638506,TRUE,TRUE,common_bpm5_bpm6,TRUE,FALSE,FALSE,FALSE,FALSE,FALSE,TRUE,TRUE,FALSE,FALSE,TRUE,FALSE,FALSE,TRUE,0.6672350796638506,FALSE
BPM5,services_exports_only,Serviços: exportações,TZA,Tanzania,2010,CHE,Switzerland,286.05460000000005,JPN,Japan,195.5658,90.48880000000005,0.3163340145552634,BPM6,USA,United States,281.16584200000005,CHN,China,169.020254,112.14558800000006,0.3988592184679391,TRUE,TRUE,common_bpm5_bpm6,TRUE,FALSE,FALSE,FALSE,FALSE,FALSE,TRUE,FALSE,TRUE,FALSE,TRUE,FALSE,FALSE,TRUE,0.3163340145552634,FALSE
BPM5,services_exports_only,Serviços: exportações,TZA,Tanzania,2011,CHE,Switzerland,330.3725,JPN,Japan,234.2025,96.17000000000002,0.2910956571748557,BPM6,USA,United States,307.632347,CHN,China,201.364292,106.26805499999998,0.34543849512678193,TRUE,TRUE,common_bpm5_bpm6,TRUE,FALSE,FALSE,FALSE,FALSE,FALSE,TRUE,FALSE,TRUE,FALSE,TRUE,FALSE,FALSE,TRUE,0.2910956571748557,FALSE
BPM5,services_exports_only,Serviços: exportações,UZB,Uzbekistan,2006,RUS,Russia,171.0585,CHN,China,78.8161,92.2424,0.5392447612951125,BPM6,USA,United States,183.405789,RUS,Russia,168.98006,14.42572899999999,0.07865470920331741,TRUE,TRUE,common_bpm5_bpm6,TRUE,FALSE,FALSE,FALSE,FALSE,FALSE,TRUE,TRUE,FALSE,FALSE,TRUE,FALSE,FALSE,TRUE,0.07865470920331741,TRUE
BPM5,services_exports_only,Serviços: exportações,UZB,Uzbekistan,2009,RUS,Russia,258.5479,CHN,China,96.0337,162.51420000000002,0.6285651517571792,BPM6,RUS,Russia,247.85627300000002,USA,United States,220.03590499999999,27.82036800000003,0.112243953575466,TRUE,TRUE,common_bpm5_bpm6,TRUE,TRUE,FALSE,FALSE,FALSE,FALSE,TRUE,TRUE,FALSE,FALSE,TRUE,FALSE,FALSE,TRUE,0.112243953575466,FALSE
BPM5,services_exports_only,Serviços: exportações,UZB,Uzbekistan,2010,RUS,Russia,277.5336,CHN,China,186.585,90.94859999999997,0.32770302406627516,BPM6,RUS,Russia,274.57159899999994,USA,United States,208.77549399999998,65.79610499999995,0.23963186738771175,TRUE,TRUE,common_bpm5_bpm6,TRUE,TRUE,FALSE,FALSE,FALSE,FALSE,TRUE,TRUE,FALSE,FALSE,TRUE,FALSE,FALSE,TRUE,0.23963186738771175,FALSE
BPM5,services_exports_only,Serviços: exportações,UZB,Uzbekistan,2011,RUS,Russia,357.0617,CHN,China,179.0101,178.05159999999998,0.49865779499733515,BPM6,RUS,Russia,330.4981129999999,USA,United States,231.164473,99.33363999999989,0.3005573590067666,TRUE,TRUE,common_bpm5_bpm6,TRUE,TRUE,FALSE,FALSE,FALSE,FALSE,TRUE,TRUE,FALSE,FALSE,TRUE,FALSE,FALSE,TRUE,0.3005573590067666,FALSE
BPM5,services_exports_only,Serviços: exportações,VEN,Venezuela,2011,USA,United States,1039.8283999999999,CHN,China,158.3708,881.4575999999998,0.8476952543323494,BPM6,USA,United States,528.543862,ESP,Spain,180.228978,348.314884,0.6590084741160044,TRUE,TRUE,common_bpm5_bpm6,TRUE,TRUE,FALSE,FALSE,FALSE,FALSE,TRUE,TRUE,FALSE,FALSE,TRUE,FALSE,FALSE,TRUE,0.6590084741160044,FALSE
BPM5,services_exports_only,Serviços: exportações,VEN,Venezuela,2012,USA,United States,1141.6308999999999,CHN,China,167.82190000000003,973.8089999999999,0.8529981099845843,BPM6,USA,United States,561.0651399999999,SGP,Singapore,259.185361,301.8797789999999,0.5380476480859245,TRUE,TRUE,common_bpm5_bpm6,TRUE,TRUE,FALSE,FALSE,FALSE,FALSE,TRUE,TRUE,FALSE,FALSE,TRUE,FALSE,FALSE,TRUE,0.5380476480859245,FALSE
BPM5,services_exports_only,Serviços: exportações,VNM,Vietnam,2012,KOR,South Korea,1757.4683,USA,United States,1683.3739999999998,74.0943000000002,0.04215967935239583,BPM6,JPN,Japan,1100.6118119999999,CHN,China,995.402349,105.20946299999991,0.09559179890030103,TRUE,TRUE,common_bpm5_bpm6,TRUE,FALSE,FALSE,FALSE,FALSE,FALSE,TRUE,FALSE,TRUE,FALSE,TRUE,FALSE,FALSE,TRUE,0.04215967935239583,TRUE
BPM5,services_exports_only,Serviços: exportações,YEM,Yemen,2005,USA,United States,101.2323,JPN,Japan,92.4587,8.773600000000002,0.08666799035485712,BPM6,USA,United States,62.519498999999996,CHN,China,56.919523999999996,5.599975000000001,0.08957165507676254,TRUE,TRUE,common_bpm5_bpm6,TRUE,TRUE,FALSE,FALSE,FALSE,FALSE,TRUE,FALSE,TRUE,FALSE,TRUE,FALSE,FALSE,TRUE,0.08666799035485712,TRUE
BPM5,services_exports_only,Serviços: exportações,YEM,Yemen,2006,USA,United States,123.51950000000001,IND,India,110.6128,12.906700000000015,0.10449119369816114,BPM6,USA,United States,88.05822,CHN,China,68.298562,19.759658,0.224393111739029,TRUE,TRUE,common_bpm5_bpm6,TRUE,TRUE,FALSE,FALSE,FALSE,FALSE,TRUE,FALSE,TRUE,FALSE,TRUE,FALSE,FALSE,TRUE,0.10449119369816114,FALSE
BPM5,services_exports_only,Serviços: exportações,YEM,Yemen,2007,JPN,Japan,118.0899,IND,India,96.3477,21.742199999999997,0.1841156610345169,BPM6,USA,United States,103.100469,CHN,China,78.84457900000001,24.255889999999994,0.23526459418918835,TRUE,TRUE,common_bpm5_bpm6,TRUE,FALSE,FALSE,FALSE,FALSE,FALSE,TRUE,FALSE,TRUE,FALSE,TRUE,FALSE,FALSE,TRUE,0.1841156610345169,FALSE
BPM5,services_exports_only,Serviços: exportações,YEM,Yemen,2008,CHN,China,161.6685,JPN,Japan,129.8402,31.828299999999984,0.19687384988417647,BPM6,USA,United States,126.608239,CHN,China,124.260047,2.3481919999999974,0.01854691304884193,TRUE,TRUE,common_bpm5_bpm6,TRUE,FALSE,FALSE,FALSE,TRUE,FALSE,FALSE,TRUE,TRUE,TRUE,TRUE,TRUE,TRUE,TRUE,0.01854691304884193,TRUE
BPM5,services_exports_only,Serviços: exportações,YEM,Yemen,2009,CHN,China,139.5307,JPN,Japan,129.4479,10.082799999999992,0.07226223332929593,BPM6,USA,United States,124.16547299999999,CHN,China,109.647542,14.51793099999999,0.11692405826859767,TRUE,TRUE,common_bpm5_bpm6,TRUE,FALSE,FALSE,FALSE,TRUE,FALSE,FALSE,TRUE,TRUE,TRUE,TRUE,TRUE,TRUE,TRUE,0.07226223332929593,TRUE
BPM5,services_exports_only,Serviços: exportações,YEM,Yemen,2010,CHN,China,180.9996,IND,India,177.98440000000002,3.0151999999999646,0.016658600350497817,BPM6,CHN,China,139.90324900000002,USA,United States,134.85841700000006,5.044831999999957,0.03605943418797913,TRUE,TRUE,common_bpm5_bpm6,TRUE,TRUE,FALSE,FALSE,TRUE,TRUE,TRUE,TRUE,TRUE,TRUE,TRUE,TRUE,FALSE,TRUE,0.016658600350497817,TRUE
BPM5,services_exports_only,Serviços: exportações,ZMB,Zambia,2009,GBR,United Kingdom,107.1456,CHN,China,89.84320000000001,17.30239999999999,0.1614849326523907,BPM6,USA,United States,120.06123500000001,GBR,United Kingdom,64.18637999999999,55.874855000000025,0.46538630891144855,TRUE,TRUE,common_bpm5_bpm6,TRUE,FALSE,FALSE,FALSE,FALSE,FALSE,TRUE,TRUE,FALSE,FALSE,TRUE,FALSE,FALSE,TRUE,0.1614849326523907,FALSE
BPM5,services_exports_only,Serviços: exportações,ZMB,Zambia,2010,CHN,China,117.04490000000001,CHE,Switzerland,83.8373,33.207600000000014,0.2837167616871817,BPM6,USA,United States,120.098822,CHN,China,96.10710300000001,23.99171899999999,0.19976648064041785,TRUE,TRUE,common_bpm5_bpm6,TRUE,FALSE,FALSE,FALSE,TRUE,FALSE,FALSE,TRUE,TRUE,TRUE,TRUE,TRUE,TRUE,TRUE,0.19976648064041785,FALSE
BPM5,services_exports_only,Serviços: exportações,ZMB,Zambia,2011,CHN,China,141.5754,CHE,Switzerland,79.7285,61.846900000000005,0.43684778570288346,BPM6,USA,United States,133.48232200000004,CHN,China,114.40606100000001,19.07626100000003,0.14291226519119157,TRUE,TRUE,common_bpm5_bpm6,TRUE,FALSE,FALSE,FALSE,TRUE,FALSE,FALSE,TRUE,TRUE,TRUE,TRUE,TRUE,TRUE,TRUE,0.14291226519119157,FALSE
BPM5,services_exports_only,Serviços: exportações,ZMB,Zambia,2012,CHN,China,153.5712,CHE,Switzerland,97.13879999999999,56.432400000000015,0.3674673376258049,BPM6,CHN,China,141.27266699999998,USA,United States,135.35012000000003,5.922546999999952,0.041922808748276495,TRUE,TRUE,common_bpm5_bpm6,TRUE,TRUE,FALSE,FALSE,TRUE,TRUE,TRUE,TRUE,TRUE,TRUE,TRUE,TRUE,FALSE,TRUE,0.041922808748276495,TRUE
BPM5,services_exports_only,Serviços: exportações,ZWE,Zimbabwe,2012,USA,United States,68.7335,CHN,China,51.7817,16.951800000000006,0.2466308277622994,BPM6,USA,United States,77.27508599999999,GBR,United Kingdom,62.249857,15.025228999999989,0.19443820483098512,TRUE,TRUE,common_bpm5_bpm6,TRUE,TRUE,FALSE,FALSE,FALSE,FALSE,TRUE,TRUE,FALSE,FALSE,TRUE,FALSE,FALSE,TRUE,0.19443820483098512,FALSE
BPM5,services_two_way_only,Serviços: exportações + importações,AUS,Australia,2012,USA,United States,21244.8276,CHN,China,13001.223399999999,8243.604200000002,0.38802876423435895,BPM6,USA,United States,23966.096029,GBR,United Kingdom,12933.111739999997,11032.984289000004,0.4603580105683304,TRUE,TRUE,common_bpm5_bpm6,TRUE,TRUE,FALSE,FALSE,FALSE,FALSE,TRUE,TRUE,FALSE,FALSE,TRUE,FALSE,FALSE,TRUE,0.38802876423435895,FALSE
BPM5,services_two_way_only,Serviços: exportações + importações,BEN,Benin,2005,FRA,France,78.0846,CHN,China,46.498999999999995,31.5856,0.40450485755193727,BPM6,FRA,France,105.402345,USA,United States,45.142028,60.26031699999999,0.5717170429177832,TRUE,TRUE,common_bpm5_bpm6,TRUE,TRUE,FALSE,FALSE,FALSE,FALSE,TRUE,TRUE,FALSE,FALSE,TRUE,FALSE,FALSE,TRUE,0.40450485755193727,FALSE
BPM5,services_two_way_only,Serviços: exportações + importações,BEN,Benin,2012,FRA,France,236.462,USA,United States,120.31590000000001,116.14609999999998,0.49118293848483047,BPM6,FRA,France,144.32881899999998,CHN,China,113.35876300000001,30.97005599999997,0.21457984770179528,TRUE,TRUE,common_bpm5_bpm6,TRUE,TRUE,FALSE,FALSE,FALSE,FALSE,TRUE,FALSE,TRUE,FALSE,TRUE,FALSE,FALSE,TRUE,0.21457984770179528,FALSE
BPM5,services_two_way_only,Serviços: exportações + importações,COG,Congo - Brazzaville,2011,FRA,France,1361.3301,USA,United States,725.4053,635.9247999999999,0.4671348999041452,BPM6,FRA,France,1010.563407,CHN,China,294.96004400000004,715.603363,0.7081231697517818,TRUE,TRUE,common_bpm5_bpm6,TRUE,TRUE,FALSE,FALSE,FALSE,FALSE,TRUE,FALSE,TRUE,FALSE,TRUE,FALSE,FALSE,TRUE,0.4671348999041452,FALSE
BPM5,services_two_way_only,Serviços: exportações + importações,COG,Congo - Brazzaville,2012,FRA,France,1306.0235,USA,United States,742.1524999999999,563.8710000000001,0.4317464425410416,BPM6,FRA,France,816.0658999999999,CHN,China,302.92750300000006,513.1383969999999,0.6287952933703025,TRUE,TRUE,common_bpm5_bpm6,TRUE,TRUE,FALSE,FALSE,FALSE,FALSE,TRUE,FALSE,TRUE,FALSE,TRUE,FALSE,FALSE,TRUE,0.4317464425410416,FALSE
BPM5,services_two_way_only,Serviços: exportações + importações,CUB,Cuba,2007,CAN,Canada,922.2755,CHN,China,590.598,331.6775,0.35962952501719936,BPM6,USA,United States,1087.747868,ESP,Spain,559.826795,527.921073,0.48533404526056956,TRUE,TRUE,common_bpm5_bpm6,TRUE,FALSE,FALSE,FALSE,FALSE,FALSE,TRUE,TRUE,FALSE,FALSE,TRUE,FALSE,FALSE,TRUE,0.35962952501719936,FALSE
BPM5,services_two_way_only,Serviços: exportações + importações,CUB,Cuba,2009,CAN,Canada,486.2745,CHN,China,483.1585,3.1159999999999854,0.006407903354998022,BPM6,USA,United States,1160.5034149999997,ESP,Spain,517.440208,643.0632069999997,0.5541243555926976,TRUE,TRUE,common_bpm5_bpm6,TRUE,FALSE,FALSE,FALSE,FALSE,FALSE,TRUE,TRUE,FALSE,FALSE,TRUE,FALSE,FALSE,TRUE,0.006407903354998022,TRUE
BPM5,services_two_way_only,Serviços: exportações + importações,CUB,Cuba,2010,CAN,Canada,642.1806999999999,CHN,China,555.7396,86.44109999999989,0.1346055712979227,BPM6,USA,United States,1241.220343,ESP,Spain,572.880134,668.340209,0.5384541211954661,TRUE,TRUE,common_bpm5_bpm6,TRUE,FALSE,FALSE,FALSE,FALSE,FALSE,TRUE,TRUE,FALSE,FALSE,TRUE,FALSE,FALSE,TRUE,0.1346055712979227,FALSE
BPM5,services_two_way_only,Serviços: exportações + importações,CUB,Cuba,2011,CAN,Canada,723.0626000000001,CHN,China,642.8848,80.17780000000005,0.11088638798355777,BPM6,USA,United States,1414.1606149999998,ESP,Spain,604.8592160000001,809.3013989999997,0.5722839332503966,TRUE,TRUE,common_bpm5_bpm6,TRUE,FALSE,FALSE,FALSE,FALSE,FALSE,TRUE,TRUE,FALSE,FALSE,TRUE,FALSE,FALSE,TRUE,0.11088638798355777,FALSE
BPM5,services_two_way_only,Serviços: exportações + importações,CUB,Cuba,2012,CAN,Canada,673.4943,CHN,China,566.4212,107.07309999999995,0.15898144943468706,BPM6,USA,United States,1264.881952,CHN,China,729.979827,534.902125,0.4228869928567057,TRUE,TRUE,common_bpm5_bpm6,TRUE,FALSE,FALSE,FALSE,FALSE,FALSE,TRUE,TRUE,TRUE,TRUE,TRUE,FALSE,FALSE,TRUE,0.15898144943468706,FALSE
BPM5,services_two_way_only,Serviços: exportações + importações,ETH,Ethiopia,2010,USA,United States,471.88890000000004,FRA,France,306.58299999999997,165.30590000000007,0.3503068201010875,BPM6,USA,United States,1033.3522659999999,CHN,China,216.20503700000003,817.1472289999998,0.7907731524730599,TRUE,TRUE,common_bpm5_bpm6,TRUE,TRUE,FALSE,FALSE,FALSE,FALSE,TRUE,FALSE,TRUE,FALSE,TRUE,FALSE,FALSE,TRUE,0.3503068201010875,FALSE
BPM5,services_two_way_only,Serviços: exportações + importações,GMB,Gambia,2012,GBR,United Kingdom,78.74680000000001,CHN,China,56.263999999999996,22.48280000000001,0.28550747458944375,BPM6,USA,United States,178.896624,GBR,United Kingdom,107.301386,71.59523800000001,0.4002045225850657,TRUE,TRUE,common_bpm5_bpm6,TRUE,FALSE,FALSE,FALSE,FALSE,FALSE,TRUE,TRUE,FALSE,FALSE,TRUE,FALSE,FALSE,TRUE,0.28550747458944375,FALSE
BPM5,services_two_way_only,Serviços: exportações + importações,GNQ,Equatorial Guinea,2012,USA,United States,691.8479000000001,FRA,France,657.6890999999999,34.158800000000156,0.04937327987842436,BPM6,USA,United States,483.342499,CHN,China,258.95776,224.38473899999997,0.46423548408061666,TRUE,TRUE,common_bpm5_bpm6,TRUE,TRUE,FALSE,FALSE,FALSE,FALSE,TRUE,FALSE,TRUE,FALSE,TRUE,FALSE,FALSE,TRUE,0.04937327987842436,TRUE
BPM5,services_two_way_only,Serviços: exportações + importações,HND,Honduras,2011,USA,United States,1027.6307,DEU,Germany,55.6198,972.0109,0.9458756925031532,BPM6,USA,United States,1423.599205,CHN,China,92.612055,1330.98715,0.9349451343645558,TRUE,TRUE,common_bpm5_bpm6,TRUE,TRUE,FALSE,FALSE,FALSE,FALSE,TRUE,FALSE,TRUE,FALSE,TRUE,FALSE,FALSE,TRUE,0.9349451343645558,FALSE
BPM5,services_two_way_only,Serviços: exportações + importações,HND,Honduras,2012,USA,United States,1063.8785,DEU,Germany,63.58709999999999,1000.2914000000001,0.9402308628287911,BPM6,USA,United States,1502.650909,CHN,China,113.21936600000001,1389.431543,0.9246535803346724,TRUE,TRUE,common_bpm5_bpm6,TRUE,TRUE,FALSE,FALSE,FALSE,FALSE,TRUE,FALSE,TRUE,FALSE,TRUE,FALSE,FALSE,TRUE,0.9246535803346724,FALSE
BPM5,services_two_way_only,Serviços: exportações + importações,HTI,Haiti,2012,USA,United States,662.8477,FRA,France,172.3022,490.54550000000006,0.7400576331486102,BPM6,USA,United States,1317.241229,CHN,China,60.013144,1257.228085,0.9544402781519679,TRUE,TRUE,common_bpm5_bpm6,TRUE,TRUE,FALSE,FALSE,FALSE,FALSE,TRUE,FALSE,TRUE,FALSE,TRUE,FALSE,FALSE,TRUE,0.7400576331486102,FALSE
BPM5,services_two_way_only,Serviços: exportações + importações,IRN,Iran,2007,DEU,Germany,979.6561,CHN,China,731.4749,248.1812,0.2533350223614184,BPM6,USA,United States,1321.857858,DEU,Germany,666.8823520000001,654.975506,0.4954961700579458,TRUE,TRUE,common_bpm5_bpm6,TRUE,FALSE,FALSE,FALSE,FALSE,FALSE,TRUE,TRUE,FALSE,FALSE,TRUE,FALSE,FALSE,TRUE,0.2533350223614184,FALSE
BPM5,services_two_way_only,Serviços: exportações + importações,IRN,Iran,2009,KOR,South Korea,1220.8653,CHN,China,892.9163,327.94899999999996,0.26862013360523884,BPM6,USA,United States,1461.297465,DEU,Germany,695.6094779999999,765.6879870000002,0.5239781805821446,TRUE,TRUE,common_bpm5_bpm6,TRUE,FALSE,FALSE,FALSE,FALSE,FALSE,TRUE,TRUE,FALSE,FALSE,TRUE,FALSE,FALSE,TRUE,0.26862013360523884,FALSE
BPM5,services_two_way_only,Serviços: exportações + importações,IRN,Iran,2010,CHN,China,894.003,IND,India,866.5945,27.408500000000004,0.030658174525141416,BPM6,USA,United States,1540.358628,DEU,Germany,733.3057999999999,807.0528280000001,0.52393826562836,TRUE,TRUE,common_bpm5_bpm6,TRUE,FALSE,FALSE,FALSE,TRUE,FALSE,FALSE,TRUE,FALSE,FALSE,TRUE,TRUE,TRUE,TRUE,0.030658174525141416,TRUE
BPM5,services_two_way_only,Serviços: exportações + importações,IRN,Iran,2011,CHN,China,1006.8068999999998,ARE,United Arab Emirates,988.6161,18.190799999999854,0.018067814195552152,BPM6,USA,United States,1564.11698,CHN,China,713.307134,850.809846,0.5439553798591202,TRUE,TRUE,common_bpm5_bpm6,TRUE,FALSE,FALSE,FALSE,TRUE,FALSE,FALSE,TRUE,TRUE,TRUE,TRUE,TRUE,TRUE,TRUE,0.018067814195552152,TRUE
BPM5,services_two_way_only,Serviços: exportações + importações,IRN,Iran,2012,CHN,China,1143.9179000000001,IND,India,959.2049,184.7130000000002,0.16147400088765126,BPM6,USA,United States,1523.5395510000003,CHN,China,672.079752,851.4597990000003,0.5588695078123378,TRUE,TRUE,common_bpm5_bpm6,TRUE,FALSE,FALSE,FALSE,TRUE,FALSE,FALSE,TRUE,TRUE,TRUE,TRUE,TRUE,TRUE,TRUE,0.16147400088765126,FALSE
BPM5,services_two_way_only,Serviços: exportações + importações,JPN,Japan,2005,USA,United States,67032.1294,GBR,United Kingdom,15215.735499999999,51816.39390000001,0.7730083224836358,BPM6,USA,United States,64509.917765000006,CHN,China,14654.428263,49855.489502000004,0.7728344916453949,TRUE,TRUE,common_bpm5_bpm6,TRUE,TRUE,FALSE,FALSE,FALSE,FALSE,TRUE,FALSE,TRUE,FALSE,TRUE,FALSE,FALSE,TRUE,0.7728344916453949,FALSE
BPM5,services_two_way_only,Serviços: exportações + importações,JPN,Japan,2006,USA,United States,70121.697,GBR,United Kingdom,16409.872,53711.825,0.7659801074124033,BPM6,USA,United States,65556.38642699999,CHN,China,15911.429975000001,49644.95645199999,0.757286347795907,TRUE,TRUE,common_bpm5_bpm6,TRUE,TRUE,FALSE,FALSE,FALSE,FALSE,TRUE,FALSE,TRUE,FALSE,TRUE,FALSE,FALSE,TRUE,0.757286347795907,FALSE
BPM5,services_two_way_only,Serviços: exportações + importações,KGZ,Kyrgyzstan,2009,RUS,Russia,428.91319999999996,CHE,Switzerland,214.76229999999998,214.15089999999998,0.49928726837970944,BPM6,RUS,Russia,403.26881799999995,CHN,China,169.51077999999998,233.75803799999997,0.5796581028984988,TRUE,TRUE,common_bpm5_bpm6,TRUE,TRUE,FALSE,FALSE,FALSE,FALSE,TRUE,FALSE,TRUE,FALSE,TRUE,FALSE,FALSE,TRUE,0.49928726837970944,FALSE
BPM5,services_two_way_only,Serviços: exportações + importações,KGZ,Kyrgyzstan,2010,RUS,Russia,441.1458,USA,United States,163.2919,277.8539,0.6298459602244881,BPM6,RUS,Russia,430.20514800000007,CHN,China,181.62622900000002,248.57891900000004,0.5778148405606713,TRUE,TRUE,common_bpm5_bpm6,TRUE,TRUE,FALSE,FALSE,FALSE,FALSE,TRUE,FALSE,TRUE,FALSE,TRUE,FALSE,FALSE,TRUE,0.5778148405606713,FALSE
BPM5,services_two_way_only,Serviços: exportações + importações,KGZ,Kyrgyzstan,2011,RUS,Russia,624.114,CHE,Switzerland,296.0109,328.10310000000004,0.5257102067891444,BPM6,RUS,Russia,584.189441,CHN,China,232.287062,351.902379,0.602377164499281,TRUE,TRUE,common_bpm5_bpm6,TRUE,TRUE,FALSE,FALSE,FALSE,FALSE,TRUE,FALSE,TRUE,FALSE,TRUE,FALSE,FALSE,TRUE,0.5257102067891444,FALSE
BPM5,services_two_way_only,Serviços: exportações + importações,KGZ,Kyrgyzstan,2012,RUS,Russia,601.8523,CHE,Switzerland,266.2427,335.6096,0.5576278432432675,BPM6,RUS,Russia,522.4367030000001,CHN,China,259.39675,263.0399530000001,0.5034867410531071,TRUE,TRUE,common_bpm5_bpm6,TRUE,TRUE,FALSE,FALSE,FALSE,FALSE,TRUE,FALSE,TRUE,FALSE,TRUE,FALSE,FALSE,TRUE,0.5034867410531071,FALSE
BPM5,services_two_way_only,Serviços: exportações + importações,LAO,Laos,2009,THA,Thailand,170.8259,CHN,China,103.34960000000001,67.47629999999998,0.395000406846971,BPM6,THA,Thailand,106.798284,USA,United States,101.610219,5.188064999999995,0.04857816816607273,TRUE,TRUE,common_bpm5_bpm6,TRUE,TRUE,FALSE,FALSE,FALSE,FALSE,TRUE,TRUE,FALSE,FALSE,TRUE,FALSE,FALSE,TRUE,0.04857816816607273,TRUE
BPM5,services_two_way_only,Serviços: exportações + importações,LAO,Laos,2010,THA,Thailand,201.7109,CHN,China,125.54640000000002,76.16449999999999,0.37759238593452304,BPM6,THA,Thailand,143.24062400000003,USA,United States,106.80634700000002,36.43427700000001,0.2543571508038111,TRUE,TRUE,common_bpm5_bpm6,TRUE,TRUE,FALSE,FALSE,FALSE,FALSE,TRUE,TRUE,FALSE,FALSE,TRUE,FALSE,FALSE,TRUE,0.2543571508038111,FALSE
BPM5,services_two_way_only,Serviços: exportações + importações,LAO,Laos,2011,THA,Thailand,246.0725,CHN,China,141.8583,104.21419999999998,0.42351014436802153,BPM6,THA,Thailand,166.64437299999997,USA,United States,120.11091200000001,46.53346099999996,0.279238117449066,TRUE,TRUE,common_bpm5_bpm6,TRUE,TRUE,FALSE,FALSE,FALSE,FALSE,TRUE,TRUE,FALSE,FALSE,TRUE,FALSE,FALSE,TRUE,0.279238117449066,FALSE
BPM5,services_two_way_only,Serviços: exportações + importações,MMR,Myanmar (Burma),2010,SGP,Singapore,217.2619,THA,Thailand,204.2441,13.017799999999994,0.05991754651874072,BPM6,USA,United States,293.96382,CHN,China,198.517995,95.44582499999999,0.3246856194752129,TRUE,TRUE,common_bpm5_bpm6,TRUE,FALSE,FALSE,FALSE,FALSE,FALSE,TRUE,FALSE,TRUE,FALSE,TRUE,FALSE,FALSE,TRUE,0.05991754651874072,TRUE
BPM5,services_two_way_only,Serviços: exportações + importações,MMR,Myanmar (Burma),2011,SGP,Singapore,264.0486,THA,Thailand,224.5818,39.466800000000035,0.14946793885671059,BPM6,USA,United States,355.15204500000004,CHN,China,297.41194700000005,57.74009799999999,0.16257853168211372,TRUE,TRUE,common_bpm5_bpm6,TRUE,FALSE,FALSE,FALSE,FALSE,FALSE,TRUE,FALSE,TRUE,FALSE,TRUE,FALSE,FALSE,TRUE,0.14946793885671059,FALSE
BPM5,services_two_way_only,Serviços: exportações + importações,MMR,Myanmar (Burma),2012,THA,Thailand,277.2082,SGP,Singapore,274.4456,2.7625999999999635,0.00996579466263972,BPM6,USA,United States,360.57603299999994,CHN,China,355.83932200000004,4.7367109999999,0.013136510933880902,TRUE,TRUE,common_bpm5_bpm6,TRUE,FALSE,FALSE,FALSE,FALSE,FALSE,TRUE,FALSE,TRUE,FALSE,TRUE,FALSE,FALSE,TRUE,0.00996579466263972,TRUE
BPM5,services_two_way_only,Serviços: exportações + importações,MNG,Mongolia,2005,CHN,China,127.9026,USA,United States,83.54820000000001,44.3544,0.3467826299074452,BPM6,USA,United States,128.54408899999999,CHN,China,121.08594200000002,7.458146999999968,0.05802014746862432,TRUE,TRUE,common_bpm5_bpm6,TRUE,FALSE,FALSE,TRUE,TRUE,FALSE,FALSE,TRUE,TRUE,TRUE,TRUE,TRUE,TRUE,FALSE,0.05802014746862432,TRUE
BPM5,services_two_way_only,Serviços: exportações + importações,MNG,Mongolia,2006,CHN,China,187.11790000000005,USA,United States,82.936,104.18190000000004,0.556771425929855,BPM6,USA,United States,190.381772,CHN,China,174.78285799999998,15.598914000000036,0.08193491339076324,TRUE,TRUE,common_bpm5_bpm6,TRUE,FALSE,FALSE,TRUE,TRUE,FALSE,FALSE,TRUE,TRUE,TRUE,TRUE,TRUE,TRUE,FALSE,0.08193491339076324,TRUE
BPM5,services_two_way_only,Serviços: exportações + importações,MNG,Mongolia,2007,CHN,China,247.16769999999997,RUS,Russia,93.8597,153.30799999999996,0.6202590387012542,BPM6,CHN,China,233.070681,USA,United States,214.085005,18.985676000000012,0.08145887727508726,TRUE,TRUE,common_bpm5_bpm6,TRUE,TRUE,FALSE,FALSE,TRUE,TRUE,TRUE,TRUE,TRUE,TRUE,TRUE,TRUE,FALSE,TRUE,0.08145887727508726,TRUE
BPM5,services_two_way_only,Serviços: exportações + importações,MNG,Mongolia,2008,CHN,China,259.8475,RUS,Russia,95.28500000000001,164.5625,0.6333041495492547,BPM6,CHN,China,271.140847,USA,United States,228.58469499999998,42.556152000000026,0.15695219835320506,TRUE,TRUE,common_bpm5_bpm6,TRUE,TRUE,FALSE,FALSE,TRUE,TRUE,TRUE,TRUE,TRUE,TRUE,TRUE,TRUE,FALSE,TRUE,0.15695219835320506,FALSE
BPM5,services_two_way_only,Serviços: exportações + importações,MNG,Mongolia,2009,CHN,China,270.8345,RUS,Russia,144.72050000000002,126.11399999999998,0.4656496864321199,BPM6,CHN,China,244.51529299999999,USA,United States,217.665183,26.850109999999972,0.10980953244507277,TRUE,TRUE,common_bpm5_bpm6,TRUE,TRUE,FALSE,FALSE,TRUE,TRUE,TRUE,TRUE,TRUE,TRUE,TRUE,TRUE,FALSE,TRUE,0.10980953244507277,FALSE
BPM5,services_two_way_only,Serviços: exportações + importações,MNG,Mongolia,2010,CHN,China,351.9901,RUS,Russia,116.5528,235.4373,0.6688747780122225,BPM6,CHN,China,344.115593,USA,United States,241.46995099999998,102.64564200000001,0.2982882615261204,TRUE,TRUE,common_bpm5_bpm6,TRUE,TRUE,FALSE,FALSE,TRUE,TRUE,TRUE,TRUE,TRUE,TRUE,TRUE,TRUE,FALSE,TRUE,0.2982882615261204,FALSE
BPM5,services_two_way_only,Serviços: exportações + importações,SDN,Sudan,2011,USA,United States,346.6209,GBR,United Kingdom,163.95,182.67090000000002,0.5270048632381948,BPM6,CHN,China,581.631854,IND,India,574.895721,6.736132999999995,0.011581437559986175,TRUE,TRUE,common_bpm5_bpm6,TRUE,FALSE,FALSE,FALSE,FALSE,TRUE,FALSE,FALSE,TRUE,FALSE,TRUE,TRUE,TRUE,TRUE,0.011581437559986175,TRUE
BPM5,services_two_way_only,Serviços: exportações + importações,SDN,Sudan,2012,USA,United States,347.0491,RUS,Russia,128.4994,218.5497,0.6297371178890825,BPM6,CHN,China,467.59522300000003,IND,India,456.176524,11.41869900000006,0.02442005058721496,TRUE,TRUE,common_bpm5_bpm6,TRUE,FALSE,FALSE,FALSE,FALSE,TRUE,FALSE,FALSE,TRUE,FALSE,TRUE,TRUE,TRUE,TRUE,0.02442005058721496,TRUE
BPM5,services_two_way_only,Serviços: exportações + importações,SLB,Solomon Islands,2005,AUS,Australia,117.86660000000002,CHN,China,47.530199999999994,70.33640000000003,0.5967458126390344,BPM6,NZL,New Zealand,9.932367,GBR,United Kingdom,8.545609,1.3867579999999986,0.1396200925720927,TRUE,TRUE,common_bpm5_bpm6,TRUE,FALSE,FALSE,FALSE,FALSE,FALSE,TRUE,TRUE,FALSE,FALSE,TRUE,FALSE,FALSE,TRUE,0.1396200925720927,FALSE
BPM5,services_two_way_only,Serviços: exportações + importações,SLB,Solomon Islands,2006,AUS,Australia,123.7969,CHN,China,58.39619999999999,65.4007,0.5282902883674794,BPM6,NZL,New Zealand,16.439875,GBR,United Kingdom,10.429347000000002,6.010527999999999,0.36560667280012765,TRUE,TRUE,common_bpm5_bpm6,TRUE,FALSE,FALSE,FALSE,FALSE,FALSE,TRUE,TRUE,FALSE,FALSE,TRUE,FALSE,FALSE,TRUE,0.36560667280012765,FALSE
BPM5,services_two_way_only,Serviços: exportações + importações,SLB,Solomon Islands,2007,AUS,Australia,176.5631,CHN,China,83.1033,93.45979999999999,0.5293280419294858,BPM6,SGP,Singapore,16.560968,GBR,United Kingdom,14.202038,2.358929999999999,0.14243913761562726,TRUE,TRUE,common_bpm5_bpm6,TRUE,FALSE,FALSE,FALSE,FALSE,FALSE,TRUE,TRUE,FALSE,FALSE,TRUE,FALSE,FALSE,TRUE,0.14243913761562726,FALSE
BPM5,services_two_way_only,Serviços: exportações + importações,SLB,Solomon Islands,2008,AUS,Australia,176.9585,CHN,China,103.53729999999999,73.4212,0.41490631984335313,BPM6,SGP,Singapore,20.103561,USA,United States,15.669677,4.433883999999999,0.22055216983697562,TRUE,TRUE,common_bpm5_bpm6,TRUE,FALSE,FALSE,FALSE,FALSE,FALSE,TRUE,TRUE,FALSE,FALSE,TRUE,FALSE,FALSE,TRUE,0.22055216983697562,FALSE
BPM5,services_two_way_only,Serviços: exportações + importações,SLB,Solomon Islands,2009,AUS,Australia,161.2962,CHN,China,98.3783,62.9179,0.39007676560266147,BPM6,SGP,Singapore,17.338523,USA,United States,16.319295,1.0192279999999982,0.058784015224364744,TRUE,TRUE,common_bpm5_bpm6,TRUE,FALSE,FALSE,FALSE,FALSE,FALSE,TRUE,TRUE,FALSE,FALSE,TRUE,FALSE,FALSE,TRUE,0.058784015224364744,TRUE
BPM5,services_two_way_only,Serviços: exportações + importações,SLB,Solomon Islands,2010,AUS,Australia,181.21880000000002,CHN,China,141.7695,39.44930000000002,0.21768878284151544,BPM6,SGP,Singapore,28.860799,CHN,China,23.115971000000002,5.744827999999998,0.19905297840160274,TRUE,TRUE,common_bpm5_bpm6,TRUE,FALSE,FALSE,FALSE,FALSE,FALSE,TRUE,TRUE,TRUE,TRUE,TRUE,FALSE,FALSE,TRUE,0.19905297840160274,FALSE
BPM5,services_two_way_only,Serviços: exportações + importações,SLB,Solomon Islands,2011,AUS,Australia,193.80540000000002,CHN,China,166.0931,27.712300000000027,0.14299033979445375,BPM6,SGP,Singapore,33.50608999999999,AUS,Australia,28.347093,5.158996999999992,0.1539719197316068,TRUE,TRUE,common_bpm5_bpm6,TRUE,FALSE,FALSE,FALSE,FALSE,FALSE,TRUE,TRUE,FALSE,FALSE,TRUE,FALSE,FALSE,TRUE,0.14299033979445375,FALSE
BPM5,services_two_way_only,Serviços: exportações + importações,SLB,Solomon Islands,2012,AUS,Australia,212.15890000000002,CHN,China,190.92079999999999,21.23810000000003,0.10010468568605903,BPM6,SGP,Singapore,40.026527,AUS,Australia,32.828324,7.1982029999999995,0.17983581238512147,TRUE,TRUE,common_bpm5_bpm6,TRUE,FALSE,FALSE,FALSE,FALSE,FALSE,TRUE,TRUE,FALSE,FALSE,TRUE,FALSE,FALSE,TRUE,0.10010468568605903,FALSE
BPM5,services_two_way_only,Serviços: exportações + importações,SLE,Sierra Leone,2012,USA,United States,143.4489,FRA,France,134.1465,9.302400000000006,0.06484817938652722,BPM6,USA,United States,109.01889200000001,CHN,China,60.286139,48.73275300000001,0.44701200045217854,TRUE,TRUE,common_bpm5_bpm6,TRUE,TRUE,FALSE,FALSE,FALSE,FALSE,TRUE,FALSE,TRUE,FALSE,TRUE,FALSE,FALSE,TRUE,0.06484817938652722,TRUE
BPM5,services_two_way_only,Serviços: exportações + importações,TCD,Chad,2010,USA,United States,471.3489,FRA,France,210.01749999999998,261.33140000000003,0.5544330325158285,BPM6,USA,United States,219.60999200000003,CHN,China,174.336032,45.273960000000045,0.20615619347593273,TRUE,TRUE,common_bpm5_bpm6,TRUE,TRUE,FALSE,FALSE,FALSE,FALSE,TRUE,FALSE,TRUE,FALSE,TRUE,FALSE,FALSE,TRUE,0.20615619347593273,FALSE
BPM5,services_two_way_only,Serviços: exportações + importações,TCD,Chad,2011,USA,United States,413.2579,FRA,France,249.5889,163.669,0.39604566543071534,BPM6,USA,United States,204.660756,CHN,China,193.156653,11.504102999999986,0.05621059564541033,TRUE,TRUE,common_bpm5_bpm6,TRUE,TRUE,FALSE,FALSE,FALSE,FALSE,TRUE,FALSE,TRUE,FALSE,TRUE,FALSE,FALSE,TRUE,0.05621059564541033,TRUE
BPM5,services_two_way_only,Serviços: exportações + importações,TCD,Chad,2012,USA,United States,400.7831,FRA,France,192.39960000000002,208.38349999999997,0.5199408358286564,BPM6,CHN,China,219.83541000000002,IND,India,180.84790399999997,38.98750600000005,0.1773486173132893,TRUE,TRUE,common_bpm5_bpm6,TRUE,FALSE,FALSE,FALSE,FALSE,TRUE,FALSE,FALSE,TRUE,FALSE,TRUE,TRUE,TRUE,TRUE,0.1773486173132893,FALSE
BPM5,services_two_way_only,Serviços: exportações + importações,TJK,Tajikistan,2009,RUS,Russia,811.4848,CHN,China,216.6282,594.8566,0.7330471254667986,BPM6,USA,United States,1129.781086,RUS,Russia,752.8565289999999,376.92455700000005,0.33362618800293853,TRUE,TRUE,common_bpm5_bpm6,TRUE,FALSE,FALSE,FALSE,FALSE,FALSE,TRUE,TRUE,FALSE,FALSE,TRUE,FALSE,FALSE,TRUE,0.33362618800293853,FALSE
BPM5,services_two_way_only,Serviços: exportações + importações,TZA,Tanzania,2011,CHE,Switzerland,415.69079999999997,USA,United States,377.61839999999995,38.072400000000016,0.09158826704848896,BPM6,USA,United States,587.808644,CHN,China,291.229822,296.57882199999995,0.5045499501024691,TRUE,TRUE,common_bpm5_bpm6,TRUE,FALSE,FALSE,FALSE,FALSE,FALSE,TRUE,FALSE,TRUE,FALSE,TRUE,FALSE,FALSE,TRUE,0.09158826704848896,TRUE
BPM5,services_two_way_only,Serviços: exportações + importações,YEM,Yemen,2008,CHN,China,199.7457,USA,United States,194.538,5.2076999999999884,0.026071650103106043,BPM6,USA,United States,316.30404999999996,CHN,China,177.125453,139.17859699999997,0.44001522269474574,TRUE,TRUE,common_bpm5_bpm6,TRUE,FALSE,FALSE,TRUE,TRUE,FALSE,FALSE,TRUE,TRUE,TRUE,TRUE,TRUE,TRUE,FALSE,0.026071650103106043,TRUE
BPM5,services_two_way_only,Serviços: exportações + importações,YEM,Yemen,2010,USA,United States,266.9356,IND,India,233.75180000000003,33.18379999999999,0.12431387945257204,BPM6,USA,United States,301.16739000000007,CHN,China,195.26311,105.90428000000006,0.3516459069489563,TRUE,TRUE,common_bpm5_bpm6,TRUE,TRUE,FALSE,FALSE,FALSE,FALSE,TRUE,FALSE,TRUE,FALSE,TRUE,FALSE,FALSE,TRUE,0.12431387945257204,FALSE
BPM5,services_two_way_only,Serviços: exportações + importações,YEM,Yemen,2012,CHN,China,301.6239,USA,United States,266.42280000000005,35.20109999999994,0.11670527434994356,BPM6,USA,United States,309.103691,CHN,China,263.918316,45.18537500000002,0.14618193284531183,TRUE,TRUE,common_bpm5_bpm6,TRUE,FALSE,FALSE,TRUE,TRUE,FALSE,FALSE,TRUE,TRUE,TRUE,TRUE,TRUE,TRUE,FALSE,0.11670527434994356,FALSE
BPM5,services_two_way_only,Serviços: exportações + importações,ZMB,Zambia,2011,USA,United States,234.39950000000002,CHN,China,177.3271,57.072400000000016,0.24348345452955322,BPM6,USA,United States,320.27914000000004,GBR,United Kingdom,229.868787,90.41035300000004,0.2822861114214308,TRUE,TRUE,common_bpm5_bpm6,TRUE,TRUE,FALSE,FALSE,FALSE,FALSE,TRUE,TRUE,FALSE,FALSE,TRUE,FALSE,FALSE,TRUE,0.24348345452955322,FALSE
