replication,placebo_att
1,0.01784957473431159
2,-3.393862673806711e-5
3,-0.06381006182750923
4,0.12196179434106022
5,-0.0703370284854038
6,-0.03565934231205018
7,0.03644834205967839
8,-0.07405052511487199
9,0.006596968944771828
10,-0.09930158102666926
11,-0.03535289719972118
12,-0.08672216743293029
13,-0.010282685845124491
14,0.01220412678546422
15,0.06446653859453505
16,0.02061418130131017
17,0.0041181413221413644
18,-0.016171690810245443
19,-0.06318484044962691
20,-0.029766137643977862
21,0.07502905427694159
22,-0.01470955699683809
23,-0.015038260860682133
24,-0.09333622473687173
25,0.1298023174119953
26,0.11239955014599433
27,-0.1282091126278539
28,-0.1182249078594554
29,0.13655092139795375
30,-0.06668136982201452
31,-0.025105596902913377
32,-0.035944432240868705
33,-0.012389419431958017
34,-0.026198654419716146
35,0.003308325320891611
36,-0.02832922295803358
37,-4.1274832167599845e-4
38,0.11247332431534739
39,0.07556859231655458
40,0.04917246966702784
41,0.12922616656807798
42,-0.06541160838593665
43,0.02031229866172475
44,0.0052139853791454555
45,0.016859942359343665
46,-0.026799576449608283
47,0.07078944082256047
48,0.07716684591118914
49,-0.03837641173834791
50,0.020235783834217414
51,-0.01367417371843711
52,0.04916525568796318
53,-0.06524021438076785
54,-0.04747178692295453
55,-0.05963941960295824
56,-0.05532087384510492
57,0.013276613425167325
58,-0.05627726679899963
59,0.026394219760922946
60,-0.001652659944038021
61,0.0030755380796961282
62,-0.11330491131850838
63,0.011806647890913131
64,-0.04331300775177742
65,0.0344884187427231
66,-0.013138153274704002
67,0.0173898623822746
68,-0.021008782555231004
69,-0.031282465692849246
70,0.024972977112404374
71,-0.008793139870606922
72,-0.029732608547268474
73,0.14170436875320097
74,0.11409580847939932
75,0.00797316056499497
76,0.023977770742552237
77,0.06328790281230201
78,0.04509911721949563
79,0.04891866974426472
80,0.004963836399778689
81,-0.0024580577190908733
82,-0.06835234346397516
83,-0.02539755789205457
84,-0.002043142461441253
85,0.0034836827246144363
86,0.06552379273949192
87,-0.007590112644759121
88,-0.03648546148389815
89,0.026505171099365905
90,0.011567898069362715
91,-0.002572906806852033
92,3.401738320580605e-4
93,0.008626722544225918
94,-0.03200091344982049
95,-0.09593161855626753
96,-0.004795591567581518
97,-0.001153583572324146
98,0.014642707038499347
99,-0.010383744440043485
100,0.09248206737289778
101,-0.01494856496972372
102,0.07182217811361044
103,-0.12129572376683248
104,-0.022037643549344878
105,0.04638905881190214
106,-0.03515186490397061
107,0.046559018783040904
108,-0.0038663279635636717
109,-0.0990956185010732
110,0.013501695778748365
111,0.03092739003005035
112,-0.04021618436410122
113,0.08681224606480942
114,0.0564586006394619
115,-0.06653820577889147
116,-0.0958480196405481
117,-0.0269269831261752
118,-0.05965059198562067
119,-0.07094343492792685
120,-0.03365804748269486
121,-0.07682536869081404
122,0.020663091151427858
123,0.04548803526756673
124,-0.04981763616571276
125,-0.025802508847684997
126,0.10093527956944538
127,0.05020637273690107
128,0.06319684648760676
129,-0.009748909602541645
130,-0.055082755761358904
131,0.019596232031333843
132,-0.11955686893079358
133,0.020142183215108554
134,0.028824011653494182
135,0.11756264614055585
136,0.024074253547984356
137,-0.08721367571041427
138,0.04803686643358479
139,0.04654952120316502
140,-0.024202027267507753
141,0.03413557764003859
142,-0.03383879663330409
143,-0.07199595242003715
144,0.0851647652615461
145,-0.048422193264760445
146,-0.03435951375700195
147,0.06424392117696982
148,-0.01703764172857562
149,-0.05061859663809468
150,0.08450782115190963
151,0.0014313614648608572
152,-0.005398112644364354
153,0.0011460444783424027
154,0.019178651126246858
155,-0.09747270749503487
156,-0.026591913639332703
157,-0.056549518888122895
158,-0.037407608398903475
159,0.03926224040829626
160,-4.0757852947797407e-4
161,-0.07028254381503803
162,0.013046419457045587
163,-0.016645228062026084
164,0.010282346151711976
165,-0.09841830678419627
166,-0.02888910764854216
167,-0.07776535106579968
168,-0.024881097382767215
169,-0.04562014548369167
170,0.029461177559010246
171,0.03898925092318154
172,0.1227109929706317
173,-0.0028259842675316077
174,0.0318369476626101
175,0.02919661887843416
176,0.04249817035832827
177,0.045893677790880674
178,0.06809916926190843
179,0.12483252312722612
180,-0.030923335529583734
181,0.09067525012263726
182,-0.0013947269745875242
183,0.002967437974300796
184,0.01775383909474463
185,-0.009227567425236912
186,0.01878690894604349
187,0.03791217901216128
188,-0.012973774687683966
189,0.021316108034880602
190,-0.05431626249058703
191,0.052400390720089104
192,0.06774064319026751
193,-0.06295047457484265
194,-0.06483864505944065
195,0.00996310979878387
196,0.015916988727520065
197,-0.049251697888079496
198,0.10116186773686656
199,-0.08086927019029508
200,0.08872920480701155
201,0.013840543940562652
202,0.013984503842402393
203,-0.0085449031235522
204,8.411207980739271e-4
205,-0.07880428096776564
206,0.08938374044360994
207,0.026137832189837035
208,0.09324581715526775
209,-0.07500755973168077
210,-0.045553337713360745
211,-0.040328193411429944
212,-0.1149292080297517
213,0.13257440770982973
214,-0.00924208580139162
215,-0.09631934966309952
216,0.15902455445826896
217,-0.0019422142276659636
218,-0.0920386545595768
219,-0.014902966449928083
220,-1.4859463589043942e-4
221,0.04418376637708411
222,0.022266624295835823
223,0.011501979231931563
224,0.046640460386015596
225,0.010931216924817383
226,-0.034554194648341086
227,0.013738150628498955
228,0.018124959133294618
229,-0.018686071676473792
230,-0.05551572382742269
231,-0.0430752121447317
232,-0.01189444835767953
233,-0.02010381806375294
234,-0.061493816777688254
235,-0.01163846146598542
236,-0.004783478450472972
237,-0.0035396864738711682
238,-0.09438819127520512
239,-0.13715878993955619
240,-0.012845784548113684
241,-0.04122687820111369
242,0.012450390336468699
243,-0.07451382057074521
244,0.11159959942616103
245,0.04399203734951522
246,0.010399514710432392
247,0.05755214958679623
248,-0.005233800211597957
249,0.06046302380056099
250,0.04312806128277092
251,-0.055412666327978526
252,-0.00490057398825351
253,0.042707356945567716
254,0.00939614646939078
255,0.006141383292017612
256,-0.06795016188954554
257,-0.003328736527169073
258,0.05423171832162962
259,-0.01001512405366585
260,0.047627874229777684
261,0.05976877097921985
262,-0.06808046730953911
263,-0.04073511296772601
264,0.06637560944809635
265,-0.0778178773014984
266,-0.028062751602204006
267,0.01946745820741752
268,-0.006427990182584507
269,0.058963642450403864
270,0.12531153438770226
271,0.05579435822142709
272,0.0027779694339324645
273,0.0796043898506422
274,-0.03660444776776923
275,-0.10737185578230421
276,-0.001316189643191943
277,0.014281741381689802
278,-0.09382878460882221
279,-0.06792278508255042
280,0.03126299546557377
281,0.03049899381632417
282,-0.0547879216101397
283,0.01480456323143148
284,0.0010240408747637375
285,-0.05631577674677815
286,0.05746013380490887
287,-0.03248745698013021
288,0.05782548202745548
289,-0.02295447555336278
290,-0.04045880754887176
291,-0.06863850532229789
292,-0.03758035928907667
293,0.037509702341003225
294,0.02087995859936223
295,-0.022334679609635023
296,-0.03995465612302203
297,0.036186530598224916
298,0.0015657547288698039
299,-0.04867519354926418
300,0.05250275932414329
301,-0.005890730233396101
302,0.11342795521078466
303,-0.006087065232659875
304,-0.009766929596723366
305,0.02656556615640549
306,0.1590581246017103
307,0.001313315242083991
308,0.06600758737761273
309,-0.10234853157652929
310,-0.06624242030854288
311,0.07931038543835194
312,0.02201627022660948
313,-0.09683962348475242
314,-0.004231071136559995
315,0.06620522613659373
316,0.017041734930266575
317,-0.04154651326024726
318,0.0025915217193493495
319,0.0016749153936549592
320,0.018323774781076798
321,0.02321388636277262
322,-0.013205789064049907
323,0.02936377068847841
324,0.03611071826070984
325,0.04777963088016604
326,0.007899810967531562
327,0.027854456063360216
328,0.02733081469435462
329,0.07650185040158217
330,0.038363297300585644
331,0.07177855807821462
332,0.00465876758271519
333,-0.05120764903130383
334,0.05176798866730163
335,-0.027763979719928174
336,-0.027315202391175464
337,0.046250198097677886
338,0.046943134856542224
339,-0.025689956808435187
340,-0.061427474219106576
341,0.0523065230996497
342,0.0019041590430384824
343,0.08207078596449723
344,-0.07960280786118762
345,0.07143053272601965
346,0.010264511559678492
347,0.031456348175774085
348,-0.006234993816625383
349,-0.013046362381198181
350,0.07491792678723969
351,-0.01083239245266195
352,-0.0767576382831218
353,0.037323648517183436
354,0.07684189740244346
355,-0.025356177680546495
356,0.04625317193216954
357,-0.006021328132551077
358,0.0021555466610898473
359,0.03657689280467942
360,-0.01701710511963101
361,-0.04751133440824591
362,0.030533245191586848
363,-0.025258427987876954
364,0.008159234364890789
365,0.020756628544532463
366,-0.08976040386070461
367,-0.01299223855416329
368,-0.0074827481003551174
369,0.024968226845449165
370,-0.07548724652429419
371,0.003500446815442003
372,0.06804493353559853
373,0.020604410194619588
374,-0.11235155600737606
375,0.019925720037377616
376,-0.0015466506086630107
377,-0.052594894555778524
378,-0.050721828967341516
379,0.03959838727191582
380,-0.04193506477182089
381,0.015016318507644127
382,0.004634103655624104
383,-0.007319541322560092
384,-0.004086026309381254
385,-0.06460661223778758
386,-0.021603953017501003
387,0.03372298787271881
388,0.005726746465141942
389,0.09560250099644156
390,0.03877446152026101
391,-0.007802521889827909
392,-0.0162603677439054
393,-0.03758077058558485
394,0.036468694839240194
395,0.049409290485085584
396,-0.03386702785568002
397,0.04843112967113225
398,-0.09118365808775292
399,-0.09141912773611187
400,0.02147172834940851
401,0.04740280624114904
402,-0.038168186626885925
403,0.005465973025352584
404,-0.2480533980498097
405,-0.03212466102948005
406,0.02000911675344348
407,-0.10447205191098002
408,0.024006251612511957
409,-0.02536846060348128
410,0.02405203525262272
411,-0.0714295814527918
412,-0.10455724654368187
413,-0.044549718271431636
414,0.021485809827510503
415,-0.07141336382839483
416,0.11851396506027959
417,-0.004405067443282146
418,0.019137455280237352
419,0.007830413839090646
420,-0.018190515922249073
421,-0.06009209372477352
422,-0.0012760081998642002
423,0.005616912712477049
424,-0.006666002670945229
425,-0.0043022717755758395
426,0.06847203334069243
427,-0.031558625162213194
428,0.03893235618156973
429,0.0777576704459942
430,-0.012386092349967317
431,-0.1071129077831276
432,0.04041889472345187
433,0.02896435111071103
434,0.036234000870567704
435,-0.054555217550724344
436,0.034730902355845944
437,-0.0414185597196315
438,-0.0321026837936441
439,0.07524920081840733
440,0.062316981153947
441,0.029145466530470874
442,0.04457114645205368
443,0.004574620355143743
444,-0.0017640011073791076
445,0.05489857529951145
446,0.05463535000992504
447,0.06922971411710471
448,0.05465054707572438
449,0.01533562184490601
450,-0.024436660275303494
451,0.06012579637406847
452,-0.06576170255120739
453,0.081161464843206
454,0.004573267570969077
455,0.023525749916726544
456,-0.00115480788701567
457,-0.06578131846493418
458,-0.03607909213239743
459,-0.03350896558193681
460,0.01693303398746345
461,0.02690258053936863
462,0.01160499140876205
463,0.03783282251111773
464,0.007220349041814773
465,-0.019256633509446456
466,-0.004999407577874108
467,-0.08825871452503448
468,-1.3886630755646388e-4
469,0.06557878820852067
470,-0.025796629211385362
471,0.016937705440278325
472,-0.03385110095218677
473,0.0732156388123901
474,-0.010283758776816573
475,0.08836372508637637
476,-0.043308555292624513
477,0.05791716466792389
478,0.05691466769111948
479,0.07873587002625104
480,-0.019485654447469844
481,0.027857522057294404
482,-0.056406255587346875
483,0.037597439198201875
484,-0.055918275585983626
485,0.06269981496784263
486,-0.06888303393504754
487,0.04145906380181821
488,0.021554719630544703
489,0.11379074156724547
490,0.02969354248786423
491,-0.05548411482616954
492,-0.05010859687227899
493,0.06813009996567071
494,-0.018914601865154604
495,0.06280138335326269
496,-0.028027988565864352
497,0.049709738804306756
498,0.014202096486935158
499,-0.11156976310005343
500,0.06541853972817996
501,-0.0028193240111212756
502,-0.08530066333991107
503,-0.02634905739682914
504,0.019220570086182394
505,-0.046945275279459485
506,-0.049541663314369905
507,0.03800796968579587
508,0.005583877943603648
509,0.041569223439571215
510,0.03565252218337444
511,0.019371545464173672
512,-0.04082458323295789
513,-0.0038030381308401476
514,0.043353700268386336
515,0.02843342299767903
516,1.0349939087076583e-4
517,0.04110621247752685
518,-0.04490870821356213
519,-0.0034985461224287095
520,7.058246575823339e-4
521,-0.052180632422051745
522,0.011668719236459024
523,0.023487563373770042
524,0.04633541563817979
525,0.01656400582733605
526,0.042811636534581705
527,0.006902898044439016
528,0.06721992025916382
529,0.14668570645564924
530,0.008734826986430341
531,-0.03628694135128819
532,-0.03651855107542054
533,-0.10718620438119666
534,0.002800673918656125
535,0.12053776771195185
536,-0.013137256783830209
537,0.026180717458851113
538,-0.030855187928707548
539,-0.05581862968963899
540,0.08427681520726768
541,0.08580180701906104
542,-0.07688798451997199
543,-0.02485931358033737
544,0.0037747583926625783
545,0.015614882512826918
546,0.0398689534410615
547,0.021613677658161343
548,-0.08273511424784727
549,-0.06305711195838593
550,-0.011478390848133842
551,-0.045568762093806885
552,-0.06167441661702036
553,-0.09655893167175426
554,-0.007861820030567505
555,0.023718424865864673
556,-0.035091875311329616
557,-0.01726916305563483
558,-0.043333269739980085
559,-0.1495061785319916
560,-0.023658077194762366
561,-0.040133226615291104
562,0.13065300554578896
563,-0.0031816745758553727
564,0.024308769368614716
565,0.05206563091580382
566,-0.003460837801905042
567,-0.07646425687942376
568,-0.014650283045905795
569,0.042876213501662055
570,-0.004517256559061688
571,-0.07104263385136989
572,-0.08756526335071896
573,-0.12206741306788187
574,0.021818918187992475
575,0.06925993447571696
576,0.057327224418211725
577,-0.0699149206708077
578,0.016444696091618756
579,0.02388059171134251
580,-0.08589145948292227
581,0.012171166821431219
582,-0.022746630788646197
583,-0.04646481479689974
584,0.11418170588346897
585,0.014708894275325193
586,-0.044941164161233345
587,-0.010305224026466827
588,0.0019310650069701042
589,0.029145389670083767
590,-0.04938907211302278
591,-0.07338065751715526
592,0.023806224965455133
593,0.018224076549725306
594,-0.0724498531873151
595,-0.026865605390454954
596,-0.08758484220120696
597,0.04178848847349268
598,0.004132837336248894
599,0.10600857348305394
600,-0.051579318984292716
601,0.015855188412980465
602,-0.030945599660880268
603,0.016878682553184803
604,0.12560646562209726
605,0.02004570709949813
606,-0.06201399240033399
607,0.037176820062997024
608,0.04667085302544413
609,-0.08608883885423471
610,-0.1360556917777195
611,-0.007701290634636964
612,0.01885871232114337
613,0.07637631447476757
614,-0.01308214063138581
615,-0.08847278040949097
616,-0.022901952295486482
617,0.00542114696992355
618,0.06952557902682328
619,-0.022910474408856827
620,-5.578512810762459e-4
621,0.11022388888231752
622,-0.040045980045554305
623,0.03692183251666443
624,0.013059579226420566
625,0.16068470218571923
626,0.026832513334369323
627,-0.04514004697326941
628,0.02843777009698491
629,0.011607888298156795
630,0.02850607488788857
631,0.07333679174862029
632,-0.16369198680937624
633,0.02183497804670386
634,0.02897320016131217
635,0.01842284906207435
636,0.04581449372056057
637,-0.13108723223331997
638,-0.04455693574705703
639,-0.013023067559396886
640,-0.03386763329050095
641,-0.0017101325253605845
642,0.002688915942539734
643,-0.09858133515343698
644,-0.03423240639514416
645,-0.046313411011181756
646,0.04031927795788586
647,0.031117076226230455
648,0.0367946945114705
649,-0.09008100806314275
650,0.07030983619959415
651,-0.013080196095278197
652,-0.05338468183828153
653,-0.09493485098586087
654,-0.15951096731885253
655,0.01419099327404238
656,0.005529106240805083
657,0.07006329149330313
658,-0.014020034156045823
659,-0.03308345961669026
660,0.01452108949649448
661,0.14988844876548518
662,0.04345923584579264
663,-0.12643846819472543
664,-0.023876295277906058
665,-0.09134781986246135
666,-0.001343763501297281
667,0.08208229477042417
668,0.046012881315771206
669,-0.015938100697625385
670,0.0519289493893158
671,0.03212636799207958
672,0.008907660560054447
673,0.007511444176365154
674,-0.047759875436224765
675,-0.006529569823997562
676,-0.028742985828581057
677,-0.04198142917712733
678,0.06329071797929842
679,0.002260399273292066
680,-0.018790135505640116
681,0.008527778493943781
682,-0.021892486660839
683,-0.019781499293640543
684,0.07205759923112517
685,0.0882838938742386
686,0.028255595212899904
687,0.009443969736093377
688,0.06064656060524143
689,-0.1144810524078965
690,0.00747205772106304
691,0.025320066100809654
692,-0.007348639208191343
693,0.04400001822579688
694,0.05581763252221663
695,0.04304453418400605
696,-0.05505567605385338
697,0.004014935812907275
698,-0.04502909336241213
699,0.010214776566807898
700,-0.0032405064695049386
701,-0.09207530300529572
702,0.07920146135916589
703,0.016905504136664147
704,0.06167062638599971
705,-0.06899197919994228
706,0.0739750168371636
707,-0.054947724367410085
708,0.03590349231237054
709,-0.09594184900488638
710,-0.027173016951853774
711,-0.0064583876506548905
712,0.11943669719227623
713,0.0518760774787239
714,0.07284533746762617
715,0.10686495887257644
716,-0.07112086934333516
717,0.02775598999068635
718,0.004754510049962836
719,0.08519936737083272
720,-0.13017711530497691
721,8.568158380988511e-4
722,0.01932638512046452
723,0.08000253321467375
724,0.04826052375833798
725,0.008310679921610234
726,0.04813267019214589
727,0.015335493373759003
728,-0.0068873612327206915
729,-0.015118266688491474
730,-0.0815646313176664
731,-0.009517668795288172
732,-0.07019227852452693
733,-0.009840874017574813
734,-0.007897296180310848
735,0.03238109363831987
736,0.07025879872774779
737,0.08515451445907449
738,-0.04426719970970307
739,0.0428542783545235
740,-0.11278946363398429
741,0.007682002634791979
742,0.05180435951731808
743,0.027503939923193985
744,0.015033749102921018
745,-0.029277624713443785
746,-0.01926231483036266
747,0.04763061104521919
748,-0.013881466603205541
749,-0.07483669372685453
750,-0.017666283158560135
751,0.13090914027061826
752,-0.02465778278994903
753,-0.013296573392872489
754,-0.09975604021618138
755,0.03978869948533528
756,-0.04851861563088329
757,0.09433688245099664
758,0.06024186791035708
759,0.030015660891336875
760,0.04169845510326905
761,0.050050019219386066
762,0.037624217408774696
763,-0.04538512515300698
764,0.045267126291101474
765,0.09013304660657459
766,-0.02523969886347705
767,-0.1271805725492605
768,0.03827959748961277
769,0.00771138392236489
770,0.03502648931114091
771,0.04439770202142469
772,7.42341624508841e-4
773,0.03840256021469219
774,0.016993414116188058
775,-0.02203275373328232
776,0.08172013947862292
777,0.0541584102939362
778,0.0062941419791849515
779,0.11092339628487902
780,0.019063544120963238
781,-0.024360945221734463
782,0.08517997535072279
783,-0.08111599430071273
784,-0.03873848607342635
785,-0.03417713764895591
786,0.09589154773973883
787,0.005262012358102915
788,0.018893415178589338
789,-0.06301836795986177
790,0.04717848951531083
791,0.04870109221598562
792,-0.06811547693772999
793,-0.05419464172571409
794,-0.00495876510713515
795,-0.07170749494496377
796,-0.037462514177036416
797,0.033230933032798685
798,0.04207767801198535
799,-0.04371753605713543
800,-0.0070559943877333145
801,0.07813240510762809
802,-0.009185299833355165
803,-0.044097291907561835
804,-7.554068273107374e-4
805,-9.600436815833426e-4
806,0.05939166410780005
807,0.10826289134273404
808,-0.032471528733532706
809,-0.03545161034752354
810,-0.11568769029259998
811,-0.011981035947012083
812,0.008893305561681449
813,0.008811063711502243
814,0.013152018531796136
815,-0.04573820187520328
816,-0.09438311499055774
817,-0.012976471182405105
818,0.13170683682197948
819,0.08206598288497531
820,0.012346670559103469
821,0.006682892165360492
822,0.04125757701954109
823,0.03213304199575617
824,-0.056990119285613525
825,-0.06518537000356428
826,-0.02356535110346893
827,-0.03942186962037187
828,0.08952937940482462
829,-0.01045554689943267
830,-0.12293988326413631
831,0.07075066448465918
832,-0.06859744806874293
833,0.02478135578605499
834,0.046867505775242777
835,-0.009901617772599675
836,0.03266757415006946
837,0.12744164954011206
838,-0.055265609928536984
839,-0.06697885571661331
840,0.1796872161914565
841,0.025509855003400812
842,0.02922247726703799
843,0.044509389579193655
844,-0.018011601361059924
845,-0.017473108693231102
846,-0.04118085247315939
847,-0.04786384030736955
848,-0.0194348941240151
849,-0.012789304179158583
850,-0.07057800139306221
851,0.103129072965551
852,-0.09416444645340967
853,0.10846445765441806
854,0.06572286097884161
855,0.020659344228828206
856,0.048604368353800914
857,-0.03675236080755207
858,0.030183090252373895
859,-0.07812701280123603
860,-0.02101072101079339
861,-0.04345616853951087
862,-0.02114417057116056
863,-0.04247823025892268
864,0.002946831690729145
865,-0.07694083619083905
866,0.06232516248637053
867,-0.05490732890642152
868,0.033213877937610034
869,-0.05051407961463933
870,-0.05979659941886656
871,-0.0858943594085977
872,-0.10772566713149939
873,0.048337881508019806
874,-0.03995179820030312
875,-0.020430502365079158
876,-5.666640278679594e-4
877,0.045993864607281304
878,-0.031427334123206384
879,0.05907739376904927
880,0.049624576204286126
881,-0.08033225174733945
882,-0.045339359360946054
883,0.022396777907568145
884,-0.016638208981698245
885,0.06432165488867779
886,0.00894876007956576
887,0.03307968805970887
888,0.037257764215062446
889,-0.014490621008841156
890,0.06140528513149521
891,-0.001105878351265068
892,0.05655223374963103
893,-0.043825547752965835
894,-0.032116073706676726
895,0.030477011686587924
896,0.05016778699172311
897,-0.0024211766191625083
898,0.019962229159134443
899,0.08664753151514229
900,0.013271179694602807
901,-0.053305050722505534
902,0.02719075360354024
903,-0.022299347940840875
904,-0.011816395353168965
905,0.027908542573479314
906,0.0048822474105448405
907,-0.005220218881331427
908,-0.09462934690156817
909,-0.10148456690208701
910,-0.08786678236285637
911,0.014905668531277692
912,0.0040874667140102005
913,-0.04731355789197045
914,0.06404482616090383
915,-0.06367080370017257
916,-0.002201639355634813
917,0.11733207789962077
918,0.03258986419091746
919,-0.01181787610221467
920,-0.08618719510255246
921,0.03621863951001651
922,0.11360374594520255
923,-0.018287550868736204
924,0.006309040590132259
925,3.5010747943277007e-4
926,0.005573496177143346
927,-0.06396707522109162
928,-0.006609036741656461
929,-0.0523007086801604
930,-0.11620806658357591
931,-0.016762609720803227
932,-0.03275772207582526
933,-0.018501160302474198
934,-0.11112215643719504
935,-0.059001485215837667
936,-0.04205445151749864
937,0.1029369104133067
938,0.06465753957089618
939,-0.06295605662759521
940,0.06074709094653098
941,-0.09888445921330508
942,-0.08870611967083057
943,-0.035946462957652886
944,0.1257714853781851
945,-0.035412246981371784
946,0.004644940681494189
947,-0.005814544653837525
948,0.06009595409530724
949,0.01899456282270479
950,0.007027764042538777
951,0.02137652847110205
952,0.12476554584590635
953,0.01853117120017462
954,-0.040634229674672714
955,0.013247388989798523
956,0.02964971002475409
957,0.011615222657410846
958,0.04309570856287238
959,-0.012227854734123259
960,0.0067364965250434295
961,0.05982755955525033
962,0.035942316953531235
963,-0.0274791909777651
964,-0.055536816398797414
965,-8.072900971499604e-4
966,-0.0787894797380934
967,-0.053085543403506165
968,-0.06314910720499108
969,0.10643083266859428
970,0.04028422063337495
971,-0.05227024980905183
972,-0.02190141756037881
973,-0.005678853536942343
974,-0.09177856715359807
975,-0.022318275666600523
976,0.05005898800510154
977,-0.05925072570933687
978,-0.1382116314830287
979,0.04085439313404934
980,0.05288007877983804
981,0.0047137342332573065
982,-0.018628128749038776
983,-0.09470558645887117
984,0.07678516007201744
985,-0.11523780099017651
986,-0.008323162389443174
987,0.09840311310993426
988,0.06582515424942241
989,-0.012036097880216538
990,0.02134385161142937
991,0.0072056396939953055
992,-0.06182829943912868
993,-0.06195013693889585
994,0.010717203634668389
995,0.0042950264104316405
996,-0.05576504377693664
997,0.060688897521018956
998,-0.051432921303596335
999,0.09446546041438182
1000,0.021932492204961972
1001,0.002062947806069547
1002,-0.010661908747626438
1003,0.06648789301440702
1004,0.06609856106051036
1005,0.0711364776390063
1006,-0.09253598763442737
1007,0.03300342612321226
1008,0.017872641810084945
1009,0.07706887824913164
1010,-0.0428623158584712
1011,-0.02378439269862341
1012,-0.07061656665436149
1013,0.04977658660684391
1014,-0.10113527880971718
1015,0.029769952136995414
1016,0.009254850477524414
1017,0.09007710787154616
1018,-0.02098527378553597
1019,-0.05978826454872129
1020,0.0726465256770576
1021,-0.010698180771840649
1022,0.10378695637018612
1023,-0.04656015040902963
1024,-0.02275979411014005
1025,0.017462956126777174
1026,0.0487047659706942
1027,0.017056178995274326
1028,-0.018404222408820732
1029,-0.020872162959666665
1030,-0.009515527372874267
1031,0.017840084552630628
1032,-0.041041488126918595
1033,0.059683712360710704
1034,0.10102162220928014
1035,0.02337247940801162
1036,0.11884199810863114
1037,-0.03967622353036391
1038,0.006909925626794093
1039,0.015619311092985469
1040,0.047732517165691664
1041,-0.036913892058241346
1042,0.0018694379206120673
1043,0.09142577676631773
1044,-0.018688900767030118
1045,0.04854868628437931
1046,0.03651175639347762
1047,-0.04785794073469596
1048,0.08655099121219544
1049,0.009242384462997282
1050,0.007805044577804489
1051,0.027022449363676235
1052,0.02743015160399406
1053,0.021131212126476895
1054,0.07379206658007074
1055,0.014721675701612511
1056,0.09203263538725692
1057,-0.003217874799930803
1058,-0.08585841084323768
1059,0.024182880976180474
1060,-0.045030896662349995
1061,0.035770671727606104
1062,-0.04017825625790828
1063,0.014595828767349026
1064,0.037709111513346244
1065,0.025305063435476862
1066,-0.024404451795305482
1067,0.04096538812404214
1068,-0.06812173482356636
1069,0.009857199002756195
1070,0.0415847774851839
1071,0.025283796553480724
1072,-0.003079548289068438
1073,-0.03504766169239552
1074,0.01803615162264923
1075,-0.019470751421358644
1076,0.015017140832328475
1077,-0.061845759936902375
1078,-0.09037085751941332
1079,-0.0410188649146582
1080,0.08187722475525744
1081,-0.02832484555480002
1082,0.10649853484462848
1083,0.07158491410790575
1084,-0.045200750203398046
1085,-0.1045427256364929
1086,0.019154532242154847
1087,-0.00911325890252885
1088,-0.0014218479445377418
1089,-0.018357202938046387
1090,-9.731369473510339e-4
1091,-0.04204622356110164
1092,0.03153415003575415
1093,-0.01038256750398835
1094,-0.01740750186561327
1095,-0.0017699170504894817
1096,-0.007385029229418999
1097,0.03874088745239276
1098,-0.05614335209357054
1099,0.0920461410700889
1100,-0.048936341857490184
1101,-0.11131646129817548
1102,-0.07439777665801042
1103,0.06462103687560664
1104,0.018367885448072555
1105,0.0017298597259977101
1106,-0.06866059234801039
1107,-0.06850910486951478
1108,0.06969100769506176
1109,0.025262087169332887
1110,-0.07697872481090105
1111,-0.06199786944349822
1112,0.05193182523607554
1113,0.03752935728121158
1114,0.01940201096562525
1115,0.00919782933054663
1116,-0.04939392565093758
1117,-0.03834069961965153
1118,-0.14642697571416996
1119,-0.050408996657539715
1120,0.04897604784861582
1121,0.022253079882448238
1122,0.013615458754518854
1123,-0.05278658349104208
1124,-0.034361991095065506
1125,-0.028249469016655655
1126,-0.11750040144823644
1127,-0.046499579739223106
1128,-0.004563337686350859
1129,-0.012104628642204539
1130,-0.12024614731183039
1131,-0.08935890893962328
1132,-0.004075493325132157
1133,-0.011696172295936034
1134,-0.0482005955748175
1135,0.02192262226128671
1136,-0.013968851700245727
1137,-0.006503740842456323
1138,-0.126018531487096
1139,-0.02854562351891218
1140,0.008124732229793237
1141,0.04084254161982219
1142,0.03954082494364859
1143,-0.08670426614683738
1144,0.11341113180079537
1145,-0.00948126194889785
1146,0.058203668389379175
1147,0.06019131686633762
1148,-0.14024560143335052
1149,-0.002149001706073071
1150,-0.027270482900095185
1151,0.0029144372236900554
1152,-0.02603768574255794
1153,-0.11654175894086788
1154,0.022820923984717422
1155,0.05868523919319028
1156,0.055977563224168275
1157,0.016702783645884747
1158,0.02950683378778119
1159,0.01636518063445308
1160,0.03916042825287882
1161,-0.002599292979375738
1162,0.014976259633437291
1163,0.0023847494598320113
1164,-0.08324467674020172
1165,0.041307828657159935
1166,-0.0012383342828187552
1167,0.066136716264074
1168,-0.0575326689935759
1169,0.024207615290030293
1170,-0.1113763214834108
1171,-0.05918476434317098
1172,0.00473125344661654
1173,-0.0845692283616703
1174,-0.02211564838524058
1175,0.01885253306299546
1176,-0.07197824268926228
1177,0.03480786549827877
1178,0.03880366552055796
1179,-0.013183333956290712
1180,0.056750236135721645
1181,-0.0018111665519211298
1182,0.018204696946859195
1183,-0.018289475467667276
1184,-0.09346792302844345
1185,-0.0541949928095541
1186,-0.023795344847143515
1187,0.05686677876489275
1188,-0.024244900764766146
1189,0.022222048369554506
1190,0.045943914021381496
1191,-0.051215636456437036
1192,-0.009675336680938893
1193,0.020925319538703493
1194,0.09749048655832228
1195,-0.07670443990730262
1196,-0.00793799202030231
1197,-0.05933552756011884
1198,0.04308227333186317
1199,-0.06922100949442375
1200,0.11389677106796503
1201,-0.0731071336443634
1202,0.02249924604526054
1203,0.014101518477594456
1204,0.06983729949382816
1205,0.01981891096316407
1206,0.00502193418753622
1207,-0.09630057455630794
1208,-0.022302430052927206
1209,0.023609435491148783
1210,-0.15500939126445187
1211,-0.12501513910196882
1212,0.005200897230323229
1213,-0.0026372398297739704
1214,0.09653686489940777
1215,-0.06686952122375608
1216,-0.026641781927805013
1217,0.027329632551616256
1218,0.04710347008656075
1219,0.024852910292780157
1220,-0.015975542275793016
1221,0.010292412031140334
1222,-0.06936944894940261
1223,0.008137245619018385
1224,0.03177041061230131
1225,-6.75621879162527e-4
1226,0.03695399249468698
1227,0.015172832972356793
1228,0.07748366450859581
1229,0.09960329711486746
1230,0.08889263441027265
1231,1.9236228479231534e-4
1232,-0.1169969762889817
1233,-0.016051509182954234
1234,-0.012966017917984515
1235,-0.026865752640721052
1236,-0.020092278126097273
1237,0.03416342957533314
1238,-0.02400228955001732
1239,-0.06293990221571574
1240,0.045889170040490417
1241,-0.003666614133764916
1242,0.05378021675214611
1243,0.07625504806290391
1244,-0.047222878348762584
1245,0.03837005893531838
1246,-0.0322342141669569
1247,0.03158697551367686
1248,0.04183780167889721
1249,0.04884348076587343
1250,-0.02127153622172645
1251,-0.028691139790406123
1252,-0.12979954063026897
1253,0.019149111472532097
1254,-0.05816351146923205
1255,0.010200072355414196
1256,0.009165939189799051
1257,-0.042516736312331466
1258,0.11081686861859376
1259,0.05397295712654701
1260,-0.1763432252346534
1261,0.0510284025861902
1262,0.040027254056964036
1263,0.016687190602409325
1264,0.0988463923346618
1265,-0.02074137996890603
1266,0.0015476016513838661
1267,0.04012843346818812
1268,-0.04467192430512493
1269,-0.041433424768043625
1270,-0.013421905701805955
1271,-0.003165605847175068
1272,-0.002280116592279356
1273,0.007005969946785887
1274,-0.01531398895999848
1275,0.06785846416581096
1276,-0.062032510612020905
1277,0.06550289772465315
1278,0.007726240673421988
1279,-0.0505625895300243
1280,0.062397070260760336
1281,-0.058785675995482074
1282,0.06589577661087155
1283,-0.11813072543679441
1284,-0.010494266659179595
1285,0.045481149342653224
1286,0.01098983593517392
1287,-0.04149437005449299
1288,-0.031094502954675488
1289,0.02310730525687446
1290,-0.019365674353147403
1291,0.10686198756604891
1292,-0.06813486571584026
1293,-0.15986469922879382
1294,0.0013098084660501767
1295,0.00981667100707194
1296,0.08268671423588608
1297,-0.004939720440117845
1298,0.016108791704394918
1299,-0.0026757425070716313
1300,0.036203012024005
1301,-0.022255479770186572
1302,0.003825630094913997
1303,0.02489240696777319
1304,0.08612224455465226
1305,0.034479807628262284
1306,0.0165769023180065
1307,0.10876638368604269
1308,0.04188117770661743
1309,-0.0026954238070622163
1310,0.029404970332997035
1311,0.09584708274052445
1312,0.08330116191303852
1313,0.09054240632170264
1314,-0.07669840717272285
1315,-0.03241393540455885
1316,0.045358486044208786
1317,0.10114402566213217
1318,0.03035873331872607
1319,-0.1147960422791728
1320,-0.008135714058496214
1321,0.019651671377091465
1322,-0.01219616893333466
1323,-0.009355923672463184
1324,-0.007689035768249745
1325,-0.031217641876278186
1326,0.08639969827212754
1327,-0.06051843899597248
1328,-0.008172066343432356
1329,0.018268241791380993
1330,0.01577541643270454
1331,0.005032970077971948
1332,1.9243197174848709e-4
1333,0.16126093697802513
1334,0.07267291269340732
1335,-0.046433310385376514
1336,-0.01540591767378671
1337,-0.0040111967020885
1338,0.13292321977562033
1339,0.07359933772975184
1340,-0.0074845047670841665
1341,0.010237670435563773
1342,0.011933394609047264
1343,0.017624911653062597
1344,0.01028393561730711
1345,-0.017251899464284525
1346,-0.06538838340394833
1347,-0.06306666131453512
1348,0.11876106148647295
1349,-0.04587722412410665
1350,0.02648721000904806
1351,0.035847039970224565
1352,-0.0017462939710915643
1353,0.017502999479712386
1354,0.06364506523345215
1355,0.0638644971940292
1356,-0.047523192022442144
1357,-0.039448883137239904
1358,-0.0036917384896022892
1359,0.08288516758697181
1360,0.02439670114713301
1361,0.11379810262952195
1362,0.007174135105125181
1363,0.17986597567333995
1364,0.02472944338445071
1365,0.008608263656698832
1366,0.01607882661967144
1367,0.10264271174914044
1368,-0.06445100535671659
1369,0.008427598030408507
1370,-0.01549307725685744
1371,0.009794476963421828
1372,-0.06401008784112636
1373,6.942134743028461e-4
1374,0.029341826016015576
1375,-0.017136609038924937
1376,-0.07746748864869914
1377,0.0104589202782485
1378,-0.023599438225848923
1379,0.11146871429601872
1380,-0.04404201466472077
1381,0.08598982008188125
1382,-0.11117432936361468
1383,0.1165862629641692
1384,0.013913517926921727
1385,-0.03716285335995218
1386,0.003936056953499724
1387,0.04192005857405835
1388,3.0929564085777593e-4
1389,0.0015818374277706895
1390,-0.05603791524666105
1391,-0.0395643745288797
1392,-0.03988259570942836
1393,-0.014451217558177817
1394,0.06137673166900193
1395,0.024853564687153773
1396,0.04160575278129526
1397,0.03553019650901456
1398,0.012873987004994324
1399,0.0048489763585210024
1400,-0.016520265602254593
1401,0.021703664602843845
1402,-0.03709057364605569
1403,0.023329611931848876
1404,0.06798903514925914
1405,-0.01809953964473108
1406,-0.0015792935197695805
1407,-0.08082209962525516
1408,0.07385441674567292
1409,-0.03086634349728977
1410,-0.03305763561232239
1411,0.06803603492667494
1412,0.0675557792741451
1413,0.024960200478558806
1414,0.10011912956603183
1415,-0.043614961927140906
1416,-0.025425415223070708
1417,0.03787897326450395
1418,-0.11986445926455824
1419,-0.022286581377826218
1420,0.01056047205172035
1421,0.06436370751066944
1422,-0.034596114584790734
1423,-0.0448615676210307
1424,-0.046838573580040364
1425,0.010333234615878109
1426,0.04037264659222224
1427,-0.10344858540569654
1428,0.06543114156190381
1429,-0.04562873719904678
1430,0.041814465398947835
1431,0.028641792435164144
1432,0.11463723826471356
1433,-0.015541838400097131
1434,0.023953410776815384
1435,-0.015737374265907593
1436,0.003933873135886237
1437,-0.01898772287942306
1438,-0.049027515893559026
1439,-0.00728116950277194
1440,-0.09794331209078466
1441,0.14094515235763322
1442,-0.02051300647560135
1443,0.06305723354501193
1444,0.06797197165665761
1445,0.01674266174082563
1446,-0.20207177808517696
1447,0.01965939856168124
1448,0.00762191356394581
1449,-0.06787552734396939
1450,0.009734744601727355
1451,8.396737519289418e-4
1452,0.11542916523030275
1453,0.011390137918164317
1454,-0.021725169121610995
1455,0.018889903434702773
1456,-0.08297672974102208
1457,0.09324367830736723
1458,-0.0260296708478879
1459,0.09019994769238959
1460,0.025724996895767967
1461,-0.02488654410705644
1462,-0.02349797016722909
1463,-0.049016419102938184
1464,0.03272966267906277
1465,0.014858003471125548
1466,0.042491643860362326
1467,-0.02282347231955122
1468,-0.04989807965511216
1469,-0.0507849780750616
1470,-0.031955136651062234
1471,-0.014422691927802201
1472,0.03797049138932783
1473,-0.00796553869262066
1474,-0.03925525570839032
1475,0.08993319238141677
1476,0.032953497446625506
1477,-0.037648203143440404
1478,0.041619850192079005
1479,-0.09178481240887877
1480,0.07794084957889026
1481,0.030167318323529493
1482,-0.07810764057298088
1483,-0.015540442379205856
1484,-0.01125631657221249
1485,-0.02025983065597661
1486,0.010978134067844866
1487,-0.003826331309127514
1488,0.02161456947690093
1489,0.1451301588187081
1490,-0.039072798983223495
1491,-0.015224718335182234
1492,0.05366194990481427
1493,0.0880880399593116
1494,0.03338234684861642
1495,0.04536782004651173
1496,0.052111156496400385
1497,0.03468578373273102
1498,-0.08712487465616917
1499,-0.11956483393299938
1500,0.09930341338534207
1501,0.022672397314125296
1502,-0.0049038967804741
1503,0.054750474868591276
1504,0.011435496320091634
1505,-0.020628158302501746
1506,0.013742110895940879
1507,0.07999007448598128
1508,0.028671099854677553
1509,-0.029088590767086975
1510,0.006247146918934202
1511,-0.04611097916076583
1512,-0.022861804067905847
1513,-0.05650128623827814
1514,-0.037897052779076554
1515,-0.009118046348797936
1516,0.00456939157250956
1517,0.021272172987300372
1518,-0.0554578621976103
1519,0.020369670480327236
1520,0.0819858916116792
1521,-0.0022396375084866374
1522,0.13133010339737586
1523,-0.050020740435631865
1524,0.059917353459180034
1525,0.013201280988897609
1526,-0.04140239065980452
1527,0.002290366027703182
1528,0.0059598563575183824
1529,-0.03509766352049003
1530,-0.028716377696458864
1531,-0.030851455058249447
1532,-0.034708095498665936
1533,0.018024802015867373
1534,-0.004524658347294771
1535,0.0384694395743809
1536,-0.1707420625627556
1537,-0.0580997494217514
1538,-0.03502606259245025
1539,0.03265877039124216
1540,-0.0969613926627792
1541,-0.008687105003905994
1542,0.016256379511832134
1543,0.054157455274129136
1544,0.02549594679004212
1545,-0.06550700093074731
1546,-0.09368503610076793
1547,0.012383686770986314
1548,-0.04870113597912714
1549,-2.1033597269385588e-4
1550,0.026584764609256413
1551,0.013385758447740268
1552,0.027599994364852717
1553,-0.08354470065817682
1554,-0.05578140399077394
1555,-0.031565486644299985
1556,-0.00439466682503014
1557,0.09855329307534764
1558,-0.0046876651636698526
1559,-0.03236546658633712
1560,0.01589575803930009
1561,-0.01015097370676915
1562,0.03370111847193776
1563,0.009469109741394487
1564,-0.0581434630933531
1565,0.03592385816520809
1566,-0.019660316596209433
1567,-0.06719520315098228
1568,0.022239751828285557
1569,-0.11257738953923346
1570,0.07968041717701452
1571,-0.06126450398723451
1572,0.05094859963655065
1573,-0.052490294167183725
1574,-0.07647377411692789
1575,0.043470050769865085
1576,0.05609871561561751
1577,0.004667294699613522
1578,-0.023825321720724414
1579,-0.01963446320892813
1580,0.021988859484308863
1581,0.04820608403758308
1582,-0.06671116724528343
1583,-0.040136566564707855
1584,0.06030797709030842
1585,0.09530157185254581
1586,-0.017179114514835128
1587,0.04604910574766907
1588,-0.02788270331506265
1589,0.152824697194286
1590,-0.011700175075567372
1591,0.07453678389334477
1592,0.12028989264842926
1593,-0.0667266679828772
1594,-0.05053125135508103
1595,0.05798274982672736
1596,-0.019972653060658915
1597,-4.203708666141934e-5
1598,-0.011430977460441569
1599,0.10854994049289748
1600,-0.04199905470460843
1601,0.059254597084132735
1602,0.01874196849475864
1603,-0.016752063420093714
1604,-0.0026685050564659056
1605,0.06456100853271025
1606,-0.028818828737554245
1607,-0.01501878507394587
1608,0.05703193391638917
1609,0.008030099412376267
1610,-0.014791039970432109
1611,0.07107609600305255
1612,-0.014983731475486713
1613,-0.014585543696347023
1614,0.02132369766979569
1615,0.09185451660591862
1616,0.05490539899634342
1617,0.08512479526283966
1618,0.03414365783571885
1619,-0.013325698787542365
1620,0.08206642057083037
1621,-0.013584386884139368
1622,-0.01940511174933889
1623,0.05397206667521861
1624,0.12094932326825403
1625,-0.007868100892773153
1626,-0.004670897649455965
1627,0.013135741681265158
1628,0.04359693746598933
1629,0.01811492289615834
1630,-0.00264455897678801
1631,0.03609600614370726
1632,0.014685574559572236
1633,-0.009109066772560234
1634,-0.025266170892002907
1635,-0.021386514197419455
1636,0.05713615812921552
1637,0.024029286189641026
1638,0.04790590077745367
1639,-0.0965995420017796
1640,0.0759974383364837
1641,-0.11023638357063753
1642,0.055318913042157594
1643,-0.029292080250113678
1644,0.0018272909249270504
1645,-0.039988232874776916
1646,0.008200190928985936
1647,0.09548821360492606
1648,-0.05886020516144905
1649,0.02693191780620326
1650,0.022552275193298523
1651,-0.039755953393575766
1652,0.012460844409762493
1653,0.02803772972900955
1654,-0.016312973637650892
1655,-0.139559732157118
1656,0.002280853549608424
1657,-0.03483375201598311
1658,-0.014123165526686902
1659,0.0037569900953042246
1660,0.07502306201374594
1661,0.06381991718071135
1662,-0.10350693290866622
1663,-0.005408499728642831
1664,-0.01565805481494364
1665,-0.03526686634642128
1666,-0.007338507892799488
1667,0.11605424794407322
1668,0.13733964866511508
1669,0.052685437249619486
1670,0.0014429659509507566
1671,-0.01708417110884427
1672,0.010253422493791043
1673,-0.06994462001462647
1674,0.028242763058222892
1675,-0.028132058393527188
1676,0.003918706863074578
1677,-0.02836501598084852
1678,0.04290698963930347
1679,0.12087845364157573
1680,0.0012873307162899715
1681,-0.09088399917422048
1682,0.1264635822995621
1683,-0.008961882456154518
1684,0.07811496640454628
1685,0.07765624616506075
1686,0.06647071800187468
1687,-0.05282634368182999
1688,0.02321018645313442
1689,-0.0935699844754023
1690,-0.0794442270060664
1691,-0.07536029872692401
1692,-0.09486065369196969
1693,0.020845139537338964
1694,0.04682532161096191
1695,-0.025578107702742502
1696,-0.09967854026101337
1697,0.05654306011825434
1698,-0.041972357168825095
1699,0.034819261680855286
1700,0.09732409688208296
1701,0.049446513748268445
1702,-0.035348601016705734
1703,0.03444237818053701
1704,0.0249360025612755
1705,-0.12355114277949104
1706,-0.06490016737748086
1707,-0.06242284029940137
1708,0.11329811996665674
1709,-0.050153124543738756
1710,0.13800406060534715
1711,-0.007123214794615022
1712,0.07704737056496022
1713,0.019066595625413844
1714,-0.004550479016672125
1715,2.8233376892325846e-6
1716,0.05667660696529125
1717,3.1119753878530027e-4
1718,-0.03680522197243327
1719,-0.031349773175740614
1720,0.004738381628731068
1721,-0.08533593546325541
1722,0.04102667281774483
1723,-0.07410346537604988
1724,0.07064295125127948
1725,0.024413440184187937
1726,-0.06325009704695751
1727,-0.027466691629777166
1728,0.06764037965827682
1729,-0.032476405180968566
1730,0.04275669694164243
1731,-0.02831563551238272
1732,0.09121434258674098
1733,-0.11732519409358601
1734,-0.03341803089867382
1735,0.03865744971993937
1736,-0.007780747601388086
1737,-0.04578223463374213
1738,-0.0274225244024281
1739,0.027510687301448046
1740,-0.011594190849438246
1741,-0.03164050295468348
1742,-0.012458461297145645
1743,-0.05745000562729322
1744,-0.01818782816894726
1745,0.03638836245921403
1746,0.01443521558692297
1747,0.052862851785586674
1748,0.041371982076057384
1749,0.028281832732737662
1750,0.02495473727115019
1751,0.07276176304785738
1752,0.06888890869020087
1753,-0.0015992777005701606
1754,0.026314464287700887
1755,-0.0635872482201271
1756,-0.059814320400526005
1757,0.03439570025971852
1758,0.06278683093473839
1759,-0.01051704839517742
1760,0.023959390794407683
1761,0.03269843189023215
1762,-0.037786525817727956
1763,0.013281632554759955
1764,0.04036883956532595
1765,0.019312024990971427
1766,0.006354031824263813
1767,0.050905085353943204
1768,-0.12643983567772618
1769,-0.1274115565059219
1770,0.025276168443326207
1771,-0.09022304869089345
1772,0.10743423986109421
1773,0.09706026287047642
1774,-0.0028398897982574575
1775,0.005902739455026999
1776,0.08298476626103123
1777,0.0027006806408381634
1778,0.034627712501487586
1779,-0.01828817174037906
1780,0.03998124808962985
1781,0.09308317871501162
1782,0.03756023627083685
1783,-0.05528284432082883
1784,0.07115446033346401
1785,2.9348274630104816e-4
1786,0.07798312759769256
1787,-0.0850730936173745
1788,0.014262813764932028
1789,-0.08516703353801974
1790,0.03476694588582063
1791,-0.04583517148156897
1792,-0.05199457237259711
1793,0.009408914652016188
1794,0.06916726137041466
1795,0.02643347826764177
1796,-0.08238287420932586
1797,-0.029889334224476517
1798,0.04015578576177759
1799,0.0703196657323033
1800,-0.04121521023224936
1801,0.053917118239715435
1802,-0.0215005186942731
1803,-0.04047603778928298
1804,0.015295671948060786
1805,-0.09531540598353148
1806,0.019764037914040446
1807,-0.061432916615517606
1808,0.04387425577692507
1809,-0.038542245553962684
1810,-0.0499377998868391
1811,-0.011760384160405464
1812,0.09892547470907584
1813,0.006593132974424515
1814,-0.040686249258387125
1815,0.03126558945711852
1816,0.09009971467769895
1817,0.023116268019734713
1818,0.11473885909262771
1819,0.01481887029611054
1820,0.014007674385135047
1821,0.04378728214914404
1822,0.02958416855250877
1823,0.003424245411587701
1824,0.05994067500578975
1825,-0.07303022484408986
1826,-0.08651123754698836
1827,-0.17876265944637637
1828,0.035238816557907046
1829,-0.02149152673470103
1830,-0.013080805091849109
1831,-0.009321134512632894
1832,-0.0023805862107205604
1833,0.08188740356218711
1834,0.020925102657190074
1835,-0.04292615347848536
1836,0.07529144365069908
1837,0.015130744004891703
1838,-0.010451737360702165
1839,-0.028283978844295423
1840,0.12300278849217955
1841,0.08123849050663172
1842,-0.01289959242200125
1843,0.03687403733506899
1844,0.055701648078538335
1845,-0.002367123205028479
1846,-0.009915985355622908
1847,-0.06522852348895351
1848,-0.03229408107081593
1849,0.018342928854985348
1850,-0.08885255573367548
1851,-0.02112166227931232
1852,-0.030803346369156194
1853,-0.11065704675910336
1854,-0.09315170191971436
1855,0.029633223569442042
1856,-0.01629886070028231
1857,-0.055598835499851
1858,-0.02346699802043993
1859,0.11711841958583262
1860,0.05148289951256698
1861,0.16150538093819294
1862,-0.030516990355842516
1863,-0.011811778907841339
1864,0.022384190008321335
1865,0.05384600304712944
1866,-0.053372978046194675
1867,-0.057107549296466886
1868,0.03154613545282117
1869,0.014224676042553508
1870,-0.02075107303043715
1871,-0.041524821799676995
1872,0.0890918417896073
1873,-0.04910149624589935
1874,-0.059633631058637504
1875,0.05973672792398248
1876,0.014765328571281183
1877,0.05914469049332684
1878,-0.06539856077905998
1879,-0.039259811316067136
1880,0.05193786432013458
1881,0.043528957783156866
1882,5.418958417789076e-4
1883,0.011299765674849811
1884,-0.037158250336690735
1885,0.036201052490452995
1886,0.0743790239302672
1887,-0.0224089661580725
1888,-0.02242980303879614
1889,0.08457327794378955
1890,0.015779476909087202
1891,-0.043140534206277864
1892,-0.0038017618781767282
1893,-0.002740313533194724
1894,-0.02219561126923349
1895,0.0574648419533054
1896,0.010735132027932047
1897,-0.043629578731823736
1898,-0.08159911638161466
1899,-0.01774714234479871
1900,0.04794972556484617
1901,0.10262961574517436
1902,0.00985191268449009
1903,0.028573450566199438
1904,0.04200213477755427
1905,-0.020181140428088364
1906,0.022355788292240712
1907,-0.049428445118255004
1908,-0.008155405146984514
1909,-0.004101749759829229
1910,0.0779313244600333
1911,-0.14972280251519557
1912,0.06616065496898238
1913,0.0010587002773289923
1914,0.023732601574212215
1915,0.04247925617210138
1916,-0.060997413932479136
1917,-0.014455762068702523
1918,-0.008189555812474941
1919,-0.08701550788181084
1920,-0.08548247401430081
1921,0.007272586452554006
1922,0.01133912225345787
1923,-0.07010354461630605
1924,-0.03174420647383807
1925,-0.0768473404625534
1926,0.0909392861752352
1927,0.028462286246851133
1928,-0.07625717478562888
1929,-0.19146405577280565
1930,0.024289383184530264
1931,-0.03890971810685989
1932,0.04427767559107956
1933,-0.1567285477153356
1934,-0.0228089528949929
1935,0.0923887481786062
1936,-0.0014025431852396162
1937,0.031516334285032255
1938,0.003318844698899679
1939,0.05808950049130682
1940,0.05172081077631918
1941,0.015876199254642072
1942,0.04561069655903284
1943,-0.08202201646018005
1944,0.03347393325981342
1945,-0.008443262298896095
1946,0.055568294032756343
1947,0.04050152133258935
1948,0.045910956837264615
1949,0.05434308403440708
1950,0.09792306365489606
1951,-0.0559764811592537
1952,-0.016092143285157637
1953,-0.005221474946380471
1954,-0.022028055778814434
1955,0.03780463376793236
1956,0.014982952096221209
1957,-0.04909264702945792
1958,-0.023737812378394247
1959,6.593942041240204e-4
1960,0.021528842283454745
1961,0.05259922871489179
1962,-0.06666786832120403
1963,0.02611608669400979
1964,-0.02574465802088997
1965,0.05267459050371182
1966,-0.03377353856347054
1967,-0.0039427445699202375
1968,0.048555431765710394
1969,-0.00525893059240783
1970,0.012401100314056812
1971,0.028980805345445428
1972,-7.836734079462605e-4
1973,0.06453660209230448
1974,0.06953175388466142
1975,-0.015142378500896635
1976,0.056507474384074496
1977,0.13441711272686524
1978,0.03827839049897175
1979,0.08326312330324513
1980,0.059358049058455487
1981,0.05377280733284577
1982,0.04770256333762503
1983,-0.032210458186520255
1984,0.08318095719767618
1985,0.010909556911364825
1986,0.0225328222082811
1987,0.0754991073005557
1988,0.02258030907180828
1989,0.08479100156575209
1990,0.013550400316065714
1991,0.002255393745112678
1992,0.08286159332256296
1993,0.0736818363873914
1994,0.14899264051649005
1995,-0.025827410804766884
1996,-0.03539831284121871
1997,-0.03141882437531853
1998,0.0809705796416597
1999,0.053747154783955725
2000,-0.028112488544907395
2001,-0.014913328459056303
2002,0.009503269799285832
2003,0.03324752697218217
2004,-0.06334219675460799
2005,-0.057749246461795106
2006,-0.021674865112883288
2007,0.057951008445225986
2008,0.011737843911816028
2009,0.08465915271573678
2010,-0.036390397071324576
2011,0.10139910278278971
2012,-0.1426363017986398
2013,0.018600417187762237
2014,0.0021820766327263694
2015,-0.020602716760815366
2016,-0.06022158266367656
2017,-0.0043939719928612645
2018,0.0060967385059865695
2019,-0.02635692572024077
2020,0.019572830466190776
2021,-0.01736046550738335
2022,-0.041153194178753516
2023,0.12291456359591636
2024,0.08163164289226761
2025,-0.07933641925704168
2026,0.058317520962147526
2027,0.02317334021930985
2028,-0.06262659203421099
2029,0.043182225540263894
2030,-0.011634893322309506
2031,-0.038546342860393115
2032,-0.017784314570176013
2033,0.01966552382623094
2034,-0.06216403268706746
2035,0.07059848541660829
2036,0.01850904991375211
2037,-9.714778936876708e-4
2038,0.060593387572264096
2039,-0.07196956436262633
2040,0.00813338693097768
2041,0.06790627606362437
2042,0.016246534898845286
2043,-0.012225156871516884
2044,1.8705562684341766e-4
2045,-0.004728587647758582
2046,0.03648430324459589
2047,0.021615932820005436
2048,0.09727967911427668
2049,0.10201917121860603
2050,0.0380058345205177
2051,-0.13608167780255645
2052,0.09212617520627467
2053,0.044607749379932546
2054,0.06827194031169986
2055,-0.008124680491875376
2056,0.07286871759542188
2057,-0.10128645708748442
2058,0.14486109310381948
2059,-0.015149268831069512
2060,-0.08822442044120965
2061,0.030296948800424387
2062,0.0598087791925253
2063,-0.06573160562183976
2064,0.06061449969065352
2065,-0.04331701349279927
2066,0.07668916280355413
2067,-0.025336819552420262
2068,-0.10516126435550818
2069,0.038449503813946614
2070,0.08453156332600573
2071,0.038986555808073864
2072,0.01843253932200823
2073,0.02730211204422863
2074,0.08784149701067144
2075,-0.047545642193768646
2076,-0.03051754936635629
2077,0.07930532957017486
2078,0.11847589440582237
2079,0.0040188029091062
2080,0.08755600005430073
2081,0.04726685180611032
2082,-0.06264295260211011
2083,0.07181047340397834
2084,0.01572687017157874
2085,-5.62783556579214e-4
2086,0.006842103852078181
2087,0.07019864490930716
2088,-0.020949159841035063
2089,0.008568084878437458
2090,-0.19047757556014538
2091,0.004383252663429142
2092,-0.036092079851247016
2093,-0.019157741052464743
2094,0.07566861743797561
2095,-0.06843773744915929
2096,0.040420277291407604
2097,-0.039197449167409346
2098,0.06526123442789768
2099,0.08505825819571128
2100,-0.03938106705695379
2101,0.06826614053207287
2102,-0.09599291811915717
2103,-0.08510333189505348
2104,0.03555887263989364
2105,-0.029431207900146562
2106,-0.048558016128313126
2107,0.007688465856295106
2108,0.039929253753772785
2109,0.0048703759587056476
2110,0.13956013649697718
2111,0.025167936497770188
2112,-0.037727678706321204
2113,0.051038683364950335
2114,-0.015604187378699612
2115,-0.05730120254687211
2116,-0.048580416549767955
2117,0.010421456646863338
2118,-0.08285392891077684
2119,0.04907704602311958
2120,0.04129298347834728
2121,0.03339498484889743
2122,0.07613535603581614
2123,-0.021248204672401464
2124,0.04094918723913413
2125,-0.02260075916037889
2126,0.1705357442334925
2127,-0.0366576968277389
2128,-0.05779842665418389
2129,0.06158002800478271
2130,0.04931403173777415
2131,0.06675521397141385
2132,-0.04781706456141814
2133,0.08378996892478355
2134,0.08630687613960156
2135,0.05071002909844821
2136,-0.05167759322063313
2137,-0.03754203876634693
2138,-0.025982463973013903
2139,-0.06874032118132906
2140,-0.07215932411642426
2141,0.06959897122912811
2142,0.10536402650809162
2143,0.012833981577161264
2144,0.039319578602328625
2145,0.029010055915847613
2146,0.023894719105249405
2147,-0.05306045244353773
2148,0.03501143649811928
2149,0.07732555183569963
2150,-0.03191834580590008
2151,0.008116707735682988
2152,-0.011795154487982865
2153,0.056863687032881034
2154,0.022867636339710094
2155,-0.028867818474682123
2156,0.0670603128156304
2157,0.00345957969175439
2158,0.12293321015552565
2159,-0.00932221156199077
2160,0.04380869920105021
2161,-0.025481926038519065
2162,-0.03425830206423409
2163,0.03243531959101989
2164,0.09211277495020334
2165,-0.001124649313556339
2166,-0.037660463010696255
2167,0.05275021680058723
2168,-0.012010028119088557
2169,-0.04296812300585262
2170,0.024125517212707365
2171,0.004628998602664849
2172,0.01058536857715067
2173,-0.021843018244160645
2174,0.06419919095113144
2175,0.04526122326045688
2176,0.003500180988065274
2177,0.08438219939680243
2178,0.013250419226631425
2179,-0.05981382383229235
2180,-0.0173341705379169
2181,0.08822197077284051
2182,0.07549580090309256
2183,0.024451371449136474
2184,0.0025451209834247562
2185,-0.11852414576027229
2186,-3.8251306403535527e-4
2187,-0.0462497166704496
2188,-0.09965404988027494
2189,-0.0546405737119084
2190,-0.02676219923771548
2191,0.005180140428221337
2192,-0.017601103686406522
2193,-0.01183009773336473
2194,-0.004991245198297231
2195,0.09221904644240997
2196,0.10041323408696697
2197,0.0544558349115475
2198,0.064285243179223
2199,0.02000882499076475
2200,-0.07585552762377484
2201,0.027775714815949676
2202,-0.029404727944417775
2203,-0.08821190020339356
2204,0.042400687616910196
2205,0.026689340244667445
2206,0.0982260290971812
2207,0.020536025641575202
2208,-0.01611505116082182
2209,0.02163006752282541
2210,0.023162485913420607
2211,-0.04148200061706891
2212,0.028820779672656407
2213,-0.13371636877315485
2214,-0.08401353000739319
2215,0.06283655215965502
2216,-0.014074417908141328
2217,0.14054742917867266
2218,0.07388969441676724
2219,0.08013039886155271
2220,-0.024387337211120148
2221,-0.06101567955873788
2222,0.030423212086008705
2223,0.06769483257314315
2224,-0.02079794659239481
2225,0.02608963892958556
2226,-0.03522415410253974
2227,-0.0677604138706917
2228,-0.006191036298920569
2229,0.15930299994698122
2230,0.01597347583271103
2231,0.008905398036014062
2232,0.033736915648974505
2233,-0.09721363162126043
2234,-0.010593737666328824
2235,-0.025700277307421027
2236,-0.05891074245631481
2237,-0.02030983704413642
2238,-0.012039635876916671
2239,-0.02162337131943279
2240,-0.07920991961183105
2241,0.10864664946227179
2242,-0.09370775908995108
2243,-0.019321061386837653
2244,0.07907419701732246
2245,-0.07756493461991856
2246,0.042779460965476274
2247,-0.07468481123013365
2248,-0.055340227697341725
2249,0.03685523403648666
2250,-0.0730253231964216
2251,0.02207783615843841
2252,0.04188086243451987
2253,-0.027028194904516193
2254,0.042010814636429764
2255,0.03349875650004262
2256,-0.05385803735953241
2257,0.044752814701687176
2258,-0.018886956955676555
2259,-0.07240405922802885
2260,0.10811495362880488
2261,0.030891774557531653
2262,0.04590438656950762
2263,0.023666149224420358
2264,0.018993113413271263
2265,0.05620226146929829
2266,-0.0047946409754595146
2267,0.05447722429714664
2268,0.04064292457866289
2269,-0.08722171561668327
2270,2.727196405575179e-4
2271,0.03709395671242794
2272,0.05916500407033554
2273,-0.041885133768371524
2274,0.04613491011917892
2275,-0.004126626511821644
2276,-0.06686144259337257
2277,-0.09103853437649256
2278,-0.05929941572619796
2279,-0.07557602207099529
2280,-0.04708400426355204
2281,0.005036923056557535
2282,-0.06076422050753376
2283,-0.010630062632463317
2284,-0.10490373940587266
2285,-0.09433438041354902
2286,0.024828445374888285
2287,-0.17593196375284353
2288,-0.03660942022746897
2289,-0.0026116248757614598
2290,0.04019893057106328
2291,0.029412198161930546
2292,-0.03632395861487865
2293,-0.03658646237355831
2294,0.035547047082501726
2295,-0.004348432256879549
2296,0.014121144039112089
2297,-0.02598687606427908
2298,-0.0780832075738409
2299,-0.09826824268721057
2300,-0.10198803590163569
2301,-0.07309167103482844
2302,0.12300009955153364
2303,-0.02374456516557427
2304,-0.029613179784717107
2305,0.011220359829375429
2306,-0.10409039458802928
2307,-0.010048036005006198
2308,0.02143358234037416
2309,-0.1423556405600675
2310,-0.003491360695158024
2311,0.04146619483551041
2312,0.05405130231100247
2313,-0.09585509689997278
2314,0.06016429956380779
2315,-0.08887745517706434
2316,-0.012102884662794144
2317,-0.057169587838028044
2318,-1.891861126968996e-4
2319,0.036736532617375035
2320,0.021363230721147992
2321,0.10518744634313601
2322,0.030502073160415366
2323,-3.154629324425076e-4
2324,-0.03195836709890073
2325,0.08728400045572737
2326,-0.15486167654406724
2327,0.11503268142309714
2328,0.004760124631662753
2329,0.07193623118386028
2330,-0.01628851589299709
2331,-0.0013640361304561657
2332,0.06884307768397815
2333,0.002249832636574245
2334,0.09404986642439112
2335,0.013236122367783681
2336,-0.050787654058618306
2337,0.03288680715561332
2338,0.06985124424204246
2339,-0.015751176281924892
2340,-0.01912452309720327
2341,-0.030238090345386822
2342,0.0358528918570168
2343,-0.045490828168177636
2344,-0.07419880272128872
2345,-0.008105885907785822
2346,0.00997629995493449
2347,-0.018746489708830045
2348,-0.023501464224636722
2349,-0.007652351434987952
2350,0.07795915382055771
2351,0.01228787479483321
2352,-0.01798345801701849
2353,0.02665360455359373
2354,-0.005999502371610425
2355,0.04721180585197904
2356,0.09857160243909645
2357,-0.08102366884374285
2358,0.04703397201994642
2359,-0.05140464277666902
2360,-0.06841464607711881
2361,0.007430441610137558
2362,0.08946025871331137
2363,0.10162790998494221
2364,-0.004724740112842463
2365,-0.03991877510551539
2366,0.03115014250744
2367,0.05254535576926241
2368,-0.03560563775239402
2369,0.03558259598603776
2370,0.00933158294981648
2371,-0.020512528830019854
2372,0.04277028848066261
2373,0.008897693886570211
2374,0.028172429421164553
2375,-0.02006950602812226
2376,0.01757098023994682
2377,-0.07387390551717762
2378,0.05621914957439186
2379,0.07806723031663888
2380,0.053097788092464245
2381,0.04998974154854889
2382,-0.01150360257668806
2383,-0.006603200041706128
2384,0.06838906278369188
2385,-0.0649054634017859
2386,0.014140599623687564
2387,-0.04277163861616751
2388,-0.042776239643306735
2389,-0.07121879982673679
2390,-0.024579913509772407
2391,-0.06440101805535334
2392,0.007607063101258072
2393,-0.06379049035803594
2394,-0.05425745226559629
2395,-0.009050709642995182
2396,-0.069228994289188
2397,0.032673132230839494
2398,0.060275151992878154
2399,0.15146405107777727
2400,0.034951046359238805
2401,0.03401381801814926
2402,0.014797538246970736
2403,-0.020968168512450338
2404,0.026651728766838703
2405,-0.08893279092563089
2406,-0.07923177821311705
2407,0.02602819283714595
2408,0.0018146106830092337
2409,0.10360426719995376
2410,0.0992302092458647
2411,-0.04508303726534631
2412,0.07020955203953075
2413,0.05452146116492697
2414,0.035918278718546685
2415,-0.06655855377225364
2416,-0.07302696681126758
2417,-0.0013634782656287217
2418,-0.010042360758491162
2419,-0.042502046143357564
2420,0.03146834911692359
2421,-0.03899685556438601
2422,0.08767304291146544
2423,0.01666903531774067
2424,0.06812322925225742
2425,0.06120220197198909
2426,0.008490804532932335
2427,0.06354387157205298
2428,-0.02480393464340913
2429,0.03676275467571554
2430,0.040627445617452955
2431,-0.017984431028315196
2432,0.03662493942564788
2433,-0.03898374685295107
2434,-0.015445981951541581
2435,-0.032650214096960624
2436,-0.029859696821598336
2437,-0.06563512578961325
2438,-0.03704911778312444
2439,0.032585203449860156
2440,0.025402062322690697
2441,0.008115638969324938
2442,0.03901699045015811
2443,-0.0685254243978902
2444,-0.08131245124501293
2445,-0.05101214459799599
2446,0.03190654341245129
2447,0.06039359814592961
2448,0.15710988123965164
2449,-0.005048259818248654
2450,0.007987457171765846
2451,0.05655255456689832
2452,3.9888298929429116e-4
2453,0.005160931150470036
2454,-0.014768933258370698
2455,-0.020662003251415713
2456,-0.03415881255283135
2457,0.016360021330178245
2458,-0.09642529027927726
2459,-0.024373023903609573
2460,0.11985281849512343
2461,-0.03622832694181433
2462,-0.053428014397276985
2463,0.018959098227714546
2464,-0.10742319099155956
2465,-0.05756234689979296
2466,0.06534529990260643
2467,-0.00658611625030742
2468,-0.014163510596709028
2469,-0.08737298942522849
2470,-0.03874915856829241
2471,-0.01750826258639704
2472,-0.006387473647339936
2473,0.00663096402847714
2474,-0.052335050467624135
2475,-0.01841701343999889
2476,0.0076782280750969
2477,0.010010207435668585
2478,0.027470536978886816
2479,0.03418536639303914
2480,0.04182484924650401
2481,-0.019624677203747797
2482,-0.04766759305562584
2483,0.048800676062068296
2484,0.0887576765613837
2485,0.04347728163264653
2486,-0.053032108482457485
2487,0.0474077254816533
2488,0.06485828159413135
2489,0.05843241769710322
2490,-0.05360865475448068
2491,0.017218107138063085
2492,0.09438410477240022
2493,0.06517240061824349
2494,-0.01340254052004511
2495,0.06021999878631523
2496,0.14196465369728395
2497,-0.0013630611917098967
2498,0.004288940713365719
2499,-0.09504056988540253
2500,-0.13303657128947952
2501,-0.0022234550325391234
2502,-0.053630049444530585
2503,0.00919680634459266
2504,0.14387526141754842
2505,0.009346393631576508
2506,0.02257253456063557
2507,0.1002445058675
2508,0.01761690839136365
2509,0.042792099644641646
2510,0.05878147184061906
2511,-0.03797488289903121
2512,0.06396404569906639
2513,-0.0015689574387621613
2514,-0.04055477424366476
2515,0.0026384054842160318
2516,0.017456346522828094
2517,0.061152508264067484
2518,-0.019645629346609066
2519,0.0394700996164401
2520,0.07551363211078294
2521,0.024781025563211156
2522,0.01307136506462045
2523,0.01783809920386801
2524,0.022052901604233115
2525,-0.07332601571736014
2526,0.032933266846260745
2527,0.04872280442649991
2528,-0.021071931458850453
2529,-0.009336497170842601
2530,0.0036853441375199344
2531,-0.0049304834818853305
2532,-0.0610488971383586
2533,0.04748916713835367
2534,-0.07710231798037599
2535,0.027938889583367307
2536,0.044076571893015615
2537,-0.011621368456905644
2538,0.04187005099612588
2539,0.08029479165029856
2540,-0.06937163677172245
2541,-0.05403487850788269
2542,-0.024759340350688504
2543,-0.08011983574728844
2544,0.012302317730373982
2545,-0.05443222921534285
2546,0.0036985849743159972
2547,0.06807137183539647
2548,-0.12859875196545784
2549,0.07706074173233687
2550,0.12227917769710935
2551,0.045186429052193174
2552,-0.027980501247853173
2553,0.0224577437560619
2554,0.02884544007888368
2555,0.06128928001105298
2556,0.0029087749523219984
2557,-0.08650683119765532
2558,-0.013997810239660114
2559,-0.09297790006450354
2560,0.017283758231923553
2561,-0.02328618151488918
2562,-0.03212356184643705
2563,-0.0912008846946903
2564,0.040958645979708795
2565,-0.034673577251423886
2566,0.05771074029016111
2567,0.004332940672767226
2568,-0.02238971861555672
2569,5.413979963598999e-4
2570,-0.023635177647118356
2571,0.049271489955250936
2572,0.07822279317368044
2573,0.11161922180198902
2574,0.02365273130733037
2575,0.017643152881371915
2576,-0.009370056481892817
2577,0.06691839434227884
2578,-0.03616392209498289
2579,-0.024214670050209174
2580,-0.02887570052199087
2581,-0.013495867310882839
2582,-0.053941799251988456
2583,-0.034365951164464836
2584,-0.027061316060387162
2585,-0.0032824847012586193
2586,0.12085406155687961
2587,-0.025863784866524263
2588,0.039402465348381766
2589,0.045240224198850744
2590,0.06964027283070934
2591,0.08735579818501282
2592,-0.09542184616330437
2593,0.06178308619111942
2594,0.04376925915221437
2595,-0.00964965528279376
2596,0.032163573619545915
2597,-0.013926195512301372
2598,-0.06378684917537394
2599,0.09875443081121199
2600,-0.04865959426648048
2601,0.020879056979803155
2602,-0.05013720926412868
2603,0.05281921617486041
2604,0.07432288102384513
2605,0.052958571747720895
2606,-0.051631785484925564
2607,-0.004085294174894401
2608,-0.09800809948266645
2609,-0.010609336362485969
2610,-0.07735445312255929
2611,-0.09076749967527836
2612,-0.07118306960071058
2613,0.0346745817742861
2614,0.029504571028697916
2615,-0.12313270805873766
2616,0.05640746483437013
2617,-0.01899992095614759
2618,0.010431634265317312
2619,0.102486431833796
2620,-0.04458053864839206
2621,0.013672916240180591
2622,0.015078493611514105
2623,-0.019233113431871868
2624,-0.030466306406377666
2625,0.01601899853372355
2626,0.07108757530772868
2627,-0.01967046627617467
2628,0.02882410277202648
2629,0.009017122733748158
2630,-0.056163185582465414
2631,-0.028964529971062702
2632,-0.011747411156205137
2633,-0.0581363473952566
2634,-0.08282280428989319
2635,0.08175821459938305
2636,-0.0327004763788245
2637,0.03104205510185545
2638,0.0026710912625126544
2639,0.004461392326560346
2640,0.031073858431178318
2641,-0.014447918523705755
2642,-0.031222305638115438
2643,0.01047757165384048
2644,-0.05679345008427908
2645,-0.060135187477269994
2646,0.010096824480692851
2647,-0.030412784070319897
2648,-0.0024474637172432964
2649,-0.01771018942807369
2650,0.08940986812873121
2651,-0.010798451527688605
2652,0.026367797125335168
2653,-0.01760745574217076
2654,0.07205680931827511
2655,-0.03890019983631879
2656,-0.022830660587710102
2657,0.019864690254564485
2658,0.025328592755524553
2659,-0.004375934567599892
2660,-0.0184333530365712
2661,0.03853978025666191
2662,0.012074919879392125
2663,0.025084304770337976
2664,-0.05537988036714793
2665,0.037823004454968105
2666,-0.01923105005777698
2667,-0.029996480289624407
2668,0.057394376390025106
2669,0.025936035182413823
2670,-0.019069658740224586
2671,0.036635476065318355
2672,0.05735207803805778
2673,-7.84788007028251e-4
2674,-0.0411700704890445
2675,0.01110784299921246
2676,0.0020856648193741814
2677,-0.01258218117849821
2678,-0.01731160263520422
2679,-0.03228646293792589
2680,-7.146992807741278e-4
2681,0.011551653752304386
2682,0.013852301997680007
2683,-0.0031333998513240324
2684,0.054358853408698365
2685,0.12329580881367588
2686,9.593614337834733e-4
2687,0.007320652331422435
2688,0.04715016440081704
2689,-0.029772533516648284
2690,0.06396769422209034
2691,0.05770267675909125
2692,0.035431185029034806
2693,0.1128040976627093
2694,0.019792097988031047
2695,0.023644987416123614
2696,0.06107265643246048
2697,-0.02030221379986892
2698,0.0033586118765832687
2699,0.022825756685652978
2700,-0.03303137871685127
2701,0.022065791923443236
2702,-0.046052481218929624
2703,-0.029375928757913526
2704,-0.04128458613904969
2705,-0.017593314252995974
2706,0.12101530648874198
2707,0.11900516473485236
2708,-0.023115102462151586
2709,0.0847195570270907
2710,-0.012915656750167412
2711,0.08130132345155175
2712,0.05931140433251832
2713,0.06766864969906215
2714,-0.13197323413517603
2715,-0.016936709666821325
2716,0.07512309376605483
2717,0.02484859611430046
2718,-0.009311302045654512
2719,-0.02184220764872806
2720,-0.015078906408666645
2721,0.033707914412378
2722,-0.006867749527623313
2723,0.09912279271300456
2724,-0.036170845959713364
2725,0.030637204289627705
2726,-0.03143224190644458
2727,-0.04381272458772626
2728,0.09551849767576642
2729,-0.0363387293309623
2730,0.05666698136213532
2731,0.012038589869383859
2732,-0.04779690477068679
2733,0.041807907062225744
2734,0.11469070882496096
2735,0.03573301925591192
2736,0.09746335812537417
2737,-0.016472288776778206
2738,0.03583209877767832
2739,0.0038600302539488693
2740,-0.12875413321994028
2741,0.0709559309376993
2742,0.02045000209813997
2743,-0.01905676628513428
2744,0.06399399221481926
2745,-0.06148600998715417
2746,-0.044638654053440745
2747,-0.03377704502340992
2748,0.08695670055174076
2749,0.04175254423088055
2750,0.04513445916783124
2751,0.04499784176682624
2752,-0.08339054896443884
2753,-0.057275685731908256
2754,0.0733191769915603
2755,-5.221045518722447e-4
2756,0.0025205989236307055
2757,0.05329354330756036
2758,0.050244233248777886
2759,-0.09907840789751121
2760,-0.0408184155619463
2761,-0.0013677150716010136
2762,-0.07464885186404685
2763,-0.028120708921404634
2764,-0.04793018347623331
2765,-0.02140946554227279
2766,-0.03937367503853069
2767,0.03961700477067161
2768,-0.09747416266472839
2769,-0.011899435953494873
2770,-0.06475199867395051
2771,-0.040621133265937456
2772,0.0459905187104535
2773,-0.05528780168444965
2774,0.02051915618791121
2775,-0.0186009177836697
2776,0.01698234783649021
2777,0.03751116611409652
2778,-0.03790116927602856
2779,-0.04136748464441031
2780,-0.04906789076724151
2781,0.04862875492683485
2782,0.029252724901182043
2783,0.08883280173897548
2784,-0.06348024466732484
2785,-0.07016967656708475
2786,-0.00876350008887572
2787,-0.07746150942009175
2788,0.07524213043889455
2789,0.04741125370866904
2790,-0.025184886825479095
2791,0.06086723942880289
2792,0.007676697494847819
2793,-0.012022060872549617
2794,0.02642900374605164
2795,-0.008031882383916585
2796,-0.062300779994472366
2797,0.06545925389243193
2798,0.04786094186645702
2799,0.09250107437769761
2800,0.04155354776070068
2801,-0.0012119851714685482
2802,-0.04970597311636652
2803,0.10355101716334629
2804,0.005580398586411466
2805,-0.0926507219717003
2806,0.04012536364206652
2807,-0.0032432944280029116
2808,-0.002208488993864756
2809,0.011178027236819203
2810,0.004149203567157096
2811,0.08000807158670586
2812,0.05887351240060481
2813,0.10648918868727489
2814,-0.06258361156716216
2815,0.12222575965029377
2816,0.07604524126074161
2817,0.011433482265388147
2818,0.05903989978702597
2819,-0.035130296770053374
2820,0.051207415869209884
2821,0.0021144998436083
2822,0.05729965699918286
2823,-0.06132930891872683
2824,-0.06662828627026025
2825,-0.0036737893656405875
2826,0.0034728633936725447
2827,0.026794615701548466
2828,0.047993727263688966
2829,0.041506328881426184
2830,0.040619965489488576
2831,-0.057757863861202234
2832,-0.012687572011550258
2833,-0.048610838572773804
2834,0.09940468339074124
2835,-0.061275361016467
2836,0.16927521445977797
2837,-0.021779612252785886
2838,-7.174571361031924e-4
2839,-0.06942659635467031
2840,-0.00966417572599982
2841,-0.10044166429980084
2842,0.00777217468788835
2843,-0.17117413968383877
2844,0.09922361687517146
2845,-0.016975503790670324
2846,0.05822160900810002
2847,-0.04665337239727937
2848,0.0035305142142667417
2849,-0.17624728728006211
2850,0.011374872957178438
2851,0.06195988227646633
2852,0.05265107455493178
2853,0.032245809040993834
2854,0.0035262767782891953
2855,-0.05272237121966705
2856,0.040673361180352266
2857,0.0492435116158807
2858,0.022586833684012715
2859,-8.35768645758371e-4
2860,-6.292982875941693e-4
2861,0.061248294182954945
2862,-0.10603374112551503
2863,-0.028400050971840257
2864,-0.07042303133360342
2865,0.009411918304370492
2866,-0.03846516598192173
2867,-5.609546551175581e-4
2868,-0.04565967699509693
2869,0.026620450734641803
2870,0.0012343429895413727
2871,-0.029693192063204123
2872,-0.09319175908479688
2873,-0.012522430772057797
2874,0.042841145473961895
2875,0.005270827907619412
2876,-0.10418188400737628
2877,-0.0930619445983393
2878,-0.08946797352680755
2879,0.10329068050508647
2880,-0.048774555267875205
2881,0.04888499410828977
2882,0.10041572190814305
2883,0.10871872624011823
2884,-0.019475852984113022
2885,-0.080759115961367825
2886,-0.019412928116419988
2887,0.054934287234106316
2888,-0.022606670625836815
2889,-0.08787776958004237
2890,-0.030228914002639374
2891,-0.011715300238928663
2892,0.05302043389709375
2893,0.0062104153084424005
2894,-0.07852980658716792
2895,0.058778820652687844
2896,-0.03939691447396454
2897,0.047918289438950074
2898,-0.05602045788253711
2899,0.03160419116096926
2900,-0.0700317881659144
2901,0.029706576628758107
2902,-0.07363561679568362
2903,-0.05457446039429328
2904,3.8807380781882145e-4
2905,0.08655611047219403
2906,0.029682655409444352
2907,0.057117514355952415
2908,-0.006597993417616145
2909,-0.023760957158191306
2910,0.03209752226157215
2911,0.0638632699720139
2912,-0.010885983003017321
2913,-0.011506822013232356
2914,-0.047954658994883666
2915,-0.049756822378018865
2916,-0.0035334410310900177
2917,0.0010825341453664997
2918,-0.02464967091843806
2919,-0.029629381430130185
2920,-0.017059563463905875
2921,0.013483574340408745
2922,-0.05103637158617164
2923,-0.002734828176602447
2924,0.03200730941379931
2925,0.021328777300066395
2926,-0.07280715201592787
2927,-0.01649056596859351
2928,0.023205638470404834
2929,0.0057773161915578896
2930,-0.08328749216455807
2931,-0.06844394031120565
2932,0.03660660321719614
2933,-0.04781956938673218
2934,-0.038306862993071136
2935,-0.08187086689356853
2936,0.02643721514568072
2937,-0.08803154140163967
2938,0.02119964657794452
2939,-0.06620844711636226
2940,0.08382364011513993
2941,-0.008535121694087607
2942,-0.015973488993907443
2943,-0.016618734592590854
2944,0.053313611316032544
2945,0.01688737514352294
2946,0.0258757404843824
2947,0.006843421062774399
2948,-0.05641319430631839
2949,0.03306425109975549
2950,-0.03184969919263949
2951,0.020673431737030956
2952,0.003984717056070029
2953,-0.04365827143628712
2954,0.030105613334452483
2955,0.003619938304796783
2956,0.01612388233623148
2957,0.030319222487217353
2958,-0.07767755116049804
2959,-0.009937651099959666
2960,-0.03515634223358778
2961,-0.01226282205725544
2962,0.005755373154374586
2963,0.040155257821327686
2964,-0.010753828470013355
2965,0.007688661220626865
2966,-0.09370199577422682
2967,0.06084696441177427
2968,0.04037726701883255
2969,-0.06409888467913655
2970,-0.028866908485880974
2971,0.019574077456783964
2972,-0.08238920535647463
2973,-0.0032276305326418946
2974,0.08021156357178452
2975,-0.03237284633021642
2976,0.13402100465357494
2977,-0.14059122224549953
2978,-0.06287768176603084
2979,-0.09965163731664976
2980,-0.03819972620272605
2981,-0.05064445440111506
2982,0.009606162965157164
2983,-0.05493220158934502
2984,0.0026202926781421446
2985,-0.08700252671528833
2986,-0.019335258884024674
2987,0.03819999795947406
2988,0.03161399237098285
2989,0.03271076452642411
2990,-0.01441774173114569
2991,-0.0024847289307877683
2992,-0.0599698669191511
2993,0.00874629407838931
2994,-0.14618221992270528
2995,0.06888311384233836
2996,0.004649940461304206
2997,0.11660062892272331
2998,-0.02677126350828769
2999,0.03653865657304339
3000,0.06218181655177778
3001,0.0025729510089440525
3002,0.05734704304220525
3003,0.0034928249066251728
3004,-0.05359586351266006
3005,0.062303968997750765
3006,-0.020213093867053947
3007,-0.03819374121181766
3008,-0.012921428189699873
3009,0.0080532720743554
3010,0.07274521525153872
3011,0.04374064323917504
3012,0.030809461042883
3013,0.020453697498207562
3014,-0.0031079752732088434
3015,-0.009820230731423284
3016,-0.08803069745451772
3017,-0.048812980825717264
3018,0.1538061277319748
3019,-0.02379122089891332
3020,0.0014801528433809955
3021,-0.12768197238914697
3022,-0.01735981248470005
3023,-0.028480647800562694
3024,-0.05633453097198532
3025,0.005495140431506189
3026,-0.04848603588565729
3027,0.03417575253705851
3028,-0.07829981971608575
3029,-0.05050323272753967
3030,0.015759933745775397
3031,-0.015944634745483736
3032,-0.011023176614076329
3033,0.004740389919990473
3034,0.004889193088926491
3035,-0.03098350612838484
3036,0.020549464089667076
3037,0.1010975276684076
3038,-0.031146804234841438
3039,-0.053559331474938396
3040,-0.04657228096261189
3041,0.07374073301577178
3042,-0.02829852952691045
3043,0.06593116568267036
3044,-0.11746159304534196
3045,-0.004889064499090823
3046,-0.11370037359975622
3047,-0.10404143039907447
3048,-0.10816525808771703
3049,-0.04623377998556396
3050,0.060456327937434565
3051,-0.024643353993759602
3052,0.05260126040089562
3053,0.01910552982015111
3054,-0.07622178079316254
3055,-0.0025171801044784753
3056,-0.0233030420153713
3057,0.07385853065980892
3058,-0.029348493181372996
3059,0.12810949595852805
3060,0.05742632934075326
3061,-0.03313171647796799
3062,-0.002242438312081944
3063,0.03646299108705182
3064,0.05327299742941344
3065,0.0674982627080285
3066,-0.02835526696009505
3067,-0.04993879491654713
3068,-0.01634946780753697
3069,-0.060832170213029335
3070,-0.006451893909286291
3071,-0.018502577820182914
3072,0.023159497508141398
3073,0.052562814096156985
3074,-0.0032390822690052607
3075,0.011105376159202004
3076,-0.004667932771350858
3077,0.022683650941705668
3078,0.03323299166604667
3079,-0.036539328493127333
3080,-0.07078156735420636
3081,0.05918041890382941
3082,0.06689905174874466
3083,0.016078979467568148
3084,0.005554128683960494
3085,0.04314476706165552
3086,-0.1507768903785715
3087,0.002761288596433922
3088,-0.02054883433099633
3089,0.043716747523506766
3090,0.0784965398518288
3091,-0.03650352604578213
3092,-0.10899502318671418
3093,0.11267244577755389
3094,0.02851917017561849
3095,-0.00724868471006148
3096,0.04041232429843601
3097,0.06893109753073062
3098,0.04995613814146953
3099,0.01715210918905011
3100,-0.009753798115022853
3101,0.00802454294990157
3102,0.013021698491852987
3103,-0.06645296002407092
3104,-0.005013074869282423
3105,-0.09684408344132359
3106,-0.03949671516320473
3107,-0.021418817795817217
3108,-0.015119161474651524
3109,0.038565259052400665
3110,0.028425364059704347
3111,-0.004567188663356877
3112,-0.08051624243313349
3113,0.0066227646825263616
3114,0.05516468436890902
3115,0.07042082159502405
3116,0.03599722205513509
3117,0.04135422496745929
3118,0.08846019379511248
3119,-0.002429732611697367
3120,-0.08464414532063426
3121,-0.0543150955559615
3122,-0.0710591604206093
3123,0.11034626431275504
3124,0.0816234841305005
3125,-0.015625639397466515
3126,-0.05684271958702662
3127,5.832109336360511e-4
3128,-0.10410203298987897
3129,-0.006182481498704219
3130,-0.005403950161401955
3131,-0.049912077687690744
3132,-0.08613856393456817
3133,0.09758257835404704
3134,-0.049052853205901734
3135,0.06434534200384738
3136,-0.12471349230096183
3137,-0.033759338479251534
3138,-0.06660955120520391
3139,0.09447390236902092
3140,-0.023544240520374404
3141,0.02130702047964686
3142,-0.10208364348708074
3143,-0.00655907993795744
3144,-0.05027973014301727
3145,0.05559363578467867
3146,0.03533490383766091
3147,0.07055601128212938
3148,0.019303435370971254
3149,-0.0038554572130479036
3150,-0.028505251138937947
3151,0.011127515586948359
3152,-0.016871032982917047
3153,0.10230575053158555
3154,-0.008756331749029508
3155,0.01310036094945414
3156,-0.0025474227809212545
3157,-0.013800296872739475
3158,0.11458338896811254
3159,0.07956417636179501
3160,0.028780453107295836
3161,-0.02682655233233469
3162,0.029726386755584457
3163,-0.017793089212630078
3164,0.03534079992250904
3165,-0.0017546983168633956
3166,-0.0020943450496618693
3167,0.06753037533399625
3168,-0.043737167459562534
3169,0.0364686459918822
3170,-0.016808063546333938
3171,0.032576877941706904
3172,-0.0016234021292897676
3173,0.030386240338633082
3174,-0.015239973514287783
3175,0.005662605252456258
3176,-0.07237128517763346
3177,-0.03214783808220177
3178,-0.07677784208013232
3179,-0.10648599049454724
3180,-0.030514750990554868
3181,-0.016506953867696787
3182,0.04758627018347582
3183,0.019781648431798644
3184,0.019147953980928018
3185,0.036933876251835876
3186,0.029791397026271496
3187,-0.07248691811138466
3188,-0.02073523650176852
3189,0.017303373419167024
3190,-0.024377986102251455
3191,-0.003602999689482696
3192,0.033361275442950256
3193,-0.07464995881658129
3194,-0.04096229381033363
3195,-0.02170801658024655
3196,0.01928645692324376
3197,0.0659806673806616
3198,-0.008188770479181078
3199,-0.012398057130119829
3200,-0.029784215375428476
3201,0.09040119746096113
3202,-0.01627870158820892
3203,-0.06863747590520287
3204,0.004286256230348513
3205,0.017777653823633735
3206,-0.046103133772130656
3207,0.0068994987414401805
3208,-0.044857944305726975
3209,0.04231883782305763
3210,-0.06383797797943061
3211,-1.882775487442789e-4
3212,0.0053468950630898016
3213,0.08877816979734726
3214,0.045180286254154885
3215,0.02490016943410233
3216,-0.008114975087085492
3217,0.08001339432466806
3218,0.047892651920199286
3219,0.07095601771404475
3220,-0.07432307341485919
3221,0.02595278003049402
3222,-0.020687492028506563
3223,0.07850409006750264
3224,0.015689233388088863
3225,-0.05504003319327587
3226,-0.08285372551331703
3227,-0.05225849955494931
3228,-0.05657569921165673
3229,-0.027687858874882974
3230,0.05532400510074386
3231,0.07684873720958778
3232,0.09650730801297566
3233,0.026359511311094076
3234,0.0548566355306873
3235,-9.394473706981696e-4
3236,0.035890200042273494
3237,-0.041796222130592406
3238,-0.1292369681617298
3239,0.03694551270186183
3240,0.04036682690434418
3241,0.05347014262650637
3242,0.023286513674829964
3243,0.04380417626052689
3244,-0.03261910896914292
3245,0.05603137102581994
3246,-0.15443222721849456
3247,6.739104823765829e-4
3248,0.05044025679216975
3249,0.022450321557077428
3250,-0.07687405260192777
3251,-0.027687648348147253
3252,0.0012311898222045342
3253,0.11234982364906604
3254,-0.01710408491442028
3255,0.008367221520381229
3256,-0.011881491378240976
3257,-0.0062925067851937536
3258,-0.06304236499521303
3259,-0.037276108182449884
3260,-0.05933623616486906
3261,0.14041839360208327
3262,0.06367858680032558
3263,0.03318144458423817
3264,-0.0018623686244764056
3265,0.015168788821454476
3266,0.04215636671702015
3267,0.04565958504950766
3268,-0.0935082573472691
3269,0.07658395643451518
3270,-0.05763458566184771
3271,0.056735567061625476
3272,-0.021932412380538648
3273,-0.010166262128527712
3274,0.014751397212594872
3275,0.03770881087709362
3276,0.01072345668186609
3277,-0.0808228118364928
3278,-0.05377233485483342
3279,-0.051788540251287346
3280,0.030718426720240895
3281,-0.08827373717494094
3282,0.031653284749636953
3283,0.0033590127698834554
3284,-0.0038344119135332415
3285,0.0088773324294431
3286,-0.15489318381589362
3287,0.06891274033371364
3288,0.02573087960117346
3289,-0.08739617705438923
3290,-0.03922729520542126
3291,0.10207909697768972
3292,0.007183987896824272
3293,0.01059568565046956
3294,-0.03673654240826763
3295,-0.09341908929727136
3296,-0.004723554147766575
3297,0.024876211896972488
3298,0.09926087742800344
3299,0.049074349050657884
3300,0.04730109727734041
3301,0.03338884830496616
3302,-0.023120429623227207
3303,-0.05434251315583688
3304,-0.004845543779097353
3305,0.0665583643504219
3306,-0.10645563929496488
3307,-0.01571926101719426
3308,-0.07911300674468558
3309,-0.01062404471948361
3310,0.027355908684639055
3311,-0.009210288154167738
3312,0.00673841973601437
3313,0.14486665808293048
3314,-0.03677520719624986
3315,0.051548632855463516
3316,-0.0075413061883833465
3317,0.014674016416823109
3318,0.012509650315615009
3319,4.950880514816361e-5
3320,-0.07392129274904294
3321,0.025976540306217665
3322,0.015487386402701656
3323,0.0205279841093991
3324,-0.10445028583147278
3325,0.08788885308684191
3326,-0.04770090188629864
3327,0.057344318501744526
3328,-0.0040551503036223395
3329,-0.037701513811452605
3330,0.1364027829023059
3331,0.04579001764915422
3332,-0.07941767259511623
3333,0.0020987073562156334
3334,-0.13187581747509877
3335,-0.10838410003989613
3336,-0.052514540247310774
3337,-0.010162922692532756
3338,0.02487253913000807
3339,0.016373530346660198
3340,-0.06025004761836099
3341,-0.0081505293982798
3342,-0.07565905083910218
3343,0.047136242965179834
3344,0.08808261320193911
3345,-0.03563743119784982
3346,-0.05580035621323466
3347,-0.06593974088632001
3348,0.08845111369554987
3349,0.03586344068776101
3350,-0.041069593074605004
3351,0.05215862751614704
3352,0.09757869716915793
3353,0.01803993063102361
3354,0.028235910705925467
3355,-0.09653627372573942
3356,0.05617568414611909
3357,0.04430580323262573
3358,0.052056300798036324
3359,-0.06874689980887935
3360,0.049282782521637494
3361,0.005888091325856763
3362,0.05168890277873463
3363,0.11442175235470017
3364,0.033387187169603816
3365,0.1129075705904011
3366,0.016546587384710053
3367,-0.07445788612469101
3368,0.07160930531900477
3369,0.008433345465069764
3370,0.06842519582394606
3371,0.05895713614529623
3372,0.003482981572926907
3373,-0.015451578071771447
3374,-0.025670306633587672
3375,0.022714773934624642
3376,-0.06338176721013292
3377,-0.024657107315076893
3378,-0.026299490697275683
3379,-0.0030181308264867228
3380,-0.027851782408616237
3381,0.024279377737163002
3382,0.016456320151078122
3383,-0.021683174215468608
3384,0.0391876264802155
3385,-0.0862583074327509
3386,0.0326339716907529
3387,0.01175337126875143
3388,0.05191705529868795
3389,0.08113949329332863
3390,-0.004368983930643385
3391,-0.08533469389492426
3392,-0.08390233427264933
3393,0.013265130357656703
3394,0.04260515189610176
3395,-0.050137928929081935
3396,0.039259544453464836
3397,-0.04637302933513706
3398,0.14277599877954014
3399,0.12370736679015347
3400,-0.11347372149394294
3401,4.0246661880989805e-4
3402,0.09065707910724297
3403,0.010138264561848756
3404,-0.13783410357823217
3405,0.04978339514530851
3406,0.03780725880617802
3407,-0.07791383908326244
3408,0.022771187257283415
3409,0.034503198892711875
3410,0.01082577963810151
3411,5.675245111800634e-4
3412,-0.03673534475901621
3413,0.12971828996041324
3414,0.015858345546383396
3415,0.010966310322098976
3416,0.049736781314295125
3417,0.12287202102926845
3418,0.01223701089184328
3419,0.004131810956154742
3420,-0.041724120752044055
3421,-0.013297420573299454
3422,-0.007573586935142377
3423,0.026778529719572418
3424,0.012539906293551287
3425,-0.011634537118331924
3426,0.04854736127885842
3427,-0.009069021849910163
3428,-0.12978831973388397
3429,-0.04082153975949852
3430,0.05817132262996144
3431,0.06631241721693457
3432,-0.048585420903390825
3433,-0.11710082094092707
3434,0.006870598876080793
3435,0.02136410211805899
3436,0.007254059692827858
3437,0.03373118898775601
3438,-0.008657201395209344
3439,-0.0233571131438148
3440,-0.08648099481710561
3441,-0.016255815623288615
3442,0.05037790749385916
3443,0.013163167755321588
3444,-0.0010529532906361355
3445,0.007097196210512739
3446,0.06326571922937209
3447,-0.04154516278532376
3448,0.08318534304677784
3449,0.06571745839850898
3450,0.0792798676247426
3451,-0.11546235966487503
3452,0.009124173255195274
3453,-0.012509199601916918
3454,0.041629163740258206
3455,-0.023782527107263095
3456,0.027797139539242254
3457,0.032279851452337985
3458,0.01406709879669603
3459,0.07228978705642697
3460,0.02604257234954801
3461,-0.07491337472135054
3462,0.03845723452387749
3463,-0.010002267629671551
3464,0.05768255074194595
3465,0.011091474225361973
3466,0.07804323758536016
3467,-0.018060030036551565
3468,0.0899131357154809
3469,-0.0018246163838192553
3470,-0.020791234338889738
3471,0.06749190473149765
3472,0.12467004561612961
3473,0.02343147521929976
3474,0.032213356496942847
3475,-0.05428077882643048
3476,-0.04050458871201111
3477,0.04130293884720565
3478,0.045074205755223515
3479,-0.06473225202836143
3480,0.04320964883781088
3481,0.057074580551036286
3482,-0.13809571855956096
3483,0.06270129627389331
3484,-0.019784021106145442
3485,-0.006049401814656677
3486,-0.1152718251153503
3487,-0.03071943450791203
3488,-0.01781982940740594
3489,-0.05811125070480034
3490,-0.03231621323105536
3491,0.01776783112440297
3492,-0.04023305320688321
3493,0.046321156650498116
3494,0.042039374181858616
3495,0.060321951395976875
3496,-0.018385297811002226
3497,0.07838106554999248
3498,-0.019372294874596567
3499,-0.060036179044643354
3500,0.014959571674564048
3501,-0.06547908689702056
3502,-0.06811783975490547
3503,-0.07663829190397052
3504,0.07336674306602622
3505,-0.04496363176148318
3506,-0.10847658829005627
3507,0.05973563000604123
3508,-0.01573332098854465
3509,-0.020865807098578576
3510,0.007329476047565066
3511,-0.04187823308528138
3512,0.025073295570789054
3513,0.02335889867745642
3514,0.0314926708921662
3515,-0.053377282298173886
3516,-0.022844929328667538
3517,-0.08742449586904691
3518,-0.03783537380875559
3519,-0.08195096471544581
3520,0.04488721489448715
3521,0.04054784184259184
3522,0.07187012848273988
3523,0.06937784863517024
3524,0.0092797499370815
3525,-0.15015588378909725
3526,-0.07481619108901964
3527,0.08065754098203602
3528,-0.03165383922287733
3529,0.08711290240169425
3530,-0.04727628468339471
3531,-0.07231486968548076
3532,-0.01493996179754401
3533,0.04326384088178148
3534,0.06389320353972902
3535,-0.034405612738351646
3536,-0.0373535103288418
3537,0.10323527367848473
3538,0.020510798268513684
3539,0.063958194989023
3540,-0.09250077129397231
3541,0.005788798940075446
3542,0.02313896197562633
3543,0.029219685630100738
3544,0.07509886769539208
3545,0.1002736252973484
3546,-0.05327568124351919
3547,-0.0879139827274091
3548,0.066837532190312507
3549,-0.0574944597230367
3550,0.04772471562887456
3551,0.004254099405385899
3552,-0.040623007579363865
3553,0.02197299241764132
3554,0.03744304187488769
3555,0.014853345657694179
3556,0.018307343204247546
3557,-0.09146810167442815
3558,0.053230190594407686
3559,0.0406977918805515
3560,-0.01600521037663338
3561,0.016569478778095476
3562,0.05569212368590544
3563,-0.0038467768424599973
3564,0.0182878950797058
3565,0.09223294175398021
3566,0.015127174186132977
3567,-0.04374834108638515
3568,0.044085660191509536
3569,0.09474439151236023
3570,0.02885784970136562
3571,0.012733551378263687
3572,0.03973521504254347
3573,0.0759848296690118
3574,0.012400974861300533
3575,-0.07340745573902657
3576,7.451660170327157e-4
3577,0.05168432469752804
3578,-0.0048281311655690926
3579,-0.13770319658868846
3580,-0.09421977482258645
3581,-0.11437077584825925
3582,-0.06414949233385618
3583,0.05034486129816036
3584,-0.0745378169428556
3585,-0.04316835951432303
3586,-0.024337156991741195
3587,-0.04117706810491163
3588,0.059317667896422996
3589,0.10508236241687241
3590,0.041499580774471884
3591,-0.034867923965947276
3592,-0.07904598080463805
3593,-0.07803091357680564
3594,-0.02542308305510062
3595,-0.08047590619323287
3596,-0.0086087581895798
3597,0.07137379283270733
3598,0.03786757501613293
3599,0.00750212729136179
3600,-0.08697921619431176
3601,-0.07640200783418573
3602,0.053248139252419766
3603,0.018894063405929785
3604,-0.053125160367603216
3605,0.0327254199410235
3606,-0.05020084716430774
3607,0.13875256205237194
3608,-0.12438132297182997
3609,0.07121876930740878
3610,0.037163481277848645
3611,-0.03199329316598518
3612,0.03789497203452963
3613,0.004200768458800616
3614,0.06165865693723138
3615,-0.026216471359259627
3616,-0.05736480326633793
3617,0.040220876488147136
3618,0.022059731093467545
3619,0.06059051842481682
3620,-0.03335732170310749
3621,0.06390837350343571
3622,-0.03662987114192272
3623,-0.01636839811085532
3624,-0.010898884686679645
3625,-0.073040080425513
3626,-0.054618478290300226
3627,-0.008515015846465357
3628,-0.01587352933670767
3629,0.01663278078456479
3630,-0.00969522156945363
3631,-0.004459496278964491
3632,0.010578995679892799
3633,-0.049268224496709784
3634,0.02367871245870501
3635,-0.10783267673952099
3636,0.01721139802887278
3637,0.014671902175954293
3638,-0.1280976927729021
3639,0.011735133404840392
3640,0.046380664710002226
3641,0.05756936356547532
3642,-0.025952300043857
3643,0.04600835236231429
3644,-0.10274386452472106
3645,0.024687739551924808
3646,-0.0074101149429051895
3647,0.052225310180045614
3648,-0.03072979933732817
3649,-0.03734402539712808
3650,0.1670869803300601
3651,-0.03485077986428484
3652,0.006857052305800356
3653,0.052303686983509165
3654,0.09373552708573919
3655,0.0019447314296600002
3656,-0.022816037530157186
3657,-0.0624410990046738
3658,0.052655541148106666
3659,0.10094404476957664
3660,0.0318662549856241
3661,0.004183461146551342
3662,0.02998308620746891
3663,0.05397721684804511
3664,0.006217109754894909
3665,0.0722792375184641
3666,0.058629151846626426
3667,0.0018518490491063154
3668,-0.009458026458963119
3669,-0.0957547777323865
3670,-0.06685023170689057
3671,0.07362913180777213
3672,0.037562764825794
3673,-0.05398090773626672
3674,-0.019726703072755696
3675,0.06367728177073737
3676,-0.0036317749738131663
3677,0.03892777477880147
3678,-0.0024527527864173374
3679,0.0027574538244455465
3680,-0.07218175484668131
3681,0.02553082880264004
3682,-0.07984192121494485
3683,-0.005131766616905998
3684,-0.02650820626417867
3685,-0.09130910744052473
3686,0.03842111868124848
3687,-0.0728268542636033
3688,-0.07167511090697905
3689,0.0947623637779215
3690,0.11783896964317275
3691,-0.07461404043912759
3692,0.015048604507227309
3693,-0.14015957052551964
3694,-0.015279953706628536
3695,-0.0142590893060758
3696,-0.04702408795359611
3697,0.02879463965242017
3698,0.0693575113558442
3699,0.04380605936144845
3700,0.0010981067282758716
3701,-0.07498526689066953
3702,-0.0426834190659584
3703,0.013797116250740031
3704,-0.03372320764382568
3705,0.03162537341543136
3706,-0.033275806286032945
3707,0.017613378131881248
3708,0.04043133050280354
3709,-0.05457779085949373
3710,0.08055885044660871
3711,-0.03811408739298119
3712,0.10615592772032989
3713,-0.049470313686502114
3714,0.05235271916483066
3715,-0.05202695198711928
3716,-0.003522986926423166
3717,0.03235143293346493
3718,0.0607298561487595
3719,-0.11106296818435041
3720,-0.022626649878098645
3721,0.004734054196832017
3722,0.01839657500567344
3723,-0.006916574677471851
3724,-0.12438206511755702
3725,-0.029286971186355884
3726,-0.006929887711090224
3727,-0.030495191491963863
3728,0.04116142356962747
3729,-0.11369033689631386
3730,0.05446891346699098
3731,0.006165617678800528
3732,0.00584739435590547
3733,0.0038521937229421058
3734,-0.033015916573234855
3735,-0.07498846747269355
3736,0.05330765286471645
3737,-0.0057651428799324125
3738,-0.053688017443425655
3739,0.012606870658602339
3740,0.02428265129401029
3741,-0.014724650434785453
3742,0.033918522558745265
3743,0.12316933719684203
3744,0.05521881536115175
3745,-0.06105383135833024
3746,0.1054162440874802
3747,-0.0036354104412123396
3748,-0.04134480067127872
3749,0.01339054464297531
3750,0.005499548703716387
3751,0.022908330211294424
3752,0.027051654385235498
3753,0.005920085169110155
3754,-0.020684148159342372
3755,0.04066777288196439
3756,0.013668237119104967
3757,0.00229200748015451
3758,-0.027433443944260227
3759,0.03801440032834614
3760,-0.005065878546819724
3761,-0.06509787994915192
3762,-0.005945192422328074
3763,0.07170013131768312
3764,0.03367070674660673
3765,0.06667443046448042
3766,-0.03650461666822607
3767,0.08007399899574494
3768,-0.11115270869723534
3769,-0.02099431386830016
3770,0.03857184856915526
3771,0.02867934249010088
3772,-0.040601109771222305
3773,-0.04441049110347833
3774,-0.01820191448446131
3775,0.06112253437830423
3776,0.050481973360076385
3777,0.016084997447212847
3778,0.04933215366791867
3779,-0.04844090954396481
3780,0.1143909891021199
3781,0.07738863207473597
3782,0.1067961627614714
3783,0.02288517157614499
3784,0.05602780203659148
3785,-0.014283095521007538
3786,0.001886504292753978
3787,0.0333968303240742
3788,-0.09672749538759903
3789,-0.01069146363346534
3790,0.01207516488170592
3791,0.046448349118596306
3792,-0.03963240872407425
3793,0.059207302182702884
3794,0.008164229119078735
3795,-0.07263240244232706
3796,0.05500930135942986
3797,-0.021880648261596043
3798,0.007811581943506779
3799,0.06207090287536757
3800,0.02746547064016895
3801,-9.410057981378284e-4
3802,0.09803968245871625
3803,0.010107231360543804
3804,0.0027439324671057128
3805,-0.13633785857915998
3806,-0.05208343187040138
3807,0.04805171798278249
3808,-0.04427589810561275
3809,-0.07218302788338302
3810,-0.03569158604640753
3811,0.018080129096752422
3812,0.06844942029519938
3813,-0.06221143575564875
3814,0.052562169082541216
3815,0.01919823954497031
3816,-0.018004102668125934
3817,-0.052993218179802175
3818,0.015054575173303164
3819,-0.004904171477662252
3820,-0.06272092015789155
3821,0.010383108532189506
3822,0.09340421218693495
3823,0.002789934696345652
3824,-0.15172087881979165
3825,-5.892044974006028e-4
3826,-0.04063672009377067
3827,0.07116214033832023
3828,0.06635739402183909
3829,-0.0017525313064676497
3830,-0.025095883251976925
3831,-0.0036992958404808273
3832,-0.026330797923186565
3833,0.015451840129988775
3834,-0.0038140602030028105
3835,0.010454146231100426
3836,-0.03340696404203218
3837,0.00983274410324576
3838,0.00469152300696383
3839,-0.01699892791926249
3840,0.04160004551096099
3841,0.10196123825122627
3842,0.01668396654913452
3843,-0.06060604925515879
3844,-0.04393723484578459
3845,0.015481338827917608
3846,0.04779501280754985
3847,0.02799632982515264
3848,-0.14474426063116452
3849,0.002892639074155507
3850,0.00597548029778657
3851,0.01481371218646139
3852,0.023588478402875087
3853,-0.01946093263828865
3854,0.06345129580229714
3855,-1.3097006080571919e-4
3856,-0.07138540138139168
3857,-0.005796443948259528
3858,0.035351022491755466
3859,0.05259180816741074
3860,0.11564684702895728
3861,-0.03573378692142975
3862,-0.12213869138931183
3863,-0.0778647722136899
3864,0.0078124733613567305
3865,0.20392782296892525
3866,-0.09016954878458841
3867,-0.03792690823353735
3868,0.09295165744520684
3869,0.09536243912945082
3870,0.025360511464958026
3871,-0.11617209262337347
3872,0.03083694554927726
3873,-0.018790733609555414
3874,-0.028290987045279808
3875,-0.07582696797985067
3876,-0.026623936701953087
3877,0.007533858791277203
3878,-0.03690597697856597
3879,-0.01808188656471718
3880,0.037643059441422565
3881,-0.005021070250315562
3882,-0.06091141460636538
3883,0.07511890146469402
3884,0.10824539080143006
3885,0.07509544196041747
3886,0.009228434423223393
3887,0.0031606433077900065
3888,0.04995644121534299
3889,-0.01962041624907137
3890,-0.09188757779808315
3891,0.06822253563641817
3892,0.052901636152171826
3893,0.0422357653697137
3894,-0.04275401073175976
3895,0.006391850065632258
3896,-0.02460220693765245
3897,-0.0325649304908937
3898,-0.0016688478545803694
3899,0.12488746662429322
3900,0.07847752624618816
3901,0.03360998673435098
3902,0.02632190088911338
3903,0.02076800292183637
3904,0.09614374467770936
3905,-0.04705077082401143
3906,0.053184687120758495
3907,-0.007852045491749752
3908,0.017901535293546933
3909,-0.02839670736266577
3910,-0.017560903504144194
3911,-0.023553602390326576
3912,0.09482676081522602
3913,0.10911032313470483
3914,-0.001425040309076647
3915,0.0848487264424279
3916,0.04298681126485057
3917,-0.054120434996990596
3918,-0.029056962648703992
3919,0.07478230399298288
3920,-0.0352982127906311
3921,-0.051409166438803874
3922,0.016183248903516217
3923,0.05344524855502979
3924,0.1230201254646536
3925,0.08211636878942238
3926,-0.057487051029973
3927,-0.11316409654154104
3928,0.05678463277815369
3929,-0.018667448591858316
3930,-0.04187349124691361
3931,0.06493956991574762
3932,-0.07961437623836697
3933,0.038308500128727226
3934,0.03733821110457965
3935,0.05963703954448327
3936,0.05161348802273224
3937,0.03294900956442265
3938,0.03470806669663399
3939,-0.04687965760034888
3940,0.03799345531238488
3941,0.03026875166455758
3942,0.015845142927456285
3943,0.013415457148790541
3944,-0.044998818322731074
3945,-0.05252597860366778
3946,0.017586443731284145
3947,0.09221566871224059
3948,0.007533161967278549
3949,-0.005586568823872425
3950,-0.08591811880082445
3951,-0.11687669954741764
3952,0.17135684493687572
3953,0.11851900303712723
3954,0.007445963943443813
3955,0.04105872717793611
3956,-0.023319202876984968
3957,0.07276245519445987
3958,0.05374194699052541
3959,-0.0330959388620735
3960,-0.017395195799062832
3961,-0.09410589377339443
3962,0.05558961760169612
3963,-0.02572550377822838
3964,-0.012303116952097393
3965,0.02254445692219783
3966,-0.11348732126748878
3967,0.02377816231187526
3968,-0.052177436496266494
3969,-0.09256895775625389
3970,0.10879859605759684
3971,-0.04886484211257084
3972,0.010874995223263084
3973,-0.03910389881912539
3974,0.04479056415145566
3975,-3.459001440634865e-6
3976,-0.014663013277971877
3977,0.006813969424365865
3978,-0.07775399543690117
3979,0.021241209414437027
3980,0.027722609337626332
3981,-0.05499945381306544
3982,0.04674888670468822
3983,-0.08510682992460998
3984,-0.00925460561731277
3985,0.0676209445597873
3986,-0.0027586339078787304
3987,0.07158959962160209
3988,-0.019529212037125744
3989,0.023236017312993924
3990,0.022694288192137764
3991,-0.01246076529483698
3992,0.006117170875790411
3993,-0.006768272013607152
3994,-0.015205444588418764
3995,-0.04829035535764223
3996,-0.04945479905742749
3997,0.021409856020404953
3998,0.0167152940448186
3999,-0.05047101478432636
4000,0.03778916764623817
4001,0.0015212029310150595
4002,-0.09551546641444905
4003,0.0272255733169803
4004,-0.07186455043192033
4005,0.048559051355886264
4006,0.050052217599546873
4007,0.02155647291918896
4008,0.06168363571955139
4009,-0.14440230413603908
4010,-0.003831293517197
4011,0.019219418012953987
4012,0.07847271642360856
4013,-0.04376917377353989
4014,-0.005998673361012819
4015,-0.032565032828460336
4016,-0.03687680033676237
4017,0.018976188977216507
4018,-0.009873185067827014
4019,0.06539362912255692
4020,-0.015376341999872579
4021,0.04349884226414757
4022,0.004670339535921476
4023,-0.051415469773522494
4024,0.03676021984046653
4025,0.0351355724252429
4026,0.06416157751189419
4027,-0.021795383244731032
4028,-0.05724887109684563
4029,-0.02975373077212942
4030,0.08093669164557549
4031,0.05950121269733958
4032,0.11002846268064337
4033,0.026265830441227538
4034,0.044228710405488016
4035,0.025845779067147863
4036,-0.019980787056902254
4037,-0.04962020898191551
4038,0.03937647432260301
4039,0.09662088706046547
4040,-0.020700685328571083
4041,-0.018590100822307994
4042,-0.015070913453213031
4043,-0.04134622903895964
4044,-0.031594313498712126
4045,-0.012719487915086355
4046,-0.05186131794981879
4047,0.0328904832417863
4048,-0.04358928294908462
4049,-8.910993030504105e-4
4050,-0.008433061701608367
4051,0.06182940687560277
4052,-0.003897012441249948
4053,0.12987331157442575
4054,-0.03403273464716777
4055,-0.016616478407558893
4056,0.011391831996924288
4057,-0.034677683038669416
4058,0.015743124373713148
4059,-0.021706511138722136
4060,0.026666202898585
4061,0.009427048492933958
4062,-0.04740037334279018
4063,-0.025719683737964346
4064,0.049126376257261836
4065,-0.0019873674004909914
4066,-0.07150143575911432
4067,-0.016713153789307964
4068,-0.051930425360441186
4069,-0.005996144879008578
4070,0.06082827893432575
4071,0.07469451082398562
4072,-0.009519036696660932
4073,-0.03019264411705978
4074,-0.1016977968011323
4075,0.03195715015254759
4076,-0.02970607819934184
4077,0.021766286896130284
4078,-0.005748102098774618
4079,0.20377166026611307
4080,-0.05255520253167093
4081,0.06621944406227895
4082,0.07760568363005486
4083,0.06161077704315283
4084,0.06357831232266159
4085,0.05495567218550787
4086,-0.04750279383729306
4087,-0.10255191923703175
4088,0.003381971219682013
4089,-0.050902667424646726
4090,-0.01214457660693059
4091,0.009295565416762892
4092,0.01271704016626381
4093,0.008071386366150802
4094,0.026267224752416295
4095,0.003714898675246658
4096,0.037431077177456876
4097,0.04110247996207367
4098,-0.018740504605268115
4099,-0.029192023200122458
4100,0.008556398908150274
4101,-0.07106334236162612
4102,-0.07118713813807717
4103,-0.01300615051769236
4104,-0.0532045764539225
4105,-0.03459566201004582
4106,0.021913666236620874
4107,0.06280774465666296
4108,-0.03545707200979515
4109,0.04056846619386962
4110,0.08343490720082777
4111,0.0032712175087429712
4112,0.11205099035191388
4113,-0.03293631160222264
4114,-0.1184689090409513
4115,0.07880514745429994
4116,-0.023791468627265146
4117,-0.0609578109744031
4118,0.06079336305663817
4119,0.011603060912841214
4120,0.1619034673107384
4121,0.04522530345089976
4122,-6.135050065767117e-4
4123,-0.09876269900153709
4124,0.014812382707918414
4125,0.040224204459165004
4126,0.08569987010856875
4127,-0.0281276837957214
4128,-0.01786638187309702
4129,-0.09238387367396275
4130,-0.008644867590422581
4131,0.022468452521933864
4132,-0.04058857224447775
4133,0.03336683215509732
4134,0.046867893837232055
4135,0.04553453841023786
4136,-0.06672788425527446
4137,-0.03690050601351366
4138,0.03317236978224009
4139,0.03653731565159521
4140,-0.06571482848312583
4141,-0.03382394565684818
4142,-0.04801736592663962
4143,0.014839296155299478
4144,-0.017292807004961167
4145,-0.004346102799189608
4146,-0.04284837150575474
4147,0.030705091460329008
4148,-0.023441895520593434
4149,0.058352338787916784
4150,-0.028935684496775672
4151,0.002119405126816974
4152,-0.06070829851241698
4153,0.06803712817189159
4154,-0.021870726587091507
4155,-0.07068798774410004
4156,-0.0013710051649233543
4157,-0.014891415484954582
4158,-0.020818052519472198
4159,-0.06531089769625709
4160,0.08992775655218169
4161,-0.018484366876708624
4162,-0.06529297016799832
4163,-0.05073159575095203
4164,-0.08016784563163197
4165,-0.021060076713728556
4166,0.005203013654106303
4167,0.17356045735383568
4168,0.027224380799687267
4169,0.020818065613533002
4170,0.076874304067505
4171,-0.071294286581039
4172,-0.08452395198506
4173,-0.017576246494590803
4174,-0.051803241826710596
4175,0.0031889183414194645
4176,-0.002499956978199557
4177,-0.017167294412938645
4178,0.08762037066248862
4179,0.060485739012405365
4180,-0.10873820544386875
4181,0.07869864870280047
4182,-0.008778528786756133
4183,0.011142734851144923
4184,0.081417630333573
4185,0.10160950591147899
4186,0.056484879022002485
4187,0.016288170060996407
4188,0.09343870053676316
4189,-0.16898708809908608
4190,-0.0303743549757748
4191,0.013980917282081989
4192,0.0058128748823894835
4193,0.021061324470556135
4194,0.07580135182885997
4195,-0.07367936426043498
4196,0.08051319119572908
4197,-0.0020457416095980415
4198,-0.005350922367352724
4199,-0.014259664599418253
4200,0.027874959775620524
4201,0.10653963458895047
4202,0.032164678346495425
4203,0.1279310367274561
4204,-0.14258981333229104
4205,-0.010017886134627493
4206,-0.012418674264304805
4207,-0.014153047170839449
4208,0.015079686484711557
4209,-0.04289909673220524
4210,-0.10276364419886055
4211,0.028845558841410126
4212,0.0019260662566825924
4213,-0.060772892624191735
4214,-0.12268572382791287
4215,0.012315874902912576
4216,0.06381605820981666
4217,1.4679821949917585e-4
4218,0.014751706404258783
4219,0.06829472223422635
4220,-0.011647776953846216
4221,-0.001363515614395086
4222,0.042824752671360156
4223,-0.044741423041358766
4224,0.03892129504550415
4225,-0.020382250782723148
4226,-4.928587881764604e-4
4227,0.0588427956478385
4228,-0.032458275448905186
4229,-0.02068253157834685
4230,-0.023325527000838744
4231,-0.07606510326608058
4232,-0.10233175238811494
4233,0.1741908524621027
4234,0.0853141877669613
4235,0.012688287615166237
4236,-0.09866192841266183
4237,0.12422402748237978
4238,0.034997775967938106
4239,0.06598410224273797
4240,-0.021046928636961754
4241,0.049307202819739354
4242,-0.03517028622870215
4243,0.03664544129928317
4244,-0.014106688703984871
4245,0.04118383763590783
4246,0.037806555184923735
4247,-0.013476678914679689
4248,-0.01704404691482797
4249,-0.13183698965832583
4250,0.022886662761136888
4251,-0.1075698677513006
4252,-0.09299005515029404
4253,-0.004427116017880529
4254,0.01039853294813984
4255,-0.023972249858995508
4256,-0.031733842011771325
4257,-0.08303409757925018
4258,0.0939822563070387
4259,-0.00313911294702811
4260,0.03412629808826759
4261,-0.004899048002453375
4262,0.06148735239030687
4263,0.006586921335056383
4264,0.04271978180520995
4265,0.03851483662203953
4266,0.021991413644703313
4267,-0.12291039216747797
4268,0.024996972790297584
4269,0.039672298573634204
4270,-0.024198376205859067
4271,0.0843819010899606
4272,-0.024216470916389263
4273,0.002310608734055128
4274,-0.019787594455031247
4275,0.011538472401733207
4276,0.059377523060685125
4277,-0.06838142514295976
4278,0.043465962415973426
4279,0.04343537228540356
4280,0.07436565786409696
4281,0.014616511607051184
4282,0.05742071404722563
4283,-0.0664743122462288
4284,0.0026689001095002163
4285,-0.026961976590561938
4286,-0.07919213856233853
4287,0.006242757723532423
4288,-0.015001565505034302
4289,0.085776662041682
4290,-0.031236509356196845
4291,0.015095737846872327
4292,-0.008646972152654222
4293,0.09056228356270635
4294,0.11920734669642015
4295,0.053480523925142874
4296,-0.05812260156798129
4297,0.0341909649763712
4298,0.003963237362597489
4299,-0.00653892652404621
4300,0.006081384015621916
4301,-0.039453814111941404
4302,-0.013074455597765315
4303,0.03160502845228667
4304,0.01991355373859399
4305,0.05664314371552611
4306,-0.04443299308031662
4307,-0.04303782099166535
4308,-0.0016728684504842516
4309,-0.0011419267773961003
4310,0.16712140806089112
4311,0.10086856398483068
4312,-0.02478139203152846
4313,0.0808191866150342
4314,0.02467995301716845
4315,-0.05505107143917909
4316,-0.06405636931374266
4317,0.008243249185332722
4318,0.025102518092702614
4319,0.013025325174715607
4320,0.03661355702651296
4321,-0.02316134824986061
4322,0.0042993703364134946
4323,-0.0016715218829726941
4324,-0.0373961478819525
4325,0.10619141067951937
4326,-0.058036508254319996
4327,0.005007833314186961
4328,0.08175867556621833
4329,7.691679936560475e-4
4330,0.01062683221066723
4331,-0.011212576474733116
4332,0.021135304848674992
4333,5.855751686588721e-4
4334,0.046824111805401566
4335,-0.010818350340332662
4336,-0.0823363642117719
4337,0.03706040366523634
4338,0.025833412913554503
4339,0.024796810086070206
4340,-0.009085062724570901
4341,-0.004307174866569103
4342,-0.020005718751819113
4343,0.0397834355945734
4344,0.06515167372789482
4345,-0.14339276735143036
4346,0.06760093053191893
4347,-0.0509772173336622
4348,-0.08915922568734422
4349,-0.004829821465213421
4350,0.023449015996071583
4351,0.031785814959506185
4352,0.0160923936021471
4353,0.016220188688583468
4354,-0.028107970620245407
4355,-0.031134844093952084
4356,0.04596901660573689
4357,0.0023379536899701507
4358,0.07491737957997634
4359,0.008547934071893675
4360,0.0011799338644625425
4361,0.05634796439126506
4362,0.0687492100620899
4363,-0.03545029183824444
4364,0.043417850287369435
4365,-0.0052027940803284975
4366,-0.02164394052047773
4367,0.006139106304495615
4368,0.002858128077934615
4369,0.03208436606645446
4370,9.928586402427556e-4
4371,0.05406883277260405
4372,0.04202394652902496
4373,-0.002249299725912292
4374,0.062100657645584506
4375,-0.1117578926638859
4376,-0.013212701769248839
4377,-0.00514894489111143
4378,0.021167794457619203
4379,0.02442804512196391
4380,0.058555172378526935
4381,-0.022920582909934602
4382,-0.08493099542693416
4383,0.024450231299347928
4384,-0.049778766763718944
4385,0.07796889862835502
4386,0.046121994551116825
4387,0.045795321425774374
4388,-0.06334123195530247
4389,-0.05051810362759924
4390,0.004231446674602455
4391,-0.09733135072351475
4392,0.07068679024228385
4393,-0.005544707539959829
4394,0.10656686285070216
4395,-0.006314838140233038
4396,0.038701642967277836
4397,0.022473266396498465
4398,0.040661209621429675
4399,0.010130033229675473
4400,-0.033329139000988245
4401,0.018671487014821797
4402,-0.00456191096146873
4403,0.005558676583567616
4404,0.04257424004304036
4405,0.06611868944348523
4406,0.03914810991864556
4407,-0.02948098514477602
4408,0.060733495141483934
4409,0.05624368149400075
4410,-0.06446324891960338
4411,0.01894019546597582
4412,-0.04691525740945033
4413,-0.011522556431180976
4414,-0.0729828300478525
4415,-0.03129431946309664
4416,-0.013441047182705572
4417,0.021885238280494674
4418,0.0015938355555180465
4419,-0.023491935260627202
4420,-0.22492279703359613
4421,0.03630874169341247
4422,0.04008537971226106
4423,-0.07122182592913168
4424,-0.08030586299556561
4425,-0.030670852577258947
4426,0.026610355767178115
4427,0.10369820284052483
4428,-0.030069492979186648
4429,-0.09476463427525013
4430,-0.021025404121064142
4431,-0.028391777625433833
4432,-0.01369995102640453
4433,0.01116704198048318
4434,-0.020164819541145983
4435,0.05193084064179743
4436,-0.045331929814863836
4437,-0.022494934659643594
4438,0.02688977726257745
4439,-0.04364562666128759
4440,-0.04250215981983897
4441,-0.04237705493412684
4442,-0.04433557380885639
4443,-0.022387941412506957
4444,0.06447845774847684
4445,0.03401159985247545
4446,0.11531179761309773
4447,-0.0014033669175424527
4448,-0.04720380386866335
4449,0.003074736390054452
4450,-0.017932432080694567
4451,0.004347790548572164
4452,0.06010670974335139
4453,-4.923011109172551e-4
4454,0.044347825823053
4455,0.011528115610274128
4456,0.012465082355795213
4457,-0.013911885817832887
4458,-0.02188058432315987
4459,0.08164682510227703
4460,0.07610842139879463
4461,0.030384501986245982
4462,-0.14149377960202653
4463,0.035315240521576065
4464,-0.05697941282553617
4465,-0.06115245254005997
4466,-0.054970084106417086
4467,-0.02412653307455445
4468,0.032273149600406406
4469,0.028639477491423083
4470,-0.05921798572126297
4471,-0.013799118960567562
4472,0.02116167025129312
4473,0.10365152631926426
4474,0.06083325965697436
4475,0.07557987037026509
4476,-0.025357796394375708
4477,-0.07381434560472208
4478,-0.028034327632273204
4479,0.10593226680198282
4480,-0.02054440537253984
4481,0.10412362859345113
4482,0.032478270440239154
4483,-0.044586747436678925
4484,-0.047997697096913546
4485,0.01399727959911303
4486,0.027285861248495254
4487,0.0744025171099025
4488,0.007643612688086929
4489,0.06154372017483299
4490,0.02671155831115752
4491,-0.04069324173383563
4492,0.012296935850606157
4493,-0.014367410457025194
4494,-0.02680704364933472
4495,-0.014685678827265295
4496,-0.03811082206419319
4497,0.030392379941864056
4498,0.11894723943201248
4499,-0.009678238199033445
4500,0.0023346842839078764
4501,-0.02315976774737463
4502,0.05563212992105797
4503,-0.045232514961176834
4504,-0.04956354488260165
4505,-0.12177447504058868
4506,0.06340849038110002
4507,0.07342693833445843
4508,-0.01768953018012713
4509,-0.056626438111157015
4510,0.07112790855679481
4511,0.04029683629515736
4512,0.06926184362371673
4513,0.05060831953278437
4514,0.021962991536594267
4515,0.03176297358039999
4516,-0.016225711045048795
4517,-0.02188513566350048
4518,0.052088160265910316
4519,-0.08401320003195105
4520,-0.024185056756254576
4521,-0.0074765155192827015
4522,0.03779728930601387
4523,-0.04006485879526465
4524,-0.024270405188978175
4525,-0.015906993313360755
4526,0.029242978088861067
4527,-0.03751729308720862
4528,0.013911044666041313
4529,-0.01966344275225326
4530,-0.020844791580083316
4531,0.0571611620625025
4532,0.12375689797240932
4533,0.10212252369983019
4534,-0.07528813208233286
4535,0.017029684849007527
4536,0.06295367198991193
4537,-0.009801089376132475
4538,-0.010233725912196116
4539,-0.025963701098246583
4540,0.010285224048449877
4541,-0.08403715668414218
4542,0.1056677365396335
4543,-0.028635586367052684
4544,0.09482194900057969
4545,0.004986739531679121
4546,-0.00854958393037469
4547,-0.056067045434944535
4548,-0.009623707820576484
4549,0.006623343609337945
4550,0.013809028648786767
4551,0.01626530155299975
4552,0.022776778763507265
4553,-0.01815691389802653
4554,0.012705955670042793
4555,0.09742687020057801
4556,0.012550584248163358
4557,-0.03528209893415756
4558,-0.12127751115677024
4559,-0.015934642462254855
4560,-0.09631871506381863
4561,-0.0349922374256434
4562,-0.07443060985778514
4563,0.04032667798455968
4564,-0.011851012902095132
4565,-2.1491077851516034e-4
4566,-0.018770834240952293
4567,-0.0324678735458903
4568,-0.012186464452992717
4569,0.03309053625213936
4570,0.10043439767069756
4571,0.02629581824654024
4572,0.04480689672096014
4573,-0.09317603844788847
4574,0.009425527205611298
4575,0.019962661582794063
4576,-0.0281185531964355
4577,-0.0776976931739258
4578,0.09998378701325164
4579,0.030093183749703326
4580,-0.10950483650085173
4581,0.04108119715312711
4582,-0.03236476500785293
4583,-0.004297571286677096
4584,-0.06323234782593713
4585,0.03083383570319094
4586,1.3070200044802e-4
4587,-0.09882623975646776
4588,7.690434943604246e-4
4589,-0.03593209670375195
4590,0.014364646071448453
4591,9.286661559930465e-5
4592,-0.004635169009008974
4593,-0.017050357299933924
4594,0.08074805045288337
4595,0.09115068874585341
4596,-0.01543701067781838
4597,-0.022771244817222265
4598,0.02778580406034014
4599,-0.07949605583604
4600,0.054025771787698795
4601,0.08391933918365772
4602,0.013188626529980341
4603,-0.019115574198886685
4604,0.05032744774617612
4605,0.011251059634900945
4606,0.007186240721720968
4607,0.04682760320912409
4608,-0.006662068963280627
4609,0.039425748242443485
4610,-0.0017323119649582282
4611,-0.030713751487156292
4612,-0.003538111190192759
4613,0.04012385670954289
4614,-0.05468056396842717
4615,0.004379598402430207
4616,0.04726965370437715
4617,0.07760766706788566
4618,0.047465989610780454
4619,-0.05257888379765556
4620,0.029900698924056602
4621,-0.06500538573434486
4622,0.05099918915100243
4623,0.020341522665458897
4624,-0.11755703782824287
4625,0.03800217913132369
4626,0.06193863911308467
4627,-0.07156653574760476
4628,0.018663518279483975
4629,-0.032573812467934796
4630,-0.0837073086606016
4631,0.01969409388054076
4632,-0.04360608603240687
4633,-0.032794011449989106
4634,0.09240513158311067
4635,0.02743692911389403
4636,0.0216410618715323
4637,-0.06571333671571461
4638,0.08955936857701044
4639,0.10067612637642356
4640,-0.006488369141702829
4641,0.009092078080561155
4642,0.10093661548243064
4643,0.03135167038010851
4644,-0.10251381592678774
4645,-0.06132651232687808
4646,-0.03955080925928172
4647,-0.08032306269812635
4648,0.0590262981848187
4649,-0.06497667332077557
4650,-0.03346476578928347
4651,-0.007728131459639293
4652,0.07992655831820758
4653,-0.10931208193329667
4654,-0.009722524000343132
4655,-0.04939031769971567
4656,0.02292775474766935
4657,-0.008866632022409521
4658,0.028642979353309707
4659,0.08178049465099499
4660,0.05346255697016807
4661,-0.009920998050140017
4662,-0.05004728801629449
4663,0.015862762041330192
4664,0.037680906776920056
4665,-0.022677112565265865
4666,0.03696362856798756
4667,0.010025257709463373
4668,-0.026882624326292567
4669,0.005248231056257373
4670,-0.10651003296454878
4671,-0.05947943366972395
4672,0.02465889851949491
4673,0.129671039448145
4674,-0.1194845419388123
4675,0.04138606592846024
4676,-0.09140594212298697
4677,-0.019956227226691468
4678,-0.012219765687200356
4679,0.14075135715611697
4680,0.08420544685513989
4681,0.132969932952988
4682,-0.01703213747405449
4683,0.06276571303907358
4684,0.014239242680547711
4685,-0.0432672802642215
4686,0.01813569506084916
4687,-0.004739228691857794
4688,0.0031980236769862044
4689,0.04269144526783857
4690,-0.04137072144101327
4691,-0.07453047156996256
4692,0.04013625876232452
4693,0.062168450799772554
4694,0.07537739636461409
4695,-0.018560576702918195
4696,-0.03938924949912909
4697,0.02532239577913255
4698,0.021497100744065117
4699,0.06794179350813943
4700,-0.01569421236130554
4701,0.02495059271024329
4702,0.03824945567080287
4703,-0.0680240780889659
4704,-0.05931853215373225
4705,0.08611402055157302
4706,-0.08430883563408066
4707,6.900003120838757e-4
4708,0.005308238164497074
4709,0.029852070113523595
4710,-0.012093765233815647
4711,0.036825653802359054
4712,0.1195127646622731
4713,0.10036710349034651
4714,0.0650328434543523
4715,0.03816973160791663
4716,0.07436204225109427
4717,0.03487391531374299
4718,0.07556301901670034
4719,-0.057160750686252204
4720,0.08684078318286899
4721,0.04762443023662613
4722,0.008063275478570303
4723,0.01132258193902403
4724,-0.003236975192935511
4725,-0.024987677208383748
4726,0.046115307762312374
4727,0.02633393653631038
4728,0.0013347761397040532
4729,-0.048674602767341126
4730,0.11913835434779327
4731,-0.06728818098958778
4732,0.003546962901636396
4733,-0.00677047043592327
4734,-0.03895181116641666
4735,-0.013161202804838732
4736,-0.027212873168111468
4737,0.00168133662202425
4738,0.013773380630861198
4739,0.10221826008144667
4740,-0.009277529927246782
4741,-0.011334780764530188
4742,0.005574001828076311
4743,0.01897226541726044
4744,-0.04440249415174563
4745,0.03690316699042798
4746,0.05708142799449854
4747,-0.05930575040467974
4748,0.013038373473858944
4749,-0.08108515678966062
4750,-0.058796307501854765
4751,0.02817178091465606
4752,0.020872973814375053
4753,-0.06069267197740513
4754,-0.0014300364142196612
4755,0.04556047610718064
4756,-0.08710432629335882
4757,-0.03132130024330572
4758,0.07024795979356786
4759,0.021003005914694745
4760,-0.060913733397454234
4761,-0.1264263784280069
4762,0.0856513826017984
4763,0.011745477960167942
4764,-0.09650934964089
4765,-0.06388735992666472
4766,-0.05363799605416881
4767,-0.0428144280374297
4768,-0.02712189930125703
4769,0.0203623957406873
4770,-0.0957317145324578
4771,0.006508454202081033
4772,-0.09874545705874872
4773,-0.01875937337060563
4774,0.021439403315831843
4775,-0.019012401193521093
4776,-0.14698220347979363
4777,0.055697295197474975
4778,0.007545865841107849
4779,0.03081210728960227
4780,0.028530803396377008
4781,0.009217789934189664
4782,0.008875281748680477
4783,0.039951075494699756
4784,-0.0931671467622126
4785,-0.021273020100068093
4786,0.023303926210145126
4787,0.021755619005535878
4788,0.07213989134675305
4789,-0.010624277613267352
4790,0.037753321586427975
4791,-0.025972175263876345
4792,0.09330406064417163
4793,0.008379645617532216
4794,-0.013922101675098799
4795,0.024633474314519562
4796,0.010205304138220052
4797,-0.08828027197818308
4798,0.09326832149209269
4799,0.0038020242943897792
4800,0.011362264727424073
4801,-0.05076440755126273
4802,0.037441087482794184
4803,0.05848308519076743
4804,0.08631205175089397
4805,0.042335185150733805
4806,0.034731503613685516
4807,-0.019334021390802678
4808,0.05730421865599202
4809,0.0507623607539672
4810,0.08615165035420491
4811,-0.002397473187825943
4812,-0.0651553863763571
4813,-0.022675845859486392
4814,0.059758171442253386
4815,-0.018890149088612078
4816,0.009615449499151453
4817,0.06586094899028551
4818,-0.06282372514614673
4819,-0.03814884754220718
4820,0.00560419205195097
4821,-0.0861123434622645
4822,0.011421160496400556
4823,0.05110673526285818
4824,0.02415508774491023
4825,-0.036654782850548316
4826,0.10004688884077129
4827,-0.04780755998933685
4828,0.015077407698846496
4829,0.06626797887263679
4830,0.06664724629577379
4831,0.035463444636233146
4832,7.886351647123958e-4
4833,-0.00345401154051906
4834,-0.016892962721046272
4835,-0.025830702759007052
4836,0.04320041426986942
4837,0.0010510005414314065
4838,-0.023871718636009225
4839,0.01344089723457631
4840,0.07047255418111603
4841,0.014910005865379565
4842,-0.03609992891217755
4843,0.00864026816824458
4844,0.011330576966202585
4845,-0.0690868365732657
4846,0.014033688590842397
4847,0.05374186423591194
4848,-0.06607011405059693
4849,0.0384807862994301
4850,0.008088880200703485
4851,-0.12304206505551027
4852,0.0050089079691728045
4853,0.01890845332610799
4854,-0.04002672813327054
4855,-0.023498116890849453
4856,0.041534280447730554
4857,0.13151181072409837
4858,-0.09495364925569752
4859,-0.033870447143834304
4860,0.03449668259047021
4861,-0.04257952892274078
4862,-0.04639086820690397
4863,0.027719933838385055
4864,0.04816356104880995
4865,-0.022795721673818953
4866,-0.02606242712818652
4867,0.031210056982175174
4868,-0.05236794473773541
4869,0.025747107411118325
4870,0.0328620533834872
4871,-0.05388462322349532
4872,-0.040822855096627836
4873,0.058730865771303056
4874,0.0205085064001702
4875,-0.03552720706938139
4876,0.042261975082371527
4877,-0.0027842090797108292
4878,0.03924934915840801
4879,0.039549777433629724
4880,0.004618017981489288
4881,0.04255063700474522
4882,-0.020777443690274698
4883,0.012019894366817182
4884,-0.03175677561603476
4885,-0.062227889980181646
4886,-0.025631746490475983
4887,-0.02039894797165533
4888,0.009918025590472645
4889,0.02817615839452456
4890,-0.046204245186412814
4891,0.07957096314548398
4892,-0.01835510133439624
4893,0.036165030629664315
4894,-0.023452507798181543
4895,0.07681720847843924
4896,0.08083532762768142
4897,0.017108764365190834
4898,0.055084301304300066
4899,0.002808375753026183
4900,0.08325197939316073
4901,0.06589329995552962
4902,0.026095129624797604
4903,-0.0504247659345146
4904,0.023406308115296835
4905,-0.06728459058540566
4906,0.009405226490336852
4907,-0.05392691606751043
4908,0.06987086821130935
4909,-0.042670934933405756
4910,-0.035323033739361284
4911,0.04852944725645446
4912,0.030171844076635045
4913,0.04933294686536389
4914,0.004182302507921138
4915,0.046973412497963205
4916,0.0373250119708275
4917,-0.009512741281296495
4918,6.23817917537732e-4
4919,0.044088288119365326
4920,-0.026675818931987033
4921,-0.04393877866909521
4922,-0.027229827412544247
4923,-0.09600728566355778
4924,-0.0451740373771086
4925,-0.05723886868711495
4926,-0.06137816791196443
4927,-0.08413521381718944
4928,0.026726520397804807
4929,-0.048103454140351914
4930,0.06906617587475865
4931,-0.050323355136766626
4932,0.08874036841373906
4933,0.08626446066813365
4934,0.040149823321439605
4935,-0.03356086052884175
4936,0.08034046906842439
4937,-0.0032632737203171364
4938,0.05005138059022516
4939,0.02838494149811394
4940,-0.037134958198500316
4941,-0.01621448139843743
4942,-0.01704184125599265
4943,-0.0280755074339012
4944,0.061728920605090054
4945,0.0408930655439483
4946,-0.02569207927711671
4947,-9.83706476158707e-4
4948,-0.00980144868878689
4949,-0.06000119436008362
4950,0.00484935572655471
4951,0.05845980018154295
4952,-0.018095843922109597
4953,0.0055672918324443585
4954,0.04154838441019121
4955,0.002268946497284567
4956,-0.007135525219002389
4957,0.04135457672845393
4958,-0.03289331177920652
4959,0.05382411590659596
4960,-0.014180141611577927
4961,0.04572236602451168
4962,0.02367279264468175
4963,-0.057961188465741026
4964,-0.007293231088876584
4965,0.006867688151830186
4966,-0.060159039064454606
4967,0.02403251138900648
4968,-0.07114726733182958
4969,-0.03368124369587166
4970,0.07755554182075036
4971,0.05722637850684664
4972,0.06758507566136304
4973,-0.031507135565997005
4974,0.001875353797269273
4975,0.023795249300986088
4976,0.02802157753712954
4977,-0.0740707666301019
4978,-0.03165871663022128
4979,0.032356200039905296
4980,0.06745731484459437
4981,0.06987262638952285
4982,0.0477349398467594
4983,0.12735845458148298
4984,-0.04365370765962177
4985,-0.10872936273818715
4986,-0.02555353233906977
4987,-0.06648085889576076
4988,-0.004205454124014768
4989,0.03954534854860921
4990,0.03216520207404194
4991,0.004867869359736305
4992,-0.03865461804356187
4993,0.10087164076386047
4994,-0.0167792807633654
4995,0.03284900542750778
4996,0.06354334060797774
4997,0.012503152419051049
4998,-0.044855686601977744
4999,0.04969479513867601
5000,-0.09921238528055186
